"from_id","to_id","dist_2018","dist_2020","dist_2022","change_pct"
"1","1",1666,1727,1727,0.0366146458583433
"2","2",2668,2675,2673,0.00187406296851574
"3","3",2855,2985,2985,0.0455341506129597
"4","4",4159,4160,4160,0.000240442414041837
"15067","15067",4159,4160,4160,0.000240442414041837
"5","5",1609,1568,1566,-0.0267246737103791
"6","6",1859,1859,1753,-0.0570199031737493
"16243","16243",1859,1859,1753,-0.0570199031737493
"7","7",5376,5375,5377,0.000186011904761905
"8","8",3486,1534,1422,-0.592082616179002
"9","9",3251,3218,3210,-0.0126115041525684
"10","10",2370,2362,2362,-0.00337552742616034
"11","11",1490,1490,1496,0.00402684563758389
"12","12",3212,3205,3204,-0.0024906600249066
"13","13",11608,11470,11470,-0.0118883528600965
"14","14",2522,2715,2672,0.0594766058683584
"130","130",2522,2715,2672,0.0594766058683584
"15","15",3764,2990,2990,-0.205632306057386
"16","16",4170,3081,5894,0.413429256594724
"17","17",6496,6495,6488,-0.00123152709359606
"7432","7432",6496,6495,6488,-0.00123152709359606
"18","18",4254,3109,3104,-0.270333803479079
"19","19",2307,2307,2308,0.000433463372345037
"20","20",8344,7759,7778,-0.0678331735378715
"21","21",6759,6547,6347,-0.060955762686788
"22","22",1757,1757,1756,-0.000569151963574274
"12534","12534",1757,1757,1756,-0.000569151963574274
"23","23",6401,6420,6334,-0.0104671145133573
"24","24",4544,4118,4118,-0.09375
"25","25",3329,2707,2704,-0.187744067287474
"26","26",3834,3811,3807,-0.00704225352112676
"27","27",643,643,468,-0.272161741835148
"28","28",3284,3294,3275,-0.00274056029232643
"29","29",2419,2246,2447,0.0115750310045473
"30","30",4739,4739,4691,-0.0101287191390589
"31","31",4327,4327,4328,0.000231107002542177
"32","32",7063,7240,16348,1.31459719665864
"13022","13022",7063,7240,16348,1.31459719665864
"33","33",8668,8583,8505,-0.0188047992616521
"34","34",959,959,1372,0.430656934306569
"35","35",2035,2035,2037,0.000982800982800983
"36","36",2699,2731,2737,0.0140792886254168
"37","37",1337,1337,1337,0
"38","38",2568,2367,2367,-0.0782710280373832
"39","39",2217,2217,2864,0.291835814163284
"40","40",1940,1938,1628,-0.160824742268041
"41","41",3213,3219,3182,-0.00964830376595082
"12674","12674",3213,3219,3182,-0.00964830376595082
"15297","15297",3213,3219,3182,-0.00964830376595082
"42","42",2410,2410,1603,-0.334854771784232
"7675","7675",2410,2410,1603,-0.334854771784232
"18844","18844",2410,2410,1603,-0.334854771784232
"43","43",2396,2396,2403,0.00292153589315526
"44","44",2439,2443,2455,0.00656006560065601
"45","45",6531,3822,3822,-0.414790996784566
"46","46",1589,1464,1464,-0.078665827564506
"11200","11200",1589,1464,1464,-0.078665827564506
"47","47",1706,1786,1790,0.0492379835873388
"48","48",6624,6602,6631,0.00105676328502415
"49","49",5893,5743,4954,-0.159341591718989
"50","50",3464,3412,3412,-0.0150115473441109
"51","51",7156,7155,7324,0.0234768026830632
"52","52",4359,4359,4365,0.00137646249139711
"53","53",8105,8095,9124,0.125724861196792
"54","54",3390,3445,3446,0.0165191740412979
"55","55",3129,3129,3327,0.0632790028763183
"56","56",2890,2890,2891,0.000346020761245675
"57","57",18736,16795,16956,-0.0950042698548249
"58","58",5542,5542,5542,0
"59","59",3306,3353,3415,0.0329703569267998
"60","60",1622,1622,1693,0.0437731196054254
"6697","6697",1622,1622,1693,0.0437731196054254
"61","61",5022,4932,4821,-0.0400238948626045
"62","62",2036,2036,1934,-0.050098231827112
"63","63",3165,3003,3004,-0.05086887835703
"1255","1255",3165,3003,3004,-0.05086887835703
"11738","11738",3165,3003,3004,-0.05086887835703
"64","64",4215,4215,4225,0.00237247924080664
"15420","15420",4215,4215,4225,0.00237247924080664
"65","65",2674,2674,2674,0
"6592","6592",2674,2674,2674,0
"66","66",4877,5588,4609,-0.0549518146401476
"67","67",2294,2294,2259,-0.0152571926765475
"68","68",3219,3219,3225,0.00186393289841566
"69","69",2450,2503,2473,0.00938775510204082
"70","70",3820,3820,3819,-0.000261780104712042
"71","71",9416,9410,8643,-0.0820943075615973
"72","72",2415,2415,2323,-0.0380952380952381
"73","73",8233,4838,4838,-0.412364873071784
"74","74",2174,2174,2398,0.103035878564857
"14969","14969",2174,2174,2398,0.103035878564857
"75","75",1573,1199,1271,-0.191989828353465
"76","76",5517,4939,5209,-0.0558274424506072
"77","77",5465,6119,6149,0.12516010978957
"78","78",5770,4236,4242,-0.264818024263432
"79","79",1744,1744,1734,-0.00573394495412844
"80","80",5420,5420,5420,0
"81","81",6219,6219,6449,0.0369834378517447
"82","82",2292,2298,1953,-0.147905759162304
"83","83",2929,2929,2929,0
"84","84",4844,4845,4847,0.000619322873658134
"85","85",1765,1819,1819,0.0305949008498584
"86","86",2456,2456,2457,0.000407166123778502
"6641","6641",2456,2456,2457,0.000407166123778502
"87","87",1215,1264,1263,0.0395061728395062
"88","88",1561,1561,1557,-0.0025624599615631
"18121","18121",1561,1561,1557,-0.0025624599615631
"89","89",3774,3751,2476,-0.343932167461579
"1253","1253",3774,3751,2476,-0.343932167461579
"90","90",2544,2542,2545,0.000393081761006289
"91","91",1223,1301,1301,0.0637775960752249
"92","92",9467,9248,9298,-0.0178514841026724
"93","93",2589,2589,2589,0
"94","94",3441,3441,3424,-0.004940424295263
"95","95",2810,2809,2809,-0.000355871886120996
"96","96",2711,2716,2716,0.00184433788270011
"97","97",1645,1494,1494,-0.0917933130699088
"98","98",2728,3967,3957,0.450513196480938
"99","99",3748,2469,2461,-0.343383137673426
"100","100",2902,2503,2784,-0.0406616126809097
"101","101",8211,8214,7716,-0.0602849835586408
"102","102",3778,3778,3772,-0.00158814187400741
"103","103",4385,4383,4389,0.000912200684150513
"14163","14163",4385,4383,4389,0.000912200684150513
"104","104",3586,4232,4232,0.180145008365867
"5262","5262",3586,4232,4232,0.180145008365867
"105","105",1729,1729,1736,0.00404858299595142
"106","106",2593,2593,2607,0.00539915156189742
"107","107",1575,1575,1597,0.013968253968254
"108","108",3916,3916,3929,0.0033197139938713
"109","109",5951,5950,5580,-0.0623424634515208
"110","110",6059,6059,6118,0.00973758045882159
"111","111",2731,1244,1244,-0.544489198095936
"112","112",1647,1656,1652,0.00303582270795386
"113","113",3632,3441,3586,-0.0126651982378855
"114","114",6729,6729,6731,0.000297220983801456
"115","115",8743,8641,8162,-0.066453162530024
"116","116",2321,3385,3934,0.694959069366652
"117","117",4507,4507,4456,-0.0113157310849789
"118","118",6339,6391,6299,-0.00631014355576589
"119","119",2212,2210,2257,0.0203435804701627
"120","120",2607,2607,2610,0.00115074798619102
"121","121",1841,1842,1842,0.000543183052688756
"6913","6913",1841,1842,1842,0.000543183052688756
"122","122",6373,5151,5093,-0.200847324650871
"123","123",9673,9673,9529,-0.0148867983045591
"124","124",2825,2513,2516,-0.109380530973451
"1803","1803",2825,2513,2516,-0.109380530973451
"125","125",1955,1955,1956,0.00051150895140665
"13491","13491",1955,1955,1956,0.00051150895140665
"126","126",8038,8104,8104,0.00821099776063697
"127","127",3411,3268,3240,-0.050131926121372
"128","128",7564,7672,7674,0.0145425700687467
"6090","6090",7564,7672,7674,0.0145425700687467
"129","129",2398,2398,2398,0
"14938","14938",2398,2398,2398,0
"131","131",5643,5630,5868,0.0398724082934609
"132","132",5114,5392,5480,0.0715682440359797
"133","133",1578,1578,1374,-0.129277566539924
"134","134",3522,3539,3550,0.00795002839295855
"135","135",6292,6277,6338,0.00731087094723458
"17321","17321",6292,6277,6338,0.00731087094723458
"136","136",2082,2092,1987,-0.0456292026897214
"137","137",3081,1245,2390,-0.224277831872769
"3952","3952",3081,1245,2390,-0.224277831872769
"138","138",1726,1524,1525,-0.116454229432213
"139","139",1568,1570,1570,0.00127551020408163
"140","140",3757,3758,4034,0.073729039126963
"141","141",7187,7187,3994,-0.444274384304995
"142","142",1225,1504,1397,0.140408163265306
"18414","18414",1225,1504,1397,0.140408163265306
"143","143",2411,2445,2445,0.0141020323517213
"144","144",1572,1570,1573,0.000636132315521629
"145","145",3715,3868,4949,0.332166890982503
"146","146",3586,3586,3479,-0.0298382598996096
"147","147",2562,2432,2317,-0.0956284153005464
"148","148",1686,1677,1677,-0.00533807829181495
"149","149",8654,7294,7529,-0.129997688929975
"150","150",1830,1830,1830,0
"151","151",3048,2208,2208,-0.275590551181102
"152","152",4478,4478,4478,0
"153","153",2585,2466,2466,-0.0460348162475822
"154","154",1371,1369,1361,-0.00729394602479942
"155","155",6819,6819,6774,-0.0065992080950286
"156","156",4800,4740,4725,-0.015625
"157","157",5087,5071,5053,-0.00668370355808925
"158","158",5251,5251,5309,0.0110455151399733
"159","159",3506,2031,2030,-0.420992584141472
"160","160",3991,3638,3814,-0.0443497870207968
"161","161",7992,8137,8110,0.0147647647647648
"162","162",5239,5235,5237,-0.000381752242794426
"163","163",6012,5892,7321,0.21773120425815
"164","164",3060,3053,3110,0.0163398692810458
"165","165",2850,3191,3192,0.12
"166","166",3786,3831,3793,0.00184891706286318
"167","167",2978,2978,3157,0.0601074546675621
"168","168",12368,12288,12354,-0.00113195342820181
"169","169",1248,1236,1235,-0.0104166666666667
"12580","12580",1248,1236,1235,-0.0104166666666667
"14752","14752",1248,1236,1235,-0.0104166666666667
"18182","18182",1248,1236,1235,-0.0104166666666667
"170","170",1092,1092,1154,0.0567765567765568
"171","171",3941,3941,5751,0.459274295863994
"172","172",3199,2587,2578,-0.19412316348859
"7828","7828",3199,2587,2578,-0.19412316348859
"173","173",2896,2898,2583,-0.108080110497238
"174","174",1960,2050,2063,0.0525510204081633
"175","175",3577,3853,3783,0.0575901593514118
"176","176",6435,6379,6295,-0.0217560217560218
"16483","16483",6435,6379,6295,-0.0217560217560218
"177","177",3360,3360,3361,0.000297619047619048
"178","178",5667,5585,5510,-0.0277042526910182
"179","179",3199,3307,3398,0.0622069396686465
"180","180",4762,4666,4624,-0.0289794204115918
"181","181",6236,6217,5817,-0.0671905067350866
"17835","17835",6236,6217,5817,-0.0671905067350866
"182","182",3496,3496,3319,-0.050629290617849
"183","183",2006,2070,2033,0.0134596211365902
"12141","12141",2006,2070,2033,0.0134596211365902
"184","184",5740,5126,5125,-0.107142857142857
"5647","5647",5740,5126,5125,-0.107142857142857
"185","185",4343,4356,4356,0.00299332258807276
"186","186",2366,2384,2260,-0.0448013524936602
"187","187",4491,4690,4688,0.0438655087953685
"188","188",3159,3159,3159,0
"189","189",3475,3475,3473,-0.000575539568345324
"190","190",1566,1566,1881,0.201149425287356
"191","191",17971,17735,18065,0.00523064937955595
"192","192",3777,3777,3777,0
"193","193",3706,3800,4134,0.11548839719374
"194","194",2919,2705,2705,-0.0733127783487496
"195","195",1641,1643,1650,0.00548446069469835
"196","196",2681,2680,2504,-0.0660201417381574
"197","197",3291,3291,3291,0
"198","198",1501,1456,1456,-0.0299800133244504
"199","199",7902,7498,7490,-0.0521386990635282
"200","200",9176,9184,9131,-0.00490409764603313
"201","201",1700,1681,1681,-0.0111764705882353
"202","202",5253,5285,5285,0.00609175709118599
"203","203",3474,3359,3369,-0.0302245250431779
"204","204",9537,9582,9795,0.0270525322428437
"205","205",1949,2108,1957,0.00410466906105695
"4658","4658",1949,2108,1957,0.00410466906105695
"206","206",1789,1786,1735,-0.0301844605925098
"207","207",1691,1691,1811,0.0709639266706091
"7272","7272",1691,1691,1811,0.0709639266706091
"10191","10191",1691,1691,1811,0.0709639266706091
"208","208",4582,4625,4600,0.00392841553906591
"209","209",3507,3507,3512,0.00142571998859424
"210","210",7765,7628,7725,-0.0051513200257566
"8844","8844",7765,7628,7725,-0.0051513200257566
"211","211",7589,6522,6234,-0.178547898273817
"212","212",2360,2360,2357,-0.00127118644067797
"213","213",9195,6857,7193,-0.217727025557368
"214","214",1590,1324,1321,-0.169182389937107
"215","215",7317,7333,7336,0.002596692633593
"216","216",4384,4641,4641,0.0586222627737226
"217","217",3497,3498,3291,-0.0589076351158136
"1822","1822",3497,3498,3291,-0.0589076351158136
"10241","10241",3497,3498,3291,-0.0589076351158136
"11658","11658",3497,3498,3291,-0.0589076351158136
"218","218",9106,9375,9337,0.0253678893037558
"219","219",2887,2949,2946,0.0204364392102529
"220","220",3225,3221,3233,0.00248062015503876
"221","221",2468,2448,2759,0.117909238249595
"19620","19620",2468,2448,2759,0.117909238249595
"222","222",6799,6916,6706,-0.013678482129725
"223","223",4064,4064,4064,0
"224","224",5759,5412,5580,-0.0310817850321236
"225","225",2770,2770,2770,0
"226","226",2797,2753,2753,-0.0157311405076868
"227","227",1646,1645,2044,0.24179829890644
"228","228",2147,2147,2077,-0.0326036329762459
"229","229",3907,3808,3633,-0.070130534937292
"230","230",3819,3819,3840,0.00549882168106834
"3202","3202",3819,3819,3840,0.00549882168106834
"231","231",8137,8138,8159,0.00270369915202163
"232","232",1982,1982,1965,-0.00857719475277497
"233","233",4127,4090,4548,0.102011146110977
"234","234",3086,3085,2934,-0.0492546986390149
"235","235",6616,6559,6557,-0.00891777509068924
"236","236",7124,7124,7121,-0.000421111734980348
"237","237",4884,4911,4927,0.0088042588042588
"238","238",4412,4412,4590,0.0403445149592022
"239","239",3498,3345,3191,-0.0877644368210406
"758","758",3498,3345,3191,-0.0877644368210406
"240","240",3365,3365,3336,-0.00861812778603269
"241","241",5305,5305,5273,-0.0060320452403393
"242","242",1426,1394,1417,-0.00631136044880785
"9861","9861",1426,1394,1417,-0.00631136044880785
"16507","16507",1426,1394,1417,-0.00631136044880785
"243","243",1878,1876,1877,-0.00053248136315229
"244","244",2595,2500,2442,-0.0589595375722543
"8940","8940",2595,2500,2442,-0.0589595375722543
"245","245",7130,7130,8114,0.138008415147265
"246","246",4378,4378,4378,0
"247","247",1971,1973,1973,0.00101471334348047
"5240","5240",1971,1973,1973,0.00101471334348047
"249","249",3612,3624,3625,0.00359911406423034
"250","250",3911,3912,3915,0.00102275632830478
"251","251",5435,5435,4262,-0.215823367065317
"252","252",4055,3943,3921,-0.0330456226880395
"253","253",4731,4731,4737,0.00126823081800888
"7065","7065",4731,4731,4737,0.00126823081800888
"254","254",5902,5906,5775,-0.0215181294476449
"255","255",3588,3586,3569,-0.00529542920847269
"256","256",2846,2906,2905,0.0207308503162333
"257","257",2492,2364,3095,0.241974317817014
"258","258",6416,6416,6884,0.0729426433915212
"259","259",2918,2922,2923,0.00171350239890336
"260","260",2267,2266,2266,-0.000441111601235112
"261","261",1747,1717,1717,-0.0171722953634803
"262","262",2509,2511,2457,-0.0207253886010363
"263","263",3063,3063,3064,0.000326477309826967
"5012","5012",3063,3063,3064,0.000326477309826967
"5447","5447",3063,3063,3064,0.000326477309826967
"264","264",3630,3630,3664,0.009366391184573
"265","265",7038,7241,7537,0.070900824097755
"266","266",2665,2599,2599,-0.024765478424015
"734","734",2665,2599,2599,-0.024765478424015
"267","267",2075,2055,2055,-0.00963855421686747
"268","268",2219,2137,2137,-0.0369535826949076
"269","269",7512,7997,7897,0.0512513312034079
"270","270",7537,7581,7093,-0.0589093803900756
"271","271",2291,2236,2204,-0.0379746835443038
"13333","13333",2291,2236,2204,-0.0379746835443038
"272","272",9202,9016,7935,-0.13768745924799
"273","273",4336,4501,4562,0.0521217712177122
"274","274",2642,2642,2525,-0.0442846328538986
"275","275",3386,3389,3389,0.000886001181334908
"11980","11980",3386,3389,3389,0.000886001181334908
"276","276",8814,8596,8595,-0.0248468345813479
"277","277",2703,2658,2592,-0.0410654827968923
"278","278",4884,4884,4990,0.0217035217035217
"279","279",3011,3011,3012,0.000332115576220525
"280","280",5140,5140,5138,-0.000389105058365759
"281","281",1552,1527,1872,0.206185567010309
"282","282",2597,3870,1889,-0.27262225644975
"283","283",5361,5442,5443,0.0152956537959336
"284","284",2034,2378,2378,0.169124877089479
"9757","9757",2034,2378,2378,0.169124877089479
"285","285",1565,1498,1482,-0.0530351437699681
"10171","10171",1565,1498,1482,-0.0530351437699681
"286","286",5315,5315,5011,-0.0571966133584196
"287","287",3098,3125,3831,0.236604260813428
"288","288",9028,9023,8953,-0.00830748781568454
"289","289",3236,3175,3175,-0.0188504326328801
"11465","11465",3236,3175,3175,-0.0188504326328801
"290","290",8356,8357,10796,0.292005744375299
"291","291",10119,7654,7625,-0.246467042197846
"292","292",6813,6811,6511,-0.0443270218699545
"293","293",6649,7463,7463,0.122424424725523
"294","294",3618,3739,3711,0.0257048092868988
"295","295",3612,4535,3619,0.00193798449612403
"296","296",2272,2272,2272,0
"297","297",1929,1914,1913,-0.00829445308449974
"298","298",4161,4164,3646,-0.123768324921894
"10173","10173",4161,4164,3646,-0.123768324921894
"299","299",7426,7426,7405,-0.00282790196606518
"300","300",1782,1764,1590,-0.107744107744108
"301","301",2723,2723,2803,0.0293793609988983
"302","302",2580,2541,2509,-0.0275193798449612
"14268","14268",2580,2541,2509,-0.0275193798449612
"303","303",3258,2627,2621,-0.195518723143033
"304","304",6951,7292,7307,0.0512156524241116
"305","305",4454,4454,4337,-0.0262685226762461
"306","306",2131,2131,2132,0.000469263256687001
"307","307",1344,1989,1989,0.479910714285714
"308","308",6645,6619,6642,-0.000451467268623025
"309","309",3155,3155,2927,-0.0722662440570523
"8810","8810",3155,3155,2927,-0.0722662440570523
"310","310",5265,5271,5270,0.000949667616334283
"311","311",3009,2723,2723,-0.0950481887670322
"312","312",6897,9231,8700,0.261418007829491
"313","313",7352,7957,7957,0.0822905331882481
"314","314",2604,2604,2737,0.0510752688172043
"9777","9777",2604,2604,2737,0.0510752688172043
"315","315",984,987,987,0.00304878048780488
"316","316",2571,2562,2559,-0.00466744457409568
"317","317",1854,1854,1870,0.00862998921251348
"318","318",4454,4696,4707,0.0568028738212842
"319","319",2458,2352,2352,-0.0431244914564687
"320","320",1210,1204,2299,0.9
"321","321",2285,2285,2285,0
"322","322",2891,2891,2869,-0.00760982359045313
"323","323",1955,2153,2383,0.218925831202046
"15789","15789",1955,2153,2383,0.218925831202046
"324","324",8420,8448,8449,0.00344418052256532
"325","325",8521,4618,4618,-0.458044830418965
"326","326",7647,7649,7757,0.0143847260363541
"327","327",9897,10217,10222,0.0328382338082247
"328","328",1769,1765,1764,-0.00282645562464669
"8646","8646",1769,1765,1764,-0.00282645562464669
"329","329",4863,4809,4808,-0.0113098910137775
"330","330",2315,2358,2358,0.0185745140388769
"331","331",2157,2077,2077,-0.0370885489105239
"332","332",2141,2141,2135,-0.00280242877160206
"4825","4825",2141,2141,2135,-0.00280242877160206
"12760","12760",2141,2141,2135,-0.00280242877160206
"333","333",3325,3293,3291,-0.0102255639097744
"334","334",829,830,830,0.00120627261761158
"335","335",6578,6578,6581,0.000456065673456978
"336","336",2100,2100,2116,0.00761904761904762
"337","337",2320,2320,2229,-0.0392241379310345
"16552","16552",2320,2320,2229,-0.0392241379310345
"338","338",2786,2722,2700,-0.0308686288585786
"339","339",3323,3326,3223,-0.0300932891965092
"340","340",6253,6146,6296,0.00687669918439149
"17176","17176",6253,6146,6296,0.00687669918439149
"341","341",5135,5557,5518,0.0745861733203505
"342","342",2678,2678,2676,-0.000746825989544436
"343","343",1261,1261,1261,0
"344","344",429,429,631,0.470862470862471
"345","345",8363,6890,6832,-0.183068276934115
"346","346",3348,3355,3318,-0.00896057347670251
"2562","2562",3348,3355,3318,-0.00896057347670251
"347","347",1309,1311,1311,0.00152788388082506
"10520","10520",1309,1311,1311,0.00152788388082506
"348","348",4736,4753,4693,-0.00907939189189189
"349","349",1539,1539,2336,0.517868745938921
"1543","1543",1539,1539,2336,0.517868745938921
"350","350",3335,3540,3596,0.0782608695652174
"351","351",3782,3716,4207,0.112374405076679
"352","352",4000,3935,3934,-0.0165
"353","353",5235,5108,5225,-0.00191021967526266
"354","354",2225,2237,2414,0.0849438202247191
"355","355",3259,3100,3075,-0.0564590365142682
"356","356",3263,3255,3255,-0.00245173153539687
"357","357",2153,2542,2501,0.161634928007431
"358","358",4901,4901,4901,0
"359","359",6266,5974,5958,-0.0491541653367379
"360","360",2619,2619,2642,0.0087819778541428
"361","361",1435,1501,1479,0.0306620209059233
"4752","4752",1435,1501,1479,0.0306620209059233
"362","362",2783,2955,2978,0.0700682716492993
"363","363",2286,2280,2226,-0.026246719160105
"364","364",5190,5221,5202,0.0023121387283237
"365","365",6263,6234,6234,-0.00463036883282772
"366","366",6230,6622,6392,0.0260032102728732
"367","367",7386,7358,7247,-0.0188193880314108
"368","368",6167,6167,6173,0.000972920382682017
"369","369",2190,2192,2195,0.00228310502283105
"1204","1204",2190,2192,2195,0.00228310502283105
"4129","4129",2190,2192,2195,0.00228310502283105
"11020","11020",2190,2192,2195,0.00228310502283105
"18173","18173",2190,2192,2195,0.00228310502283105
"19452","19452",2190,2192,2195,0.00228310502283105
"370","370",3330,3366,3366,0.0108108108108108
"12964","12964",3330,3366,3366,0.0108108108108108
"371","371",7192,7194,7118,-0.0102892102335929
"372","372",2624,2624,2619,-0.00190548780487805
"373","373",3922,3922,3925,0.000764915859255482
"13613","13613",3922,3922,3925,0.000764915859255482
"374","374",6128,6403,6365,0.0386749347258486
"375","375",5516,5482,5488,-0.0050761421319797
"376","376",2130,2131,2131,0.000469483568075117
"377","377",5104,4964,5086,-0.00352664576802508
"378","378",2679,2675,2677,-0.000746547219111609
"1155","1155",2679,2675,2677,-0.000746547219111609
"14608","14608",2679,2675,2677,-0.000746547219111609
"379","379",13448,12932,12916,-0.0395597858417609
"380","380",2107,2039,2049,-0.0275272899857617
"381","381",9446,7879,9135,-0.0329239889900487
"382","382",3621,3621,3621,0
"383","383",5662,5665,5627,-0.00618156128576475
"384","384",9302,10746,9383,0.00870780477316706
"385","385",2613,2474,2480,-0.0508993494068121
"386","386",3431,3465,3465,0.00990964733313903
"387","387",7157,7145,6206,-0.132876903730613
"1324","1324",7157,7145,6206,-0.132876903730613
"388","388",7068,7068,7046,-0.00311262026032824
"389","389",5625,5594,5595,-0.00533333333333333
"390","390",7860,7860,8138,0.0353689567430025
"391","391",1747,1747,1521,-0.129364625071551
"392","392",6132,6116,6122,-0.00163078930202218
"393","393",5875,5871,5543,-0.0565106382978723
"394","394",2518,1356,5766,1.28991262907069
"395","395",2291,2307,2307,0.00698384984722828
"396","396",2399,2393,2393,-0.00250104210087536
"397","397",1514,1497,1488,-0.0171730515191546
"398","398",3316,3159,3160,-0.0470446320868516
"399","399",1633,1633,1751,0.0722596448254746
"400","400",4362,4360,4366,0.000917010545621275
"401","401",12091,11878,11913,-0.014721693821851
"402","402",4205,4013,4155,-0.0118906064209275
"403","403",5680,5065,5065,-0.108274647887324
"404","404",4322,4206,4014,-0.0712633040259139
"8644","8644",4322,4206,4014,-0.0712633040259139
"405","405",4541,4508,4413,-0.028187623871394
"406","406",4642,4501,4464,-0.038345540715209
"407","407",1903,1687,1694,-0.109826589595376
"4439","4439",1903,1687,1694,-0.109826589595376
"408","408",2037,2037,2002,-0.0171821305841924
"409","409",3144,3122,3127,-0.00540712468193384
"410","410",1451,1455,1454,0.00206753962784287
"17934","17934",1451,1455,1454,0.00206753962784287
"411","411",1172,1172,1175,0.00255972696245734
"412","412",4639,4406,4290,-0.0752317309765036
"413","413",3363,3357,3263,-0.0297353553374963
"414","414",3047,3043,3285,0.0781096160157532
"415","415",5954,5795,5803,-0.0253611017803158
"416","416",1714,1789,1717,0.00175029171528588
"417","417",3023,2787,2732,-0.0962619913992722
"418","418",1354,1354,1352,-0.00147710487444609
"1438","1438",1354,1354,1352,-0.00147710487444609
"419","419",1209,1209,1487,0.229942100909843
"10618","10618",1209,1209,1487,0.229942100909843
"13087","13087",1209,1209,1487,0.229942100909843
"17147","17147",1209,1209,1487,0.229942100909843
"420","420",4527,4528,5254,0.160592003534349
"421","421",1634,3414,3414,1.08935128518972
"422","422",2530,2531,2546,0.00632411067193676
"423","423",9505,9498,9578,0.0076801683324566
"424","424",6783,4001,4001,-0.410143004570249
"3265","3265",6783,4001,4001,-0.410143004570249
"425","425",1733,1890,1890,0.0905943450663589
"426","426",2520,2495,2535,0.00595238095238095
"427","427",7126,6916,7244,0.0165590794274488
"428","428",6562,6364,6365,-0.030021334958854
"429","429",9524,9934,9724,0.0209995800083998
"430","430",1160,2170,2170,0.870689655172414
"431","431",3502,3505,3498,-0.00114220445459737
"432","432",977,994,913,-0.0655066530194473
"433","433",7223,7320,7300,0.0106603904194933
"434","434",2750,2679,2679,-0.0258181818181818
"13079","13079",2750,2679,2679,-0.0258181818181818
"435","435",7755,7740,8418,0.0854932301740812
"436","436",8191,8191,8306,0.0140397997802466
"437","437",2678,2678,2724,0.017176997759522
"438","438",4827,4817,4747,-0.0165734410607002
"439","439",2507,2096,2096,-0.163940965297168
"440","440",5623,5623,5145,-0.0850080028454562
"441","441",1485,1485,1485,0
"982","982",1485,1485,1485,0
"6727","6727",1485,1485,1485,0
"442","442",2588,2523,2523,-0.0251159196290572
"443","443",3080,3043,3043,-0.012012987012987
"444","444",2383,2383,2382,-0.000419639110365086
"445","445",9282,9175,8558,-0.0780004309416074
"446","446",1761,1679,1617,-0.0817717206132879
"447","447",6127,5096,4502,-0.265219520156684
"9978","9978",6127,5096,4502,-0.265219520156684
"448","448",6105,6233,6217,0.0183456183456183
"449","449",2312,2310,2189,-0.0532006920415225
"450","450",2950,2950,2950,0
"451","451",898,898,1278,0.423162583518931
"452","452",5144,5144,5125,-0.00369362363919129
"453","453",1293,1293,1292,-0.000773395204949729
"454","454",1095,2371,2371,1.16529680365297
"455","455",5720,6042,5698,-0.00384615384615385
"456","456",8067,8080,6261,-0.223875046485682
"457","457",2653,2653,2653,0
"458","458",8268,8256,8292,0.00290275761973875
"459","459",3232,3227,3228,-0.00123762376237624
"460","460",3522,3451,3596,0.0210107893242476
"461","461",1313,1395,1395,0.0624523990860625
"462","462",1878,1883,1883,0.00266240681576145
"5040","5040",1878,1883,1883,0.00266240681576145
"463","463",2008,2008,2064,0.0278884462151394
"464","464",8484,8341,8357,-0.014969354078265
"465","465",2033,1784,1784,-0.122479094933596
"466","466",4600,4599,4600,0
"467","467",2376,2311,2357,-0.007996632996633
"468","468",7384,7005,7021,-0.049160346695558
"469","469",5587,4998,5000,-0.105065330230893
"470","470",3057,2948,2948,-0.0356558717697089
"471","471",4975,4975,5174,0.04
"472","472",2250,2250,2250,0
"473","473",2259,2259,2740,0.212926073483842
"474","474",2682,2790,2861,0.0667412378821775
"17220","17220",2682,2790,2861,0.0667412378821775
"475","475",4159,4704,4703,0.130800673238759
"476","476",6392,6353,6360,-0.00500625782227785
"477","477",2969,2967,2950,-0.0063994610980128
"478","478",1823,1704,1751,-0.0394953373560066
"479","479",2118,2118,1897,-0.104343720491029
"2901","2901",2118,2118,1897,-0.104343720491029
"480","480",4092,4092,4360,0.0654936461388074
"481","481",3412,3396,3396,-0.00468933177022274
"482","482",6120,6051,6041,-0.0129084967320261
"483","483",3317,3791,3791,0.142900211034067
"2576","2576",3317,3791,3791,0.142900211034067
"484","484",1702,1747,1748,0.027027027027027
"485","485",3712,3110,3110,-0.162176724137931
"486","486",4094,4064,3772,-0.0786516853932584
"487","487",1902,1902,1902,0
"488","488",12395,12040,12408,0.00104881000403388
"489","489",2534,2519,2459,-0.0295974743488556
"490","490",5541,5541,5571,0.00541418516513265
"491","491",2590,2573,2266,-0.125096525096525
"19628","19628",2590,2573,2266,-0.125096525096525
"492","492",3839,3839,3950,0.028913779630112
"493","493",4706,4414,4414,-0.0620484487887803
"494","494",2292,2138,2145,-0.0641361256544503
"495","495",3757,3696,3713,-0.0117114719190844
"496","496",3280,3302,3340,0.0182926829268293
"497","497",4171,4171,4663,0.117957324382642
"13871","13871",4171,4171,4663,0.117957324382642
"498","498",2408,2408,2407,-0.000415282392026578
"499","499",4135,2987,2676,-0.352841596130593
"500","500",2757,2762,2762,0.00181356546971346
"501","501",2124,2123,2123,-0.000470809792843691
"502","502",1892,1863,1861,-0.016384778012685
"503","503",1995,1988,1985,-0.0050125313283208
"2690","2690",1995,1988,1985,-0.0050125313283208
"18104","18104",1995,1988,1985,-0.0050125313283208
"504","504",2980,2863,2671,-0.103691275167785
"505","505",974,974,974,0
"506","506",3049,3052,3079,0.00983929157100689
"507","507",2557,2497,3076,0.202972233085647
"17898","17898",2557,2497,3076,0.202972233085647
"508","508",968,968,1146,0.183884297520661
"509","509",3267,3244,3227,-0.012243648607285
"510","510",6024,6024,6102,0.0129482071713147
"511","511",4518,4645,4645,0.0281097830898628
"512","512",4148,4148,4424,0.0665380906460945
"513","513",3761,3763,3764,0.000797660196756182
"514","514",2776,2574,2811,0.0126080691642651
"515","515",6279,6935,6917,0.101608536391145
"516","516",6299,6338,6339,0.00635021431973329
"517","517",3286,3286,3281,-0.00152160681679854
"518","518",2027,1903,1927,-0.0493339911198816
"519","519",3447,3408,3408,-0.0113141862489121
"15211","15211",3447,3408,3408,-0.0113141862489121
"520","520",1833,1833,1838,0.00272776868521549
"6260","6260",1833,1833,1838,0.00272776868521549
"521","521",3544,3544,3588,0.0124153498871332
"522","522",3711,3711,4473,0.2053354890865
"523","523",2377,2389,2389,0.00504838031131679
"18297","18297",2377,2389,2389,0.00504838031131679
"524","524",2454,2455,2458,0.00162999185004075
"525","525",1841,1880,1880,0.0211841390548615
"7179","7179",1841,1880,1880,0.0211841390548615
"526","526",3597,3832,3832,0.065332221295524
"527","527",6584,6597,6601,0.0025820170109356
"528","528",2593,2619,2437,-0.0601619745468569
"529","529",3151,3138,3137,-0.00444303395747382
"18275","18275",3151,3138,3137,-0.00444303395747382
"530","530",2981,2985,2800,-0.0607178799060718
"531","531",3343,3343,3353,0.00299132515704457
"532","532",3460,3589,3572,0.0323699421965318
"533","533",2478,2478,2563,0.0343018563357546
"534","534",5751,5842,5912,0.0279951312815163
"535","535",2727,2641,2641,-0.0315364869820315
"536","536",3961,3810,3581,-0.0959353698560969
"9119","9119",3961,3810,3581,-0.0959353698560969
"538","538",3882,3873,3885,0.000772797527047913
"539","539",1866,1968,1968,0.0546623794212219
"19626","19626",1866,1968,1968,0.0546623794212219
"540","540",2447,2442,2442,-0.00204331834899877
"541","541",7303,7464,8213,0.124606326167329
"542","542",4211,3948,4018,-0.0458323438613156
"543","543",8409,8409,8406,-0.000356760613628255
"545","545",10394,10398,10399,0.000481046757744853
"546","546",2449,2391,2391,-0.0236831359738669
"547","547",4243,2759,2758,-0.349988215884987
"2551","2551",4243,2759,2758,-0.349988215884987
"2817","2817",4243,2759,2758,-0.349988215884987
"548","548",9547,10387,10377,0.0869383052267728
"549","549",5765,5493,5493,-0.0471812662619254
"550","550",2601,2652,2652,0.0196078431372549
"551","551",3570,3563,3563,-0.00196078431372549
"552","552",5705,5705,5696,-0.00157756354075372
"553","553",3283,3281,3281,-0.000609198903441974
"554","554",6941,6958,6897,-0.0063391442155309
"555","555",788,788,788,0
"556","556",4715,4715,4715,0
"557","557",4058,4324,4326,0.0660423854115328
"558","558",4646,4646,4646,0
"559","559",3444,3602,3611,0.0484901277584204
"560","560",1954,1954,1955,0.000511770726714432
"561","561",4705,4588,4602,-0.0218916046758767
"562","562",3906,5301,5301,0.357142857142857
"563","563",8693,8698,8698,0.000575175428505694
"564","564",1210,1210,1210,0
"565","565",3365,3365,3365,0
"566","566",5980,5698,5548,-0.0722408026755853
"567","567",2992,2992,2992,0
"568","568",6438,5797,5798,-0.0994097545821684
"569","569",2733,2733,2757,0.00878155872667398
"570","570",4221,4155,4156,-0.0153991945036721
"571","571",10726,8268,8240,-0.231773261234384
"572","572",4899,4686,4686,-0.0434782608695652
"573","573",6206,6207,6202,-0.000644537544311956
"574","574",4691,4657,4544,-0.0313366020038371
"575","575",2385,2385,2385,0
"6132","6132",2385,2385,2385,0
"576","576",5174,5176,5213,0.00753768844221105
"577","577",6017,6042,6044,0.00448728602293502
"578","578",1693,1693,1754,0.0360307147076196
"579","579",2416,2419,2419,0.00124172185430464
"580","580",815,815,815,0
"581","581",3000,2995,2993,-0.00233333333333333
"582","582",590,564,564,-0.0440677966101695
"583","583",5303,5571,5627,0.0610974919856685
"584","584",10894,10889,11439,0.0500275380943639
"585","585",2312,3276,3274,0.416089965397924
"586","586",2332,2567,2543,0.0904802744425386
"587","587",4927,6438,3801,-0.228536634869089
"588","588",3877,3877,3876,-0.000257931390250193
"589","589",1329,1344,1344,0.0112866817155756
"2804","2804",1329,1344,1344,0.0112866817155756
"15619","15619",1329,1344,1344,0.0112866817155756
"590","590",3169,3166,2936,-0.0735247712212054
"591","591",3743,3786,3800,0.0152284263959391
"592","592",3584,3584,3582,-0.000558035714285714
"593","593",4505,4508,4509,0.000887902330743618
"594","594",1698,1743,1725,0.0159010600706714
"1611","1611",1698,1743,1725,0.0159010600706714
"595","595",4608,4613,4579,-0.00629340277777778
"596","596",5402,5406,5387,-0.00277674935209182
"597","597",888,888,888,0
"598","598",2201,1781,1781,-0.190822353475693
"599","599",1500,1488,1488,-0.008
"600","600",7301,7293,7307,0.000821805232159978
"601","601",6664,6663,9415,0.41281512605042
"602","602",3697,3697,3700,0.0008114687584528
"603","603",2523,2523,2529,0.00237812128418549
"604","604",1176,1414,1414,0.202380952380952
"605","605",3732,3573,3578,-0.0412647374062165
"606","606",946,946,871,-0.0792811839323467
"607","607",7255,7254,7228,-0.00372157133011716
"608","608",1836,1802,1782,-0.0294117647058824
"609","609",1960,1962,1965,0.00255102040816327
"610","610",1036,1097,1097,0.0588803088803089
"611","611",2082,2074,2074,-0.00384245917387128
"3735","3735",2082,2074,2074,-0.00384245917387128
"612","612",9132,9130,10062,0.101839684625493
"613","613",2541,2541,2541,0
"9695","9695",2541,2541,2541,0
"614","614",9391,10350,9204,-0.0199126823554467
"615","615",1574,1591,1580,0.00381194409148666
"616","616",8779,8599,8651,-0.0145802483198542
"617","617",3220,3263,3301,0.0251552795031056
"618","618",3389,3497,3497,0.0318678076128652
"619","619",1450,1369,1451,0.000689655172413793
"620","620",1955,1950,1950,-0.00255754475703325
"621","621",2343,2283,2159,-0.078531796841656
"622","622",7834,7834,7835,0.000127648710748021
"623","623",1998,1997,1997,-0.0005005005005005
"624","624",5189,5189,5189,0
"625","625",2349,2352,2353,0.00170285227756492
"626","626",2832,2832,2832,0
"627","627",3658,4062,4026,0.100601421541826
"6934","6934",3658,4062,4026,0.100601421541826
"628","628",5265,5258,5210,-0.0104463437796771
"629","629",3037,3868,3869,0.273954560421469
"630","630",7643,6925,7067,-0.0753630773256575
"631","631",4298,3153,3148,-0.267566309911587
"14907","14907",4298,3153,3148,-0.267566309911587
"19875","19875",4298,3153,3148,-0.267566309911587
"632","632",1953,1877,1992,0.0199692780337942
"633","633",1838,1838,1816,-0.0119695321001088
"634","634",2975,2975,2923,-0.0174789915966387
"635","635",3685,3694,3915,0.062415196743555
"636","636",4430,4429,4434,0.00090293453724605
"637","637",1938,1938,1940,0.00103199174406605
"10799","10799",1938,1938,1940,0.00103199174406605
"638","638",2130,2130,1971,-0.0746478873239437
"639","639",3556,3524,3490,-0.0185601799775028
"640","640",2890,2864,2864,-0.00899653979238754
"641","641",1277,1277,1277,0
"642","642",6375,6355,7287,0.143058823529412
"643","643",1723,1762,1762,0.0226349390597795
"6807","6807",1723,1762,1762,0.0226349390597795
"644","644",2970,2971,3084,0.0383838383838384
"645","645",2298,2298,2327,0.0126196692776327
"646","646",1379,1379,1379,0
"647","647",3679,3723,3717,0.0103288937211199
"648","648",5469,5467,5790,0.0586944596818431
"649","649",12682,12582,12499,-0.0144299006465857
"650","650",2546,2550,2550,0.00157109190887667
"7098","7098",2546,2550,2550,0.00157109190887667
"651","651",5315,5430,5509,0.0365004703668862
"652","652",3177,3425,3425,0.0780610638967579
"653","653",2441,2405,2252,-0.077427283900041
"654","654",9686,9495,9498,-0.0194094569481726
"655","655",3710,3839,4120,0.110512129380054
"656","656",7124,7128,7138,0.00196518809657496
"4796","4796",7124,7128,7138,0.00196518809657496
"657","657",5781,6214,6217,0.0754194775990313
"658","658",2338,2338,2337,-0.000427715996578272
"659","659",8197,5744,5678,-0.307307551543248
"660","660",12601,11314,11286,-0.104356797079597
"661","661",2181,2184,2184,0.00137551581843191
"662","662",5621,5616,5603,-0.00320227717487991
"663","663",1773,2043,2025,0.142131979695431
"664","664",2526,2504,2505,-0.00831353919239905
"665","665",2214,2135,2577,0.163956639566396
"13246","13246",2214,2135,2577,0.163956639566396
"15331","15331",2214,2135,2577,0.163956639566396
"666","666",4753,4751,4751,-0.000420786871449611
"667","667",1893,1893,1689,-0.107765451664025
"668","668",1603,1603,1779,0.109794135995009
"669","669",1980,1980,2028,0.0242424242424242
"670","670",5451,5451,5465,0.002568336085122
"671","671",1796,1796,1853,0.0317371937639198
"672","672",3010,3010,3012,0.000664451827242525
"13167","13167",3010,3010,3012,0.000664451827242525
"673","673",1515,1516,1395,-0.0792079207920792
"674","674",3378,3983,4041,0.196269982238011
"675","675",2052,2058,2054,0.000974658869395711
"676","676",1632,1631,1632,0
"677","677",4319,4316,4287,-0.00740912248205603
"678","678",2432,2479,2564,0.0542763157894737
"679","679",6564,6011,9413,0.434034125533211
"680","680",2878,2878,2883,0.00173731758165393
"681","681",2375,2342,2379,0.00168421052631579
"682","682",2734,2511,2731,-0.00109729334308705
"15774","15774",2734,2511,2731,-0.00109729334308705
"17575","17575",2734,2511,2731,-0.00109729334308705
"683","683",1204,1220,1220,0.0132890365448505
"6903","6903",1204,1220,1220,0.0132890365448505
"684","684",1500,1500,1504,0.00266666666666667
"9741","9741",1500,1500,1504,0.00266666666666667
"685","685",10453,10064,9464,-0.0946139864153831
"686","686",1403,1548,1548,0.103349964362081
"687","687",10756,11250,11098,0.0317962067683154
"688","688",1513,1510,1510,-0.00198281559814937
"689","689",9706,9456,9391,-0.032454152070884
"690","690",4363,4418,4418,0.012606005042402
"691","691",8452,8236,8236,-0.0255560814008519
"692","692",943,1283,1339,0.419936373276776
"693","693",2660,2833,2721,0.0229323308270677
"14201","14201",2660,2833,2721,0.0229323308270677
"694","694",9514,9518,9519,0.000525541307546773
"695","695",6286,6286,6299,0.00206808781419026
"696","696",6583,6616,6560,-0.00349384778976151
"697","697",5731,5726,5730,-0.000174489617867737
"11674","11674",5731,5726,5730,-0.000174489617867737
"698","698",13084,12727,13102,0.00137572607765209
"700","700",2495,2292,2351,-0.0577154308617234
"701","701",1761,1761,1761,0
"702","702",9148,9111,8617,-0.0580454744206384
"703","703",2135,2139,2139,0.00187353629976581
"704","704",3460,3458,3456,-0.00115606936416185
"705","705",4010,4194,3992,-0.00448877805486284
"15273","15273",4010,4194,3992,-0.00448877805486284
"706","706",2814,2926,2926,0.0398009950248756
"707","707",7166,7166,9629,0.343706391292213
"708","708",4473,4483,4484,0.00245919964229823
"709","709",4830,4769,4769,-0.0126293995859213
"710","710",1616,1626,1462,-0.0952970297029703
"711","711",7627,7634,7775,0.0194047462960535
"712","712",1517,1495,1494,-0.015161502966381
"16168","16168",1517,1495,1494,-0.015161502966381
"713","713",10467,10742,10717,0.0238845896627496
"714","714",11576,11356,11634,0.00501036627505183
"715","715",3580,3490,3490,-0.0251396648044693
"716","716",3601,3564,3790,0.0524854207164676
"717","717",4262,4291,4291,0.00680431722196152
"4676","4676",4262,4291,4291,0.00680431722196152
"718","718",4363,4073,4194,-0.0387348154939262
"719","719",3776,3767,3753,-0.00609110169491525
"720","720",3229,3271,3397,0.0520284917931248
"721","721",3332,2771,2769,-0.168967587034814
"722","722",4425,4423,4429,0.000903954802259887
"723","723",7164,7164,7162,-0.000279173646007817
"724","724",7292,3895,3866,-0.469829950630828
"14414","14414",7292,3895,3866,-0.469829950630828
"725","725",1097,970,970,-0.115770282588879
"726","726",3054,3054,3057,0.000982318271119843
"727","727",2345,2389,2333,-0.00511727078891258
"728","728",2836,2803,2687,-0.0525387870239774
"729","729",2093,2063,2275,0.0869565217391304
"730","730",6269,6388,5913,-0.0567873664061254
"731","731",2845,2877,2877,0.0112478031634446
"732","732",2846,2695,2695,-0.0530569219957836
"6383","6383",2846,2695,2695,-0.0530569219957836
"733","733",4826,4826,4822,-0.000828843762950684
"735","735",3144,3124,3121,-0.00731552162849873
"736","736",1367,1372,1372,0.00365764447695684
"737","737",2757,3040,3034,0.100471527022126
"12631","12631",2757,3040,3034,0.100471527022126
"738","738",1239,1239,1239,0
"739","739",1456,1516,1517,0.0418956043956044
"740","740",2584,3449,3087,0.194659442724458
"11128","11128",2584,3449,3087,0.194659442724458
"17371","17371",2584,3449,3087,0.194659442724458
"741","741",5839,4895,5937,0.0167836958383285
"742","742",13683,13563,13812,0.0094277570708178
"743","743",2996,2994,3000,0.00133511348464619
"744","744",2569,2670,2436,-0.0517711171662125
"745","745",1477,1477,1477,0
"746","746",3438,3438,3459,0.00610820244328098
"19972","19972",3438,3438,3459,0.00610820244328098
"747","747",5375,5375,5607,0.0431627906976744
"748","748",5960,5972,5980,0.00335570469798658
"749","749",2214,2138,2138,-0.034327009936766
"750","750",3034,3034,3034,0
"751","751",2061,2061,1958,-0.0499757399320718
"753","753",3600,3542,3542,-0.0161111111111111
"754","754",1664,1649,1626,-0.0228365384615385
"755","755",3390,3390,3337,-0.0156342182890855
"756","756",2754,2631,2631,-0.0446623093681917
"757","757",3297,3295,3528,0.0700636942675159
"759","759",2549,2523,2521,-0.0109846998823068
"3618","3618",2549,2523,2521,-0.0109846998823068
"760","760",2117,2117,2117,0
"761","761",4179,4179,4179,0
"762","762",4626,3824,3843,-0.169260700389105
"763","763",1950,1950,1950,0
"764","764",6330,6651,5902,-0.0676145339652449
"765","765",2007,2020,2020,0.0064773293472845
"8031","8031",2007,2020,2020,0.0064773293472845
"766","766",5097,4831,4510,-0.115165783794389
"767","767",1823,1931,1930,0.0586944596818431
"768","768",3582,3582,3659,0.0214963707426019
"769","769",2459,2474,2403,-0.0227734851565677
"770","770",3952,3962,3390,-0.142206477732794
"771","771",5629,5428,5476,-0.0271806715224729
"772","772",4866,9060,12725,1.61508425811755
"773","773",2269,2269,2298,0.0127809607756721
"774","774",9199,9622,9265,0.00717469290140233
"775","775",3005,3003,2976,-0.00965058236272879
"776","776",3352,3126,5564,0.659904534606205
"777","777",1862,1862,1863,0.000537056928034372
"778","778",5180,3889,3884,-0.25019305019305
"779","779",6583,6582,6728,0.0220264317180617
"780","780",2007,2019,2019,0.00597907324364723
"10755","10755",2007,2019,2019,0.00597907324364723
"781","781",5413,5413,5408,-0.000923702198411232
"782","782",3025,3003,2989,-0.011900826446281
"783","783",1479,1693,1607,0.0865449628127113
"784","784",4108,4108,4086,-0.0053554040895813
"785","785",4878,5682,5313,0.0891758917589176
"786","786",5091,5582,5583,0.0966411314083677
"787","787",11910,12867,12874,0.0809403862300588
"788","788",3135,2425,2701,-0.138437001594896
"789","789",2196,2183,2183,-0.00591985428051002
"790","790",2947,2991,2995,0.0162877502544961
"791","791",5109,5082,5120,0.00215306322176551
"792","792",1742,1619,1619,-0.0706084959816303
"10675","10675",1742,1619,1619,-0.0706084959816303
"15251","15251",1742,1619,1619,-0.0706084959816303
"18632","18632",1742,1619,1619,-0.0706084959816303
"793","793",2602,2627,2628,0.00999231360491929
"794","794",3941,3563,3874,-0.0170007612281147
"795","795",4069,3369,3269,-0.196608503317768
"796","796",3674,3910,3909,0.0639629831246598
"19221","19221",3674,3910,3909,0.0639629831246598
"797","797",9223,9361,9362,0.0150710181069066
"798","798",4747,4750,4750,0.000631978091426164
"799","799",2895,2895,3072,0.061139896373057
"800","800",1758,1287,1287,-0.267918088737201
"801","801",6583,6800,6762,0.027191250189883
"5838","5838",6583,6800,6762,0.027191250189883
"802","802",5169,6160,5889,0.139291932675566
"803","803",3147,3126,3126,-0.00667302192564347
"804","804",2945,2951,2951,0.00203735144312394
"805","805",3399,3399,3196,-0.0597234480729626
"806","806",9660,9658,9478,-0.0188405797101449
"807","807",11318,10993,10962,-0.0314543205513342
"808","808",6778,6780,6595,-0.0269991147831219
"809","809",2775,2769,2769,-0.00216216216216216
"9313","9313",2775,2769,2769,-0.00216216216216216
"810","810",7428,8255,8127,0.0941033925686591
"811","811",6263,6442,6414,0.0241098515088616
"812","812",2206,2189,2189,-0.00770625566636446
"7750","7750",2206,2189,2189,-0.00770625566636446
"813","813",2000,2000,2019,0.0095
"19782","19782",2000,2000,2019,0.0095
"814","814",4969,4966,4946,-0.00462869792714832
"815","815",3302,3302,3302,0
"816","816",3648,4127,3529,-0.0326206140350877
"817","817",6022,6096,6296,0.0454998339422119
"818","818",1544,2036,2031,0.315414507772021
"819","819",4583,5198,5198,0.134191577569278
"820","820",4169,4169,4401,0.0556488366514752
"13537","13537",4169,4169,4401,0.0556488366514752
"19567","19567",4169,4169,4401,0.0556488366514752
"821","821",5407,4734,4735,-0.124283336415757
"822","822",3344,3172,3172,-0.0514354066985646
"823","823",1499,1499,1490,-0.00600400266844563
"824","824",7402,8260,8265,0.11659011078087
"825","825",2160,2158,2136,-0.0111111111111111
"826","826",3960,3960,3955,-0.00126262626262626
"827","827",13950,13950,13447,-0.0360573476702509
"828","828",2089,2182,1921,-0.080421254188607
"829","829",2678,2338,2339,-0.126587005227782
"830","830",2571,2504,2514,-0.0221703617269545
"831","831",9545,9545,8937,-0.0636982713462546
"832","832",3502,3273,3273,-0.0653912050256996
"833","833",8066,4684,4697,-0.417679147036945
"834","834",1784,1786,1690,-0.0526905829596413
"10222","10222",1784,1786,1690,-0.0526905829596413
"835","835",2978,2424,2424,-0.186030893216924
"19874","19874",2978,2424,2424,-0.186030893216924
"836","836",3976,3977,3899,-0.0193661971830986
"837","837",4734,4120,4090,-0.136037177862273
"838","838",1392,1393,1366,-0.0186781609195402
"839","839",4766,4825,4823,0.011959714645405
"840","840",5936,6871,6832,0.150943396226415
"841","841",4609,4659,4640,0.00672597092644825
"842","842",5838,5603,5621,-0.0371702637889688
"843","843",2798,2791,2828,0.0107219442458899
"4557","4557",2798,2791,2828,0.0107219442458899
"844","844",6516,6486,6283,-0.0357581338244322
"845","845",1953,1807,1807,-0.0747567844342038
"846","846",8497,8637,8455,-0.0049429210309521
"847","847",5356,5370,5349,-0.00130694548170276
"848","848",4674,4674,4675,0.000213949507916132
"849","849",2248,2213,2214,-0.0151245551601423
"850","850",2415,2415,2423,0.00331262939958592
"851","851",6043,6040,6175,0.0218434552374648
"852","852",2344,2344,2359,0.00639931740614334
"853","853",3330,3225,3225,-0.0315315315315315
"854","854",5018,5009,5740,0.14388202471104
"855","855",4321,4343,4343,0.00509141402453136
"856","856",2798,2733,2704,-0.0335954253037884
"857","857",4664,4606,4441,-0.0478130360205832
"858","858",8386,9182,9001,0.0733365132363463
"859","859",2409,2409,1874,-0.222083852220839
"860","860",9291,9091,9095,-0.0210956839952642
"861","861",2827,2805,2811,-0.00565970993986558
"862","862",2478,2478,2475,-0.00121065375302663
"863","863",2247,2366,2366,0.0529595015576324
"16084","16084",2247,2366,2366,0.0529595015576324
"864","864",10442,9426,9423,-0.0975866692204558
"865","865",1936,1936,1831,-0.0542355371900826
"866","866",2765,2762,2878,0.0408679927667269
"867","867",2456,2694,2732,0.112377850162866
"868","868",3362,4230,3921,0.16627007733492
"869","869",894,894,894,0
"870","870",6140,6138,5657,-0.0786644951140065
"871","871",1686,1435,1435,-0.148873072360617
"872","872",1885,2107,1788,-0.0514588859416446
"873","873",2605,2250,2252,-0.135508637236084
"874","874",1868,1868,2599,0.391327623126338
"875","875",1690,1695,1695,0.0029585798816568
"876","876",2978,2978,2978,0
"877","877",2055,2055,2055,0
"878","878",5924,5924,5924,0
"879","879",2371,2690,1962,-0.172501054407423
"880","880",3664,3670,3670,0.00163755458515284
"881","881",8699,7897,7888,-0.0932291067938844
"882","882",6472,5950,5949,-0.0808096415327565
"883","883",7860,7377,7390,-0.0597964376590331
"884","884",3301,3156,3147,-0.0466525295365041
"885","885",3473,3558,3674,0.0578750359919378
"886","886",5721,5948,5946,0.0393287886733089
"887","887",3914,3917,3404,-0.13030148185999
"888","888",2924,2924,3539,0.210328317373461
"889","889",9776,9144,9359,-0.0426554828150573
"890","890",2447,2372,2449,0.00081732733959951
"891","891",1058,1058,1058,0
"892","892",1582,1701,1702,0.0758533501896334
"893","893",4606,4610,4610,0.000868432479374729
"894","894",2255,2254,2254,-0.000443458980044346
"7564","7564",2255,2254,2254,-0.000443458980044346
"13297","13297",2255,2254,2254,-0.000443458980044346
"895","895",3093,3093,3095,0.000646621403168445
"896","896",13490,13365,13366,-0.00919199406968125
"897","897",1173,1300,1043,-0.110826939471441
"898","898",10191,4904,5965,-0.414679619271907
"899","899",3607,3605,3540,-0.0185749930690324
"900","900",2133,2029,2028,-0.0492264416315049
"901","901",954,954,954,0
"902","902",4204,4204,7723,0.837059942911513
"903","903",2978,2952,2952,-0.00873069173942243
"904","904",2618,2644,2924,0.116883116883117
"905","905",2293,2293,2306,0.0056694286960314
"906","906",1926,1973,1972,0.023883696780893
"907","907",4040,4040,4035,-0.00123762376237624
"908","908",1088,965,867,-0.203125
"909","909",3143,3145,3143,0
"910","910",2554,2472,2461,-0.0364134690681284
"911","911",3083,3079,2885,-0.0642231592604606
"912","912",4661,4429,4895,0.0502038189229779
"913","913",2567,2813,2814,0.0962212699649396
"914","914",2105,2105,2105,0
"915","915",4783,4609,4595,-0.0393058749738658
"916","916",3450,3450,3449,-0.000289855072463768
"14453","14453",3450,3450,3449,-0.000289855072463768
"917","917",3784,3686,3687,-0.0256342494714588
"918","918",2123,2123,2300,0.0833725859632595
"7005","7005",2123,2123,2300,0.0833725859632595
"919","919",4013,4012,3979,-0.00847246449040618
"920","920",1409,1374,1341,-0.0482611781405252
"13358","13358",1409,1374,1341,-0.0482611781405252
"921","921",1723,1728,1412,-0.180499129425421
"922","922",1844,1844,1844,0
"12075","12075",1844,1844,1844,0
"923","923",4981,4981,4883,-0.0196747641035937
"924","924",4335,4381,4381,0.0106113033448674
"925","925",3388,3388,3367,-0.00619834710743802
"926","926",8155,8107,8125,-0.00367872470876763
"927","927",3333,3333,3333,0
"928","928",2477,2483,2454,-0.00928542591844974
"12537","12537",2477,2483,2454,-0.00928542591844974
"929","929",5782,5781,5757,-0.00432376340366655
"930","930",2258,2335,2431,0.0766164747564216
"5536","5536",2258,2335,2431,0.0766164747564216
"5604","5604",2258,2335,2431,0.0766164747564216
"931","931",2205,2215,2215,0.00453514739229025
"932","932",1747,1913,1932,0.105895821408128
"933","933",5442,5441,5441,-0.000183755972069092
"934","934",6392,6392,6388,-0.000625782227784731
"935","935",2385,2374,2147,-0.09979035639413
"936","936",2672,2451,2456,-0.0808383233532934
"937","937",3663,3662,3666,0.000819000819000819
"938","938",8133,8495,8478,0.0424197713021025
"939","939",2794,2794,2881,0.0311381531853973
"940","940",2918,2887,2867,-0.0174777244688143
"941","941",4515,4515,4509,-0.00132890365448505
"942","942",1478,1457,1474,-0.0027063599458728
"1576","1576",1478,1457,1474,-0.0027063599458728
"14889","14889",1478,1457,1474,-0.0027063599458728
"943","943",1130,1157,1157,0.0238938053097345
"944","944",2108,2110,2110,0.00094876660341556
"945","945",3115,4075,4075,0.308186195826645
"946","946",2528,2528,2731,0.0803006329113924
"947","947",2422,2646,2373,-0.0202312138728324
"948","948",2656,2657,2616,-0.0150602409638554
"6519","6519",2656,2657,2616,-0.0150602409638554
"949","949",2656,2657,2657,0.000376506024096386
"950","950",1207,1150,1150,-0.0472245236122618
"951","951",1753,1753,1661,-0.0524814603536794
"952","952",2617,2607,2389,-0.0871226595338173
"953","953",3951,3708,4370,0.106049101493293
"954","954",1479,1478,1521,0.0283975659229209
"955","955",1591,1591,1591,0
"956","956",3351,3693,3693,0.102059086839749
"957","957",4508,4491,4488,-0.00443655723158829
"13957","13957",4508,4491,4488,-0.00443655723158829
"958","958",3004,4110,2965,-0.012982689747004
"959","959",7680,7675,4881,-0.364453125
"960","960",1730,1730,1138,-0.342196531791908
"961","961",11319,11837,11421,0.00901139676649881
"962","962",6428,6461,5283,-0.178126944617299
"963","963",3776,3776,3775,-0.000264830508474576
"964","964",2994,2981,2981,-0.00434201736806947
"965","965",2093,2100,2095,0.000955566172957477
"966","966",2362,2294,2152,-0.0889077053344623
"967","967",4031,4014,3526,-0.125279087075167
"968","968",7823,8263,8226,0.051514764156973
"969","969",8676,8910,8915,0.0275472568003688
"970","970",8367,8462,8208,-0.0190032269630692
"971","971",4000,3886,4204,0.051
"972","972",5103,5013,5408,0.0597687634724672
"973","973",4797,4796,4796,-0.000208463623097769
"974","974",1379,1379,1380,0.000725163161711385
"975","975",2166,2166,2048,-0.0544783010156971
"976","976",991,1093,1081,0.0908173562058527
"977","977",2264,2271,2272,0.00353356890459364
"16152","16152",2264,2271,2272,0.00353356890459364
"978","978",1719,1719,1718,-0.00058173356602676
"979","979",5333,5332,5451,0.0221263828989312
"980","980",6426,4894,4777,-0.256613756613757
"981","981",3051,3023,3023,-0.00917731891183219
"18900","18900",3051,3023,3023,-0.00917731891183219
"983","983",2323,2323,2562,0.102884201463625
"984","984",4378,4365,4563,0.0422567382366377
"985","985",8067,8658,8693,0.0776000991694558
"986","986",7676,7682,7684,0.00104220948410631
"987","987",3683,3682,3680,-0.000814553353244638
"988","988",5668,3341,3336,-0.411432604093155
"989","989",3456,3317,1625,-0.529803240740741
"990","990",2173,2173,1916,-0.11826967326277
"991","991",5179,5206,5206,0.00521336165282873
"992","992",12318,11728,11786,-0.0431888293554148
"993","993",1360,1575,1575,0.158088235294118
"994","994",3756,3738,3554,-0.0537806176783813
"995","995",2739,2514,2613,-0.0460021905805038
"10961","10961",2739,2514,2613,-0.0460021905805038
"996","996",7961,5824,5824,-0.268433613867605
"997","997",7097,7097,7098,0.000140904607580668
"998","998",2389,2390,2390,0.000418585182084554
"999","999",3046,3045,3032,-0.00459619172685489
"1000","1000",1671,1637,1643,-0.0167564332734889
"1059","1059",1671,1637,1643,-0.0167564332734889
"1001","1001",4118,4112,4736,0.150072850898494
"1002","1002",6122,6122,6201,0.0129042796471741
"1003","1003",3155,3156,3162,0.00221870047543582
"8990","8990",3155,3156,3162,0.00221870047543582
"1004","1004",4361,3343,3613,-0.171520293510663
"9841","9841",4361,3343,3613,-0.171520293510663
"1005","1005",2727,2727,3068,0.125045837917125
"1006","1006",8644,8661,8664,0.002313743637205
"1007","1007",4898,4898,4869,-0.00592078399346672
"1008","1008",2373,2310,2365,-0.00337126000842815
"1009","1009",1734,3036,3035,0.750288350634371
"1010","1010",2072,2073,2075,0.00144787644787645
"1011","1011",5655,4985,5272,-0.0677276746242264
"1012","1012",2842,2844,2803,-0.0137227304714989
"1013","1013",4325,4294,4291,-0.00786127167630058
"1014","1014",3211,3276,3276,0.0202429149797571
"1015","1015",5105,5105,5106,0.00019588638589618
"1016","1016",2530,2530,2558,0.0110671936758893
"1017","1017",4529,4525,4272,-0.0567454184146611
"1018","1018",2969,2969,2969,0
"1019","1019",2008,1863,1863,-0.0722111553784861
"1020","1020",6020,7402,7362,0.222923588039867
"1021","1021",5655,7037,6844,0.21025641025641
"1022","1022",3380,3379,3352,-0.00828402366863905
"1023","1023",2519,2459,2456,-0.0250099245732434
"1024","1024",3044,2579,2622,-0.138633377135348
"1025","1025",8570,8811,8744,0.0203033838973162
"1026","1026",1958,1958,1964,0.00306435137895812
"1027","1027",2247,2249,2249,0.000890075656430797
"1028","1028",3127,3206,3255,0.0409338023664855
"1029","1029",1964,1908,1954,-0.00509164969450102
"1030","1030",12788,12663,12665,-0.00961839224272756
"1031","1031",5213,5210,5257,0.00844043736811817
"1032","1032",7104,7229,7229,0.0175957207207207
"1033","1033",2400,2400,2649,0.10375
"10269","10269",2400,2400,2649,0.10375
"15701","15701",2400,2400,2649,0.10375
"1034","1034",5699,5699,5699,0
"1035","1035",1276,1276,1399,0.0963949843260188
"1036","1036",2269,2273,2468,0.0877038342882327
"1037","1037",1158,954,934,-0.193436960276339
"1038","1038",1735,1736,1736,0.000576368876080692
"1039","1039",3983,3981,3982,-0.000251067034898318
"1040","1040",2352,2352,2351,-0.000425170068027211
"1041","1041",929,942,1056,0.136706135629709
"1042","1042",2860,2567,2785,-0.0262237762237762
"1043","1043",2867,2868,2869,0.00069759330310429
"1044","1044",6636,7347,5899,-0.111060880048222
"1045","1045",1237,1205,1170,-0.0541632983023444
"18645","18645",1237,1205,1170,-0.0541632983023444
"18835","18835",1237,1205,1170,-0.0541632983023444
"1046","1046",3657,3655,4039,0.104457205359584
"1047","1047",2425,2203,2208,-0.0894845360824742
"1048","1048",5429,5028,4825,-0.111254374654633
"1049","1049",1787,1784,1988,0.112479015109121
"12352","12352",1787,1784,1988,0.112479015109121
"1050","1050",4760,5695,5503,0.15609243697479
"1051","1051",2841,2841,2617,-0.0788454769447378
"1052","1052",4118,4132,4131,0.00315687226809131
"1053","1053",4076,4076,4078,0.000490677134445535
"1054","1054",2932,2926,3043,0.0378581173260573
"1055","1055",15894,17099,17073,0.0741789354473386
"1056","1056",11824,9366,9146,-0.22648849797023
"1057","1057",4437,4437,4387,-0.0112688753662384
"1058","1058",3475,3470,3466,-0.00258992805755396
"1060","1060",2602,2638,2641,0.0149884704073789
"1061","1061",5257,6062,5262,0.000951112801978315
"1062","1062",4097,3959,3955,-0.0346595069563095
"1063","1063",10192,10192,10192,0
"1064","1064",4363,4363,4363,0
"1065","1065",4576,4547,4255,-0.0701486013986014
"1066","1066",3234,3925,3925,0.213667285095857
"1067","1067",2333,2337,2173,-0.0685812258894128
"1068","1068",1837,2171,2193,0.193794229722373
"1069","1069",3973,4415,4375,0.101182985149761
"1070","1070",3049,3055,2988,-0.020006559527714
"7788","7788",3049,3055,2988,-0.020006559527714
"1071","1071",2401,2401,2579,0.0741357767596835
"1072","1072",4984,5023,4991,0.00140449438202247
"1073","1073",2793,2549,2556,-0.0848549946294307
"17673","17673",2793,2549,2556,-0.0848549946294307
"1074","1074",1578,1578,1508,-0.0443599493029151
"1075","1075",1315,1315,1315,0
"1076","1076",3162,3161,3166,0.00126502213788741
"1077","1077",2270,2270,1808,-0.20352422907489
"1078","1078",9514,10716,10725,0.127286104687828
"1079","1079",7061,6639,6494,-0.0803002407590993
"1080","1080",2725,2725,2901,0.0645871559633028
"13528","13528",2725,2725,2901,0.0645871559633028
"1081","1081",1681,1681,1628,-0.0315288518738846
"1082","1082",2576,2576,2578,0.00077639751552795
"7557","7557",2576,2576,2578,0.00077639751552795
"1083","1083",6040,5016,5016,-0.16953642384106
"1084","1084",2489,2484,2330,-0.0638810767376456
"1085","1085",9656,9654,9635,-0.00217481358740679
"1086","1086",2512,2519,2519,0.00278662420382166
"1087","1087",7900,7761,7375,-0.0664556962025316
"1088","1088",2281,2281,2281,0
"17560","17560",2281,2281,2281,0
"1089","1089",1677,1621,1621,-0.0333929636255218
"2616","2616",1677,1621,1621,-0.0333929636255218
"15681","15681",1677,1621,1621,-0.0333929636255218
"16970","16970",1677,1621,1621,-0.0333929636255218
"1090","1090",11084,10921,10921,-0.0147058823529412
"1091","1091",1836,1878,1879,0.0234204793028322
"1092","1092",1682,1542,1742,0.0356718192627824
"1093","1093",2531,2531,2530,-0.000395100750691426
"1094","1094",1681,1936,1936,0.151695419393218
"1095","1095",8690,8928,9203,0.0590333716915995
"1096","1096",2250,2248,2251,0.000444444444444444
"16996","16996",2250,2248,2251,0.000444444444444444
"1097","1097",6995,6407,6541,-0.064903502501787
"1098","1098",1831,1844,1844,0.0070999453850355
"1099","1099",5258,5260,5259,0.000190186382655002
"1100","1100",6620,6597,6429,-0.0288519637462236
"1101","1101",5189,5884,5507,0.0612834842936982
"1102","1102",6550,6496,15310,1.33740458015267
"1103","1103",753,753,632,-0.160690571049137
"1104","1104",5157,5159,5158,0.000193911188675587
"1105","1105",4571,4243,4092,-0.104791074163203
"1106","1106",4786,4751,4751,-0.00731299623903051
"1107","1107",2089,2026,2026,-0.0301579703207276
"1108","1108",2456,2456,2913,0.186074918566775
"1109","1109",5754,5042,5038,-0.124435175530066
"1110","1110",2663,2508,2508,-0.0582050319188885
"1111","1111",2458,2504,2513,0.0223759153783564
"18970","18970",2458,2504,2513,0.0223759153783564
"1112","1112",1571,1668,1430,-0.0897517504774029
"2790","2790",1571,1668,1430,-0.0897517504774029
"1113","1113",1428,1460,1460,0.0224089635854342
"11730","11730",1428,1460,1460,0.0224089635854342
"16937","16937",1428,1460,1460,0.0224089635854342
"1114","1114",10018,9999,9973,-0.00449191455380315
"1115","1115",2399,2273,2467,0.0283451438099208
"1116","1116",4724,4725,4725,0.000211685012701101
"16178","16178",4724,4725,4725,0.000211685012701101
"1117","1117",2371,2371,3042,0.283002952340784
"1118","1118",1686,1717,1705,0.0112692763938316
"1119","1119",3081,3087,3265,0.0597208698474521
"17376","17376",3081,3087,3265,0.0597208698474521
"1120","1120",10951,10706,10698,-0.0231029129759839
"1121","1121",2960,2960,2961,0.000337837837837838
"2569","2569",2960,2960,2961,0.000337837837837838
"1122","1122",3104,3098,3092,-0.0038659793814433
"1123","1123",2281,2265,2264,-0.00745287154756686
"10325","10325",2281,2265,2264,-0.00745287154756686
"13174","13174",2281,2265,2264,-0.00745287154756686
"1124","1124",8221,8224,6047,-0.264444714754896
"1125","1125",4335,6618,6619,0.526874279123414
"1126","1126",4831,4830,4728,-0.0213206375491617
"1127","1127",12358,10177,10902,-0.117818417219615
"1128","1128",2438,2431,2440,0.000820344544708778
"8617","8617",2438,2431,2440,0.000820344544708778
"9950","9950",2438,2431,2440,0.000820344544708778
"1129","1129",5620,5523,5474,-0.0259786476868327
"3619","3619",5620,5523,5474,-0.0259786476868327
"1130","1130",4195,4451,4458,0.0626936829558999
"1131","1131",5516,5618,5390,-0.0228426395939086
"1132","1132",2410,2410,2262,-0.0614107883817427
"1904","1904",2410,2410,2262,-0.0614107883817427
"1133","1133",1641,1637,1637,-0.0024375380865326
"1134","1134",2403,2403,2340,-0.0262172284644195
"1135","1135",4296,4322,4303,0.00162942271880819
"1136","1136",3499,3492,3490,-0.00257216347527865
"1137","1137",1060,1102,1102,0.039622641509434
"1138","1138",3279,3292,3261,-0.00548947849954254
"1139","1139",4732,4658,5199,0.0986897717666948
"1140","1140",2855,2855,2916,0.0213660245183888
"1141","1141",2482,2482,2607,0.0503626107977438
"1142","1142",5272,5272,5026,-0.0466616084977238
"1143","1143",2249,2250,2310,0.0271231658514896
"1144","1144",2371,2371,2469,0.0413327709827077
"1145","1145",4469,4493,4444,-0.00559409263817409
"1146","1146",8315,8323,8604,0.0347564642212868
"1147","1147",5979,5979,5811,-0.0280983442047165
"1148","1148",3038,3038,3036,-0.000658327847267939
"9061","9061",3038,3038,3036,-0.000658327847267939
"1149","1149",3235,3202,2835,-0.123647604327666
"1150","1150",2996,2996,2955,-0.0136849132176235
"1151","1151",4994,4322,4680,-0.0628754505406488
"1152","1152",3659,2839,2838,-0.224378245422247
"1153","1153",1414,1215,1215,-0.140735502121641
"1154","1154",4651,4654,4332,-0.0685874005590196
"1156","1156",6362,6358,7404,0.163784973278843
"1157","1157",4551,4644,4540,-0.002417051197539
"1158","1158",2122,2122,2121,-0.000471253534401508
"2807","2807",2122,2122,2121,-0.000471253534401508
"3203","3203",2122,2122,2121,-0.000471253534401508
"1159","1159",948,960,1022,0.0780590717299578
"1878","1878",948,960,1022,0.0780590717299578
"1160","1160",1094,1139,1138,0.0402193784277879
"9549","9549",1094,1139,1138,0.0402193784277879
"1161","1161",6928,6243,6245,-0.0985854503464203
"1162","1162",2842,2906,2905,0.0221674876847291
"1163","1163",4934,4912,4792,-0.0287798946088366
"1164","1164",1027,1027,1324,0.28919182083739
"1165","1165",5364,7698,6925,0.291014168530947
"1166","1166",972,977,977,0.0051440329218107
"1167","1167",6548,6544,6759,0.0322235797189982
"1168","1168",2581,2589,2822,0.0933746609841147
"8691","8691",2581,2589,2822,0.0933746609841147
"14812","14812",2581,2589,2822,0.0933746609841147
"1169","1169",3668,3455,3455,-0.0580697928026172
"12523","12523",3668,3455,3455,-0.0580697928026172
"1170","1170",3890,3885,3892,0.00051413881748072
"1171","1171",3239,3980,3986,0.230626736647113
"1172","1172",1825,1825,1774,-0.0279452054794521
"1173","1173",4385,4382,4506,0.027594070695553
"1174","1174",1564,1839,1839,0.175831202046036
"5675","5675",1564,1839,1839,0.175831202046036
"1175","1175",2185,2219,2140,-0.0205949656750572
"6532","6532",2185,2219,2140,-0.0205949656750572
"1176","1176",5165,5283,4902,-0.050919651500484
"1177","1177",4207,4192,4178,-0.00689327311623485
"11240","11240",4207,4192,4178,-0.00689327311623485
"1178","1178",1790,1790,1608,-0.101675977653631
"1179","1179",4108,4108,4108,0
"1180","1180",3642,3633,3633,-0.00247116968698517
"1181","1181",2889,3341,3345,0.157840083073728
"1182","1182",1377,1380,1380,0.00217864923747277
"1183","1183",2347,2243,2238,-0.0464422667234768
"1184","1184",3580,3379,3598,0.00502793296089385
"1185","1185",2490,2490,2489,-0.000401606425702811
"1186","1186",3971,3702,3703,-0.0674892974061949
"1187","1187",2400,2400,2391,-0.00375
"13720","13720",2400,2400,2391,-0.00375
"1188","1188",2924,2254,2249,-0.230848153214774
"1189","1189",2630,2568,2568,-0.023574144486692
"15923","15923",2630,2568,2568,-0.023574144486692
"1190","1190",3345,3163,3535,0.0568011958146487
"1191","1191",3446,3446,3522,0.0220545560069646
"1192","1192",3092,2848,3084,-0.00258732212160414
"1193","1193",9440,10397,10398,0.101483050847458
"1194","1194",2297,2374,2374,0.0335219851980845
"1195","1195",2976,2976,2975,-0.000336021505376344
"1196","1196",3031,2710,2804,-0.0748927746618278
"1197","1197",2307,2140,2135,-0.0745557000433463
"1198","1198",2402,2292,2325,-0.0320566194837635
"4358","4358",2402,2292,2325,-0.0320566194837635
"1199","1199",3206,2984,3077,-0.0402370555208983
"1200","1200",4694,5066,5051,0.076054537707712
"1201","1201",6283,6307,6306,0.00366067165366863
"1202","1202",7224,4945,4945,-0.31547619047619
"3615","3615",7224,4945,4945,-0.31547619047619
"1203","1203",2366,2058,2059,-0.129754860524091
"12057","12057",2366,2058,2059,-0.129754860524091
"1205","1205",6009,6652,6810,0.133300049925112
"1206","1206",2346,2074,2074,-0.115942028985507
"19292","19292",2346,2074,2074,-0.115942028985507
"1207","1207",8877,8737,9251,0.0421313506815366
"1208","1208",1849,1890,1890,0.0221741481882098
"1209","1209",2551,2553,2516,-0.0137201097608781
"2547","2547",2551,2553,2516,-0.0137201097608781
"4212","4212",2551,2553,2516,-0.0137201097608781
"16028","16028",2551,2553,2516,-0.0137201097608781
"19343","19343",2551,2553,2516,-0.0137201097608781
"1210","1210",5928,6435,6374,0.0752361673414305
"13525","13525",5928,6435,6374,0.0752361673414305
"1211","1211",3974,3683,3682,-0.0734776044287871
"1212","1212",4863,4865,4958,0.0195352662965248
"1213","1213",5015,4706,4712,-0.0604187437686939
"1417","1417",5015,4706,4712,-0.0604187437686939
"1214","1214",3869,3869,3049,-0.211941070043939
"5885","5885",3869,3869,3049,-0.211941070043939
"1215","1215",8838,9772,9726,0.100475220638153
"1216","1216",6053,6053,6054,0.000165207335205683
"1217","1217",10439,10389,10371,-0.00651403391129418
"1218","1218",4544,4544,4573,0.00638204225352113
"1219","1219",3198,2576,2578,-0.193871169480926
"1220","1220",4140,4256,4245,0.0253623188405797
"1221","1221",11008,11838,11934,0.0841206395348837
"1222","1222",4236,4131,4131,-0.0247875354107649
"1223","1223",2830,2616,2616,-0.0756183745583039
"16763","16763",2830,2616,2616,-0.0756183745583039
"1224","1224",7345,6971,6966,-0.0515997277059224
"1225","1225",13512,10540,10454,-0.226317347542925
"1226","1226",4311,4311,4311,0
"1227","1227",3008,2934,2873,-0.0448803191489362
"1228","1228",1646,1646,1664,0.0109356014580802
"1229","1229",2143,2143,2027,-0.054129724685021
"1230","1230",10880,10870,11109,0.0210477941176471
"1231","1231",3836,3836,3836,0
"1232","1232",3126,3076,3135,0.00287907869481766
"1233","1233",3224,2515,2560,-0.205955334987593
"1234","1234",5039,5651,5656,0.122444929549514
"17309","17309",5039,5651,5656,0.122444929549514
"1235","1235",1835,1835,1783,-0.0283378746594005
"1236","1236",10764,10764,10390,-0.034745447788926
"1237","1237",4970,5193,4971,0.000201207243460765
"1238","1238",7669,6984,6986,-0.0890598513495893
"1239","1239",6665,7317,7219,0.0831207801950488
"16940","16940",6665,7317,7219,0.0831207801950488
"1240","1240",5501,5554,5431,-0.0127249590983458
"1241","1241",1599,1598,1659,0.0375234521575985
"1242","1242",2286,2139,2139,-0.0643044619422572
"1243","1243",4492,4450,4414,-0.0173642030276046
"1244","1244",4011,4002,3999,-0.00299177262528048
"1245","1245",1043,896,896,-0.140939597315436
"1246","1246",2596,2565,2565,-0.0119414483821263
"1247","1247",3573,3555,3447,-0.035264483627204
"15176","15176",3573,3555,3447,-0.035264483627204
"1248","1248",2689,2968,2931,0.0899962811454072
"1249","1249",2595,2595,2859,0.101734104046243
"1250","1250",4958,4958,4958,0
"1251","1251",5805,5792,5945,0.0241171403962102
"1252","1252",2008,1945,1705,-0.150896414342629
"19848","19848",2008,1945,1705,-0.150896414342629
"1254","1254",2572,2572,2572,0
"12144","12144",2572,2572,2572,0
"15481","15481",2572,2572,2572,0
"1256","1256",4903,4905,4905,0.000407913522333265
"1257","1257",5299,5299,4554,-0.140592564634837
"1258","1258",3071,3072,2579,-0.160208401172257
"1259","1259",2562,2238,2175,-0.151053864168618
"1260","1260",3123,2894,2893,-0.0736471341658662
"1261","1261",1133,1133,1133,0
"1262","1262",5981,5886,5807,-0.0290921250626985
"1263","1263",9790,9527,10066,0.0281920326864147
"1264","1264",7482,7421,8101,0.082731889869019
"1265","1265",1429,1089,1089,-0.237928621413576
"1266","1266",3039,3039,3033,-0.00197433366238894
"1267","1267",3449,3418,3418,-0.00898811249637576
"1268","1268",2655,2625,2625,-0.0112994350282486
"10059","10059",2655,2625,2625,-0.0112994350282486
"1269","1269",3152,3206,3094,-0.0184010152284264
"1270","1270",3776,3758,3759,-0.0045021186440678
"1271","1271",7570,7570,7307,-0.0347424042272127
"1272","1272",6866,6866,8342,0.214972327410428
"1273","1273",2792,2721,2721,-0.0254297994269341
"1274","1274",3857,3857,3901,0.0114078299196267
"19471","19471",3857,3857,3901,0.0114078299196267
"1275","1275",9351,9342,9075,-0.0295155598331729
"1276","1276",6785,6785,7704,0.135445836403832
"1277","1277",1149,1087,1063,-0.0748476936466493
"1278","1278",2495,2411,2411,-0.0336673346693387
"1279","1279",3306,3306,3302,-0.00120992135511192
"6924","6924",3306,3306,3302,-0.00120992135511192
"1280","1280",10214,7793,7759,-0.240356373604856
"1281","1281",1984,1974,1873,-0.0559475806451613
"1282","1282",3528,4155,4170,0.181972789115646
"1283","1283",941,941,941,0
"1284","1284",10900,10876,10905,0.000458715596330275
"1285","1285",7786,7584,7648,-0.0177241202157719
"1286","1286",2703,2701,2676,-0.00998890122086571
"1287","1287",1658,1703,1702,0.0265379975874548
"1288","1288",3797,3772,3772,-0.00658414537792994
"2345","2345",3797,3772,3772,-0.00658414537792994
"1289","1289",8752,6889,6018,-0.312385740402194
"1290","1290",7414,7451,7317,-0.0130833558133261
"1291","1291",2530,2530,2557,0.0106719367588933
"1292","1292",4465,4468,4465,0
"1293","1293",3298,3298,3298,0
"1294","1294",8830,8509,8547,-0.0320498301245753
"1295","1295",2970,2723,3155,0.0622895622895623
"8546","8546",2970,2723,3155,0.0622895622895623
"15588","15588",2970,2723,3155,0.0622895622895623
"1296","1296",3090,2693,2704,-0.124919093851133
"1297","1297",2711,2609,2606,-0.0387310955367023
"1299","1299",2659,2686,2625,-0.0127867619405792
"1300","1300",1470,1470,1470,0
"16049","16049",1470,1470,1470,0
"1301","1301",4469,4651,4651,0.0407249944059074
"1302","1302",2139,1818,1825,-0.146797568957457
"1303","1303",5548,5680,5835,0.0517303532804614
"1304","1304",2374,2374,2311,-0.0265374894692502
"1305","1305",6120,6121,6161,0.00669934640522876
"1306","1306",3065,3064,3059,-0.00195758564437194
"1307","1307",3907,3562,4634,0.186076273355516
"1308","1308",4908,3609,3591,-0.268337408312958
"1309","1309",7179,6980,7164,-0.00208942749686586
"1310","1310",3228,3313,3313,0.0263320941759603
"1311","1311",4505,4411,4416,-0.0197558268590455
"1312","1312",5117,5117,5118,0.000195427008012507
"1313","1313",5057,5250,5152,0.0187858414079494
"1314","1314",2697,2704,3137,0.163144234334446
"15596","15596",2697,2704,3137,0.163144234334446
"1315","1315",6363,6341,6334,-0.00455759861700456
"1316","1316",3833,3833,3804,-0.00756587529350378
"1317","1317",2084,2084,2081,-0.00143953934740883
"1318","1318",7325,7351,7263,-0.0084641638225256
"1319","1319",7783,7273,7213,-0.0732365411794938
"1320","1320",4914,5765,5770,0.174196174196174
"1321","1321",6108,6058,6103,-0.000818598559266536
"1322","1322",1594,1590,1590,-0.00250941028858218
"1323","1323",4686,4686,4467,-0.0467349551856594
"1325","1325",4306,4267,4267,-0.00905712958662332
"1326","1326",3007,3075,3076,0.0229464582640505
"1327","1327",7190,6793,7199,0.00125173852573018
"1328","1328",1403,1397,1517,0.0812544547398432
"1329","1329",2519,2519,2567,0.019055180627233
"1330","1330",2429,2429,2442,0.00535199670646357
"1331","1331",8008,9800,9693,0.210414585414585
"1332","1332",4156,4150,3789,-0.0883060635226179
"1333","1333",3369,3430,3487,0.0350252300385871
"10760","10760",3369,3430,3487,0.0350252300385871
"1334","1334",3292,3292,3085,-0.0628797083839611
"1335","1335",1996,2267,2024,0.0140280561122244
"1336","1336",7804,7571,7657,-0.0188364941055869
"1337","1337",5047,5047,5047,0
"1338","1338",10601,9765,9737,-0.0815017451183851
"1339","1339",2028,2174,2174,0.0719921104536489
"1340","1340",3996,3996,3988,-0.002002002002002
"1341","1341",3035,2648,2648,-0.127512355848435
"1342","1342",5062,5062,5040,-0.00434610825760569
"1343","1343",5717,5717,4491,-0.214448137134861
"1344","1344",3299,3639,3609,0.0939678690512276
"1345","1345",7132,7206,7268,0.0190689848569826
"1346","1346",2138,2138,3452,0.614593077642657
"1347","1347",3431,3130,3130,-0.0877295249198484
"1348","1348",6246,6248,6254,0.00128081972462376
"1349","1349",3465,2993,2936,-0.152669552669553
"1350","1350",3490,2778,2775,-0.20487106017192
"1351","1351",4830,4809,4310,-0.107660455486542
"1352","1352",8278,8265,8398,0.0144962551340904
"1353","1353",3417,3419,3350,-0.0196078431372549
"1354","1354",8264,8237,8208,-0.00677637947725073
"1355","1355",2871,2871,2871,0
"1356","1356",2087,2091,2091,0.00191662673694298
"1357","1357",3413,3308,3479,0.0193378259595664
"1358","1358",3665,3669,3951,0.0780354706684857
"1359","1359",2743,2744,2852,0.039737513671163
"1360","1360",5388,5496,5496,0.0200445434298441
"1361","1361",2946,2946,2998,0.0176510522742702
"1362","1362",992,992,1263,0.273185483870968
"1363","1363",1848,1848,1848,0
"1364","1364",3628,3628,3473,-0.0427232635060639
"1365","1365",5632,5633,5632,0
"1366","1366",2754,2754,2752,-0.000726216412490922
"8226","8226",2754,2754,2752,-0.000726216412490922
"18596","18596",2754,2754,2752,-0.000726216412490922
"1367","1367",1542,1542,1537,-0.00324254215304799
"1368","1368",14159,11837,11808,-0.166042799632742
"1369","1369",2704,2675,2675,-0.0107248520710059
"15451","15451",2704,2675,2675,-0.0107248520710059
"1370","1370",3318,2868,2868,-0.135623869801085
"1371","1371",4014,3724,3724,-0.0722471350274041
"1372","1372",6419,6338,6342,-0.0119956379498364
"1373","1373",1954,1956,1957,0.0015353121801433
"1374","1374",2347,2343,1767,-0.247123988069876
"2649","2649",2347,2343,1767,-0.247123988069876
"1375","1375",4678,4431,3474,-0.257374946558358
"1376","1376",3151,3151,3151,0
"9456","9456",3151,3151,3151,0
"1377","1377",3805,3735,3735,-0.0183968462549277
"1378","1378",4877,4878,4862,-0.00307566126717244
"1379","1379",2414,2480,2384,-0.0124275062137531
"1380","1380",3704,3058,3058,-0.174406047516199
"1381","1381",2677,2677,2722,0.0168098617855809
"1382","1382",6382,3641,3641,-0.429489188342212
"1383","1383",1950,1950,1950,0
"1384","1384",3419,3291,3288,-0.0383152968704299
"1385","1385",2499,2654,2375,-0.0496198479391757
"1386","1386",9443,9227,9151,-0.0309223763634438
"1387","1387",4116,3502,3500,-0.149659863945578
"1388","1388",1231,1231,1228,-0.00243704305442729
"1389","1389",1001,1001,787,-0.213786213786214
"1390","1390",7162,6975,6975,-0.0261100251326445
"1391","1391",4891,4901,4901,0.00204457166223676
"1392","1392",3832,3832,3832,0
"1393","1393",2378,2378,2422,0.0185029436501262
"1394","1394",4158,4158,4905,0.17965367965368
"1395","1395",5861,5902,5790,-0.0121139737246204
"1396","1396",9022,8796,7662,-0.150742629128796
"1397","1397",1299,1299,1379,0.0615858352578907
"1398","1398",2066,2111,2112,0.0222652468538238
"12701","12701",2066,2111,2112,0.0222652468538238
"1399","1399",3002,3169,3556,0.18454363757495
"1400","1400",4604,4588,4111,-0.107080799304952
"1401","1401",5164,5367,5367,0.0393106119287374
"1402","1402",6296,6657,6348,0.00825921219822109
"1403","1403",1757,1645,1645,-0.0637450199203187
"1404","1404",6786,6786,6509,-0.0408193339227822
"1405","1405",10470,10592,10411,-0.00563514804202483
"1406","1406",5331,5330,5330,-0.00018758206715438
"14445","14445",5331,5330,5330,-0.00018758206715438
"1407","1407",1019,856,856,-0.159960745829244
"1408","1408",3407,2973,2975,-0.126797769298503
"1409","1409",2979,3005,3327,0.116817724068479
"1410","1410",1682,1684,1628,-0.0321046373365042
"2082","2082",1682,1684,1628,-0.0321046373365042
"1411","1411",7718,7660,7707,-0.00142523969940399
"1412","1412",2278,2147,2148,-0.0570676031606673
"1413","1413",3338,3338,3339,0.000299580587177951
"1414","1414",3110,3105,2874,-0.0758842443729904
"1415","1415",7174,7180,7176,0.000278784499581823
"1416","1416",4419,4232,4233,-0.0420909708078751
"1418","1418",1621,1621,1513,-0.0666255397902529
"1419","1419",1468,1465,1465,-0.00204359673024523
"4531","4531",1468,1465,1465,-0.00204359673024523
"14008","14008",1468,1465,1465,-0.00204359673024523
"1420","1420",1243,1243,1173,-0.0563153660498793
"13847","13847",1243,1243,1173,-0.0563153660498793
"1421","1421",1434,1845,1845,0.286610878661088
"1422","1422",2753,2753,2748,-0.00181620050853614
"16883","16883",2753,2753,2748,-0.00181620050853614
"1423","1423",4154,4144,4112,-0.0101107366393837
"1424","1424",3331,3515,3517,0.0558390873611528
"1425","1425",1410,1410,1410,0
"1426","1426",3674,3668,3636,-0.0103429504627109
"1427","1427",6967,6905,6418,-0.0788000574135209
"1428","1428",5044,5058,4971,-0.0144726407613006
"1429","1429",3079,3093,3108,0.00941864241636895
"1430","1430",2014,2014,2014,0
"1431","1431",2751,2752,2773,0.00799709196655761
"1847","1847",2751,2752,2773,0.00799709196655761
"1432","1432",4632,4582,4574,-0.0125215889464594
"1433","1433",2819,2819,2818,-0.000354735721887194
"1434","1434",8231,8033,8145,-0.010448305187705
"1435","1435",6967,6965,6966,-0.000143533802210421
"1436","1436",3373,3373,3373,0
"1437","1437",1459,1427,1422,-0.0253598355037697
"19808","19808",1459,1427,1422,-0.0253598355037697
"1439","1439",2258,2258,3365,0.490256864481842
"1440","1440",7481,9480,9476,0.266675578131266
"1441","1441",10857,10858,9723,-0.104448742746615
"1442","1442",5782,5935,7219,0.248529920442753
"1443","1443",2132,2139,2146,0.00656660412757974
"18562","18562",2132,2139,2146,0.00656660412757974
"1444","1444",9975,9841,9839,-0.0136340852130326
"1445","1445",7103,7106,6263,-0.118259890187245
"1446","1446",3686,3689,3677,-0.00244167118827998
"1447","1447",2631,2625,2394,-0.0900798175598632
"1448","1448",2428,3329,3329,0.371087314662273
"1449","1449",1914,2100,1921,0.00365726227795193
"1450","1450",8699,9125,9086,0.0444878721692149
"1451","1451",2979,2979,2979,0
"1452","1452",3264,2865,2866,-0.121936274509804
"1453","1453",3708,4339,4451,0.200377562028047
"1454","1454",8207,8205,8205,-0.000243694407213354
"1455","1455",7064,6834,6837,-0.0321347678369196
"1456","1456",3544,3542,5061,0.428047404063205
"1457","1457",2311,2564,2564,0.109476417135439
"1503","1503",2311,2564,2564,0.109476417135439
"6130","6130",2311,2564,2564,0.109476417135439
"1458","1458",3215,3707,3739,0.16298600311042
"12127","12127",3215,3707,3739,0.16298600311042
"1459","1459",2606,2446,2499,-0.0410590943975441
"3333","3333",2606,2446,2499,-0.0410590943975441
"19667","19667",2606,2446,2499,-0.0410590943975441
"1460","1460",1990,1990,1990,0
"1461","1461",1340,1324,1324,-0.0119402985074627
"1462","1462",6793,6824,4937,-0.273222434859414
"1463","1463",2969,2956,2949,-0.00673627484001347
"1464","1464",3308,2259,2259,-0.317110036275695
"13139","13139",3308,2259,2259,-0.317110036275695
"1465","1465",3083,3083,3083,0
"1466","1466",4045,4040,4238,0.0477132262051916
"1467","1467",12374,12347,12340,-0.00274769678357847
"1468","1468",2179,2179,2604,0.195043597980725
"1469","1469",2216,2216,2218,0.000902527075812274
"1470","1470",8150,7843,7745,-0.0496932515337423
"1471","1471",9212,8835,9229,0.0018454190186713
"1472","1472",4506,4494,4491,-0.0033288948069241
"1473","1473",2880,2884,2671,-0.0725694444444445
"1474","1474",9632,9348,9644,0.00124584717607973
"1475","1475",2689,2382,2382,-0.114168835998512
"1476","1476",2055,2060,2065,0.0048661800486618
"1477","1477",6266,6521,5670,-0.0951165017555059
"1478","1478",8910,8854,8594,-0.0354657687991021
"1479","1479",8984,5592,5592,-0.377560106856634
"1480","1480",2247,2247,2247,0
"1481","1481",5199,5199,5195,-0.000769378726678207
"1482","1482",2557,2549,2549,-0.00312866640594447
"1483","1483",6631,6598,6417,-0.0322726587241743
"1484","1484",2690,2517,2517,-0.0643122676579926
"1486","1486",1395,1465,1465,0.0501792114695341
"1487","1487",5638,5635,5635,-0.000532103582830791
"1488","1488",2236,2278,2278,0.018783542039356
"1489","1489",1819,1806,1806,-0.00714678394722375
"7989","7989",1819,1806,1806,-0.00714678394722375
"1490","1490",4024,3929,3726,-0.0740556660039761
"1491","1491",3725,3725,3718,-0.00187919463087248
"13381","13381",3725,3725,3718,-0.00187919463087248
"1492","1492",3114,3114,3322,0.0667951188182402
"1493","1493",2302,2253,2253,-0.0212858384013901
"15683","15683",2302,2253,2253,-0.0212858384013901
"1494","1494",3023,2991,2968,-0.0181938471716838
"1495","1495",3040,3091,3091,0.0167763157894737
"1496","1496",2207,2188,2188,-0.00860897145446307
"1497","1497",8045,7786,7679,-0.0454940957116221
"1498","1498",2775,2494,2494,-0.101261261261261
"7674","7674",2775,2494,2494,-0.101261261261261
"15734","15734",2775,2494,2494,-0.101261261261261
"17347","17347",2775,2494,2494,-0.101261261261261
"1499","1499",919,919,919,0
"1500","1500",1635,1873,1873,0.145565749235474
"1501","1501",2168,2167,2146,-0.0101476014760148
"1502","1502",2223,2213,2182,-0.0184435447593342
"1504","1504",4291,4290,4403,0.0261011419249592
"1505","1505",3405,3405,3386,-0.00558002936857562
"1506","1506",3387,3380,3378,-0.00265721877767936
"1507","1507",13344,13754,13762,0.0313249400479616
"1508","1508",2982,2975,2959,-0.00771294433266264
"17561","17561",2982,2975,2959,-0.00771294433266264
"1509","1509",2403,2302,2339,-0.0266333749479817
"1510","1510",1986,2274,2274,0.145015105740181
"1511","1511",4577,4533,5212,0.138737164081276
"1512","1512",4266,4373,4252,-0.00328176277543366
"1513","1513",2491,2369,2395,-0.0385387394620634
"1514","1514",2185,2188,2196,0.00503432494279176
"1515","1515",6774,6774,6726,-0.0070859167404783
"1516","1516",2119,2119,2640,0.245870693723454
"1517","1517",9790,10819,9327,-0.0472931562819203
"1518","1518",3504,3586,3576,0.0205479452054795
"3067","3067",3504,3586,3576,0.0205479452054795
"1519","1519",4091,4062,4062,-0.0070887313615253
"1520","1520",5700,5700,5630,-0.012280701754386
"1521","1521",1123,884,920,-0.180765805877115
"1522","1522",2292,2292,2289,-0.00130890052356021
"1523","1523",4498,2785,2785,-0.380835927078702
"1524","1524",2040,1752,1752,-0.141176470588235
"1525","1525",9710,10058,10062,0.0362512873326468
"1526","1526",2951,2732,2732,-0.074212131480854
"1527","1527",3383,3504,3507,0.0366538575229087
"1528","1528",2167,2487,2483,0.14582371942778
"1529","1529",3172,3215,3215,0.0135561160151324
"5493","5493",3172,3215,3215,0.0135561160151324
"1530","1530",4899,4903,4845,-0.0110226576852419
"1531","1531",1660,1660,1567,-0.0560240963855422
"1532","1532",2600,2600,3248,0.249230769230769
"1533","1533",2362,2100,2425,0.0266723116003387
"11809","11809",2362,2100,2425,0.0266723116003387
"1534","1534",7316,4540,4465,-0.389693821760525
"1535","1535",4372,4396,4319,-0.0121225983531565
"1536","1536",830,830,752,-0.0939759036144578
"18546","18546",830,830,752,-0.0939759036144578
"1537","1537",1840,1840,1838,-0.00108695652173913
"1538","1538",7818,7986,3944,-0.495523151701202
"1539","1539",8148,8146,8123,-0.00306823760432008
"1540","1540",4062,4004,4004,-0.0142786804529788
"1541","1541",2186,2186,2093,-0.0425434583714547
"1834","1834",2186,2186,2093,-0.0425434583714547
"1542","1542",3550,3546,5191,0.462253521126761
"13770","13770",3550,3546,5191,0.462253521126761
"1544","1544",2364,2472,2472,0.0456852791878173
"1545","1545",2881,3104,3075,0.0673377299548768
"12738","12738",2881,3104,3075,0.0673377299548768
"1546","1546",1224,1193,1190,-0.0277777777777778
"1547","1547",1166,1166,1172,0.00514579759862779
"1548","1548",2369,2345,2346,-0.00970873786407767
"1549","1549",2516,2125,2126,-0.155007949125596
"1550","1550",10379,7036,6815,-0.343385682628384
"1551","1551",3688,3688,3692,0.00108459869848156
"1552","1552",3123,3092,3122,-0.00032020493115594
"1553","1553",3454,3395,3389,-0.0188187608569774
"3356","3356",3454,3395,3389,-0.0188187608569774
"1554","1554",3371,3617,3618,0.0732720261050133
"1555","1555",2573,2574,2574,0.000388651379712398
"1556","1556",2052,2052,2042,-0.00487329434697856
"1557","1557",2767,2761,2727,-0.0144560896277557
"1558","1558",2919,2775,2771,-0.0507022953066119
"1559","1559",5927,5227,5175,-0.126877003543108
"1560","1560",3983,3852,3840,-0.0359025859904595
"1561","1561",7526,7526,5353,-0.288732394366197
"1562","1562",7108,6813,6070,-0.146032639279685
"1563","1563",1199,1206,1206,0.00583819849874896
"1564","1564",2062,2062,2082,0.00969932104752667
"1565","1565",3563,3563,3564,0.000280662363177098
"1566","1566",2931,2506,2506,-0.145001705902422
"1567","1567",1888,1888,1932,0.0233050847457627
"1568","1568",3366,3368,3369,0.00089126559714795
"3508","3508",3366,3368,3369,0.00089126559714795
"1569","1569",4807,4614,4614,-0.0401497815685459
"1570","1570",1571,1736,1736,0.105028644175684
"16357","16357",1571,1736,1736,0.105028644175684
"1571","1571",1789,1789,1959,0.0950251537171604
"1572","1572",2064,2064,2064,0
"1573","1573",3443,3382,3385,-0.0168457740342724
"9511","9511",3443,3382,3385,-0.0168457740342724
"1574","1574",2002,2002,2005,0.0014985014985015
"1575","1575",3186,3186,3186,0
"1577","1577",2900,2853,2850,-0.0172413793103448
"1578","1578",6641,6645,6715,0.0111429001656377
"1579","1579",3684,3648,3648,-0.00977198697068404
"1580","1580",1987,2070,2069,0.0412682435832914
"7654","7654",1987,2070,2069,0.0412682435832914
"1581","1581",3366,3395,3384,0.0053475935828877
"1582","1582",3723,3515,3522,-0.0539887187751813
"1583","1583",2622,2620,2620,-0.0007627765064836
"4256","4256",2622,2620,2620,-0.0007627765064836
"11231","11231",2622,2620,2620,-0.0007627765064836
"19413","19413",2622,2620,2620,-0.0007627765064836
"1584","1584",1366,1735,1715,0.255490483162518
"2198","2198",1366,1735,1715,0.255490483162518
"2727","2727",1366,1735,1715,0.255490483162518
"4296","4296",1366,1735,1715,0.255490483162518
"1585","1585",6899,6184,6759,-0.0202927960573996
"1586","1586",3643,3647,3646,0.000823497117760088
"9353","9353",3643,3647,3646,0.000823497117760088
"1587","1587",9827,9827,8682,-0.116515721990435
"1588","1588",2086,2046,2046,-0.0191754554170662
"1589","1589",4909,4909,4907,-0.000407414952128743
"1590","1590",2163,2224,2240,0.0355987055016181
"1591","1591",5685,5685,5714,0.00510114335971856
"1592","1592",5740,6276,6276,0.0933797909407666
"1593","1593",3289,3184,3211,-0.0237154150197628
"1594","1594",2992,3182,3357,0.121991978609626
"1595","1595",4573,4544,4545,-0.00612289525475618
"1596","1596",10569,12439,11035,0.0440912101428707
"1597","1597",2513,2513,2601,0.0350179068842022
"15120","15120",2513,2513,2601,0.0350179068842022
"1598","1598",1380,1374,1374,-0.00434782608695652
"1599","1599",7216,7216,7197,-0.0026330376940133
"1600","1600",2843,2749,2757,-0.0302497361941611
"12520","12520",2843,2749,2757,-0.0302497361941611
"1601","1601",4004,4005,4048,0.010989010989011
"19260","19260",4004,4005,4048,0.010989010989011
"1602","1602",2123,2123,2327,0.09609043805935
"1603","1603",3212,3169,3167,-0.0140099626400996
"1604","1604",3764,3764,3423,-0.0905951115834219
"1605","1605",1782,1783,1601,-0.101571268237935
"1606","1606",2074,2074,2071,-0.00144648023143684
"19568","19568",2074,2074,2071,-0.00144648023143684
"1607","1607",1466,1464,1439,-0.0184174624829468
"1608","1608",2807,2807,2807,0
"1609","1609",3942,2795,2860,-0.274479959411466
"1610","1610",4755,4783,4776,0.00441640378548896
"1612","1612",2195,2191,2192,-0.00136674259681093
"1613","1613",2932,3105,3105,0.0590040927694407
"1614","1614",7607,6750,6731,-0.115157092151965
"1615","1615",4216,3506,3506,-0.168406072106262
"1616","1616",4320,4012,4045,-0.0636574074074074
"9499","9499",4320,4012,4045,-0.0636574074074074
"19598","19598",4320,4012,4045,-0.0636574074074074
"1617","1617",4466,4466,4345,-0.0270935960591133
"1618","1618",8290,4896,4896,-0.40940892641737
"1619","1619",10115,9613,9585,-0.0523974295600593
"1620","1620",3171,3144,3074,-0.0305897193314412
"1621","1621",3833,3831,3874,0.0106965823115053
"1622","1622",3488,3490,3536,0.0137614678899083
"1623","1623",2115,2097,2097,-0.00851063829787234
"1624","1624",2070,2070,2070,0
"1625","1625",3260,3264,3265,0.00153374233128834
"1626","1626",3320,3320,3389,0.0207831325301205
"1627","1627",8069,7285,8003,-0.00817945222456314
"1628","1628",1700,1703,1703,0.00176470588235294
"7602","7602",1700,1703,1703,0.00176470588235294
"1629","1629",3146,3146,3139,-0.00222504767959313
"1630","1630",1596,1588,1985,0.243734335839599
"9139","9139",1596,1588,1985,0.243734335839599
"11417","11417",1596,1588,1985,0.243734335839599
"1631","1631",6473,6378,6330,-0.022091765796385
"1632","1632",1688,2293,1719,0.0183649289099526
"1633","1633",2834,2832,2834,0
"1634","1634",5809,6107,6088,0.0480289206403856
"1635","1635",2564,2571,2515,-0.0191107644305772
"1636","1636",7184,6986,7006,-0.0247772828507795
"1637","1637",1289,1289,1240,-0.0380139643134213
"1638","1638",2419,2363,2354,-0.0268706076891277
"18118","18118",2419,2363,2354,-0.0268706076891277
"1639","1639",3080,3076,3076,-0.0012987012987013
"1640","1640",2685,2718,2718,0.0122905027932961
"1641","1641",1136,1132,1132,-0.00352112676056338
"19044","19044",1136,1132,1132,-0.00352112676056338
"1642","1642",3906,3904,3885,-0.00537634408602151
"1643","1643",2046,2046,1975,-0.0347018572825024
"1644","1644",1259,1259,1259,0
"1645","1645",5618,4204,4474,-0.203631185475258
"1647","1647",2907,2774,2774,-0.0457516339869281
"7104","7104",2907,2774,2774,-0.0457516339869281
"7417","7417",2907,2774,2774,-0.0457516339869281
"12992","12992",2907,2774,2774,-0.0457516339869281
"1648","1648",5067,5065,5040,-0.00532859680284192
"1649","1649",3443,3443,2769,-0.195759512053442
"1650","1650",1301,1301,1507,0.158339738662567
"1651","1651",4575,4578,4597,0.00480874316939891
"1652","1652",3821,3821,3822,0.000261711593823606
"1653","1653",9703,9703,8742,-0.0990415335463259
"1654","1654",3490,3490,3490,0
"1655","1655",6634,6648,6610,-0.00361772686162195
"1656","1656",892,846,855,-0.0414798206278027
"1657","1657",5140,5141,5105,-0.00680933852140078
"1658","1658",5361,5386,5622,0.0486849468382764
"1659","1659",3173,3179,3329,0.0491648282382603
"1660","1660",4332,4302,4439,0.0246999076638966
"1661","1661",9859,9857,10261,0.0407749264631301
"1662","1662",2265,2310,2310,0.0198675496688742
"1663","1663",2280,1971,1974,-0.134210526315789
"19271","19271",2280,1971,1974,-0.134210526315789
"1664","1664",4946,4917,4919,-0.0054589567327133
"1665","1665",3280,2686,2686,-0.18109756097561
"1666","1666",3082,3082,3185,0.0334198572355613
"1667","1667",4429,4323,4323,-0.0239331677579589
"1668","1668",2849,2849,2396,-0.159003159003159
"1669","1669",2890,2891,2873,-0.00588235294117647
"1670","1670",3169,3200,3170,0.000315556958030925
"1671","1671",4028,4028,4026,-0.000496524329692155
"1672","1672",1550,1550,1549,-0.000645161290322581
"1673","1673",4037,3969,3930,-0.0265048303195442
"1674","1674",2565,2595,2597,0.0124756335282651
"4286","4286",2565,2595,2597,0.0124756335282651
"1675","1675",3515,4450,4441,0.263442389758179
"13558","13558",3515,4450,4441,0.263442389758179
"1676","1676",15111,15821,17017,0.126133280391768
"1677","1677",3003,3001,2934,-0.022977022977023
"1678","1678",1078,850,851,-0.210575139146568
"1679","1679",3034,3034,2781,-0.0833882663150956
"1680","1680",1752,1751,1703,-0.0279680365296804
"1681","1681",8878,7249,7167,-0.192723586393332
"1682","1682",3088,3088,2333,-0.24449481865285
"1683","1683",2190,2182,2519,0.150228310502283
"2151","2151",2190,2182,2519,0.150228310502283
"1684","1684",2506,2484,2614,0.043096568236233
"1685","1685",4786,4786,4780,-0.00125365649811952
"1686","1686",1558,1558,1587,0.0186136071887035
"1687","1687",4411,4233,4241,-0.0385400136023577
"1688","1688",4591,4571,4515,-0.0165541276410368
"1689","1689",11804,10340,9250,-0.216367333107421
"1690","1690",4399,4535,4536,0.0311434416912935
"1691","1691",3503,3502,3578,0.0214102198115901
"1692","1692",6567,6266,6492,-0.0114207400639561
"1693","1693",4023,4015,4048,0.0062142679592344
"1694","1694",3575,3594,3750,0.048951048951049
"1695","1695",4048,3606,3606,-0.109189723320158
"1696","1696",2572,2586,2667,0.0369362363919129
"1697","1697",2068,2843,2829,0.367988394584139
"9324","9324",2068,2843,2829,0.367988394584139
"1698","1698",4467,4907,4875,0.0913364674278039
"6377","6377",4467,4907,4875,0.0913364674278039
"1699","1699",1576,1557,1476,-0.0634517766497462
"1700","1700",8213,8320,7806,-0.0495555826129307
"1701","1701",1635,1811,1813,0.108868501529052
"1702","1702",3836,3889,4229,0.10245046923879
"1703","1703",1788,1788,1770,-0.0100671140939597
"1704","1704",2786,2664,2662,-0.0445082555635319
"5391","5391",2786,2664,2662,-0.0445082555635319
"1705","1705",8638,7667,7670,-0.112062977541097
"1706","1706",1325,1334,1334,0.00679245283018868
"17647","17647",1325,1334,1334,0.00679245283018868
"18755","18755",1325,1334,1334,0.00679245283018868
"1707","1707",1713,1713,1713,0
"1708","1708",3581,3483,3510,-0.019826864004468
"1709","1709",6397,6390,6254,-0.0223542285446303
"1710","1710",2158,1606,1606,-0.255792400370714
"11454","11454",2158,1606,1606,-0.255792400370714
"1711","1711",2277,2690,2328,0.0223978919631094
"1712","1712",2448,2131,2127,-0.131127450980392
"1713","1713",2370,2402,2606,0.09957805907173
"1714","1714",3369,3286,3323,-0.0136539032353814
"15097","15097",3369,3286,3323,-0.0136539032353814
"1715","1715",3410,3916,3899,0.143401759530792
"14025","14025",3410,3916,3899,0.143401759530792
"1716","1716",2594,2509,2510,-0.0323824209714726
"1717","1717",3584,3584,3585,0.000279017857142857
"1718","1718",2644,2609,2536,-0.0408472012102874
"1719","1719",2649,2869,4612,0.741034352585881
"1720","1720",2451,2128,2264,-0.0762953896368829
"1721","1721",10832,10048,10169,-0.0612075332348597
"1722","1722",1707,1668,1700,-0.00410076157000586
"7110","7110",1707,1668,1700,-0.00410076157000586
"1723","1723",2143,2009,1931,-0.0989267382174522
"19757","19757",2143,2009,1931,-0.0989267382174522
"1724","1724",5314,5517,5517,0.0382009785472337
"14683","14683",5314,5517,5517,0.0382009785472337
"1725","1725",2537,2785,2751,0.0843515963736697
"1726","1726",2524,2643,2833,0.122424722662441
"1727","1727",5857,5869,5864,0.00119515110124637
"1728","1728",3602,3637,3563,-0.0108273181565797
"1729","1729",1637,1847,1846,0.127672571777642
"1730","1730",7590,8406,8407,0.10764163372859
"1731","1731",1117,901,901,-0.193375111906893
"1732","1732",10742,10275,10206,-0.0498975982126234
"1733","1733",4074,4122,4059,-0.00368188512518409
"1734","1734",7514,7512,10328,0.374500931594357
"1735","1735",1292,1293,1184,-0.0835913312693498
"16350","16350",1292,1293,1184,-0.0835913312693498
"1736","1736",4946,5775,5788,0.170238576627578
"1737","1737",3882,3464,3111,-0.198608964451314
"1738","1738",1437,1361,1392,-0.0313152400835073
"1739","1739",2012,2012,2188,0.0874751491053678
"1740","1740",2680,2680,2681,0.000373134328358209
"1741","1741",3253,3327,3327,0.0227482324008607
"1742","1742",3227,3227,3227,0
"1743","1743",6153,6182,6187,0.0055257597919714
"1744","1744",5054,5054,5056,0.000395726157499011
"1745","1745",949,1010,1010,0.0642781875658588
"1746","1746",7434,7408,7392,-0.00564971751412429
"1747","1747",2619,2841,2625,0.00229095074455899
"1748","1748",12632,11533,11547,-0.0858929702343255
"1749","1749",2920,2770,2770,-0.0513698630136986
"2525","2525",2920,2770,2770,-0.0513698630136986
"1750","1750",5022,3930,3929,-0.217642373556352
"1751","1751",2077,2003,2003,-0.0356283100625903
"1752","1752",1793,1642,1646,-0.0819854991634133
"1753","1753",4377,4381,4381,0.000913867946081791
"1754","1754",2465,2465,2465,0
"1755","1755",2357,2357,2365,0.00339414509970301
"1756","1756",2954,2942,2968,0.004739336492891
"1757","1757",3347,3347,3398,0.0152375261428145
"1758","1758",5628,5640,5640,0.00213219616204691
"1759","1759",4664,4513,4512,-0.032590051457976
"1760","1760",2230,2628,2684,0.203587443946188
"1761","1761",6182,2831,2802,-0.54674862504044
"1762","1762",949,1013,1016,0.0706006322444679
"1763","1763",2311,3091,3135,0.35655560363479
"8765","8765",2311,3091,3135,0.35655560363479
"1764","1764",2242,2223,2177,-0.0289919714540589
"1765","1765",4407,4410,4508,0.0229180848649875
"1766","1766",3802,3795,3795,-0.00184113624408206
"1767","1767",1831,1837,1834,0.00163844893500819
"1768","1768",7807,7944,7920,0.0144741898296401
"1769","1769",3313,3327,3545,0.0700271657108361
"1770","1770",5886,6192,6199,0.0531770302412504
"1771","1771",5248,5081,5082,-0.0316310975609756
"1772","1772",2748,2195,2194,-0.201601164483261
"3752","3752",2748,2195,2194,-0.201601164483261
"14696","14696",2748,2195,2194,-0.201601164483261
"1773","1773",5238,5279,5265,0.00515463917525773
"19828","19828",5238,5279,5265,0.00515463917525773
"1774","1774",2989,3210,3321,0.11107393777183
"1775","1775",2383,2383,2550,0.0700797314309694
"1776","1776",4834,4633,4634,-0.0413736036408771
"1777","1777",2911,2889,2887,-0.0082445894881484
"19177","19177",2911,2889,2887,-0.0082445894881484
"1778","1778",4910,4911,4911,0.000203665987780041
"1779","1779",5001,5005,5013,0.0023995200959808
"1780","1780",3366,3330,3326,-0.011883541295306
"13412","13412",3366,3330,3326,-0.011883541295306
"1781","1781",1613,1900,1900,0.177929324240546
"3316","3316",1613,1900,1900,0.177929324240546
"19031","19031",1613,1900,1900,0.177929324240546
"1782","1782",2545,2545,2545,0
"1783","1783",3179,3091,3090,-0.0279962252280591
"1784","1784",4333,5238,5283,0.219247634433418
"1785","1785",1562,1361,1361,-0.128681177976953
"4006","4006",1562,1361,1361,-0.128681177976953
"1786","1786",3764,3764,3759,-0.00132837407013815
"1787","1787",3795,3750,3746,-0.0129117259552042
"1788","1788",7676,6974,7244,-0.0562793121417405
"1789","1789",5099,5119,5250,0.0296136497352422
"1790","1790",2520,2523,2497,-0.00912698412698413
"1791","1791",3350,2723,2723,-0.187164179104478
"1792","1792",2426,2351,2437,0.00453421269579555
"1793","1793",1883,1947,1946,0.033457249070632
"1794","1794",6450,6723,7279,0.128527131782946
"1795","1795",1714,2017,2017,0.176779463243874
"7116","7116",1714,2017,2017,0.176779463243874
"1796","1796",11678,11621,12765,0.0930810070217503
"1797","1797",1511,1501,1384,-0.0840502978160159
"1798","1798",2295,2295,2296,0.000435729847494553
"11263","11263",2295,2295,2296,0.000435729847494553
"1799","1799",5682,5684,5635,-0.00827173530447026
"1800","1800",1541,1524,1524,-0.0110317975340688
"1801","1801",1818,1759,1503,-0.173267326732673
"1802","1802",1719,1494,1757,0.0221058755090169
"16528","16528",1719,1494,1757,0.0221058755090169
"1804","1804",1751,1909,1547,-0.116504854368932
"1805","1805",2034,2038,2038,0.00196656833824975
"10255","10255",2034,2038,2038,0.00196656833824975
"1806","1806",4112,4128,4109,-0.000729571984435798
"1807","1807",4718,4718,4695,-0.00487494701144553
"1808","1808",2477,2166,2366,-0.0448122729107792
"1809","1809",3571,3571,3575,0.00112013441612994
"1810","1810",4406,3677,3677,-0.165456196096232
"1811","1811",8238,8261,7641,-0.0724690458849235
"1812","1812",8099,8110,8358,0.0319792566983578
"1813","1813",14818,15397,15427,0.0410986637872857
"1814","1814",1439,1324,1307,-0.0917303683113273
"1815","1815",11709,9215,9062,-0.226065419762576
"1816","1816",2653,2652,2688,0.0131926121372032
"1817","1817",1531,1534,1607,0.0496407576747224
"1818","1818",7316,7447,7266,-0.00683433570256971
"1819","1819",1847,1846,1863,0.00866269626421224
"10154","10154",1847,1846,1863,0.00866269626421224
"1820","1820",8590,8590,7606,-0.114551804423749
"1821","1821",8699,8716,9572,0.100356362800322
"1823","1823",2661,2661,2663,0.000751597143930853
"1824","1824",6070,6017,6016,-0.00889621087314662
"1825","1825",4226,4207,4178,-0.0113582584003786
"14948","14948",4226,4207,4178,-0.0113582584003786
"1826","1826",9575,8146,7984,-0.166161879895561
"1827","1827",2149,2149,2149,0
"1828","1828",961,964,960,-0.00104058272632674
"11345","11345",961,964,960,-0.00104058272632674
"1829","1829",6493,5801,5801,-0.10657631295241
"1830","1830",4622,4406,4346,-0.0597144093466032
"1831","1831",3181,2599,2936,-0.0770198050927381
"1832","1832",2610,2736,2736,0.0482758620689655
"1833","1833",3537,3537,3537,0
"1835","1835",3238,3343,3343,0.0324274243360099
"1836","1836",1302,1302,1334,0.0245775729646697
"1837","1837",2228,2228,2342,0.0511669658886894
"1838","1838",6904,6931,6815,-0.012891077636153
"1839","1839",3480,3481,3491,0.00316091954022989
"1840","1840",4699,4694,6659,0.417110023409236
"1841","1841",3428,3428,3426,-0.00058343057176196
"1842","1842",5326,5468,5487,0.0302290649643259
"1843","1843",4122,4122,4124,0.000485201358563804
"1844","1844",4672,4509,4506,-0.0355308219178082
"1845","1845",3914,3922,3922,0.00204394481349004
"1846","1846",2707,2707,2405,-0.111562615441448
"1848","1848",2059,2101,2089,0.014570179698883
"1849","1849",4014,4297,3904,-0.0274040857000498
"1850","1850",13695,13695,13735,0.00292077400511135
"1851","1851",4534,4533,4532,-0.000441111601235112
"1852","1852",2764,2281,2281,-0.174746743849493
"17780","17780",2764,2281,2281,-0.174746743849493
"1853","1853",4661,4668,4477,-0.0394765071872989
"1854","1854",10734,11127,10944,0.019564002235886
"1855","1855",2618,2579,2611,-0.00267379679144385
"1856","1856",5686,5375,5500,-0.0327119240239184
"1857","1857",6029,6029,6000,-0.00481008459114281
"1858","1858",2837,2694,2547,-0.102220655622136
"1859","1859",1713,1757,1841,0.0747227086981903
"1860","1860",4981,5001,4985,0.000803051596065047
"1861","1861",895,843,843,-0.0581005586592179
"1862","1862",1780,1764,1764,-0.00898876404494382
"1863","1863",9694,9311,8936,-0.0781926965133072
"1864","1864",2632,2600,2600,-0.0121580547112462
"1865","1865",5291,5292,5235,-0.0105840105840106
"1866","1866",1149,1149,1386,0.206266318537859
"7944","7944",1149,1149,1386,0.206266318537859
"1867","1867",4990,4973,4979,-0.00220440881763527
"1868","1868",6582,6659,6637,0.00835612275903981
"1870","1870",11621,8356,8327,-0.283452370708201
"1871","1871",3204,3194,2610,-0.185393258426966
"5157","5157",3204,3194,2610,-0.185393258426966
"1872","1872",3037,3075,3075,0.0125123477115575
"6734","6734",3037,3075,3075,0.0125123477115575
"1873","1873",2392,2392,2435,0.0179765886287625
"13204","13204",2392,2392,2435,0.0179765886287625
"1874","1874",3386,3386,2990,-0.116952155936208
"11729","11729",3386,3386,2990,-0.116952155936208
"1875","1875",4721,4722,5004,0.0599449269222622
"1876","1876",1951,1953,1928,-0.0117888262429523
"3931","3931",1951,1953,1928,-0.0117888262429523
"6361","6361",1951,1953,1928,-0.0117888262429523
"1877","1877",898,894,894,-0.0044543429844098
"1879","1879",2480,2480,2419,-0.0245967741935484
"1880","1880",1777,1901,1901,0.0697805289814294
"1881","1881",1246,1243,1440,0.15569823434992
"17504","17504",1246,1243,1440,0.15569823434992
"1882","1882",1060,1191,929,-0.123584905660377
"1883","1883",1669,1669,1669,0
"1884","1884",5647,5658,5733,0.0152293253054719
"1885","1885",1466,1614,1614,0.100954979536153
"1886","1886",1480,1481,1378,-0.0689189189189189
"14726","14726",1480,1481,1378,-0.0689189189189189
"1887","1887",1979,1979,2921,0.47599797877716
"1888","1888",2677,2677,2677,0
"1889","1889",1573,1574,1583,0.00635727908455181
"1890","1890",1498,1748,1748,0.166889185580774
"18657","18657",1498,1748,1748,0.166889185580774
"1891","1891",5400,5400,5446,0.00851851851851852
"1892","1892",3200,2627,2760,-0.1375
"1893","1893",8387,8522,8485,0.0116847502086563
"1894","1894",2886,2882,2882,-0.00138600138600139
"1895","1895",2514,2516,2519,0.00198886237072395
"1896","1896",4108,4130,3837,-0.065968841285297
"1897","1897",2522,2690,2790,0.106264869151467
"1898","1898",5327,5461,5462,0.0253425943307678
"1899","1899",6289,6254,6072,-0.0345046907298458
"1900","1900",3307,3304,3179,-0.0387057756274569
"1901","1901",2968,1697,1694,-0.429245283018868
"2784","2784",2968,1697,1694,-0.429245283018868
"1902","1902",1100,1138,1138,0.0345454545454545
"6403","6403",1100,1138,1138,0.0345454545454545
"1903","1903",1759,1782,1794,0.0198976691301876
"19085","19085",1759,1782,1794,0.0198976691301876
"1905","1905",2199,2134,2137,-0.0281946339245111
"18908","18908",2199,2134,2137,-0.0281946339245111
"19093","19093",2199,2134,2137,-0.0281946339245111
"1906","1906",1460,1460,1460,0
"1907","1907",3413,3382,3383,-0.00878992089071198
"1908","1908",4344,4275,4050,-0.0676795580110497
"1909","1909",8818,8783,8729,-0.0100929916080744
"1910","1910",2579,2579,2580,0.000387747188832881
"1911","1911",1439,1431,1368,-0.0493398193189715
"1912","1912",3051,3051,3286,0.0770239265814487
"1913","1913",2633,2633,2495,-0.052411697683251
"1914","1914",708,708,893,0.261299435028249
"1915","1915",3949,6299,6298,0.594834135224107
"1916","1916",4120,4134,4084,-0.0087378640776699
"8586","8586",4120,4134,4084,-0.0087378640776699
"1917","1917",1882,1885,1885,0.00159404888416578
"1918","1918",8024,7821,7803,-0.0275423728813559
"1919","1919",2574,2574,2675,0.0392385392385392
"8962","8962",2574,2574,2675,0.0392385392385392
"1920","1920",3658,3586,3581,-0.0210497539639147
"1921","1921",2407,2403,2401,-0.00249272953884504
"1922","1922",2603,2703,2680,0.0295812524010757
"1923","1923",1959,1941,1943,-0.00816743236345074
"16085","16085",1959,1941,1943,-0.00816743236345074
"18973","18973",1959,1941,1943,-0.00816743236345074
"1924","1924",3609,3604,3658,0.0135771681906345
"1925","1925",2051,2051,2048,-0.00146270112140419
"1926","1926",2041,2039,2037,-0.00195982361587457
"1927","1927",1986,2108,2073,0.0438066465256798
"1928","1928",3694,3576,3454,-0.0649702219815918
"1929","1929",3826,3812,3949,0.0321484579194982
"1930","1930",8030,8635,8039,0.00112079701120797
"1931","1931",1556,1447,1447,-0.0700514138817481
"18686","18686",1556,1447,1447,-0.0700514138817481
"1932","1932",1877,1877,1792,-0.0452850293020778
"16249","16249",1877,1877,1792,-0.0452850293020778
"1933","1933",3989,3989,3990,0.000250689395838556
"1934","1934",1708,1708,1672,-0.0210772833723653
"1935","1935",1290,1367,1368,0.0604651162790698
"9247","9247",1290,1367,1368,0.0604651162790698
"1936","1936",3636,3625,3606,-0.00825082508250825
"1937","1937",3983,3983,4604,0.155912628671855
"1938","1938",3000,3027,2965,-0.0116666666666667
"1939","1939",4504,4136,3793,-0.157859680284192
"1940","1940",2995,2996,2971,-0.00801335559265442
"7485","7485",2995,2996,2971,-0.00801335559265442
"1941","1941",3537,3408,3520,-0.00480633305060786
"1942","1942",3434,3434,3453,0.00553290623179965
"1943","1943",8253,8252,8657,0.0489518962801406
"1944","1944",2088,2085,2034,-0.0258620689655172
"11873","11873",2088,2085,2034,-0.0258620689655172
"18260","18260",2088,2085,2034,-0.0258620689655172
"1945","1945",4520,4538,4542,0.00486725663716814
"1946","1946",2257,3302,3302,0.463003987594152
"6027","6027",2257,3302,3302,0.463003987594152
"14607","14607",2257,3302,3302,0.463003987594152
"1947","1947",5102,5102,7650,0.499411995295962
"1948","1948",2648,2648,2668,0.00755287009063444
"1949","1949",1650,1650,1650,0
"1950","1950",2775,2775,2779,0.00144144144144144
"3936","3936",2775,2775,2779,0.00144144144144144
"1951","1951",1455,1733,1765,0.213058419243986
"1952","1952",1027,994,995,-0.0311587147030185
"1953","1953",4266,3892,3970,-0.0693858415377403
"1954","1954",12968,12962,14668,0.131091918568785
"1955","1955",2083,2083,1906,-0.0849735957753241
"1956","1956",1832,1630,1630,-0.110262008733624
"2722","2722",1832,1630,1630,-0.110262008733624
"4443","4443",1832,1630,1630,-0.110262008733624
"8251","8251",1832,1630,1630,-0.110262008733624
"1957","1957",2216,2209,2210,-0.00270758122743682
"10427","10427",2216,2209,2210,-0.00270758122743682
"1958","1958",1977,2196,2232,0.128983308042489
"1959","1959",4032,4032,4024,-0.00198412698412698
"1960","1960",3476,3476,3479,0.000863060989643268
"1961","1961",8457,8458,8419,-0.00449331914390446
"1962","1962",7624,7632,7463,-0.0211175236096537
"1963","1963",2679,2678,4328,0.615528182157521
"1964","1964",3504,4045,3440,-0.0182648401826484
"5931","5931",3504,4045,3440,-0.0182648401826484
"1965","1965",2956,3322,3883,0.313599458728011
"1966","1966",8937,8947,8950,0.00145462683227034
"1967","1967",732,607,532,-0.273224043715847
"1968","1968",1577,1577,1577,0
"1969","1969",8967,9559,9770,0.0895505743280919
"1970","1970",5331,5282,6288,0.179516038266742
"12749","12749",5331,5282,6288,0.179516038266742
"1971","1971",4201,4205,4205,0.000952154248988336
"1972","1972",2126,2019,2043,-0.0390404515522107
"9361","9361",2126,2019,2043,-0.0390404515522107
"1973","1973",1405,1401,1406,0.000711743772241993
"1974","1974",3489,3458,3400,-0.0255087417598166
"1975","1975",1997,2018,2268,0.135703555332999
"3326","3326",1997,2018,2268,0.135703555332999
"1976","1976",2608,2612,2598,-0.00383435582822086
"1977","1977",1428,1428,1430,0.00140056022408964
"3377","3377",1428,1428,1430,0.00140056022408964
"1978","1978",3124,3101,3045,-0.0252880921895006
"1979","1979",1794,1794,1759,-0.0195094760312152
"14588","14588",1794,1794,1759,-0.0195094760312152
"1980","1980",2889,2893,2893,0.00138456213222568
"1981","1981",3760,3790,3963,0.0539893617021277
"7158","7158",3760,3790,3963,0.0539893617021277
"1982","1982",2334,1929,1942,-0.167952013710368
"13828","13828",2334,1929,1942,-0.167952013710368
"14491","14491",2334,1929,1942,-0.167952013710368
"1983","1983",4757,4282,4677,-0.0168173218414967
"1984","1984",11796,11599,11629,-0.0141573414716853
"1985","1985",1256,1256,1256,0
"1986","1986",10467,10416,10170,-0.0283748925193465
"1987","1987",2774,2795,2792,0.00648882480173035
"1988","1988",8915,8903,8807,-0.0121144139091419
"1989","1989",2895,2882,2882,-0.00449050086355786
"1990","1990",4813,4813,4762,-0.010596301682942
"1991","1991",2691,2227,2227,-0.172426607209216
"3458","3458",2691,2227,2227,-0.172426607209216
"1992","1992",3790,4786,4546,0.199472295514512
"6632","6632",3790,4786,4546,0.199472295514512
"19117","19117",3790,4786,4546,0.199472295514512
"1993","1993",4045,4049,4049,0.000988875154511743
"1994","1994",11261,8614,8672,-0.229908533877986
"1995","1995",1972,1907,1907,-0.0329614604462475
"1996","1996",8060,8511,10057,0.247766749379653
"1997","1997",3770,3838,3837,0.0177718832891247
"7585","7585",3770,3838,3837,0.0177718832891247
"1998","1998",5515,5520,5743,0.0413417951042611
"2000","2000",1230,1234,1231,0.000813008130081301
"10533","10533",1230,1234,1231,0.000813008130081301
"13250","13250",1230,1234,1231,0.000813008130081301
"2001","2001",3068,3071,3071,0.000977835723598436
"2002","2002",2540,2547,2547,0.00275590551181102
"8120","8120",2540,2547,2547,0.00275590551181102
"2003","2003",2997,3018,3025,0.00934267600934268
"2004","2004",1929,1929,1967,0.0196993260756869
"15108","15108",1929,1929,1967,0.0196993260756869
"2005","2005",1970,2063,1962,-0.00406091370558376
"17194","17194",1970,2063,1962,-0.00406091370558376
"2006","2006",3349,3453,3295,-0.0161242161839355
"2007","2007",4356,4360,4848,0.112947658402204
"2008","2008",5301,4085,4009,-0.243727598566308
"2009","2009",3025,3025,2992,-0.0109090909090909
"2010","2010",5177,5175,5694,0.0998647865559204
"2011","2011",2716,2716,2939,0.0821060382916053
"2012","2012",4647,4632,4615,-0.00688616311598881
"2013","2013",5525,5280,5396,-0.0233484162895928
"2014","2014",1454,1483,1352,-0.0701513067400275
"16069","16069",1454,1483,1352,-0.0701513067400275
"2015","2015",5296,6135,5950,0.123489425981873
"2016","2016",5098,4954,5419,0.0629658689682228
"2017","2017",2758,2758,2758,0
"2018","2018",7421,7277,5185,-0.301307101468805
"2019","2019",2606,2608,2687,0.0310821181887951
"2020","2020",6097,6091,6670,0.0939806462194522
"2021","2021",2839,2808,2808,-0.0109193377949982
"2022","2022",1731,1737,1746,0.00866551126516464
"2023","2023",3501,3469,3588,0.0248500428449015
"2024","2024",5468,5429,5447,-0.00384052670080468
"2025","2025",2657,2748,2748,0.0342491531802785
"12581","12581",2657,2748,2748,0.0342491531802785
"2026","2026",1996,1976,1803,-0.0966933867735471
"2027","2027",11468,11802,11666,0.0172654342518312
"2028","2028",1505,1721,1721,0.143521594684385
"2029","2029",3470,3445,3416,-0.0155619596541787
"2030","2030",4046,3991,3989,-0.014087988136431
"5841","5841",4046,3991,3989,-0.014087988136431
"16492","16492",4046,3991,3989,-0.014087988136431
"2031","2031",4525,4333,4526,0.000220994475138122
"2032","2032",3767,3767,3742,-0.00663658083355455
"2033","2033",3303,3303,2731,-0.173175900696337
"2034","2034",3655,2864,2863,-0.216689466484268
"2035","2035",4957,4825,5047,0.0181561428283236
"2036","2036",5972,5907,5969,-0.000502344273275285
"2037","2037",2040,2280,2279,0.117156862745098
"16597","16597",2040,2280,2279,0.117156862745098
"2038","2038",3112,3112,3190,0.0250642673521851
"2039","2039",15626,14029,13993,-0.104505311660054
"2040","2040",1082,1027,1353,0.250462107208872
"2041","2041",8378,8465,8236,-0.0169491525423729
"2042","2042",1341,1328,1565,0.167039522744221
"18317","18317",1341,1328,1565,0.167039522744221
"2043","2043",3003,3000,2875,-0.0426240426240426
"2044","2044",2063,2063,2064,0.000484730974309258
"2045","2045",6259,6057,6048,-0.0337114555040741
"2046","2046",5520,5513,5494,-0.00471014492753623
"2047","2047",1576,1576,1576,0
"2048","2048",1573,1573,3796,1.41322314049587
"2049","2049",1785,2007,1963,0.0997198879551821
"2050","2050",4090,4099,4098,0.0019559902200489
"2051","2051",7144,7173,6226,-0.128499440089586
"2052","2052",3310,3676,3672,0.109365558912387
"2053","2053",2600,2600,2595,-0.00192307692307692
"2054","2054",2611,2611,2610,-0.000382995021064726
"2055","2055",5512,5511,5501,-0.00199564586357039
"2056","2056",3122,3122,3070,-0.0166559897501602
"2057","2057",2255,2511,2511,0.113525498891353
"2058","2058",4505,4460,4455,-0.0110987791342952
"2059","2059",2597,3748,3748,0.443203696572969
"2060","2060",1802,1918,2015,0.118201997780244
"2061","2061",2384,2340,3929,0.648070469798658
"2062","2062",1490,1490,1501,0.00738255033557047
"2063","2063",6026,6195,6207,0.0300365084633256
"2064","2064",4012,4086,3624,-0.0967098703888335
"2065","2065",2008,1885,1884,-0.0617529880478088
"2066","2066",809,809,803,-0.00741656365883807
"2067","2067",7011,7354,7315,0.043360433604336
"12011","12011",7011,7354,7315,0.043360433604336
"2068","2068",1625,1738,1892,0.164307692307692
"5986","5986",1625,1738,1892,0.164307692307692
"2069","2069",2522,3205,3205,0.270816812053925
"2070","2070",1426,1400,1404,-0.0154277699859748
"18450","18450",1426,1400,1404,-0.0154277699859748
"2071","2071",3955,3947,3944,-0.00278128950695322
"3503","3503",3955,3947,3944,-0.00278128950695322
"3627","3627",3955,3947,3944,-0.00278128950695322
"4002","4002",3955,3947,3944,-0.00278128950695322
"4304","4304",3955,3947,3944,-0.00278128950695322
"6226","6226",3955,3947,3944,-0.00278128950695322
"6359","6359",3955,3947,3944,-0.00278128950695322
"7616","7616",3955,3947,3944,-0.00278128950695322
"13281","13281",3955,3947,3944,-0.00278128950695322
"14030","14030",3955,3947,3944,-0.00278128950695322
"16827","16827",3955,3947,3944,-0.00278128950695322
"18324","18324",3955,3947,3944,-0.00278128950695322
"2072","2072",3290,3272,3272,-0.00547112462006079
"2073","2073",4402,4049,4049,-0.0801908223534757
"2074","2074",1019,987,963,-0.0549558390578999
"2075","2075",4157,4157,4026,-0.0315131104161655
"2076","2076",4304,4318,4287,-0.00394981412639405
"2077","2077",6550,6485,6924,0.0570992366412214
"2078","2078",4081,4093,4062,-0.00465572163685371
"2079","2079",2883,2933,2936,0.0183836281651058
"8677","8677",2883,2933,2936,0.0183836281651058
"2080","2080",12616,12889,12848,0.0183893468611287
"2081","2081",2865,3265,3261,0.138219895287958
"2168","2168",2865,3265,3261,0.138219895287958
"14771","14771",2865,3265,3261,0.138219895287958
"2083","2083",3308,3359,3433,0.0377871825876663
"2084","2084",2329,2259,2199,-0.055817947617003
"2085","2085",6096,5702,5492,-0.0990813648293963
"2086","2086",5034,5034,4305,-0.144815256257449
"2087","2087",2806,2806,2806,0
"12650","12650",2806,2806,2806,0
"2088","2088",2309,2308,2457,0.0640970116933738
"2089","2089",4171,4171,4174,0.000719251977942939
"2090","2090",2540,2517,2517,-0.00905511811023622
"2091","2091",1210,1108,1134,-0.0628099173553719
"2092","2092",1852,1851,1890,0.0205183585313175
"2093","2093",7677,7386,7382,-0.0384264686726586
"2094","2094",3683,3683,3885,0.0548465924518056
"2095","2095",3295,3311,3051,-0.074051593323217
"10595","10595",3295,3311,3051,-0.074051593323217
"2096","2096",2546,2388,2602,0.0219952867242734
"8074","8074",2546,2388,2602,0.0219952867242734
"2097","2097",2793,2795,2428,-0.130683852488364
"3677","3677",2793,2795,2428,-0.130683852488364
"3955","3955",2793,2795,2428,-0.130683852488364
"2098","2098",1862,1862,1864,0.00107411385606874
"2099","2099",7540,6828,6829,-0.0942970822281167
"2100","2100",4290,4099,4103,-0.0435897435897436
"19570","19570",4290,4099,4103,-0.0435897435897436
"2101","2101",2804,2931,2798,-0.0021398002853067
"2102","2102",1911,1911,1990,0.0413396127681842
"2713","2713",1911,1911,1990,0.0413396127681842
"2103","2103",2747,2438,2438,-0.112486348744084
"2104","2104",1495,1495,1952,0.305685618729097
"2105","2105",3834,3787,3786,-0.0125195618153365
"2106","2106",2942,2942,2890,-0.017675050985724
"2107","2107",5918,6068,5796,-0.0206150726596823
"2108","2108",4131,4122,4089,-0.0101670297748729
"2109","2109",1792,1800,1801,0.00502232142857143
"2110","2110",1052,963,963,-0.0846007604562738
"2111","2111",2295,2327,1865,-0.187363834422658
"2112","2112",1234,1234,1235,0.000810372771474878
"2113","2113",2800,2620,2612,-0.0671428571428571
"2114","2114",2368,2368,2366,-0.000844594594594595
"2115","2115",1920,1891,1892,-0.0145833333333333
"2116","2116",3523,3537,3518,-0.00141924496168039
"2117","2117",3829,3821,3823,-0.00156698876991382
"2118","2118",10302,8031,8002,-0.223257619879635
"2119","2119",3145,3143,3140,-0.00158982511923688
"2120","2120",2113,2113,2120,0.00331282536677709
"2121","2121",2092,2032,1738,-0.169216061185468
"2122","2122",2732,2446,2440,-0.10688140556369
"2123","2123",2054,2599,2598,0.264849074975657
"2124","2124",9175,7989,8134,-0.113460490463215
"2125","2125",4592,4778,4581,-0.00239547038327526
"2126","2126",3920,3916,3919,-0.000255102040816327
"2127","2127",6411,6412,6373,-0.00592731243175792
"2128","2128",2689,2603,2425,-0.0981777612495351
"2129","2129",2429,1646,2066,-0.149444215726636
"2130","2130",4443,3916,3925,-0.116587891064596
"2131","2131",3899,3802,3761,-0.0353936906899205
"2132","2132",13499,13338,13374,-0.00925994518112453
"2133","2133",4523,4527,4334,-0.0417864249391996
"2134","2134",7843,7828,8011,0.02142037485656
"2135","2135",10870,10703,10726,-0.013247470101196
"2136","2136",2547,1951,2262,-0.111896348645465
"2137","2137",2461,2396,2396,-0.0264120276310443
"2138","2138",5534,5571,5583,0.00885435489700036
"2139","2139",2451,2451,2451,0
"2140","2140",16849,16078,15969,-0.0522286189091341
"2141","2141",2648,2935,2973,0.12273413897281
"2142","2142",3948,3953,3908,-0.0101317122593718
"2143","2143",5290,5091,5099,-0.0361058601134216
"2144","2144",2921,2921,2923,0.000684697021567956
"2145","2145",9112,9112,9116,0.000438981562774363
"2146","2146",5676,5394,5455,-0.0389358703312192
"2147","2147",5480,5520,5522,0.00766423357664234
"2148","2148",5894,5894,5895,0.000169664065151001
"2149","2149",3543,3443,3454,-0.0251199548405306
"2150","2150",2567,2566,2566,-0.000389559797428905
"2152","2152",4157,4156,4131,-0.00625451046427712
"2153","2153",4994,4938,4945,-0.00981177412895474
"2154","2154",1948,1969,2084,0.0698151950718686
"2155","2155",1232,1229,1229,-0.00243506493506494
"2156","2156",2295,2295,2450,0.0675381263616558
"2157","2157",1088,968,968,-0.110294117647059
"2158","2158",2375,2409,2408,0.0138947368421053
"2159","2159",3088,3212,1402,-0.545984455958549
"2160","2160",2046,2046,1912,-0.0654936461388074
"2161","2161",5616,5614,5616,0
"2162","2162",5597,5623,5771,0.0310880829015544
"2163","2163",2979,3111,2911,-0.022826451829473
"2164","2164",6294,6298,6049,-0.0389259612329202
"2165","2165",4211,3997,3997,-0.0508192828306816
"2166","2166",9302,9286,9350,0.00516018060632122
"2167","2167",6616,6616,6627,0.00166263603385732
"2169","2169",2372,2395,2269,-0.0434232715008432
"2170","2170",8309,7937,7823,-0.0584907931158984
"2171","2171",2160,2531,2530,0.171296296296296
"2172","2172",13442,10040,8002,-0.404701681297426
"2173","2173",2186,2186,2132,-0.0247026532479414
"2174","2174",7291,7224,16760,1.2987244548073
"2175","2175",2566,2477,2475,-0.0354637568199532
"7486","7486",2566,2477,2475,-0.0354637568199532
"8860","8860",2566,2477,2475,-0.0354637568199532
"18268","18268",2566,2477,2475,-0.0354637568199532
"2176","2176",1355,1342,1472,0.0863468634686347
"10750","10750",1355,1342,1472,0.0863468634686347
"14731","14731",1355,1342,1472,0.0863468634686347
"2177","2177",4401,4514,4509,0.0245398773006135
"2178","2178",4539,4541,4043,-0.109275170742454
"2179","2179",3802,4741,3662,-0.0368227248816412
"2180","2180",2673,2716,2716,0.0160867938645716
"2181","2181",2588,3362,4710,0.819938176197836
"2182","2182",3692,3691,3610,-0.0222101841820152
"2183","2183",4670,4537,4537,-0.0284796573875803
"2184","2184",4159,4159,4158,-0.000240442414041837
"2185","2185",2643,3061,2789,0.0552402572833901
"7778","7778",2643,3061,2789,0.0552402572833901
"15533","15533",2643,3061,2789,0.0552402572833901
"16895","16895",2643,3061,2789,0.0552402572833901
"2186","2186",2657,2656,2656,-0.000376364320662401
"2187","2187",6980,6949,6949,-0.00444126074498567
"2188","2188",2291,2291,1981,-0.135312090790048
"18928","18928",2291,2291,1981,-0.135312090790048
"2189","2189",1807,1093,1093,-0.395130049806309
"2190","2190",3392,3424,3482,0.0265330188679245
"2385","2385",3392,3424,3482,0.0265330188679245
"2191","2191",4717,5086,4798,0.0171719313122748
"2192","2192",3037,3036,3121,0.027658873888706
"2193","2193",3378,3378,3328,-0.014801657785672
"2194","2194",2805,2805,2843,0.0135472370766488
"13155","13155",2805,2805,2843,0.0135472370766488
"2195","2195",1567,1567,1567,0
"2196","2196",2915,3870,4092,0.40377358490566
"2197","2197",11980,11917,12803,0.0686978297161937
"2199","2199",2635,4485,2595,-0.015180265654649
"2200","2200",1185,1148,1149,-0.030379746835443
"2201","2201",5419,5419,5431,0.00221443070677247
"2202","2202",2040,2024,2024,-0.00784313725490196
"2203","2203",1380,1380,1361,-0.013768115942029
"2204","2204",6459,7529,7237,0.120452082365691
"2205","2205",1813,1777,1778,-0.0193050193050193
"2434","2434",1813,1777,1778,-0.0193050193050193
"2206","2206",1231,1231,1231,0
"2207","2207",2641,2949,2949,0.1166224914805
"2208","2208",14421,14224,14205,-0.0149781568545871
"2209","2209",1656,1656,1823,0.100845410628019
"2210","2210",1924,1816,1826,-0.0509355509355509
"2211","2211",1719,1720,1720,0.00058173356602676
"2212","2212",3159,4762,4762,0.507439062994618
"2213","2213",3623,3626,3423,-0.0552028705492686
"2214","2214",7982,7623,7624,-0.044850914557755
"2215","2215",2020,2222,1897,-0.0608910891089109
"2216","2216",9490,7231,7202,-0.241095890410959
"2217","2217",3494,3494,3494,0
"2218","2218",1907,1907,1913,0.00314630309386471
"2219","2219",1763,1763,1753,-0.00567214974475326
"2220","2220",1341,1342,1349,0.00596569724086503
"2221","2221",5222,5203,5249,0.0051704327843738
"2222","2222",2698,2703,2702,0.00148257968865827
"2223","2223",3163,3163,3098,-0.020550110654442
"2224","2224",3497,3233,3233,-0.0754932799542465
"2225","2225",5866,10753,10768,0.835663143539038
"2226","2226",1292,1292,1292,0
"2227","2227",1856,1856,1857,0.000538793103448276
"2228","2228",5141,5129,5163,0.00427932308889321
"2229","2229",6185,6285,6177,-0.00129345189975748
"2230","2230",10154,9110,9239,-0.0901122710261966
"2231","2231",1508,1560,1560,0.0344827586206897
"2232","2232",3375,3331,3988,0.18162962962963
"2233","2233",6571,6574,6543,-0.0042611474661391
"2234","2234",4482,3929,3928,-0.123605533244087
"12772","12772",4482,3929,3928,-0.123605533244087
"2235","2235",3167,3167,3167,0
"2236","2236",4156,3948,4715,0.134504331087584
"2237","2237",4846,4852,4903,0.0117622781675609
"2238","2238",1211,1211,1178,-0.0272502064409579
"2239","2239",1952,2054,2044,0.0471311475409836
"2240","2240",2407,2407,2252,-0.0643955130868301
"2241","2241",3840,4055,3804,-0.009375
"2242","2242",4897,4895,4873,-0.00490095977128854
"2243","2243",2023,2057,2080,0.0281759762728621
"2244","2244",1563,1330,1330,-0.149072296865003
"2245","2245",1854,1854,1854,0
"2246","2246",6375,6318,6431,0.0087843137254902
"2247","2247",1245,1739,1739,0.396787148594378
"2248","2248",6174,5985,6042,-0.021379980563654
"2249","2249",4831,4729,4776,-0.0113848064582902
"2250","2250",3048,3052,3050,0.000656167979002625
"2251","2251",3711,3711,3913,0.0544327674481272
"2252","2252",1353,973,973,-0.280857354028086
"2253","2253",2973,2821,2821,-0.0511268079381097
"2254","2254",1757,1808,1699,-0.0330108138873079
"10966","10966",1757,1808,1699,-0.0330108138873079
"2255","2255",5003,5008,5008,0.000999400359784129
"2256","2256",6207,6208,7007,0.128886740776543
"2257","2257",2555,2555,2490,-0.025440313111546
"2258","2258",1932,1932,1933,0.0005175983436853
"2259","2259",3659,3666,3665,0.00163979229297622
"2260","2260",2880,2880,2880,0
"14029","14029",2880,2880,2880,0
"2261","2261",1628,1491,1491,-0.0841523341523342
"2364","2364",1628,1491,1491,-0.0841523341523342
"2262","2262",2377,2375,2430,0.0222970130416491
"2263","2263",3388,3309,3121,-0.0788075560802834
"2264","2264",4349,4349,4351,0.000459875833524948
"2265","2265",4341,4341,4386,0.0103662750518314
"2266","2266",4773,4755,4758,-0.00314267756128221
"2267","2267",1418,1416,1255,-0.114950634696756
"2268","2268",2069,2071,2067,-0.00096665055582407
"9954","9954",2069,2071,2067,-0.00096665055582407
"2269","2269",4578,4547,4546,-0.00698995194408038
"2270","2270",4269,4297,4282,0.00304520965097212
"2271","2271",9915,11097,9701,-0.021583459404942
"2273","2273",4748,5344,5055,0.0646588037068239
"2274","2274",2823,2514,2514,-0.109458023379384
"2275","2275",2897,3796,2503,-0.13600276147739
"2276","2276",5318,6253,6214,0.168484392628808
"2277","2277",856,856,856,0
"3079","3079",856,856,856,0
"4597","4597",856,856,856,0
"5037","5037",856,856,856,0
"9054","9054",856,856,856,0
"2278","2278",4041,4044,4030,-0.00272209849047266
"2279","2279",1461,1457,1400,-0.0417522245037645
"2280","2280",1275,1178,1240,-0.0274509803921569
"11978","11978",1275,1178,1240,-0.0274509803921569
"2281","2281",4807,4147,4147,-0.137299771167048
"17524","17524",4807,4147,4147,-0.137299771167048
"2282","2282",1119,1119,1119,0
"2283","2283",5617,5633,5634,0.00302652661563112
"2284","2284",4431,4430,4431,0
"2285","2285",4457,4528,4422,-0.00785281579537806
"2286","2286",1389,1518,1572,0.131749460043197
"2287","2287",2901,2904,2792,-0.0375732506032403
"4032","4032",2901,2904,2792,-0.0375732506032403
"16526","16526",2901,2904,2792,-0.0375732506032403
"2288","2288",2485,2485,2392,-0.0374245472837022
"2289","2289",2753,2525,2501,-0.0915365056302216
"2290","2290",1426,1426,1426,0
"2291","2291",3618,3617,3621,0.000829187396351575
"2292","2292",8596,8871,8834,0.0276872964169381
"2293","2293",5356,5358,5367,0.0020537714712472
"2294","2294",7012,5619,5600,-0.201369081574444
"2295","2295",6672,6685,7510,0.125599520383693
"2296","2296",7092,7060,6909,-0.0258037225042301
"2297","2297",3143,4077,4308,0.370664969774101
"2298","2298",5777,5777,5778,0.000173100225030293
"2299","2299",5627,7431,7324,0.301581659854274
"2300","2300",4133,4876,4888,0.18267602225986
"2301","2301",2920,2920,2952,0.010958904109589
"2302","2302",1700,1700,1705,0.00294117647058824
"2303","2303",9176,9153,8600,-0.0627724498692241
"2304","2304",6621,6570,6571,-0.00755172934602024
"2305","2305",9472,9362,9353,-0.0125633445945946
"2306","2306",6712,6510,6464,-0.0369487485101311
"2307","2307",4006,4016,3904,-0.0254618072890664
"2308","2308",2972,2970,2734,-0.0800807537012113
"16881","16881",2972,2970,2734,-0.0800807537012113
"2309","2309",3841,3040,3059,-0.203592814371257
"2310","2310",5005,5045,4971,-0.00679320679320679
"2311","2311",6342,5624,6111,-0.0364238410596026
"2312","2312",3584,3597,3597,0.00362723214285714
"2313","2313",2850,3078,3079,0.0803508771929825
"2314","2314",2651,1978,1987,-0.250471520181064
"2315","2315",5334,4981,4912,-0.0791151106111736
"2316","2316",4559,6420,6420,0.408203553410836
"2317","2317",2833,2533,2533,-0.105894811154253
"7487","7487",2833,2533,2533,-0.105894811154253
"2318","2318",3445,3460,3681,0.0685050798258345
"2319","2319",4847,4862,4831,-0.00330101093459872
"2320","2320",2532,2464,2441,-0.0359399684044234
"2321","2321",2620,2040,2040,-0.221374045801527
"2322","2322",11815,11830,11842,0.0022852306390182
"2323","2323",1859,1853,1847,-0.0064550833781603
"15359","15359",1859,1853,1847,-0.0064550833781603
"17190","17190",1859,1853,1847,-0.0064550833781603
"17601","17601",1859,1853,1847,-0.0064550833781603
"2324","2324",1192,1192,1165,-0.0226510067114094
"2325","2325",8751,6008,5419,-0.380756484973146
"2326","2326",3922,3889,3461,-0.117542070372259
"2327","2327",3314,3376,3292,-0.00663850331925166
"2328","2328",9386,9386,9349,-0.00394204133816322
"2329","2329",2166,1844,2043,-0.056786703601108
"17255","17255",2166,1844,2043,-0.056786703601108
"2330","2330",2956,2956,2943,-0.0043978349120433
"2331","2331",4933,6269,6146,0.245894992904926
"2332","2332",3396,3696,3424,0.00824499411071849
"2333","2333",3242,3022,3334,0.0283775447254781
"2334","2334",1251,1251,1251,0
"2335","2335",1971,1925,1925,-0.0233384069000507
"2336","2336",2349,2349,2349,0
"19966","19966",2349,2349,2349,0
"2337","2337",3589,3589,3589,0
"2338","2338",4092,4064,4064,-0.00684261974584555
"2339","2339",2860,1733,1733,-0.394055944055944
"5662","5662",2860,1733,1733,-0.394055944055944
"2340","2340",875,927,927,0.0594285714285714
"2341","2341",7589,6852,6861,-0.0959283173013572
"2342","2342",3011,2930,2838,-0.0574559946861508
"2343","2343",4938,4938,4887,-0.0103280680437424
"2344","2344",3827,3328,3335,-0.128560229945127
"2346","2346",2224,2232,2204,-0.00899280575539568
"2347","2347",1939,1984,1986,0.0242392986075297
"2348","2348",1962,1921,2001,0.0198776758409786
"17964","17964",1962,1921,2001,0.0198776758409786
"2349","2349",1974,1713,1713,-0.132218844984802
"2413","2413",1974,1713,1713,-0.132218844984802
"4406","4406",1974,1713,1713,-0.132218844984802
"2350","2350",2173,2112,2289,0.053382420616659
"6512","6512",2173,2112,2289,0.053382420616659
"2351","2351",1797,1844,1821,0.013355592654424
"2352","2352",2965,2970,2774,-0.0644182124789207
"2597","2597",2965,2970,2774,-0.0644182124789207
"8579","8579",2965,2970,2774,-0.0644182124789207
"2353","2353",8189,9011,7830,-0.0438392966174136
"2354","2354",4272,4073,4076,-0.0458801498127341
"2355","2355",8051,7818,7310,-0.0920382561172525
"2356","2356",4780,3706,3707,-0.224476987447699
"6825","6825",4780,3706,3707,-0.224476987447699
"2357","2357",3678,3678,2972,-0.191952147906471
"2358","2358",3505,3569,3585,0.0228245363766049
"2359","2359",3050,3050,3047,-0.000983606557377049
"2360","2360",2090,2090,1658,-0.206698564593301
"2361","2361",1917,1913,1929,0.00625978090766823
"2362","2362",2889,2895,2884,-0.0017307026652821
"2363","2363",2684,2684,2689,0.0018628912071535
"7787","7787",2684,2684,2689,0.0018628912071535
"2365","2365",6150,6269,6019,-0.0213008130081301
"6496","6496",6150,6269,6019,-0.0213008130081301
"2366","2366",9357,7501,7498,-0.198674788928075
"2367","2367",6793,6779,6784,-0.00132489327248638
"2368","2368",3710,3756,3891,0.0487870619946092
"2369","2369",1070,1070,1306,0.220560747663551
"2974","2974",1070,1070,1306,0.220560747663551
"2370","2370",6286,5654,5592,-0.110404072542157
"2371","2371",2515,2763,3172,0.261232604373757
"2372","2372",4376,4212,4504,0.0292504570383912
"2373","2373",12560,12185,12580,0.00159235668789809
"2374","2374",1338,1338,1338,0
"4716","4716",1338,1338,1338,0
"8034","8034",1338,1338,1338,0
"2375","2375",2144,2144,2144,0
"2376","2376",1739,1743,1744,0.00287521564117309
"2377","2377",10287,10210,10193,-0.00913774667055507
"2378","2378",3357,3600,3534,0.0527256478999106
"2379","2379",3357,3357,3032,-0.0968126303246947
"2380","2380",4888,4886,4889,0.000204582651391162
"2381","2381",4970,4970,4739,-0.0464788732394366
"2382","2382",3207,3198,3198,-0.00280636108512629
"2383","2383",4457,4500,4532,0.0168274624186673
"9576","9576",4457,4500,4532,0.0168274624186673
"11572","11572",4457,4500,4532,0.0168274624186673
"2384","2384",9226,9069,8634,-0.0641664860177758
"2386","2386",3040,2679,2679,-0.11875
"12891","12891",3040,2679,2679,-0.11875
"2387","2387",4514,2514,2279,-0.495126273814798
"6270","6270",4514,2514,2279,-0.495126273814798
"2388","2388",2197,2228,2228,0.0141101502048248
"2389","2389",2728,2728,2728,0
"2390","2390",3425,3451,3436,0.00321167883211679
"2391","2391",4990,4920,4924,-0.0132264529058116
"2392","2392",1298,1298,1151,-0.113251155624037
"2393","2393",5280,4559,3921,-0.257386363636364
"2394","2394",7246,7175,7181,-0.00897046646425614
"2395","2395",4190,4763,4758,0.135560859188544
"2396","2396",3062,3031,2777,-0.0930764206401045
"2397","2397",3093,3254,3254,0.0520530229550598
"16830","16830",3093,3254,3254,0.0520530229550598
"2398","2398",2756,2756,2863,0.0388243831640058
"11748","11748",2756,2756,2863,0.0388243831640058
"2399","2399",1987,1854,1675,-0.157020634121792
"2400","2400",2496,2502,2531,0.0140224358974359
"2401","2401",2012,2012,2012,0
"2402","2402",2924,2603,2603,-0.109781121751026
"2403","2403",4890,4888,4864,-0.00531697341513292
"2404","2404",5801,5480,5605,-0.0337872780555077
"9737","9737",5801,5480,5605,-0.0337872780555077
"2405","2405",2938,2901,2879,-0.0200816882232811
"2406","2406",3114,2740,6470,1.07771355170199
"2407","2407",2737,2546,2549,-0.0686883449031787
"2408","2408",3800,4028,4027,0.0597368421052632
"13033","13033",3800,4028,4027,0.0597368421052632
"2409","2409",1042,1087,919,-0.118042226487524
"2410","2410",5970,5964,7165,0.200167504187605
"2411","2411",5089,5463,5100,0.00216152485753586
"2412","2412",3351,3608,3609,0.0769919427036705
"2414","2414",8030,8046,8021,-0.00112079701120797
"2415","2415",7091,7169,7169,0.010999858976167
"2416","2416",1050,1050,888,-0.154285714285714
"2417","2417",2088,2088,2076,-0.00574712643678161
"2418","2418",4050,4051,3991,-0.0145679012345679
"16317","16317",4050,4051,3991,-0.0145679012345679
"2419","2419",5524,5522,5528,0.000724112961622013
"2420","2420",1761,1761,1761,0
"2421","2421",1849,1849,2047,0.107084910762574
"2422","2422",4525,5131,4528,0.000662983425414365
"2423","2423",3816,3749,3759,-0.014937106918239
"2424","2424",4969,4828,4789,-0.0362245924733347
"2425","2425",12018,13042,13043,0.0852887335663172
"2426","2426",3520,3522,3485,-0.00994318181818182
"2428","2428",3362,2245,4387,0.304878048780488
"2429","2429",1943,1951,1991,0.024704065877509
"2430","2430",1624,1626,1626,0.00123152709359606
"10934","10934",1624,1626,1626,0.00123152709359606
"2431","2431",1665,1626,1626,-0.0234234234234234
"16109","16109",1665,1626,1626,-0.0234234234234234
"2432","2432",4208,4112,4113,-0.0225760456273764
"2433","2433",3060,2908,2853,-0.0676470588235294
"2435","2435",4217,4189,4194,-0.00545411429926488
"2436","2436",1799,1799,1613,-0.103390772651473
"2437","2437",2822,2914,2914,0.0326009922041106
"2438","2438",3852,3263,3096,-0.196261682242991
"2439","2439",2348,2660,2644,0.126064735945486
"2440","2440",10095,7760,7730,-0.234274393263992
"2441","2441",942,942,942,0
"2442","2442",3411,3411,3825,0.121372031662269
"2443","2443",1831,1831,1831,0
"2444","2444",4106,4180,4103,-0.000730638090599123
"2445","2445",8670,8089,8089,-0.0670126874279123
"2446","2446",7477,7453,7409,-0.00909455664036378
"2447","2447",7623,7627,7595,-0.00367309458218549
"2448","2448",4172,4172,4506,0.0800575263662512
"2449","2449",5370,5291,5335,-0.00651769087523277
"2450","2450",1263,1263,1302,0.0308788598574822
"18065","18065",1263,1263,1302,0.0308788598574822
"2451","2451",1907,1730,1730,-0.0928159412690089
"2452","2452",5250,7298,5295,0.00857142857142857
"2453","2453",1915,1911,1780,-0.0704960835509138
"6306","6306",1915,1911,1780,-0.0704960835509138
"2454","2454",3401,3401,3396,-0.00147015583651867
"2455","2455",3255,3258,3490,0.0721966205837174
"15392","15392",3255,3258,3490,0.0721966205837174
"18739","18739",3255,3258,3490,0.0721966205837174
"2456","2456",6735,6734,6732,-0.00044543429844098
"2457","2457",5252,5570,4910,-0.0651180502665651
"2458","2458",1785,1770,1765,-0.0112044817927171
"2459","2459",2448,2493,2301,-0.0600490196078431
"2460","2460",4171,4171,4144,-0.00647326780148645
"2461","2461",5193,5419,5417,0.0431349894088196
"2462","2462",2266,2063,2064,-0.089143865842895
"2463","2463",4739,5052,4980,0.0508546106773581
"2464","2464",4390,4347,3735,-0.149202733485194
"2465","2465",581,581,576,-0.00860585197934595
"2466","2466",1630,1691,1690,0.0368098159509202
"2467","2467",1521,1521,1609,0.0578566732412886
"2468","2468",2275,2318,2314,0.0171428571428571
"2469","2469",10234,10193,11740,0.147156537033418
"2470","2470",1671,1675,1675,0.00239377618192699
"2471","2471",1612,1696,1721,0.0676178660049628
"3786","3786",1612,1696,1721,0.0676178660049628
"2472","2472",1878,1875,2060,0.0969116080937167
"2827","2827",1878,1875,2060,0.0969116080937167
"2473","2473",2804,2597,2598,-0.0734664764621969
"2474","2474",1951,2077,2060,0.0558687852383393
"16728","16728",1951,2077,2060,0.0558687852383393
"2475","2475",1601,1695,1695,0.0587133041848844
"2476","2476",1779,1964,1941,0.0910623946037099
"2477","2477",1630,1630,1631,0.000613496932515337
"2478","2478",4020,4020,3821,-0.0495024875621891
"2479","2479",5223,4994,4585,-0.122152019911928
"2480","2480",2545,3136,2441,-0.0408644400785855
"2481","2481",3914,3575,3575,-0.0866121614716403
"2482","2482",5736,5735,5710,-0.00453277545327755
"2483","2483",3548,3548,3548,0
"2484","2484",2654,2654,2563,-0.0342878673700075
"10489","10489",2654,2654,2563,-0.0342878673700075
"13666","13666",2654,2654,2563,-0.0342878673700075
"2485","2485",2337,2337,2282,-0.0235344458707745
"13553","13553",2337,2337,2282,-0.0235344458707745
"2486","2486",5420,5423,5419,-0.00018450184501845
"2487","2487",1342,1266,1300,-0.0312965722801788
"13739","13739",1342,1266,1300,-0.0312965722801788
"2488","2488",10538,8079,7863,-0.253843234010249
"2489","2489",1189,1189,1189,0
"2490","2490",2872,2876,2874,0.000696378830083565
"2491","2491",1472,1508,1507,0.0237771739130435
"11489","11489",1472,1508,1507,0.0237771739130435
"2492","2492",4476,4476,4476,0
"2493","2493",2526,2001,1831,-0.27513855898654
"2494","2494",4901,5061,5067,0.0338706386451745
"2495","2495",2138,2138,2138,0
"2496","2496",2548,2346,2307,-0.0945839874411303
"2497","2497",6911,6972,6972,0.00882650846476631
"2498","2498",1044,1044,621,-0.405172413793103
"2499","2499",3014,3042,3043,0.00962176509621765
"2500","2500",4950,4936,5013,0.0127272727272727
"2501","2501",2493,2497,2484,-0.0036101083032491
"2502","2502",2995,2998,2467,-0.176293823038397
"7722","7722",2995,2998,2467,-0.176293823038397
"2503","2503",3159,3159,3159,0
"2504","2504",3033,2754,2754,-0.0919881305637982
"2505","2505",2762,2760,2580,-0.0658942795076032
"2506","2506",4309,4309,4504,0.045254119285217
"2507","2507",1973,1973,1973,0
"2508","2508",3716,4651,4115,0.107373519913886
"2509","2509",2901,3149,3149,0.0854877628403999
"9071","9071",2901,3149,3149,0.0854877628403999
"2510","2510",6712,7932,7349,0.0949046483909416
"2511","2511",2624,2663,2662,0.0144817073170732
"2512","2512",3227,3227,3644,0.129222187790518
"2513","2513",5690,5689,5689,-0.000175746924428823
"2514","2514",3753,3753,3725,-0.00746069810818012
"2515","2515",8211,5755,5754,-0.29923273657289
"2516","2516",3271,3286,3286,0.00458575359217365
"7851","7851",3271,3286,3286,0.00458575359217365
"2517","2517",2261,2261,2127,-0.059265811587793
"2518","2518",2706,2708,2772,0.024390243902439
"16054","16054",2706,2708,2772,0.024390243902439
"2519","2519",2135,2135,2135,0
"2520","2520",7782,9435,9435,0.212413261372398
"2521","2521",1400,1403,1403,0.00214285714285714
"19323","19323",1400,1403,1403,0.00214285714285714
"2522","2522",6591,6541,6541,-0.00758610226065847
"2523","2523",3846,3867,3851,0.00130005200208008
"14438","14438",3846,3867,3851,0.00130005200208008
"2524","2524",3001,3071,2987,-0.00466511162945685
"2526","2526",6418,6417,6478,0.00934870676223122
"2527","2527",2732,2855,2632,-0.0366032210834553
"2528","2528",7202,7128,7209,0.000971952235490142
"2529","2529",1831,1856,1857,0.014199890770071
"19994","19994",1831,1856,1857,0.014199890770071
"2530","2530",6807,6807,6826,0.00279124430733069
"2531","2531",1895,1878,1995,0.0527704485488127
"7334","7334",1895,1878,1995,0.0527704485488127
"11563","11563",1895,1878,1995,0.0527704485488127
"2532","2532",2371,2374,2290,-0.0341628005061156
"2533","2533",2797,2722,2722,-0.0268144440471934
"2534","2534",7630,7535,5115,-0.329619921363041
"2535","2535",4975,5175,4607,-0.0739698492462312
"2536","2536",2098,1624,1595,-0.239752144899905
"2537","2537",2578,3158,3158,0.224980605120248
"2538","2538",2569,2569,2511,-0.0225768781627092
"2539","2539",5485,5462,5420,-0.0118505013673655
"17399","17399",5485,5462,5420,-0.0118505013673655
"2540","2540",879,844,844,-0.0398179749715586
"2541","2541",8759,8680,8687,-0.00822011645164973
"2542","2542",4728,4732,4799,0.0150169204737733
"2543","2543",5133,5129,5030,-0.020066238067407
"2544","2544",3466,3470,3470,0.00115406809001731
"2545","2545",6652,5936,6095,-0.0837342152736019
"2546","2546",6602,6434,6441,-0.0243865495304453
"2548","2548",2310,2310,2313,0.0012987012987013
"11076","11076",2310,2310,2313,0.0012987012987013
"2549","2549",1093,1093,1093,0
"2550","2550",4937,4939,4315,-0.125987441766255
"9522","9522",4937,4939,4315,-0.125987441766255
"2552","2552",5215,5215,5217,0.000383509108341323
"2553","2553",5631,5488,5481,-0.026638252530634
"2554","2554",11542,11301,11654,0.00970369086813377
"2555","2555",2080,2070,2061,-0.00913461538461539
"10752","10752",2080,2070,2061,-0.00913461538461539
"2556","2556",13518,13134,13453,-0.00480840361000148
"2557","2557",4222,4222,3756,-0.110374230222643
"2558","2558",2091,2091,2078,-0.00621712099473936
"2559","2559",5566,5588,5572,0.00107797340998922
"2560","2560",6170,6177,6175,0.000810372771474878
"2561","2561",2096,2150,2048,-0.0229007633587786
"17562","17562",2096,2150,2048,-0.0229007633587786
"2563","2563",3570,3252,3265,-0.0854341736694678
"2564","2564",3142,2920,2920,-0.0706556333545512
"2565","2565",5627,5653,5623,-0.000710858361471477
"2566","2566",3546,3540,3545,-0.000282007896221094
"2568","2568",1418,1418,1418,0
"2570","2570",3983,3847,3840,-0.0359025859904595
"2571","2571",2029,2029,2107,0.0384425825529818
"8611","8611",2029,2029,2107,0.0384425825529818
"2572","2572",3206,3731,4477,0.396444167186525
"2573","2573",1275,1275,1274,-0.000784313725490196
"2574","2574",8944,8641,8691,-0.0282871198568873
"2575","2575",4863,4915,4909,0.00945918157515937
"2577","2577",9153,9152,9254,0.0110346334535125
"2578","2578",3894,3760,3759,-0.0346687211093991
"2579","2579",6530,6530,6530,0
"2580","2580",3034,2446,2352,-0.224785761371127
"2581","2581",8656,8659,9148,0.0568391866913124
"2582","2582",6318,6321,5990,-0.0519151630262741
"2583","2583",1665,1757,1762,0.0582582582582583
"2584","2584",3569,3569,3568,-0.000280190529560101
"2585","2585",4071,3879,3880,-0.0469172193564235
"2586","2586",4187,3994,4029,-0.0377358490566038
"2587","2587",2738,2027,2282,-0.16654492330168
"15713","15713",2738,2027,2282,-0.16654492330168
"2588","2588",2337,2297,2297,-0.0171159606332905
"2589","2589",3756,3199,3295,-0.122736954206603
"2590","2590",7391,5678,4762,-0.355702881883372
"2591","2591",1672,1373,1373,-0.178827751196172
"2592","2592",2947,3092,3092,0.0492025788937903
"2593","2593",9228,9228,9014,-0.0231902904204595
"2594","2594",6672,6608,6605,-0.0100419664268585
"2595","2595",3764,3764,3618,-0.038788522848034
"11694","11694",3764,3764,3618,-0.038788522848034
"2596","2596",5620,4086,4092,-0.271886120996441
"2598","2598",5584,5585,5709,0.0223853868194842
"2599","2599",7698,7741,7726,0.00363730839179008
"2600","2600",2868,2855,2855,-0.00453277545327755
"2601","2601",10383,10248,10245,-0.013290956370991
"2602","2602",1057,1057,1036,-0.0198675496688742
"2603","2603",13254,13234,12927,-0.0246717971933001
"2604","2604",3150,3349,3349,0.0631746031746032
"2605","2605",15369,14027,13456,-0.124471338408485
"2606","2606",4612,4612,4599,-0.00281873373807459
"2607","2607",2033,1609,1621,-0.202656173143138
"2608","2608",3434,3434,3406,-0.0081537565521258
"2609","2609",6545,6545,6545,0
"2610","2610",3493,3489,3488,-0.00143143429716576
"2611","2611",9871,10180,10125,0.025731942052477
"2612","2612",1408,1347,1347,-0.0433238636363636
"2613","2613",993,993,1816,0.828801611278953
"2614","2614",2988,2898,2898,-0.0301204819277108
"2615","2615",7917,7842,7924,0.000884173297966401
"2617","2617",6019,5886,5884,-0.0224289749127762
"2618","2618",1312,1312,1277,-0.0266768292682927
"2619","2619",6697,6992,6840,0.0213528445572644
"2620","2620",3190,3237,2925,-0.0830721003134796
"14134","14134",3190,3237,2925,-0.0830721003134796
"18330","18330",3190,3237,2925,-0.0830721003134796
"2621","2621",1755,1729,1729,-0.0148148148148148
"19125","19125",1755,1729,1729,-0.0148148148148148
"2622","2622",3222,3222,3143,-0.0245189323401614
"2623","2623",1783,1783,1802,0.0106561974200785
"2624","2624",6354,9282,8746,0.376455775889204
"2625","2625",3110,3072,3153,0.0138263665594855
"2626","2626",7186,7011,6972,-0.0297801280267186
"2627","2627",2906,2779,2778,-0.0440467997247075
"10032","10032",2906,2779,2778,-0.0440467997247075
"17493","17493",2906,2779,2778,-0.0440467997247075
"2628","2628",6492,7397,7411,0.141558841651263
"2629","2629",5070,5070,5070,0
"2630","2630",1546,1546,1546,0
"2631","2631",3425,3404,3402,-0.00671532846715328
"2632","2632",2695,2527,2526,-0.062708719851577
"2633","2633",2144,2056,2056,-0.041044776119403
"2634","2634",8991,8914,8910,-0.00900900900900901
"2635","2635",1753,1753,1661,-0.0524814603536794
"2636","2636",4432,4195,4194,-0.0537003610108303
"2637","2637",8095,6714,6555,-0.190240889437925
"2638","2638",7132,5385,5384,-0.245092540661806
"2639","2639",6320,6595,6559,0.0378164556962025
"2640","2640",1933,1932,1676,-0.132953957578893
"2641","2641",3945,3938,3930,-0.00380228136882129
"2642","2642",1970,1923,1922,-0.0243654822335025
"17705","17705",1970,1923,1922,-0.0243654822335025
"2643","2643",723,723,721,-0.00276625172890733
"2644","2644",9450,9102,8991,-0.0485714285714286
"2645","2645",7512,7621,7602,0.0119808306709265
"2646","2646",1484,1484,1484,0
"2647","2647",6110,6697,6700,0.0965630114566285
"4396","4396",6110,6697,6700,0.0965630114566285
"2648","2648",1385,1367,1608,0.16101083032491
"2650","2650",1746,1749,1839,0.0532646048109966
"2651","2651",1749,1749,1752,0.00171526586620926
"2652","2652",6317,6321,6467,0.0237454487889821
"2653","2653",1888,2368,2368,0.254237288135593
"2654","2654",4143,4143,4371,0.055032585083273
"2655","2655",6157,6291,6556,0.0648042878025012
"2656","2656",10056,10058,9950,-0.0105409705648369
"2657","2657",3136,3375,3375,0.0762117346938776
"2658","2658",2545,2472,2471,-0.0290766208251473
"2659","2659",2504,2504,1915,-0.235223642172524
"2660","2660",4916,4995,4649,-0.0543124491456469
"2661","2661",3698,4005,4005,0.0830178474851271
"2662","2662",2769,2770,2766,-0.00108342361863489
"2663","2663",6222,6222,6222,0
"2664","2664",5574,5574,5487,-0.0156081808396125
"2665","2665",9176,9139,9064,-0.012205754141238
"2666","2666",3341,2891,2709,-0.18916492068243
"2667","2667",5218,5214,4862,-0.0682253737064009
"2668","2668",1528,1510,1510,-0.0117801047120419
"2669","2669",12850,11391,11384,-0.11408560311284
"2670","2670",4099,3960,3957,-0.0346425957550622
"7007","7007",4099,3960,3957,-0.0346425957550622
"2671","2671",3919,3923,2961,-0.244450114825211
"2672","2672",3001,3001,3009,0.00266577807397534
"2673","2673",3809,3809,3773,-0.00945129955368863
"2674","2674",4142,4133,4130,-0.00289715113471753
"2675","2675",2114,2114,2114,0
"2676","2676",1741,1741,1741,0
"2677","2677",3608,3604,4553,0.261917960088692
"2678","2678",5404,5404,5407,0.000555144337527757
"2679","2679",2738,2738,2738,0
"2680","2680",9595,9163,9441,-0.0160500260552371
"2681","2681",934,872,872,-0.0663811563169165
"2682","2682",3873,4098,4097,0.0578363026077976
"2683","2683",2770,2772,2772,0.000722021660649819
"2684","2684",2209,2190,2504,0.133544590312359
"2685","2685",5362,5338,5343,-0.00354345393509884
"2686","2686",3868,3889,3863,-0.00129265770423992
"2687","2687",5058,5059,5053,-0.000988533017002768
"2688","2688",1970,1968,2090,0.0609137055837563
"2689","2689",7787,7598,7594,-0.0247848979067677
"2691","2691",1460,1460,1539,0.0541095890410959
"7760","7760",1460,1460,1539,0.0541095890410959
"18916","18916",1460,1460,1539,0.0541095890410959
"2692","2692",2129,2137,1968,-0.0756223579145139
"2693","2693",8209,8011,8011,-0.0241198684370813
"2694","2694",3729,3699,3697,-0.00858138911236256
"2695","2695",3022,3026,3246,0.0741230972865652
"2697","2697",5734,5604,5571,-0.0284269271014998
"2698","2698",1939,1939,1954,0.00773594636410521
"4260","4260",1939,1939,1954,0.00773594636410521
"2699","2699",1631,1623,1623,-0.00490496627835684
"2700","2700",2264,2264,2467,0.0896643109540636
"2701","2701",3657,1274,1274,-0.651627016680339
"2702","2702",5484,5487,5266,-0.0397520058351568
"2703","2703",1699,1648,1643,-0.0329605650382578
"8407","8407",1699,1648,1643,-0.0329605650382578
"2704","2704",3254,3254,3254,0
"2705","2705",9711,9943,9678,-0.00339820821748533
"2706","2706",3263,3232,3196,-0.0205332516089488
"2707","2707",2992,2998,2968,-0.00802139037433155
"3114","3114",2992,2998,2968,-0.00802139037433155
"2708","2708",3781,3826,3737,-0.011637133033589
"2709","2709",3170,3170,3096,-0.0233438485804416
"2710","2710",3995,2894,2794,-0.300625782227785
"18192","18192",3995,2894,2794,-0.300625782227785
"2711","2711",2567,2567,2449,-0.0459680560966108
"2712","2712",3126,3083,3091,-0.0111964171465131
"2714","2714",1697,1781,1773,0.0447849145550972
"2715","2715",7303,7983,7004,-0.0409420785978365
"2716","2716",1996,1839,1839,-0.0786573146292585
"2717","2717",3135,3135,2650,-0.154704944178628
"2718","2718",4521,4787,4773,0.0557398805573988
"2719","2719",2581,3089,2713,0.0511429678419217
"2720","2720",5184,5440,5447,0.050733024691358
"2721","2721",2533,2533,2533,0
"2723","2723",1244,1410,1271,0.0217041800643087
"2724","2724",2220,2449,2221,0.00045045045045045
"9259","9259",2220,2449,2221,0.00045045045045045
"2725","2725",11203,11141,11047,-0.0139248415602963
"2726","2726",6345,6486,6297,-0.00756501182033097
"2728","2728",2586,2581,2856,0.104408352668213
"16994","16994",2586,2581,2856,0.104408352668213
"17639","17639",2586,2581,2856,0.104408352668213
"2729","2729",4579,4142,4142,-0.0954356846473029
"2730","2730",4584,4584,4581,-0.000654450261780105
"2731","2731",1835,1866,1839,0.00217983651226158
"2732","2732",3576,3553,3526,-0.0139821029082774
"2733","2733",2950,2917,2909,-0.0138983050847458
"2734","2734",716,715,715,-0.00139664804469274
"2735","2735",6368,6331,7240,0.136934673366834
"2736","2736",3314,3048,3050,-0.0796620398310199
"2737","2737",1906,1906,1908,0.00104931794333683
"2738","2738",5144,5249,5250,0.020606531881804
"2739","2739",6857,6902,6347,-0.0743765495114482
"2740","2740",12064,12643,12620,0.0460875331564987
"2741","2741",3709,3681,3681,-0.00754920463736856
"4290","4290",3709,3681,3681,-0.00754920463736856
"2742","2742",2467,2143,2143,-0.131333603567086
"2743","2743",2238,2194,2045,-0.0862377122430742
"2744","2744",8737,10620,9194,0.0523062836213803
"2745","2745",5999,5971,5976,-0.00383397232872145
"2746","2746",9095,6635,6466,-0.289059923034634
"2747","2747",1701,1701,1932,0.135802469135802
"2748","2748",4728,4460,5160,0.0913705583756345
"2749","2749",2004,2004,2541,0.267964071856287
"2750","2750",3988,3988,3988,0
"2751","2751",3364,3375,3374,0.00297265160523187
"2752","2752",4668,4679,4679,0.00235646958011997
"2753","2753",2455,2521,2425,-0.0122199592668024
"2754","2754",16343,15555,15534,-0.049501315547941
"2755","2755",2109,2109,2148,0.0184921763869132
"2756","2756",3369,3170,3171,-0.0587711487088157
"2757","2757",3680,3691,3633,-0.0127717391304348
"2758","2758",3815,3894,3893,0.0204456094364351
"2759","2759",2396,2396,2230,-0.0692821368948247
"2760","2760",1475,1483,1483,0.00542372881355932
"2761","2761",3817,4037,4523,0.184962012051349
"2762","2762",4713,4651,5484,0.163590070019096
"2763","2763",4671,4671,4671,0
"2764","2764",2309,2286,2331,0.00952793417063664
"13121","13121",2309,2286,2331,0.00952793417063664
"2765","2765",3050,2919,2909,-0.0462295081967213
"2766","2766",3149,3157,3158,0.00285805017465862
"2767","2767",8684,8514,8516,-0.0193459235375403
"2768","2768",1626,1329,1329,-0.182656826568266
"2769","2769",5583,5590,5567,-0.00286584273687981
"2770","2770",2528,2526,2529,0.000395569620253165
"12638","12638",2528,2526,2529,0.000395569620253165
"2771","2771",1902,1919,2064,0.0851735015772871
"2772","2772",2515,2506,2494,-0.00834990059642147
"17710","17710",2515,2506,2494,-0.00834990059642147
"2773","2773",3681,3698,3683,0.00054333061668025
"2774","2774",7637,7181,7181,-0.0597093099384575
"2775","2775",2507,2524,2524,0.0067810131631432
"2776","2776",2573,2564,2560,-0.00505246793626117
"4949","4949",2573,2564,2560,-0.00505246793626117
"18117","18117",2573,2564,2560,-0.00505246793626117
"19027","19027",2573,2564,2560,-0.00505246793626117
"2777","2777",1598,1630,1630,0.0200250312891114
"2778","2778",11568,11846,11515,-0.00458160442600277
"2779","2779",3280,3440,3440,0.0487804878048781
"2780","2780",2993,2993,2994,0.000334112930170398
"10696","10696",2993,2993,2994,0.000334112930170398
"2781","2781",1637,1639,1478,-0.097128894318876
"2782","2782",1531,1245,1245,-0.18680600914435
"2783","2783",9153,8892,9166,0.0014202993554026
"2785","2785",5844,5869,5840,-0.000684462696783025
"2786","2786",4858,4460,4993,0.0277892136681762
"2787","2787",5224,5160,5138,-0.0164624808575804
"2788","2788",4026,4027,4146,0.029806259314456
"2789","2789",2230,2352,2332,0.0457399103139013
"2791","2791",3833,3776,3873,0.0104356900600052
"3031","3031",3833,3776,3873,0.0104356900600052
"10469","10469",3833,3776,3873,0.0104356900600052
"17566","17566",3833,3776,3873,0.0104356900600052
"2792","2792",8952,5550,5550,-0.380026809651475
"2793","2793",3326,2406,2406,-0.276608538785328
"2794","2794",1179,1213,1041,-0.11704834605598
"2795","2795",1392,1392,1398,0.00431034482758621
"2796","2796",2473,1151,1151,-0.534573392640518
"2797","2797",11085,10478,10583,-0.0452864230942715
"2798","2798",10038,7337,7003,-0.302351065949392
"2799","2799",2486,3344,3345,0.345534995977474
"2800","2800",5312,5124,4800,-0.0963855421686747
"2801","2801",1625,1625,1625,0
"2802","2802",3563,3357,3173,-0.109458321639068
"2803","2803",3094,3208,2677,-0.134776987718164
"2805","2805",3736,3814,3757,0.00562098501070664
"7912","7912",3736,3814,3757,0.00562098501070664
"13287","13287",3736,3814,3757,0.00562098501070664
"18509","18509",3736,3814,3757,0.00562098501070664
"2806","2806",1421,1423,1402,-0.0133708655876144
"2808","2808",9987,9460,9254,-0.0733954140382497
"2809","2809",6208,6244,5845,-0.0584729381443299
"2810","2810",5817,5125,5125,-0.118961664088018
"2811","2811",5065,5065,4908,-0.0309970384995064
"2812","2812",5498,5531,5451,-0.00854856311385959
"2813","2813",1193,1193,1229,0.030176026823135
"2814","2814",2840,2845,2750,-0.0316901408450704
"2815","2815",8427,8286,8247,-0.0213599145603418
"2816","2816",6292,6277,6358,0.0104895104895105
"2818","2818",2702,2702,2660,-0.0155440414507772
"17308","17308",2702,2702,2660,-0.0155440414507772
"2819","2819",2759,2748,2745,-0.00507430228343603
"2820","2820",3222,3229,3056,-0.0515207945375543
"2821","2821",3130,3130,3127,-0.000958466453674121
"2822","2822",1329,1441,1440,0.0835214446952596
"10305","10305",1329,1441,1440,0.0835214446952596
"2823","2823",866,866,866,0
"2824","2824",4643,4838,4805,0.0348912341158734
"2825","2825",4318,4318,4302,-0.00370541917554423
"11715","11715",4318,4318,4302,-0.00370541917554423
"2826","2826",1679,1679,1608,-0.0422870756402621
"2828","2828",2557,2554,2371,-0.0727414939382088
"2829","2829",3518,3517,3517,-0.000284252416145537
"16458","16458",3518,3517,3517,-0.000284252416145537
"2830","2830",2400,2400,2400,0
"2831","2831",2871,2832,2833,-0.0132358063392546
"9426","9426",2871,2832,2833,-0.0132358063392546
"2832","2832",1900,1900,1900,0
"2833","2833",1448,1448,1447,-0.00069060773480663
"2834","2834",2388,2795,2827,0.183835845896147
"2835","2835",3087,2405,3033,-0.0174927113702624
"2836","2836",3917,3917,4238,0.0819504723002298
"2837","2837",2271,2271,2411,0.0616468516072215
"2838","2838",11212,13375,13336,0.189439885836604
"2839","2839",9132,5757,5748,-0.370565045992116
"2840","2840",4785,4827,4827,0.00877742946708464
"2841","2841",6501,6981,6942,0.0678357175819105
"3416","3416",6501,6981,6942,0.0678357175819105
"17522","17522",6501,6981,6942,0.0678357175819105
"2842","2842",5373,5362,5371,-0.000372231528010422
"2843","2843",1524,1523,1197,-0.214566929133858
"2844","2844",4286,4160,4145,-0.0328978068128791
"4287","4287",4286,4160,4145,-0.0328978068128791
"2845","2845",4343,4656,4656,0.0720699976974442
"2846","2846",1233,1233,1409,0.142741281427413
"2847","2847",2388,2379,2379,-0.00376884422110553
"2848","2848",4452,4418,4463,0.00247079964061096
"2849","2849",1836,1836,1694,-0.0773420479302832
"2850","2850",1917,1916,1916,-0.000521648408972353
"2851","2851",8841,8839,8839,-0.000226218753534668
"2852","2852",4000,4000,3514,-0.1215
"9969","9969",4000,4000,3514,-0.1215
"2853","2853",8963,8964,9029,0.00736360593551266
"2854","2854",5073,5023,5016,-0.0112359550561798
"2855","2855",3288,3288,3242,-0.0139902676399027
"2856","2856",8240,9972,9533,0.156917475728155
"2857","2857",3193,3197,3289,0.0300657688694018
"10186","10186",3193,3197,3289,0.0300657688694018
"2858","2858",3070,3070,3043,-0.00879478827361563
"2859","2859",2937,2797,3769,0.283282260810351
"15692","15692",2937,2797,3769,0.283282260810351
"2860","2860",5494,6386,6098,0.109938114306516
"2861","2861",7357,7501,7320,-0.00502922386842463
"2862","2862",2994,2992,2992,-0.000668002672010688
"14177","14177",2994,2992,2992,-0.000668002672010688
"18896","18896",2994,2992,2992,-0.000668002672010688
"2863","2863",2112,1961,1961,-0.0714962121212121
"2864","2864",4840,4782,4724,-0.0239669421487603
"2865","2865",11112,10766,10789,-0.0290676745860331
"2866","2866",3172,3172,3172,0
"4530","4530",3172,3172,3172,0
"2867","2867",5540,5552,5408,-0.023826714801444
"2868","2868",2916,2940,2935,0.00651577503429355
"2869","2869",1705,1705,1608,-0.056891495601173
"2870","2870",2095,1514,1514,-0.277326968973747
"2871","2871",2165,2164,2429,0.121939953810624
"2872","2872",8117,8055,8042,-0.00923986694591598
"2873","2873",1529,1295,1295,-0.153041203400916
"2874","2874",2584,2585,2587,0.0011609907120743
"2875","2875",2916,2884,2884,-0.0109739368998628
"2876","2876",5798,4267,3933,-0.321662642290445
"2877","2877",6964,6956,6947,-0.00244112578977599
"2878","2878",6847,6966,6584,-0.0384109829122243
"2879","2879",4054,4056,4048,-0.00148001973359645
"2880","2880",1516,1544,1545,0.0191292875989446
"2881","2881",1662,1599,1599,-0.0379061371841155
"2882","2882",1148,1136,1136,-0.0104529616724739
"2883","2883",2885,2853,2848,-0.0128249566724437
"2884","2884",3514,3512,3458,-0.0159362549800797
"2885","2885",5705,5765,5766,0.010692375109553
"2886","2886",3541,3541,3587,0.0129906805987009
"5861","5861",3541,3541,3587,0.0129906805987009
"2887","2887",1889,1442,1368,-0.27580730545262
"2888","2888",1952,1953,1902,-0.0256147540983607
"2889","2889",1653,1662,1655,0.00120992135511192
"11756","11756",1653,1662,1655,0.00120992135511192
"2890","2890",4792,4792,4763,-0.00605175292153589
"2891","2891",9172,9172,9185,0.00141735717400785
"2892","2892",4307,4320,4320,0.00301834223357325
"2893","2893",4821,4821,4748,-0.0151420867040033
"2894","2894",2655,2655,2632,-0.00866290018832392
"2895","2895",2521,2486,2486,-0.0138833796112654
"2896","2896",1822,2139,2134,0.171240395170143
"2897","2897",3876,3675,3675,-0.0518575851393189
"2898","2898",1976,1964,1980,0.00202429149797571
"2899","2899",1564,1577,1885,0.205242966751918
"2900","2900",1376,1376,1376,0
"14613","14613",1376,1376,1376,0
"2902","2902",10990,10802,10882,-0.00982711555959964
"2903","2903",8355,7907,7727,-0.0751645721125075
"2904","2904",2097,2074,2075,-0.0104911778731521
"2905","2905",4213,4258,4210,-0.000712081652029433
"2906","2906",5966,5971,5977,0.00184378142809252
"2907","2907",4458,4580,4696,0.0533871691341409
"2908","2908",3141,3146,3324,0.058261700095511
"2909","2909",1443,1464,1444,0.000693000693000693
"2910","2910",6745,6745,5761,-0.145885841363973
"2911","2911",4304,4349,4359,0.0127788104089219
"2912","2912",11861,9122,9033,-0.238428463030099
"2913","2913",4415,4248,4257,-0.0357870894677237
"2914","2914",3670,3670,3671,0.000272479564032698
"2915","2915",4809,4810,4807,-0.000415886878768975
"2916","2916",1501,1501,1501,0
"18423","18423",1501,1501,1501,0
"2917","2917",1007,975,976,-0.0307845084409136
"2918","2918",6123,7447,7409,0.210027764167892
"16955","16955",6123,7447,7409,0.210027764167892
"2919","2919",3302,3302,3300,-0.000605693519079346
"2983","2983",3302,3302,3300,-0.000605693519079346
"2920","2920",4619,4616,4740,0.0261961463520242
"2921","2921",3755,3848,3811,0.01491344873502
"2922","2922",6197,7669,7308,0.179280296917863
"2923","2923",2061,2061,2061,0
"2924","2924",2793,3015,3064,0.0970282849982098
"9254","9254",2793,3015,3064,0.0970282849982098
"2925","2925",1832,1853,1851,0.0103711790393013
"2926","2926",1534,1532,1532,-0.00130378096479791
"2927","2927",4575,4562,4563,-0.00262295081967213
"2928","2928",3701,3699,3750,0.0132396649554175
"2929","2929",5069,5069,5069,0
"2930","2930",4323,4327,3932,-0.0904464492250752
"2931","2931",6647,6645,6750,0.0154957123514367
"2932","2932",1476,1445,1446,-0.0203252032520325
"2933","2933",2835,2865,2908,0.0257495590828924
"2934","2934",2416,2416,2148,-0.110927152317881
"19615","19615",2416,2416,2148,-0.110927152317881
"2935","2935",1885,1847,1813,-0.0381962864721485
"2936","2936",4725,3866,3866,-0.181798941798942
"2937","2937",3159,3157,3149,-0.00316555872111428
"2938","2938",2612,1889,1888,-0.277182235834609
"2939","2939",2723,2723,2712,-0.00403966213734851
"14055","14055",2723,2723,2712,-0.00403966213734851
"2940","2940",4281,4897,4897,0.143891614108853
"2941","2941",4801,4490,4027,-0.16121641324724
"2942","2942",1323,943,943,-0.287226001511716
"2943","2943",4944,4966,3692,-0.253236245954693
"2944","2944",2843,2868,2678,-0.0580372845585649
"2945","2945",5952,5907,5904,-0.00806451612903226
"2946","2946",4310,3920,3920,-0.0904872389791183
"2947","2947",4192,4192,4195,0.000715648854961832
"2948","2948",6373,6367,7265,0.139965479366076
"2949","2949",6940,7876,7832,0.128530259365994
"2950","2950",2010,2010,2132,0.0606965174129353
"2951","2951",1548,1548,1746,0.127906976744186
"2952","2952",4152,3719,3718,-0.104527938342967
"2953","2953",4121,4134,4134,0.00315457413249211
"2954","2954",2357,2385,2385,0.0118795078489605
"2955","2955",5165,5029,5103,-0.0120038722168441
"2956","2956",3862,3862,3862,0
"2957","2957",6686,6687,6689,0.000448698773556686
"2958","2958",1275,1333,1333,0.0454901960784314
"2959","2959",788,762,762,-0.032994923857868
"2960","2960",3664,3586,3584,-0.0218340611353712
"13556","13556",3664,3586,3584,-0.0218340611353712
"2961","2961",2617,2617,1473,-0.437141765380206
"6469","6469",2617,2617,1473,-0.437141765380206
"10937","10937",2617,2617,1473,-0.437141765380206
"14166","14166",2617,2617,1473,-0.437141765380206
"2962","2962",2976,2977,2976,0
"2963","2963",3895,3873,3873,-0.00564826700898588
"2964","2964",2023,2023,2759,0.363816114681167
"2965","2965",5638,5183,5183,-0.0807023767293366
"2966","2966",2986,2944,2822,-0.0549229738780978
"2967","2967",8181,7766,7407,-0.0946094609460946
"2968","2968",2621,2621,2741,0.0457840518885921
"2969","2969",2636,2648,2648,0.00455235204855842
"2970","2970",1204,1204,1450,0.204318936877076
"17632","17632",1204,1204,1450,0.204318936877076
"2971","2971",4505,4528,4234,-0.0601553829078801
"2972","2972",2962,2916,3036,0.024983119513842
"2973","2973",2215,2450,2450,0.106094808126411
"2975","2975",3658,3658,3665,0.00191361399671952
"2976","2976",1507,1387,1387,-0.079628400796284
"2977","2977",4425,4424,4322,-0.0232768361581921
"2978","2978",6469,5647,5649,-0.126758386149328
"2979","2979",7826,7744,7745,-0.0103501150012778
"2980","2980",2459,2430,2429,-0.0122000813338756
"2981","2981",1039,1041,1041,0.00192492781520693
"2982","2982",2520,2520,2520,0
"2984","2984",3332,4246,3617,0.0855342136854742
"2985","2985",2650,2650,2650,0
"2986","2986",3656,3522,3530,-0.0344638949671772
"2987","2987",5044,5048,5083,0.0077319587628866
"2988","2988",1507,1507,1507,0
"2989","2989",2100,1901,1902,-0.0942857142857143
"2990","2990",2268,2268,2354,0.0379188712522046
"2991","2991",2108,2094,1844,-0.125237191650854
"2992","2992",2978,2978,6261,1.10241773002015
"2993","2993",5341,5341,5136,-0.0383823254072271
"2995","2995",7205,7203,6560,-0.0895211658570437
"2996","2996",1723,1723,1660,-0.036564132327336
"2997","2997",3520,3520,3578,0.0164772727272727
"2998","2998",4752,4730,4730,-0.00462962962962963
"2999","2999",6688,6688,6656,-0.00478468899521531
"3000","3000",3722,3532,3532,-0.0510478237506717
"3001","3001",4047,4047,4062,0.00370644922164566
"3002","3002",3566,3566,3566,0
"3003","3003",5582,5582,5583,0.000179147259046937
"3004","3004",4336,4335,4335,-0.000230627306273063
"3005","3005",6367,5438,5438,-0.145908591173237
"3006","3006",2344,2344,2344,0
"3007","3007",1362,1361,1530,0.123348017621145
"3008","3008",5159,5159,5174,0.00290754022097306
"3009","3009",12648,13311,12703,0.00434851359898798
"3010","3010",8122,8192,8091,-0.00381679389312977
"3011","3011",7931,8207,8170,0.0301349136300593
"7686","7686",7931,8207,8170,0.0301349136300593
"3012","3012",1354,1352,1345,-0.00664697193500739
"3013","3013",3777,3579,3587,-0.0503044744506222
"3014","3014",4852,5190,4706,-0.0300906842539159
"3015","3015",3335,3335,3193,-0.0425787106446777
"3016","3016",1753,1715,1929,0.100399315459213
"3017","3017",2722,2819,2625,-0.035635562086701
"3019","3019",2138,2142,2144,0.00280636108512629
"3020","3020",2310,2315,2315,0.00216450216450216
"3021","3021",3284,2881,2974,-0.0943970767356882
"3022","3022",4779,4779,4780,0.000209248796819418
"3023","3023",2619,2857,2839,0.0840015273004964
"18339","18339",2619,2857,2839,0.0840015273004964
"3024","3024",2740,3693,2731,-0.00328467153284672
"3025","3025",1473,1498,1356,-0.0794297352342159
"3026","3026",2621,2621,2854,0.0888973674170164
"17723","17723",2621,2621,2854,0.0888973674170164
"3027","3027",2140,2138,2138,-0.000934579439252336
"3028","3028",5589,5589,5734,0.0259438182143496
"3029","3029",7914,7711,8220,0.0386656557998484
"3030","3030",1592,1319,1319,-0.171482412060302
"3032","3032",6943,6943,6300,-0.0926112631427337
"3033","3033",5829,5826,5756,-0.0125235889517928
"3034","3034",2704,2793,2563,-0.0521449704142012
"3035","3035",2662,2567,2566,-0.0360631104432757
"3036","3036",2814,2801,2816,0.000710732054015636
"3037","3037",3937,4081,4082,0.0368300736601473
"3038","3038",7353,7911,7893,0.0734394124847001
"3039","3039",3635,3635,3636,0.000275103163686382
"3040","3040",5060,5070,4631,-0.0847826086956522
"3041","3041",7584,7585,6947,-0.0839926160337553
"3042","3042",7962,7533,7580,-0.047977895001256
"3043","3043",16958,14811,14350,-0.153791720721783
"3044","3044",1690,1635,1621,-0.0408284023668639
"3045","3045",15645,15476,15462,-0.0116970278044104
"3046","3046",6218,6211,6183,-0.00562881955612737
"3047","3047",2911,3220,2978,0.0230161456544143
"3048","3048",4717,4586,4521,-0.0415518337926648
"3049","3049",6244,6372,6346,0.0163356822549648
"3050","3050",678,678,1435,1.1165191740413
"3051","3051",9645,10619,10619,0.100984966303784
"3052","3052",2540,2569,2544,0.0015748031496063
"3053","3053",3959,3959,3966,0.00176812326345037
"3054","3054",3863,3863,2606,-0.325394770903443
"12496","12496",3863,3863,2606,-0.325394770903443
"14894","14894",3863,3863,2606,-0.325394770903443
"3055","3055",2597,2597,2597,0
"13495","13495",2597,2597,2597,0
"3056","3056",3224,3896,3969,0.231079404466501
"3057","3057",5056,4822,4830,-0.0446993670886076
"3058","3058",1540,1539,1545,0.00324675324675325
"3059","3059",12731,13521,13552,0.0644882570104469
"3060","3060",5689,6024,5744,0.00966777992617332
"3061","3061",2105,2105,2083,-0.0104513064133017
"3062","3062",4502,4738,4654,0.0337627721012883
"3063","3063",1268,1268,1262,-0.00473186119873817
"3064","3064",4930,4904,5266,0.0681541582150101
"3065","3065",966,800,800,-0.17184265010352
"3066","3066",4057,2046,1696,-0.581957111165886
"3068","3068",5928,5935,5867,-0.0102901484480432
"3069","3069",5204,5208,5433,0.0440046118370484
"3070","3070",3135,3136,3244,0.0347687400318979
"3071","3071",2893,2868,2866,-0.00933287245074317
"3072","3072",2013,2013,2013,0
"3073","3073",2629,2629,2651,0.00836820083682008
"3074","3074",2977,2979,2966,-0.00369499496137051
"3075","3075",4491,4516,3670,-0.182810064573592
"3076","3076",2092,2092,2097,0.00239005736137667
"16612","16612",2092,2092,2097,0.00239005736137667
"18024","18024",2092,2092,2097,0.00239005736137667
"19634","19634",2092,2092,2097,0.00239005736137667
"3077","3077",1206,1194,1194,-0.00995024875621891
"3078","3078",2620,2383,2622,0.000763358778625954
"3080","3080",7452,7381,7601,0.0199946323134729
"3081","3081",1596,1563,1554,-0.0263157894736842
"3082","3082",3065,3065,2620,-0.145187601957586
"3083","3083",2912,2701,2936,0.00824175824175824
"3084","3084",3071,1444,3100,0.00944317811787691
"19830","19830",3071,1444,3100,0.00944317811787691
"3085","3085",2113,2143,2017,-0.0454330336015144
"3086","3086",2798,2798,2800,0.000714796283059328
"3087","3087",1384,1384,1384,0
"3767","3767",1384,1384,1384,0
"3088","3088",5777,3500,3593,-0.378050891466159
"3089","3089",4150,4047,3981,-0.0407228915662651
"3090","3090",13458,12862,12839,-0.0459949472432754
"3091","3091",10294,9888,9881,-0.0401204585195259
"3092","3092",3501,3443,3424,-0.0219937160811197
"3093","3093",1824,1867,1782,-0.0230263157894737
"3094","3094",2870,2870,2699,-0.059581881533101
"3095","3095",1632,1578,1510,-0.0747549019607843
"3096","3096",1802,1802,1783,-0.0105438401775805
"3097","3097",1963,1962,1953,-0.00509424350483953
"3098","3098",7332,7154,7601,0.0366884888161484
"3099","3099",2313,2313,1848,-0.201037613488975
"3100","3100",1591,1593,1033,-0.350722815839095
"3101","3101",5061,4955,4955,-0.0209444773760126
"3102","3102",2396,2229,2221,-0.0730383973288815
"3103","3103",7524,7759,7473,-0.00677830940988836
"3104","3104",3854,3723,3711,-0.0371043072132849
"3105","3105",8650,8807,8950,0.0346820809248555
"3106","3106",2656,2656,2659,0.00112951807228916
"3107","3107",1500,1496,1633,0.0886666666666667
"3311","3311",1500,1496,1633,0.0886666666666667
"3108","3108",1983,1291,1287,-0.350983358547655
"18864","18864",1983,1291,1287,-0.350983358547655
"3109","3109",1830,1765,1807,-0.012568306010929
"9888","9888",1830,1765,1807,-0.012568306010929
"3110","3110",1616,1738,1781,0.10210396039604
"3111","3111",1187,1138,1165,-0.0185341196293176
"3112","3112",4467,4464,4418,-0.0109693306469666
"3113","3113",3265,3052,3052,-0.0652373660030628
"3115","3115",1266,1516,1304,0.0300157977883096
"3116","3116",2021,2011,2048,0.0133597229094508
"3117","3117",4473,4516,4273,-0.0447127207690588
"3118","3118",2975,2975,2975,0
"18344","18344",2975,2975,2975,0
"3119","3119",2534,2499,2477,-0.0224940805051302
"3120","3120",2301,2301,2314,0.00564971751412429
"3121","3121",1463,1796,1797,0.228298017771702
"3122","3122",5730,5730,5730,0
"3123","3123",1708,1750,1751,0.025175644028103
"3124","3124",3347,3265,3174,-0.0516880788766059
"3125","3125",5207,5206,5528,0.061647781832149
"3126","3126",2056,1954,1952,-0.0505836575875486
"3127","3127",3928,3927,3927,-0.000254582484725051
"3128","3128",1982,2023,2023,0.020686175580222
"3129","3129",1244,1244,1245,0.000803858520900322
"3130","3130",9425,9412,9549,0.0131564986737401
"3131","3131",2992,3035,3119,0.0424465240641711
"3132","3132",2691,2612,2612,-0.0293571163136381
"3133","3133",1813,1813,1813,0
"3134","3134",4271,4272,3613,-0.154062280496371
"3135","3135",11405,10801,10457,-0.0831214379658045
"3136","3136",1604,1604,1604,0
"3137","3137",2673,2673,2644,-0.0108492330714553
"3138","3138",6660,6599,7161,0.0752252252252252
"3139","3139",6492,6440,6266,-0.0348120764017252
"4811","4811",6492,6440,6266,-0.0348120764017252
"3140","3140",15482,15962,15839,0.0230590363002196
"3141","3141",6300,6285,6256,-0.00698412698412698
"3142","3142",2684,2558,1934,-0.279433681073025
"3143","3143",3865,3867,3872,0.0018111254851229
"3144","3144",6058,6082,6032,-0.00429184549356223
"3145","3145",4553,4554,4554,0.000219635405227323
"3146","3146",4627,4812,4857,0.0497082342770694
"3147","3147",2452,2455,2455,0.00122349102773246
"3148","3148",6105,6318,6324,0.0358722358722359
"3149","3149",1569,1569,1502,-0.0427023581899299
"3150","3150",1944,1583,1591,-0.181584362139918
"3151","3151",2822,2822,2822,0
"3152","3152",2101,2102,2101,0
"3153","3153",15106,14270,14250,-0.0566662253409241
"3154","3154",3159,3234,3233,0.0234251345362456
"3155","3155",3352,3376,3375,0.00686157517899761
"7461","7461",3352,3376,3375,0.00686157517899761
"3156","3156",8027,7523,7524,-0.062663510651551
"3157","3157",2603,2646,2790,0.0718401844026124
"3158","3158",5316,5317,5173,-0.0268999247554552
"3159","3159",4327,4327,4298,-0.00670210307372313
"3160","3160",1544,3004,3062,0.983160621761658
"3161","3161",11116,11008,11022,-0.00845627923713566
"3162","3162",1847,1848,1848,0.000541418516513265
"17365","17365",1847,1848,1848,0.000541418516513265
"3163","3163",1612,2003,2047,0.26985111662531
"3164","3164",5215,4835,5304,0.0170661553211889
"3165","3165",6136,6112,6116,-0.00325945241199478
"3166","3166",3205,4387,4350,0.357254290171607
"3167","3167",1557,1607,1623,0.0423892100192678
"3168","3168",6473,6459,6627,0.0237911323961069
"3169","3169",1986,1986,1986,0
"3170","3170",5840,5843,5918,0.0133561643835616
"3171","3171",2742,2405,2400,-0.12472647702407
"3172","3172",6065,6015,6015,-0.00824402308326463
"3173","3173",9813,9796,9860,0.00478956486293692
"3174","3174",7483,8434,8184,0.0936790057463584
"3175","3175",3162,3155,2827,-0.105945604048071
"3176","3176",3527,4042,3925,0.112843776580663
"3177","3177",4413,4413,4420,0.00158622252435985
"7528","7528",4413,4413,4420,0.00158622252435985
"3178","3178",4990,4773,4771,-0.0438877755511022
"3179","3179",4070,4075,3487,-0.143243243243243
"3180","3180",3083,3083,3057,-0.00843334414531301
"3181","3181",3195,3145,3145,-0.0156494522691706
"3182","3182",2646,2368,2638,-0.00302343159486017
"7425","7425",2646,2368,2638,-0.00302343159486017
"3183","3183",6334,6321,5719,-0.0970950426270919
"3184","3184",5917,5986,5993,0.0128443467973635
"10459","10459",5917,5986,5993,0.0128443467973635
"3185","3185",10631,7948,7890,-0.257830871978177
"3186","3186",462,462,462,0
"3187","3187",6644,6294,6276,-0.0553883202889825
"3188","3188",3454,3488,3487,0.00955414012738853
"3189","3189",1212,1273,1448,0.194719471947195
"10971","10971",1212,1273,1448,0.194719471947195
"3190","3190",1723,1694,1694,-0.0168311085316309
"3191","3191",4696,4677,4677,-0.00404599659284497
"4217","4217",4696,4677,4677,-0.00404599659284497
"3192","3192",3956,3985,4007,0.012891809908999
"3193","3193",5764,5792,5613,-0.0261970853573907
"3194","3194",2259,2478,2430,0.0756972111553785
"3195","3195",3735,3739,3963,0.0610441767068273
"3196","3196",3739,3750,3580,-0.0425247392350896
"3197","3197",1716,2081,2078,0.210955710955711
"3198","3198",4131,4114,3627,-0.122004357298475
"3199","3199",6704,4281,4159,-0.379624105011933
"3200","3200",1056,1129,1055,-0.000946969696969697
"3201","3201",7080,6913,6923,-0.0221751412429379
"3204","3204",5175,5180,5182,0.00135265700483092
"3205","3205",2445,2486,2222,-0.0912065439672802
"3206","3206",2333,2336,2555,0.0951564509215602
"3207","3207",3308,3277,3258,-0.0151148730350665
"3208","3208",3393,3582,3449,0.0165045682287062
"3209","3209",2266,2024,2093,-0.0763459841129744
"11994","11994",2266,2024,2093,-0.0763459841129744
"3210","3210",3597,3271,3269,-0.0911871003614123
"14876","14876",3597,3271,3269,-0.0911871003614123
"3211","3211",4120,4080,4080,-0.00970873786407767
"3212","3212",3792,3757,3754,-0.0100210970464135
"3213","3213",4564,4886,4751,0.0409728308501315
"3214","3214",3521,3514,3237,-0.0806589037205339
"3215","3215",4946,4737,4737,-0.0422563687828548
"3216","3216",1755,1754,1718,-0.0210826210826211
"13764","13764",1755,1754,1718,-0.0210826210826211
"3217","3217",6412,6376,5162,-0.194946974422957
"8558","8558",6412,6376,5162,-0.194946974422957
"3218","3218",2870,2870,2699,-0.059581881533101
"12306","12306",2870,2870,2699,-0.059581881533101
"3219","3219",3438,3438,3440,0.00058173356602676
"3220","3220",1114,1114,1114,0
"3221","3221",6590,7465,6266,-0.049165402124431
"3222","3222",4683,4480,4480,-0.0433482810164425
"3223","3223",3866,3848,3838,-0.00724262803931712
"3224","3224",6345,6303,7716,0.216075650118203
"3225","3225",2608,2616,2191,-0.15989263803681
"3226","3226",1533,1533,1619,0.0560991519895629
"3227","3227",4266,4235,4310,0.0103141115799344
"11889","11889",4266,4235,4310,0.0103141115799344
"18384","18384",4266,4235,4310,0.0103141115799344
"3228","3228",3379,3410,3687,0.091151228174016
"3229","3229",5176,5176,5176,0
"3230","3230",2544,2437,2462,-0.0322327044025157
"3231","3231",3163,3177,3144,-0.00600695542206766
"3232","3232",3398,2882,2784,-0.180694526191878
"3233","3233",2369,2369,2368,-0.000422119037568594
"3234","3234",5722,5725,5366,-0.0622160083886753
"3236","3236",1728,1709,1679,-0.0283564814814815
"3237","3237",6724,9126,8523,0.267549077929804
"3238","3238",5558,5400,6995,0.258546239654552
"3239","3239",3951,3964,3946,-0.00126550240445457
"3240","3240",1630,1630,1630,0
"18979","18979",1630,1630,1630,0
"3241","3241",7108,7108,7108,0
"3242","3242",3380,3335,3347,-0.00976331360946745
"3243","3243",1343,1468,1473,0.0967982129560685
"9437","9437",1343,1468,1473,0.0967982129560685
"3244","3244",2284,2284,2179,-0.0459719789842382
"3245","3245",1785,1785,1232,-0.309803921568627
"3246","3246",9902,7789,7760,-0.216319935366593
"3247","3247",1026,1026,1026,0
"3248","3248",3837,3827,3827,-0.00260620276257493
"3249","3249",6788,7160,7163,0.0552445492044785
"3250","3250",2363,2363,2315,-0.0203131612357173
"12003","12003",2363,2363,2315,-0.0203131612357173
"3251","3251",4499,4498,4489,-0.00222271615914648
"3252","3252",3086,3086,3061,-0.00810110174983798
"3253","3253",6873,6867,7529,0.0954459479121199
"3254","3254",5311,5324,5324,0.00244774995292789
"3255","3255",8193,8311,8031,-0.0197729769315269
"3256","3256",1270,1217,1220,-0.0393700787401575
"3257","3257",2712,2715,2709,-0.00110619469026549
"3258","3258",2787,2735,2735,-0.0186580552565483
"6161","6161",2787,2735,2735,-0.0186580552565483
"3259","3259",3666,3666,3693,0.00736497545008183
"3260","3260",1146,1146,1142,-0.00349040139616056
"3261","3261",9810,9702,9835,0.00254841997961264
"3262","3262",1714,1714,1714,0
"3263","3263",3105,3105,3105,0
"3264","3264",1492,1492,1470,-0.014745308310992
"3266","3266",877,824,824,-0.0604332953249715
"3267","3267",2848,2722,2672,-0.0617977528089888
"3268","3268",13432,13389,13397,-0.00260571768910066
"3269","3269",4414,4414,4414,0
"3270","3270",4717,4730,4730,0.0027559889760441
"3271","3271",2200,2200,2188,-0.00545454545454545
"3272","3272",6117,6117,6115,-0.000326957658983162
"3273","3273",6468,6467,7226,0.117192331478046
"3274","3274",2822,2820,2821,-0.000354358610914245
"3275","3275",3930,3951,3750,-0.0458015267175573
"3276","3276",5902,5902,2976,-0.495764147746527
"3277","3277",8641,6465,6464,-0.25193843305173
"3278","3278",2739,3765,3765,0.374589266155531
"3279","3279",4888,4952,5427,0.110270049099836
"3280","3280",3939,3744,2498,-0.365828890581366
"3281","3281",5169,5512,5443,0.053008318823757
"3282","3282",9013,8301,8432,-0.06446244313769
"3283","3283",4331,4353,4338,0.00161625490648811
"14675","14675",4331,4353,4338,0.00161625490648811
"3284","3284",5459,4848,4854,-0.110826158637113
"3285","3285",1570,1818,1474,-0.0611464968152866
"3286","3286",3984,3984,3984,0
"3287","3287",4887,4215,4573,-0.0642520974012687
"14692","14692",4887,4215,4573,-0.0642520974012687
"3288","3288",3139,3248,3519,0.121057661675693
"3289","3289",4105,4269,4197,0.0224116930572473
"3290","3290",2300,2300,2379,0.0343478260869565
"3291","3291",2581,2509,2509,-0.0278961642774119
"3292","3292",4921,4928,4930,0.00182889656573867
"3293","3293",5120,5091,5091,-0.0056640625
"3294","3294",5398,5275,5280,-0.0218599481289366
"3295","3295",4684,4778,4311,-0.0796327924850555
"3296","3296",6415,6788,6927,0.0798129384255651
"3297","3297",4889,3874,3875,-0.207404377173246
"3298","3298",9174,9041,9129,-0.00490516677567037
"3299","3299",5824,5816,5870,0.00789835164835165
"3300","3300",11087,11091,11217,0.0117254442139443
"3301","3301",3412,3412,3249,-0.0477725674091442
"3302","3302",3253,2764,2708,-0.16753765754688
"8206","8206",3253,2764,2708,-0.16753765754688
"3303","3303",2683,2683,2690,0.00260901975400671
"3304","3304",6917,6956,6969,0.00751770998988001
"3305","3305",3653,3653,3451,-0.0552970161511087
"3306","3306",2689,2721,2634,-0.0204537002603198
"3307","3307",2999,3038,3298,0.0996998999666556
"3308","3308",3441,3862,3869,0.124382446963092
"3309","3309",3682,3884,3886,0.0554046713742531
"3310","3310",4022,4019,4014,-0.00198906016907011
"3312","3312",1357,1357,1356,-0.000736919675755343
"3313","3313",10800,10791,10707,-0.00861111111111111
"3314","3314",10173,9813,9814,-0.0352894917919984
"3315","3315",2658,2657,2555,-0.0387509405568096
"3317","3317",4369,4369,4369,0
"3318","3318",1648,1648,1625,-0.0139563106796117
"18064","18064",1648,1648,1625,-0.0139563106796117
"3319","3319",3265,3252,3246,-0.00581929555895865
"3320","3320",12572,11400,11374,-0.0952911231307668
"3321","3321",2418,2616,2615,0.0814722911497105
"3322","3322",1854,1854,1854,0
"3323","3323",3917,3933,3934,0.00434005616543273
"3324","3324",1516,1494,1575,0.0389182058047493
"3325","3325",2946,2947,2937,-0.00305498981670061
"16497","16497",2946,2947,2937,-0.00305498981670061
"3327","3327",2127,2127,2428,0.141513869299483
"3712","3712",2127,2127,2428,0.141513869299483
"3328","3328",3171,3355,3153,-0.00567644276253548
"3329","3329",3202,3247,3362,0.0499687695190506
"3330","3330",4777,4769,4769,-0.00167469122880469
"16634","16634",4777,4769,4769,-0.00167469122880469
"3331","3331",5017,5017,5297,0.0558102451664341
"3332","3332",2546,2628,2628,0.0322073841319717
"3334","3334",1447,1625,1625,0.123013130615066
"3335","3335",2762,2762,2715,-0.0170166545981173
"3336","3336",1694,1708,1690,-0.00236127508854782
"3337","3337",2573,2616,2616,0.0167120093276331
"3338","3338",3264,3291,3291,0.00827205882352941
"3339","3339",9267,9129,9135,-0.0142440919391389
"3340","3340",1957,2017,2017,0.0306591722023505
"3459","3459",1957,2017,2017,0.0306591722023505
"3341","3341",3932,3885,3886,-0.0116988809766022
"3342","3342",1876,1882,1882,0.00319829424307036
"3343","3343",1673,1675,1676,0.0017931858936043
"3344","3344",3271,3272,3272,0.00030571690614491
"3345","3345",2480,2480,2448,-0.0129032258064516
"3346","3346",5518,6811,6614,0.19862268938021
"3347","3347",2916,2916,2924,0.00274348422496571
"3348","3348",6483,6446,6619,0.0209779423106586
"3349","3349",881,882,882,0.00113507377979569
"3350","3350",1929,1929,1935,0.0031104199066874
"3351","3351",4120,4833,4830,0.172330097087379
"3352","3352",7327,7126,7849,0.0712433465265457
"3353","3353",3968,3333,3221,-0.188256048387097
"10989","10989",3968,3333,3221,-0.188256048387097
"3354","3354",2217,2276,2275,0.0261614794767704
"13713","13713",2217,2276,2275,0.0261614794767704
"3355","3355",2893,2918,2916,0.0079502246802627
"3357","3357",2741,2741,2741,0
"3358","3358",2958,2938,3042,0.0283975659229209
"3359","3359",2512,2133,2134,-0.150477707006369
"6867","6867",2512,2133,2134,-0.150477707006369
"3360","3360",4378,4363,4585,0.0472818638647784
"3361","3361",3407,3411,3434,0.00792486058115644
"3362","3362",5667,5378,5378,-0.0509970001764602
"3363","3363",2626,2838,2838,0.0807311500380807
"3364","3364",4502,4483,4483,-0.00422034651266104
"3365","3365",3826,3687,3698,-0.0334553058024046
"3366","3366",2761,2764,2764,0.00108656283955089
"3367","3367",1653,1653,1993,0.205686630369026
"3368","3368",4136,4164,4086,-0.0120889748549323
"3369","3369",2195,2107,2105,-0.041002277904328
"3370","3370",3900,3900,3941,0.0105128205128205
"3371","3371",882,882,961,0.0895691609977324
"4293","4293",882,882,961,0.0895691609977324
"3372","3372",1485,1485,1433,-0.035016835016835
"10842","10842",1485,1485,1433,-0.035016835016835
"3373","3373",3296,3298,3297,0.000303398058252427
"3374","3374",2151,1830,1900,-0.116689911668991
"3375","3375",2262,2266,2266,0.0017683465959328
"3376","3376",9856,9975,9794,-0.00629058441558442
"3378","3378",2470,2752,2434,-0.0145748987854251
"3379","3379",3795,3408,3856,0.0160737812911726
"3380","3380",3983,4238,4238,0.0640220938990711
"3381","3381",1914,1914,1914,0
"3382","3382",5556,5556,5563,0.00125989920806335
"3383","3383",3377,3311,3333,-0.0130293159609121
"3384","3384",2132,2030,2026,-0.049718574108818
"3385","3385",11905,8478,8448,-0.290382192356153
"3386","3386",3182,3226,3223,0.0128849780012571
"3387","3387",1409,1618,1794,0.273243435060326
"3388","3388",3230,3228,3101,-0.039938080495356
"3389","3389",10757,11622,11244,0.0452728455889188
"3390","3390",3743,4111,3275,-0.125033395671921
"3391","3391",1435,1435,1425,-0.00696864111498258
"3392","3392",6951,6959,6864,-0.0125161847216228
"3393","3393",2537,2537,2595,0.0228616476152937
"3394","3394",6966,6966,7044,0.0111972437553833
"3395","3395",6968,7082,7007,0.00559701492537313
"3396","3396",3237,3237,3230,-0.00216249613839975
"3397","3397",1349,1351,1295,-0.0400296515937732
"8298","8298",1349,1351,1295,-0.0400296515937732
"8981","8981",1349,1351,1295,-0.0400296515937732
"3398","3398",3490,5182,4599,0.317765042979943
"3399","3399",1409,1344,1344,-0.0461320085166785
"3400","3400",8134,7459,7466,-0.0821244160314728
"3401","3401",1581,1581,1581,0
"3402","3402",4411,4411,4411,0
"3403","3403",1601,1601,1601,0
"3404","3404",2075,2044,2044,-0.0149397590361446
"3405","3405",6841,6840,6856,0.00219266189153633
"3406","3406",2146,2143,2143,-0.00139794967381174
"3407","3407",4354,4297,4294,-0.0137804317868627
"3408","3408",6242,6242,5839,-0.0645626401794297
"3409","3409",3178,3291,3291,0.0355569540591567
"3410","3410",2910,2910,2704,-0.0707903780068729
"3411","3411",6401,6266,6264,-0.0214029057959694
"3412","3412",3289,3290,3288,-0.000304043782304652
"3413","3413",6486,3791,4432,-0.31668208448967
"3414","3414",6433,7965,8565,0.331416135551065
"3415","3415",2137,1829,1824,-0.14646700982686
"3417","3417",2448,2448,2433,-0.00612745098039216
"3418","3418",5355,6261,6261,0.169187675070028
"3419","3419",4227,4227,5116,0.210314643955524
"3420","3420",1831,1831,2040,0.114145275805571
"3421","3421",10240,10730,10616,0.03671875
"3422","3422",1887,1887,2095,0.110227874933757
"3423","3423",3107,2965,3052,-0.0177019633086579
"3424","3424",7691,7691,7420,-0.0352359901183201
"3425","3425",3022,3024,3024,0.000661813368630046
"3426","3426",2406,2406,2620,0.0889443059019119
"3427","3427",1563,1554,1551,-0.00767754318618042
"3428","3428",1259,1252,1250,-0.00714853057982526
"3429","3429",3174,3144,2741,-0.136420919974795
"3430","3430",7355,9178,9072,0.233446634942216
"3431","3431",6226,7000,7147,0.147928043687761
"3432","3432",2132,2132,2189,0.0267354596622889
"3433","3433",1503,1503,1503,0
"3434","3434",928,928,928,0
"12311","12311",928,928,928,0
"3435","3435",947,949,954,0.00739176346356917
"3883","3883",947,949,954,0.00739176346356917
"7013","7013",947,949,954,0.00739176346356917
"14880","14880",947,949,954,0.00739176346356917
"3436","3436",3102,3102,3100,-0.000644745325596389
"3438","3438",4976,4306,4315,-0.132837620578778
"3439","3439",2011,2012,1935,-0.0377921432123322
"3440","3440",1753,1753,1751,-0.00114090131203651
"3441","3441",2281,2281,2281,0
"3442","3442",5513,5513,5541,0.00507890440776347
"3443","3443",6798,6819,6816,0.00264783759929391
"3444","3444",1558,1558,1471,-0.0558408215661104
"14960","14960",1558,1558,1471,-0.0558408215661104
"18560","18560",1558,1558,1471,-0.0558408215661104
"19407","19407",1558,1558,1471,-0.0558408215661104
"3445","3445",8974,8621,9004,0.00334299086249164
"3446","3446",3973,3971,3923,-0.0125849484017116
"3447","3447",1590,1750,1600,0.00628930817610063
"3448","3448",1003,1003,969,-0.0338983050847458
"3449","3449",2743,2741,2741,-0.000729128691213999
"3450","3450",2311,2072,2112,-0.0861099091302466
"3451","3451",3970,3961,3961,-0.00226700251889169
"3452","3452",1349,1338,1338,-0.00815418828762046
"3453","3453",8583,8520,8516,-0.00780612839333566
"3454","3454",8221,8224,7892,-0.0400194623525119
"3455","3455",7688,7687,8309,0.0807752341311134
"3456","3456",4859,4859,4869,0.00205803663305207
"3457","3457",4383,4822,4759,0.0857859913301392
"3460","3460",1278,1087,1083,-0.152582159624413
"3461","3461",4653,4662,4653,0
"3462","3462",3233,3362,3363,0.0402103309619548
"3463","3463",1253,1070,1071,-0.145251396648045
"3464","3464",3717,3717,3336,-0.102502017756255
"3465","3465",4265,4069,4069,-0.0459554513481829
"3466","3466",4382,4098,4078,-0.0693747147421269
"3467","3467",5262,5267,5113,-0.0283162295705055
"3468","3468",2362,2568,2529,0.0707027942421677
"3469","3469",2864,2829,2950,0.0300279329608939
"3470","3470",2003,2007,2009,0.00299550673989016
"3471","3471",2714,2687,2687,-0.00994841562269713
"15267","15267",2714,2687,2687,-0.00994841562269713
"3472","3472",3843,3843,3941,0.0255009107468124
"3473","3473",6393,6393,6393,0
"3474","3474",5478,5290,5289,-0.0345016429353779
"3475","3475",2063,1753,1754,-0.149781871061561
"9683","9683",2063,1753,1754,-0.149781871061561
"3476","3476",4188,4188,4188,0
"3477","3477",7529,7579,7473,-0.00743790676052597
"3478","3478",10150,10267,10034,-0.0114285714285714
"3479","3479",1885,1885,1885,0
"3480","3480",4428,4576,4576,0.033423667570009
"3481","3481",5343,5079,5091,-0.047164514317799
"3482","3482",7734,7734,7733,-0.00012929919834497
"3483","3483",6280,7576,7844,0.249044585987261
"3484","3484",3673,3655,3596,-0.0209637898175878
"3485","3485",10290,10277,10294,0.000388726919339164
"3486","3486",5553,5553,5553,0
"3487","3487",3725,3725,3725,0
"3488","3488",3860,4261,3683,-0.0458549222797927
"17070","17070",3860,4261,3683,-0.0458549222797927
"3489","3489",2078,1988,1988,-0.0433108758421559
"3490","3490",4137,4135,4135,-0.00048344210780759
"3491","3491",3650,3610,3372,-0.0761643835616438
"3492","3492",2237,2237,2237,0
"3493","3493",1342,1342,1342,0
"3494","3494",5079,5077,5053,-0.00511911793660169
"3495","3495",4398,4398,4398,0
"3496","3496",1204,1204,1205,0.000830564784053156
"3497","3497",4673,4265,4591,-0.017547613952493
"3498","3498",4249,4434,4665,0.0979053895034126
"3499","3499",15112,14960,14920,-0.0127051349920593
"3500","3500",12901,11622,11800,-0.0853422215332145
"3501","3501",2393,2393,2391,-0.000835770998746344
"3502","3502",5705,5696,5705,0
"3504","3504",2492,2582,2582,0.036115569823435
"3505","3505",5611,5598,5537,-0.0131883799679202
"3506","3506",5250,5250,5262,0.00228571428571429
"3507","3507",10180,9725,9725,-0.0446954813359529
"3509","3509",1454,1274,1274,-0.123796423658872
"3510","3510",2478,2477,2855,0.152138821630347
"3511","3511",2954,2957,2957,0.0010155721056195
"3512","3512",4191,4191,4203,0.00286327845382963
"3513","3513",3419,3419,3494,0.0219362386662767
"3514","3514",963,981,979,0.0166147455867082
"4991","4991",963,981,979,0.0166147455867082
"3515","3515",3032,3031,3026,-0.00197889182058048
"3516","3516",1483,1483,1503,0.0134861766689144
"3517","3517",3864,3631,3612,-0.0652173913043478
"3518","3518",2714,2594,2593,-0.0445836403831982
"17663","17663",2714,2594,2593,-0.0445836403831982
"3519","3519",3675,3675,3677,0.00054421768707483
"3520","3520",3318,2722,2730,-0.177215189873418
"3521","3521",1577,1579,1582,0.00317057704502219
"13008","13008",1577,1579,1582,0.00317057704502219
"3522","3522",1887,1890,1891,0.00211976682564918
"3523","3523",3082,3002,3010,-0.0233614536015574
"3524","3524",2430,2338,2338,-0.0378600823045267
"3525","3525",2517,2495,2500,-0.00675407230830354
"3526","3526",1022,1022,1022,0
"3527","3527",5535,5535,5550,0.002710027100271
"3528","3528",4912,3085,3101,-0.368688925081433
"3529","3529",1858,1900,1862,0.00215285252960172
"3530","3530",2256,2256,2239,-0.0075354609929078
"6452","6452",2256,2256,2239,-0.0075354609929078
"3531","3531",4137,4212,4214,0.0186125211505922
"3532","3532",2557,2593,2592,0.013687915526007
"8510","8510",2557,2593,2592,0.013687915526007
"3533","3533",9751,9750,9753,0.000205107168495539
"3534","3534",7026,6476,8112,0.154568744662681
"3535","3535",4146,4146,4293,0.0354558610709117
"3536","3536",7283,7283,9868,0.354936152684333
"3537","3537",2398,2318,2318,-0.0333611342785655
"6971","6971",2398,2318,2318,-0.0333611342785655
"3538","3538",2130,2130,2133,0.00140845070422535
"3539","3539",4569,4524,3652,-0.200700372072664
"3540","3540",6684,6720,6718,0.00508677438659485
"3541","3541",1622,1609,1609,-0.00801479654747226
"14490","14490",1622,1609,1609,-0.00801479654747226
"3542","3542",10788,10801,10771,-0.00157582499073044
"3543","3543",7201,5955,5918,-0.178169698652965
"3544","3544",5082,5077,4931,-0.0297127115308933
"3545","3545",6063,6711,6655,0.0976414316345044
"4874","4874",6063,6711,6655,0.0976414316345044
"3546","3546",5338,5354,5355,0.00318471337579618
"3547","3547",1791,1791,1791,0
"3548","3548",2243,2243,2243,0
"3549","3549",3568,3651,3546,-0.00616591928251121
"7959","7959",3568,3651,3546,-0.00616591928251121
"15167","15167",3568,3651,3546,-0.00616591928251121
"3550","3550",7903,8388,8288,0.0487156775907883
"3551","3551",6254,6243,6107,-0.0235049568276303
"3552","3552",4456,6401,5057,0.134874326750449
"3553","3553",2874,2874,2876,0.00069589422407794
"12267","12267",2874,2874,2876,0.00069589422407794
"3554","3554",3002,3004,2983,-0.00632911392405063
"3555","3555",3579,3623,3660,0.0226320201173512
"7649","7649",3579,3623,3660,0.0226320201173512
"14230","14230",3579,3623,3660,0.0226320201173512
"3556","3556",1485,1514,1678,0.12996632996633
"3557","3557",920,920,920,0
"3558","3558",3594,3566,3566,-0.00779076238174736
"3559","3559",1107,1107,1159,0.046973803071364
"3560","3560",3732,3732,3695,-0.00991425509110396
"3561","3561",2229,2212,1369,-0.385823239120682
"16047","16047",2229,2212,1369,-0.385823239120682
"3562","3562",1752,1752,1783,0.0176940639269406
"12048","12048",1752,1752,1783,0.0176940639269406
"3563","3563",2012,2012,2053,0.0203777335984095
"9534","9534",2012,2012,2053,0.0203777335984095
"3564","3564",2579,2579,2377,-0.078324932144242
"3565","3565",6368,5962,6029,-0.0532349246231156
"3566","3566",5865,5880,5880,0.00255754475703325
"3567","3567",2893,2894,2926,0.0114068441064639
"18857","18857",2893,2894,2926,0.0114068441064639
"3568","3568",6044,6044,6044,0
"3569","3569",5463,5463,5444,-0.00347794252242358
"3570","3570",3055,2675,2679,-0.123076923076923
"3571","3571",5288,5304,5022,-0.0503025718608169
"3572","3572",1477,1523,1699,0.150304671631686
"19368","19368",1477,1523,1699,0.150304671631686
"3573","3573",3709,3677,3677,-0.00862766244270693
"12109","12109",3709,3677,3677,-0.00862766244270693
"3574","3574",16313,16985,16955,0.0393551155520137
"3575","3575",3810,3814,3814,0.0010498687664042
"3576","3576",2228,2228,2176,-0.0233393177737881
"3577","3577",3560,3426,3342,-0.0612359550561798
"3578","3578",3886,3889,3914,0.00720535254760679
"3579","3579",3528,3617,3639,0.0314625850340136
"3580","3580",5887,5886,8642,0.467980295566502
"3581","3581",3734,3652,2685,-0.28093197643278
"3582","3582",3745,3131,3113,-0.168758344459279
"3583","3583",1973,2016,2018,0.0228079067410035
"3584","3584",1995,1995,1960,-0.0175438596491228
"3585","3585",5555,5819,5805,0.045004500450045
"3586","3586",3515,3527,3527,0.00341394025604552
"3900","3900",3515,3527,3527,0.00341394025604552
"3587","3587",4350,3632,3633,-0.164827586206897
"3588","3588",3604,3543,3530,-0.0205327413984462
"3589","3589",6633,6633,6532,-0.0152268958239107
"3590","3590",2143,2134,1909,-0.109192720485301
"3591","3591",1475,1817,1828,0.239322033898305
"3592","3592",3578,3536,3621,0.0120178870877585
"3593","3593",1879,1945,1944,0.0345928685470995
"3594","3594",3643,5431,4087,0.121877573428493
"3595","3595",5169,5150,4750,-0.0810601663764751
"3596","3596",13808,10943,10919,-0.209226535341831
"3597","3597",6145,6145,8173,0.330024410089504
"3598","3598",2970,2970,2854,-0.0390572390572391
"3599","3599",7018,7279,8308,0.18381305215161
"3600","3600",13350,13473,16029,0.200674157303371
"3601","3601",6562,5869,5926,-0.0969216702224931
"3602","3602",9831,9857,7514,-0.235683043434035
"3603","3603",2522,2397,2210,-0.123711340206186
"3604","3604",1830,1948,1747,-0.0453551912568306
"3605","3605",5293,5187,5053,-0.0453429057245418
"3606","3606",4023,4075,4050,0.00671140939597315
"3607","3607",2927,2834,2833,-0.032114793303724
"3608","3608",5717,5741,5740,0.00402308903270946
"3609","3609",575,540,703,0.222608695652174
"3610","3610",2255,2168,2164,-0.0403547671840355
"3611","3611",2802,2802,2439,-0.129550321199143
"3612","3612",5346,6158,5856,0.0953984287317621
"3613","3613",2942,2942,3023,0.0275322909585316
"3614","3614",3568,3565,3565,-0.000840807174887892
"3616","3616",5356,5226,5213,-0.0266990291262136
"3617","3617",3291,5049,5056,0.536311151625646
"3620","3620",5567,5730,5377,-0.0341296928327645
"3621","3621",2227,2228,2228,0.000449034575662326
"3622","3622",2557,3193,3156,0.234258897145092
"3623","3623",1475,1479,1480,0.00338983050847458
"3624","3624",8950,9069,9004,0.00603351955307263
"3625","3625",5468,4672,7206,0.317849305047549
"3626","3626",4267,4267,4252,-0.00351535036325287
"3628","3628",3247,3302,3091,-0.0480443486295042
"3629","3629",3204,3251,3259,0.0171660424469413
"8527","8527",3204,3251,3259,0.0171660424469413
"3630","3630",2186,2186,2417,0.105672461116194
"8937","8937",2186,2186,2417,0.105672461116194
"3631","3631",4664,4580,4581,-0.0177958833619211
"3632","3632",2112,2003,2002,-0.0520833333333333
"3633","3633",5748,5719,5605,-0.0248782185107864
"3634","3634",9295,9169,9168,-0.013663259817106
"3635","3635",6041,5552,5828,-0.0352590630690283
"3636","3636",5342,5353,4911,-0.0806813927368027
"3637","3637",1366,1193,1193,-0.126647144948755
"3638","3638",3091,3110,3089,-0.000647039792947266
"3639","3639",9559,8478,8546,-0.105973428182864
"3640","3640",3483,3464,3777,0.0844099913867356
"3641","3641",3398,3403,3418,0.00588581518540318
"3642","3642",2794,2795,2795,0.000357909806728704
"6743","6743",2794,2795,2795,0.000357909806728704
"3643","3643",1074,1070,1011,-0.058659217877095
"3644","3644",3559,3559,3561,0.000561955605507165
"13591","13591",3559,3559,3561,0.000561955605507165
"3645","3645",2271,2271,3153,0.388375165125495
"3646","3646",7178,7301,7299,0.0168570632488158
"3647","3647",2768,2768,2811,0.0155346820809249
"3648","3648",2410,2410,2305,-0.0435684647302905
"3649","3649",4767,4739,4739,-0.00587371512481645
"3651","3651",1372,1493,1460,0.0641399416909621
"3652","3652",7411,6088,5901,-0.203751180677371
"3653","3653",11105,11057,11088,-0.00153084196307969
"3654","3654",3446,3301,3270,-0.0510737086477075
"3655","3655",2340,2299,2299,-0.0175213675213675
"3656","3656",5248,5314,5321,0.0139100609756098
"3657","3657",2970,2729,2720,-0.0841750841750842
"3658","3658",719,728,860,0.196105702364395
"3659","3659",1857,1902,1901,0.0236941303177167
"3660","3660",4038,4004,3639,-0.0988112927191679
"3661","3661",2440,2443,1618,-0.336885245901639
"18974","18974",2440,2443,1618,-0.336885245901639
"3663","3663",1747,1747,1747,0
"14807","14807",1747,1747,1747,0
"3664","3664",1875,1876,1877,0.00106666666666667
"3665","3665",1446,1293,1293,-0.105809128630705
"9921","9921",1446,1293,1293,-0.105809128630705
"3666","3666",6140,6151,6151,0.00179153094462541
"3667","3667",2903,2891,2959,0.0192903892524974
"3668","3668",2197,2198,2174,-0.0104688211197087
"3669","3669",1871,1871,1871,0
"3670","3670",3815,3787,3787,-0.0073394495412844
"3671","3671",5654,5654,5655,0.000176865935620799
"3672","3672",6391,6285,6254,-0.0214363949303708
"3673","3673",831,922,694,-0.164861612515042
"3674","3674",5633,5684,5687,0.00958636605716315
"3675","3675",5684,3941,3941,-0.306650246305419
"3676","3676",1789,1792,1791,0.00111794298490777
"11016","11016",1789,1792,1791,0.00111794298490777
"15925","15925",1789,1792,1791,0.00111794298490777
"3678","3678",4832,4801,4844,0.00248344370860927
"3679","3679",11358,8493,8465,-0.254710336326818
"3680","3680",5631,5613,5788,0.0278813709820636
"3681","3681",3027,2996,2996,-0.0102411628675256
"3682","3682",4325,4318,4303,-0.00508670520231214
"3683","3683",1775,1775,1717,-0.0326760563380282
"3684","3684",4679,4130,4130,-0.117332763410985
"3685","3685",1666,1409,1408,-0.154861944777911
"4569","4569",1666,1409,1408,-0.154861944777911
"14551","14551",1666,1409,1408,-0.154861944777911
"3686","3686",1439,1287,1287,-0.105628908964559
"3687","3687",4790,4790,4585,-0.0427974947807933
"13443","13443",4790,4790,4585,-0.0427974947807933
"3688","3688",2134,2134,2134,0
"3689","3689",1231,1225,1242,0.00893582453290008
"3705","3705",1231,1225,1242,0.00893582453290008
"13064","13064",1231,1225,1242,0.00893582453290008
"3690","3690",2872,2871,2871,-0.000348189415041783
"3691","3691",6594,6586,6614,0.00303306035790112
"3692","3692",4947,4594,4594,-0.0713563776025874
"3693","3693",3311,3273,3272,-0.0117789187556629
"3694","3694",5171,4978,4978,-0.0373235350995939
"3695","3695",5955,5944,5857,-0.0164567590260285
"3696","3696",5416,5530,5457,0.00757016248153619
"3697","3697",8767,8720,8730,-0.00422037184897913
"3698","3698",1603,1590,1826,0.139114160948222
"14680","14680",1603,1590,1826,0.139114160948222
"3699","3699",483,483,474,-0.0186335403726708
"3700","3700",1986,1994,1993,0.00352467270896274
"3701","3701",4607,4731,4549,-0.0125895376600825
"3702","3702",13445,13416,13347,-0.00728895500185943
"3703","3703",1719,1740,1740,0.012216404886562
"3704","3704",4309,4309,4027,-0.0654444186586215
"3706","3706",8086,8203,8004,-0.0101409844175117
"3707","3707",4862,4903,4829,-0.00678733031674208
"3708","3708",6790,6244,6469,-0.0472754050073638
"3709","3709",7060,6334,5438,-0.229745042492918
"3710","3710",844,854,1528,0.81042654028436
"3711","3711",12638,12505,12455,-0.0144801392625415
"3713","3713",6715,6666,6695,-0.00297840655249442
"3714","3714",7346,7170,7891,0.0741900353934114
"3715","3715",2904,2904,2904,0
"3716","3716",3521,3485,3412,-0.0309571144561204
"12966","12966",3521,3485,3412,-0.0309571144561204
"3717","3717",922,922,913,-0.00976138828633406
"3718","3718",1797,1688,1687,-0.0612131329994435
"3719","3719",2203,1921,1847,-0.161597821152973
"3720","3720",2686,2686,2686,0
"3721","3721",1648,1648,1644,-0.00242718446601942
"3722","3722",2310,2076,2066,-0.105627705627706
"3723","3723",3837,3837,3293,-0.141777430284076
"3724","3724",6731,6699,6704,-0.00401129104145001
"3725","3725",3843,3839,3780,-0.0163934426229508
"3726","3726",2089,2089,2083,-0.00287218764959311
"3727","3727",6922,7791,6786,-0.0196475007223346
"3728","3728",2086,2086,2086,0
"3729","3729",5065,5065,5079,0.00276406712734452
"3730","3730",6502,6302,6095,-0.0625961242694556
"3731","3731",4191,4169,4167,-0.00572655690765927
"3732","3732",7292,7304,7223,-0.00946242457487658
"3733","3733",2602,2567,2564,-0.0146041506533436
"3734","3734",2099,2099,2082,-0.00809909480705098
"3736","3736",2940,2942,3131,0.0649659863945578
"3737","3737",1218,1218,1218,0
"8167","8167",1218,1218,1218,0
"3738","3738",4437,4494,4439,0.000450755014649538
"3739","3739",2876,2650,2767,-0.0378998609179416
"3740","3740",2979,2982,3071,0.0308828465928164
"18572","18572",2979,2982,3071,0.0308828465928164
"3741","3741",8216,7186,7516,-0.0851996105160662
"3742","3742",13605,12059,12030,-0.115766262403528
"3743","3743",2558,2556,2556,-0.000781860828772478
"3744","3744",10378,10236,10198,-0.0173443823472731
"3745","3745",2323,2323,2213,-0.0473525613430908
"3746","3746",3316,3440,1606,-0.515681544028951
"3747","3747",978,978,978,0
"8096","8096",978,978,978,0
"8101","8101",978,978,978,0
"3748","3748",3159,3073,3066,-0.0294396961063628
"3749","3749",3618,3626,3589,-0.0080154781647319
"3750","3750",5099,5169,5064,-0.00686409099823495
"3751","3751",2220,2220,2217,-0.00135135135135135
"3753","3753",2683,2993,2993,0.115542303391726
"3754","3754",3881,4360,4351,0.121102808554496
"3755","3755",1875,1791,1791,-0.0448
"3756","3756",2491,2491,2447,-0.0176635889201124
"3757","3757",1892,1892,1907,0.00792811839323467
"3758","3758",8193,7830,8200,0.000854387892103015
"3759","3759",16413,15868,14921,-0.0909035520623896
"3760","3760",2783,4005,4006,0.439453826805605
"3761","3761",2796,2765,2767,-0.0103719599427754
"3762","3762",4176,4038,4104,-0.0172413793103448
"3763","3763",3400,3400,3308,-0.0270588235294118
"3764","3764",465,465,465,0
"3765","3765",2181,2181,2153,-0.0128381476386978
"3766","3766",1807,1762,1762,-0.0249031543995573
"3768","3768",10508,10675,10525,0.00161781499809669
"3769","3769",3693,3691,3660,-0.00893582453290008
"3770","3770",1883,1883,2009,0.0669144981412639
"3771","3771",1433,1433,1437,0.00279134682484299
"3772","3772",3094,1944,1944,-0.371687136393019
"18799","18799",3094,1944,1944,-0.371687136393019
"3773","3773",1496,1431,1380,-0.0775401069518717
"13546","13546",1496,1431,1380,-0.0775401069518717
"3774","3774",2098,1998,1927,-0.0815061963775024
"3775","3775",2519,2520,2546,0.0107185391028186
"3776","3776",2642,2386,2386,-0.0968962906888721
"3777","3777",7353,7348,7329,-0.00326397388820889
"3778","3778",4320,4320,4320,0
"3779","3779",2155,2200,2182,0.0125290023201856
"3780","3780",5765,5694,5696,-0.011968777103209
"3781","3781",10415,10166,10149,-0.0255400864138262
"3782","3782",4622,4380,3963,-0.142578970142795
"3783","3783",6311,6238,6048,-0.0416732688955791
"3784","3784",1525,1525,1536,0.00721311475409836
"3785","3785",2718,2715,2715,-0.0011037527593819
"3787","3787",2090,2091,2122,0.015311004784689
"3788","3788",2288,2288,2290,0.000874125874125874
"3789","3789",10282,10276,7299,-0.290118653958374
"3790","3790",6157,6274,6219,0.0100698392074062
"3791","3791",2837,2840,2022,-0.287275290800141
"3792","3792",1342,1389,1475,0.0991058122205663
"3793","3793",2327,2275,2275,-0.0223463687150838
"9899","9899",2327,2275,2275,-0.0223463687150838
"3794","3794",8945,8869,8869,-0.00849636668529905
"3795","3795",2825,2699,2261,-0.199646017699115
"6944","6944",2825,2699,2261,-0.199646017699115
"3796","3796",2894,2907,2907,0.00449205252246026
"3797","3797",4192,4220,4221,0.00691793893129771
"3798","3798",6898,6898,5028,-0.271093070455204
"3799","3799",4432,3816,3632,-0.180505415162455
"3800","3800",2922,2320,2320,-0.206023271731691
"3801","3801",5303,5291,5290,-0.00245144257967188
"3802","3802",3519,3295,3640,0.0343847684001137
"3803","3803",2952,2995,2991,0.0132113821138211
"3804","3804",3403,3403,3294,-0.0320305612694681
"13622","13622",3403,3403,3294,-0.0320305612694681
"3805","3805",2118,2118,1865,-0.119452313503305
"3806","3806",4317,4320,4341,0.00555941626129256
"3807","3807",5751,6248,5628,-0.0213875847678665
"3808","3808",6012,6012,5965,-0.00781769793745842
"3809","3809",2448,2448,2452,0.00163398692810458
"9675","9675",2448,2448,2452,0.00163398692810458
"3810","3810",6781,6774,6777,-0.000589883498009143
"3811","3811",2839,2615,2717,-0.042972877773864
"15780","15780",2839,2615,2717,-0.042972877773864
"3812","3812",2573,2731,2577,0.00155460551884959
"3813","3813",4715,4714,4714,-0.000212089077412513
"3814","3814",901,901,957,0.0621531631520533
"3815","3815",2855,2722,2723,-0.0462346760070053
"12113","12113",2855,2722,2723,-0.0462346760070053
"3816","3816",4342,4345,3799,-0.125057577153386
"3817","3817",2219,2235,2235,0.00721045515998197
"7189","7189",2219,2235,2235,0.00721045515998197
"15788","15788",2219,2235,2235,0.00721045515998197
"3818","3818",2439,2439,2226,-0.0873308733087331
"3819","3819",1437,1895,1918,0.334725121781489
"3820","3820",6344,6404,6405,0.00961538461538462
"3821","3821",11486,11194,11188,-0.0259446282430785
"3822","3822",10030,9736,9600,-0.0428713858424726
"3823","3823",10159,10075,10114,-0.00442956983955114
"3824","3824",1083,1045,1385,0.278855032317636
"7933","7933",1083,1045,1385,0.278855032317636
"3825","3825",3689,3689,3689,0
"3826","3826",4802,4802,4802,0
"3827","3827",3535,3535,3630,0.0268741159830269
"3828","3828",3508,3509,3024,-0.137970353477765
"3829","3829",2628,2660,2653,0.00951293759512938
"3830","3830",2721,2946,2741,0.00735023888276369
"3831","3831",1437,1506,1505,0.0473208072372999
"3832","3832",7502,9820,8329,0.110237270061317
"3833","3833",8832,8780,8832,0
"3834","3834",4597,4600,4543,-0.0117467913856863
"3835","3835",4197,4159,4161,-0.00857755539671194
"3836","3836",3913,3855,4080,0.0426782519805776
"3837","3837",2921,2921,2890,-0.0106128038343033
"3838","3838",2739,2745,2745,0.00219058050383352
"3839","3839",2940,2940,2940,0
"3840","3840",2252,2252,2249,-0.00133214920071048
"3841","3841",5516,7052,7053,0.2786439448876
"3842","3842",2757,2757,2827,0.0253899165759884
"3843","3843",1903,1420,1388,-0.270625328428797
"3844","3844",2765,2351,2350,-0.150090415913201
"7522","7522",2765,2351,2350,-0.150090415913201
"3845","3845",1810,1810,1739,-0.0392265193370166
"10169","10169",1810,1810,1739,-0.0392265193370166
"3846","3846",2438,1448,1448,-0.406070549630845
"16503","16503",2438,1448,1448,-0.406070549630845
"18043","18043",2438,1448,1448,-0.406070549630845
"3847","3847",1807,1557,1559,-0.137244050913116
"3848","3848",7873,5654,5644,-0.283119522418392
"3849","3849",4401,4516,4502,0.022949329697796
"3850","3850",3590,3678,3395,-0.0543175487465181
"3851","3851",6632,7376,7088,0.0687575392038601
"3852","3852",3372,3371,3402,0.00889679715302491
"3853","3853",3524,3524,3524,0
"3854","3854",3182,3180,3412,0.0722815839094909
"15122","15122",3182,3180,3412,0.0722815839094909
"3855","3855",10161,9963,9788,-0.036708985336089
"3856","3856",3781,3781,3801,0.00528960592435863
"3857","3857",3751,3751,3549,-0.0538523060517195
"3858","3858",4127,4116,4790,0.160649382117761
"14221","14221",4127,4116,4790,0.160649382117761
"3859","3859",4537,5005,5907,0.30196164866652
"3860","3860",12827,12942,12925,0.00764013409214937
"3861","3861",2846,2846,2901,0.0193253689388616
"3862","3862",4062,4062,3868,-0.0477597242737568
"3863","3863",1348,1444,1444,0.0712166172106825
"3864","3864",8815,6272,6244,-0.291661939875213
"3865","3865",1483,1483,1483,0
"3866","3866",2090,2636,2134,0.0210526315789474
"3867","3867",3508,3508,3766,0.0735461801596351
"3868","3868",3324,3352,3768,0.133574007220217
"3869","3869",4244,4110,4093,-0.0355796418473139
"3870","3870",2101,2243,2218,0.0556877677296525
"17747","17747",2101,2243,2218,0.0556877677296525
"3871","3871",1818,1818,1818,0
"4410","4410",1818,1818,1818,0
"8292","8292",1818,1818,1818,0
"3872","3872",4017,4018,4529,0.127458302215584
"3873","3873",1433,1448,1768,0.2337752965806
"3874","3874",1982,1982,1875,-0.0539858728557013
"3875","3875",8300,5565,5556,-0.330602409638554
"3876","3876",4857,4896,4902,0.00926497838171711
"3877","3877",6538,6537,6552,0.00214132762312634
"3878","3878",3126,3283,3320,0.0620601407549584
"3879","3879",2465,2762,2849,0.15578093306288
"3880","3880",5408,5410,5380,-0.00517751479289941
"3881","3881",5641,5650,5650,0.00159546179755363
"3882","3882",1545,1545,1545,0
"3884","3884",1262,1262,1262,0
"6142","6142",1262,1262,1262,0
"12521","12521",1262,1262,1262,0
"3885","3885",5006,5234,5234,0.0455453455852976
"3886","3886",6907,6864,6862,-0.00651512957868829
"3888","3888",1006,964,1005,-0.00099403578528827
"3889","3889",9533,9275,9742,0.0219238434910312
"3890","3890",2106,2106,2106,0
"3891","3891",911,850,850,-0.0669593852908891
"3892","3892",2438,2431,2440,0.000820344544708778
"15539","15539",2438,2431,2440,0.000820344544708778
"3893","3893",4532,4532,4528,-0.00088261253309797
"3894","3894",3360,3469,3443,0.024702380952381
"3895","3895",6114,6220,6223,0.0178279358848544
"3896","3896",2358,2358,2356,-0.000848176420695505
"3897","3897",2923,2582,2998,0.0256585699623674
"15557","15557",2923,2582,2998,0.0256585699623674
"3898","3898",9874,10149,10116,0.0245088110188374
"3899","3899",4990,5171,5169,0.0358717434869739
"3901","3901",6293,6301,6334,0.00651517559192754
"3902","3902",4196,4196,4246,0.0119161105815062
"3903","3903",6940,6920,6630,-0.0446685878962536
"3904","3904",3042,2393,2393,-0.213346482577252
"4990","4990",3042,2393,2393,-0.213346482577252
"3905","3905",1295,1295,1498,0.156756756756757
"3906","3906",2306,2306,2305,-0.000433651344319167
"3907","3907",5720,5605,5645,-0.0131118881118881
"3908","3908",1456,1457,1457,0.000686813186813187
"17830","17830",1456,1457,1457,0.000686813186813187
"3909","3909",2130,2609,2540,0.192488262910798
"3910","3910",2165,2112,2112,-0.0244803695150115
"3911","3911",4191,4191,4345,0.036745406824147
"3912","3912",4746,4730,4504,-0.0509903076274758
"3913","3913",2119,2119,2117,-0.000943841434638981
"9080","9080",2119,2119,2117,-0.000943841434638981
"3914","3914",2497,2295,2263,-0.0937124549459351
"7698","7698",2497,2295,2263,-0.0937124549459351
"3915","3915",2369,2369,2334,-0.0147741663149008
"3916","3916",2454,4113,2169,-0.116136919315403
"3917","3917",3276,3350,2778,-0.152014652014652
"16377","16377",3276,3350,2778,-0.152014652014652
"3918","3918",2879,2879,2878,-0.000347342827370615
"3919","3919",4862,4862,4876,0.00287947346770876
"3920","3920",7671,7666,7655,-0.00208577760396298
"3921","3921",3890,2696,2696,-0.30694087403599
"3922","3922",3378,3372,3388,0.0029603315571344
"3923","3923",3516,3561,3543,0.00767918088737201
"3924","3924",4850,4849,4843,-0.00144329896907216
"3925","3925",3788,3781,3814,0.00686378035902851
"3926","3926",2750,2302,2291,-0.166909090909091
"3927","3927",1603,1603,1603,0
"3928","3928",841,841,841,0
"7263","7263",841,841,841,0
"3929","3929",4736,4752,4753,0.00358952702702703
"3930","3930",2581,2581,2573,-0.00309957380860132
"3932","3932",11276,11625,11893,0.0547179851010997
"3933","3933",7985,7379,7368,-0.0772698810269255
"3934","3934",1666,1631,1602,-0.0384153661464586
"3935","3935",1913,1913,1913,0
"3937","3937",3065,3065,2900,-0.0538336052202284
"3938","3938",4211,4210,4209,-0.000474946568511043
"3939","3939",3148,3126,3017,-0.0416137229987294
"3940","3940",5895,4532,4532,-0.231212892281595
"3941","3941",2016,1724,1547,-0.232638888888889
"3942","3942",3195,3193,3421,0.070735524256651
"3943","3943",2159,2124,2086,-0.0338119499768411
"3944","3944",9157,6685,6651,-0.273670416075134
"3945","3945",2872,2872,2623,-0.0866991643454039
"3946","3946",7877,7500,7891,0.00177732639329694
"3947","3947",8627,8746,8565,-0.0071867393068274
"3948","3948",1611,1611,1612,0.000620732464307883
"3949","3949",5388,5672,5587,0.0369339272457313
"3950","3950",6471,5057,5060,-0.218049760469788
"3951","3951",2061,2063,3719,0.804463852498787
"19422","19422",2061,2063,3719,0.804463852498787
"3953","3953",6308,6308,6446,0.0218769816106531
"3954","3954",2867,2865,2853,-0.00488315312173003
"3956","3956",7072,3582,3560,-0.496606334841629
"3957","3957",3996,3994,3994,-0.0005005005005005
"3958","3958",1732,1697,1697,-0.0202078521939954
"3959","3959",3306,3306,2822,-0.146400483968542
"19180","19180",3306,3306,2822,-0.146400483968542
"3960","3960",3708,3708,3709,0.000269687162891046
"3961","3961",3785,3782,1898,-0.498546895640687
"3962","3962",6447,9238,6343,-0.0161315340468435
"3963","3963",2487,2553,2534,0.0188982710092481
"3964","3964",6546,6599,6265,-0.0429269783073633
"3965","3965",4574,4535,4535,-0.00852645386969829
"3966","3966",5232,5273,5161,-0.0135703363914373
"3967","3967",3559,3559,3584,0.00702444506883956
"3968","3968",6044,5643,5643,-0.0663467902051621
"3969","3969",2520,2742,2743,0.0884920634920635
"14382","14382",2520,2742,2743,0.0884920634920635
"3970","3970",1613,1498,1555,-0.0359578425294482
"3971","3971",2587,2587,2591,0.00154619250096637
"3972","3972",3707,3711,3999,0.0787698947936337
"3973","3973",4164,4224,4224,0.0144092219020173
"3974","3974",2898,2898,2870,-0.00966183574879227
"3975","3975",3041,2809,2772,-0.0884577441631042
"3976","3976",4145,4071,5413,0.305910735826297
"3977","3977",970,970,971,0.00103092783505155
"3978","3978",1688,1691,1691,0.00177725118483412
"3979","3979",1412,1418,1425,0.00920679886685552
"3980","3980",9087,9108,9243,0.0171673819742489
"3981","3981",6008,6002,6047,0.006491344873502
"3982","3982",3754,3536,3622,-0.0351624933404369
"3983","3983",5244,5228,5232,-0.0022883295194508
"3984","3984",5004,4974,5049,0.00899280575539568
"14930","14930",5004,4974,5049,0.00899280575539568
"3985","3985",5801,5919,5947,0.025168074469919
"3986","3986",1417,1771,1771,0.249823570924488
"3987","3987",6464,6434,5695,-0.118966584158416
"3988","3988",13332,15521,13948,0.0462046204620462
"3989","3989",6169,7724,7728,0.252715188847463
"3990","3990",2123,2123,2123,0
"3991","3991",1318,1318,1318,0
"3992","3992",3318,3305,3305,-0.00391802290536468
"13175","13175",3318,3305,3305,-0.00391802290536468
"3993","3993",2905,3386,3386,0.165576592082616
"3994","3994",2863,2830,2820,-0.0150192106182326
"6074","6074",2863,2830,2820,-0.0150192106182326
"3995","3995",2772,2663,2663,-0.0393217893217893
"3996","3996",1281,1282,1166,-0.0897736143637783
"3997","3997",2983,2983,2983,0
"3998","3998",3983,3988,3501,-0.121014310820989
"3999","3999",3570,3570,3565,-0.00140056022408964
"4000","4000",2514,2514,2514,0
"10682","10682",2514,2514,2514,0
"4001","4001",1773,1773,1773,0
"4003","4003",3710,2383,2914,-0.21455525606469
"9717","9717",3710,2383,2914,-0.21455525606469
"4004","4004",2569,2648,2647,0.0303620085636434
"4005","4005",5927,5606,5742,-0.0312130926269614
"4007","4007",3749,3727,3671,-0.0208055481461723
"4008","4008",4904,5077,5089,0.0377243066884176
"16321","16321",4904,5077,5089,0.0377243066884176
"4009","4009",5230,5230,5293,0.0120458891013384
"4010","4010",2930,2930,3145,0.0733788395904437
"4011","4011",2133,2219,2170,0.0173464603844351
"4012","4012",1281,1281,1259,-0.0171740827478532
"4013","4013",2336,2465,2465,0.055222602739726
"4014","4014",2063,2063,2060,-0.00145419292292777
"4015","4015",4009,4019,4016,0.00174607133948616
"4016","4016",2613,2613,2614,0.000382701875239189
"4017","4017",3408,3407,3407,-0.000293427230046948
"4018","4018",4942,4962,4951,0.00182112505058681
"4019","4019",1445,1459,1459,0.00968858131487889
"4020","4020",1804,1804,2113,0.171286031042129
"4021","4021",5074,5102,5050,-0.00472999605833662
"4022","4022",2155,2158,2158,0.00139211136890951
"4023","4023",10682,10783,10482,-0.018723085564501
"4024","4024",2468,2464,1741,-0.294570502431118
"4025","4025",5656,5503,5502,-0.0272277227722772
"4026","4026",11217,11193,10829,-0.034590353927075
"4027","4027",10323,10314,10317,-0.000581226387678001
"4028","4028",4706,5103,5091,0.0818104547386315
"4029","4029",5644,5555,5555,-0.0157689581856839
"4030","4030",8710,8709,8709,-0.000114810562571757
"4031","4031",2828,2828,2902,0.0261669024045262
"4033","4033",1468,1461,1461,-0.00476839237057221
"4034","4034",3120,3124,3435,0.100961538461538
"4035","4035",7307,7302,7179,-0.0175174490214862
"4036","4036",1729,1866,1866,0.0792365529207635
"15578","15578",1729,1866,1866,0.0792365529207635
"4037","4037",3017,3412,3412,0.130924759695061
"4038","4038",4640,4463,4403,-0.0510775862068965
"4039","4039",3420,3447,3447,0.00789473684210526
"4040","4040",7077,7827,7244,0.0235975695916349
"4041","4041",2287,2252,2250,-0.0161783996501968
"10735","10735",2287,2252,2250,-0.0161783996501968
"4042","4042",1581,1119,1119,-0.292220113851992
"4043","4043",5044,5068,5226,0.0360824742268041
"4044","4044",7136,7253,7052,-0.0117713004484305
"4045","4045",4948,4941,4939,-0.00181891673403395
"18437","18437",4948,4941,4939,-0.00181891673403395
"4046","4046",5338,5338,5124,-0.040089921318846
"4047","4047",6025,6025,3950,-0.344398340248963
"4048","4048",899,899,2240,1.4916573971079
"4049","4049",8699,9659,9731,0.118634325784573
"4050","4050",2822,2820,2821,-0.000354358610914245
"4051","4051",2968,2970,2970,0.000673854447439353
"4052","4052",3496,3459,3460,-0.0102974828375286
"4053","4053",5511,5854,5868,0.0647795318454001
"4054","4054",9509,8410,8961,-0.0576296140498475
"4055","4055",5051,4853,4861,-0.0376163136012671
"4056","4056",2046,1938,2943,0.43841642228739
"4057","4057",1904,1904,1907,0.00157563025210084
"4058","4058",2504,2487,2488,-0.00638977635782748
"4059","4059",4584,4613,4607,0.0050174520069808
"4060","4060",3668,3636,3630,-0.0103598691384951
"4061","4061",2754,2754,2754,0
"13031","13031",2754,2754,2754,0
"14872","14872",2754,2754,2754,0
"4062","4062",5050,4248,4381,-0.132475247524752
"4063","4063",1773,1155,1156,-0.34799774393683
"15354","15354",1773,1155,1156,-0.34799774393683
"4064","4064",8258,8252,4303,-0.478929522886898
"4065","4065",5482,5108,5187,-0.0538124771981029
"4066","4066",1355,1355,1412,0.0420664206642066
"4067","4067",3185,2782,2785,-0.125588697017268
"4068","4068",13234,11682,11646,-0.119993954964485
"4069","4069",9572,10672,10673,0.115022983702466
"4070","4070",3969,3969,3983,0.00352733686067019
"4071","4071",3129,3129,3129,0
"11801","11801",3129,3129,3129,0
"4072","4072",1511,1370,1359,-0.100595632031767
"4073","4073",2981,2975,2846,-0.0452868165045287
"4074","4074",5203,4810,5202,-0.000192196809532962
"4075","4075",3786,3786,3781,-0.00132065504490227
"4076","4076",2436,2438,2466,0.0123152709359606
"4077","4077",5013,5013,5013,0
"4078","4078",2851,3052,3052,0.0705015783935461
"13004","13004",2851,3052,3052,0.0705015783935461
"16550","16550",2851,3052,3052,0.0705015783935461
"4079","4079",12379,12960,12847,0.0378059617093465
"4080","4080",5601,5601,5602,0.000178539546509552
"4081","4081",1233,1233,1200,-0.0267639902676399
"4082","4082",11769,11639,11640,-0.0109609992352791
"4083","4083",9765,9850,10031,0.0272401433691756
"4084","4084",3109,3109,3107,-0.000643293663557414
"4085","4085",2136,2097,2191,0.025749063670412
"15256","15256",2136,2097,2191,0.025749063670412
"4086","4086",2174,2174,2173,-0.000459981600735971
"4411","4411",2174,2174,2173,-0.000459981600735971
"4087","4087",2033,2004,1969,-0.0314805705853419
"4088","4088",3660,3660,3924,0.0721311475409836
"4089","4089",3629,3629,3539,-0.024800220446404
"4090","4090",2475,2466,2434,-0.0165656565656566
"4091","4091",2783,2771,2775,-0.00287459575997125
"4092","4092",2367,2372,2627,0.109843683988171
"4093","4093",2297,2299,2338,0.0178493687418372
"7546","7546",2297,2299,2338,0.0178493687418372
"4094","4094",2465,2465,2533,0.0275862068965517
"4095","4095",2624,3015,3016,0.149390243902439
"10783","10783",2624,3015,3016,0.149390243902439
"4096","4096",2951,2949,2874,-0.0260928498813961
"4097","4097",3007,3007,2898,-0.036248752909877
"4098","4098",2499,2499,2498,-0.00040016006402561
"4099","4099",2251,2238,2238,-0.00577521101732563
"13635","13635",2251,2238,2238,-0.00577521101732563
"17144","17144",2251,2238,2238,-0.00577521101732563
"19573","19573",2251,2238,2238,-0.00577521101732563
"4100","4100",1851,1817,1828,-0.0124257158292815
"4101","4101",4376,4376,4373,-0.000685557586837294
"4102","4102",3149,3149,3251,0.0323912353127977
"4103","4103",4376,5249,4374,-0.000457038391224863
"4104","4104",4781,3926,3926,-0.178832880150596
"4105","4105",1848,1826,1840,-0.00432900432900433
"4106","4106",2524,2803,2860,0.133122028526149
"4107","4107",2555,2637,2637,0.0320939334637965
"4108","4108",2680,2479,2478,-0.0753731343283582
"4109","4109",2570,2371,2372,-0.0770428015564202
"4110","4110",2003,2003,2003,0
"4111","4111",3393,3393,3139,-0.0748600058944887
"4112","4112",6042,6482,6450,0.0675273088381331
"4113","4113",9233,9027,9234,0.000108307159103217
"4114","4114",2479,2513,2689,0.0847115772488907
"4115","4115",1494,1796,1796,0.202141900937082
"4116","4116",2357,2348,2359,0.000848536274925753
"4117","4117",3891,3891,3828,-0.0161912104857363
"4118","4118",2967,2967,2968,0.000337040781934614
"13930","13930",2967,2967,2968,0.000337040781934614
"4119","4119",3468,4092,4092,0.179930795847751
"4120","4120",2551,2407,2407,-0.0564484515876127
"4121","4121",3819,3819,3794,-0.00654621628698612
"4122","4122",2913,2897,2897,-0.00549261929282527
"4123","4123",3699,3699,3557,-0.0383887537172209
"4124","4124",6658,8514,6628,-0.00450585761489937
"4125","4125",3317,3317,3304,-0.00391920410009044
"14496","14496",3317,3317,3304,-0.00391920410009044
"4126","4126",5382,5335,5347,-0.00650315867707172
"4127","4127",5056,5062,5066,0.00197784810126582
"4128","4128",9582,9293,9255,-0.0341264871634314
"4772","4772",9582,9293,9255,-0.0341264871634314
"4130","4130",3601,3601,3603,0.000555401277422938
"4131","4131",5490,5522,5507,0.00309653916211293
"4132","4132",974,1315,1316,0.351129363449692
"8077","8077",974,1315,1316,0.351129363449692
"4133","4133",4121,4102,3702,-0.101674350885707
"4134","4134",4591,4591,5313,0.15726421258985
"4135","4135",3946,3896,4105,0.0402939685757729
"4136","4136",2458,2463,2465,0.00284784377542718
"4137","4137",3187,3321,3321,0.0420458111076247
"4138","4138",8496,8453,7974,-0.0614406779661017
"4139","4139",4251,4245,3783,-0.110091743119266
"17340","17340",4251,4245,3783,-0.110091743119266
"4140","4140",9730,9761,9775,0.00462487153134635
"4141","4141",1907,1650,1524,-0.200839014158364
"4142","4142",2034,2039,2039,0.00245821042281219
"4143","4143",1846,1845,1841,-0.00270855904658722
"18351","18351",1846,1845,1841,-0.00270855904658722
"4144","4144",2458,2459,2530,0.0292921074043938
"4145","4145",3796,3715,3719,-0.0202845100105374
"4146","4146",5239,5203,5252,0.00248138957816377
"4147","4147",10591,10338,10340,-0.0236993673874044
"4148","4148",5178,5160,5160,-0.00347624565469293
"4149","4149",6444,6331,6335,-0.0169149596523898
"4150","4150",2441,2529,2529,0.0360507988529291
"4151","4151",5356,5355,6254,0.167662434652726
"4152","4152",1730,1720,1704,-0.015028901734104
"4153","4153",2645,2569,2691,0.0173913043478261
"4154","4154",3380,3447,3370,-0.0029585798816568
"15367","15367",3380,3447,3370,-0.0029585798816568
"19295","19295",3380,3447,3370,-0.0029585798816568
"4155","4155",2786,2506,2505,-0.100861450107681
"4156","4156",1554,1554,1468,-0.0553410553410553
"4157","4157",5042,5468,5459,0.0827052756842523
"4158","4158",3801,3795,5143,0.353064982899237
"4159","4159",2458,2458,2458,0
"4160","4160",8761,8803,7853,-0.103641136856523
"4161","4161",2397,2245,2246,-0.0629954109303296
"4162","4162",2252,2261,2257,0.0022202486678508
"4163","4163",3142,3146,3147,0.00159134309357097
"4164","4164",7690,7692,7691,0.000130039011703511
"4165","4165",2921,2921,2920,-0.000342348510783978
"4166","4166",1269,1269,1110,-0.125295508274232
"4167","4167",1063,1067,1070,0.00658513640639699
"12980","12980",1063,1067,1070,0.00658513640639699
"4168","4168",3554,3554,3554,0
"4169","4169",2846,2815,3040,0.0681658468025299
"4170","4170",6725,6802,6802,0.0114498141263941
"4171","4171",2367,2076,2194,-0.0730882974228982
"14623","14623",2367,2076,2194,-0.0730882974228982
"4172","4172",3228,3237,3190,-0.0117719950433705
"4173","4173",2883,2883,2941,0.0201179327089837
"4174","4174",2156,2156,2051,-0.0487012987012987
"7961","7961",2156,2156,2051,-0.0487012987012987
"4175","4175",5674,5674,5675,0.000176242509693338
"4176","4176",6457,6412,6417,-0.00619482731918848
"4177","4177",1993,1993,1993,0
"4178","4178",5212,5132,5049,-0.0312739831158864
"4179","4179",1637,1970,1968,0.202199144777031
"4180","4180",2570,2569,2579,0.00350194552529183
"4181","4181",4238,4538,4522,0.0670127418593676
"4182","4182",2337,2337,2337,0
"4183","4183",2924,2924,2937,0.00444596443228454
"4184","4184",3802,3285,3297,-0.132824829037349
"4185","4185",3889,3860,3985,0.0246850089997429
"4186","4186",1719,1911,1868,0.0866783013379872
"11712","11712",1719,1911,1868,0.0866783013379872
"13288","13288",1719,1911,1868,0.0866783013379872
"4187","4187",1581,1577,1577,-0.00253004427577483
"7119","7119",1581,1577,1577,-0.00253004427577483
"4188","4188",1890,1890,1835,-0.0291005291005291
"4189","4189",3021,3031,2845,-0.0582588546838795
"4190","4190",2357,2357,3589,0.522698345354264
"4191","4191",2988,3004,2759,-0.0766398929049531
"4192","4192",6223,6148,6149,-0.011891370721517
"4193","4193",2419,2419,2200,-0.0905332782141381
"4194","4194",2542,2384,2384,-0.0621557828481511
"4195","4195",5923,5928,5931,0.00135066689177782
"4196","4196",1130,1130,1129,-0.000884955752212389
"4197","4197",1893,1533,1533,-0.190174326465927
"4198","4198",1971,1971,2209,0.120750887874176
"4199","4199",1308,1312,1195,-0.0863914373088685
"4200","4200",2648,2648,2623,-0.00944108761329305
"12862","12862",2648,2648,2623,-0.00944108761329305
"4201","4201",1810,1777,1822,0.00662983425414365
"4202","4202",1523,1372,1371,-0.0998030203545634
"4203","4203",1734,1945,1996,0.151095732410611
"4204","4204",926,926,926,0
"11813","11813",926,926,926,0
"4205","4205",4528,4528,4726,0.0437279151943463
"4206","4206",2127,2127,2136,0.00423131170662906
"4207","4207",7727,7731,7171,-0.0719554807816746
"4208","4208",7549,7549,7549,0
"4209","4209",10851,9610,9583,-0.116855589346604
"4210","4210",4327,4327,6477,0.496880055465681
"4211","4211",9765,10156,9822,0.00583717357910906
"4213","4213",2866,3104,3104,0.0830425680390789
"4214","4214",2503,2498,2498,-0.00199760287654814
"4215","4215",1249,1301,1301,0.0416333066453163
"4216","4216",3730,3730,3730,0
"4218","4218",3938,4174,3894,-0.0111731843575419
"4219","4219",2245,2182,2482,0.105567928730512
"4220","4220",1030,1030,1030,0
"4221","4221",4078,4078,4078,0
"4222","4222",4484,4148,4390,-0.0209634255129349
"4223","4223",1498,1498,1498,0
"9264","9264",1498,1498,1498,0
"4224","4224",1816,1816,1816,0
"4225","4225",7030,8412,8374,0.191180654338549
"6671","6671",7030,8412,8374,0.191180654338549
"4226","4226",2727,2727,2964,0.0869086908690869
"8311","8311",2727,2727,2964,0.0869086908690869
"4227","4227",4024,4089,4153,0.0320576540755467
"4228","4228",6565,6565,6570,0.000761614623000762
"4229","4229",4709,4694,4689,-0.00424718623911659
"4230","4230",1277,1194,1195,-0.0642129992169146
"4231","4231",3829,3868,3868,0.0101854270044398
"4232","4232",3603,3603,3603,0
"4233","4233",4355,4355,5287,0.214006888633754
"4234","4234",9405,9203,9202,-0.0215842636895268
"4235","4235",2689,2669,2669,-0.00743770918557084
"4236","4236",8699,8636,8751,0.00597769858604437
"4237","4237",4120,4089,4564,0.107766990291262
"4238","4238",6400,6493,6332,-0.010625
"4239","4239",3296,2151,2146,-0.348907766990291
"10207","10207",3296,2151,2146,-0.348907766990291
"4240","4240",5206,5206,5245,0.00749135612754514
"4241","4241",2720,2725,3074,0.130147058823529
"4242","4242",2672,2826,2534,-0.0516467065868263
"4243","4243",2445,2373,2643,0.0809815950920245
"4244","4244",1915,1914,1914,-0.000522193211488251
"4245","4245",7058,7052,7054,-0.000566732785491641
"19604","19604",7058,7052,7054,-0.000566732785491641
"4246","4246",2631,2498,2498,-0.0505511212466743
"4247","4247",1073,1073,1074,0.000931966449207828
"8614","8614",1073,1073,1074,0.000931966449207828
"4248","4248",2532,2532,2532,0
"4249","4249",5710,5710,5768,0.0101576182136602
"4250","4250",6979,7007,6988,0.00128958303481874
"4251","4251",8350,7162,7093,-0.150538922155689
"4252","4252",3696,3708,3722,0.00703463203463203
"4253","4253",3661,4528,4215,0.151324774651734
"4254","4254",3431,3505,3501,0.0204022150976392
"4255","4255",2535,2537,2568,0.0130177514792899
"17899","17899",2535,2537,2568,0.0130177514792899
"4257","4257",4953,4747,4092,-0.173834039975772
"4258","4258",3127,3127,3199,0.0230252638311481
"4259","4259",3028,2329,2602,-0.140686922060766
"4261","4261",1807,2077,2348,0.299391256225789
"4262","4262",5271,5596,5596,0.0616581293872131
"4263","4263",3307,3676,3683,0.113698215905655
"4264","4264",3453,3427,3506,0.0153489719084854
"4265","4265",8429,8356,8205,-0.0265749199193261
"4266","4266",2395,2400,2363,-0.0133611691022965
"4267","4267",8650,9237,9246,0.0689017341040462
"4268","4268",7434,7434,7546,0.0150659133709981
"4269","4269",2632,2632,3013,0.144756838905775
"4270","4270",7219,8099,8291,0.148497021748165
"4271","4271",1236,1027,1002,-0.189320388349515
"4272","4272",2698,2697,2894,0.072646404744255
"4273","4273",2794,2795,2795,0.000357909806728704
"4274","4274",2801,2841,2781,-0.00714030703320243
"4275","4275",5520,5679,5670,0.0271739130434783
"4276","4276",7112,7091,7592,0.0674915635545557
"4277","4277",2786,2786,2425,-0.129576453697057
"4278","4278",7274,7501,7262,-0.00164971130052241
"4279","4279",2482,2483,2484,0.0008058017727639
"4280","4280",9609,9640,9695,0.00894994276199396
"4281","4281",1056,1058,1058,0.00189393939393939
"13356","13356",1056,1058,1058,0.00189393939393939
"4282","4282",3677,3678,3678,0.00027196083763938
"4283","4283",2870,2874,2875,0.00174216027874564
"4284","4284",3995,2520,2518,-0.369712140175219
"4285","4285",6272,6282,5550,-0.115114795918367
"4288","4288",4073,3939,3941,-0.0324085440707096
"18150","18150",4073,3939,3941,-0.0324085440707096
"4289","4289",2892,2836,2820,-0.024896265560166
"4291","4291",4299,4688,4688,0.0904861595719935
"4292","4292",1429,1429,1419,-0.00699790062981106
"4294","4294",5922,5947,5949,0.00455927051671732
"4295","4295",2016,2251,2251,0.11656746031746
"4297","4297",2099,2099,2099,0
"4299","4299",2193,2186,2390,0.0898312813497492
"19141","19141",2193,2186,2390,0.0898312813497492
"4300","4300",1906,1930,1899,-0.00367261280167891
"4301","4301",3891,3774,3774,-0.0300693909020817
"4302","4302",3614,3614,3094,-0.143884892086331
"4303","4303",4103,4115,4098,-0.00121862052156958
"4305","4305",5960,6341,6280,0.0536912751677852
"4306","4306",2516,2618,2617,0.0401430842607313
"4307","4307",3733,3532,3295,-0.117331904634342
"4308","4308",3918,3918,3838,-0.0204185809086268
"4309","4309",3444,3576,3579,0.039198606271777
"4310","4310",914,914,915,0.00109409190371991
"4311","4311",4705,4845,4279,-0.0905419766206164
"4312","4312",2908,2919,2921,0.00447042640990371
"4313","4313",3321,3166,3166,-0.0466726889491117
"4314","4314",4745,4748,4733,-0.00252897787144362
"4315","4315",10043,9841,9802,-0.0239968137010853
"4316","4316",3123,2891,2881,-0.0774895933397374
"4317","4317",1510,1514,1271,-0.158278145695364
"4318","4318",3050,2146,2141,-0.298032786885246
"4319","4319",2591,2591,2610,0.00733307603241991
"4320","4320",2964,2779,2488,-0.16059379217274
"5340","5340",2964,2779,2488,-0.16059379217274
"4321","4321",2310,2316,2446,0.0588744588744589
"9587","9587",2310,2316,2446,0.0588744588744589
"4322","4322",9942,10522,10519,0.0580366123516395
"4323","4323",8179,8390,8394,0.0262868321310674
"4324","4324",1567,1567,1511,-0.0357370772176133
"4325","4325",11690,13307,11451,-0.0204448246364414
"4326","4326",2904,1582,1580,-0.455922865013774
"17203","17203",2904,1582,1580,-0.455922865013774
"4327","4327",1936,1936,2009,0.0377066115702479
"4328","4328",1528,1528,1755,0.148560209424084
"4329","4329",8960,9079,8899,-0.00680803571428571
"4330","4330",2400,2399,2405,0.00208333333333333
"8491","8491",2400,2399,2405,0.00208333333333333
"4331","4331",4867,4153,4473,-0.080953359358948
"4332","4332",3583,3614,3612,0.00809377616522467
"13516","13516",3583,3614,3612,0.00809377616522467
"4333","4333",3082,3079,3079,-0.000973393900064893
"4334","4334",3368,3368,3855,0.144596199524941
"4335","4335",1702,1150,1150,-0.324324324324324
"4336","4336",3436,3436,3431,-0.00145518044237485
"4337","4337",3593,3354,3400,-0.0537155580295018
"4338","4338",4466,4490,4485,0.00425436632333184
"4339","4339",3680,3680,3591,-0.0241847826086957
"4340","4340",4868,4868,4838,-0.00616269515201315
"4341","4341",3448,3335,3339,-0.0316125290023202
"18950","18950",3448,3335,3339,-0.0316125290023202
"4342","4342",5402,5401,5381,-0.00388744909292854
"4343","4343",4688,4910,4708,0.00426621160409556
"4344","4344",3823,3896,3878,0.014386607376406
"4345","4345",1915,2969,2969,0.550391644908616
"7832","7832",1915,2969,2969,0.550391644908616
"15685","15685",1915,2969,2969,0.550391644908616
"4346","4346",8162,8166,8110,-0.00637098750306297
"4347","4347",3997,3945,3945,-0.0130097573179885
"4348","4348",5370,5370,5602,0.0432029795158287
"4349","4349",1765,1765,1740,-0.0141643059490085
"16443","16443",1765,1765,1740,-0.0141643059490085
"16790","16790",1765,1765,1740,-0.0141643059490085
"4350","4350",4550,4496,4496,-0.0118681318681319
"4351","4351",1913,1858,1772,-0.0737062205959226
"9972","9972",1913,1858,1772,-0.0737062205959226
"14270","14270",1913,1858,1772,-0.0737062205959226
"4352","4352",14112,12997,12362,-0.124007936507937
"4353","4353",2943,2904,2853,-0.0305810397553517
"4354","4354",4757,4482,4732,-0.00525541307546773
"4355","4355",1266,1085,1085,-0.142969984202212
"6092","6092",1266,1085,1085,-0.142969984202212
"4356","4356",1324,1324,1324,0
"4357","4357",2532,2553,2553,0.00829383886255924
"4359","4359",4327,4338,4344,0.00392881904321701
"4360","4360",3840,3840,3841,0.000260416666666667
"4361","4361",3842,3946,3933,0.023685580426861
"4362","4362",5370,5370,5728,0.0666666666666667
"4363","4363",4099,4099,4099,0
"4364","4364",4221,4316,4321,0.0236910684671879
"11492","11492",4221,4316,4321,0.0236910684671879
"4365","4365",6017,4707,4701,-0.218713644673425
"4366","4366",2589,2591,2526,-0.0243337195828505
"4367","4367",4740,4740,5556,0.172151898734177
"4368","4368",4639,4642,4117,-0.112524250916146
"4369","4369",907,906,970,0.0694597574421169
"4370","4370",2831,2831,3054,0.0787707523843165
"4371","4371",2580,2584,2577,-0.00116279069767442
"4372","4372",2714,2120,2120,-0.218865143699337
"4373","4373",4698,4741,4740,0.00893997445721584
"4374","4374",3017,3017,3017,0
"4375","4375",2159,2213,2139,-0.00926354793886058
"4376","4376",4461,4461,4478,0.00381080475229769
"4377","4377",1633,1641,1632,-0.000612369871402327
"15239","15239",1633,1641,1632,-0.000612369871402327
"4378","4378",4564,4566,4568,0.000876424189307625
"4379","4379",4679,4684,4644,-0.00748023081855097
"4380","4380",6779,6589,5443,-0.197079215223484
"4381","4381",3746,3953,4009,0.0702082221035771
"4382","4382",3057,3057,3086,0.00948642459928034
"4383","4383",3825,3792,3791,-0.00888888888888889
"5762","5762",3825,3792,3791,-0.00888888888888889
"4384","4384",5163,5121,4136,-0.198915359287236
"4385","4385",10297,10297,9985,-0.0303000874040983
"4386","4386",1849,1849,2005,0.0843699296917253
"4387","4387",2191,2180,2177,-0.00638977635782748
"4388","4388",3042,3042,3218,0.0578566732412886
"4389","4389",1059,1059,1039,-0.0188857412653447
"4390","4390",3443,3018,3028,-0.120534417659018
"4391","4391",5814,2820,2820,-0.514963880288958
"4392","4392",16420,16344,18394,0.120219244823386
"4393","4393",1154,1069,1181,0.0233968804159445
"5854","5854",1154,1069,1181,0.0233968804159445
"9066","9066",1154,1069,1181,0.0233968804159445
"19173","19173",1154,1069,1181,0.0233968804159445
"4394","4394",7452,5705,5700,-0.235104669887279
"4395","4395",5967,5968,5968,0.000167588402882521
"4397","4397",3073,3230,3121,0.015619915392125
"4398","4398",5088,5053,5100,0.00235849056603774
"4399","4399",2956,1920,1920,-0.350473612990528
"5121","5121",2956,1920,1920,-0.350473612990528
"8784","8784",2956,1920,1920,-0.350473612990528
"4400","4400",1698,2157,2193,0.291519434628975
"4401","4401",1736,1736,1701,-0.0201612903225806
"4402","4402",7236,4499,4499,-0.37824765063571
"4403","4403",8224,8158,8223,-0.0001215953307393
"4404","4404",4784,5050,4766,-0.00376254180602007
"4405","4405",4847,4536,4539,-0.0635444604910254
"4407","4407",2829,2829,3007,0.0629197596323789
"4408","4408",3604,3604,3273,-0.091842397336293
"4409","4409",8071,8051,7514,-0.0690125139387932
"4412","4412",1896,1897,1898,0.00105485232067511
"4413","4413",3064,3105,3106,0.0137075718015666
"4414","4414",747,708,708,-0.0522088353413655
"4415","4415",7379,7873,7804,0.0575958802005692
"4416","4416",3049,3046,2732,-0.103968514266973
"4417","4417",1549,1608,1608,0.0380890897353131
"4418","4418",5881,5881,5627,-0.0431899336847475
"4419","4419",2461,2462,2462,0.000406338886631451
"5974","5974",2461,2462,2462,0.000406338886631451
"11594","11594",2461,2462,2462,0.000406338886631451
"4420","4420",4171,4209,4128,-0.0103092783505155
"4421","4421",3057,2750,2715,-0.111874386653582
"4422","4422",4176,4179,4180,0.000957854406130268
"4423","4423",1630,1632,1576,-0.0331288343558282
"4424","4424",2379,1979,1979,-0.168137873055906
"4425","4425",3517,3517,3517,0
"4426","4426",2699,2805,2806,0.0396443127084105
"4427","4427",4956,5211,4855,-0.0203793381759483
"4428","4428",6934,6891,6914,-0.00288433804441881
"4429","4429",1589,1191,1191,-0.250471994965387
"4430","4430",1760,1778,1760,0
"4431","4431",2665,2711,2711,0.0172607879924953
"9432","9432",2665,2711,2711,0.0172607879924953
"4432","4432",4803,4794,4791,-0.00249843847595253
"4433","4433",6909,6696,6388,-0.0754088869590389
"15770","15770",6909,6696,6388,-0.0754088869590389
"4434","4434",4095,4092,4093,-0.000488400488400488
"4435","4435",4032,4032,4032,0
"4436","4436",1668,1668,1668,0
"4437","4437",9055,9441,9442,0.042738818332413
"4438","4438",3661,3854,4103,0.120732040426113
"6667","6667",3661,3854,4103,0.120732040426113
"4440","4440",4798,4798,4798,0
"4441","4441",11041,11048,11017,-0.00217371614889956
"4442","4442",10978,10947,10177,-0.0729641100382583
"4444","4444",4098,4098,4098,0
"19648","19648",4098,4098,4098,0
"4445","4445",4495,4435,4343,-0.0338153503893215
"4446","4446",2147,2053,2153,0.00279459711224965
"4447","4447",1744,1049,1049,-0.398509174311927
"4448","4448",1456,1456,1456,0
"4449","4449",2589,2593,2593,0.00154499806875241
"4450","4450",2766,2524,2524,-0.0874909616775126
"4451","4451",5086,5097,5395,0.0607550137632717
"4452","4452",5910,5910,6935,0.173434856175973
"4453","4453",1073,1113,1109,0.0335507921714818
"4454","4454",7719,7761,7189,-0.0686617437491903
"4455","4455",2965,2979,2951,-0.00472175379426644
"4456","4456",3518,3461,3555,0.0105173393973849
"4457","4457",4769,4769,4679,-0.0188718808974628
"4458","4458",2075,2062,2062,-0.00626506024096386
"4459","4459",4982,4944,4724,-0.0517864311521477
"4460","4460",1885,1701,1701,-0.0976127320954907
"15426","15426",1885,1701,1701,-0.0976127320954907
"4461","4461",2772,2493,2493,-0.100649350649351
"4462","4462",6365,6364,6277,-0.0138256087981147
"4463","4463",2017,2017,2018,0.000495785820525533
"4464","4464",5492,5492,5544,0.00946831755280408
"4465","4465",3204,3204,3204,0
"4466","4466",3043,3048,3369,0.107131120604666
"4467","4467",6379,6445,6364,-0.00235146574698229
"4468","4468",1941,1795,1824,-0.0602782071097372
"4469","4469",9039,8897,8897,-0.015709702400708
"4470","4470",9791,6646,6646,-0.321213359207435
"4471","4471",3604,3474,3463,-0.0391231964483907
"4472","4472",2590,2590,2590,0
"4473","4473",1363,1361,1362,-0.000733675715333822
"4474","4474",5538,5582,5589,0.00920910075839653
"9529","9529",5538,5582,5589,0.00920910075839653
"4475","4475",4058,3972,3888,-0.0418925579103006
"4476","4476",2618,2839,2637,0.00725744843391902
"4477","4477",3165,3161,3161,-0.00126382306477093
"17333","17333",3165,3161,3161,-0.00126382306477093
"17414","17414",3165,3161,3161,-0.00126382306477093
"4478","4478",2693,2672,2692,-0.000371333085777943
"4479","4479",1787,1787,1791,0.00223838836038053
"4480","4480",5456,5522,5540,0.0153958944281525
"4481","4481",3521,3460,3460,-0.0173246236864527
"4482","4482",2960,2963,2945,-0.00506756756756757
"4483","4483",6736,6622,6517,-0.0325118764845606
"4484","4484",10663,10600,11177,0.0482040701491138
"4485","4485",5156,5268,5300,0.0279286268425136
"4486","4486",1953,1946,1941,-0.00614439324116743
"4487","4487",1552,1552,1025,-0.339561855670103
"11819","11819",1552,1552,1025,-0.339561855670103
"4488","4488",1759,1739,1739,-0.0113700966458215
"11187","11187",1759,1739,1739,-0.0113700966458215
"4489","4489",2164,2165,2159,-0.00231053604436229
"4490","4490",1810,1806,1712,-0.0541436464088398
"4491","4491",13217,11488,11452,-0.133540137701445
"4492","4492",5080,4986,4985,-0.0187007874015748
"4493","4493",4250,4241,4241,-0.00211764705882353
"4494","4494",5019,5000,4968,-0.0101613867304244
"4495","4495",2832,3124,3124,0.103107344632768
"4496","4496",3013,3013,3011,-0.000663790242283438
"4497","4497",4782,4782,7462,0.560434964450021
"4498","4498",2566,2566,2567,0.00038971161340608
"4499","4499",5286,5190,2955,-0.440976163450624
"4500","4500",2284,2284,2961,0.296409807355517
"4501","4501",5083,5988,5658,0.113122171945701
"4502","4502",3470,2427,2427,-0.300576368876081
"4503","4503",2332,2332,2332,0
"4504","4504",2907,2907,2838,-0.0237358101135191
"4505","4505",1290,1290,2833,1.19612403100775
"4506","4506",2447,2397,1738,-0.289742541888026
"12717","12717",2447,2397,1738,-0.289742541888026
"13283","13283",2447,2397,1738,-0.289742541888026
"4507","4507",1584,1585,1482,-0.0643939393939394
"4508","4508",1625,1472,1472,-0.0941538461538462
"4509","4509",2666,2253,2253,-0.154913728432108
"4510","4510",2059,2059,2235,0.08547838756678
"4511","4511",2397,1823,1823,-0.239465999165624
"4512","4512",8253,8121,8050,-0.0245971162001696
"4513","4513",2114,2114,2114,0
"6393","6393",2114,2114,2114,0
"4514","4514",4501,4501,4540,0.00866474116862919
"4515","4515",3868,3830,3831,-0.00956566701137539
"4516","4516",3204,3218,3236,0.00998751560549313
"4517","4517",6120,6105,6628,0.0830065359477124
"4518","4518",1612,1612,1611,-0.000620347394540943
"4519","4519",2029,1963,2218,0.0931493346476097
"4520","4520",1324,1324,1039,-0.215256797583082
"4521","4521",5697,5681,5626,-0.0124626996664911
"4522","4522",637,637,637,0
"4523","4523",2895,2895,2896,0.000345423143350604
"4524","4524",4003,4026,4010,0.00174868848363727
"4525","4525",3801,3799,3806,0.00131544330439358
"4526","4526",8257,8192,8124,-0.0161075451132373
"4527","4527",2190,2191,2191,0.00045662100456621
"4528","4528",2537,2572,2622,0.033504138746551
"4529","4529",6093,5491,5491,-0.0988019038240604
"4532","4532",3677,3646,3746,0.0187652977971172
"4533","4533",5633,5466,5425,-0.0369252618498136
"4534","4534",2592,2587,2590,-0.000771604938271605
"4535","4535",2692,2689,2796,0.0386329866270431
"5963","5963",2692,2689,2796,0.0386329866270431
"4536","4536",6196,6196,6169,-0.00435765009683667
"4537","4537",5515,5515,5516,0.000181323662737987
"4538","4538",6953,6952,6805,-0.0212857759240616
"4539","4539",5690,5600,5401,-0.0507908611599297
"4540","4540",2151,2151,2122,-0.0134821013482101
"4541","4541",3414,3414,3358,-0.0164030462800234
"4542","4542",2937,2937,3169,0.0789921688798093
"4543","4543",7008,7008,6899,-0.0155536529680365
"4544","4544",1297,1302,1279,-0.0138781804163454
"4545","4545",4919,4918,4912,-0.00142305346615166
"4546","4546",7549,4732,4670,-0.381375016558485
"4547","4547",3955,4038,4039,0.0212389380530973
"4548","4548",3598,3594,3754,0.0433574207893274
"4549","4549",3201,2992,2996,-0.0640424867228991
"4550","4550",3007,3003,3605,0.198869304955105
"4551","4551",3355,2877,2728,-0.186885245901639
"4552","4552",1418,1418,1365,-0.03737658674189
"19302","19302",1418,1418,1365,-0.03737658674189
"4553","4553",3635,3605,3605,-0.00825309491059147
"4554","4554",3373,3373,3373,0
"4556","4556",11504,11676,11637,0.0115611961057024
"4558","4558",1549,1670,1726,0.114267269205939
"5081","5081",1549,1670,1726,0.114267269205939
"4559","4559",3210,3210,3210,0
"4560","4560",1915,1915,1940,0.0130548302872063
"4561","4561",5600,5600,4498,-0.196785714285714
"4562","4562",2813,2813,2800,-0.00462140063988624
"4563","4563",3476,3478,3253,-0.0641542002301496
"4564","4564",3966,3928,3928,-0.00958144225920323
"4565","4565",1874,1853,2191,0.169156883671291
"4566","4566",1182,1183,1183,0.000846023688663283
"4567","4567",2799,2798,2797,-0.000714540907466952
"4568","4568",1999,1506,1506,-0.246623311655828
"4570","4570",754,753,753,-0.0013262599469496
"4571","4571",5806,5672,5646,-0.0275576989321392
"4572","4572",10903,10911,10608,-0.0270567733651289
"4573","4573",9727,9448,9740,0.00133648606970289
"4574","4574",3033,3033,3046,0.00428618529508737
"4575","4575",1464,1464,1779,0.215163934426229
"4576","4576",2527,2527,2725,0.0783537791848041
"4577","4577",6178,6167,6202,0.00388475234703788
"4578","4578",6056,6099,6100,0.00726552179656539
"13294","13294",6056,6099,6100,0.00726552179656539
"4579","4579",3213,2683,2883,-0.102707749766573
"4580","4580",4770,4876,4876,0.0222222222222222
"16775","16775",4770,4876,4876,0.0222222222222222
"4581","4581",9628,9672,9520,-0.0112172829248027
"4582","4582",2822,2818,3382,0.198440822111977
"4583","4583",2369,2330,2367,-0.000844238075137189
"8631","8631",2369,2330,2367,-0.000844238075137189
"4584","4584",6818,7198,6795,-0.00337342329128777
"4585","4585",1175,832,1832,0.559148936170213
"4586","4586",1285,1981,1738,0.352529182879377
"4587","4587",3935,3916,3915,-0.00508259212198221
"4588","4588",3177,3109,3072,-0.0330500472143532
"4589","4589",2417,3154,2416,-0.000413736036408771
"4590","4590",3058,2974,2972,-0.0281229561805101
"4591","4591",1614,1575,1397,-0.134448574969021
"9219","9219",1614,1575,1397,-0.134448574969021
"11769","11769",1614,1575,1397,-0.134448574969021
"4592","4592",4611,4613,4798,0.0405551941010627
"4593","4593",1723,1507,1507,-0.125362739408009
"4594","4594",7344,7342,8346,0.136437908496732
"4595","4595",5808,5805,5803,-0.000860881542699725
"4596","4596",3500,3500,3776,0.0788571428571429
"4598","4598",4082,3336,3334,-0.183243508084272
"4599","4599",3853,4044,4044,0.0495717622631716
"4600","4600",3090,3103,3048,-0.0135922330097087
"4601","4601",7548,7600,7854,0.0405405405405405
"4602","4602",2867,2882,2782,-0.0296477153819323
"4603","4603",1531,1295,1295,-0.154147615937296
"4604","4604",1261,1261,1261,0
"4605","4605",5715,5743,5770,0.00962379702537183
"4606","4606",2733,2783,2779,0.0168313208927918
"6782","6782",2733,2783,2779,0.0168313208927918
"9153","9153",2733,2783,2779,0.0168313208927918
"10399","10399",2733,2783,2779,0.0168313208927918
"11081","11081",2733,2783,2779,0.0168313208927918
"14993","14993",2733,2783,2779,0.0168313208927918
"4607","4607",2115,2094,2094,-0.0099290780141844
"4608","4608",5099,5117,5160,0.0119631300254952
"4609","4609",2247,2185,1948,-0.133066310636404
"4610","4610",4906,4906,4062,-0.172034243783123
"6879","6879",4906,4906,4062,-0.172034243783123
"4611","4611",8675,8381,8196,-0.0552161383285303
"4612","4612",4418,4196,3854,-0.127659574468085
"4613","4613",3055,2677,2605,-0.147299509001637
"4614","4614",3912,3934,3634,-0.0710633946830266
"4615","4615",1767,1758,1751,-0.00905489530277306
"4616","4616",9795,9649,9620,-0.0178662582950485
"4617","4617",2108,2108,2407,0.141840607210626
"4618","4618",10553,8341,9415,-0.107836634132474
"4619","4619",2897,2597,2597,-0.103555402140145
"10847","10847",2897,2597,2597,-0.103555402140145
"4620","4620",4990,4911,4764,-0.0452905811623247
"4621","4621",4799,4842,4695,-0.021671181496145
"4622","4622",4994,4992,4998,0.000800961153384061
"4623","4623",2891,1823,1827,-0.368038740920097
"4624","4624",3776,3829,3724,-0.013771186440678
"4625","4625",5675,5427,5531,-0.025374449339207
"4626","4626",3870,3870,3870,0
"4627","4627",6096,6092,5990,-0.0173884514435696
"4628","4628",8326,8287,9915,0.19084794619265
"4629","4629",7707,7707,7707,0
"4630","4630",1191,1191,1191,0
"4631","4631",2071,2071,1877,-0.0936745533558667
"18505","18505",2071,2071,1877,-0.0936745533558667
"4632","4632",2948,3025,3026,0.0264586160108548
"4633","4633",3133,2996,2798,-0.106926268751995
"4634","4634",4302,4300,4293,-0.00209205020920502
"4635","4635",1858,1828,1584,-0.147470398277718
"4636","4636",2370,2371,2650,0.118143459915612
"4637","4637",4185,4554,4536,0.0838709677419355
"4638","4638",4745,4593,4564,-0.038145416227608
"4639","4639",3071,3071,3068,-0.000976880494952784
"4640","4640",4765,4744,4785,0.00419727177334732
"4641","4641",1515,1527,1523,0.00528052805280528
"4642","4642",4553,4913,4561,0.00175708324181858
"4643","4643",3027,2978,2873,-0.0508754542451272
"16323","16323",3027,2978,2873,-0.0508754542451272
"4644","4644",5450,5451,5263,-0.0343119266055046
"16131","16131",5450,5451,5263,-0.0343119266055046
"4645","4645",3256,3317,3318,0.019041769041769
"4646","4646",5081,5728,5013,-0.0133831922849833
"18298","18298",5081,5728,5013,-0.0133831922849833
"4647","4647",2818,2803,3156,0.119943222143364
"4648","4648",3936,3938,3936,0
"4649","4649",4513,5400,5475,0.213161976512298
"4650","4650",8124,7922,7923,-0.0247415066469719
"4651","4651",3722,3690,3690,-0.00859752821063944
"4652","4652",2342,2342,2342,0
"4653","4653",2415,2346,2740,0.134575569358178
"4654","4654",3167,3167,3169,0.000631512472371329
"4655","4655",1610,1626,1626,0.00993788819875776
"4848","4848",1610,1626,1626,0.00993788819875776
"8255","8255",1610,1626,1626,0.00993788819875776
"15591","15591",1610,1626,1626,0.00993788819875776
"4656","4656",6951,6959,6864,-0.0125161847216228
"4657","4657",1575,2075,2040,0.295238095238095
"4659","4659",5024,4760,4557,-0.092953821656051
"4660","4660",8254,5755,5755,-0.302762297068088
"4661","4661",2721,1899,1899,-0.302094818081588
"4662","4662",5837,5605,5607,-0.0394038033236251
"4663","4663",3960,3931,3931,-0.00732323232323232
"4664","4664",3145,3236,2857,-0.0915739268680445
"4665","4665",4173,4653,4694,0.124850227653966
"4666","4666",1418,1418,1418,0
"4667","4667",9832,7380,7387,-0.248677786818552
"4668","4668",3089,1779,1748,-0.434121074781483
"4669","4669",2026,2026,2016,-0.00493583415597236
"17700","17700",2026,2026,2016,-0.00493583415597236
"4670","4670",3465,3229,3250,-0.062049062049062
"4671","4671",2341,2347,2346,0.00213583938487826
"4672","4672",1786,1786,1784,-0.00111982082866741
"15131","15131",1786,1786,1784,-0.00111982082866741
"4673","4673",2509,2096,2097,-0.164208848146672
"4674","4674",1893,2124,1957,0.0338087691494982
"4675","4675",8275,7153,7124,-0.139093655589124
"4677","4677",3337,3337,3338,0.000299670362601139
"4678","4678",4204,4217,4217,0.00309229305423406
"4679","4679",2699,2697,2699,0
"4680","4680",4243,4235,4241,-0.000471364600518501
"9647","9647",4243,4235,4241,-0.000471364600518501
"4681","4681",6347,6266,6266,-0.0127619347723334
"4682","4682",2543,2544,2723,0.0707825403067243
"4683","4683",1630,1630,1630,0
"14228","14228",1630,1630,1630,0
"4684","4684",5321,5399,5399,0.0146588987032513
"4685","4685",1818,1818,1833,0.00825082508250825
"15087","15087",1818,1818,1833,0.00825082508250825
"4686","4686",5649,5655,5627,-0.0038944946008143
"4687","4687",16139,15505,15483,-0.0406468802280191
"4688","4688",1026,1026,1046,0.0194931773879142
"4689","4689",6692,6213,7561,0.129856545128512
"4690","4690",2062,2062,2062,0
"4691","4691",4458,4446,4430,-0.00628084342754599
"4692","4692",1862,1862,1905,0.023093447905478
"4693","4693",2436,2426,2426,-0.00410509031198686
"4694","4694",3405,3404,3842,0.128340675477239
"4695","4695",2706,2711,2994,0.106430155210643
"4696","4696",7936,7938,8706,0.0970262096774194
"4697","4697",2220,2358,2367,0.0662162162162162
"19389","19389",2220,2358,2367,0.0662162162162162
"4698","4698",2380,2271,2270,-0.046218487394958
"4699","4699",3239,3232,3231,-0.00246989811670269
"4700","4700",3038,2266,2266,-0.254114549045425
"4701","4701",5512,5484,5266,-0.0446298984034833
"4702","4702",12824,9044,9008,-0.297567061759202
"4703","4703",3355,3570,3309,-0.0137108792846498
"4704","4704",6296,5741,5730,-0.0898983481575604
"4705","4705",3665,3184,3525,-0.0381991814461119
"4706","4706",3938,3938,3938,0
"4707","4707",2495,2471,2513,0.00721442885771543
"4708","4708",3186,3186,3186,0
"4709","4709",1409,1409,1469,0.042583392476934
"4710","4710",1369,1369,1369,0
"4711","4711",1536,1527,1527,-0.005859375
"4712","4712",1288,1286,1290,0.0015527950310559
"4713","4713",7477,7478,7478,0.00013374348000535
"4715","4715",5952,6120,6100,0.0248655913978495
"4717","4717",2843,1765,1765,-0.379176925782624
"4718","4718",2594,2684,2684,0.0346954510408635
"4719","4719",3623,3599,3599,-0.00662434446591223
"4720","4720",5235,5032,5039,-0.037440305635148
"4721","4721",1714,1714,2115,0.233955659276546
"4722","4722",1011,1011,1011,0
"4723","4723",4050,2495,3457,-0.14641975308642
"12803","12803",4050,2495,3457,-0.14641975308642
"4724","4724",3466,3538,3538,0.0207732256203116
"4725","4725",1776,1776,1779,0.00168918918918919
"4726","4726",989,838,838,-0.15267947421638
"4727","4727",4172,3570,3570,-0.144295302013423
"4728","4728",1717,1717,1719,0.0011648223645894
"4729","4729",2611,2573,2604,-0.00268096514745308
"4730","4730",2997,2283,2289,-0.236236236236236
"4731","4731",3623,3719,3720,0.0267733922163953
"8533","8533",3623,3719,3720,0.0267733922163953
"16703","16703",3623,3719,3720,0.0267733922163953
"4732","4732",5746,4641,4494,-0.217890706578489
"4733","4733",1720,1679,1787,0.038953488372093
"4734","4734",3404,3305,3303,-0.0296709753231492
"15344","15344",3404,3305,3303,-0.0296709753231492
"4735","4735",826,827,827,0.00121065375302663
"4736","4736",2902,2902,2903,0.000344589937973811
"4737","4737",6468,6705,8856,0.369202226345083
"4738","4738",3786,3908,3908,0.0322239830956154
"19166","19166",3786,3908,3908,0.0322239830956154
"4739","4739",3295,3148,3148,-0.0446130500758725
"4740","4740",3280,3284,3299,0.00579268292682927
"4741","4741",2994,2939,2938,-0.0187040748162993
"13549","13549",2994,2939,2938,-0.0187040748162993
"4742","4742",9777,9665,9589,-0.0192288022910913
"4743","4743",3196,3155,3151,-0.0140801001251564
"4744","4744",4937,4938,4990,0.0107352643305651
"4745","4745",3839,3839,3869,0.00781453503516541
"4746","4746",8321,8351,8296,-0.00300444658093979
"4747","4747",9271,9769,9186,-0.00916837450113256
"4748","4748",2453,2729,2649,0.0799021606196494
"4749","4749",2272,1970,1970,-0.132922535211268
"4750","4750",5303,5261,4974,-0.0620403545163115
"4751","4751",2684,2683,2687,0.0011177347242921
"4753","4753",2455,2456,2456,0.000407331975560081
"4754","4754",3447,3447,3447,0
"4755","4755",1395,1395,1386,-0.00645161290322581
"4756","4756",1218,857,856,-0.297208538587849
"4757","4757",1451,1535,1606,0.106822880771881
"4758","4758",4921,4942,4756,-0.0335297703718756
"4759","4759",7380,7425,7406,0.0035230352303523
"4760","4760",1741,1740,1740,-0.000574382538770821
"4761","4761",3544,3544,3544,0
"4762","4762",5877,5879,5846,-0.00527480006806194
"4763","4763",3008,3008,3037,0.00964095744680851
"5097","5097",3008,3008,3037,0.00964095744680851
"7306","7306",3008,3008,3037,0.00964095744680851
"10390","10390",3008,3008,3037,0.00964095744680851
"11204","11204",3008,3008,3037,0.00964095744680851
"4764","4764",5339,5351,4093,-0.233377036898296
"4765","4765",6640,6520,4165,-0.372740963855422
"4766","4766",3448,3342,3324,-0.0359628770301624
"4767","4767",4665,4659,1869,-0.59935691318328
"4768","4768",8085,7373,7373,-0.0880643166357452
"4769","4769",4214,4498,4105,-0.0258661604176554
"4770","4770",3081,3098,3097,0.00519311911716975
"4771","4771",3649,3649,3651,0.000548095368594135
"4773","4773",10031,9044,8737,-0.129000099690958
"4774","4774",2637,2637,2636,-0.000379218809252939
"4775","4775",1977,1977,2018,0.020738492665655
"4776","4776",4562,4562,4562,0
"4777","4777",3332,3044,3044,-0.0864345738295318
"4778","4778",6122,6122,6075,-0.00767722966350866
"4779","4779",6576,6576,7066,0.0745133819951338
"4780","4780",3425,3419,3422,-0.000875912408759124
"4781","4781",4821,4821,4822,0.000207425845260319
"4782","4782",2034,2034,1994,-0.0196656833824975
"4783","4783",4718,4812,4817,0.0209834675710047
"4784","4784",12041,12103,11951,-0.00747446225396562
"4785","4785",2051,2051,2051,0
"4786","4786",3644,3647,3655,0.00301866081229418
"4787","4787",7822,7822,6507,-0.168115571465098
"4788","4788",1521,1713,1713,0.126232741617357
"11795","11795",1521,1713,1713,0.126232741617357
"16215","16215",1521,1713,1713,0.126232741617357
"4789","4789",5448,6830,6828,0.253303964757709
"4790","4790",2550,2552,2518,-0.0125490196078431
"4791","4791",2890,2890,3955,0.368512110726644
"4792","4792",1385,1382,1583,0.142960288808664
"4793","4793",3401,3426,3398,-0.000882093501911203
"4794","4794",2506,2446,2238,-0.106943335993615
"4795","4795",3941,3946,3945,0.00101497081958894
"4797","4797",4355,4354,4354,-0.000229621125143513
"4798","4798",8295,7014,7014,-0.154430379746835
"4799","4799",4636,4737,4660,0.00517687661777394
"4800","4800",1501,1501,1499,-0.00133244503664224
"4801","4801",1818,1818,1805,-0.00715071507150715
"14693","14693",1818,1818,1805,-0.00715071507150715
"4802","4802",1998,1998,1929,-0.0345345345345345
"4803","4803",4610,4057,3997,-0.132971800433839
"4804","4804",2897,2905,2543,-0.122195374525371
"4805","4805",2873,2872,2674,-0.0692655760529064
"4806","4806",10664,8534,8407,-0.211646661665416
"4807","4807",4370,4370,4602,0.0530892448512586
"9269","9269",4370,4370,4602,0.0530892448512586
"4808","4808",3030,2793,2794,-0.0778877887788779
"4809","4809",2153,2266,2419,0.123548536925221
"4810","4810",1430,2679,4027,1.81608391608392
"9283","9283",1430,2679,4027,1.81608391608392
"4812","4812",2399,2399,2456,0.023759899958316
"4813","4813",5211,5352,5337,0.0241796200345423
"4814","4814",2543,2543,2543,0
"4815","4815",6223,6229,6366,0.0229792704483368
"4816","4816",4801,4599,4776,-0.00520724848989794
"4817","4817",2830,3482,3482,0.230388692579505
"4818","4818",2999,2999,2996,-0.00100033344448149
"4819","4819",7509,6803,6798,-0.0946863763483819
"4820","4820",2992,2794,2816,-0.0588235294117647
"4821","4821",1115,1113,823,-0.261883408071749
"4822","4822",4657,4645,4647,-0.00214730513205927
"18783","18783",4657,4645,4647,-0.00214730513205927
"4823","4823",2694,2668,2668,-0.00965107646622123
"4824","4824",2192,2192,2185,-0.00319343065693431
"4826","4826",9955,9567,9347,-0.0610748367654445
"4827","4827",7319,3516,3516,-0.519606503620713
"4828","4828",1371,1460,1385,0.0102115244347192
"4829","4829",3567,3611,3613,0.0128959910288758
"4830","4830",3683,3732,3733,0.013575889220744
"4831","4831",1630,1609,1609,-0.0128834355828221
"5904","5904",1630,1609,1609,-0.0128834355828221
"4832","4832",4888,4886,4866,-0.00450081833060556
"4833","4833",4535,4535,4535,0
"4834","4834",3700,3704,3675,-0.00675675675675676
"4835","4835",8208,8124,8371,0.0198586744639376
"4836","4836",12687,12398,11731,-0.07535272326003
"4837","4837",1294,1377,1377,0.0641421947449768
"4838","4838",2022,2023,3673,0.816518298714144
"8575","8575",2022,2023,3673,0.816518298714144
"4839","4839",1675,1675,1672,-0.0017910447761194
"4840","4840",2950,2952,2749,-0.068135593220339
"4841","4841",3169,2457,2416,-0.237614389397286
"12605","12605",3169,2457,2416,-0.237614389397286
"4842","4842",1149,1161,1161,0.010443864229765
"4844","4844",1948,1973,1973,0.0128336755646817
"4845","4845",3247,3247,3367,0.0369571912534647
"4846","4846",10063,11361,11993,0.191791712213058
"4847","4847",2127,2127,2120,-0.00329102021626704
"4849","4849",2706,2116,2116,-0.218033998521803
"4850","4850",2216,1977,2014,-0.0911552346570397
"4851","4851",6619,6010,6056,-0.0850581658860855
"4852","4852",6425,5880,5862,-0.0876264591439689
"4853","4853",3009,3025,3025,0.00531738118976404
"4854","4854",6490,6495,6495,0.000770416024653313
"4855","4855",1431,1750,1433,0.00139762403913347
"4856","4856",8383,8184,7980,-0.0480734820469999
"6883","6883",8383,8184,7980,-0.0480734820469999
"19033","19033",8383,8184,7980,-0.0480734820469999
"4857","4857",4656,4162,4277,-0.0814003436426117
"4858","4858",7076,6993,7031,-0.00635952515545506
"4859","4859",4222,4256,4225,0.000710563713879678
"19706","19706",4222,4256,4225,0.000710563713879678
"4860","4860",6825,6825,6827,0.000293040293040293
"4861","4861",7745,7739,9114,0.176759199483538
"4862","4862",4064,4064,4067,0.000738188976377953
"4863","4863",3671,3605,3540,-0.0356850994279488
"4864","4864",2010,1885,1885,-0.0621890547263682
"4865","4865",5275,5042,5291,0.00303317535545024
"4866","4866",1582,1578,1575,-0.00442477876106195
"9512","9512",1582,1578,1575,-0.00442477876106195
"11827","11827",1582,1578,1575,-0.00442477876106195
"12673","12673",1582,1578,1575,-0.00442477876106195
"12735","12735",1582,1578,1575,-0.00442477876106195
"14690","14690",1582,1578,1575,-0.00442477876106195
"4867","4867",6267,6291,6242,-0.00398914951332376
"4868","4868",4225,4275,4275,0.0118343195266272
"4869","4869",7778,7690,7694,-0.0107996914373875
"4870","4870",4043,3526,3514,-0.130843433094237
"4871","4871",2943,2943,2944,0.000339789330615019
"4872","4872",2628,2631,2484,-0.0547945205479452
"4873","4873",6407,6367,6370,-0.00577493366630248
"4875","4875",4341,4460,4522,0.041695461875144
"4876","4876",3558,3561,3543,-0.00421585160202361
"4877","4877",1339,1369,1120,-0.163554891710232
"5207","5207",1339,1369,1120,-0.163554891710232
"4878","4878",3402,3447,3410,0.00235155790711346
"4879","4879",3802,2471,2472,-0.349815886375592
"4880","4880",3597,3713,3697,0.0278009452321379
"4881","4881",7688,7690,8869,0.153616024973985
"4882","4882",6643,6606,6610,-0.00496763510462141
"4883","4883",7979,8021,8087,0.0135355307682667
"4884","4884",3827,3673,4315,0.127515024823622
"4885","4885",2447,2447,2331,-0.0474049856967716
"4886","4886",8583,9548,9553,0.11301409763486
"4887","4887",7767,7722,7737,-0.00386249517188104
"4888","4888",1131,1048,1048,-0.0733863837312113
"4889","4889",2460,2468,2465,0.00203252032520325
"4890","4890",15706,14154,14123,-0.100789507194703
"4891","4891",2279,2279,2280,0.000438788942518649
"4892","4892",2554,2355,2356,-0.0775254502740799
"4893","4893",5949,5942,5942,-0.00117666834762145
"4894","4894",2123,2123,2124,0.000471031559114461
"4895","4895",1552,1552,1461,-0.0586340206185567
"15503","15503",1552,1552,1461,-0.0586340206185567
"4896","4896",1821,1821,1821,0
"4897","4897",5923,5926,5722,-0.0339355056559176
"4898","4898",3405,4503,3759,0.103964757709251
"4899","4899",2426,2394,2394,-0.0131904369332234
"4900","4900",1825,1865,1790,-0.0191780821917808
"4901","4901",8448,5766,5782,-0.315577651515151
"4902","4902",2364,2364,2364,0
"4903","4903",3582,3582,3457,-0.0348967057509771
"4904","4904",2485,2485,2531,0.0185110663983903
"4905","4905",7836,8076,7915,0.0100816743236345
"4906","4906",2139,2118,2119,-0.00935016362786349
"4907","4907",6554,6554,6547,-0.00106805004577357
"4908","4908",2232,2232,2232,0
"4909","4909",2412,2381,2382,-0.0124378109452736
"4910","4910",2725,2725,3527,0.294311926605505
"4911","4911",3482,3482,3482,0
"4912","4912",3266,3266,3259,-0.00214329454990814
"4913","4913",2412,2197,2197,-0.0891376451077944
"4914","4914",1182,1182,1182,0
"4915","4915",11245,11245,11259,0.00124499777678968
"4916","4916",4540,4474,3463,-0.237224669603524
"4917","4917",1451,1451,1442,-0.0062026188835286
"4918","4918",2791,2791,2813,0.00788247939806521
"4919","4919",1787,3270,2908,0.627308337996642
"4920","4920",9914,5969,6529,-0.341436352632641
"4921","4921",5427,5427,5483,0.0103187764879307
"4922","4922",3856,3857,2190,-0.432053941908714
"11485","11485",3856,3857,2190,-0.432053941908714
"4923","4923",8774,7450,7452,-0.150672441303852
"11946","11946",8774,7450,7452,-0.150672441303852
"4924","4924",3645,3648,3342,-0.0831275720164609
"4925","4925",2423,2423,2910,0.200990507635163
"4926","4926",4807,4807,5424,0.128354483045559
"4927","4927",4076,3824,3833,-0.0596172718351325
"4928","4928",2097,2097,1788,-0.147353361945637
"4929","4929",5933,6032,6247,0.0529243215911006
"4930","4930",3672,3605,3605,-0.0182461873638344
"15902","15902",3672,3605,3605,-0.0182461873638344
"4931","4931",10300,10934,10935,0.0616504854368932
"4932","4932",12819,12584,12549,-0.021062485373274
"4933","4933",4378,4378,4377,-0.000228414801279123
"4934","4934",2918,2889,2889,-0.00993831391363948
"6032","6032",2918,2889,2889,-0.00993831391363948
"4935","4935",3817,4752,5083,0.331674089599162
"4936","4936",2404,2404,2989,0.243344425956739
"4937","4937",6357,6836,6393,0.00566304860783388
"4938","4938",1823,1823,1842,0.0104223806911684
"4939","4939",1092,1109,1098,0.00549450549450549
"4940","4940",1816,1816,1700,-0.0638766519823789
"15842","15842",1816,1816,1700,-0.0638766519823789
"4941","4941",2460,3153,2554,0.0382113821138211
"4942","4942",4385,4521,5248,0.196807297605473
"4943","4943",3721,3718,3844,0.0330556302069336
"4944","4944",2083,2083,2082,-0.000480076812289966
"4945","4945",2401,2363,2330,-0.0295710120783007
"4946","4946",8515,9347,9310,0.093364650616559
"4947","4947",4384,4384,4381,-0.000684306569343066
"4948","4948",2147,2162,2091,-0.0260829063809967
"4950","4950",2360,2349,2348,-0.00508474576271186
"14527","14527",2360,2349,2348,-0.00508474576271186
"4951","4951",2737,2732,2714,-0.00840336134453781
"4952","4952",1475,1475,1316,-0.107796610169492
"4953","4953",3143,3169,3198,0.0174992045816099
"4954","4954",2297,2295,2173,-0.0539834566826295
"4955","4955",1430,1430,1430,0
"4956","4956",5581,5908,5188,-0.0704174879053933
"4957","4957",5174,5174,5373,0.0384615384615385
"13195","13195",5174,5174,5373,0.0384615384615385
"4958","4958",3406,3433,3433,0.00792718731650029
"4959","4959",2534,2534,2534,0
"4960","4960",3051,3069,3260,0.0685021304490331
"10301","10301",3051,3069,3260,0.0685021304490331
"4961","4961",8659,8659,8129,-0.0612079916849521
"4962","4962",3398,3361,3361,-0.0108887580929959
"5258","5258",3398,3361,3361,-0.0108887580929959
"4963","4963",1456,1455,2346,0.611263736263736
"4964","4964",1863,1863,1860,-0.00161030595813205
"4965","4965",8135,8135,8069,-0.00811309157959435
"4966","4966",8592,8540,8596,0.000465549348230912
"4967","4967",1606,1606,1611,0.00311332503113325
"4968","4968",4007,2890,3915,-0.0229598203144497
"4969","4969",4539,4539,4440,-0.0218109715796431
"4970","4970",2140,2166,2360,0.102803738317757
"4971","4971",5972,5959,5959,-0.0021768251841929
"4972","4972",5030,5074,5103,0.0145129224652087
"4973","4973",1325,1293,1291,-0.0256603773584906
"13196","13196",1325,1293,1291,-0.0256603773584906
"13749","13749",1325,1293,1291,-0.0256603773584906
"4974","4974",2741,2741,2740,-0.000364830353885443
"4975","4975",1795,2194,2194,0.222284122562674
"4976","4976",6200,6200,5409,-0.12758064516129
"4977","4977",5128,4411,3628,-0.292511700468019
"4978","4978",6024,5756,6451,0.0708831341301461
"4979","4979",3390,3338,3344,-0.0135693215339233
"4980","4980",8357,8403,6664,-0.20258465956683
"4981","4981",3772,4163,4081,0.0819194061505832
"4982","4982",3283,3298,3533,0.0761498629302467
"4984","4984",2810,2689,2686,-0.0441281138790036
"4985","4985",3496,3496,3496,0
"4986","4986",4382,4382,4383,0.000228206298493838
"4987","4987",3008,3011,3020,0.00398936170212766
"4988","4988",2512,3004,3078,0.22531847133758
"17108","17108",2512,3004,3078,0.22531847133758
"4989","4989",3126,3837,3044,-0.0262316058861164
"4992","4992",1897,1897,1828,-0.0363732208750659
"4993","4993",3452,3447,3451,-0.000289687137891078
"4994","4994",3038,3038,3108,0.0230414746543779
"4995","4995",3696,3260,3260,-0.117965367965368
"4996","4996",6323,6397,6397,0.0117033053930096
"4997","4997",2287,2287,2231,-0.0244862264975951
"4998","4998",2521,2545,2329,-0.0761602538675129
"4999","4999",1921,1921,1921,0
"5000","5000",2129,1897,1897,-0.108971348050728
"5001","5001",6654,7700,7993,0.201232341448753
"5002","5002",1605,1605,1608,0.00186915887850467
"5003","5003",4683,4796,4731,0.0102498398462524
"5004","5004",3057,3063,3058,0.000327118089630357
"5005","5005",3741,3531,3815,0.0197808072707832
"5006","5006",8557,8415,8416,-0.0164777375248335
"5007","5007",6357,6735,6782,0.0668554349535945
"5008","5008",2506,2506,2802,0.118116520351157
"5009","5009",1948,1927,1796,-0.0780287474332649
"18495","18495",1948,1927,1796,-0.0780287474332649
"5010","5010",1704,1736,1761,0.0334507042253521
"5011","5011",1304,1387,1387,0.0636503067484663
"5013","5013",10059,10059,10063,0.000397653842330252
"5014","5014",1647,1522,1522,-0.0758955676988464
"5015","5015",2161,2161,2161,0
"5016","5016",3035,3078,3023,-0.00395387149917628
"5017","5017",6573,6573,6587,0.00212992545260916
"5018","5018",1655,1459,1532,-0.0743202416918429
"5019","5019",1725,1725,1725,0
"10202","10202",1725,1725,1725,0
"5020","5020",4008,3798,4505,0.124001996007984
"5021","5021",5344,5340,5912,0.106287425149701
"5022","5022",1522,1535,1435,-0.057161629434954
"5023","5023",1960,1726,1716,-0.124489795918367
"5024","5024",2317,2317,2312,-0.00215796288303841
"5025","5025",1827,1800,1777,-0.0273672687465791
"9293","9293",1827,1800,1777,-0.0273672687465791
"12019","12019",1827,1800,1777,-0.0273672687465791
"17915","17915",1827,1800,1777,-0.0273672687465791
"5026","5026",3288,3395,3395,0.0325425790754258
"8442","8442",3288,3395,3395,0.0325425790754258
"5027","5027",1445,1445,1445,0
"5028","5028",4387,3937,3987,-0.0911784818782767
"5029","5029",2024,2094,2025,0.000494071146245059
"5889","5889",2024,2094,2025,0.000494071146245059
"5030","5030",4116,4112,4049,-0.0162779397473275
"5031","5031",3439,3371,3383,-0.01628380343123
"5032","5032",6788,6955,6955,0.0246022392457278
"5033","5033",2163,2163,2329,0.0767452612112806
"13052","13052",2163,2163,2329,0.0767452612112806
"5034","5034",1136,1025,1025,-0.0977112676056338
"9774","9774",1136,1025,1025,-0.0977112676056338
"5035","5035",3647,3645,3936,0.0792432136002194
"5036","5036",2415,2442,2437,0.00910973084886128
"5038","5038",954,954,1069,0.120545073375262
"5039","5039",1682,1682,1682,0
"5041","5041",6189,6871,6871,0.110195508159638
"5042","5042",1802,1802,1783,-0.0105438401775805
"5043","5043",1789,1386,1386,-0.225265511458916
"6281","6281",1789,1386,1386,-0.225265511458916
"19546","19546",1789,1386,1386,-0.225265511458916
"5044","5044",9447,9452,9452,0.000529268550862708
"5045","5045",9038,5690,5670,-0.372648816109759
"5046","5046",2114,2114,2114,0
"5047","5047",5390,5390,5170,-0.0408163265306122
"5048","5048",3620,3616,4218,0.165193370165746
"5049","5049",2070,2070,1904,-0.0801932367149758
"5050","5050",2697,2631,2633,-0.0237300704486466
"18210","18210",2697,2631,2633,-0.0237300704486466
"5051","5051",9846,9972,10287,0.0447897623400366
"5052","5052",4705,4848,4848,0.0303931987247609
"5053","5053",4198,4196,4179,-0.00452596474511672
"5054","5054",4857,4854,4857,0
"5055","5055",3892,3892,3892,0
"5056","5056",9483,10567,10662,0.124327744384688
"5057","5057",1450,1439,1463,0.00896551724137931
"5058","5058",3618,3617,3124,-0.136539524599226
"5059","5059",2461,3696,3764,0.52945956928078
"5060","5060",6781,6719,6291,-0.07226072850612
"5061","5061",7551,7403,7192,-0.0475433717388425
"5062","5062",7330,7200,7190,-0.0190995907230559
"5063","5063",2948,2948,2912,-0.0122116689280868
"5064","5064",2356,2356,2264,-0.0390492359932088
"5065","5065",3000,3319,2591,-0.136333333333333
"5066","5066",2080,1705,1706,-0.179807692307692
"5067","5067",1878,1878,1871,-0.00372736954206603
"5068","5068",3420,3351,3352,-0.0198830409356725
"5069","5069",1754,1754,1754,0
"5070","5070",5888,5886,5863,-0.00424592391304348
"5071","5071",8631,8643,8634,0.000347584289190129
"5072","5072",5292,5367,5303,0.00207860922146636
"5073","5073",3323,3265,3679,0.107132109539573
"10218","10218",3323,3265,3679,0.107132109539573
"12787","12787",3323,3265,3679,0.107132109539573
"19702","19702",3323,3265,3679,0.107132109539573
"5074","5074",2192,2192,2192,0
"5075","5075",1929,1929,1929,0
"11030","11030",1929,1929,1929,0
"17617","17617",1929,1929,1929,0
"5076","5076",2255,2320,2322,0.0297117516629712
"5077","5077",4631,4631,4913,0.0608939753832865
"5078","5078",5470,5470,5428,-0.0076782449725777
"5079","5079",1642,1634,1401,-0.146772228989038
"5080","5080",1943,1943,1937,-0.00308800823468863
"5082","5082",5393,5298,5296,-0.0179862785091786
"5083","5083",9717,9627,9633,-0.0086446434084594
"5084","5084",2061,2104,2104,0.0208636584182436
"5085","5085",4329,4203,3739,-0.136290136290136
"5086","5086",2045,2045,2046,0.000488997555012225
"5087","5087",2998,2998,2999,0.000333555703802535
"5088","5088",5343,5430,5430,0.0162829870859068
"5089","5089",2167,2167,2072,-0.0438394093216428
"5090","5090",8029,8068,8074,0.00560468302403786
"5091","5091",2726,2637,2637,-0.0326485693323551
"5092","5092",11149,9668,10242,-0.0813525876760248
"5093","5093",2203,2031,2188,-0.00680889695869269
"5094","5094",1731,1653,1593,-0.0797227036395147
"5095","5095",1964,1966,2005,0.0208757637474542
"5096","5096",856,856,895,0.0455607476635514
"5098","5098",6169,5521,5523,-0.104717134057384
"5099","5099",3108,3152,3159,0.0164092664092664
"5100","5100",2392,2416,2452,0.0250836120401338
"5101","5101",2662,2662,2778,0.0435762584522915
"5102","5102",2327,2327,2327,0
"5103","5103",7741,7742,7697,-0.00568402015243509
"5104","5104",3157,3155,3150,-0.00221729490022173
"5105","5105",5857,5857,5864,0.00119515110124637
"5106","5106",5708,5496,5497,-0.0369656622284513
"5107","5107",4617,4638,4590,-0.00584795321637427
"5108","5108",3252,3526,4234,0.301968019680197
"5109","5109",6139,6142,6039,-0.0162892979312592
"5110","5110",3016,2870,2893,-0.0407824933687003
"5111","5111",9394,9331,9329,-0.00691931019799872
"5112","5112",1016,995,995,-0.0206692913385827
"5113","5113",3619,3620,3869,0.0690798563138989
"17847","17847",3619,3620,3869,0.0690798563138989
"5114","5114",4301,4301,4340,0.00906765868402697
"5115","5115",1795,1731,1493,-0.168245125348189
"5116","5116",4182,5050,4741,0.133668101386896
"5117","5117",4692,4785,4768,0.0161977834612106
"10097","10097",4692,4785,4768,0.0161977834612106
"5118","5118",2717,2424,2389,-0.120721383879279
"5119","5119",4906,4744,4744,-0.0330207908683245
"5120","5120",2680,2671,2671,-0.00335820895522388
"5122","5122",1556,1466,1592,0.0231362467866324
"19506","19506",1556,1466,1592,0.0231362467866324
"5123","5123",2338,2364,2683,0.147562018819504
"5124","5124",1199,1199,1199,0
"5125","5125",6696,6696,6657,-0.00582437275985663
"5126","5126",3800,4141,3874,0.0194736842105263
"5127","5127",1108,1106,1106,-0.00180505415162455
"18685","18685",1108,1106,1106,-0.00180505415162455
"5128","5128",3824,3570,3566,-0.0674686192468619
"5129","5129",1168,1171,1171,0.00256849315068493
"5130","5130",4993,5063,4976,-0.00340476667334268
"5131","5131",1557,1557,1603,0.0295439948619139
"5132","5132",6835,6790,6840,0.000731528895391368
"5133","5133",6205,5895,6020,-0.0298146655922643
"5134","5134",10931,12683,12502,0.143719696276644
"5135","5135",4436,4049,4083,-0.0795761947700631
"5136","5136",2062,2062,2020,-0.020368574199806
"5137","5137",5538,5735,5743,0.0370169736366919
"5138","5138",3672,3671,3574,-0.0266884531590414
"5139","5139",8920,8723,8724,-0.0219730941704036
"5140","5140",1915,1806,1806,-0.0569190600522193
"5141","5141",4374,4367,4362,-0.00274348422496571
"5142","5142",2753,2687,2689,-0.0232473665092626
"5143","5143",3425,3425,3849,0.123795620437956
"5144","5144",3672,3709,3088,-0.159041394335512
"5145","5145",2593,2593,2521,-0.0277670651754724
"5146","5146",10064,10064,9690,-0.0371621621621622
"5147","5147",4100,4084,4269,0.041219512195122
"5148","5148",4304,4309,4302,-0.000464684014869888
"5149","5149",3873,3876,3703,-0.0438936225148464
"5150","5150",5323,5323,5324,0.000187863986473793
"5151","5151",12722,12838,12823,0.00793900330136771
"5152","5152",2097,2097,2274,0.0844062947067239
"5153","5153",4961,4961,4968,0.00141100584559565
"5154","5154",5855,5855,5781,-0.0126387702818104
"5155","5155",4964,4961,4954,-0.00201450443190975
"5156","5156",4640,4654,4447,-0.0415948275862069
"5158","5158",3579,3758,3621,0.0117351215423303
"5159","5159",2878,2878,2878,0
"5160","5160",3159,3160,3147,-0.00379867046533713
"10495","10495",3159,3160,3147,-0.00379867046533713
"5161","5161",2271,2611,2562,0.128137384412153
"17837","17837",2271,2611,2562,0.128137384412153
"5162","5162",1733,1736,1738,0.00288517022504328
"5163","5163",2569,2514,2481,-0.0342545737641105
"5164","5164",4297,4298,4254,-0.0100069816150803
"5165","5165",2157,2121,2158,0.000463606861381548
"5166","5166",4089,4090,2837,-0.306187331865982
"5167","5167",3330,3297,3297,-0.00990990990990991
"5168","5168",7236,7651,7388,0.0210060807075732
"5169","5169",2300,2298,2300,0
"5170","5170",2815,2220,2220,-0.211367673179396
"5171","5171",3084,3090,3089,0.00162127107652399
"10991","10991",3084,3090,3089,0.00162127107652399
"5172","5172",4719,4721,4728,0.00190718372536554
"5173","5173",870,953,953,0.0954022988505747
"5174","5174",3458,3329,3329,-0.0373048004626952
"5175","5175",4180,4179,3835,-0.0825358851674641
"5176","5176",2178,2183,1915,-0.120752984389348
"11991","11991",2178,2183,1915,-0.120752984389348
"5177","5177",5905,5120,5134,-0.130567315834039
"5178","5178",3329,3445,3542,0.063983178131571
"5179","5179",2679,2679,2679,0
"5180","5180",2646,2776,2776,0.0491307634164777
"5181","5181",3752,3716,3410,-0.0911513859275053
"5182","5182",2653,2653,2629,-0.00904636260836789
"5183","5183",2322,2323,2318,-0.00172265288544358
"5184","5184",2027,1779,1832,-0.0962012826837691
"5185","5185",4902,4902,4908,0.00122399020807834
"5186","5186",3265,3265,3622,0.109341500765697
"5187","5187",3747,3717,3718,-0.00773952495329597
"5188","5188",2975,3095,3657,0.229243697478992
"5189","5189",4286,4324,4585,0.069762015865609
"5190","5190",3284,3050,3038,-0.0749086479902558
"5191","5191",4784,4719,4723,-0.0127508361204013
"5192","5192",2778,2777,2780,0.000719942404607631
"5193","5193",3064,3064,3064,0
"5194","5194",1872,1872,1867,-0.00267094017094017
"5195","5195",1942,1947,2071,0.0664263645726056
"5196","5196",5287,5373,5431,0.0272366181199168
"5197","5197",2053,1929,2074,0.0102289332683877
"5198","5198",2638,2734,2494,-0.0545868081880212
"5199","5199",8233,9535,9568,0.162152313858861
"5200","5200",3446,3446,3518,0.0208937899013349
"5201","5201",3210,3056,3056,-0.0479750778816199
"5202","5202",1994,2032,2032,0.0190571715145436
"8270","8270",1994,2032,2032,0.0190571715145436
"9514","9514",1994,2032,2032,0.0190571715145436
"11124","11124",1994,2032,2032,0.0190571715145436
"16567","16567",1994,2032,2032,0.0190571715145436
"5203","5203",3958,5260,5266,0.330469934310258
"5204","5204",5804,5677,5540,-0.0454858718125431
"5205","5205",5074,5074,5072,-0.000394166338194718
"5206","5206",3635,3456,3404,-0.0635488308115543
"5208","5208",6341,5919,6287,-0.00851600693896862
"5209","5209",3004,3004,3006,0.00066577896138482
"5210","5210",6741,7242,6741,0
"5211","5211",1881,2108,2110,0.121743753322701
"5212","5212",2481,2481,2520,0.0157194679564692
"5213","5213",1749,1837,1837,0.050314465408805
"5214","5214",2875,2777,3136,0.0907826086956522
"5215","5215",3891,3914,3910,0.00488306347982524
"5216","5216",3098,3117,3099,0.000322788896061975
"17342","17342",3098,3117,3099,0.000322788896061975
"5217","5217",7571,6681,7062,-0.0672302205785233
"5218","5218",2205,2198,2193,-0.0054421768707483
"5219","5219",5058,5050,5001,-0.0112692763938316
"5220","5220",2577,2573,2692,0.0446255335661622
"5221","5221",2002,1645,1422,-0.28971028971029
"18120","18120",2002,1645,1422,-0.28971028971029
"5222","5222",2124,2166,2167,0.0202448210922787
"5223","5223",2178,2129,2137,-0.0188246097337006
"14833","14833",2178,2129,2137,-0.0188246097337006
"5224","5224",3570,3570,3563,-0.00196078431372549
"14518","14518",3570,3570,3563,-0.00196078431372549
"5225","5225",2722,2722,2726,0.0014695077149155
"5226","5226",3806,3598,3773,-0.00867052023121387
"5227","5227",1920,1828,1828,-0.0479166666666667
"5228","5228",1892,1894,2084,0.101479915433404
"5229","5229",1338,1338,1338,0
"5230","5230",1684,1684,1882,0.117577197149644
"15524","15524",1684,1684,1882,0.117577197149644
"5231","5231",2096,2096,2096,0
"11943","11943",2096,2096,2096,0
"5232","5232",7295,5268,5268,-0.277861549006169
"5233","5233",4117,3760,3755,-0.0879281029876123
"5234","5234",3240,3240,3238,-0.000617283950617284
"11796","11796",3240,3240,3238,-0.000617283950617284
"13049","13049",3240,3240,3238,-0.000617283950617284
"14364","14364",3240,3240,3238,-0.000617283950617284
"5235","5235",2947,2947,2944,-0.00101798439090601
"5236","5236",9032,9253,9445,0.045726306465899
"5237","5237",2835,3021,2936,0.035626102292769
"5238","5238",12355,11774,11759,-0.0482395791177661
"5239","5239",13139,10892,10860,-0.1734530786209
"5241","5241",6289,6269,5923,-0.0581968516457306
"5242","5242",1307,1307,1307,0
"7671","7671",1307,1307,1307,0
"7747","7747",1307,1307,1307,0
"5243","5243",3717,3716,3676,-0.0110304008609093
"5244","5244",3296,3266,3266,-0.00910194174757281
"5245","5245",3840,3845,4066,0.0588541666666667
"5246","5246",4660,4661,4782,0.0261802575107296
"5247","5247",2128,2128,2130,0.00093984962406015
"5248","5248",1574,1727,1574,0
"5249","5249",3331,3331,3331,0
"5250","5250",6560,6492,6499,-0.00929878048780488
"5251","5251",4042,4316,4482,0.108857001484414
"5252","5252",10897,10815,10726,-0.0156923924015784
"5253","5253",1771,2129,2129,0.20214568040655
"5254","5254",4632,4626,5174,0.117012089810017
"5255","5255",3388,3601,3597,0.0616883116883117
"5256","5256",1760,1637,1637,-0.0698863636363636
"5257","5257",1848,1848,1506,-0.185064935064935
"5259","5259",1997,1995,1808,-0.0946419629444166
"13569","13569",1997,1995,1808,-0.0946419629444166
"5260","5260",969,1075,1264,0.304437564499484
"5261","5261",5414,4937,4115,-0.239933505725896
"5263","5263",2537,2502,2848,0.122585731178557
"5264","5264",1839,1855,1855,0.00870038064165307
"5265","5265",7001,6234,6477,-0.0748464505070704
"5266","5266",1196,1196,1196,0
"5267","5267",10927,10700,11397,0.0430127207833806
"5268","5268",5162,5231,5227,0.0125920185974429
"5269","5269",2345,2345,2345,0
"5270","5270",4405,4534,4638,0.052894438138479
"5271","5271",5314,5314,5315,0.000188182160331201
"5272","5272",4751,4750,4750,-0.000210482003788676
"5273","5273",4117,4203,4417,0.0728685936361428
"5274","5274",3222,3227,3334,0.0347610180012415
"5275","5275",692,692,1637,1.36560693641618
"5276","5276",1664,1664,1703,0.0234375
"7061","7061",1664,1664,1703,0.0234375
"5277","5277",3591,3632,3130,-0.128376496797549
"5278","5278",3923,3937,3882,-0.0104511853173592
"5279","5279",3669,3343,3340,-0.0896702098664486
"5280","5280",3459,3694,3892,0.125180688060133
"5281","5281",7084,7198,7001,-0.01171654432524
"5282","5282",5113,5113,5310,0.0385292391942108
"5283","5283",2509,2509,2224,-0.113591072140295
"5284","5284",6446,6044,6044,-0.062364256903506
"5285","5285",1743,1736,1734,-0.00516351118760757
"6004","6004",1743,1736,1734,-0.00516351118760757
"5286","5286",4387,4388,4389,0.000455892409391384
"5287","5287",2965,3269,3310,0.116357504215852
"5288","5288",1955,1955,1953,-0.0010230179028133
"5289","5289",2414,2416,2383,-0.0128417564208782
"5290","5290",2155,2150,2150,-0.00232018561484919
"5291","5291",3317,3235,2990,-0.0985830569791981
"5292","5292",6708,6657,6659,-0.00730471079308289
"5293","5293",1020,1020,1020,0
"5294","5294",4417,4573,4573,0.035318089200815
"5295","5295",6110,5839,6048,-0.0101472995090016
"5296","5296",4156,5090,4995,0.201876804619827
"5297","5297",3923,3929,3927,0.00101962783583992
"5298","5298",8598,9819,9820,0.142126075831589
"5299","5299",8343,8397,8399,0.00671221383195493
"5300","5300",2838,2838,2838,0
"5301","5301",4555,4654,4651,0.0210757409440176
"5302","5302",2764,2764,2546,-0.0788712011577424
"5303","5303",2356,2334,2337,-0.00806451612903226
"5304","5304",7795,7596,7793,-0.000256574727389352
"5305","5305",1322,1322,1322,0
"5306","5306",4030,4030,4037,0.00173697270471464
"5307","5307",1632,1633,1517,-0.0704656862745098
"5308","5308",7797,8223,8181,0.0492497114274721
"5309","5309",2714,2712,2836,0.0449521002210759
"5310","5310",1088,1088,1084,-0.00367647058823529
"5311","5311",1655,1653,1654,-0.000604229607250755
"5312","5312",822,822,823,0.00121654501216545
"5313","5313",6289,5571,5575,-0.113531563046589
"5314","5314",1703,1604,1604,-0.0581327069876688
"5315","5315",5933,5927,6030,0.0163492331029833
"5316","5316",3344,2934,2902,-0.132177033492823
"5317","5317",5623,5577,6797,0.208785345900765
"5318","5318",9025,9023,9000,-0.00277008310249307
"5319","5319",2469,2176,2178,-0.117861482381531
"5320","5320",7984,7965,7941,-0.00538577154308617
"5321","5321",4319,4319,4322,0.000694605232692753
"5322","5322",3526,3369,3310,-0.0612592172433352
"5323","5323",2803,2771,2765,-0.0135569033178737
"5324","5324",1596,1596,1382,-0.134085213032581
"5325","5325",6486,6469,5981,-0.0778600061671292
"5326","5326",5567,5811,5668,0.0181426261900485
"5327","5327",1639,1639,1953,0.191580231848688
"5328","5328",4427,4507,4523,0.0216851140727355
"5329","5329",4626,4915,4911,0.0616083009079118
"5330","5330",14153,14134,14955,0.0566664311453402
"5331","5331",3874,3485,3485,-0.100413009808983
"5332","5332",4452,4507,4508,0.0125786163522013
"5333","5333",10484,10008,6993,-0.332983594048073
"5334","5334",1877,1851,1851,-0.0138518913159297
"5335","5335",2636,2636,2723,0.0330045523520486
"6076","6076",2636,2636,2723,0.0330045523520486
"5336","5336",3574,3574,2847,-0.20341354224958
"5337","5337",2876,3324,3204,0.114047287899861
"9526","9526",2876,3324,3204,0.114047287899861
"5338","5338",2177,2185,2185,0.00367478180983004
"10887","10887",2177,2185,2185,0.00367478180983004
"5339","5339",3428,3298,3682,0.074095682613769
"5341","5341",971,971,957,-0.0144181256436663
"5342","5342",1734,1734,1799,0.0374855824682814
"12292","12292",1734,1734,1799,0.0374855824682814
"5343","5343",1106,857,860,-0.222423146473779
"5344","5344",1577,1577,1577,0
"5345","5345",985,982,1452,0.474111675126904
"5346","5346",7832,7836,7836,0.000510725229826353
"5347","5347",2030,2028,2015,-0.00738916256157635
"5348","5348",3979,3746,4085,0.0266398592611209
"5349","5349",2613,2613,2608,-0.00191350937619594
"5350","5350",2515,2515,2515,0
"5351","5351",2617,2617,2796,0.0683989300726022
"5352","5352",1728,1691,1691,-0.021412037037037
"5353","5353",3574,3606,3630,0.0156687185226637
"5354","5354",4603,3543,5810,0.262220291114491
"5355","5355",2332,2332,2332,0
"5356","5356",7868,7923,7928,0.00762582613116421
"5357","5357",6806,6612,6615,-0.0280634734058184
"5358","5358",3920,3920,3914,-0.00153061224489796
"5359","5359",2217,2429,2429,0.0956247180875056
"5360","5360",3892,3582,3582,-0.079650565262076
"5361","5361",3703,3893,3893,0.0513097488522819
"5362","5362",1785,1786,1660,-0.0700280112044818
"5363","5363",1928,1805,1805,-0.0637966804979253
"11706","11706",1928,1805,1805,-0.0637966804979253
"5364","5364",4632,4635,4726,0.020293609671848
"5365","5365",2069,2069,2492,0.204446592556791
"5366","5366",7480,8320,8139,0.0881016042780749
"5367","5367",4900,5122,4920,0.00408163265306122
"5368","5368",3484,3519,3519,0.0100459242250287
"5369","5369",4349,4349,6040,0.388825017245344
"5370","5370",1580,1571,1641,0.0386075949367089
"5371","5371",9051,6426,6424,-0.290244171914706
"5372","5372",2698,2698,2696,-0.000741289844329133
"9590","9590",2698,2698,2696,-0.000741289844329133
"14015","14015",2698,2698,2696,-0.000741289844329133
"18459","18459",2698,2698,2696,-0.000741289844329133
"19688","19688",2698,2698,2696,-0.000741289844329133
"5373","5373",1001,1228,1228,0.226773226773227
"5374","5374",4724,5667,5561,0.177180355630821
"5375","5375",4161,4161,4161,0
"5376","5376",1043,1043,1103,0.0575263662511985
"5377","5377",2945,2945,2946,0.00033955857385399
"16360","16360",2945,2945,2946,0.00033955857385399
"5378","5378",6705,3434,3435,-0.487695749440716
"5379","5379",1528,1534,1534,0.00392670157068063
"5380","5380",3975,3923,3923,-0.0130817610062893
"9084","9084",3975,3923,3923,-0.0130817610062893
"5381","5381",915,900,900,-0.0163934426229508
"5382","5382",1394,1395,1400,0.00430416068866571
"5383","5383",5531,5531,3512,-0.36503344783945
"5384","5384",2127,2130,2131,0.00188058298072402
"5385","5385",3054,2993,2961,-0.0304518664047151
"5386","5386",3157,3157,3153,-0.00126702565726956
"5387","5387",5633,5435,5436,-0.03497248357891
"5388","5388",2767,3037,2848,0.0292735814962053
"5389","5389",2748,2615,2764,0.00582241630276565
"5390","5390",2297,2060,1963,-0.145407052677405
"18343","18343",2297,2060,1963,-0.145407052677405
"5392","5392",3603,3603,3609,0.00166527893422148
"16231","16231",3603,3603,3609,0.00166527893422148
"5393","5393",2069,2112,2112,0.0207829869502175
"5394","5394",4676,4672,6230,0.332335329341317
"5395","5395",3046,3109,3036,-0.00328299409061064
"5396","5396",6547,6741,6697,0.0229112570643043
"5397","5397",1885,1885,1899,0.00742705570291777
"5398","5398",2122,2149,2149,0.0127238454288407
"5399","5399",2665,2711,2711,0.0172607879924953
"5400","5400",5150,5692,5694,0.105631067961165
"5401","5401",3092,3092,3023,-0.0223156532988357
"5402","5402",2759,2441,2441,-0.115259151866618
"5403","5403",2422,3045,3045,0.257225433526012
"5404","5404",10865,10571,10548,-0.0291762540266912
"5405","5405",2598,2598,3063,0.178983833718245
"5406","5406",3515,3670,3704,0.0537695590327169
"5407","5407",3712,3901,4143,0.116109913793103
"5408","5408",1994,1983,1866,-0.0641925777331996
"13352","13352",1994,1983,1866,-0.0641925777331996
"19350","19350",1994,1983,1866,-0.0641925777331996
"5409","5409",2202,2202,2004,-0.0899182561307902
"5410","5410",3292,2781,2781,-0.155224787363305
"5411","5411",2943,2944,2943,0
"5412","5412",4731,5104,5088,0.0754597336715282
"5413","5413",2554,3008,3008,0.177760375880971
"5414","5414",2368,1913,1912,-0.192567567567568
"5415","5415",7306,6435,6438,-0.118806460443471
"5416","5416",4135,4141,4143,0.00193470374848851
"13715","13715",4135,4141,4143,0.00193470374848851
"5417","5417",2863,2881,2863,0
"5418","5418",2741,2427,2325,-0.151769427216344
"5419","5419",5598,5601,5601,0.000535905680600214
"5421","5421",4798,4798,4793,-0.00104210087536474
"5422","5422",4344,4368,4369,0.00575506445672192
"5423","5423",1490,1515,1299,-0.128187919463087
"5424","5424",5598,5589,5591,-0.00125044658806717
"5425","5425",3422,3425,3306,-0.0338983050847458
"5426","5426",3468,3094,3474,0.00173010380622837
"5427","5427",3741,3563,3563,-0.0475808607324245
"5428","5428",4353,4353,4334,-0.00436480588100161
"5429","5429",1534,1534,1751,0.141460234680574
"5430","5430",11438,11580,11554,0.0101416331526491
"5431","5431",974,980,980,0.00616016427104723
"5432","5432",4282,3729,3729,-0.129145259224661
"5433","5433",2502,2502,2509,0.00279776179056755
"5434","5434",10556,10464,10496,-0.00568397120121258
"5435","5435",2536,2568,2569,0.01301261829653
"5436","5436",5984,5984,5987,0.000501336898395722
"5437","5437",1720,1720,1743,0.0133720930232558
"5438","5438",3406,3404,3404,-0.000587199060481503
"5439","5439",2052,1543,1543,-0.248050682261209
"5440","5440",1411,1411,1545,0.0949681077250177
"5441","5441",8307,8285,8294,-0.00156494522691706
"5442","5442",1740,1677,1422,-0.182758620689655
"5443","5443",6201,6258,6118,-0.0133849379132398
"5444","5444",10006,10491,10492,0.0485708574855087
"5445","5445",3738,4060,4060,0.0861423220973783
"5446","5446",4552,4231,4232,-0.070298769771529
"5448","5448",15671,15663,15665,-0.000382872822410823
"5449","5449",3191,3005,3299,0.033845189595738
"5450","5450",611,611,506,-0.171849427168576
"5451","5451",2778,2777,2847,0.0248380129589633
"5452","5452",2498,2499,2499,0.000400320256204964
"5453","5453",5734,3378,3378,-0.410882455528427
"5454","5454",7765,7320,7429,-0.0432710882163554
"5455","5455",1752,2107,2108,0.203196347031963
"10828","10828",1752,2107,2108,0.203196347031963
"5456","5456",5703,5642,5642,-0.010696124846572
"5457","5457",4047,4048,4066,0.00469483568075117
"18832","18832",4047,4048,4066,0.00469483568075117
"5458","5458",1992,1913,1912,-0.0401606425702811
"7798","7798",1992,1913,1912,-0.0401606425702811
"5459","5459",1730,1802,1802,0.0416184971098266
"16290","16290",1730,1802,1802,0.0416184971098266
"5460","5460",2179,2132,3727,0.710417622762735
"5461","5461",12507,12624,12634,0.0101543135843927
"5462","5462",1965,2307,2307,0.174045801526718
"19355","19355",1965,2307,2307,0.174045801526718
"5463","5463",3161,3124,3199,0.01202151217969
"5464","5464",4712,4860,4859,0.0311969439728353
"5465","5465",4844,4045,4066,-0.160611065235343
"5466","5466",9839,9861,9853,0.00142290883219839
"5467","5467",6857,7064,7293,0.0635846580137086
"5468","5468",5136,5136,4986,-0.0292056074766355
"5469","5469",5001,5543,5545,0.10877824435113
"5470","5470",3082,3075,3203,0.0392602206359507
"5471","5471",2439,2439,2447,0.003280032800328
"5472","5472",3110,3219,2990,-0.0385852090032154
"8113","8113",3110,3219,2990,-0.0385852090032154
"5473","5473",1077,1079,1023,-0.0501392757660167
"5474","5474",2689,2968,2931,0.0899962811454072
"5475","5475",7377,7317,5532,-0.250101667344449
"5476","5476",3321,3337,3337,0.00481782595603734
"18294","18294",3321,3337,3337,0.00481782595603734
"5477","5477",2727,2784,2795,0.0249358269160249
"5478","5478",5090,4889,4890,-0.0392927308447937
"5479","5479",5470,5508,5508,0.00694698354661792
"5480","5480",1545,1545,1690,0.0938511326860841
"5481","5481",1527,1396,1396,-0.0857891290111329
"5482","5482",1395,1395,1551,0.111827956989247
"5483","5483",5754,5754,5597,-0.0272853667014251
"5484","5484",2453,2353,2354,-0.0403587443946188
"5485","5485",2760,2760,2760,0
"5486","5486",2380,2602,2595,0.0903361344537815
"5487","5487",1746,1743,1748,0.0011454753722795
"5488","5488",4561,4583,4581,0.00438500328875247
"5489","5489",1630,1630,1470,-0.098159509202454
"5490","5490",2161,2161,2586,0.196668209162425
"5491","5491",4408,4435,4438,0.00680580762250454
"5492","5492",5849,6246,6247,0.0680458197982561
"5494","5494",3245,4518,2477,-0.236671802773498
"5495","5495",914,914,836,-0.0853391684901532
"5496","5496",2355,2353,2353,-0.000849256900212314
"5497","5497",6349,6413,6413,0.0100803276106473
"5498","5498",5033,5792,5793,0.151003377707133
"5499","5499",2916,2941,2923,0.00240054869684499
"12049","12049",2916,2941,2923,0.00240054869684499
"5500","5500",11700,11692,11537,-0.0139316239316239
"5501","5501",2302,2223,2367,0.028236316246742
"10556","10556",2302,2223,2367,0.028236316246742
"5502","5502",1250,1250,1250,0
"5503","5503",3719,3584,3580,-0.0373756386125303
"5763","5763",3719,3584,3580,-0.0373756386125303
"5933","5933",3719,3584,3580,-0.0373756386125303
"8184","8184",3719,3584,3580,-0.0373756386125303
"11131","11131",3719,3584,3580,-0.0373756386125303
"11607","11607",3719,3584,3580,-0.0373756386125303
"14290","14290",3719,3584,3580,-0.0373756386125303
"16773","16773",3719,3584,3580,-0.0373756386125303
"5504","5504",1659,1659,1655,-0.00241109101868596
"5505","5505",4137,4154,4097,-0.0096688421561518
"5506","5506",3159,3158,3171,0.00379867046533713
"16428","16428",3159,3158,3171,0.00379867046533713
"5507","5507",1683,1683,1376,-0.182412358882947
"19789","19789",1683,1683,1376,-0.182412358882947
"5508","5508",2252,2277,2252,0
"5509","5509",1320,1322,1322,0.00151515151515152
"5510","5510",4180,4236,4235,0.0131578947368421
"5511","5511",1261,1260,1263,0.00158604282315623
"5512","5512",3438,3342,3330,-0.031413612565445
"5513","5513",6591,6844,6821,0.034896070399029
"5514","5514",7386,6858,6858,-0.0714865962632007
"5515","5515",6593,6593,6489,-0.0157743060822084
"5517","5517",3651,3654,3654,0.000821692686935086
"5518","5518",3982,3975,3980,-0.000502260170768458
"5519","5519",4880,4920,4920,0.00819672131147541
"5520","5520",6242,6243,6239,-0.000480615187439923
"5521","5521",3089,3244,3304,0.0696018128844286
"5522","5522",1920,1920,2123,0.105729166666667
"5523","5523",3199,3204,3199,0
"5524","5524",1878,1916,1916,0.020234291799787
"5525","5525",1135,981,981,-0.13568281938326
"5526","5526",3687,3563,3564,-0.0333604556550041
"5527","5527",2233,2233,2294,0.0273175100761308
"13082","13082",2233,2233,2294,0.0273175100761308
"17533","17533",2233,2233,2294,0.0273175100761308
"5528","5528",1078,1078,997,-0.075139146567718
"5529","5529",1507,1507,1410,-0.0643662906436629
"5530","5530",3016,2984,2984,-0.0106100795755968
"5531","5531",3587,3587,3593,0.00167270699749094
"5532","5532",6083,6079,6080,-0.000493177708367582
"5533","5533",1224,1231,1228,0.00326797385620915
"5534","5534",2973,2973,3248,0.0924991590985536
"5535","5535",10576,10307,10308,-0.0253403933434191
"5537","5537",7775,7763,7700,-0.00964630225080386
"5538","5538",8304,8320,8285,-0.00228805394990366
"5539","5539",2681,2665,2791,0.041029466616934
"6836","6836",2681,2665,2791,0.041029466616934
"13437","13437",2681,2665,2791,0.041029466616934
"14294","14294",2681,2665,2791,0.041029466616934
"5540","5540",6786,6780,7360,0.0845859121721191
"5541","5541",5484,5501,6160,0.12326768781911
"5542","5542",5450,5161,5160,-0.0532110091743119
"5543","5543",3846,3849,3852,0.0015600624024961
"5544","5544",913,859,893,-0.0219058050383352
"5545","5545",8546,8485,7696,-0.0994617364849052
"5546","5546",2446,2444,2444,-0.000817661488143908
"5547","5547",1863,1863,2031,0.0901771336553945
"5548","5548",4109,3531,3566,-0.13214894134826
"5549","5549",2219,2233,2216,-0.00135196034249662
"5550","5550",4720,4720,4768,0.0101694915254237
"5551","5551",10880,10833,10786,-0.00863970588235294
"5552","5552",2657,2569,2567,-0.0338727888596161
"5553","5553",3761,3765,3884,0.0327040680670035
"5554","5554",1563,1498,1929,0.234165067178503
"5555","5555",9912,9502,9485,-0.0430790960451977
"5556","5556",4848,4846,4846,-0.000412541254125413
"5557","5557",1789,1817,1817,0.0156512017887088
"19793","19793",1789,1817,1817,0.0156512017887088
"5558","5558",2476,2476,2476,0
"5559","5559",3083,3079,3079,-0.00129743756081739
"5560","5560",3733,3061,2965,-0.205732654701313
"5561","5561",6764,6764,7663,0.132909520993495
"5562","5562",1782,1782,1944,0.0909090909090909
"5563","5563",8301,8301,8303,0.000240934827129262
"5564","5564",4186,3875,3872,-0.075011944577162
"5565","5565",3214,3156,3156,-0.0180460485376478
"5566","5566",7859,7731,7725,-0.0170505153327395
"5567","5567",3538,3579,3544,0.00169587337478802
"5568","5568",3446,3474,3787,0.0989553105049333
"5569","5569",3280,3327,3326,0.0140243902439024
"5570","5570",3432,3422,3409,-0.0067016317016317
"5571","5571",1566,1566,1496,-0.0446998722860792
"5572","5572",3061,3385,3002,-0.0192747468147664
"5573","5573",10164,9434,10045,-0.0117079889807163
"5574","5574",7657,5361,5362,-0.299725741151887
"5575","5575",2160,2160,2350,0.087962962962963
"5576","5576",2737,2762,2745,0.00292290829375228
"5577","5577",5454,5107,5186,-0.0491382471580491
"5578","5578",2991,2753,2771,-0.0735539953192912
"5579","5579",6073,5925,5896,-0.0291453976617817
"5580","5580",8104,6691,6982,-0.138450148075025
"5581","5581",4295,4590,4572,0.0644935972060535
"5582","5582",2729,2963,2967,0.0872114327592525
"5583","5583",3572,3807,3807,0.0657894736842105
"5584","5584",2823,2793,2793,-0.0106269925611052
"5585","5585",3288,3288,3288,0
"5586","5586",3601,3615,3579,-0.00610941405165232
"7097","7097",3601,3615,3579,-0.00610941405165232
"14380","14380",3601,3615,3579,-0.00610941405165232
"5587","5587",4901,4901,4078,-0.167924913283003
"5588","5588",1632,1632,1631,-0.000612745098039216
"5589","5589",3038,3140,3138,0.032916392363397
"5590","5590",2695,2694,2807,0.0415584415584416
"5591","5591",5236,5236,5171,-0.0124140565317036
"5592","5592",8919,8403,8413,-0.0567328175804462
"5593","5593",2312,2282,2122,-0.0821799307958477
"5594","5594",4164,4096,4094,-0.0168107588856868
"5595","5595",5965,5968,5855,-0.0184409052808047
"5596","5596",5681,5921,5801,0.0211230417180074
"5597","5597",5333,6799,7003,0.313144571535721
"5599","5599",6903,8077,8077,0.170070983630306
"5600","5600",4081,4081,4081,0
"5601","5601",998,1015,1005,0.00701402805611222
"5602","5602",2177,2169,2169,-0.00367478180983004
"19373","19373",2177,2169,2169,-0.00367478180983004
"5603","5603",2297,2329,2497,0.087070091423596
"6835","6835",2297,2329,2497,0.087070091423596
"5605","5605",2633,2352,2460,-0.0657045195594379
"7160","7160",2633,2352,2460,-0.0657045195594379
"5606","5606",2870,2862,2862,-0.00278745644599303
"5607","5607",823,823,866,0.0522478736330498
"5608","5608",4398,4398,4410,0.00272851296043656
"5609","5609",2872,3137,3137,0.0922701949860724
"5610","5610",3352,3196,3592,0.0715990453460621
"5611","5611",1237,1237,942,-0.238480194017785
"5612","5612",2502,2502,2480,-0.008792965627498
"5613","5613",4816,4854,4611,-0.0425664451827243
"5614","5614",4477,4827,4827,0.0781773509046236
"5615","5615",576,553,553,-0.0399305555555556
"5616","5616",2732,2744,2758,0.00951683748169839
"5617","5617",3688,3687,3686,-0.000542299349240781
"5618","5618",1187,1650,1631,0.374052232518955
"5619","5619",1925,1925,1920,-0.0025974025974026
"7394","7394",1925,1925,1920,-0.0025974025974026
"5620","5620",7905,6602,6602,-0.16483238456673
"5621","5621",7039,6835,6831,-0.0295496519391959
"5622","5622",3927,3984,3983,0.0142602495543672
"5623","5623",1557,1557,1533,-0.0154142581888247
"5624","5624",7125,7167,7168,0.00603508771929825
"5625","5625",8398,8398,8230,-0.0200047630388188
"5626","5626",5085,4956,4994,-0.0178957718780728
"15490","15490",5085,4956,4994,-0.0178957718780728
"5627","5627",14162,14163,14171,0.000635503459963282
"5628","5628",4836,4878,4938,0.0210918114143921
"5629","5629",2047,1804,1873,-0.0850024425989253
"5630","5630",2408,2486,2486,0.0323920265780731
"5631","5631",13480,13382,13363,-0.00867952522255193
"12350","12350",13480,13382,13363,-0.00867952522255193
"5632","5632",3658,2125,2129,-0.417987971569163
"5633","5633",1300,1308,1746,0.343076923076923
"5634","5634",4665,4400,4457,-0.0445873526259378
"5635","5635",1482,2778,2775,0.87246963562753
"5636","5636",3799,3763,3816,0.00447486180573835
"5637","5637",2578,2578,2578,0
"5638","5638",2802,2806,2806,0.00142755174875089
"5639","5639",4510,4513,4486,-0.00532150776053215
"5640","5640",2059,2059,2252,0.0937348227294803
"5641","5641",4852,5329,5317,0.0958367683429514
"5642","5642",1160,2457,2416,1.08275862068966
"5643","5643",4362,4801,4756,0.0903255387436955
"5644","5644",5762,5718,5805,0.00746268656716418
"5645","5645",4515,4515,4481,-0.00753045404208195
"5646","5646",5918,5918,5751,-0.0282189929030078
"5648","5648",2962,2972,3029,0.0226198514517218
"5649","5649",3985,3985,3985,0
"5650","5650",6797,6251,5029,-0.260114756510225
"5651","5651",3866,3856,3815,-0.0131919296430419
"5652","5652",8748,8748,8746,-0.000228623685413809
"5653","5653",1943,1941,1929,-0.00720535254760679
"5654","5654",4565,4565,4566,0.000219058050383352
"5655","5655",3214,3214,3214,0
"5656","5656",12952,12785,12761,-0.0147467572575664
"5657","5657",3115,3118,4614,0.481219903691814
"5658","5658",2029,2019,2015,-0.00689995071463775
"15513","15513",2029,2019,2015,-0.00689995071463775
"5659","5659",1025,998,736,-0.281951219512195
"17239","17239",1025,998,736,-0.281951219512195
"5660","5660",8269,8281,8224,-0.00544201233522796
"5661","5661",3419,3293,3293,-0.0368528809593448
"5663","5663",2752,2752,2703,-0.0178052325581395
"5664","5664",2394,2394,2734,0.142021720969089
"5665","5665",10099,10841,10375,0.0273294385582731
"5666","5666",6500,6500,6562,0.00953846153846154
"5667","5667",7322,8051,7996,0.092051352089593
"5668","5668",3607,3350,4326,0.199334627113945
"5669","5669",1542,1542,1542,0
"5670","5670",3155,3196,3203,0.0152139461172742
"5671","5671",6094,6094,6019,-0.0123071873974401
"5672","5672",2812,2812,2798,-0.00497866287339972
"5673","5673",1577,1577,1577,0
"5674","5674",6380,6370,6870,0.0768025078369906
"5676","5676",2517,2445,2519,0.000794596742153357
"5677","5677",4390,4516,4281,-0.0248291571753986
"5678","5678",9200,7406,7485,-0.186413043478261
"5679","5679",8359,7667,7609,-0.0897236511544443
"5680","5680",3991,4052,4034,0.0107742420446004
"5681","5681",1901,1488,1433,-0.246186217780116
"5682","5682",3584,3578,4323,0.206194196428571
"5683","5683",4246,4198,4198,-0.0113047574187471
"5684","5684",1378,1144,1144,-0.169811320754717
"5685","5685",1249,1250,1250,0.000800640512409928
"5686","5686",4413,4413,4416,0.000679809653297077
"5687","5687",3262,2942,2943,-0.0977927651747394
"5688","5688",6525,6796,6786,0.04
"5689","5689",3001,3001,2981,-0.00666444518493835
"5690","5690",2134,2134,2121,-0.00609184629803187
"5691","5691",2355,2355,2355,0
"5692","5692",15032,14437,14447,-0.038916977115487
"5693","5693",3760,2737,2737,-0.272074468085106
"11143","11143",3760,2737,2737,-0.272074468085106
"16796","16796",3760,2737,2737,-0.272074468085106
"5694","5694",2777,2777,2764,-0.00468131076701476
"5695","5695",1372,1048,1050,-0.23469387755102
"5696","5696",3564,3637,3637,0.0204826038159371
"5697","5697",2211,1784,1784,-0.193125282677521
"5698","5698",9744,6306,6306,-0.352832512315271
"5699","5699",4147,4147,4147,0
"5700","5700",2578,2578,2815,0.0919317300232739
"5701","5701",7729,7721,7696,-0.00426963384655195
"5702","5702",2347,2347,2357,0.00426075841499787
"5703","5703",1279,1279,1195,-0.0656763096168882
"5704","5704",4419,4385,4385,-0.00769404842724598
"5705","5705",9266,10201,10163,0.0968055255773797
"5706","5706",5603,5580,5846,0.0433696234160271
"5707","5707",2955,2961,2922,-0.0111675126903553
"19447","19447",2955,2961,2922,-0.0111675126903553
"5708","5708",8408,8731,7983,-0.0505470980019029
"5709","5709",6509,7058,7076,0.0871101551697649
"5710","5710",8718,6950,6922,-0.206010552879101
"5711","5711",1251,1190,1194,-0.0455635491606715
"5712","5712",1880,1880,1876,-0.00212765957446809
"5713","5713",1341,1273,1274,-0.0499627143922446
"5714","5714",6813,6755,6737,-0.0111551445765448
"5715","5715",3970,3961,3961,-0.00226700251889169
"5716","5716",2745,2789,2723,-0.00801457194899818
"5717","5717",847,847,917,0.0826446280991736
"5718","5718",6723,6771,6438,-0.0423917893797412
"5719","5719",1589,1589,1589,0
"5720","5720",4786,4997,6637,0.38675302966987
"5721","5721",9276,9194,9589,0.033742992669254
"5722","5722",1360,1360,1549,0.138970588235294
"5723","5723",2537,2514,2458,-0.0311391407173827
"5724","5724",2955,3005,3005,0.0169204737732657
"5725","5725",1199,1203,1203,0.00333611342785655
"5726","5726",3533,2911,2982,-0.15595810925559
"5727","5727",2054,2032,2147,0.0452775073028238
"5728","5728",4493,4581,4604,0.0247050968172713
"5729","5729",2300,2074,2080,-0.0956521739130435
"11295","11295",2300,2074,2080,-0.0956521739130435
"5730","5730",6040,5954,5987,-0.00877483443708609
"5731","5731",3040,3040,3040,0
"5732","5732",6851,7558,7750,0.131221719457014
"7538","7538",6851,7558,7750,0.131221719457014
"5733","5733",3418,3910,3930,0.14979520187244
"16745","16745",3418,3910,3930,0.14979520187244
"5734","5734",1283,1118,1119,-0.127825409197194
"5735","5735",9066,8992,8984,-0.00904478270461063
"5736","5736",1259,1301,1296,0.0293884034948372
"5737","5737",3667,3698,3680,0.00354513226070357
"5738","5738",1476,1370,1567,0.0616531165311653
"6578","6578",1476,1370,1567,0.0616531165311653
"5739","5739",1704,1806,1502,-0.118544600938967
"11349","11349",1704,1806,1502,-0.118544600938967
"5740","5740",6245,6242,6237,-0.00128102481985588
"5741","5741",1589,1512,1633,0.0276903713027061
"5742","5742",1981,1981,1981,0
"5743","5743",5526,5695,4831,-0.125769091567137
"5744","5744",3155,2435,2951,-0.0646592709984152
"5745","5745",4850,4863,4776,-0.0152577319587629
"5746","5746",5549,5549,5549,0
"5747","5747",2186,2235,2266,0.0365965233302836
"5748","5748",7055,6953,7009,-0.00652019844082211
"5749","5749",4033,2924,2922,-0.27547731217456
"5750","5750",7958,8075,7890,-0.00854486051771802
"5751","5751",2701,2701,3471,0.285079600148093
"9012","9012",2701,2701,3471,0.285079600148093
"5752","5752",2293,1939,2048,-0.106846925425207
"5753","5753",2507,2506,2506,-0.000398883127243718
"5754","5754",2081,2081,2068,-0.00624699663623258
"5755","5755",1923,1936,2003,0.0416016640665627
"5756","5756",2997,2997,2997,0
"5757","5757",6209,6154,6151,-0.00934127878885489
"5758","5758",10098,9927,9775,-0.031986531986532
"5759","5759",8707,8707,8747,0.00459400482370506
"5760","5760",2461,2461,2692,0.0938642828118651
"5761","5761",5594,5582,5587,-0.00125134072220236
"5764","5764",6343,6298,6266,-0.0121393662304903
"5765","5765",1929,2180,2190,0.135303265940902
"7411","7411",1929,2180,2190,0.135303265940902
"8414","8414",1929,2180,2190,0.135303265940902
"5766","5766",2578,2578,2578,0
"5767","5767",2329,2156,2156,-0.0742808072133963
"17227","17227",2329,2156,2156,-0.0742808072133963
"5768","5768",3775,2748,2903,-0.230993377483444
"5769","5769",1839,1830,1866,0.0146818923327896
"5770","5770",1217,1217,1323,0.0870994248151191
"5771","5771",3770,3734,3771,0.00026525198938992
"5772","5772",2251,2259,2259,0.00355397601066193
"5773","5773",3239,3309,3309,0.0216116085211485
"5774","5774",3893,3288,3695,-0.0508605188800411
"5775","5775",2145,2137,2137,-0.00372960372960373
"5776","5776",2464,2441,2448,-0.00649350649350649
"5777","5777",6672,6541,6542,-0.019484412470024
"5778","5778",5190,6952,6114,0.178034682080925
"5779","5779",7722,7215,7235,-0.0630665630665631
"5780","5780",4463,4463,4457,-0.00134438718350885
"5781","5781",4674,4779,4772,0.0209670517757809
"5782","5782",1917,1917,1911,-0.00312989045383412
"5783","5783",5444,5450,5407,-0.0067964731814842
"8904","8904",5444,5450,5407,-0.0067964731814842
"5784","5784",1760,1588,1588,-0.0977272727272727
"5785","5785",1900,1890,1650,-0.131578947368421
"5786","5786",3544,3577,3542,-0.000564334085778781
"5787","5787",1182,1181,948,-0.197969543147208
"8041","8041",1182,1181,948,-0.197969543147208
"5788","5788",2229,2299,2430,0.0901749663526245
"12997","12997",2229,2299,2430,0.0901749663526245
"5789","5789",2113,2075,2041,-0.0340747752011358
"12973","12973",2113,2075,2041,-0.0340747752011358
"5790","5790",1967,1965,1965,-0.00101677681748856
"5791","5791",2576,2507,3455,0.341226708074534
"5792","5792",1882,1882,2033,0.0802337938363443
"5793","5793",1076,961,905,-0.158921933085502
"5794","5794",2833,2846,2840,0.00247087892693258
"5795","5795",1425,1425,1425,0
"5796","5796",484,484,591,0.221074380165289
"5797","5797",9839,5620,5620,-0.428803740217502
"5798","5798",2806,2935,2935,0.0459729151817534
"5799","5799",2994,2843,2844,-0.0501002004008016
"5800","5800",2044,2044,2041,-0.00146771037181996
"5801","5801",1202,1202,1202,0
"5802","5802",1608,1610,1400,-0.129353233830846
"17954","17954",1608,1610,1400,-0.129353233830846
"5803","5803",2097,1431,1738,-0.171196948020982
"5804","5804",11306,11306,11290,-0.00141517778170883
"5805","5805",3798,3798,2982,-0.214849921011058
"5806","5806",2311,2667,2659,0.15058416270013
"8386","8386",2311,2667,2659,0.15058416270013
"10478","10478",2311,2667,2659,0.15058416270013
"5807","5807",2126,2410,2410,0.133584195672625
"5808","5808",1927,1940,1917,-0.00518941359626362
"5809","5809",10744,6512,6503,-0.394731943410276
"5810","5810",2826,2804,2789,-0.0130927105449398
"5811","5811",3125,3125,3125,0
"8596","8596",3125,3125,3125,0
"5812","5812",3498,3462,3458,-0.0114351057747284
"17810","17810",3498,3462,3458,-0.0114351057747284
"5813","5813",3306,1539,1539,-0.53448275862069
"5814","5814",3416,3223,3224,-0.0562060889929742
"5815","5815",2661,2849,2614,-0.017662532882375
"9225","9225",2661,2849,2614,-0.017662532882375
"5816","5816",3890,3840,3854,-0.00925449871465296
"5817","5817",10629,8239,8210,-0.22758490921065
"5818","5818",1643,1643,1845,0.122945830797322
"5819","5819",1317,1317,1317,0
"5820","5820",4357,4418,5402,0.239843929309158
"5821","5821",6050,6040,6022,-0.00462809917355372
"5822","5822",4056,4050,3968,-0.0216962524654832
"5823","5823",3106,2977,3167,0.019639407598197
"5824","5824",5403,5489,4752,-0.120488617434758
"5825","5825",5726,5697,5697,-0.00506461753405519
"5826","5826",1427,1298,1297,-0.0911002102312544
"5827","5827",6568,6590,7317,0.114037758830694
"5828","5828",3100,3095,2975,-0.0403225806451613
"5829","5829",3186,3191,3191,0.00156936597614564
"5830","5830",2198,2198,1979,-0.0996360327570519
"5831","5831",3633,3633,3632,-0.000275254610514726
"5832","5832",5148,5148,4349,-0.155205905205905
"5833","5833",4460,4458,4438,-0.00493273542600897
"5834","5834",6851,6823,7006,0.0226244343891403
"5835","5835",4315,4719,4689,0.0866743916570104
"5836","5836",5641,5639,5581,-0.0106364119836908
"5837","5837",4370,4370,4370,0
"11479","11479",4370,4370,4370,0
"5839","5839",2179,2181,2178,-0.000458926112895824
"19196","19196",2179,2181,2178,-0.000458926112895824
"5840","5840",2484,2484,2482,-0.000805152979066023
"5842","5842",3339,6423,3107,-0.0694818808026355
"10023","10023",3339,6423,3107,-0.0694818808026355
"5843","5843",7935,7735,7504,-0.0543163201008192
"5844","5844",1004,1001,1001,-0.00298804780876494
"5845","5845",3859,3850,3850,-0.00233221041720653
"8593","8593",3859,3850,3850,-0.00233221041720653
"5846","5846",14362,14111,15513,0.0801420414983986
"5847","5847",6772,6230,7355,0.0860897814530419
"5848","5848",1184,1179,1179,-0.00422297297297297
"5849","5849",5285,5328,5329,0.00832544938505203
"5850","5850",2453,2333,2333,-0.0489196901752956
"5851","5851",10055,8744,9494,-0.0557931377424167
"5852","5852",2040,2040,2041,0.000490196078431373
"12157","12157",2040,2040,2041,0.000490196078431373
"5853","5853",7494,8038,7584,0.0120096076861489
"5855","5855",4505,4508,4508,0.000665926748057714
"5856","5856",2503,2465,2563,0.0239712345185777
"5857","5857",12747,12647,12753,0.000470698987997176
"5858","5858",2375,2390,2711,0.141473684210526
"13595","13595",2375,2390,2711,0.141473684210526
"19514","19514",2375,2390,2711,0.141473684210526
"5859","5859",2192,2227,2224,0.0145985401459854
"5860","5860",2589,2589,2589,0
"5862","5862",1986,1986,1986,0
"5863","5863",3458,3440,3470,0.00347021399652979
"5864","5864",3825,3825,3826,0.000261437908496732
"5865","5865",5685,5737,5257,-0.0752858399296394
"5866","5866",5782,6182,6384,0.104116222760291
"5867","5867",4048,4381,4363,0.0778162055335968
"5868","5868",7595,7640,7488,-0.0140882159315339
"5869","5869",3147,3126,3126,-0.00667302192564347
"5870","5870",4671,4676,4674,0.000642260757867694
"5871","5871",2798,2551,2326,-0.168691922802001
"5872","5872",2805,2806,2836,0.0110516934046346
"5873","5873",3841,3904,3934,0.0242124446758657
"16855","16855",3841,3904,3934,0.0242124446758657
"5874","5874",3200,3229,3229,0.0090625
"5875","5875",2632,2632,2459,-0.0657294832826748
"5876","5876",3841,3141,3030,-0.211142931528248
"5877","5877",1126,1183,1183,0.0506216696269982
"5878","5878",6535,6533,6515,-0.00306044376434583
"5879","5879",2242,2242,2339,0.0432649420160571
"5880","5880",14331,15269,14941,0.0425650687321192
"5881","5881",2940,2939,2939,-0.000340136054421769
"5882","5882",1831,1768,1708,-0.0671764063353359
"5883","5883",1682,1618,1879,0.117122473246136
"5884","5884",1576,1576,2586,0.640862944162436
"5886","5886",1910,1927,1927,0.00890052356020942
"6914","6914",1910,1927,1927,0.00890052356020942
"5887","5887",1248,1248,1415,0.133814102564103
"5888","5888",3817,3779,4328,0.133874770762379
"5890","5890",1690,1702,1702,0.00710059171597633
"5891","5891",2769,2566,2567,-0.072950523654749
"5892","5892",4407,4529,2985,-0.322668481960517
"5893","5893",3836,3826,4114,0.0724713242961418
"5894","5894",8042,7843,7861,-0.0225068390947526
"5895","5895",1113,1216,1216,0.0925426774483378
"9236","9236",1113,1216,1216,0.0925426774483378
"5896","5896",5993,6035,5535,-0.0764224929083931
"5897","5897",9358,9311,8226,-0.120966018379996
"5898","5898",5713,5715,5683,-0.00525118151584106
"5899","5899",2049,1988,1781,-0.13079551000488
"5900","5900",10788,10784,10860,0.00667408231368187
"5901","5901",5042,4770,4768,-0.0543435144783816
"5902","5902",4899,5084,5184,0.0581751377832211
"5903","5903",1707,1594,1594,-0.0661980082015231
"5905","5905",1894,1756,1756,-0.0728616684266103
"5906","5906",1316,1320,1320,0.00303951367781155
"5907","5907",3668,3616,3688,0.0054525627044711
"5908","5908",4634,4637,4632,-0.000431592576607682
"5909","5909",1639,1414,1420,-0.133618059792556
"5910","5910",5005,5025,4904,-0.0201798201798202
"5911","5911",1582,1583,1583,0.000632111251580278
"5912","5912",4170,4170,2870,-0.311750599520384
"5913","5913",2268,2379,2379,0.0489417989417989
"5914","5914",1755,1755,1755,0
"5915","5915",7818,7818,6482,-0.170887695062676
"5916","5916",1511,1437,1437,-0.0489741892786234
"5917","5917",7523,7489,7496,-0.00358899375249236
"5918","5918",858,848,852,-0.00699300699300699
"5919","5919",2249,2255,2254,0.00222321031569586
"5920","5920",1156,1109,1155,-0.000865051903114187
"5921","5921",3095,3095,3037,-0.0187399030694669
"5922","5922",4985,4962,5077,0.0184553660982949
"5923","5923",1804,1804,1804,0
"5924","5924",3028,3027,3082,0.0178335535006605
"5925","5925",1774,1868,1742,-0.0180383314543405
"5926","5926",9242,9223,8971,-0.029322657433456
"5927","5927",7833,8170,7962,0.0164687859057832
"5928","5928",3932,2854,4093,0.0409460834181078
"5929","5929",4440,4170,4155,-0.0641891891891892
"5930","5930",3888,3887,3887,-0.000257201646090535
"5932","5932",3280,3279,2970,-0.0945121951219512
"5934","5934",2486,2331,2336,-0.0603378921962993
"5935","5935",1972,1972,1972,0
"5936","5936",2223,2220,2222,-0.000449842555105713
"16393","16393",2223,2220,2222,-0.000449842555105713
"5937","5937",2563,2485,2566,0.00117050331642606
"5938","5938",5663,5668,5668,0.00088292424509977
"5939","5939",5875,5871,5690,-0.0314893617021277
"5940","5940",13458,13625,14280,0.0610789121711993
"5941","5941",2256,2304,2351,0.0421099290780142
"5942","5942",7947,7750,8395,0.056373474267019
"5943","5943",2383,2395,2395,0.00503566932438103
"5944","5944",1743,1720,1517,-0.129661503155479
"5945","5945",4719,7005,6999,0.483153210425938
"12241","12241",4719,7005,6999,0.483153210425938
"5946","5946",2436,3281,3281,0.34688013136289
"5947","5947",9077,8952,8505,-0.0630164151151261
"5948","5948",3934,3943,3826,-0.0274529740721912
"5949","5949",1641,972,972,-0.407678244972578
"5950","5950",1632,1631,1631,-0.000612745098039216
"5951","5951",4848,4494,4610,-0.0490924092409241
"5952","5952",3792,3789,3800,0.00210970464135021
"7041","7041",3792,3789,3800,0.00210970464135021
"5953","5953",4617,4670,4640,0.00498158977691141
"5954","5954",4074,4074,4075,0.000245459008345606
"5955","5955",4153,4153,4153,0
"5956","5956",2803,2803,2803,0
"5957","5957",6805,6830,7734,0.13651726671565
"5958","5958",989,989,868,-0.122345803842265
"7405","7405",989,989,868,-0.122345803842265
"5959","5959",958,1307,1073,0.120041753653445
"5960","5960",1255,1254,1192,-0.050199203187251
"5961","5961",4712,4703,4701,-0.00233446519524618
"5962","5962",5970,5545,5658,-0.0522613065326633
"5964","5964",2286,2286,2286,0
"5965","5965",4413,4366,4199,-0.0484930886018581
"5966","5966",2230,2235,2236,0.00269058295964126
"5967","5967",5529,5475,5620,0.0164586724543317
"5968","5968",4322,5192,4317,-0.0011568718186025
"5969","5969",2966,3222,3222,0.0863115306810519
"5970","5970",1502,1504,1502,0
"19296","19296",1502,1504,1502,0
"5971","5971",11344,10632,10639,-0.0621473906911142
"5972","5972",2006,2169,2169,0.0812562313060818
"5973","5973",1820,2878,2407,0.322527472527473
"5975","5975",1919,1947,1947,0.0145909327774883
"5976","5976",1535,1537,1537,0.00130293159609121
"5977","5977",6048,5740,5868,-0.0297619047619048
"5978","5978",3125,3125,3125,0
"5979","5979",7086,7080,5618,-0.207169065763477
"5980","5980",2292,2292,2294,0.00087260034904014
"13711","13711",2292,2292,2294,0.00087260034904014
"5981","5981",1768,1813,1791,0.0130090497737557
"5982","5982",2042,2068,1945,-0.0475024485798237
"5983","5983",8980,9019,8768,-0.0236080178173719
"5984","5984",5874,5918,5924,0.00851208716377256
"5985","5985",1514,1832,1832,0.21003963011889
"5987","5987",2134,2133,2115,-0.00890346766635427
"10120","10120",2134,2133,2115,-0.00890346766635427
"5988","5988",7921,7900,7667,-0.0320666582502209
"5989","5989",4700,4769,4884,0.0391489361702128
"5990","5990",5349,5346,5609,0.0486072163021125
"5991","5991",1780,1823,1851,0.0398876404494382
"5992","5992",9307,9308,10372,0.11442999892554
"5993","5993",6418,6331,16733,1.60719850420692
"5994","5994",2713,2713,2351,-0.133431625506819
"5995","5995",4161,4108,4118,-0.0103340543138669
"5996","5996",4230,4230,4348,0.0278959810874704
"5997","5997",1050,1050,1064,0.0133333333333333
"5998","5998",2854,2854,2868,0.00490539593552908
"5999","5999",4607,4976,4570,-0.00803125678315607
"6000","6000",4751,3520,3523,-0.258471900652494
"6001","6001",4835,4837,4836,0.000206825232678387
"6002","6002",1499,1448,1443,-0.0373582388258839
"12814","12814",1499,1448,1443,-0.0373582388258839
"6003","6003",5969,5828,5440,-0.0886245602278439
"6005","6005",6197,6176,5766,-0.0695497821526545
"6006","6006",3343,3343,3356,0.00388872270415794
"6007","6007",988,853,853,-0.13663967611336
"6008","6008",6750,6931,6253,-0.0736296296296296
"6009","6009",3114,3108,3104,-0.00321130378933847
"6010","6010",3493,8565,8285,1.37188663040366
"6011","6011",1226,1296,1197,-0.0236541598694943
"6053","6053",1226,1296,1197,-0.0236541598694943
"6012","6012",3866,3865,3945,0.020434557682359
"6013","6013",1806,1940,1939,0.0736434108527132
"6014","6014",2114,2079,2077,-0.0175023651844844
"6015","6015",1860,1860,1860,0
"6742","6742",1860,1860,1860,0
"6016","6016",5530,5530,5513,-0.00307414104882459
"6017","6017",3849,5245,5250,0.363990646921278
"6019","6019",17484,16642,16190,-0.0740105239075726
"6020","6020",4071,4071,3925,-0.0358634242200933
"6021","6021",8960,9052,9014,0.00602678571428571
"6022","6022",1822,1679,1679,-0.0784851811196487
"6024","6024",5651,5721,6384,0.129711555476907
"6025","6025",5025,5206,5169,0.0286567164179104
"6026","6026",6609,5972,5919,-0.104403086699955
"6028","6028",3997,3842,3842,-0.0387790843132349
"6029","6029",3622,4079,4079,0.126173384870237
"6030","6030",2034,2018,1841,-0.0948869223205506
"6031","6031",3073,2862,2841,-0.075496257728604
"6033","6033",3696,3697,4424,0.196969696969697
"6034","6034",2521,2521,2649,0.0507735025783419
"6035","6035",2257,1972,1815,-0.195835179441737
"6036","6036",4509,4263,3141,-0.303393213572854
"6037","6037",3114,3130,3111,-0.000963391136801541
"6038","6038",3483,3492,3539,0.0160780935974734
"6039","6039",7694,5378,5138,-0.332206914478815
"6040","6040",1954,1416,1416,-0.275332650972364
"6041","6041",4054,4105,4105,0.0125801677355698
"6042","6042",1038,1038,1327,0.278420038535645
"6043","6043",2486,2213,2213,-0.109814963797265
"6044","6044",2254,1781,1781,-0.209849157054126
"12712","12712",2254,1781,1781,-0.209849157054126
"6045","6045",3184,3162,3162,-0.00690954773869347
"10040","10040",3184,3162,3162,-0.00690954773869347
"6046","6046",8350,7941,7941,-0.0489820359281437
"6047","6047",3751,3137,3295,-0.121567581978139
"19687","19687",3751,3137,3295,-0.121567581978139
"6048","6048",3388,3388,3506,0.0348288075560803
"6049","6049",3327,3319,3274,-0.0159302675082657
"14908","14908",3327,3319,3274,-0.0159302675082657
"6050","6050",2529,1649,2849,0.126532226176354
"6051","6051",2178,2178,2252,0.0339761248852158
"6052","6052",3711,3716,3915,0.0549717057396928
"6054","6054",2222,2224,2222,0
"6055","6055",1556,1491,1491,-0.0417737789203085
"6056","6056",4232,4218,4228,-0.000945179584120983
"6057","6057",3318,3286,3375,0.0171790235081374
"6058","6058",2246,2525,2582,0.14959928762244
"6059","6059",4298,4060,4076,-0.0516519311307585
"6060","6060",2358,2379,2297,-0.0258693808312129
"6061","6061",3346,3346,3346,0
"6062","6062",2535,2535,2430,-0.0414201183431953
"6063","6063",1341,1329,2003,0.493661446681581
"13774","13774",1341,1329,2003,0.493661446681581
"16244","16244",1341,1329,2003,0.493661446681581
"6064","6064",2763,2780,2758,-0.00180962721679334
"6065","6065",2548,2609,2609,0.0239403453689168
"16584","16584",2548,2609,2609,0.0239403453689168
"6066","6066",4344,4355,4339,-0.00115101289134438
"6067","6067",3950,3976,3971,0.00531645569620253
"6068","6068",6221,5273,2962,-0.523870760327922
"6069","6069",1658,1668,1740,0.0494571773220748
"6070","6070",6757,7072,7055,0.0441024123131567
"6071","6071",2456,2456,2456,0
"6072","6072",1408,1189,1259,-0.105823863636364
"6073","6073",5531,4856,4853,-0.122581811607304
"6075","6075",8840,9797,9962,0.126923076923077
"6077","6077",6426,6793,6801,0.0583566760037348
"6078","6078",2314,2314,2314,0
"6079","6079",2354,2334,2336,-0.00764655904842821
"6080","6080",6547,6546,6549,0.000305483427524057
"6081","6081",2986,2848,2850,-0.0455458807769591
"6082","6082",966,966,800,-0.17184265010352
"6083","6083",1930,1930,1928,-0.00103626943005181
"18998","18998",1930,1930,1928,-0.00103626943005181
"6084","6084",1984,1977,1977,-0.00352822580645161
"7782","7782",1984,1977,1977,-0.00352822580645161
"6085","6085",8245,8245,8390,0.0175864160097029
"6086","6086",4794,4898,4711,-0.0173133083020442
"6087","6087",1545,1545,1545,0
"6088","6088",2423,2200,2200,-0.0920346677672307
"6089","6089",4768,4768,4759,-0.00188758389261745
"6091","6091",4840,4898,4453,-0.0799586776859504
"11950","11950",4840,4898,4453,-0.0799586776859504
"6093","6093",4662,5014,6260,0.342771342771343
"6094","6094",10833,11632,12832,0.184528754730915
"6095","6095",2468,2468,2468,0
"6096","6096",6516,6206,6255,-0.0400552486187845
"6097","6097",4080,4078,4054,-0.00637254901960784
"6098","6098",997,994,886,-0.111334002006018
"6099","6099",2783,2783,2783,0
"6100","6100",2368,1922,1847,-0.220016891891892
"6101","6101",626,614,405,-0.353035143769968
"6102","6102",2185,2863,2862,0.309839816933638
"6103","6103",6367,5674,5731,-0.0998900581121407
"6104","6104",3340,2910,2910,-0.12874251497006
"6105","6105",3295,3295,3183,-0.0339908952959029
"6106","6106",2833,2840,2804,-0.0102364984115778
"18376","18376",2833,2840,2804,-0.0102364984115778
"6107","6107",7006,7006,6987,-0.00271196117613474
"6108","6108",4274,5240,5240,0.226017781937295
"6109","6109",4063,4962,3726,-0.0829436377061285
"6110","6110",5785,5070,5067,-0.124114088159032
"6111","6111",3265,3265,3265,0
"16258","16258",3265,3265,3265,0
"6112","6112",4738,4739,4679,-0.0124525116082735
"6113","6113",1639,1639,2156,0.315436241610738
"6114","6114",3208,3208,3223,0.00467581047381546
"6115","6115",3207,3077,3065,-0.0442781415653258
"6116","6116",1948,1908,1945,-0.00154004106776181
"6117","6117",6910,6890,6631,-0.0403762662807525
"6118","6118",2584,2585,2584,0
"15308","15308",2584,2585,2584,0
"6119","6119",2558,2515,2512,-0.017982799061767
"6120","6120",2734,2734,2734,0
"6121","6121",865,840,1123,0.298265895953757
"6122","6122",5022,4858,4867,-0.0308641975308642
"6123","6123",2656,2756,2751,0.0357680722891566
"6124","6124",9899,9899,9869,-0.00303060915243964
"6125","6125",1481,1481,1481,0
"6126","6126",3823,3823,3364,-0.120062777923097
"6127","6127",1976,1976,1975,-0.000506072874493927
"6128","6128",3205,3215,3198,-0.00218408736349454
"6129","6129",2820,2819,2829,0.00319148936170213
"6131","6131",3682,2920,2924,-0.205866376969039
"6133","6133",3677,3716,3634,-0.0116943160184933
"6134","6134",2646,2646,2676,0.0113378684807256
"6135","6135",3810,5274,5189,0.361942257217848
"6136","6136",6282,6216,16119,1.56590257879656
"6137","6137",3876,3876,3877,0.000257997936016512
"6138","6138",992,767,767,-0.226814516129032
"6139","6139",1675,1703,1693,0.0107462686567164
"6140","6140",8446,10034,9736,0.152735022495856
"6141","6141",4205,3403,3420,-0.186682520808561
"6143","6143",5970,5966,5812,-0.026465661641541
"6144","6144",6255,6248,5951,-0.0486011191047162
"6145","6145",4676,4990,4990,0.0671514114627887
"6146","6146",5392,5392,1870,-0.653189910979229
"6147","6147",6001,5977,6115,0.0189968338610232
"6148","6148",2161,2148,2148,-0.00601573345673299
"9635","9635",2161,2148,2148,-0.00601573345673299
"14252","14252",2161,2148,2148,-0.00601573345673299
"6149","6149",11858,11185,11159,-0.058947545960533
"6150","6150",2096,2198,2286,0.0906488549618321
"6151","6151",2150,2150,2384,0.108837209302326
"6152","6152",2861,2833,2828,-0.011534428521496
"6153","6153",2902,2902,2900,-0.000689179875947622
"6154","6154",1838,2032,2030,0.104461371055495
"6155","6155",3338,3338,3337,-0.000299580587177951
"6156","6156",2408,2103,2103,-0.126661129568106
"6157","6157",2489,2683,2639,0.060265166733628
"9032","9032",2489,2683,2639,0.060265166733628
"6158","6158",2976,2998,3047,0.0238575268817204
"6159","6159",2843,3232,3275,0.151952163207879
"6160","6160",6521,5757,5755,-0.117466646219905
"6162","6162",1564,1564,1464,-0.0639386189258312
"18937","18937",1564,1564,1464,-0.0639386189258312
"6163","6163",4592,4583,4589,-0.000653310104529617
"6164","6164",2184,2183,2183,-0.000457875457875458
"6165","6165",823,823,799,-0.0291616038882139
"6166","6166",4716,4726,4437,-0.0591603053435115
"6167","6167",5086,5214,5222,0.0267400707825403
"6168","6168",8481,8282,8287,-0.0228746610069567
"6169","6169",3128,3128,3128,0
"6170","6170",2767,3314,3314,0.197687025659559
"6171","6171",4879,4882,4886,0.00143472022955524
"6172","6172",13607,13534,13829,0.0163151319173955
"6173","6173",5667,5531,5529,-0.0243515087347803
"6174","6174",880,880,880,0
"6175","6175",6134,6163,6127,-0.00114118030648843
"6176","6176",3836,3836,3560,-0.0719499478623566
"6177","6177",7021,7101,7084,0.00897308075772682
"6178","6178",3266,3266,3237,-0.00887936313533374
"16341","16341",3266,3266,3237,-0.00887936313533374
"6179","6179",12401,9458,9303,-0.249818563019111
"6180","6180",3329,3181,3181,-0.0444577951336738
"6181","6181",5640,5645,5824,0.0326241134751773
"6182","6182",4144,4144,4144,0
"6183","6183",14866,15140,15646,0.0524687205704292
"6184","6184",2602,2292,2292,-0.119139123750961
"6185","6185",2477,2477,2447,-0.0121114251110214
"6186","6186",1256,1256,1372,0.0923566878980892
"6187","6187",10019,7630,7601,-0.241341451242639
"6188","6188",2539,2489,2552,0.0051201260338716
"6189","6189",10430,10383,10592,0.0155321188878236
"6190","6190",2813,2813,2810,-0.00106647707074298
"6191","6191",7117,6614,7138,0.00295068146691022
"6192","6192",3388,3462,3467,0.0233175914994097
"6193","6193",6698,6699,6788,0.0134368468199463
"6194","6194",5234,4692,4651,-0.111387084447841
"6952","6952",5234,4692,4651,-0.111387084447841
"6196","6196",4294,4252,4308,0.00326036329762459
"6197","6197",3991,3992,3997,0.00150338261087447
"6198","6198",8201,8675,8666,0.0567004023899524
"6199","6199",2448,2346,2344,-0.042483660130719
"9795","9795",2448,2346,2344,-0.042483660130719
"6200","6200",3516,3516,3517,0.000284414106939704
"6201","6201",1267,1489,1359,0.0726124704025257
"15877","15877",1267,1489,1359,0.0726124704025257
"6202","6202",6460,6460,6460,0
"6203","6203",3164,3164,3099,-0.020543615676359
"6204","6204",1999,1999,1998,-0.000500250125062531
"6205","6205",1535,1565,1520,-0.00977198697068404
"7725","7725",1535,1565,1520,-0.00977198697068404
"16826","16826",1535,1565,1520,-0.00977198697068404
"6206","6206",1923,1923,1892,-0.016120644825793
"6207","6207",7481,5952,5951,-0.204518112551798
"6208","6208",3529,3532,3441,-0.0249362425616322
"6209","6209",3697,3693,3691,-0.0016229375169056
"6210","6210",4846,4662,5138,0.0602558811390838
"6211","6211",7255,7327,7141,-0.0157133011716058
"6212","6212",3437,3437,3437,0
"19958","19958",3437,3437,3437,0
"6213","6213",2875,2875,2876,0.000347826086956522
"6214","6214",1877,1877,1886,0.00479488545551412
"12767","12767",1877,1877,1886,0.00479488545551412
"6215","6215",2387,2397,1960,-0.178885630498534
"6216","6216",2659,2350,2344,-0.118465588567131
"6217","6217",1112,1426,1473,0.324640287769784
"6218","6218",5135,5295,5608,0.0921129503407984
"6219","6219",4726,4520,4726,0
"6220","6220",8979,6529,6496,-0.276534135204366
"6221","6221",3494,3494,3125,-0.105609616485404
"6222","6222",1201,1202,1202,0.000832639467110741
"6223","6223",2389,2363,2329,-0.0251151109250733
"16440","16440",2389,2363,2329,-0.0251151109250733
"6224","6224",3060,3455,2455,-0.197712418300654
"6225","6225",4502,4442,4557,0.0122167925366504
"6227","6227",2893,2242,2242,-0.225025924645697
"6228","6228",2478,2441,2667,0.076271186440678
"6229","6229",915,915,910,-0.00546448087431694
"6230","6230",4557,4247,4249,-0.0675883256528418
"6231","6231",2748,2748,2748,0
"6232","6232",6134,7026,7033,0.146560156504728
"6233","6233",6100,5988,6040,-0.00983606557377049
"6234","6234",10299,10156,10429,0.0126225847169628
"6235","6235",8978,9034,8917,-0.00679438627756739
"6236","6236",2200,2408,2408,0.0945454545454545
"6237","6237",2181,2244,2193,0.00550206327372765
"6238","6238",2532,2384,2504,-0.0110584518167457
"6239","6239",1977,2010,2010,0.0166919575113809
"6240","6240",1030,1042,1042,0.0116504854368932
"6241","6241",7078,6825,6826,-0.0356032777620797
"6242","6242",2418,2840,3885,0.606699751861042
"6243","6243",1530,1524,1513,-0.0111111111111111
"16749","16749",1530,1524,1513,-0.0111111111111111
"6244","6244",2596,2564,2652,0.0215716486902928
"6245","6245",2767,2540,2541,-0.0816769063968197
"6246","6246",1851,1815,1813,-0.0205294435440303
"6247","6247",1539,1540,1540,0.000649772579597141
"13779","13779",1539,1540,1540,0.000649772579597141
"6248","6248",2572,2507,2536,-0.0139968895800933
"6249","6249",2029,2029,2029,0
"19590","19590",2029,2029,2029,0
"6250","6250",3753,3742,3655,-0.0261124433786304
"6251","6251",6148,7445,6793,0.10491216655823
"14457","14457",6148,7445,6793,0.10491216655823
"6252","6252",2480,2480,2486,0.00241935483870968
"6253","6253",1578,1505,1505,-0.0462610899873257
"6505","6505",1578,1505,1505,-0.0462610899873257
"11784","11784",1578,1505,1505,-0.0462610899873257
"14475","14475",1578,1505,1505,-0.0462610899873257
"6254","6254",4159,4159,4165,0.00144265448425102
"6255","6255",2813,2813,2727,-0.0305723426946321
"6256","6256",8264,8265,8190,-0.00895450145208132
"6257","6257",5493,5493,5480,-0.0023666484616785
"6258","6258",3123,3123,3337,0.0685238552673711
"6259","6259",4075,4075,4351,0.0677300613496933
"6261","6261",2501,2494,2719,0.0871651339464214
"6262","6262",4200,4013,4016,-0.0438095238095238
"6263","6263",5768,2948,2948,-0.488904299583911
"9272","9272",5768,2948,2948,-0.488904299583911
"6264","6264",9818,7300,7484,-0.237726624567122
"6265","6265",1568,1524,1374,-0.123724489795918
"6266","6266",2433,2433,2420,-0.00534319769831484
"6267","6267",1893,1961,1961,0.0359218172213418
"6268","6268",5313,5425,5617,0.0572181441746659
"6269","6269",1872,1872,1872,0
"6271","6271",3513,3514,3512,-0.000284656988329063
"7545","7545",3513,3514,3512,-0.000284656988329063
"6272","6272",6564,6564,6565,0.000152346130408288
"6273","6273",1772,1772,1997,0.126975169300226
"6274","6274",5120,6195,7583,0.4810546875
"6275","6275",4037,3948,4021,-0.00396333911320287
"6276","6276",1688,1688,1735,0.0278436018957346
"6277","6277",7201,7622,7631,0.0597139286210249
"6278","6278",6377,6174,6175,-0.0316763368355026
"6279","6279",9828,9229,9891,0.00641025641025641
"6280","6280",3249,3254,3348,0.0304709141274238
"6282","6282",3637,3473,3477,-0.0439923013472642
"6283","6283",1905,2074,2074,0.0887139107611549
"6284","6284",3306,3639,3621,0.0952813067150635
"6285","6285",2842,2842,3018,0.0619282195636875
"6286","6286",3437,3432,3433,-0.00116380564445738
"6287","6287",6443,6566,6449,0.000931243209684929
"9562","9562",6443,6566,6449,0.000931243209684929
"6288","6288",10086,9962,9558,-0.0523497917906008
"6289","6289",3370,3370,3366,-0.00118694362017804
"6849","6849",3370,3370,3366,-0.00118694362017804
"6290","6290",6498,6589,6607,0.0167743921206525
"6291","6291",8900,8497,8606,-0.0330337078651685
"6292","6292",3052,3288,3167,0.0376802096985583
"6293","6293",5166,5117,5156,-0.00193573364305072
"6294","6294",13146,10833,10804,-0.178153050357523
"6295","6295",7548,7548,7510,-0.0050344462109168
"6296","6296",10381,10105,10031,-0.0337154416722859
"6297","6297",2359,2359,2562,0.086053412462908
"6298","6298",3281,3274,3258,-0.00701005790917403
"6299","6299",3966,3907,3904,-0.0156328794755421
"6300","6300",2271,2271,1665,-0.266842800528402
"6301","6301",4358,4420,4422,0.0146856356126664
"6302","6302",3536,3536,4411,0.247454751131222
"6303","6303",7026,6589,6588,-0.0623398804440649
"6304","6304",7310,7261,7273,-0.00506155950752394
"6305","6305",3992,3428,3428,-0.141282565130261
"6307","6307",2857,2857,2857,0
"6308","6308",1255,1278,1274,0.0151394422310757
"6309","6309",8713,8252,8607,-0.012165729369907
"6310","6310",1525,1521,2094,0.373114754098361
"6311","6311",3010,4337,4251,0.412292358803987
"6312","6312",2814,2706,2706,-0.0383795309168444
"6313","6313",1896,1894,2237,0.179852320675105
"14983","14983",1896,1894,2237,0.179852320675105
"6314","6314",3573,3696,3710,0.0383431290232298
"6315","6315",1177,1135,1135,-0.0356839422259983
"17299","17299",1177,1135,1135,-0.0356839422259983
"6316","6316",3077,2984,3002,-0.024374390640234
"10501","10501",3077,2984,3002,-0.024374390640234
"6317","6317",1127,1127,1253,0.111801242236025
"6318","6318",1858,1930,1790,-0.0365984930032293
"6319","6319",3266,3206,3209,-0.0174525413349663
"6320","6320",3317,4019,4009,0.208622249020199
"6321","6321",3127,3066,3063,-0.0204669011832427
"6322","6322",3085,3085,3168,0.026904376012966
"6323","6323",2474,3575,3575,0.445028294260307
"19801","19801",2474,3575,3575,0.445028294260307
"6324","6324",1797,1797,1503,-0.163606010016695
"6325","6325",1306,1306,1407,0.0773353751914242
"6326","6326",2802,3219,3219,0.148822269807281
"6327","6327",4823,3163,3164,-0.343976777939042
"6328","6328",4049,4084,4034,-0.0037046184243023
"6329","6329",4018,4018,4033,0.0037332005973121
"6330","6330",3840,3838,3838,-0.000520833333333333
"6331","6331",2212,2212,3196,0.444846292947559
"6332","6332",2907,2909,2899,-0.00275197798417613
"6333","6333",7890,8829,8818,0.117617237008872
"6334","6334",6131,6096,6100,-0.00505627140760072
"6335","6335",7077,8185,8086,0.142574537233291
"6336","6336",3064,3062,2868,-0.0639686684073107
"6337","6337",6224,6216,6245,0.00337403598971722
"6338","6338",3084,3084,3105,0.00680933852140078
"6339","6339",2852,2822,2845,-0.00245441795231417
"17547","17547",2852,2822,2845,-0.00245441795231417
"6340","6340",3742,3837,3801,0.015766969535008
"6341","6341",3049,3183,3150,0.0331256149557232
"6342","6342",13116,13089,13203,0.00663311985361391
"6343","6343",2479,2479,2469,-0.00403388463089956
"12466","12466",2479,2479,2469,-0.00403388463089956
"6344","6344",2025,2022,2023,-0.000987654320987654
"6345","6345",10870,11004,11009,0.01278748850046
"6346","6346",7884,8181,8224,0.0431253170979198
"6347","6347",7848,8288,8227,0.0482925586136595
"6348","6348",3073,3077,3048,-0.00813537260006508
"6349","6349",7704,8137,7702,-0.000259605399792316
"6350","6350",8096,5654,5624,-0.305335968379447
"6351","6351",4893,4913,4669,-0.0457796852646638
"6352","6352",8534,7362,8019,-0.0603468479025076
"6353","6353",4405,6134,4068,-0.0765039727582293
"18256","18256",4405,6134,4068,-0.0765039727582293
"6354","6354",4520,5231,4534,0.00309734513274336
"6355","6355",1382,1384,1385,0.00217076700434153
"6356","6356",3946,4138,4826,0.223010643689812
"6357","6357",4903,6625,6619,0.349989802161942
"6358","6358",2817,2935,2855,0.0134895278665247
"6360","6360",2254,2256,2283,0.012866015971606
"8800","8800",2254,2256,2283,0.012866015971606
"6362","6362",5020,4772,3815,-0.24003984063745
"6363","6363",2431,2341,2344,-0.0357877416700946
"6364","6364",4090,4090,4205,0.0281173594132029
"6365","6365",2606,2632,2642,0.0138142747505756
"6366","6366",2222,2222,2297,0.0337533753375338
"6367","6367",3466,3336,3242,-0.0646278130409694
"6368","6368",6030,6033,6021,-0.00149253731343284
"6369","6369",3512,3504,3518,0.00170842824601367
"6370","6370",6308,6306,5958,-0.0554850982878884
"6371","6371",6113,6113,6113,0
"6372","6372",3331,3331,3396,0.0195136595616932
"6373","6373",2662,2662,2542,-0.0450788880540947
"6374","6374",1778,1778,1574,-0.114735658042745
"6375","6375",3836,3842,3849,0.00338894681960375
"6376","6376",3824,3843,4323,0.130491631799163
"6378","6378",1884,1884,1884,0
"6379","6379",2408,2175,2410,0.000830564784053156
"6556","6556",2408,2175,2410,0.000830564784053156
"7376","7376",2408,2175,2410,0.000830564784053156
"7715","7715",2408,2175,2410,0.000830564784053156
"6380","6380",4341,4260,4467,0.0290255701451279
"6381","6381",1728,1728,1788,0.0347222222222222
"6382","6382",893,897,897,0.00447928331466965
"6384","6384",1841,1844,1632,-0.11352525801195
"12138","12138",1841,1844,1632,-0.11352525801195
"6385","6385",10383,10681,10303,-0.00770490224405278
"14632","14632",10383,10681,10303,-0.00770490224405278
"6386","6386",3399,3430,3430,0.00912032950867902
"17183","17183",3399,3430,3430,0.00912032950867902
"6387","6387",2172,2172,1870,-0.139042357274401
"10260","10260",2172,2172,1870,-0.139042357274401
"6388","6388",2961,2961,2909,-0.0175616345829112
"6389","6389",2379,2377,2377,-0.000840689365279529
"6390","6390",3310,3467,3392,0.024773413897281
"6391","6391",3143,3134,3052,-0.0289532293986637
"6392","6392",1816,1816,1816,0
"6394","6394",1196,1198,1198,0.00167224080267559
"6395","6395",13217,12566,12769,-0.0338957403344178
"6396","6396",2460,2460,1864,-0.242276422764228
"6397","6397",3414,3326,3061,-0.103397773872291
"6398","6398",6325,6319,6320,-0.000790513833992095
"6399","6399",3543,3545,3521,-0.00620942703923229
"6400","6400",1301,1305,1536,0.180630284396618
"6401","6401",3991,3190,3210,-0.19569030318216
"6402","6402",6079,6079,5890,-0.0310906399078796
"6404","6404",5628,5628,5525,-0.0183013503909026
"6405","6405",7038,7038,7240,0.0287013356067065
"6406","6406",5206,5391,5529,0.062043795620438
"6407","6407",3424,3424,3473,0.0143107476635514
"6408","6408",4269,4088,3872,-0.0929960178027641
"6409","6409",3709,3581,3530,-0.0482609867888919
"6410","6410",2408,2408,2437,0.0120431893687708
"6411","6411",2552,2739,2739,0.0732758620689655
"6412","6412",4787,4890,4732,-0.0114894505953624
"6413","6413",6279,6298,6225,-0.0086000955566173
"6414","6414",2101,2068,2074,-0.0128510233222275
"6415","6415",2736,2427,2428,-0.112573099415205
"6416","6416",4131,3977,3977,-0.037279109174534
"13973","13973",4131,3977,3977,-0.037279109174534
"6417","6417",2275,2201,2201,-0.0325274725274725
"6418","6418",1748,1748,1748,0
"6419","6419",7352,7351,6708,-0.08759521218716
"6420","6420",3983,4074,3696,-0.0720562390158172
"6421","6421",2062,2068,2144,0.0397672162948594
"12565","12565",2062,2068,2144,0.0397672162948594
"6422","6422",3591,3592,3578,-0.00362016151489836
"6423","6423",2977,2808,2991,0.0047027208599261
"6424","6424",3514,3494,3090,-0.120660216277746
"6425","6425",3057,2246,1721,-0.437029767746156
"6426","6426",9049,9049,9051,0.000221018897115703
"6427","6427",4159,4465,4463,0.0730944938687184
"6428","6428",4607,4607,4608,0.000217060994139353
"6429","6429",5556,5568,5558,0.000359971202303816
"6430","6430",8058,6193,5210,-0.353437577562671
"6431","6431",2996,2996,2992,-0.00133511348464619
"6432","6432",6647,6602,7994,0.202647811042576
"6433","6433",5031,5031,5015,-0.00318028225004969
"6434","6434",8530,5553,5889,-0.309613130128957
"6435","6435",5460,4224,4203,-0.23021978021978
"6436","6436",2348,2695,2695,0.14778534923339
"6437","6437",10203,10189,10130,-0.00715475840439087
"6438","6438",4198,2982,2982,-0.28966174368747
"6439","6439",4014,4016,4065,0.0127055306427504
"6440","6440",2929,2906,2911,-0.00614544213041994
"15458","15458",2929,2906,2911,-0.00614544213041994
"6441","6441",3187,3183,3183,-0.00125509883903357
"6442","6442",6675,3122,3123,-0.532134831460674
"6443","6443",3272,3546,3360,0.0268948655256724
"18728","18728",3272,3546,3360,0.0268948655256724
"6444","6444",2066,2066,2067,0.000484027105517909
"6445","6445",2512,2512,2511,-0.000398089171974522
"6446","6446",3836,4023,4021,0.0482273201251303
"6447","6447",2402,2326,2327,-0.0312239800166528
"6448","6448",16597,14061,13415,-0.19172139543291
"6449","6449",3345,3028,3031,-0.0938714499252616
"6450","6450",3388,3388,3388,0
"6451","6451",3501,3501,3085,-0.118823193373322
"6453","6453",3504,3450,3544,0.0114155251141553
"6454","6454",2242,3093,3102,0.383586083853702
"19258","19258",2242,3093,3102,0.383586083853702
"6455","6455",3143,3183,3109,-0.0108176901049952
"6456","6456",1848,1846,1805,-0.0232683982683983
"6457","6457",3834,3834,3747,-0.0226917057902973
"6458","6458",4121,4433,4515,0.0956078621693764
"6459","6459",2790,2790,2793,0.0010752688172043
"6460","6460",1781,1781,1689,-0.051656372824256
"6461","6461",1281,1281,1066,-0.16783762685402
"6462","6462",2531,2531,2520,-0.00434610825760569
"6463","6463",7267,3872,3872,-0.467180404568598
"6464","6464",1824,2371,2371,0.299890350877193
"6465","6465",6411,6412,4465,-0.303540789268445
"6466","6466",5212,5233,5233,0.00402916346891788
"6467","6467",5547,5472,6146,0.107986298900306
"6468","6468",4408,4358,4020,-0.088021778584392
"6470","6470",1891,1987,1987,0.0507667900581703
"6471","6471",5492,5653,5715,0.0406045156591406
"6472","6472",5764,6016,6016,0.0437196391394865
"6473","6473",1179,1121,1121,-0.0491942324003393
"12975","12975",1179,1121,1121,-0.0491942324003393
"17126","17126",1179,1121,1121,-0.0491942324003393
"17698","17698",1179,1121,1121,-0.0491942324003393
"6474","6474",2235,2235,2235,0
"6475","6475",2261,2263,2259,-0.000884564352056612
"9840","9840",2261,2263,2259,-0.000884564352056612
"6476","6476",12204,12086,12067,-0.011225827597509
"6477","6477",2276,2337,2337,0.0268014059753954
"6478","6478",1197,1197,1196,-0.000835421888053467
"6479","6479",2337,2337,2388,0.0218228498074454
"6480","6480",6253,6255,6253,0
"6481","6481",8317,8331,8300,-0.00204400625225442
"6482","6482",2458,2458,2499,0.016680227827502
"6483","6483",4711,4790,4789,0.0165569942687328
"6484","6484",4050,4050,4046,-0.000987654320987654
"6485","6485",6903,6397,6344,-0.0809792843691149
"6486","6486",1551,1551,5121,2.30174081237911
"6487","6487",4540,4542,4544,0.000881057268722467
"6488","6488",957,957,957,0
"19730","19730",957,957,957,0
"6489","6489",2496,2488,2487,-0.00360576923076923
"6490","6490",3058,3112,3112,0.0176586003924133
"6491","6491",3711,3578,3565,-0.03934249528429
"6492","6492",2221,2221,2285,0.0288158487167942
"6493","6493",2469,2471,2471,0.000810044552450385
"6494","6494",2789,2787,2496,-0.105055575475081
"6495","6495",4121,4121,4121,0
"6497","6497",4412,3337,3337,-0.24365367180417
"6498","6498",4015,4220,4220,0.0510585305105853
"6499","6499",4555,4555,4558,0.000658616904500549
"6500","6500",1698,2157,2161,0.272673733804476
"6501","6501",2723,2723,3576,0.313257436650753
"6502","6502",1640,1640,1548,-0.0560975609756098
"6503","6503",870,870,2674,2.0735632183908
"6504","6504",1701,2085,2176,0.279247501469724
"6506","6506",2370,2373,2375,0.00210970464135021
"6507","6507",1800,1800,1797,-0.00166666666666667
"6508","6508",2249,2249,2249,0
"6509","6509",4939,4938,4920,-0.00384693257744483
"9169","9169",4939,4938,4920,-0.00384693257744483
"6510","6510",2979,1891,2367,-0.205438066465257
"6511","6511",2595,2562,2558,-0.0142581888246628
"9107","9107",2595,2562,2558,-0.0142581888246628
"9421","9421",2595,2562,2558,-0.0142581888246628
"6513","6513",4465,4479,4426,-0.00873460246360582
"6514","6514",2368,2253,2370,0.000844594594594595
"6515","6515",2385,2650,2792,0.170649895178197
"6516","6516",7224,7727,7688,0.0642303433001107
"6517","6517",4422,3833,3835,-0.132745364088648
"6518","6518",5205,5204,5543,0.0649375600384246
"6520","6520",3360,3732,3732,0.110714285714286
"6521","6521",4536,4962,4968,0.0952380952380952
"6522","6522",2526,2848,2848,0.127474267616785
"6523","6523",5160,5161,5162,0.000387596899224806
"6524","6524",5871,5638,5870,-0.000170328734457503
"6525","6525",2132,2132,2132,0
"6526","6526",6035,5938,5888,-0.0243579121789561
"6527","6527",1956,1951,1915,-0.020961145194274
"6528","6528",1856,1857,1857,0.000538793103448276
"6529","6529",2237,2237,2234,-0.00134108180599017
"6530","6530",5740,5701,5736,-0.000696864111498258
"6531","6531",4560,4561,4621,0.0133771929824561
"6533","6533",3888,3889,3890,0.00051440329218107
"6534","6534",10066,9370,9241,-0.0819590701370952
"6535","6535",7946,7902,7952,0.000755096904102693
"6536","6536",7803,7887,7888,0.0108932461873638
"6537","6537",2071,2068,2166,0.0458715596330275
"6538","6538",2264,2264,2603,0.149734982332155
"6539","6539",5177,4954,4948,-0.0442341124203207
"6540","6540",2423,2423,2436,0.00536524969046636
"6541","6541",3329,3646,3822,0.148092520276359
"6542","6542",1778,1775,1776,-0.00112485939257593
"6543","6543",1469,1286,1288,-0.123213070115725
"6544","6544",3530,3028,2879,-0.184419263456091
"6545","6545",4005,3889,3697,-0.0769038701622971
"6546","6546",2679,2680,2680,0.000373273609555804
"6547","6547",6571,6571,6416,-0.0235884949018414
"6548","6548",805,767,739,-0.0819875776397515
"6549","6549",7805,7438,7151,-0.0837924407431134
"7191","7191",7805,7438,7151,-0.0837924407431134
"6550","6550",2380,2149,2149,-0.0970588235294118
"6551","6551",3121,3122,3122,0.000320410124959949
"6552","6552",1307,1469,1466,0.121652639632747
"6553","6553",2536,1698,1698,-0.330441640378549
"6554","6554",6045,6333,5518,-0.0871794871794872
"6555","6555",2040,1807,2538,0.244117647058824
"6557","6557",13982,14399,14350,0.0263195537119153
"6558","6558",1717,1717,1717,0
"13835","13835",1717,1717,1717,0
"6559","6559",9376,9967,9508,0.0140784982935154
"6560","6560",2886,2886,2903,0.00589050589050589
"6561","6561",4136,4183,4053,-0.0200676982591876
"6562","6562",3048,3048,3048,0
"6563","6563",1788,1787,1901,0.0631991051454139
"6564","6564",2063,5468,5468,1.65050896752302
"6565","6565",7369,6769,6738,-0.085628986293934
"6566","6566",4114,4133,3983,-0.0318424890617404
"6567","6567",6104,5873,6134,0.00491480996068152
"6568","6568",3903,3949,3979,0.0194722008711248
"6569","6569",8619,8620,8504,-0.0133426151525699
"6570","6570",3017,3019,3037,0.00662910175671197
"17047","17047",3017,3019,3037,0.00662910175671197
"6571","6571",6478,6792,6707,0.0353504167953072
"6572","6572",4522,4522,4494,-0.00619195046439629
"6573","6573",1649,1659,1642,-0.00424499696785931
"9369","9369",1649,1659,1642,-0.00424499696785931
"6574","6574",5011,5011,5011,0
"6575","6575",6140,6198,6109,-0.00504885993485342
"6576","6576",1201,941,941,-0.216486261448793
"6577","6577",4843,5118,3829,-0.209374354738798
"6579","6579",5396,5400,5401,0.000926612305411416
"6580","6580",2339,2339,1611,-0.31124412141941
"6581","6581",4588,4588,4591,0.000653879686137751
"6582","6582",10336,10327,10315,-0.00203173374613003
"6583","6583",5248,5248,5247,-0.000190548780487805
"6584","6584",2409,2047,2047,-0.150269821502698
"17535","17535",2409,2047,2047,-0.150269821502698
"6585","6585",2655,2487,2478,-0.0666666666666667
"16071","16071",2655,2487,2478,-0.0666666666666667
"6586","6586",6961,7009,7555,0.0853325671598908
"6587","6587",1260,1260,1282,0.0174603174603175
"6588","6588",1303,807,807,-0.380660015349194
"6918","6918",1303,807,807,-0.380660015349194
"6589","6589",3079,3122,3122,0.0139655732380643
"6590","6590",9233,9559,9528,0.0319506119354489
"6591","6591",5171,5170,5171,0
"6593","6593",4025,4005,4227,0.0501863354037267
"6594","6594",3937,4518,3920,-0.00431800863601727
"6595","6595",1472,1475,1361,-0.0754076086956522
"6596","6596",3617,3672,3655,0.0105059441526127
"6597","6597",4744,4735,4739,-0.0010539629005059
"6598","6598",1730,1617,1731,0.000578034682080925
"6599","6599",1171,1357,1357,0.158838599487617
"9482","9482",1171,1357,1357,0.158838599487617
"6600","6600",2569,2569,2995,0.165823277539899
"6601","6601",4785,4789,4789,0.00083594566353187
"6602","6602",5700,5686,6242,0.0950877192982456
"6603","6603",4843,4453,4684,-0.0328308899442494
"6604","6604",1979,2690,2020,0.0207175341081354
"6605","6605",3800,3800,3846,0.0121052631578947
"6606","6606",1699,1699,1591,-0.0635668040023543
"6607","6607",6659,6627,5812,-0.127196275717075
"6608","6608",8525,8858,8841,0.0370674486803519
"6609","6609",7078,6895,6891,-0.0264198926250353
"6610","6610",1805,1811,1874,0.0382271468144044
"6611","6611",3039,3039,3039,0
"6612","6612",5532,5203,5632,0.0180766449746927
"6613","6613",3203,3205,3195,-0.00249765844520762
"6614","6614",4286,4409,4292,0.00139990667288847
"6615","6615",11032,10965,10912,-0.0108774474256708
"6616","6616",2842,2965,2840,-0.000703729767769177
"6617","6617",6207,6185,5673,-0.0860318994683422
"6618","6618",6811,6818,6881,0.0102774922918808
"6619","6619",2711,2100,2097,-0.226484691995574
"6620","6620",3826,3623,3898,0.0188186095138526
"6621","6621",9060,9078,9068,0.000883002207505519
"6622","6622",10738,10693,9700,-0.0966660458185882
"6623","6623",3548,3539,3501,-0.0132468996617813
"6624","6624",1306,1378,1378,0.0551301684532925
"6625","6625",3942,4255,4255,0.0794013191273465
"6626","6626",3350,3379,3372,0.00656716417910448
"6627","6627",6408,5696,5695,-0.111267166042447
"6628","6628",5823,5824,5824,0.000171732783788425
"6629","6629",6094,6094,6097,0.000492287495897604
"6630","6630",9486,9285,9256,-0.0242462576428421
"6631","6631",6868,7666,7310,0.0643564356435644
"6633","6633",2635,2851,2602,-0.0125237191650854
"6634","6634",1581,1581,1515,-0.0417457305502846
"6635","6635",622,622,622,0
"6636","6636",1974,1974,1882,-0.0466058763931104
"9552","9552",1974,1974,1882,-0.0466058763931104
"6637","6637",1408,1407,1410,0.00142045454545455
"15893","15893",1408,1407,1410,0.00142045454545455
"6638","6638",2959,2720,2765,-0.0655626900980061
"11324","11324",2959,2720,2765,-0.0655626900980061
"6639","6639",4121,4087,4087,-0.00825042465421014
"6640","6640",13621,11489,11486,-0.156743264077527
"6642","6642",944,944,1075,0.138771186440678
"6643","6643",2944,2470,2057,-0.301290760869565
"6644","6644",8095,8096,8079,-0.00197652872143298
"10093","10093",8095,8096,8079,-0.00197652872143298
"6645","6645",5956,5805,5808,-0.0248488918737408
"6646","6646",3465,3609,3707,0.0698412698412698
"18555","18555",3465,3609,3707,0.0698412698412698
"6647","6647",3114,3051,2249,-0.277777777777778
"6648","6648",3126,3122,3199,0.0233525271912988
"6649","6649",4744,4704,4648,-0.0202360876897133
"6650","6650",1912,1872,1571,-0.178347280334728
"6651","6651",2582,2583,2582,0
"6652","6652",2382,2292,2292,-0.0377833753148615
"6653","6653",2865,2887,2884,0.00663176265270506
"6654","6654",1572,1539,1535,-0.0235368956743003
"6655","6655",5604,5627,5860,0.0456816559600286
"6656","6656",7888,7905,7890,0.000253549695740365
"6657","6657",2536,2403,2499,-0.014589905362776
"6658","6658",4111,3883,3884,-0.0552177085867186
"6659","6659",3227,3227,3670,0.137279206693523
"6660","6660",10770,10966,11484,0.0662952646239554
"6661","6661",1628,1493,1493,-0.0829238329238329
"6662","6662",2222,2225,2191,-0.013951395139514
"6663","6663",1420,1421,2174,0.530985915492958
"6664","6664",13545,13892,14162,0.0455518641565153
"6665","6665",2150,2195,2177,0.0125581395348837
"6666","6666",3195,3195,3197,0.000625978090766823
"6668","6668",2216,2216,2218,0.000902527075812274
"6669","6669",2676,2676,2783,0.0399850523168909
"6670","6670",8532,4377,4377,-0.486990154711674
"6672","6672",2537,2436,2749,0.0835632636972802
"6673","6673",2122,2009,2025,-0.0457115928369463
"6674","6674",2386,2430,2412,0.010896898575021
"12606","12606",2386,2430,2412,0.010896898575021
"6675","6675",8271,7522,7536,-0.0888647080159594
"6676","6676",2985,2986,2986,0.00033500837520938
"10277","10277",2985,2986,2986,0.00033500837520938
"6677","6677",9865,9868,9836,-0.00293968575772935
"6678","6678",3112,3113,2921,-0.0613753213367609
"6679","6679",10999,10935,11513,0.0467315210473679
"6680","6680",2153,1809,1842,-0.144449605202044
"6681","6681",3715,3710,3711,-0.00107671601615074
"6682","6682",1341,1337,1337,-0.00298284862043251
"6683","6683",3645,3604,3604,-0.0112482853223594
"6684","6684",2969,2969,2971,0.000673627484001347
"6685","6685",7431,7431,7434,0.00040371417036738
"6686","6686",2352,2352,2293,-0.0250850340136054
"6687","6687",2728,2593,2593,-0.0494868035190616
"6688","6688",2545,2540,2548,0.00117878192534381
"6689","6689",5323,5336,5401,0.0146533909449559
"6690","6690",8257,8306,8283,0.00314884340559525
"6691","6691",2816,2816,2816,0
"6692","6692",1106,1106,1106,0
"6693","6693",3860,3861,3156,-0.182383419689119
"6694","6694",3848,3707,3707,-0.0366424116424116
"6695","6695",2387,2713,2713,0.13657310431504
"6696","6696",2347,3986,3937,0.677460587984661
"6698","6698",1885,1920,1920,0.0185676392572944
"6699","6699",1530,1536,1535,0.00326797385620915
"6700","6700",2866,2880,2786,-0.0279134682484299
"6701","6701",2930,2555,3033,0.0351535836177474
"13509","13509",2930,2555,3033,0.0351535836177474
"6702","6702",5855,5773,5783,-0.0122971818958155
"6703","6703",8072,6795,6728,-0.166501486620416
"6704","6704",3168,3243,3369,0.0634469696969697
"6705","6705",6638,6716,6718,0.0120518228382043
"6706","6706",1536,1530,1399,-0.0891927083333333
"6707","6707",3534,3531,3477,-0.0161290322580645
"6708","6708",1012,1412,1412,0.395256916996047
"6709","6709",2898,2898,2956,0.0200138026224983
"6710","6710",2274,2274,2161,-0.0496921723834653
"6711","6711",4490,4466,4177,-0.0697104677060134
"6712","6712",4694,4797,4787,0.0198125266297401
"6713","6713",3757,3712,3708,-0.0130423210007985
"6714","6714",5867,5911,5792,-0.0127833645815579
"6715","6715",8585,8342,8267,-0.0370413511939429
"6716","6716",2294,2280,2028,-0.115954664341761
"6717","6717",7118,7200,7172,0.00758640067434673
"6718","6718",1973,1765,1765,-0.105423213380639
"6719","6719",11981,11939,11926,-0.00459060178616142
"6720","6720",5168,4876,4874,-0.0568885448916409
"6721","6721",1489,1488,1467,-0.0147750167897918
"6722","6722",3045,3088,3091,0.0151067323481117
"6723","6723",8937,9332,9315,0.0422960725075529
"6724","6724",1660,1660,1372,-0.173493975903614
"6725","6725",4280,4369,4370,0.0210280373831776
"6726","6726",2249,2162,2151,-0.0435749221876389
"6728","6728",4882,4882,4851,-0.00634985661614093
"6729","6729",2808,2809,2817,0.00320512820512821
"6730","6730",6346,6362,6349,0.000472738733060195
"6731","6731",1331,1299,1275,-0.0420736288504884
"6732","6732",1026,1028,987,-0.0380116959064327
"6733","6733",4406,4226,4230,-0.0399455288243305
"6735","6735",4610,4594,4212,-0.0863340563991323
"6736","6736",4754,4754,4953,0.0418594867480017
"6737","6737",2823,2884,2884,0.0216082182075806
"6738","6738",3958,4525,4622,0.167761495704901
"6739","6739",3553,3687,3616,0.0177314945116803
"6740","6740",3206,3206,3283,0.0240174672489083
"6741","6741",2019,2021,1982,-0.0183259039128281
"6744","6744",2120,2120,2122,0.000943396226415094
"6745","6745",2072,2072,1919,-0.0738416988416988
"6746","6746",3949,3923,3657,-0.0739427703216004
"6747","6747",1964,1931,1895,-0.035132382892057
"6748","6748",4422,4433,4433,0.00248756218905473
"6749","6749",2350,2350,2429,0.0336170212765957
"6750","6750",4470,4393,4391,-0.0176733780760626
"6751","6751",10376,10378,12246,0.180223592906708
"6752","6752",7671,7671,7681,0.00130361100247686
"6753","6753",1763,1686,1718,-0.0255246738513897
"6754","6754",4738,4736,4713,-0.00527648796960743
"6755","6755",3521,3319,3385,-0.0386253905140585
"6756","6756",1072,1072,1160,0.082089552238806
"6757","6757",2733,3024,3026,0.107208196121478
"6758","6758",1864,1864,1854,-0.00536480686695279
"6759","6759",3254,3452,3452,0.0608481868469576
"6760","6760",2086,2124,2056,-0.0143815915627996
"7588","7588",2086,2124,2056,-0.0143815915627996
"6761","6761",2161,2161,2599,0.202683942619158
"6762","6762",1659,1755,1755,0.0578661844484629
"13629","13629",1659,1755,1755,0.0578661844484629
"6763","6763",3226,2355,2355,-0.269993800371978
"6764","6764",7287,7260,7355,0.00933168656511596
"6765","6765",5059,5064,5007,-0.0102787112077486
"6766","6766",4996,4997,4996,0
"6767","6767",2796,2791,4139,0.48032904148784
"6768","6768",5891,5509,5510,-0.0646749278560516
"6769","6769",3968,3660,3660,-0.0776209677419355
"13934","13934",3968,3660,3660,-0.0776209677419355
"6770","6770",4147,4175,4175,0.00675186882083434
"9230","9230",4147,4175,4175,0.00675186882083434
"6771","6771",3289,3418,3419,0.0395256916996047
"6772","6772",2958,3019,3018,0.0202839756592292
"6773","6773",2224,3884,3885,0.746852517985611
"6774","6774",2224,2172,2173,-0.022931654676259
"6775","6775",1464,1468,1401,-0.0430327868852459
"6776","6776",4346,4346,4150,-0.0450989415554533
"6777","6777",3858,5254,5255,0.362104717470192
"6778","6778",1904,1705,1705,-0.104516806722689
"6779","6779",4100,4100,4143,0.0104878048780488
"6780","6780",1078,1106,1106,0.025974025974026
"6781","6781",2970,2970,2763,-0.0696969696969697
"6783","6783",2868,2831,2906,0.0132496513249651
"6784","6784",2550,2551,2359,-0.0749019607843137
"6785","6785",3899,3899,3966,0.0171838933059759
"6786","6786",3510,2991,3087,-0.120512820512821
"6787","6787",4943,4897,5016,0.0147683592959741
"6788","6788",4607,4619,4619,0.00260473192967224
"6789","6789",4934,4768,5317,0.0776246453182002
"6790","6790",4724,3248,3248,-0.312447078746825
"6791","6791",8775,8783,9192,0.0475213675213675
"6792","6792",3670,3313,3383,-0.0782016348773842
"6793","6793",7251,7170,7350,0.0136532892014894
"6794","6794",2659,4041,3971,0.493418578412937
"13325","13325",2659,4041,3971,0.493418578412937
"6795","6795",1980,1980,1960,-0.0101010101010101
"7498","7498",1980,1980,1960,-0.0101010101010101
"16034","16034",1980,1980,1960,-0.0101010101010101
"6796","6796",3673,3615,3615,-0.0157909066158454
"6797","6797",6757,6812,6703,-0.00799171229835726
"6798","6798",8938,9092,9053,0.0128664130678004
"6799","6799",3981,3984,4028,0.0118060788746546
"6800","6800",5937,5940,6031,0.0158329122452417
"6801","6801",2751,3143,2678,-0.0265358051617594
"6802","6802",2398,2403,2417,0.0079232693911593
"12172","12172",2398,2403,2417,0.0079232693911593
"6803","6803",3147,3147,3146,-0.000317762948840165
"6804","6804",4772,5237,6003,0.257963118189438
"6805","6805",7542,7547,7541,-0.00013259082471493
"6806","6806",2395,2206,2205,-0.0793319415448852
"6808","6808",7655,7467,7468,-0.0244284781188766
"6809","6809",8578,8715,9431,0.0994404290044299
"6810","6810",2394,2394,2392,-0.000835421888053467
"6811","6811",3144,3488,3488,0.10941475826972
"6812","6812",7048,7036,7088,0.00567536889897843
"6813","6813",4638,4638,4639,0.000215610176800345
"6814","6814",2671,2581,2810,0.0520404342942718
"6815","6815",1544,1544,1742,0.128238341968912
"9268","9268",1544,1544,1742,0.128238341968912
"15563","15563",1544,1544,1742,0.128238341968912
"6816","6816",2246,2573,2573,0.145592163846839
"6817","6817",5917,5559,5396,-0.0880513773871894
"6818","6818",3414,3489,3414,0
"6819","6819",8620,8692,8693,0.00846867749419954
"6820","6820",5739,5689,5690,-0.00853807283498867
"6821","6821",1156,1156,1156,0
"6822","6822",1519,1598,1356,-0.107307439104674
"6823","6823",7001,7326,6578,-0.0604199400085702
"6824","6824",1775,1775,1775,0
"6826","6826",789,789,789,0
"14657","14657",789,789,789,0
"6827","6827",3640,3687,3998,0.0983516483516483
"6828","6828",998,1030,1068,0.0701402805611222
"6829","6829",4585,4585,5312,0.15856052344602
"6830","6830",7387,7569,7682,0.0399350209828076
"6831","6831",4599,4597,5311,0.154816264405305
"6832","6832",4196,4213,4225,0.00691134413727359
"6833","6833",1463,1463,1428,-0.0239234449760766
"6834","6834",8490,5780,5780,-0.319199057714959
"6837","6837",3689,3690,3693,0.00108430468961778
"6838","6838",6086,6033,6129,0.00706539599079855
"6839","6839",6057,6915,6874,0.134885256727753
"6840","6840",5349,5165,5604,0.0476724621424565
"6841","6841",1715,2437,2437,0.420991253644315
"6842","6842",5583,6137,6051,0.0838259000537346
"6843","6843",2686,2653,2151,-0.199180938198064
"6844","6844",2989,3020,3020,0.0103713616594179
"6845","6845",2512,2512,2406,-0.0421974522292994
"9943","9943",2512,2512,2406,-0.0421974522292994
"6846","6846",2093,2092,2093,0
"6847","6847",2883,2805,2805,-0.0270551508844953
"6848","6848",2723,2716,2731,0.00293793609988983
"6850","6850",4688,4724,4736,0.0102389078498294
"6851","6851",3972,3975,4140,0.0422960725075529
"6852","6852",9583,9563,9555,-0.0029218407596786
"6853","6853",5018,5018,7352,0.465125548027102
"6854","6854",1393,1393,1461,0.0488155061019383
"6855","6855",1736,1736,1761,0.0144009216589862
"18434","18434",1736,1736,1761,0.0144009216589862
"6856","6856",3081,2404,2404,-0.219733852645245
"6857","6857",7748,7751,7751,0.000387196695921528
"6858","6858",1817,1816,1959,0.0781507980187122
"6859","6859",12214,13396,12001,-0.0174390044211561
"6860","6860",10853,10266,10265,-0.0541785681378421
"6861","6861",2908,3026,3036,0.0440165061898212
"6862","6862",1290,1290,1290,0
"6863","6863",4062,3905,3905,-0.0386509108813392
"16501","16501",4062,3905,3905,-0.0386509108813392
"6864","6864",2288,3586,3587,0.567744755244755
"6865","6865",4728,4586,4590,-0.0291878172588832
"6866","6866",2384,4210,4102,0.720637583892617
"6868","6868",1503,1477,1548,0.029940119760479
"6869","6869",5626,5626,5718,0.016352648418059
"6870","6870",2594,2361,2604,0.0038550501156515
"13137","13137",2594,2361,2604,0.0038550501156515
"6871","6871",1660,1795,1972,0.187951807228916
"6872","6872",2974,2974,2848,-0.0423671822461332
"6873","6873",1748,1719,1729,-0.0108695652173913
"6874","6874",11599,11586,11741,0.0122424346926459
"6875","6875",3395,3395,3364,-0.00913107511045655
"6876","6876",1910,1901,1543,-0.192146596858639
"6877","6877",586,586,586,0
"6878","6878",4562,4334,3549,-0.222051731696624
"6880","6880",1830,1830,1830,0
"6881","6881",4265,4338,4336,0.0166471277842907
"6882","6882",4207,4200,4546,0.0805799857380556
"6884","6884",1341,1734,1372,0.023117076808352
"6885","6885",1618,1563,1563,-0.0339925834363412
"6886","6886",1628,1728,1728,0.0614250614250614
"6887","6887",9142,9140,9115,-0.00295340188142638
"6888","6888",1372,1372,1359,-0.00947521865889213
"6889","6889",2614,2582,2582,-0.0122417750573833
"6890","6890",2689,2416,1625,-0.395686128672369
"6891","6891",2884,2884,2890,0.00208044382801664
"6892","6892",3066,3066,3224,0.0515329419439008
"6893","6893",4935,5340,4981,0.00932117527862209
"6894","6894",2395,2419,2302,-0.0388308977035491
"6895","6895",4051,2576,2540,-0.372994322389533
"6896","6896",3200,2431,2432,-0.24
"6897","6897",4192,5400,5730,0.366889312977099
"6898","6898",3099,3098,3098,-0.000322684737011939
"6899","6899",1137,1137,1137,0
"6900","6900",2492,2492,2687,0.0782504012841092
"6901","6901",817,1523,1523,0.864137086903305
"6902","6902",4287,4290,4257,-0.00699790062981106
"6904","6904",5902,5734,6644,0.12572009488309
"6905","6905",2402,2404,2401,-0.000416319733555371
"13271","13271",2402,2404,2401,-0.000416319733555371
"6906","6906",3422,3422,3422,0
"6907","6907",1197,1197,1197,0
"6908","6908",6525,6462,7017,0.0754022988505747
"6909","6909",11508,11501,9558,-0.169447340980188
"6910","6910",2204,2208,2208,0.00181488203266788
"6911","6911",7955,7934,7573,-0.0480201131363922
"6912","6912",2292,2292,2292,0
"6915","6915",8332,8478,8453,0.0145223235717715
"6916","6916",2063,2063,2241,0.086282113427048
"6917","6917",7023,7023,6662,-0.0514025345294034
"6919","6919",3433,3433,3622,0.0550538887270609
"6920","6920",8911,8780,9002,0.0102120974076984
"6921","6921",4480,4480,4430,-0.0111607142857143
"6922","6922",3404,3404,3492,0.0258519388954172
"6923","6923",4840,4843,4781,-0.0121900826446281
"6925","6925",686,686,686,0
"6926","6926",1882,1882,1882,0
"6927","6927",5708,5708,5679,-0.00508058864751226
"14067","14067",5708,5708,5679,-0.00508058864751226
"6928","6928",8221,4120,4120,-0.498844422819608
"6929","6929",1641,1641,1522,-0.0725167580743449
"6930","6930",3272,3272,4215,0.28820293398533
"6931","6931",3716,3867,3994,0.0748116254036598
"6932","6932",2117,2104,2104,-0.00614076523382145
"6933","6933",1765,1742,1380,-0.218130311614731
"6935","6935",4206,3931,4061,-0.0344745601521636
"6937","6937",3509,3509,3466,-0.012254203476774
"6938","6938",1178,1537,1537,0.304753820033956
"6939","6939",8556,8481,8485,-0.00829827021972884
"6940","6940",3169,3198,4394,0.386557273587883
"6941","6941",3074,4811,4807,0.563760572543917
"6942","6942",1533,1534,1534,0.000652315720808871
"12326","12326",1533,1534,1534,0.000652315720808871
"12379","12379",1533,1534,1534,0.000652315720808871
"6943","6943",15273,15146,15133,-0.00916650297911347
"6945","6945",4505,4375,4573,0.0150943396226415
"6946","6946",2467,2747,2661,0.0786380218889339
"6947","6947",1290,1290,1174,-0.089922480620155
"6948","6948",1790,1583,1588,-0.112849162011173
"6949","6949",2946,3102,2966,0.00678886625933469
"6950","6950",4322,4322,4322,0
"6951","6951",2251,2052,2053,-0.0879609062638827
"6953","6953",1977,1843,1844,-0.0672736469398078
"6954","6954",5712,5730,5638,-0.0129551820728291
"6955","6955",3830,3814,3814,-0.00417754569190601
"18636","18636",3830,3814,3814,-0.00417754569190601
"6956","6956",2914,2409,2331,-0.200068634179822
"6957","6957",8098,8143,10309,0.273030377871079
"6958","6958",1076,1067,843,-0.216542750929368
"7875","7875",1076,1067,843,-0.216542750929368
"6959","6959",3764,3089,3097,-0.177205100956429
"6960","6960",8617,8407,8413,-0.0236741325287223
"6961","6961",4027,4352,4319,0.0725105537621058
"6962","6962",2456,2451,2451,-0.00203583061889251
"6963","6963",2817,2817,2830,0.00461483848065318
"6964","6964",4228,4228,4486,0.0610217596972564
"6965","6965",10445,7022,6992,-0.330588798468167
"6966","6966",9330,9291,9294,-0.00385852090032154
"6967","6967",3339,3339,3315,-0.00718778077268643
"6968","6968",4256,4309,4367,0.0260808270676692
"6969","6969",1642,1643,1640,-0.00121802679658952
"6970","6970",7490,7465,7448,-0.00560747663551402
"6972","6972",2971,2804,3078,0.0360148098283406
"6973","6973",2360,2360,2265,-0.0402542372881356
"6974","6974",2072,2072,2072,0
"6975","6975",7201,7201,8456,0.174281349812526
"6976","6976",2634,2778,2778,0.0546697038724374
"6977","6977",2091,2091,2293,0.0966044954567193
"7482","7482",2091,2091,2293,0.0966044954567193
"6978","6978",2448,2492,2491,0.0175653594771242
"6979","6979",1264,1264,1270,0.00474683544303797
"6980","6980",6381,6454,6516,0.0211565585331453
"6981","6981",13585,13415,13427,-0.0116304747883695
"6982","6982",1958,1958,1958,0
"17623","17623",1958,1958,1958,0
"19462","19462",1958,1958,1958,0
"6983","6983",2716,2770,2663,-0.0195139911634757
"14843","14843",2716,2770,2663,-0.0195139911634757
"6984","6984",6258,6208,6208,-0.00798977309044423
"8917","8917",6258,6208,6208,-0.00798977309044423
"6985","6985",4703,4743,4171,-0.113119285562407
"6986","6986",2601,2635,2686,0.0326797385620915
"16036","16036",2601,2635,2686,0.0326797385620915
"6987","6987",4369,4340,4048,-0.0734721904325933
"6988","6988",11353,11269,11217,-0.0119792125429402
"6989","6989",2834,2846,2851,0.00599858856739591
"11115","11115",2834,2846,2851,0.00599858856739591
"6990","6990",2817,2817,2848,0.0110046148384807
"6991","6991",2312,2385,2330,0.00778546712802768
"6992","6992",1641,1528,1627,-0.00853138330286411
"6993","6993",3089,3089,2886,-0.0657170605373907
"6994","6994",3568,3568,3568,0
"6995","6995",11632,11355,11356,-0.0237276478679505
"6996","6996",2789,2822,2822,0.0118321979204016
"6997","6997",936,900,901,-0.0373931623931624
"6998","6998",6373,6452,6145,-0.0357759297034364
"10066","10066",6373,6452,6145,-0.0357759297034364
"6999","6999",3636,3641,3496,-0.0385038503850385
"7000","7000",14117,14025,14013,-0.00736700432103138
"7001","7001",1793,1674,1674,-0.0663692136084774
"7002","7002",8730,8633,8634,-0.0109965635738832
"7003","7003",6076,6066,6066,-0.00164581961816985
"7004","7004",1530,1530,1968,0.286274509803922
"7006","7006",3412,3412,3534,0.0357561547479484
"7008","7008",616,837,516,-0.162337662337662
"7009","7009",8643,8630,8661,0.00208261020479
"7010","7010",4557,4557,4558,0.00021944261575598
"7011","7011",2883,2839,2837,-0.0159556018036767
"7012","7012",3945,3914,3914,-0.00785804816223067
"7014","7014",2625,2474,2591,-0.012952380952381
"7015","7015",8233,7860,8226,-0.000850236851694401
"7016","7016",3588,4086,4988,0.390189520624303
"7017","7017",1521,1520,1657,0.0894148586456279
"7018","7018",1385,1385,1386,0.000722021660649819
"7019","7019",2108,2117,2118,0.0047438330170778
"7020","7020",2578,1956,1957,-0.24088440651668
"7021","7021",3310,5037,4908,0.482779456193353
"7022","7022",8706,8596,8796,0.0103376981392143
"7023","7023",2136,2136,2325,0.0884831460674157
"7024","7024",1929,1889,1887,-0.0217729393468118
"7025","7025",7393,7445,7448,0.00743946976870012
"7026","7026",3132,3125,3065,-0.0213920817369093
"7027","7027",2859,2859,2897,0.0132913606155999
"7028","7028",5198,4982,4243,-0.183724509426703
"7029","7029",3320,3304,3238,-0.0246987951807229
"7030","7030",9323,8271,8269,-0.113053738067146
"7031","7031",1573,1573,1573,0
"7032","7032",4145,4366,4467,0.0776839565741858
"7033","7033",3837,3866,3758,-0.0205890018243419
"9513","9513",3837,3866,3758,-0.0205890018243419
"7034","7034",1560,1555,1556,-0.00256410256410256
"7035","7035",4205,4182,4127,-0.0185493460166468
"7036","7036",8432,8938,8484,0.00616698292220114
"7037","7037",1576,1574,1574,-0.00126903553299492
"7038","7038",9548,9496,9481,-0.00701717637201508
"7039","7039",1519,1517,1345,-0.114549045424621
"7040","7040",3484,3579,3584,0.0287026406429392
"7042","7042",1779,1779,1781,0.00112422709387296
"12092","12092",1779,1779,1781,0.00112422709387296
"7043","7043",2450,2584,2585,0.0551020408163265
"7044","7044",4818,4819,4804,-0.0029057700290577
"7045","7045",2267,2267,2238,-0.0127922364358183
"7046","7046",2580,2581,2560,-0.00775193798449612
"7047","7047",3745,3683,3684,-0.0162883845126836
"16538","16538",3745,3683,3684,-0.0162883845126836
"7048","7048",5350,3511,3511,-0.343738317757009
"7049","7049",7736,8211,7737,0.000129265770423992
"7050","7050",4226,3129,3128,-0.259820160908661
"7051","7051",4703,4703,7142,0.518605145651712
"7052","7052",3764,3933,3933,0.0448990435706695
"7053","7053",14809,14530,14506,-0.0204605307583226
"7054","7054",2848,2850,2844,-0.00140449438202247
"7055","7055",2535,2495,2493,-0.0165680473372781
"7056","7056",1840,1998,2262,0.229347826086957
"7057","7057",2281,2284,2285,0.00175361683472161
"7058","7058",12395,12559,13261,0.0698668818071803
"7059","7059",8552,7862,7862,-0.0806828811973807
"7060","7060",1834,1834,1834,0
"8999","8999",1834,1834,1834,0
"7062","7062",2050,2052,2079,0.0141463414634146
"7063","7063",12819,10398,10584,-0.174350573367657
"7064","7064",3908,3908,3902,-0.0015353121801433
"7066","7066",3251,3178,3422,0.0525992002460781
"7067","7067",7993,7969,7736,-0.0321531339922432
"7068","7068",2934,2939,3050,0.0395364689843217
"7069","7069",2412,2606,2333,-0.0327529021558872
"7070","7070",2258,2258,2417,0.0704162976085031
"7071","7071",3335,3378,3393,0.0173913043478261
"7072","7072",3787,3605,3612,-0.0462107208872458
"7073","7073",4424,4413,4413,-0.00248643761301989
"16254","16254",4424,4413,4413,-0.00248643761301989
"7074","7074",3241,3245,2908,-0.102746066029003
"7075","7075",2050,2050,2049,-0.00048780487804878
"7076","7076",1904,1509,1916,0.00630252100840336
"7077","7077",3583,3584,3004,-0.161596427574658
"7078","7078",4328,4330,4312,-0.00369685767097967
"7079","7079",4953,4953,5148,0.0393700787401575
"7080","7080",3311,3559,3527,0.0652370884929024
"7081","7081",15512,14149,14177,-0.0860624033006704
"7082","7082",4775,4388,4413,-0.0758115183246073
"7083","7083",2574,2574,2256,-0.123543123543124
"7084","7084",1829,1829,2118,0.158009841443412
"7085","7085",1944,1873,1747,-0.101337448559671
"7086","7086",3370,3765,3765,0.117210682492582
"7087","7087",4691,4683,4683,-0.00170539330633127
"7088","7088",3756,3767,3752,-0.00106496272630458
"7089","7089",8004,8718,8000,-0.000499750124937531
"7090","7090",6208,6208,6107,-0.0162693298969072
"7091","7091",4978,4978,4986,0.00160707111289675
"7092","7092",1715,1715,1918,0.118367346938776
"7093","7093",5957,5956,5954,-0.000503609199261373
"7094","7094",2309,2360,2360,0.0220874837592031
"7095","7095",6496,6502,6453,-0.00661945812807882
"7096","7096",4465,4465,4465,0
"7099","7099",4764,4572,4575,-0.0396725440806045
"7100","7100",1598,1598,1812,0.133917396745932
"7101","7101",2997,2780,2788,-0.0697364030697364
"7102","7102",3700,3612,3608,-0.0248648648648649
"7103","7103",1497,1696,1695,0.132264529058116
"11438","11438",1497,1696,1695,0.132264529058116
"7105","7105",1198,1198,1197,-0.000834724540901503
"7106","7106",1940,1609,1452,-0.251546391752577
"17058","17058",1940,1609,1452,-0.251546391752577
"7107","7107",1993,1884,1884,-0.0546914199698946
"7108","7108",8988,9187,9236,0.0275923453493547
"7109","7109",2262,2153,2117,-0.0641025641025641
"7111","7111",3239,2350,2356,-0.272615004631059
"7112","7112",2910,2910,3141,0.0793814432989691
"7113","7113",4940,4908,4167,-0.156477732793522
"7114","7114",4084,3706,3706,-0.0925563173359451
"7115","7115",1792,1792,1792,0
"7117","7117",7132,7389,7664,0.0745933819405496
"7118","7118",3030,3030,3010,-0.0066006600660066
"7120","7120",1763,1763,1837,0.0419739081111741
"7121","7121",2437,2423,2552,0.0471891670086172
"15947","15947",2437,2423,2552,0.0471891670086172
"7122","7122",5609,5412,5410,-0.0354786949545374
"7123","7123",4378,4378,4354,-0.00548195523069895
"7124","7124",2506,2506,2502,-0.00159616919393456
"7125","7125",2714,2654,2369,-0.127118644067797
"7126","7126",3519,3406,3610,0.0258596192100028
"7127","7127",9232,9827,9836,0.0654246100519931
"7128","7128",2278,2278,2278,0
"7129","7129",1710,1710,1848,0.0807017543859649
"7130","7130",3989,4974,4981,0.248683880671848
"7131","7131",2233,2233,2233,0
"7132","7132",6907,5375,5373,-0.222093528304619
"7133","7133",1809,1809,1810,0.000552791597567717
"7134","7134",4606,4597,4600,-0.00130264871906209
"19402","19402",4606,4597,4600,-0.00130264871906209
"7135","7135",7324,7225,7260,-0.00873839432004369
"7136","7136",3030,3030,2369,-0.218151815181518
"7137","7137",2187,2187,2113,-0.0338363054412437
"7138","7138",3285,3259,3261,-0.00730593607305936
"7139","7139",2513,2511,2492,-0.00835654596100279
"8808","8808",2513,2511,2492,-0.00835654596100279
"7140","7140",2337,2337,2353,0.00684638425331622
"7141","7141",2574,2564,2564,-0.00388500388500389
"7142","7142",742,1060,1060,0.428571428571429
"17367","17367",742,1060,1060,0.428571428571429
"7143","7143",8486,8426,9299,0.0958048550553853
"7144","7144",3132,3257,3257,0.0399106002554278
"7145","7145",5402,5384,5562,0.0296186597556461
"7146","7146",3500,2577,2577,-0.263714285714286
"7147","7147",5248,5067,4851,-0.0756478658536585
"7148","7148",2347,2347,2347,0
"7149","7149",3017,2988,2915,-0.033808418959231
"7150","7150",2348,2348,2283,-0.0276831345826235
"7151","7151",5982,5947,6010,0.0046807087930458
"7152","7152",1363,1375,1375,0.00880410858400587
"7153","7153",7561,7562,7557,-0.00052903055151435
"7154","7154",2882,2885,2885,0.00104094378903539
"7155","7155",8766,8732,8723,-0.00490531599361168
"7156","7156",5402,5401,5406,0.000740466493891151
"10722","10722",5402,5401,5406,0.000740466493891151
"7157","7157",2152,2152,2386,0.108736059479554
"7159","7159",5708,5684,5690,-0.00315346881569727
"7161","7161",2442,2487,2469,0.0110565110565111
"7495","7495",2442,2487,2469,0.0110565110565111
"7162","7162",4113,3701,3935,-0.0432774130804765
"7163","7163",2647,2448,2676,0.0109557990177559
"7164","7164",3534,3534,3540,0.00169779286926995
"7165","7165",3467,3467,3689,0.0640323045860975
"7166","7166",2749,2691,2691,-0.0210985813022917
"7167","7167",4986,5029,5003,0.00340954673084637
"7168","7168",2277,2309,2310,0.0144927536231884
"7169","7169",4036,4058,4003,-0.00817641228939544
"7408","7408",4036,4058,4003,-0.00817641228939544
"7170","7170",5710,5756,5740,0.00525394045534151
"7171","7171",2813,2854,2776,-0.0131532172058301
"7172","7172",5617,4991,3748,-0.332739896742033
"7173","7173",2050,2484,2038,-0.00585365853658537
"17087","17087",2050,2484,2038,-0.00585365853658537
"7174","7174",2786,2313,2489,-0.106604450825556
"7175","7175",1105,1105,1105,0
"7176","7176",2381,2377,2377,-0.00167996640067199
"15219","15219",2381,2377,2377,-0.00167996640067199
"7177","7177",2462,2339,2338,-0.0503655564581641
"7178","7178",2389,2358,2353,-0.015069066555044
"7180","7180",4367,4873,5196,0.189832837188001
"7181","7181",3218,3122,3123,-0.0295214418893723
"7182","7182",7802,8098,8059,0.0329402717251987
"7183","7183",2372,2607,2607,0.0990725126475548
"7184","7184",2847,2824,3324,0.16754478398314
"9020","9020",2847,2824,3324,0.16754478398314
"7186","7186",8539,8518,9546,0.117929499941445
"7187","7187",1720,1686,1687,-0.0191860465116279
"7188","7188",5093,5098,5090,-0.000589043785588062
"7190","7190",2458,2755,2456,-0.00081366965012205
"7192","7192",2011,2035,2074,0.0313276976628543
"7193","7193",1999,1999,2000,0.000500250125062531
"7194","7194",2459,2855,2086,-0.151687677917853
"7195","7195",2935,2932,4515,0.538330494037479
"7196","7196",3179,3070,3064,-0.0361748977665933
"7197","7197",5629,5931,5983,0.0628886125421922
"7198","7198",3542,3542,3445,-0.0273856578204404
"7199","7199",2518,2367,2367,-0.0599682287529786
"7200","7200",3169,2457,2416,-0.237614389397286
"7201","7201",1347,1346,1346,-0.000742390497401633
"7202","7202",2834,2991,3026,0.0677487649964714
"7203","7203",2243,2176,2215,-0.0124832813196612
"7204","7204",2015,2083,2077,0.0307692307692308
"7205","7205",2824,7756,7574,1.68201133144476
"7206","7206",3198,3163,3161,-0.0115697310819262
"11026","11026",3198,3163,3161,-0.0115697310819262
"7207","7207",2742,3676,3664,0.336250911743253
"7208","7208",8385,8972,8973,0.0701252236135957
"7209","7209",4544,4545,4629,0.018705985915493
"7210","7210",3848,3825,3739,-0.0283264033264033
"7211","7211",4111,4121,3899,-0.051568961323279
"7212","7212",7393,7391,7302,-0.0123089408900311
"7213","7213",1920,1922,1922,0.00104166666666667
"7214","7214",1897,1518,1519,-0.199261992619926
"7215","7215",4063,4046,3565,-0.122569529904012
"7216","7216",4667,4486,4269,-0.0852796228840797
"7217","7217",2381,2381,2317,-0.0268794624107518
"7218","7218",2848,2641,2642,-0.0723314606741573
"8461","8461",2848,2641,2642,-0.0723314606741573
"7219","7219",12634,12670,12613,-0.00166218141522875
"7220","7220",2504,2805,3165,0.263977635782748
"7221","7221",7957,7810,7812,-0.0182229483473671
"7222","7222",3891,2754,6349,0.63171421228476
"7223","7223",6050,6470,6723,0.111239669421488
"7224","7224",3351,3355,3326,-0.00746045956430916
"7225","7225",7044,7058,6111,-0.132453151618399
"7226","7226",1637,1634,1634,-0.00183262064752596
"7227","7227",16974,15427,15093,-0.110816542948038
"7228","7228",3958,3962,3965,0.00176856998484083
"7229","7229",2227,2251,2246,0.00853165693758419
"7323","7323",2227,2251,2246,0.00853165693758419
"7230","7230",4237,4231,4234,-0.000708048147274015
"7231","7231",3258,3258,3253,-0.00153468385512584
"7232","7232",2476,2479,2479,0.00121163166397415
"7233","7233",6875,4124,4111,-0.402036363636364
"7234","7234",4614,4981,5105,0.106415257910707
"7235","7235",4530,4363,4361,-0.0373068432671082
"7236","7236",3989,3549,3548,-0.110554023564803
"7237","7237",1740,1740,1705,-0.0201149425287356
"7238","7238",7478,7517,7465,-0.00173843273602568
"7239","7239",2289,2289,2289,0
"7240","7240",4012,4667,4665,0.162761714855434
"7241","7241",2292,2292,2292,0
"15243","15243",2292,2292,2292,0
"7242","7242",5098,5066,5066,-0.00627697136131816
"7243","7243",13295,13242,13659,0.0273787138021813
"7244","7244",4365,4369,4369,0.000916380297823597
"7245","7245",2668,2667,2667,-0.000374812593703148
"7246","7246",4625,4417,4381,-0.0527567567567568
"8816","8816",4625,4417,4381,-0.0527567567567568
"11691","11691",4625,4417,4381,-0.0527567567567568
"7247","7247",9674,10561,9679,0.000516849286747984
"7248","7248",2103,2103,2009,-0.0446980504041845
"7249","7249",4424,3570,3589,-0.18874321880651
"16692","16692",4424,3570,3589,-0.18874321880651
"18058","18058",4424,3570,3589,-0.18874321880651
"7250","7250",3521,3521,3290,-0.0656063618290258
"7251","7251",9814,9613,9614,-0.0203790503362543
"7252","7252",2127,2230,2231,0.0488951574988246
"12412","12412",2127,2230,2231,0.0488951574988246
"7253","7253",1719,1719,1719,0
"7981","7981",1719,1719,1719,0
"10058","10058",1719,1719,1719,0
"19534","19534",1719,1719,1719,0
"7254","7254",4584,4584,4782,0.0431937172774869
"7255","7255",3974,3968,3179,-0.200050327126321
"7256","7256",13360,13287,13399,0.00291916167664671
"7257","7257",1947,1947,1928,-0.00975860297894196
"7258","7258",6279,6144,6141,-0.021978021978022
"7259","7259",4030,4008,3359,-0.166501240694789
"7260","7260",1707,1707,1707,0
"7261","7261",1290,1290,1290,0
"7262","7262",1606,1422,1381,-0.140099626400996
"7264","7264",5092,5224,5213,0.0237627651217596
"7265","7265",3746,3746,3746,0
"7266","7266",10576,7279,7250,-0.314485627836611
"7267","7267",8581,7753,7753,-0.0964922503204755
"7268","7268",1480,1384,1384,-0.0648648648648649
"7269","7269",4639,4633,4332,-0.0661780556154344
"15474","15474",4639,4633,4332,-0.0661780556154344
"7270","7270",4682,4939,4939,0.0548910721913712
"7273","7273",8001,8001,8001,0
"7274","7274",1620,1617,1567,-0.0327160493827161
"7275","7275",1913,1917,1917,0.00209095661265029
"17000","17000",1913,1917,1917,0.00209095661265029
"7276","7276",1965,2049,2136,0.0870229007633588
"7277","7277",1994,1994,1994,0
"7278","7278",2218,2218,2029,-0.0852119026149684
"7279","7279",5577,5350,5581,0.000717231486462256
"7280","7280",4051,4055,4055,0.000987410515921995
"7281","7281",5781,5616,5691,-0.0155682407887909
"7282","7282",4024,4119,4035,0.00273359840954274
"7283","7283",3075,3054,3043,-0.0104065040650407
"7284","7284",12681,11441,10295,-0.188155508240675
"7285","7285",1165,1165,1165,0
"7286","7286",13546,11984,11769,-0.131182636940794
"7287","7287",2623,2625,2696,0.0278307281738467
"7288","7288",1126,1126,1130,0.00355239786856128
"7289","7289",8114,8114,7633,-0.0592802563470545
"7290","7290",6755,6785,7056,0.044559585492228
"7291","7291",1847,1982,1983,0.073632918245804
"7292","7292",3744,3742,3742,-0.000534188034188034
"7293","7293",4445,4444,4444,-0.000224971878515186
"7294","7294",2236,2236,2337,0.045169946332737
"13683","13683",2236,2236,2337,0.045169946332737
"7295","7295",5082,5081,5084,0.000393545848091303
"7296","7296",3945,3943,3942,-0.000760456273764259
"7297","7297",8358,8084,8455,0.0116056472840392
"7298","7298",14281,12920,12888,-0.0975421889223444
"7299","7299",817,817,817,0
"7300","7300",1507,1516,1519,0.0079628400796284
"7301","7301",2433,2733,2496,0.0258939580764488
"14214","14214",2433,2733,2496,0.0258939580764488
"7302","7302",1794,1826,1850,0.0312151616499443
"15637","15637",1794,1826,1850,0.0312151616499443
"7303","7303",3666,3667,3668,0.000545553737043099
"7304","7304",5188,5192,5261,0.014070932922128
"7305","7305",2868,2868,2868,0
"7307","7307",1641,1640,1640,-0.000609384521633151
"7308","7308",4736,4864,4863,0.0268158783783784
"7309","7309",7708,7316,7316,-0.0508562532433835
"7310","7310",4972,5015,4783,-0.0380128720836685
"7311","7311",3168,3258,3205,0.0116792929292929
"7312","7312",2215,2215,2218,0.00135440180586907
"7313","7313",715,715,715,0
"7314","7314",4094,4094,4197,0.0251587689301417
"7315","7315",3868,3871,3870,0.000517063081695967
"7316","7316",1656,1658,1658,0.00120772946859903
"7317","7317",2289,2289,2004,-0.124508519003932
"7318","7318",3749,4108,4116,0.0978927714057082
"9597","9597",3749,4108,4116,0.0978927714057082
"7319","7319",3864,3864,3922,0.0150103519668737
"7320","7320",1255,1255,1205,-0.0398406374501992
"7321","7321",1823,1823,1990,0.0916072408118486
"7322","7322",4746,4508,4033,-0.150231774125579
"7324","7324",3434,3434,3438,0.0011648223645894
"7325","7325",4961,5064,5065,0.0209635154202782
"16729","16729",4961,5064,5065,0.0209635154202782
"7326","7326",1468,1415,1415,-0.0361035422343324
"7327","7327",4417,4377,4379,-0.00860312429250623
"7328","7328",5469,5459,5444,-0.00457121960138965
"7329","7329",2907,2907,2907,0
"13483","13483",2907,2907,2907,0
"7330","7330",2777,2808,2788,0.00396110911055095
"7331","7331",4278,2779,2784,-0.349228611500701
"7332","7332",6910,7141,6679,-0.0334298118668596
"7333","7333",1512,1471,1672,0.105820105820106
"15889","15889",1512,1471,1672,0.105820105820106
"7335","7335",3148,3148,3148,0
"7336","7336",3302,3143,3143,-0.048152634766808
"19761","19761",3302,3143,3143,-0.048152634766808
"7337","7337",2187,2597,2468,0.128486511202561
"7338","7338",3399,3399,3455,0.0164754339511621
"7339","7339",2634,2634,2571,-0.0239179954441913
"7340","7340",6286,6161,6393,0.017021953547566
"7341","7341",12683,7387,7387,-0.417566821729875
"7342","7342",1598,1455,1469,-0.0807259073842303
"7343","7343",2832,2744,3027,0.0688559322033898
"7344","7344",2358,2134,2239,-0.0504664970313825
"7345","7345",1571,1578,1578,0.00445576066199873
"7346","7346",3272,6039,6039,0.845660146699266
"7347","7347",2642,2336,2336,-0.115821347464042
"11629","11629",2642,2336,2336,-0.115821347464042
"7348","7348",3327,3328,3309,-0.00541027953110911
"7349","7349",2635,2752,2752,0.0444022770398482
"7350","7350",3074,3039,3000,-0.0240728692257645
"7351","7351",2732,2873,2876,0.0527086383601757
"7352","7352",4815,4840,4836,0.0043613707165109
"7353","7353",2245,2245,2304,0.0262806236080178
"7354","7354",3092,3090,3095,0.000970245795601552
"7355","7355",3612,3545,3897,0.0789036544850498
"7356","7356",3841,3765,3765,-0.0197865139286644
"7357","7357",6919,7084,6977,0.00838271426506721
"7358","7358",2329,2329,2326,-0.0012881064834693
"7359","7359",5197,5197,5282,0.016355589763325
"7360","7360",3362,3361,3361,-0.000297441998810232
"7361","7361",2435,2509,2650,0.0882956878850103
"7362","7362",3364,2774,2620,-0.221165279429251
"7363","7363",2581,2667,2528,-0.0205346764819837
"7364","7364",1228,1230,1232,0.00325732899022801
"7365","7365",7935,7926,7439,-0.0625078764965343
"7366","7366",4710,4707,4642,-0.0144373673036093
"7367","7367",10750,8235,8407,-0.217953488372093
"7368","7368",1432,1433,1429,-0.00209497206703911
"7369","7369",3309,3664,3647,0.1021456633424
"7370","7370",5829,5951,5894,0.0111511408474867
"7371","7371",7637,7637,7618,-0.0024878879141024
"7372","7372",5210,5200,4975,-0.04510556621881
"7373","7373",3436,3438,3438,0.000582072176949942
"7374","7374",4340,4392,4392,0.0119815668202765
"7375","7375",3151,3151,3151,0
"7377","7377",2920,3016,3016,0.0328767123287671
"7378","7378",2029,2018,1791,-0.117299162148842
"7379","7379",1950,1951,2229,0.143076923076923
"7380","7380",5893,6145,6143,0.0424232139826913
"7381","7381",11091,7310,7183,-0.352357767559282
"7382","7382",1137,1136,1170,0.029023746701847
"7383","7383",1878,1878,1878,0
"7384","7384",6908,6910,7016,0.0156340474811812
"7385","7385",1379,1377,1380,0.000725163161711385
"7386","7386",4096,4078,4076,-0.0048828125
"7387","7387",2546,2548,2546,0
"7388","7388",5505,5474,5119,-0.0701180744777475
"7389","7389",4826,4654,4653,-0.0358474927476171
"7390","7390",1769,1773,1773,0.00226116449971735
"7391","7391",11022,11371,11254,0.0210488114679731
"7392","7392",5795,5561,3484,-0.398792062122519
"7393","7393",7020,6990,7028,0.00113960113960114
"7395","7395",2204,2208,2208,0.00181488203266788
"7396","7396",1346,1346,1346,0
"7397","7397",2975,2975,2976,0.000336134453781513
"7398","7398",7544,8617,8435,0.118107104984093
"7399","7399",3961,3961,3924,-0.00934107548598839
"7400","7400",3541,3542,3547,0.00169443659983056
"7401","7401",3677,3691,3672,-0.0013598041881969
"7402","7402",2744,2743,2826,0.0298833819241982
"7403","7403",3559,3551,3518,-0.0115200899128969
"7404","7404",9706,9703,9069,-0.065629507521121
"7406","7406",10200,9693,9696,-0.0494117647058823
"7407","7407",7037,6835,6836,-0.028563308227938
"7409","7409",812,915,915,0.126847290640394
"7410","7410",9467,8831,8739,-0.0768987007499736
"7412","7412",1505,1496,1496,-0.00598006644518272
"7413","7413",3242,2928,2876,-0.112893275755706
"7414","7414",6305,6305,2699,-0.571927042030135
"7416","7416",2522,2522,2523,0.000396510705789056
"7418","7418",1285,1285,1181,-0.0809338521400778
"10907","10907",1285,1285,1181,-0.0809338521400778
"7419","7419",2309,2309,2468,0.0688609787786921
"7420","7420",4405,4403,4530,0.0283768444948922
"7421","7421",2469,2469,2470,0.000405022276225192
"7422","7422",9908,10160,9979,0.00716592652402099
"7423","7423",2699,2698,2698,-0.000370507595405706
"7424","7424",5753,5757,5827,0.0128628541630454
"7426","7426",1342,1342,1342,0
"7427","7427",1765,1793,1702,-0.0356940509915014
"7428","7428",8843,6672,6643,-0.248784349202759
"7429","7429",1873,1481,1481,-0.209289909236519
"7430","7430",3023,3216,3173,0.0496195831955012
"11966","11966",3023,3216,3173,0.0496195831955012
"7431","7431",2013,2013,2012,-0.000496770988574267
"7433","7433",1065,1065,1065,0
"7434","7434",5533,5261,5261,-0.0491595879269836
"7435","7435",2350,2362,2362,0.0051063829787234
"7436","7436",1689,1480,1480,-0.123741859088218
"7437","7437",1185,1185,1085,-0.0843881856540084
"9681","9681",1185,1185,1085,-0.0843881856540084
"7438","7438",7408,7783,7756,0.0469762419006479
"7439","7439",7461,8067,8067,0.0812223562525131
"7441","7441",7440,7809,7621,0.0243279569892473
"7442","7442",1727,1724,1684,-0.0248986682107701
"8341","8341",1727,1724,1684,-0.0248986682107701
"7443","7443",2595,2527,2512,-0.0319845857418112
"7444","7444",1753,1636,1635,-0.067313177410154
"7445","7445",1416,1419,1419,0.00211864406779661
"7446","7446",2127,2127,2127,0
"7447","7447",2082,2052,2051,-0.0148895292987512
"7448","7448",2843,2749,2757,-0.0302497361941611
"7449","7449",1558,1545,1545,-0.00834403080872914
"7450","7450",5230,5222,5221,-0.0017208413001912
"7451","7451",3803,3799,3474,-0.0865106494872469
"7452","7452",4152,4452,4436,0.0684007707129094
"7453","7453",1883,2363,2361,0.253850238980351
"7454","7454",7975,8190,7475,-0.0626959247648903
"7455","7455",1776,1746,1481,-0.166103603603604
"13047","13047",1776,1746,1481,-0.166103603603604
"7456","7456",919,811,811,-0.117519042437432
"7457","7457",5528,5528,5623,0.0171852387843705
"7458","7458",4069,3954,3990,-0.0194150897026296
"7459","7459",1513,1512,1521,0.00528750826173166
"7460","7460",4184,4184,3890,-0.0702676864244742
"7462","7462",4491,4494,4492,0.000222667557336896
"7463","7463",5392,4991,4991,-0.0743694362017804
"7464","7464",6203,6011,5971,-0.0374012574560696
"7465","7465",2975,2973,2975,0
"7466","7466",2611,2611,2611,0
"13519","13519",2611,2611,2611,0
"7467","7467",3136,3384,3425,0.092155612244898
"13054","13054",3136,3384,3425,0.092155612244898
"7468","7468",3223,2884,2884,-0.105181507911883
"7469","7469",2996,2994,2994,-0.000667556742323097
"7470","7470",6708,6579,6671,-0.00551580202742993
"7471","7471",5335,5324,5324,-0.00206185567010309
"7472","7472",1757,1669,1669,-0.0500853727945361
"7473","7473",7491,7423,7428,-0.00841009211053264
"7474","7474",3167,3128,3164,-0.000947268708556994
"9400","9400",3167,3128,3164,-0.000947268708556994
"19273","19273",3167,3128,3164,-0.000947268708556994
"7475","7475",2684,2684,2678,-0.0022354694485842
"14402","14402",2684,2684,2678,-0.0022354694485842
"7476","7476",1487,557,552,-0.628782784129119
"7477","7477",3042,3042,3026,-0.00525969756738988
"7478","7478",1401,1365,1365,-0.0256959314775161
"7479","7479",4094,4093,4094,0
"7480","7480",3948,3883,3995,0.0119047619047619
"7481","7481",2072,2072,2075,0.00144787644787645
"7483","7483",9033,9033,8953,-0.00885641536588066
"7484","7484",4363,4361,4359,-0.000916800366720147
"7488","7488",1469,1469,1469,0
"7489","7489",9027,9170,8982,-0.00498504486540379
"7490","7490",3657,3657,3657,0
"7491","7491",5915,5915,5916,0.000169061707523246
"7492","7492",11761,11598,11575,-0.0158149817192416
"7493","7493",3196,3196,3197,0.000312891113892365
"7494","7494",2139,3992,4000,0.870032725572698
"7496","7496",13090,13027,13913,0.0628724216959511
"7497","7497",7604,7770,7753,0.0195949500263019
"7499","7499",4534,4392,4393,-0.0310983678870754
"19257","19257",4534,4392,4393,-0.0310983678870754
"7500","7500",4917,4893,4638,-0.0567419158023185
"7501","7501",5151,5416,5402,0.0487284022519899
"7502","7502",5928,5936,5936,0.00134952766531714
"7503","7503",7485,7500,7501,0.0021376085504342
"7504","7504",3092,3052,2968,-0.0401034928848642
"7505","7505",2400,2387,2387,-0.00541666666666667
"7506","7506",4408,4412,4390,-0.00408348457350272
"7507","7507",3919,3971,3971,0.0132686909926002
"7508","7508",1314,1302,1303,-0.00837138508371385
"10745","10745",1314,1302,1303,-0.00837138508371385
"7509","7509",3231,3231,3231,0
"7510","7510",4375,4376,4375,0
"7511","7511",8407,5049,5049,-0.399429047222553
"7512","7512",2475,2470,2617,0.0573737373737374
"7513","7513",6256,4549,6209,-0.00751278772378517
"7514","7514",1848,1821,1821,-0.0146103896103896
"7515","7515",4143,4143,2463,-0.405503258508327
"7516","7516",2250,2250,2266,0.00711111111111111
"7517","7517",6027,6027,6035,0.00132736021237763
"13346","13346",6027,6027,6035,0.00132736021237763
"7518","7518",7906,8005,7298,-0.0769036175056919
"7519","7519",5964,5964,5978,0.00234741784037559
"7520","7520",2210,2085,2115,-0.0429864253393665
"7521","7521",5945,5891,6122,0.0297729184188394
"7523","7523",2246,2253,2080,-0.0739091718610864
"7524","7524",11772,11890,11931,0.013506625891947
"7526","7526",2289,2424,2424,0.0589777195281782
"7527","7527",2231,2532,2306,0.0336172120125504
"7529","7529",3729,3729,4144,0.111289890050952
"7530","7530",4477,3080,3254,-0.273174000446728
"7531","7531",4768,4733,4733,-0.00734060402684564
"7532","7532",1742,1742,1742,0
"14713","14713",1742,1742,1742,0
"7533","7533",7828,9307,7958,0.0166070516096065
"7534","7534",4694,4470,4387,-0.0654026416702173
"7535","7535",2432,2445,2375,-0.0234375
"7536","7536",7334,7393,7294,-0.00545404963185165
"7537","7537",2063,1928,1928,-0.0654386815317499
"7539","7539",4929,4933,4940,0.00223168999797119
"7540","7540",4203,4196,4196,-0.00166547704020937
"7541","7541",2046,2135,2135,0.0434995112414467
"7542","7542",2816,2848,2848,0.0113636363636364
"7543","7543",5233,5230,5245,0.00229313969042614
"7544","7544",5842,5978,5828,-0.00239643957548785
"7547","7547",2724,2729,2756,0.0117474302496329
"19979","19979",2724,2729,2756,0.0117474302496329
"7548","7548",3368,3902,3630,0.077790973871734
"7549","7549",5116,5124,5349,0.0455433932759969
"7550","7550",1499,1499,1512,0.00867244829886591
"7551","7551",2328,2328,2262,-0.0283505154639175
"7552","7552",4183,4328,4328,0.0346641166626823
"7553","7553",3468,2876,3184,-0.0818915801614764
"7554","7554",6042,6274,6998,0.1582257530619
"7555","7555",2418,2416,2232,-0.0769230769230769
"12940","12940",2418,2416,2232,-0.0769230769230769
"7556","7556",2452,2454,2455,0.00122349102773246
"7558","7558",5336,5361,5219,-0.0219265367316342
"7559","7559",2654,2641,2641,-0.00489826676714393
"7560","7560",6276,5660,7198,0.146908859145953
"7561","7561",5328,5402,5402,0.0138888888888889
"7562","7562",877,877,843,-0.0387685290763968
"7563","7563",3787,3803,4117,0.087140216530235
"7565","7565",2195,2195,2195,0
"7566","7566",3554,3089,3437,-0.0329206527855937
"7567","7567",5856,6295,6233,0.0643784153005464
"7569","7569",4077,4146,4147,0.0171694873681629
"7570","7570",5107,5587,5549,0.086547875465048
"7571","7571",4671,4583,4583,-0.0188396488974524
"12819","12819",4671,4583,4583,-0.0188396488974524
"7572","7572",9819,11538,10135,0.0321825033099094
"7573","7573",9018,8849,8037,-0.108782435129741
"7574","7574",2600,3322,3322,0.277692307692308
"7575","7575",4018,4018,4073,0.0136884021901444
"7576","7576",3090,3090,3026,-0.0207119741100324
"7577","7577",2413,2207,2206,-0.0857853294653958
"7578","7578",2010,1982,1982,-0.0139303482587065
"17563","17563",2010,1982,1982,-0.0139303482587065
"7579","7579",4690,4690,4777,0.0185501066098081
"7580","7580",5791,6069,6130,0.0585391124158176
"7581","7581",5106,5119,5377,0.0530748139443792
"7582","7582",3682,3653,3653,-0.00787615426398696
"9093","9093",3682,3653,3653,-0.00787615426398696
"7583","7583",1411,1411,1411,0
"7584","7584",894,909,909,0.0167785234899329
"7586","7586",1410,1375,1359,-0.0361702127659574
"17279","17279",1410,1375,1359,-0.0361702127659574
"7587","7587",4795,4745,4652,-0.029822732012513
"7589","7589",3164,3175,3160,-0.00126422250316056
"7590","7590",3732,3581,3625,-0.0286709539121115
"7591","7591",3409,3210,3211,-0.0580815488413024
"7592","7592",1211,1319,1305,0.0776218001651528
"7593","7593",6309,6118,6176,-0.021080995403392
"7594","7594",2052,2052,2051,-0.000487329434697856
"7595","7595",4510,4512,4695,0.041019955654102
"7596","7596",2183,2040,2056,-0.0581768208886853
"7597","7597",1423,1423,1334,-0.0625439212930429
"7598","7598",2028,1744,1744,-0.140039447731755
"8048","8048",2028,1744,1744,-0.140039447731755
"7599","7599",4306,4429,4379,0.0169530887134231
"7600","7600",1102,1109,847,-0.231397459165154
"7601","7601",3533,3539,3539,0.00169827342202095
"7603","7603",3664,3664,3393,-0.0739628820960699
"7604","7604",3709,4539,4552,0.227284982475061
"7605","7605",3476,3473,3320,-0.0448791714614499
"7606","7606",1009,1070,1074,0.0644202180376611
"7607","7607",3421,3421,3409,-0.00350774627301958
"7608","7608",1835,1835,1834,-0.000544959128065395
"18490","18490",1835,1835,1834,-0.000544959128065395
"7609","7609",7982,7994,7933,-0.00613881232773741
"7610","7610",1617,1577,1614,-0.00185528756957328
"7611","7611",4546,4545,4652,0.0233172019357677
"7612","7612",2423,2420,2420,-0.00123813454395378
"7613","7613",5683,5684,4935,-0.131620622910435
"7614","7614",3182,3191,3145,-0.0116279069767442
"8528","8528",3182,3191,3145,-0.0116279069767442
"7615","7615",2186,2186,2599,0.188929551692589
"7617","7617",6007,6011,5679,-0.0546029632095888
"7618","7618",2241,2237,2237,-0.00178491744756805
"7619","7619",3896,3782,3776,-0.0308008213552361
"7620","7620",3328,8448,8267,1.48407451923077
"7621","7621",1938,1939,1939,0.000515995872033024
"7622","7622",2569,1898,1899,-0.260801868431296
"7623","7623",1491,1492,1481,-0.00670690811535882
"7624","7624",4838,4839,4828,-0.0020669698222406
"7625","7625",3380,3248,3252,-0.0378698224852071
"7626","7626",2675,2675,2683,0.00299065420560748
"7627","7627",2018,2023,2024,0.00297324083250743
"7628","7628",5408,5408,4980,-0.0791420118343195
"7629","7629",3252,3252,3252,0
"7630","7630",1676,1681,1681,0.00298329355608592
"7631","7631",5721,5721,5721,0
"7632","7632",3843,3810,3810,-0.00858704137392662
"7633","7633",2659,2725,2732,0.0274539300488906
"8483","8483",2659,2725,2732,0.0274539300488906
"18724","18724",2659,2725,2732,0.0274539300488906
"7634","7634",2624,2634,2550,-0.0282012195121951
"7635","7635",3947,3939,3939,-0.00202685583987839
"7636","7636",1873,1886,1886,0.00694073678590497
"7790","7790",1873,1886,1886,0.00694073678590497
"7638","7638",4857,4847,4830,-0.00555898702903027
"7639","7639",1306,1325,1325,0.0145482388973966
"7640","7640",8391,8392,8379,-0.00143010368251698
"7641","7641",6089,6062,6066,-0.00377730333388077
"7642","7642",4436,4392,4390,-0.0103697024346258
"7643","7643",2430,2430,2428,-0.000823045267489712
"7644","7644",6086,6086,6973,0.145744331252054
"7645","7645",3098,3098,3098,0
"7646","7646",7232,9950,7137,-0.0131360619469027
"7647","7647",1637,1628,1623,-0.00855222968845449
"7648","7648",1659,1765,1716,0.0343580470162749
"18875","18875",1659,1765,1716,0.0343580470162749
"7650","7650",1123,1123,1099,-0.0213713268032057
"18489","18489",1123,1123,1099,-0.0213713268032057
"7651","7651",4782,5350,5077,0.061689669594312
"7652","7652",3264,3264,3259,-0.00153186274509804
"7653","7653",1568,2058,2063,0.315688775510204
"7655","7655",10661,10661,10355,-0.028702748335053
"7656","7656",3224,3206,3200,-0.00744416873449132
"7657","7657",7459,7459,7461,0.000268132457433972
"7658","7658",6158,6120,6087,-0.0115297174407275
"7659","7659",4216,4211,4210,-0.00142314990512334
"7660","7660",15602,15521,15495,-0.00685809511601077
"7661","7661",3151,3214,3214,0.0199936528086322
"7662","7662",12767,11641,11631,-0.0889794000156654
"7663","7663",7625,7967,7856,0.0302950819672131
"7664","7664",1334,1334,1297,-0.027736131934033
"9792","9792",1334,1334,1297,-0.027736131934033
"13733","13733",1334,1334,1297,-0.027736131934033
"7665","7665",4973,4986,4986,0.0026141162276292
"7666","7666",2713,2713,2713,0
"7667","7667",2396,2394,2342,-0.0225375626043406
"7668","7668",3757,3760,3760,0.00079850944902848
"7669","7669",2784,2546,2864,0.028735632183908
"14831","14831",2784,2546,2864,0.028735632183908
"7670","7670",2063,2097,2097,0.0164808531265148
"7672","7672",5158,5162,5165,0.00135711516091508
"7673","7673",3144,3264,3565,0.133905852417303
"7676","7676",4206,3966,3878,-0.0779838326200666
"7677","7677",1637,1580,1652,0.00916310323762981
"8961","8961",1637,1580,1652,0.00916310323762981
"7678","7678",3483,3483,3373,-0.0315819695664657
"7679","7679",2867,2871,2810,-0.0198814091384723
"7680","7680",3881,3839,3924,0.0110796186549858
"7681","7681",5292,5094,5096,-0.037037037037037
"7682","7682",5911,5709,5945,0.00575198781931991
"7683","7683",3146,3146,3161,0.00476795931341386
"7684","7684",3540,3349,3353,-0.0528248587570621
"7685","7685",4190,3593,3770,-0.100238663484487
"7687","7687",5155,4975,4976,-0.0347235693501455
"7688","7688",3786,3786,3781,-0.00132065504490227
"7689","7689",3376,3445,2863,-0.151954976303318
"7690","7690",2706,2706,2697,-0.00332594235033259
"7691","7691",10090,10000,9934,-0.0154608523290387
"7692","7692",5248,4060,4021,-0.233803353658537
"7693","7693",1589,1578,1578,-0.00692259282567653
"7694","7694",1998,1719,1878,-0.0600600600600601
"7695","7695",1328,1310,1304,-0.0180722891566265
"7696","7696",2167,2167,2167,0
"7697","7697",2411,2749,2418,0.00290335960182497
"7699","7699",5309,4544,4542,-0.144471651911848
"7700","7700",12403,12342,12918,0.0415222123679755
"7701","7701",2763,2763,2763,0
"7702","7702",3165,3232,2965,-0.0631911532385466
"7703","7703",2672,2672,2684,0.00449101796407186
"7704","7704",6235,6269,6214,-0.00336808340016038
"7705","7705",5738,5782,5790,0.00906239107703032
"7706","7706",3355,3399,3398,0.0128166915052161
"11444","11444",3355,3399,3398,0.0128166915052161
"7707","7707",3480,3289,3469,-0.00316091954022989
"7708","7708",802,802,846,0.0548628428927681
"7709","7709",3303,3303,2386,-0.277626400242204
"7710","7710",2528,2528,1947,-0.229825949367089
"8524","8524",2528,2528,1947,-0.229825949367089
"9963","9963",2528,2528,1947,-0.229825949367089
"17577","17577",2528,2528,1947,-0.229825949367089
"7711","7711",5145,4944,4784,-0.0701652089407191
"7712","7712",2721,2718,3667,0.347666299154723
"7713","7713",2492,2492,2595,0.0413322632423756
"12481","12481",2492,2492,2595,0.0413322632423756
"7714","7714",1149,1091,1033,-0.100957354221062
"7716","7716",2996,2996,2996,0
"7717","7717",2665,2683,2559,-0.0397748592870544
"7718","7718",2188,2190,2190,0.000914076782449726
"7719","7719",4848,4333,4456,-0.0808580858085809
"19456","19456",4848,4333,4456,-0.0808580858085809
"7720","7720",3301,3351,3638,0.102090275674038
"11820","11820",3301,3351,3638,0.102090275674038
"7721","7721",5038,5021,4835,-0.0402937673680032
"7723","7723",4348,3654,3645,-0.161683532658694
"7724","7724",1629,1629,1629,0
"13869","13869",1629,1629,1629,0
"7726","7726",1428,1561,1623,0.136554621848739
"7727","7727",2435,2435,2435,0
"7728","7728",8143,4623,4623,-0.432273118015473
"7730","7730",5492,5717,5657,0.0300436999271668
"7731","7731",8728,8730,11001,0.260426214482126
"7732","7732",4339,4189,3987,-0.0811246831067066
"7733","7733",2715,2044,2045,-0.246777163904236
"7734","7734",6263,6394,6244,-0.00303368992495609
"7735","7735",4100,4105,4097,-0.000731707317073171
"7736","7736",3453,3453,3453,0
"7737","7737",6025,5500,5488,-0.0891286307053942
"7738","7738",2220,2412,2369,0.0671171171171171
"7739","7739",2135,2126,2126,-0.00421545667447307
"7740","7740",4941,4728,4688,-0.051204209674155
"7741","7741",5328,5604,5594,0.0499249249249249
"7742","7742",5007,5008,5103,0.0191731575793889
"19218","19218",5007,5008,5103,0.0191731575793889
"7743","7743",10768,10688,10669,-0.00919390787518574
"7744","7744",5412,5513,5509,0.0179231337767923
"7745","7745",5244,5217,5212,-0.0061022120518688
"7746","7746",2527,2527,2547,0.00791452314998021
"7748","7748",1247,1247,1360,0.0906174819566961
"18222","18222",1247,1247,1360,0.0906174819566961
"7749","7749",2053,2053,2694,0.312226010716025
"7751","7751",1724,1442,1367,-0.20707656612529
"7752","7752",2333,2333,2333,0
"7753","7753",2027,2027,2027,0
"7754","7754",2218,2677,2680,0.208295761947701
"7755","7755",1008,1008,1008,0
"7756","7756",1520,1520,1520,0
"8476","8476",1520,1520,1520,0
"7757","7757",1940,2030,2042,0.0525773195876289
"12542","12542",1940,2030,2042,0.0525773195876289
"7758","7758",2526,2477,2653,0.05027711797308
"7759","7759",1935,1799,1800,-0.0697674418604651
"15712","15712",1935,1799,1800,-0.0697674418604651
"7761","7761",9867,9868,9178,-0.069828722002635
"7762","7762",8601,8602,8233,-0.0427857225903965
"7763","7763",1177,1177,1336,0.135089209855565
"7764","7764",2796,2631,2568,-0.0815450643776824
"7765","7765",1915,1906,1906,-0.00469973890339426
"7766","7766",1631,1631,1631,0
"16315","16315",1631,1631,1631,0
"7767","7767",1662,1678,1089,-0.344765342960289
"7768","7768",3250,3429,3487,0.0729230769230769
"7769","7769",2674,2674,2687,0.00486163051608078
"7770","7770",3120,3122,3090,-0.00961538461538462
"7771","7771",1146,1146,1142,-0.00349040139616056
"7772","7772",2273,2273,2754,0.21161460624725
"7773","7773",6384,7933,7933,0.242637844611529
"7774","7774",1446,1446,1443,-0.0020746887966805
"7775","7775",2196,2196,2196,0
"7776","7776",4423,4475,4815,0.0886276283065792
"7777","7777",2027,2215,2009,-0.00888011840157869
"7779","7779",5381,4943,4943,-0.0813975097565508
"7780","7780",670,905,905,0.350746268656716
"7781","7781",7272,5852,5847,-0.195957095709571
"7783","7783",3591,3591,3582,-0.0025062656641604
"7784","7784",4469,4333,4133,-0.0751846050570597
"7785","7785",3323,3283,3280,-0.0129401143544989
"7786","7786",3225,3225,2675,-0.170542635658915
"7789","7789",5516,5543,5596,0.0145032632342277
"7791","7791",3809,3776,3776,-0.00866369125754791
"7792","7792",3107,3092,3094,-0.00418410041841004
"7793","7793",3465,3465,2934,-0.153246753246753
"7794","7794",2685,2687,2674,-0.00409683426443203
"7795","7795",4923,4237,4142,-0.158643103798497
"7796","7796",15915,15106,15088,-0.0519635563933396
"7797","7797",3226,3226,3229,0.000929944203347799
"7799","7799",2030,2031,2054,0.0118226600985222
"7800","7800",3515,3478,3242,-0.0776671408250356
"7801","7801",10562,10268,10242,-0.0302972921795115
"7802","7802",4568,4771,4771,0.0444395796847636
"7803","7803",1758,1758,1753,-0.00284414106939704
"7804","7804",1746,1883,2099,0.202176403207331
"7805","7805",1784,1783,1783,-0.000560538116591928
"7806","7806",1702,1702,1703,0.000587544065804935
"7807","7807",7190,3793,3755,-0.477746870653686
"7808","7808",9814,9849,7513,-0.234460974118606
"7809","7809",1843,1778,1778,-0.0352685838307108
"15028","15028",1843,1778,1778,-0.0352685838307108
"7810","7810",2869,2865,3814,0.329383060299756
"7811","7811",1622,1622,1593,-0.0178791615289766
"7812","7812",2673,2673,2673,0
"7813","7813",8244,8363,8244,0
"7814","7814",6336,6320,6321,-0.00236742424242424
"7815","7815",3457,3557,3425,-0.00925658085044836
"7816","7816",7959,7792,7800,-0.0199773840934791
"7817","7817",6286,6416,6416,0.0206808781419026
"7818","7818",3961,4282,4274,0.0790204493814693
"7819","7819",5120,5121,5121,0.0001953125
"7820","7820",2173,2202,1877,-0.136217211228716
"12016","12016",2173,2202,1877,-0.136217211228716
"7821","7821",4326,4129,4131,-0.0450762829403606
"7822","7822",2623,2610,2610,-0.0049561570720549
"7823","7823",5636,5636,5631,-0.000887154009936125
"7824","7824",3286,3041,2228,-0.321972002434571
"12944","12944",3286,3041,2228,-0.321972002434571
"7825","7825",4060,4110,4415,0.0874384236453202
"7826","7826",10775,11404,11407,0.0586542923433875
"7827","7827",10767,10763,10515,-0.0234048481471162
"7829","7829",4149,4147,4147,-0.000482043865991805
"7830","7830",1525,1538,1527,0.00131147540983607
"7831","7831",4563,4555,4558,-0.00109577032653956
"7833","7833",1701,1793,1781,0.0470311581422693
"7834","7834",8393,8402,8449,0.00667222685571309
"7835","7835",2222,2222,2024,-0.0891089108910891
"7836","7836",9406,10167,10181,0.0823942164575803
"7837","7837",904,904,793,-0.122787610619469
"7838","7838",4825,4825,4830,0.00103626943005181
"7839","7839",1529,1522,1536,0.00457815565729235
"17635","17635",1529,1522,1536,0.00457815565729235
"7840","7840",3963,3977,3976,0.00328034317436286
"7841","7841",4816,4614,4615,-0.0417358803986711
"7842","7842",3976,3905,3907,-0.0173541247484909
"7843","7843",822,826,826,0.0048661800486618
"7844","7844",5930,5368,5437,-0.0831365935919056
"7845","7845",9918,9786,9758,-0.0161322847348256
"7846","7846",3230,3305,3069,-0.0498452012383901
"7847","7847",4593,4621,4622,0.00631395602003048
"7848","7848",2506,2273,2273,-0.0929768555466879
"7849","7849",12201,12084,12066,-0.0110646668305877
"7850","7850",5810,5882,5950,0.0240963855421687
"7852","7852",5189,4919,4920,-0.0518404316824051
"7853","7853",2221,2065,2062,-0.0715893741557857
"7854","7854",2508,1715,1715,-0.316188197767145
"18022","18022",2508,1715,1715,-0.316188197767145
"7855","7855",2248,2257,2127,-0.0538256227758007
"9466","9466",2248,2257,2127,-0.0538256227758007
"10197","10197",2248,2257,2127,-0.0538256227758007
"7856","7856",6813,6510,6510,-0.0444738000880669
"7857","7857",4905,4908,4913,0.00163098878695209
"7858","7858",8848,8848,8673,-0.0197784810126582
"7859","7859",3588,3588,3572,-0.00445930880713489
"7860","7860",5938,6068,5945,0.00117884809700236
"7861","7861",3641,3638,5246,0.440812963471574
"7862","7862",11156,11108,11108,-0.00430261742560057
"7863","7863",2478,2449,2450,-0.0112994350282486
"7864","7864",2366,2366,2366,0
"7865","7865",1329,1332,1328,-0.000752445447705041
"7866","7866",2795,2795,2795,0
"7867","7867",3553,3557,3557,0.00112580917534478
"7868","7868",2436,2435,2434,-0.000821018062397373
"7869","7869",1373,1373,1373,0
"7870","7870",3712,2645,2322,-0.374461206896552
"7871","7871",5019,5003,5303,0.0565849770870691
"7872","7872",1668,1651,1530,-0.0827338129496403
"7873","7873",4961,4960,5656,0.140092723241282
"7874","7874",3049,3047,4163,0.365365693670056
"7876","7876",2635,2633,2634,-0.000379506641366224
"7877","7877",1455,1455,1456,0.000687285223367698
"7878","7878",3593,3557,3557,-0.0100194823267465
"18523","18523",3593,3557,3557,-0.0100194823267465
"7879","7879",3999,3999,3999,0
"7880","7880",3213,3152,3151,-0.0192966075319016
"7881","7881",1609,1609,1609,0
"7882","7882",1715,2116,2116,0.233819241982507
"8416","8416",1715,2116,2116,0.233819241982507
"7883","7883",2642,2669,2546,-0.036336109008327
"7884","7884",5705,5348,5336,-0.0646801051709027
"7885","7885",5313,5214,5159,-0.0289855072463768
"7886","7886",2198,2086,2113,-0.0386715195632393
"7887","7887",1515,1948,1900,0.254125412541254
"7888","7888",1944,1652,1866,-0.0401234567901235
"7889","7889",1913,1934,1934,0.010977522216414
"7890","7890",5663,5627,7255,0.281123079639767
"7891","7891",5623,5670,5670,0.00835852747643607
"7892","7892",4672,2942,2977,-0.362799657534247
"7893","7893",1269,1269,1312,0.0338849487785658
"7894","7894",7682,7786,7598,-0.0109346524342619
"7895","7895",4272,4272,4298,0.00608614232209738
"7897","7897",7427,5193,5164,-0.304699070957318
"7898","7898",2164,2164,2158,-0.00277264325323475
"7899","7899",7668,7709,7412,-0.0333854981742306
"7900","7900",3142,3207,3117,-0.00795671546785487
"7901","7901",1577,1577,1577,0
"7902","7902",3364,3364,3364,0
"7903","7903",4835,4794,4795,-0.00827300930713547
"7904","7904",1932,2063,1949,0.0087991718426501
"16267","16267",1932,2063,1949,0.0087991718426501
"7905","7905",5318,5221,2932,-0.44866491162091
"7906","7906",10569,7333,9800,-0.0727599583688145
"7907","7907",4504,4158,4135,-0.0819271758436945
"7908","7908",2154,2146,2146,-0.00371402042711235
"7909","7909",2112,2117,2118,0.00284090909090909
"7910","7910",3460,3460,3489,0.00838150289017341
"17023","17023",3460,3460,3489,0.00838150289017341
"7911","7911",4472,4405,4464,-0.00178890876565295
"7913","7913",2870,2885,2858,-0.00418118466898955
"7914","7914",2752,2752,2767,0.00545058139534884
"7915","7915",10091,10102,10142,0.00505400852244574
"7916","7916",5482,5658,5637,0.0282743524261219
"7917","7917",2777,2672,2672,-0.03781058696435
"7918","7918",3107,3230,2433,-0.216929514000644
"7919","7919",699,699,699,0
"7920","7920",4987,4892,4730,-0.0515339883697614
"7921","7921",4475,4517,4363,-0.0250279329608939
"7922","7922",2784,2719,2766,-0.00646551724137931
"7923","7923",3187,3156,3155,-0.0100407907122686
"7924","7924",2398,1871,2376,-0.00917431192660551
"7925","7925",1900,1929,2072,0.0905263157894737
"7926","7926",3767,3383,3389,-0.100345102203345
"7927","7927",2365,2208,2586,0.093446088794926
"7928","7928",2571,2663,2488,-0.0322831583041618
"7929","7929",3077,3094,3094,0.00552486187845304
"7930","7930",2142,2139,2357,0.100373482726424
"7931","7931",5140,5159,3927,-0.235992217898833
"7932","7932",3364,3354,3130,-0.0695600475624257
"7934","7934",2712,2842,2834,0.0449852507374631
"7935","7935",3150,3027,3026,-0.0393650793650794
"18845","18845",3150,3027,3026,-0.0393650793650794
"7936","7936",1360,1251,1251,-0.0801470588235294
"7937","7937",7146,7125,6977,-0.0236495941785614
"7938","7938",2565,2527,2493,-0.0280701754385965
"13712","13712",2565,2527,2493,-0.0280701754385965
"7939","7939",3609,4888,4916,0.362150180105292
"7940","7940",3518,3520,3610,0.0261512222853894
"10622","10622",3518,3520,3610,0.0261512222853894
"7941","7941",1177,1112,1116,-0.0518266779949023
"7942","7942",2875,2722,2723,-0.0528695652173913
"7943","7943",3283,3034,2995,-0.0877246420956442
"7945","7945",5408,5420,5407,-0.00018491124260355
"7946","7946",2827,2841,2816,-0.00389105058365759
"7947","7947",5977,5498,6846,0.145390664212816
"7948","7948",1173,1407,1407,0.199488491048593
"15932","15932",1173,1407,1407,0.199488491048593
"7949","7949",2725,1941,1941,-0.287706422018349
"7950","7950",4464,4464,4464,0
"7951","7951",1980,2014,2365,0.194444444444444
"7952","7952",11913,11891,11974,0.00512045664400235
"7953","7953",3885,3890,3877,-0.00205920205920206
"7954","7954",3644,3707,3703,0.0161909989023052
"14370","14370",3644,3707,3703,0.0161909989023052
"7955","7955",2855,2856,3160,0.106830122591944
"7956","7956",2374,2376,2148,-0.0951979780960404
"8393","8393",2374,2376,2148,-0.0951979780960404
"7957","7957",7732,6916,6578,-0.149249870667356
"7958","7958",3059,3258,3258,0.0650539391958156
"7960","7960",5592,5609,5598,0.00107296137339056
"7962","7962",1435,1721,1754,0.222299651567944
"7963","7963",5291,5273,5046,-0.0463050463050463
"7964","7964",2352,2352,2440,0.0374149659863946
"7965","7965",4562,4562,5053,0.107628233231039
"7966","7966",4950,4448,4684,-0.0537373737373737
"7967","7967",4996,4996,5057,0.0122097678142514
"7968","7968",1642,1642,1857,0.130937880633374
"15721","15721",1642,1642,1857,0.130937880633374
"7969","7969",1797,1797,1797,0
"7970","7970",1946,1894,1839,-0.0549845837615622
"7971","7971",12762,10277,9899,-0.224337878075537
"7972","7972",8016,8055,7751,-0.0330588822355289
"7973","7973",3280,3592,3592,0.0951219512195122
"7974","7974",2328,2330,2330,0.000859106529209622
"7975","7975",5354,5589,5559,0.038289129622712
"7976","7976",2964,2964,2929,-0.011808367071525
"7977","7977",1034,990,747,-0.277562862669246
"7978","7978",2602,2602,2602,0
"7979","7979",6396,7576,7590,0.186679174484053
"7980","7980",3067,2948,2934,-0.0433648516465602
"7982","7982",5174,5175,5177,0.000579822187862389
"16734","16734",5174,5175,5177,0.000579822187862389
"7983","7983",1102,1102,1102,0
"7984","7984",1457,1452,1224,-0.159917638984214
"7985","7985",4048,4048,4056,0.00197628458498024
"7986","7986",4092,4036,3893,-0.0486314760508309
"7987","7987",2705,2084,2008,-0.257670979667283
"7988","7988",2979,2979,2927,-0.017455521987244
"7990","7990",2553,2873,2869,0.123775949862906
"19869","19869",2553,2873,2869,0.123775949862906
"7991","7991",3303,3304,3304,0.000302755071147442
"7992","7992",3274,3284,3333,0.018020769700672
"7993","7993",2085,2097,2223,0.0661870503597122
"7994","7994",2539,2687,2687,0.0582906656163844
"7995","7995",4620,4619,4852,0.0502164502164502
"7996","7996",4971,5112,5144,0.0348018507342587
"7997","7997",5400,5400,5397,-0.000555555555555556
"7998","7998",8760,8781,8768,0.00091324200913242
"7999","7999",866,911,909,0.0496535796766744
"8000","8000",2431,2431,2174,-0.105717811600165
"8001","8001",3764,3653,4750,0.261955366631243
"8002","8002",3731,3731,3734,0.000804073974805682
"8003","8003",851,878,875,0.0282021151586369
"8004","8004",2469,2321,2398,-0.0287565816119887
"8005","8005",1041,1041,1041,0
"8006","8006",1012,1031,1031,0.0187747035573123
"8007","8007",3558,3535,3536,-0.00618324901630129
"8008","8008",11482,8813,8784,-0.234976484932939
"8009","8009",3728,3855,3721,-0.00187768240343348
"8010","8010",2989,2989,2989,0
"11928","11928",2989,2989,2989,0
"8011","8011",2747,2747,2906,0.0578813250819075
"8012","8012",1936,1966,2118,0.0940082644628099
"8013","8013",2755,2807,2695,-0.0217785843920145
"8015","8015",2354,2358,2357,0.00127442650807137
"8016","8016",1752,1752,1820,0.0388127853881279
"8017","8017",2174,2541,2513,0.155933762649494
"8018","8018",2926,2752,2752,-0.0594668489405332
"8019","8019",2081,2440,2440,0.172513214800577
"8020","8020",6316,6336,6347,0.00490816972767574
"8021","8021",2405,2331,2332,-0.0303534303534304
"8022","8022",3298,3146,3105,-0.0585203153426319
"8023","8023",8565,8554,8388,-0.0206654991243433
"8024","8024",7008,7009,6922,-0.0122716894977169
"8025","8025",1115,1114,1114,-0.000896860986547085
"8026","8026",5642,5642,5622,-0.00354484225451967
"8027","8027",2241,2197,2197,-0.0196340919232485
"8028","8028",9090,8244,8150,-0.103410341034103
"8029","8029",4383,4379,4389,0.00136892539356605
"8030","8030",4819,4820,4821,0.000415023863872173
"8032","8032",2578,2572,2572,-0.00232738557020946
"8033","8033",3966,3966,4152,0.0468986384266263
"8035","8035",7009,7009,6726,-0.0403766585818234
"8036","8036",3861,3615,3514,-0.0898730898730899
"8037","8037",2457,2457,2456,-0.000407000407000407
"8038","8038",3094,2895,2913,-0.0585003232062056
"8039","8039",2616,2500,2308,-0.117737003058104
"8040","8040",10241,10237,10201,-0.0039058685675227
"8042","8042",6215,6202,6484,0.0432823813354787
"8043","8043",7212,7617,7255,0.00596228508042152
"8044","8044",9868,9947,10904,0.10498581272801
"8045","8045",3299,3287,3288,-0.00333434374052743
"8046","8046",7856,7906,7909,0.00674643584521385
"8047","8047",5166,5166,5172,0.00116144018583043
"8049","8049",2366,2321,2353,-0.00549450549450549
"8050","8050",1918,1963,1963,0.0234619395203337
"8051","8051",3082,3009,3009,-0.0236859182349124
"8052","8052",4023,4033,4033,0.00248570718369376
"8053","8053",4255,4234,4198,-0.0133960047003525
"8054","8054",2829,2827,2814,-0.00530222693531283
"8055","8055",1999,1993,2084,0.0425212606303152
"8056","8056",1948,1948,1972,0.0123203285420945
"8057","8057",3128,2453,2459,-0.213874680306905
"14782","14782",3128,2453,2459,-0.213874680306905
"8058","8058",2015,1893,1895,-0.0595533498759305
"8059","8059",3241,3241,3241,0
"8060","8060",1413,1413,1416,0.00212314225053079
"8061","8061",4701,4701,4815,0.0242501595405233
"8062","8062",7994,7908,7913,-0.0101325994495872
"8063","8063",2114,2114,2062,-0.0245979186376537
"8064","8064",2843,2830,2831,-0.00422089342244108
"14471","14471",2843,2830,2831,-0.00422089342244108
"8065","8065",10559,10900,10425,-0.0126905957003504
"8066","8066",2623,2624,2033,-0.224933282500953
"8067","8067",2711,2421,2429,-0.104020656584286
"8068","8068",5790,5809,5816,0.00449050086355786
"8069","8069",3234,3169,3147,-0.0269016697588126
"8070","8070",5542,5936,5664,0.0220137134608445
"8071","8071",4999,5233,5270,0.0542108421684337
"8072","8072",2386,2777,2776,0.163453478625314
"8073","8073",7491,7494,7495,0.000533974102256041
"8075","8075",2612,1898,1898,-0.273353751914242
"8076","8076",4097,4024,4002,-0.0231876983158409
"8078","8078",3829,3825,4351,0.136328022982502
"8079","8079",3466,3388,3388,-0.0225043277553376
"8080","8080",1804,1910,1910,0.0587583148558758
"8081","8081",1985,1890,1890,-0.0478589420654912
"8082","8082",1758,1758,1759,0.000568828213879408
"8083","8083",6592,7337,6703,0.0168385922330097
"8084","8084",2029,2029,1991,-0.0187284376540168
"11637","11637",2029,2029,1991,-0.0187284376540168
"18131","18131",2029,2029,1991,-0.0187284376540168
"19931","19931",2029,2029,1991,-0.0187284376540168
"8085","8085",1546,1546,1546,0
"8086","8086",1645,1781,1784,0.0844984802431611
"9069","9069",1645,1781,1784,0.0844984802431611
"8087","8087",2175,2163,2281,0.048735632183908
"8088","8088",3177,3244,3244,0.0210890777463015
"18586","18586",3177,3244,3244,0.0210890777463015
"8089","8089",5327,4787,4626,-0.131593767599024
"8090","8090",6437,7082,7083,0.100357309305577
"8091","8091",4637,4635,4612,-0.00539141686435195
"8092","8092",2765,2765,2852,0.0314647377938517
"8093","8093",5834,5827,5691,-0.0245114844017827
"8094","8094",3173,3173,3174,0.000315159155373464
"8095","8095",1407,1410,1410,0.00213219616204691
"8097","8097",3601,3696,3456,-0.040266592613163
"8098","8098",1558,1558,1462,-0.061617458279846
"19855","19855",1558,1558,1462,-0.061617458279846
"8099","8099",2196,2196,1993,-0.0924408014571949
"8100","8100",6928,6907,6407,-0.07520207852194
"8102","8102",4673,5542,4621,-0.0111277551893858
"8103","8103",2821,2820,2819,-0.000708968450903935
"8104","8104",1499,1318,1320,-0.119412941961308
"17854","17854",1499,1318,1320,-0.119412941961308
"8105","8105",5802,5800,5800,-0.000344708721130645
"8106","8106",5855,5850,6429,0.0980358667805295
"8107","8107",1882,1822,1822,-0.0318809776833156
"8108","8108",2956,2903,2912,-0.0148849797023004
"9528","9528",2956,2903,2912,-0.0148849797023004
"8109","8109",6339,6382,6382,0.00678340432244834
"8110","8110",3311,3314,3314,0.000906070673512534
"8111","8111",3942,3943,3943,0.000253678335870117
"8112","8112",1936,1936,1936,0
"8114","8114",5229,4958,4899,-0.0631095811818703
"8115","8115",3083,3083,3077,-0.00194615634122608
"8116","8116",2206,2141,2265,0.0267452402538531
"12071","12071",2206,2141,2265,0.0267452402538531
"8117","8117",2034,1323,1323,-0.349557522123894
"8118","8118",7791,7796,7797,0.000770119368502118
"8119","8119",11254,10534,10508,-0.0662875422072152
"8121","8121",2909,2827,2827,-0.0281883808869027
"8122","8122",2443,2342,2609,0.067949242734343
"8123","8123",10630,10766,11062,0.0406396989651929
"8124","8124",1502,1764,1759,0.171105193075899
"19341","19341",1502,1764,1759,0.171105193075899
"8125","8125",1586,1586,1584,-0.00126103404791929
"8126","8126",2050,2083,2107,0.0278048780487805
"8127","8127",7988,7921,7925,-0.00788683024536805
"8128","8128",6097,5479,5424,-0.110382155158275
"8129","8129",4442,4438,4423,-0.00427735254389914
"8130","8130",2868,2862,2862,-0.00209205020920502
"8131","8131",4033,4090,4089,0.0138854450781056
"8132","8132",2794,2794,2786,-0.00286327845382963
"8133","8133",6588,6588,6550,-0.00576806314511233
"8134","8134",4022,4022,4028,0.00149179512680259
"8135","8135",2699,2681,2680,-0.00703964431270841
"18720","18720",2699,2681,2680,-0.00703964431270841
"8136","8136",5196,5104,5684,0.0939183987682833
"8137","8137",2670,2666,2686,0.00599250936329588
"8138","8138",1390,1995,1390,0
"8139","8139",1223,1218,1128,-0.0776778413736713
"8140","8140",2421,2195,2201,-0.0908715406856671
"8141","8141",3917,3794,3598,-0.0814398774572377
"8142","8142",5385,6260,5043,-0.0635097493036212
"8143","8143",2995,2995,2995,0
"8144","8144",1765,1765,1770,0.0028328611898017
"8145","8145",2717,2765,2765,0.0176665439823335
"12372","12372",2717,2765,2765,0.0176665439823335
"8146","8146",1026,1026,1033,0.00682261208576998
"8147","8147",1497,1497,1688,0.127588510354041
"8148","8148",2817,2799,2803,-0.00496982605608804
"8838","8838",2817,2799,2803,-0.00496982605608804
"15883","15883",2817,2799,2803,-0.00496982605608804
"8149","8149",3204,3251,3259,0.0171660424469413
"17702","17702",3204,3251,3259,0.0171660424469413
"19133","19133",3204,3251,3259,0.0171660424469413
"8150","8150",2722,2759,2754,0.011756061719324
"16459","16459",2722,2759,2754,0.011756061719324
"8151","8151",1375,1479,1479,0.0756363636363636
"9834","9834",1375,1479,1479,0.0756363636363636
"8152","8152",4020,2754,2754,-0.314925373134328
"8153","8153",1763,1686,1598,-0.0935904707884288
"8154","8154",6351,6379,6475,0.0195244843331759
"8155","8155",3408,3408,3368,-0.0117370892018779
"8156","8156",4702,5419,4709,0.00148872820076563
"8157","8157",2076,2303,2303,0.109344894026975
"8158","8158",4984,4984,4984,0
"8159","8159",7044,6905,7665,0.088160136286201
"8160","8160",3802,3802,3312,-0.128879537085744
"8161","8161",16070,14832,15017,-0.0655258245177349
"8162","8162",2358,2380,2315,-0.0182357930449534
"8163","8163",7527,5023,5023,-0.332669058057659
"8164","8164",2426,2426,2431,0.00206100577081616
"8165","8165",3125,3121,3124,-0.00032
"8166","8166",4835,4849,4779,-0.0115822130299897
"8168","8168",2177,2187,2246,0.0316949931097841
"8169","8169",2425,2428,2706,0.115876288659794
"8170","8170",1340,1545,1602,0.195522388059701
"11585","11585",1340,1545,1602,0.195522388059701
"14661","14661",1340,1545,1602,0.195522388059701
"8171","8171",3614,3606,3720,0.0293303818483675
"8172","8172",1684,1684,3291,0.954275534441805
"8173","8173",2134,2132,2129,-0.00234301780693533
"8174","8174",1203,1205,904,-0.248545303408146
"8175","8175",3387,3415,3415,0.00826690286389135
"8176","8176",6030,6699,6700,0.111111111111111
"8177","8177",11014,10625,10420,-0.0539313600871618
"8178","8178",1124,1245,1226,0.0907473309608541
"8179","8179",2117,2121,2110,-0.00330656589513462
"10588","10588",2117,2121,2110,-0.00330656589513462
"8180","8180",2249,2028,2036,-0.0947087594486438
"8181","8181",3235,3104,3104,-0.0404945904173107
"8182","8182",3153,3372,3312,0.0504281636536632
"8183","8183",2881,2881,2977,0.0333217632766401
"8185","8185",10238,10172,10175,-0.00615354561437781
"8186","8186",1262,1262,1188,-0.0586370839936609
"8187","8187",2956,2903,2912,-0.0148849797023004
"12187","12187",2956,2903,2912,-0.0148849797023004
"8188","8188",1302,1643,1643,0.261904761904762
"16382","16382",1302,1643,1643,0.261904761904762
"8189","8189",1574,1568,1575,0.000635324015247776
"9659","9659",1574,1568,1575,0.000635324015247776
"8190","8190",2300,2300,2300,0
"8191","8191",7070,7097,7103,0.00466760961810467
"8192","8192",3341,3103,3191,-0.0448967375037414
"8193","8193",2018,2007,1488,-0.262636273538157
"8194","8194",5542,5643,5643,0.0182244677011909
"8195","8195",2549,2624,2163,-0.151431934091801
"8196","8196",1313,1303,1339,0.0198019801980198
"8197","8197",3288,3289,3290,0.000608272506082725
"8198","8198",3847,3884,3783,-0.0166363400051989
"8199","8199",4048,3672,3672,-0.0928853754940712
"8200","8200",2301,2118,2118,-0.0795306388526728
"12472","12472",2301,2118,2118,-0.0795306388526728
"17903","17903",2301,2118,2118,-0.0795306388526728
"8201","8201",3614,2993,2969,-0.17847260653016
"8202","8202",6894,7732,7643,0.108645198723528
"8203","8203",8696,8465,8702,0.000689972401103956
"8204","8204",10665,8205,9314,-0.126676043131739
"8205","8205",2347,2224,2247,-0.0426075841499787
"8207","8207",3293,3293,3293,0
"8208","8208",2095,3942,3942,0.881622911694511
"8209","8209",1355,1351,1282,-0.0538745387453875
"8210","8210",1637,1737,1806,0.103237629810629
"8211","8211",5863,7245,6913,0.179089203479447
"8212","8212",4206,4226,4354,0.0351878269139325
"8213","8213",1082,1029,1029,-0.0489833641404806
"8214","8214",2941,2643,2861,-0.0272016320979259
"8215","8215",8815,9454,9459,0.073057288712422
"8216","8216",1100,1064,1064,-0.0327272727272727
"8217","8217",3622,3406,3406,-0.0596355604638321
"8218","8218",1407,1407,1390,-0.0120824449182658
"8219","8219",4283,4301,3960,-0.0754144291384544
"8220","8220",3195,3071,3261,0.0206572769953052
"19895","19895",3195,3071,3261,0.0206572769953052
"8221","8221",8283,8240,8236,-0.00567427260654352
"8222","8222",9727,6956,6988,-0.281587334224324
"8223","8223",3024,3034,3035,0.00363756613756614
"10111","10111",3024,3034,3035,0.00363756613756614
"8224","8224",5549,5553,5711,0.0291944494503514
"8225","8225",9264,8539,8745,-0.0560233160621762
"8227","8227",4613,4641,4643,0.00650336006936917
"8228","8228",1231,1231,1231,0
"8229","8229",1729,1729,1670,-0.0341237709658762
"8230","8230",2395,2398,2398,0.00125260960334029
"8231","8231",2533,2533,2533,0
"8232","8232",4815,5138,4393,-0.0876427829698858
"8233","8233",3276,4123,4086,0.247252747252747
"8234","8234",3725,3667,5411,0.45261744966443
"16698","16698",3725,3667,5411,0.45261744966443
"8235","8235",2459,2459,2457,-0.000813338755591704
"8236","8236",6606,5305,4336,-0.343627005752346
"8237","8237",1953,1953,1953,0
"8238","8238",1527,1543,1340,-0.122462344466274
"9730","9730",1527,1543,1340,-0.122462344466274
"8239","8239",1804,3657,3656,1.02660753880266
"8240","8240",1478,1521,1521,0.0290933694181326
"8241","8241",8747,8748,7981,-0.0875728821310164
"8242","8242",3590,3590,3590,0
"8243","8243",2648,2648,2648,0
"19253","19253",2648,2648,2648,0
"8244","8244",7125,7128,7323,0.0277894736842105
"8245","8245",2429,2430,2524,0.0391107451626184
"8246","8246",6279,5926,5927,-0.0560598821468387
"8247","8247",8614,8643,8719,0.0121894590201997
"8248","8248",3744,3791,3711,-0.00881410256410256
"8249","8249",2144,2128,2192,0.0223880597014925
"8250","8250",2377,2377,2617,0.100967606226336
"8252","8252",3365,3346,3346,-0.00564635958395245
"8253","8253",2627,2862,2862,0.0894556528359345
"8254","8254",3174,2914,2969,-0.0645872715816005
"8256","8256",3241,4672,4672,0.441530391854366
"8257","8257",7076,6834,6968,-0.0152628603730921
"8258","8258",1894,1833,2064,0.0897571277719113
"8259","8259",2156,2156,2049,-0.0496289424860853
"8260","8260",2110,2110,2110,0
"8261","8261",1757,1611,1611,-0.0830961866818441
"8262","8262",3120,2809,2800,-0.102564102564103
"8263","8263",1645,1645,1435,-0.127659574468085
"8264","8264",3531,3531,3535,0.0011328235627301
"8265","8265",4782,4685,4684,-0.0204935173567545
"8266","8266",2103,2114,2114,0.00523062291963861
"8267","8267",2337,2365,2365,0.0119811724433034
"8268","8268",5193,4997,4998,-0.0375505488157135
"8269","8269",4529,4436,4436,-0.0205343342901303
"8271","8271",1442,1309,1498,0.0388349514563107
"8272","8272",2641,2618,2634,-0.00265051117001136
"8273","8273",2972,2972,2755,-0.0730148048452221
"8274","8274",4292,4279,4116,-0.0410065237651445
"8275","8275",4652,3987,3967,-0.147248495270851
"8276","8276",6668,6469,6471,-0.0295440911817636
"8277","8277",3055,3140,3051,-0.00130932896890344
"8278","8278",8165,8522,7968,-0.0241273729332517
"8279","8279",716,716,908,0.268156424581006
"8280","8280",1931,1931,1932,0.000517866390471258
"15724","15724",1931,1931,1932,0.000517866390471258
"8281","8281",7235,7158,7152,-0.0114720110573601
"8282","8282",5007,5010,5009,0.000399440782903934
"8283","8283",3509,3511,3557,0.0136791108577942
"8284","8284",3818,3816,3867,0.0128339444735464
"8285","8285",7218,5947,6054,-0.161263507896924
"8286","8286",2315,2321,2326,0.00475161987041037
"8287","8287",1067,1067,1067,0
"10695","10695",1067,1067,1067,0
"8288","8288",2839,2809,2809,-0.0105671010919338
"8289","8289",6416,6500,6500,0.0130922693266833
"8290","8290",6140,2313,2313,-0.62328990228013
"8293","8293",14290,13927,14283,-0.000489853044086774
"8294","8294",2508,2509,2510,0.000797448165869219
"8295","8295",7478,7478,5321,-0.288446108585183
"8297","8297",2613,3138,3557,0.361270570225794
"8299","8299",3485,3485,3488,0.000860832137733142
"8300","8300",4097,3864,3864,-0.056870881132536
"8301","8301",5893,5920,5901,0.00135754284744612
"8302","8302",1511,1529,1517,0.00397088021178028
"8303","8303",3032,3345,3345,0.103232189973615
"8304","8304",5544,5447,5447,-0.0174963924963925
"8305","8305",6725,6827,6749,0.00356877323420074
"8306","8306",3226,3068,3064,-0.0502169869807812
"8307","8307",2849,2994,2994,0.0508950508950509
"8309","8309",4532,4535,4523,-0.00198587819947043
"8310","8310",2771,2846,2846,0.0270660411403825
"12167","12167",2771,2846,2846,0.0270660411403825
"8312","8312",3457,3068,2581,-0.253398900781024
"8313","8313",1676,1676,1676,0
"8314","8314",8706,6851,6848,-0.213416034918447
"8315","8315",1812,1812,4485,1.47516556291391
"8316","8316",6194,6218,5962,-0.0374556021956732
"8317","8317",4803,4932,4797,-0.00124921923797626
"8318","8318",2376,2277,1844,-0.223905723905724
"8319","8319",2690,2690,2692,0.000743494423791822
"8320","8320",12503,11812,12524,0.00167959689674478
"8321","8321",4448,4163,3986,-0.10386690647482
"8322","8322",2339,2339,2342,0.00128259940145361
"8323","8323",12971,12730,12742,-0.0176547683293501
"8324","8324",2234,2200,2132,-0.0456580125335721
"8325","8325",7541,7833,8678,0.150775759183132
"8326","8326",3083,3083,3097,0.00454103146286085
"8327","8327",1854,1854,1854,0
"8328","8328",2593,2594,2604,0.0042421905129194
"8329","8329",2753,2747,2858,0.038140210679259
"8330","8330",1198,1481,1481,0.236227045075125
"8331","8331",3424,3436,3429,0.00146028037383178
"8332","8332",2439,2330,2585,0.0598605986059861
"8333","8333",2528,2512,2495,-0.0130537974683544
"8334","8334",876,876,876,0
"8335","8335",2955,2970,2970,0.0050761421319797
"8336","8336",3238,3238,3552,0.0969734403953057
"8337","8337",8018,7980,8004,-0.00174607133948616
"8338","8338",9099,9103,9103,0.000439608748214089
"8339","8339",2265,2265,2293,0.0123620309050773
"17257","17257",2265,2265,2293,0.0123620309050773
"8340","8340",1145,1147,1361,0.188646288209607
"8342","8342",2966,2840,2425,-0.182400539447067
"8343","8343",3264,3264,3396,0.0404411764705882
"8344","8344",7563,7563,7528,-0.00462779320375512
"8345","8345",3048,3138,3151,0.0337926509186352
"15796","15796",3048,3138,3151,0.0337926509186352
"8346","8346",5987,5937,5882,-0.0175379989978286
"8347","8347",4078,4046,4046,-0.00784698381559588
"8348","8348",2914,2915,2929,0.00514756348661633
"8349","8349",5291,5312,5312,0.00396900396900397
"8350","8350",1810,1810,1685,-0.069060773480663
"8351","8351",1793,1793,1793,0
"8352","8352",8794,8797,8753,-0.00466226972936093
"8353","8353",1487,1437,1492,0.00336247478143914
"8354","8354",2673,2741,3044,0.138795361017583
"8355","8355",5424,5421,5364,-0.0110619469026549
"8356","8356",6473,6473,6437,-0.00556156341727174
"8357","8357",4047,4118,4118,0.0175438596491228
"8358","8358",2028,2034,2034,0.0029585798816568
"8359","8359",2767,2685,2625,-0.0513191181785327
"18271","18271",2767,2685,2625,-0.0513191181785327
"8360","8360",6304,6243,5590,-0.113261421319797
"8361","8361",7396,7624,7384,-0.00162249864791779
"8362","8362",4164,4170,4168,0.000960614793467819
"8363","8363",3794,3817,3339,-0.119926199261993
"8364","8364",9442,9592,9528,0.00910823977970769
"8365","8365",6636,6388,6389,-0.0372212176009644
"8366","8366",3944,3711,3705,-0.0605983772819473
"8367","8367",3309,4351,4352,0.315200967059535
"8368","8368",3548,3829,3811,0.0741262683201804
"8369","8369",4524,4461,4462,-0.0137046861184792
"8370","8370",2201,2201,2204,0.00136301681054066
"9620","9620",2201,2201,2204,0.00136301681054066
"8371","8371",3590,3281,3282,-0.0857938718662953
"8372","8372",1444,1694,1000,-0.307479224376731
"8373","8373",4196,4195,4028,-0.0400381315538608
"8374","8374",7934,8256,8256,0.0405848248046383
"8375","8375",3467,3411,3409,-0.0167291606576291
"8376","8376",3758,3758,3764,0.00159659393294305
"8377","8377",3915,3749,3991,0.0194125159642401
"8378","8378",2402,2367,2373,-0.0120732722731057
"8379","8379",8929,8717,8491,-0.0490536454250196
"8380","8380",2259,2259,2392,0.0588756086764055
"8381","8381",1738,1738,1738,0
"8382","8382",1568,1574,1581,0.00829081632653061
"8383","8383",7647,7772,7733,0.011246240355695
"8384","8384",8350,5741,6382,-0.235688622754491
"8385","8385",4545,4500,4505,-0.0088008800880088
"8387","8387",6292,6750,6786,0.0785123966942149
"8388","8388",5451,5072,5072,-0.0695285268758026
"8389","8389",4346,4346,4184,-0.0372756557754257
"8390","8390",4191,4196,4186,-0.00119303268909568
"8391","8391",11179,9554,9518,-0.148582162984167
"8392","8392",5306,5305,5305,-0.000188465887674331
"8394","8394",4037,4032,4022,-0.00371563041862769
"8395","8395",3531,3531,3539,0.00226564712546021
"8396","8396",3585,3584,3577,-0.00223152022315202
"8397","8397",1569,1569,1569,0
"8398","8398",3375,3374,3344,-0.00918518518518519
"8399","8399",6456,6643,6631,0.0271065675340768
"8400","8400",2902,2840,2902,0
"8401","8401",8654,9022,8819,0.0190663277097296
"8402","8402",4994,4967,5086,0.0184221065278334
"8403","8403",2480,2480,2479,-0.000403225806451613
"8404","8404",4358,4356,4414,0.0128499311610831
"8405","8405",3889,3889,3526,-0.0933401902802777
"8406","8406",9105,8353,8551,-0.0608456891817683
"8408","8408",648,648,647,-0.00154320987654321
"8409","8409",1127,1127,1036,-0.0807453416149068
"8410","8410",2161,2164,2164,0.001388246182323
"8411","8411",792,792,803,0.0138888888888889
"8412","8412",2360,2402,2400,0.0169491525423729
"9853","9853",2360,2402,2400,0.0169491525423729
"15177","15177",2360,2402,2400,0.0169491525423729
"8413","8413",1385,1385,1358,-0.0194945848375451
"8415","8415",2318,2318,2562,0.105263157894737
"8417","8417",3970,4011,3975,0.00125944584382872
"8418","8418",2826,2826,2807,-0.00672328379334749
"8419","8419",3077,2890,2890,-0.0607734806629834
"8420","8420",1808,1813,1944,0.0752212389380531
"13685","13685",1808,1813,1944,0.0752212389380531
"8421","8421",1448,1448,1518,0.0483425414364641
"8422","8422",7791,8355,8303,0.0657168527788474
"8423","8423",2769,2663,2733,-0.0130010834236186
"8424","8424",3713,3713,3712,-0.000269323996768112
"8425","8425",3552,3548,3551,-0.000281531531531532
"8426","8426",5403,5403,5411,0.00148065889320748
"8427","8427",1864,1623,1833,-0.0166309012875536
"8428","8428",4368,4369,4261,-0.024496336996337
"8429","8429",2159,2120,2198,0.0180639184807781
"8430","8430",901,901,907,0.00665926748057714
"8431","8431",5928,5772,5743,-0.0312078272604588
"8432","8432",8777,9112,9103,0.0371425316167255
"8433","8433",3043,2732,2736,-0.100887282287217
"8434","8434",4091,4091,4094,0.000733317037399169
"8435","8435",1270,1270,1270,0
"8436","8436",9398,9398,9350,-0.00510746967439881
"8437","8437",2466,2466,2551,0.0344687753446878
"8438","8438",2138,2137,2137,-0.000467726847521048
"13784","13784",2138,2137,2137,-0.000467726847521048
"8439","8439",4553,4554,4554,0.000219635405227323
"8440","8440",2241,2375,2375,0.0597947344935297
"8441","8441",8931,9268,9087,0.0174672489082969
"8443","8443",2732,2732,2732,0
"8444","8444",3820,3815,3487,-0.0871727748691099
"8445","8445",8413,8305,8154,-0.0307856888149293
"8446","8446",5508,5508,5465,-0.00780682643427741
"8447","8447",4521,4481,6110,0.351470913514709
"8448","8448",4423,4324,4325,-0.0221569070766448
"8449","8449",1376,1375,1375,-0.000726744186046512
"8450","8450",4552,4568,4550,-0.000439367311072056
"8451","8451",2907,2907,2902,-0.00171998624011008
"8452","8452",2908,2804,2809,-0.0340440165061898
"8453","8453",3537,3533,3504,-0.00932994062765055
"8454","8454",1073,1073,1073,0
"8455","8455",3871,3230,3231,-0.165331955567037
"8456","8456",9740,9657,9691,-0.00503080082135524
"8457","8457",4581,4581,4637,0.0122244051517136
"8458","8458",3990,4017,4363,0.093483709273183
"8459","8459",1490,1541,1541,0.0342281879194631
"8460","8460",4911,4517,3794,-0.227448584809611
"8462","8462",2656,2718,2718,0.0233433734939759
"8463","8463",3059,3034,3005,-0.0176528277214776
"8464","8464",2085,2089,2089,0.00191846522781775
"8465","8465",1882,1878,2204,0.171094580233794
"10149","10149",1882,1878,2204,0.171094580233794
"8466","8466",4197,3646,3645,-0.131522516082916
"8467","8467",2589,2589,2582,-0.00270374662031672
"8468","8468",1483,1688,1741,0.173971679028995
"8469","8469",1378,1480,1414,0.0261248185776488
"13777","13777",1378,1480,1414,0.0261248185776488
"8470","8470",11766,11765,14034,0.192758796532381
"8471","8471",9351,9469,9288,-0.00673724735322425
"8472","8472",1318,1281,1242,-0.0576631259484067
"8473","8473",4538,4538,4533,-0.00110180696342001
"8474","8474",2653,2614,2682,0.0109310214851112
"16726","16726",2653,2614,2682,0.0109310214851112
"17587","17587",2653,2614,2682,0.0109310214851112
"8475","8475",5902,5913,5912,0.00169434090138936
"8477","8477",1494,1494,1337,-0.105087014725569
"8478","8478",11646,11633,11648,0.000171732783788425
"8479","8479",2067,2065,1976,-0.0440251572327044
"8480","8480",8251,8220,7746,-0.0612047024603078
"8481","8481",1276,2182,2182,0.710031347962382
"8482","8482",4303,4430,4424,0.028119916337439
"8484","8484",1547,1515,1503,-0.0284421460892049
"8485","8485",7865,9287,7566,-0.0380165289256198
"8487","8487",2012,1938,1938,-0.036779324055666
"11532","11532",2012,1938,1938,-0.036779324055666
"8488","8488",1251,1251,1621,0.295763389288569
"11540","11540",1251,1251,1621,0.295763389288569
"8489","8489",2494,2532,2498,0.00160384923817161
"8490","8490",4147,4151,4145,-0.00048227634434531
"8492","8492",2156,2439,2440,0.131725417439703
"8493","8493",3935,3770,3770,-0.0419313850063532
"8494","8494",7963,7952,7015,-0.119050609066935
"8495","8495",9086,9102,10032,0.104116222760291
"8496","8496",2956,2870,2888,-0.0230040595399188
"14719","14719",2956,2870,2888,-0.0230040595399188
"8497","8497",9093,9219,10176,0.119102606400528
"8498","8498",2467,2467,2461,-0.00243210376976084
"8499","8499",12972,10577,10547,-0.186941103916127
"8500","8500",1362,1417,1698,0.246696035242291
"8501","8501",3787,3841,3816,0.00765777660417217
"8502","8502",2035,2083,2063,0.0137592137592138
"8503","8503",1941,1941,1775,-0.0855229263266358
"8504","8504",1797,1580,1580,-0.120756816917084
"8505","8505",3669,3668,3667,-0.000545107658762606
"8506","8506",4867,4873,5148,0.0577357715224985
"8507","8507",1834,1813,1989,0.0845147219193021
"8508","8508",4458,4497,4144,-0.0704351727231943
"8509","8509",3916,3917,3917,0.000255362614913177
"8511","8511",2918,2918,2920,0.000685400959561343
"8512","8512",3742,3741,3719,-0.00614644575093533
"8513","8513",2701,2702,2702,0.000370233246945576
"8514","8514",5984,5721,5735,-0.0416109625668449
"8515","8515",12609,12919,12895,0.022682211119042
"8516","8516",4934,5202,4839,-0.01925415484394
"8517","8517",2734,2734,2730,-0.00146305779078274
"8518","8518",1254,1253,1256,0.00159489633173844
"8519","8519",7012,6980,6902,-0.015687393040502
"8520","8520",2916,2916,2917,0.000342935528120713
"8521","8521",2722,2056,2056,-0.244673034533431
"8522","8522",2781,2745,2673,-0.0388349514563107
"8523","8523",5464,6261,6061,0.109260614934114
"8525","8525",7119,5386,5024,-0.294282904902374
"17537","17537",7119,5386,5024,-0.294282904902374
"8526","8526",5821,5792,5509,-0.0535990379659852
"8529","8529",4449,4432,4433,-0.00359631377837716
"8530","8530",2615,2616,2616,0.000382409177820268
"15378","15378",2615,2616,2616,0.000382409177820268
"8531","8531",12709,11152,11123,-0.124793453458179
"8532","8532",5378,4325,4122,-0.233544068426925
"8534","8534",7719,8141,8143,0.0549293949993522
"8535","8535",5384,5353,5428,0.00817236255572065
"8536","8536",3941,3941,4217,0.0700329865516366
"8537","8537",1643,1595,1562,-0.0493000608642727
"8538","8538",4243,5084,5083,0.19797313221777
"8539","8539",3452,3781,3529,0.022305909617613
"8540","8540",6228,6220,6232,0.000642260757867694
"8541","8541",1702,1660,1863,0.0945945945945946
"8542","8542",6690,6652,6652,-0.00568011958146487
"8543","8543",2499,2496,2501,0.000800320128051221
"8544","8544",4427,4439,4366,-0.013779082900384
"8545","8545",8203,7460,7467,-0.0897232719736682
"8547","8547",2961,2961,2945,-0.00540357987166498
"8548","8548",3047,3174,3040,-0.00229734164752215
"8549","8549",2429,2949,2955,0.216550020584603
"8550","8550",1887,1887,1882,-0.00264970853206147
"8551","8551",3152,3151,2874,-0.0881979695431472
"8552","8552",9657,9649,9089,-0.058817438127783
"8553","8553",9282,9270,9403,0.0130359836242189
"8554","8554",6242,6240,6217,-0.00400512656199936
"8555","8555",4166,4024,3988,-0.042726836293807
"8556","8556",3662,3336,3336,-0.0890223921354451
"10419","10419",3662,3336,3336,-0.0890223921354451
"8557","8557",9895,7163,7590,-0.232945932289035
"8559","8559",2862,2858,2768,-0.0328441649196366
"8560","8560",5789,5728,5250,-0.0931076178960097
"8561","8561",6274,6687,6689,0.0661459993624482
"8562","8562",8099,7712,4542,-0.439190023459686
"8563","8563",2039,2071,1985,-0.0264835703776361
"8564","8564",3643,3410,2538,-0.303321438374966
"8565","8565",7781,6952,7040,-0.0952319753245084
"8566","8566",1885,1914,1891,0.00318302387267905
"17812","17812",1885,1914,1891,0.00318302387267905
"8567","8567",11910,11824,11834,-0.00638119227539882
"8568","8568",4248,4187,4167,-0.0190677966101695
"8569","8569",1404,1404,1404,0
"8570","8570",3447,5206,5881,0.706121264868001
"8571","8571",1570,1656,1418,-0.0968152866242038
"17206","17206",1570,1656,1418,-0.0968152866242038
"19458","19458",1570,1656,1418,-0.0968152866242038
"8572","8572",8755,8623,8623,-0.0150770988006853
"8573","8573",6509,5478,5273,-0.18989092026425
"8574","8574",3594,3594,3535,-0.0164162493043962
"8576","8576",1300,1492,1489,0.145384615384615
"8577","8577",4387,4371,4228,-0.036243446546615
"8578","8578",1753,1472,1472,-0.160296634341129
"8580","8580",2378,2447,2420,0.0176619007569386
"8581","8581",6805,7092,7206,0.0589272593681117
"8582","8582",1148,1148,1127,-0.0182926829268293
"8583","8583",3860,3703,3703,-0.0406735751295337
"8584","8584",2732,2154,2154,-0.211566617862372
"8585","8585",1912,1918,1848,-0.0334728033472803
"8587","8587",4749,4483,4764,0.00315855969677827
"8588","8588",5681,4258,4200,-0.260693539869741
"8589","8589",9331,7909,7833,-0.160540135033758
"8590","8590",10097,10044,9926,-0.0169357234822224
"8591","8591",2328,2410,2299,-0.0124570446735395
"8592","8592",7337,7470,7468,0.0178547090091318
"8594","8594",3468,3534,3533,0.0187427912341407
"8595","8595",5526,6182,6183,0.118892508143322
"8597","8597",4829,4315,4315,-0.106440256781942
"8598","8598",2915,2873,3648,0.251457975986278
"8599","8599",11483,8372,8326,-0.274928154663415
"8600","8600",4614,4584,4584,-0.00650195058517555
"8601","8601",2620,2620,2838,0.083206106870229
"8602","8602",2576,2267,2273,-0.117624223602484
"8603","8603",10627,10845,10463,-0.0154323891973276
"8604","8604",2933,2927,2925,-0.00272758267984998
"8605","8605",1760,1760,1760,0
"8606","8606",2076,2075,2075,-0.000481695568400771
"8607","8607",7830,7824,4914,-0.372413793103448
"8608","8608",2987,2970,2482,-0.169065952460663
"8609","8609",8288,5028,5028,-0.393339768339768
"8610","8610",2276,2297,2380,0.0456942003514939
"18623","18623",2276,2297,2380,0.0456942003514939
"8612","8612",4005,4004,4001,-0.000998751560549313
"8613","8613",1361,1405,1402,0.0301249081557678
"8615","8615",4845,4792,4639,-0.0425180598555212
"8616","8616",2127,1875,1640,-0.22896097790315
"8618","8618",5344,5414,5413,0.0129116766467066
"8619","8619",1781,1781,1677,-0.0583941605839416
"8620","8620",2254,2257,2376,0.0541259982253771
"8621","8621",4671,4671,4640,-0.00663669449796617
"8622","8622",5343,5345,5215,-0.0239565787011043
"8623","8623",1154,1487,1487,0.288561525129983
"8624","8624",3239,3618,2911,-0.10126582278481
"8625","8625",6558,6859,6866,0.046965538273864
"8626","8626",6068,5916,5899,-0.0278510217534608
"8627","8627",1347,1310,1307,-0.0296956198960653
"8628","8628",9907,9857,9853,-0.00545069143030181
"8629","8629",2911,2582,2582,-0.113019580900034
"17056","17056",2911,2582,2582,-0.113019580900034
"8630","8630",2247,2247,2253,0.00267022696929239
"8632","8632",2268,2282,2232,-0.0158730158730159
"8633","8633",6785,6849,6667,-0.0173913043478261
"8634","8634",2946,2946,2752,-0.0658520027155465
"8635","8635",2361,2632,2343,-0.00762388818297332
"8636","8636",3929,3847,3846,-0.0211249681852889
"8637","8637",7785,4389,4390,-0.436095054592164
"8638","8638",2483,2483,2539,0.022553362867499
"8639","8639",2433,2433,2433,0
"8640","8640",2012,1779,2008,-0.00198807157057654
"8641","8641",4624,4624,4756,0.0285467128027682
"8642","8642",2771,2782,2782,0.00396968603392277
"8643","8643",1889,1950,1950,0.0322922181048174
"17728","17728",1889,1950,1950,0.0322922181048174
"8645","8645",1323,1351,1145,-0.134542705971277
"8647","8647",5001,5141,4392,-0.121775644871026
"8648","8648",2510,2510,2510,0
"8649","8649",1398,1544,1387,-0.00786838340486409
"8650","8650",5161,5142,4742,-0.0811858167021895
"8651","8651",11285,10928,11303,0.00159503766061143
"8652","8652",2675,2675,5251,0.962990654205607
"8653","8653",8421,8438,8193,-0.0270751692198076
"8654","8654",8140,8387,7863,-0.034029484029484
"8655","8655",2737,2737,2634,-0.0376324442820607
"8656","8656",2551,2551,2557,0.00235201881615053
"8657","8657",3580,3455,3717,0.038268156424581
"8658","8658",1641,1660,1644,0.00182815356489945
"10795","10795",1641,1660,1644,0.00182815356489945
"8659","8659",7443,7922,7713,0.0362756952841596
"8660","8660",1484,1486,1486,0.00134770889487871
"8661","8661",13663,13587,13753,0.00658713313327966
"8662","8662",3035,3020,3088,0.0174629324546952
"8663","8663",1823,1823,1826,0.00164563905650027
"8664","8664",5414,5130,4115,-0.239933505725896
"8665","8665",4372,4171,4146,-0.0516925892040256
"8666","8666",4316,4323,4323,0.00162187210379981
"8667","8667",3390,3392,3396,0.00176991150442478
"8668","8668",2553,2559,2722,0.0661966314140227
"8669","8669",2436,2432,2432,-0.00164203612479475
"9919","9919",2436,2432,2432,-0.00164203612479475
"8670","8670",6861,6928,6926,0.00947383763299811
"8671","8671",3209,3199,3288,0.0246182611405422
"8672","8672",5807,5826,3588,-0.382125021525745
"8673","8673",1382,1467,1475,0.0672937771345875
"8674","8674",4423,4423,4424,0.000226090888537192
"8675","8675",2282,2957,2993,0.311568799298861
"17686","17686",2282,2957,2993,0.311568799298861
"8676","8676",2299,2243,2173,-0.0548064375815572
"8678","8678",2339,2039,2039,-0.128259940145361
"8679","8679",5471,5471,5440,-0.00566624017547066
"8680","8680",1723,1800,1800,0.0446894950667441
"8681","8681",3919,3919,3914,-0.0012758356723654
"18070","18070",3919,3919,3914,-0.0012758356723654
"8682","8682",2151,2151,2150,-0.000464900046490005
"8683","8683",5332,5406,5393,0.0114403600900225
"8684","8684",4816,4816,5859,0.21656976744186
"8685","8685",3010,2931,3276,0.0883720930232558
"8686","8686",1557,1557,1446,-0.0712909441233141
"8687","8687",1980,1979,1734,-0.124242424242424
"8688","8688",1268,1238,1215,-0.0417981072555205
"8689","8689",2853,2921,2844,-0.00315457413249211
"8690","8690",7392,7406,7433,0.0055465367965368
"8692","8692",3612,3612,3669,0.01578073089701
"8693","8693",4556,4524,4759,0.0445566286215979
"8694","8694",3664,3668,3755,0.0248362445414847
"8695","8695",1293,1321,1321,0.0216550657385924
"10764","10764",1293,1321,1321,0.0216550657385924
"8696","8696",5218,5218,5219,0.000191644308164048
"8697","8697",4404,4401,4400,-0.000908265213442325
"8698","8698",3819,3823,3824,0.00130924325739722
"8699","8699",1748,1653,1734,-0.0080091533180778
"13527","13527",1748,1653,1734,-0.0080091533180778
"18347","18347",1748,1653,1734,-0.0080091533180778
"8700","8700",4449,4296,5380,0.209260507979321
"8701","8701",1436,1397,1377,-0.0410863509749304
"8702","8702",5747,7306,7306,0.271271967983296
"8703","8703",2698,2695,3351,0.242031134173462
"8704","8704",2098,1955,1943,-0.0738798856053384
"8705","8705",1154,1223,1223,0.0597920277296361
"16452","16452",1154,1223,1223,0.0597920277296361
"8706","8706",1811,1814,1814,0.00165654334621756
"8707","8707",8388,8382,6674,-0.204339532665713
"8708","8708",6838,6839,6800,-0.00555718046212343
"8709","8709",2328,2324,2204,-0.0532646048109966
"8710","8710",13859,14736,13850,-0.000649397503427376
"8711","8711",1658,1661,1547,-0.0669481302774427
"15815","15815",1658,1661,1547,-0.0669481302774427
"8712","8712",3616,3614,3662,0.0127212389380531
"8713","8713",5390,5282,4084,-0.242300556586271
"8714","8714",1154,1154,1566,0.357019064124783
"8715","8715",4201,4215,4197,-0.000952154248988336
"8716","8716",6365,5813,5956,-0.0642576590730558
"8717","8717",11277,8563,8554,-0.241464928615767
"8718","8718",12178,12176,12246,0.00558383971095418
"8719","8719",2272,2272,2323,0.0224471830985916
"8720","8720",5191,5171,4519,-0.129454825659796
"8721","8721",5477,5720,5720,0.04436735439109
"8722","8722",5932,5932,5946,0.00236008091706001
"8723","8723",2429,2714,2805,0.1547962124331
"8724","8724",15848,10557,10498,-0.337582029278142
"8725","8725",5152,5190,4351,-0.155473602484472
"8726","8726",1592,1258,1258,-0.209798994974874
"12425","12425",1592,1258,1258,-0.209798994974874
"8727","8727",2194,2194,2008,-0.0847766636280766
"8728","8728",5825,5846,4059,-0.303175965665236
"8729","8729",1418,1422,1423,0.00352609308885755
"8730","8730",13142,10685,10655,-0.189240602647999
"8731","8731",2167,2167,2237,0.0323027226580526
"8732","8732",1398,183,183,-0.869098712446352
"8733","8733",2864,2864,2854,-0.00349162011173184
"8734","8734",6012,5605,6085,0.0121423819028609
"8735","8735",6161,11302,11308,0.835416328518098
"8736","8736",4059,4060,4406,0.0854890367085489
"8737","8737",4802,4802,4802,0
"8738","8738",2576,1720,1720,-0.332298136645963
"9198","9198",2576,1720,1720,-0.332298136645963
"8739","8739",6690,6463,6057,-0.0946188340807175
"8740","8740",8273,7995,7997,-0.0333615375317297
"8741","8741",6369,6368,6369,0
"8742","8742",5863,5673,5677,-0.0317243731877878
"8743","8743",6312,6720,8286,0.312737642585551
"8744","8744",2351,2328,2328,-0.00978307103360272
"8745","8745",4084,4009,4090,0.00146914789422135
"8746","8746",2374,2374,2455,0.0341196293176074
"8747","8747",10382,10378,10720,0.0325563475245617
"8748","8748",10171,9453,9455,-0.0703962245600236
"8749","8749",4576,4577,5328,0.164335664335664
"8750","8750",1860,1819,1817,-0.0231182795698925
"8751","8751",4405,4315,4315,-0.0204313280363224
"8752","8752",3402,3286,3286,-0.0340975896531452
"8753","8753",4277,4662,5932,0.386953472059855
"8754","8754",3007,3007,2986,-0.00698370468905886
"8755","8755",817,785,750,-0.0820073439412485
"8756","8756",3990,3928,3858,-0.0330827067669173
"8757","8757",3620,3618,3499,-0.0334254143646409
"11760","11760",3620,3618,3499,-0.0334254143646409
"8758","8758",3132,3132,3130,-0.000638569604086846
"8759","8759",4341,4318,4317,-0.0055286800276434
"8760","8760",4694,4695,4696,0.000426075841499787
"8761","8761",1689,1691,1694,0.0029603315571344
"8762","8762",1467,1473,1473,0.00408997955010225
"8763","8763",3688,3684,3610,-0.0211496746203905
"8764","8764",1676,1784,1784,0.0644391408114559
"11294","11294",1676,1784,1784,0.0644391408114559
"8766","8766",3213,3213,2881,-0.10333022097728
"10549","10549",3213,3213,2881,-0.10333022097728
"8767","8767",3689,3673,3367,-0.0872865275142315
"8768","8768",1790,1587,1928,0.0770949720670391
"8769","8769",8481,8400,8430,-0.00601344181110718
"8770","8770",2003,1932,1932,-0.0354468297553669
"13702","13702",2003,1932,1932,-0.0354468297553669
"8771","8771",2021,1989,2272,0.124195942602672
"8772","8772",1295,1295,1289,-0.00463320463320463
"8773","8773",1656,1656,1669,0.00785024154589372
"12008","12008",1656,1656,1669,0.00785024154589372
"8774","8774",812,2020,2021,1.48891625615764
"8775","8775",3773,3773,3737,-0.00954147892923403
"8776","8776",7294,7064,7067,-0.0311214697011242
"8777","8777",4725,4508,4509,-0.0457142857142857
"8778","8778",1376,1374,1374,-0.00145348837209302
"8779","8779",4698,4703,4702,0.000851426138782461
"8780","8780",4441,4441,4440,-0.00022517451024544
"8781","8781",6261,5654,6015,-0.0392908481073311
"8782","8782",7411,7411,9816,0.324517608959655
"8783","8783",1802,1802,1803,0.000554938956714761
"8785","8785",5793,5762,5733,-0.0103573278094252
"8786","8786",2756,2746,2746,-0.00362844702467344
"8787","8787",2926,2926,2932,0.00205058099794942
"8788","8788",3887,3659,3272,-0.15821970671469
"8789","8789",13436,13437,12829,-0.0451771360523965
"8790","8790",1136,1136,1136,0
"8791","8791",3737,3737,3737,0
"8792","8792",2922,2937,3155,0.0797399041752224
"8793","8793",2046,2395,2217,0.0835777126099707
"8794","8794",4759,4677,4673,-0.0180710233242278
"8795","8795",5713,5660,5662,-0.00892700857692981
"8796","8796",4496,4497,4718,0.0493772241992883
"8797","8797",6795,6927,6724,-0.010448859455482
"8798","8798",11777,11776,11847,0.0059437887407659
"8799","8799",16832,16641,16615,-0.0128921102661597
"8801","8801",4833,4856,5014,0.037450858679909
"8802","8802",2103,2071,2065,-0.0180694246314788
"17727","17727",2103,2071,2065,-0.0180694246314788
"8803","8803",4424,4393,3593,-0.187839059674503
"8804","8804",1840,1838,1733,-0.0581521739130435
"8805","8805",8531,8612,8590,0.00691595358105732
"8806","8806",2954,2825,2825,-0.0436696005416385
"8807","8807",2830,2830,2900,0.0247349823321555
"8809","8809",2736,2617,2679,-0.0208333333333333
"17318","17318",2736,2617,2679,-0.0208333333333333
"8811","8811",1556,1556,1556,0
"8812","8812",2636,2651,2126,-0.193474962063733
"8813","8813",5158,5020,4827,-0.0641721597518418
"8814","8814",3072,3179,3181,0.0354817708333333
"8815","8815",1569,1569,1569,0
"8817","8817",2518,2518,2519,0.00039714058776807
"8818","8818",1630,1634,1634,0.00245398773006135
"8819","8819",2439,2439,2440,0.000410004100041
"8820","8820",2920,3010,3023,0.0352739726027397
"8821","8821",2314,2314,2314,0
"8822","8822",5881,5892,5892,0.00187043019894576
"8823","8823",5069,4758,4760,-0.0609587689879661
"8824","8824",7068,7071,7679,0.0864459535936616
"8825","8825",2647,2328,2328,-0.120513789195315
"8826","8826",17684,17606,17596,-0.00497624971725854
"8827","8827",2653,2653,2459,-0.0731247644176404
"8828","8828",1832,1832,1832,0
"8829","8829",2033,1803,2032,-0.000491883915395967
"8830","8830",14977,14147,14129,-0.0566201508980437
"8831","8831",9210,9335,9341,0.0142236699239957
"8832","8832",5471,5348,5383,-0.0160848108206909
"8833","8833",5575,5256,5478,-0.0173991031390135
"8834","8834",2235,2238,2220,-0.00671140939597315
"11661","11661",2235,2238,2220,-0.00671140939597315
"17944","17944",2235,2238,2220,-0.00671140939597315
"8835","8835",6224,6224,6337,0.0181555269922879
"8836","8836",4802,4675,4675,-0.0264473136193253
"8837","8837",3461,3563,3487,0.00751227968795146
"8839","8839",2427,2472,2307,-0.0494437577255871
"8840","8840",2916,2916,2114,-0.275034293552812
"8841","8841",2653,2651,2650,-0.00113079532604599
"8842","8842",9529,8930,8335,-0.125301710567741
"8843","8843",3388,2828,2827,-0.165584415584416
"8845","8845",7973,7507,7507,-0.0584472595008153
"8846","8846",5223,5266,5443,0.0421213861765269
"8847","8847",7086,7943,7743,0.0927180355630821
"8848","8848",2411,2411,1885,-0.218166735794276
"8849","8849",4295,4277,4276,-0.00442374854481956
"8850","8850",1312,1312,1312,0
"8851","8851",4198,4420,4218,0.00476417341591234
"8852","8852",992,992,985,-0.00705645161290323
"8853","8853",10258,9698,9695,-0.0548839929810879
"8854","8854",10026,7140,7131,-0.288749251944943
"8855","8855",7428,7406,7434,0.000807754442649435
"8856","8856",6841,6841,7728,0.129659406519515
"8857","8857",2328,2469,2468,0.0601374570446735
"10697","10697",2328,2469,2468,0.0601374570446735
"18992","18992",2328,2469,2468,0.0601374570446735
"8858","8858",1387,1347,1347,-0.0288392213410238
"16934","16934",1387,1347,1347,-0.0288392213410238
"8859","8859",3782,3772,3771,-0.00290851401374934
"8861","8861",1729,1709,1709,-0.0115673799884326
"8862","8862",3412,3415,3397,-0.00439624853458382
"8863","8863",5694,5642,5642,-0.0091324200913242
"8864","8864",3235,3234,3032,-0.0627511591962906
"8865","8865",3667,5046,5046,0.376056722116171
"8866","8866",2138,2138,2315,0.0827876520112254
"8867","8867",5800,5816,5793,-0.00120689655172414
"8868","8868",2578,2650,2650,0.0279286268425136
"8869","8869",3597,3597,3547,-0.0139004726160689
"10545","10545",3597,3597,3547,-0.0139004726160689
"8870","8870",2917,2766,3030,0.0387384298937264
"8871","8871",752,361,361,-0.519946808510638
"8872","8872",4685,4684,4680,-0.00106723585912487
"8873","8873",5855,5962,5960,0.017933390264731
"8874","8874",4697,4648,4702,0.00106450926123057
"8875","8875",1810,1863,1863,0.0292817679558011
"8876","8876",3341,3341,3394,0.0158635139179886
"8877","8877",2267,2267,2268,0.000441111601235112
"12719","12719",2267,2267,2268,0.000441111601235112
"8878","8878",2730,2739,2739,0.0032967032967033
"8879","8879",2985,2842,2842,-0.0479061976549414
"8880","8880",2403,2287,2282,-0.0503537245110279
"8881","8881",1038,1104,1104,0.0635838150289017
"8882","8882",5129,5047,5031,-0.0191070384090466
"8883","8883",4471,2996,2944,-0.341534332364124
"8884","8884",1363,1332,1551,0.137931034482759
"8885","8885",1985,1985,1948,-0.018639798488665
"8886","8886",5380,5306,5733,0.0656133828996283
"8887","8887",8492,6961,6696,-0.211493170042393
"8888","8888",5419,5418,5424,0.000922679461155195
"8889","8889",8893,9011,8830,-0.00708422354660969
"8890","8890",1926,1926,1924,-0.00103842159916926
"8891","8891",9874,8871,9477,-0.0402066032003241
"8892","8892",1808,1728,1728,-0.0442477876106195
"8893","8893",2517,2477,2240,-0.11005164878824
"8894","8894",5608,5614,5617,0.00160485021398003
"8895","8895",3953,3953,3954,0.000252972426005565
"8896","8896",9509,9654,9733,0.0235566305605216
"8897","8897",4374,4715,4714,0.077732053040695
"8898","8898",4566,4562,5637,0.234559789750329
"8899","8899",7687,7685,7600,-0.011317809288409
"8900","8900",12224,11482,11454,-0.0629908376963351
"8901","8901",10839,8340,8273,-0.236737706430483
"8902","8902",3329,3329,3328,-0.000300390507659958
"8903","8903",12580,13082,13064,0.0384737678855326
"8905","8905",3937,3937,3940,0.000762001524003048
"8906","8906",1012,1012,1010,-0.00197628458498024
"8907","8907",7202,7192,13521,0.877395168008886
"8908","8908",7097,7036,7615,0.072988586726786
"8909","8909",10169,10137,10139,-0.00295014259022519
"8910","8910",2020,2023,2024,0.00198019801980198
"8911","8911",5300,5311,5187,-0.0213207547169811
"8912","8912",11049,11146,11521,0.0427187980812743
"8913","8913",2010,1767,840,-0.582089552238806
"8914","8914",7091,7407,7388,0.0418840784092512
"8915","8915",4016,4037,3916,-0.0249003984063745
"8916","8916",4029,4054,3511,-0.128567882849342
"8918","8918",4831,4831,4835,0.000827985924239288
"8919","8919",5055,5509,5509,0.0898120672601385
"8920","8920",1432,1423,1432,0
"8921","8921",5477,5477,5535,0.0105897389081614
"8922","8922",3058,3041,2948,-0.0359712230215827
"8923","8923",2363,2416,2413,0.0211595429538722
"11267","11267",2363,2416,2413,0.0211595429538722
"8924","8924",8872,8930,9515,0.0724752028854824
"8925","8925",3087,3208,3023,-0.0207321023647554
"8926","8926",2424,2395,2393,-0.0127887788778878
"8927","8927",5520,5525,5527,0.00126811594202899
"8928","8928",553,558,558,0.00904159132007233
"8929","8929",6990,6992,8675,0.241058655221745
"8930","8930",7417,6807,6656,-0.102602130241337
"8931","8931",4746,4784,4767,0.00442477876106195
"8932","8932",2127,2124,2324,0.0926187118006582
"12649","12649",2127,2124,2324,0.0926187118006582
"8933","8933",782,742,742,-0.051150895140665
"8934","8934",1880,1848,1843,-0.0196808510638298
"8935","8935",3492,3492,3057,-0.124570446735395
"8936","8936",3556,3354,3387,-0.047525309336333
"8938","8938",2688,2666,2666,-0.00818452380952381
"8939","8939",4678,4176,4167,-0.109234715690466
"8941","8941",5079,5095,5097,0.00354400472533963
"8942","8942",1728,1728,1729,0.000578703703703704
"8943","8943",2057,2062,2062,0.00243072435585805
"8944","8944",4694,4704,4690,-0.000852151682999574
"8945","8945",4802,4791,4814,0.00249895876718034
"8946","8946",2049,1811,1569,-0.234260614934114
"11488","11488",2049,1811,1569,-0.234260614934114
"8947","8947",1209,1209,1206,-0.00248138957816377
"8948","8948",7250,10246,9642,0.329931034482759
"8949","8949",5497,5497,5934,0.0794979079497908
"8950","8950",1510,1510,1510,0
"8951","8951",3914,3914,4128,0.0546755237608585
"8952","8952",2514,2432,2038,-0.18933969769292
"8953","8953",2407,2407,2605,0.0822600747818862
"8954","8954",3683,3689,3690,0.00190062449090415
"8955","8955",4859,4990,4836,-0.00473348425601976
"8956","8956",3761,3807,3816,0.0146237702738633
"8957","8957",4699,4641,4639,-0.012768674185997
"8958","8958",9558,8780,8699,-0.0898723582339402
"8959","8959",3672,3360,3256,-0.113289760348584
"8960","8960",4901,4870,4884,-0.00346867986125281
"8963","8963",5812,5458,5174,-0.109772883688919
"8964","8964",1836,1848,1907,0.0386710239651416
"8965","8965",3087,3156,3377,0.093942338840298
"8966","8966",2308,2308,2409,0.0437608318890815
"8967","8967",4120,4120,4173,0.0128640776699029
"8968","8968",2669,2640,2640,-0.0108654926938928
"8969","8969",7698,7855,7667,-0.00402702000519616
"8970","8970",1598,1598,1585,-0.0081351689612015
"8971","8971",5236,5236,5276,0.00763941940412529
"8972","8972",7496,7541,7360,-0.0181430096051227
"8973","8973",2714,2713,2514,-0.0736919675755343
"8974","8974",3368,3295,3293,-0.0222684085510689
"8975","8975",1892,2213,2216,0.171247357293869
"8976","8976",4695,4716,4229,-0.0992545260915868
"8977","8977",2894,2836,2841,-0.0183137525915688
"8978","8978",3064,2911,3028,-0.0117493472584856
"8979","8979",1485,1485,1485,0
"8980","8980",3321,3259,3321,0
"8982","8982",2024,2017,1894,-0.0642292490118577
"8983","8983",959,959,1046,0.0907194994786236
"8984","8984",9104,9231,9193,0.00977592267135325
"8985","8985",2542,2283,2571,0.0114083398898505
"8986","8986",8356,7699,7660,-0.0832934418382001
"8987","8987",5750,5898,6092,0.0594782608695652
"8988","8988",2901,2838,2803,-0.0337814546708032
"8989","8989",2358,2358,2685,0.138676844783715
"8991","8991",2870,2990,2990,0.0418118466898955
"8992","8992",4237,4239,4239,0.000472032098182676
"8993","8993",1295,1352,1559,0.203861003861004
"8994","8994",1554,1439,1439,-0.074002574002574
"15677","15677",1554,1439,1439,-0.074002574002574
"8995","8995",1769,1769,1572,-0.11136235161108
"8996","8996",5446,5626,5624,0.0326845391112743
"13435","13435",5446,5626,5624,0.0326845391112743
"17282","17282",5446,5626,5624,0.0326845391112743
"8997","8997",8104,8379,8341,0.0292448173741362
"8998","8998",10208,10220,10209,9.79623824451411e-05
"9000","9000",6459,5930,5930,-0.081901223099551
"9001","9001",2717,2717,2717,0
"9002","9002",12093,12002,12002,-0.00752501447118168
"9003","9003",6291,7220,5688,-0.0958512160228898
"9004","9004",8560,8548,8530,-0.00350467289719626
"9005","9005",2233,2090,2102,-0.0586654724585759
"9006","9006",3222,3222,3200,-0.00682805710738672
"9007","9007",2067,2067,2008,-0.0285437832607644
"9008","9008",5618,5618,5609,-0.00160199359202563
"9009","9009",3757,3860,3857,0.0266169816342827
"9010","9010",2439,2439,2627,0.0770807708077081
"9011","9011",1947,1876,1876,-0.0364663585002568
"9013","9013",2608,2608,2608,0
"9014","9014",1761,1761,1730,-0.0176036342986939
"9015","9015",9365,7828,7825,-0.164442071542979
"9016","9016",4936,4936,5113,0.0358589951377634
"9017","9017",2629,2623,2611,-0.00684670977558007
"9018","9018",3810,3810,3810,0
"9019","9019",9032,8075,8396,-0.0704162976085031
"9021","9021",10194,7736,7707,-0.243967039434962
"9022","9022",3336,3336,3337,0.000299760191846523
"9023","9023",8409,8440,8401,-0.000951361636342015
"9024","9024",1469,1469,1478,0.00612661674608577
"11890","11890",1469,1469,1478,0.00612661674608577
"9025","9025",6289,6325,6016,-0.0434091270472253
"9026","9026",8140,8140,8140,0
"9027","9027",11522,11218,11478,-0.00381878146155181
"9028","9028",6442,6085,6299,-0.0221980751319466
"9029","9029",7213,7157,8324,0.154027450436711
"9030","9030",1608,1678,1686,0.0485074626865672
"9031","9031",7443,7552,7552,0.0146446325406422
"9033","9033",2785,2785,2780,-0.00179533213644524
"9034","9034",2984,2796,2796,-0.0630026809651475
"9035","9035",5186,5186,3585,-0.308715773235634
"9036","9036",3125,2812,2810,-0.1008
"17788","17788",3125,2812,2810,-0.1008
"9037","9037",4593,5418,5393,0.174178097104289
"9038","9038",2075,2217,1881,-0.0934939759036145
"9039","9039",6095,6095,6099,0.000656275635767022
"9040","9040",2194,2198,2198,0.00182315405651778
"9041","9041",3146,3142,2988,-0.0502225047679593
"9042","9042",3419,3293,3293,-0.0368528809593448
"19205","19205",3419,3293,3293,-0.0368528809593448
"9043","9043",5106,4704,4704,-0.0787309048178613
"9044","9044",4389,4387,4385,-0.000911369332421964
"9045","9045",10035,10035,10294,0.0258096661684106
"9046","9046",10042,10030,10062,0.00199163513244374
"9047","9047",4074,4074,4052,-0.00540009818360334
"9048","9048",4904,3837,2804,-0.428221859706362
"9049","9049",7909,8335,8292,0.0484258439752181
"9050","9050",2415,2415,2415,0
"9051","9051",11154,11061,11060,-0.0084274699659315
"9052","9052",2317,2209,2217,-0.0431592576607682
"9053","9053",2211,2211,2280,0.0312075983717775
"9055","9055",10305,7587,7587,-0.263755458515284
"9056","9056",7566,7563,4864,-0.357123975680677
"9057","9057",1638,1585,1585,-0.0323565323565324
"9058","9058",2268,2268,2268,0
"9059","9059",8777,6361,6361,-0.275264896889598
"9060","9060",2857,2820,2739,-0.0413020651032552
"9062","9062",1669,1721,1646,-0.0137807070101857
"9063","9063",2390,2388,2387,-0.00125523012552301
"9064","9064",3529,3545,3385,-0.0408047605553981
"10258","10258",3529,3545,3385,-0.0408047605553981
"11381","11381",3529,3545,3385,-0.0408047605553981
"17943","17943",3529,3545,3385,-0.0408047605553981
"9065","9065",2564,2564,4141,0.615054602184087
"9067","9067",2030,2030,2030,0
"9068","9068",2332,2566,2547,0.0921955403087479
"18125","18125",2332,2566,2547,0.0921955403087479
"9070","9070",1341,1069,1312,-0.0216256524981357
"9072","9072",3301,3500,3498,0.0596788851863072
"9073","9073",4670,4529,4529,-0.0301927194860814
"9074","9074",2802,2820,2840,0.0135617416131335
"9344","9344",2802,2820,2840,0.0135617416131335
"9075","9075",2395,2366,2366,-0.0121085594989562
"18037","18037",2395,2366,2366,-0.0121085594989562
"9076","9076",3662,3660,3756,0.0256690333151283
"9077","9077",3559,3445,3409,-0.0421466704130374
"9078","9078",10621,10830,11553,0.0877506826099237
"9079","9079",2807,2814,2802,-0.00178126113288208
"9081","9081",3379,3438,3440,0.0180526783071915
"9082","9082",2114,2114,2085,-0.0137180700094607
"9083","9083",3680,3702,5466,0.485326086956522
"9085","9085",8540,8662,8543,0.000351288056206089
"9086","9086",10448,10349,10479,0.00296707503828484
"9087","9087",2281,2281,2458,0.0775975449364314
"9088","9088",2352,2038,2038,-0.133503401360544
"14406","14406",2352,2038,2038,-0.133503401360544
"9089","9089",1501,1476,1476,-0.016655562958028
"9090","9090",3314,3210,3207,-0.0322872661436331
"9091","9091",2348,2348,2333,-0.00638841567291312
"9092","9092",4336,4336,4394,0.0133763837638376
"9094","9094",1868,1868,1872,0.00214132762312634
"9095","9095",3216,2333,2333,-0.274564676616915
"9096","9096",6204,7234,7217,0.163281753707286
"9097","9097",4775,4724,4669,-0.0221989528795812
"9098","9098",3740,3744,3736,-0.00106951871657754
"9099","9099",4550,4550,4550,0
"9100","9100",5124,5124,5490,0.0714285714285714
"9101","9101",3632,3569,3569,-0.0173458149779736
"9102","9102",3913,3913,3913,0
"9103","9103",2420,2420,3344,0.381818181818182
"9104","9104",1963,1993,1993,0.0152827305145186
"19039","19039",1963,1993,1993,0.0152827305145186
"9105","9105",12521,12840,12836,0.0251577350051913
"9106","9106",2780,2780,3238,0.164748201438849
"9108","9108",1600,1600,1600,0
"9109","9109",5378,5381,5209,-0.0314243213090368
"9110","9110",4026,4028,4182,0.0387481371087928
"9111","9111",4496,4592,4592,0.0213523131672598
"9112","9112",7367,7201,7162,-0.0278267951676395
"9113","9113",766,888,888,0.159268929503916
"9114","9114",7792,8160,8121,0.0422227926078029
"9115","9115",6490,6408,6318,-0.026502311248074
"9116","9116",3652,3652,3652,0
"9117","9117",1605,1605,1587,-0.011214953271028
"9118","9118",1695,1603,1619,-0.0448377581120944
"9120","9120",1602,1656,1643,0.0255930087390762
"9121","9121",2314,2314,2326,0.00518582541054451
"9122","9122",6751,6755,6759,0.00118500962820323
"9123","9123",1573,2007,2007,0.275905912269549
"9124","9124",2127,2127,2128,0.000470145745181006
"9125","9125",1830,1830,1813,-0.0092896174863388
"9126","9126",5373,5156,5156,-0.0403871207891308
"9127","9127",5624,5607,5611,-0.00231152204836415
"9128","9128",2459,2452,2452,-0.00284668564457096
"9129","9129",4574,4574,4574,0
"9130","9130",1215,1312,1080,-0.111111111111111
"9131","9131",7996,7944,7936,-0.00750375187593797
"9132","9132",2403,2310,2310,-0.0387016229712859
"9133","9133",3556,3396,3639,0.0233408323959505
"9134","9134",3230,2830,2930,-0.0928792569659443
"9135","9135",3792,3793,3793,0.000263713080168776
"9136","9136",4167,4309,4309,0.0340772738180946
"9137","9137",4075,4075,4039,-0.00883435582822086
"9138","9138",7893,7887,8437,0.0689218294691499
"9140","9140",3477,2410,2330,-0.329882082254817
"9141","9141",8612,7713,7714,-0.10427310729215
"9142","9142",5130,4059,4062,-0.208187134502924
"9143","9143",2608,2878,2878,0.103527607361963
"9144","9144",1835,1835,1822,-0.00708446866485014
"9145","9145",4266,4602,4567,0.0705578996718237
"9146","9146",9011,6550,6493,-0.279436244589946
"9147","9147",2174,2168,2166,-0.00367985280588776
"9148","9148",1933,1938,1938,0.00258665287118469
"9149","9149",4499,4235,4412,-0.0193376305845743
"9150","9150",4732,4734,4669,-0.0133136094674556
"9151","9151",5897,5993,5646,-0.0425640156011531
"9152","9152",6903,6862,16616,1.40706939012024
"9154","9154",1701,1701,1701,0
"9155","9155",2499,2563,2563,0.0256102440976391
"9156","9156",6608,6608,6652,0.00665859564164649
"9157","9157",6452,6245,6245,-0.0320830750154991
"9158","9158",5281,4972,5005,-0.0522628290096573
"9159","9159",5483,5323,5323,-0.0291811052343608
"9160","9160",4718,3902,3902,-0.172954641797372
"9161","9161",2296,2298,2171,-0.0544425087108014
"9162","9162",714,714,1030,0.442577030812325
"9163","9163",2624,2756,2756,0.0503048780487805
"9164","9164",2424,2430,2430,0.00247524752475248
"9165","9165",2521,2525,2519,-0.000793335977786593
"9166","9166",2516,2504,2507,-0.00357710651828299
"9167","9167",3406,3112,2666,-0.217263652378156
"9168","9168",2281,2316,2316,0.0153441473038141
"9170","9170",4600,4547,4560,-0.00869565217391304
"9171","9171",4992,4994,4994,0.000400641025641026
"9172","9172",6114,5112,5113,-0.163722603859993
"9173","9173",5242,5285,5317,0.014307516215185
"9174","9174",7519,7500,6835,-0.0909695438223168
"9175","9175",2827,2690,2689,-0.0488149982313406
"9176","9176",7810,8223,8223,0.0528809218950064
"9177","9177",4121,4121,4198,0.0186847852462994
"9178","9178",6088,6087,6289,0.0330157687253614
"9179","9179",3967,3970,3629,-0.0852029241240232
"9180","9180",6334,6333,6336,0.000315756236185665
"9181","9181",8060,8037,8126,0.00818858560794045
"9182","9182",5335,5345,5342,0.00131208997188379
"9183","9183",919,914,1038,0.129488574537541
"9184","9184",5362,5466,5278,-0.0156657963446475
"9185","9185",2363,2395,2395,0.0135421074904782
"9186","9186",3370,3352,3232,-0.0409495548961424
"9187","9187",3841,3846,3839,-0.000520697734964853
"9188","9188",1714,1805,1552,-0.0945157526254376
"9189","9189",4967,4938,4680,-0.057781356955909
"13043","13043",4967,4938,4680,-0.057781356955909
"9190","9190",1881,1881,1882,0.000531632110579479
"11048","11048",1881,1881,1882,0.000531632110579479
"9191","9191",1625,1625,1821,0.120615384615385
"9192","9192",2154,2297,2318,0.0761374187558032
"9193","9193",4249,4249,4249,0
"9194","9194",596,626,626,0.0503355704697987
"9195","9195",4657,4651,6084,0.306420442344857
"9196","9196",2207,2227,2227,0.00906207521522429
"9197","9197",1916,1916,1391,-0.274008350730689
"9199","9199",1850,1872,2037,0.101081081081081
"9200","9200",2010,2010,2005,-0.00248756218905473
"9201","9201",8477,8469,8469,-0.000943730093193347
"9202","9202",2595,2471,2602,0.00269749518304432
"9203","9203",2664,2591,2648,-0.00600600600600601
"9204","9204",6752,5997,5997,-0.111818720379147
"9205","9205",4852,4853,4699,-0.0315333882934872
"9206","9206",3851,3819,3828,-0.00597247468190081
"9207","9207",1305,1305,1305,0
"9208","9208",4654,4652,4634,-0.00429737859905458
"9209","9209",1835,1827,2019,0.100272479564033
"9210","9210",11802,11576,11503,-0.0253346890357567
"9211","9211",3330,3416,3341,0.0033033033033033
"9212","9212",5158,5158,3672,-0.288096161302831
"9213","9213",2989,2989,3034,0.0150552024088324
"9214","9214",5148,5102,5047,-0.0196192696192696
"9215","9215",3016,3007,3008,-0.0026525198938992
"9216","9216",1306,1306,1307,0.000765696784073507
"17297","17297",1306,1306,1307,0.000765696784073507
"9217","9217",3242,3148,3060,-0.0561381863047502
"17514","17514",3242,3148,3060,-0.0561381863047502
"9218","9218",2419,2321,2321,-0.0405126085159157
"9220","9220",8771,8771,8253,-0.0590582601755786
"9221","9221",3144,3176,3176,0.0101781170483461
"9222","9222",2711,2712,2628,-0.0306160088528218
"9223","9223",11069,11068,11047,-0.00198753274911916
"9224","9224",1267,1267,1263,-0.00315706393054459
"9226","9226",11080,8640,8567,-0.226805054151625
"9227","9227",4253,4253,4393,0.0329179402774512
"9228","9228",5626,5626,5508,-0.0209740490579453
"9229","9229",6697,6498,6499,-0.0295654770792892
"9231","9231",2518,2518,2325,-0.0766481334392375
"19146","19146",2518,2518,2325,-0.0766481334392375
"9232","9232",4674,4795,4807,0.0284552845528455
"9233","9233",888,888,888,0
"9234","9234",1218,1218,1175,-0.035303776683087
"9235","9235",4450,4263,4258,-0.0431460674157303
"9237","9237",4914,4918,6541,0.331094831094831
"9238","9238",5396,5367,5106,-0.0537435137138621
"9239","9239",1969,2276,2276,0.155916708989335
"9240","9240",4428,4418,4415,-0.00293586269196025
"9241","9241",1618,1592,1575,-0.0265760197775031
"9242","9242",2370,2508,2580,0.0886075949367089
"9243","9243",11658,12569,11101,-0.0477783496311546
"9244","9244",2818,2915,2915,0.0344215755855216
"9246","9246",4107,4107,4102,-0.00121743364986608
"9248","9248",1485,1526,2400,0.616161616161616
"9249","9249",3521,3521,3501,-0.00568020448736154
"9250","9250",2691,1979,1979,-0.264585655890004
"9251","9251",6733,8097,8087,0.201099064310114
"9252","9252",2175,2163,2281,0.048735632183908
"9253","9253",2755,2744,2155,-0.217785843920145
"9255","9255",5402,5396,5379,-0.00425768233987412
"9256","9256",6245,5796,5312,-0.149399519615693
"9257","9257",4814,4737,4492,-0.0668882426256751
"9258","9258",3294,3307,3260,-0.0103217972070431
"9260","9260",3090,3018,3054,-0.0116504854368932
"9261","9261",5935,5734,5693,-0.0407750631844987
"9262","9262",5241,5253,5254,0.00248044266361381
"9263","9263",1915,2102,2117,0.105483028720627
"11590","11590",1915,2102,2117,0.105483028720627
"9265","9265",1541,1541,1418,-0.0798182998053212
"9266","9266",3891,4082,4100,0.0537136982780776
"9267","9267",6039,5561,5518,-0.0862725616823977
"9270","9270",4827,4830,4745,-0.0169877770872177
"9271","9271",3428,2744,2739,-0.200991831971995
"9273","9273",3088,3396,3395,0.0994170984455959
"9274","9274",6291,6285,6285,-0.000953743443013829
"9275","9275",2301,2302,2302,0.000434593654932638
"18742","18742",2301,2302,2302,0.000434593654932638
"9276","9276",4391,4391,3571,-0.186745616032794
"9277","9277",4557,4805,4794,0.0520078999341672
"9278","9278",5150,5096,5101,-0.00951456310679612
"10662","10662",5150,5096,5101,-0.00951456310679612
"9279","9279",4969,4969,5465,0.0998188770376333
"9280","9280",4451,4447,4454,0.000674005841383959
"9281","9281",4923,4781,4781,-0.0288442006906358
"9282","9282",7630,5030,5030,-0.340760157273919
"9284","9284",1691,1465,1465,-0.13364872856298
"9285","9285",4999,5220,5017,0.00360072014402881
"9286","9286",7185,5104,5106,-0.289352818371608
"9287","9287",2271,2271,2266,-0.00220167327168648
"9288","9288",2343,2343,2343,0
"9289","9289",1578,1568,1568,-0.00633713561470215
"9290","9290",5022,4995,4719,-0.0603345280764636
"9291","9291",2921,2921,2914,-0.00239643957548785
"9292","9292",7079,6649,6651,-0.0604605170221783
"9294","9294",1689,1689,1683,-0.00355239786856128
"9295","9295",2444,2444,2444,0
"15088","15088",2444,2444,2444,0
"9296","9296",7654,7930,8088,0.0567023778416514
"9297","9297",2655,2655,2662,0.00263653483992467
"9298","9298",3535,3535,3534,-0.000282885431400283
"10104","10104",3535,3535,3534,-0.000282885431400283
"9299","9299",2263,2263,2318,0.0243040212107821
"9300","9300",2765,2607,2614,-0.0546112115732369
"18090","18090",2765,2607,2614,-0.0546112115732369
"9301","9301",2988,2985,3274,0.0957161981258367
"9302","9302",2590,2588,2576,-0.00540540540540541
"9303","9303",3557,3557,3547,-0.00281135788585887
"9304","9304",4350,4442,4576,0.0519540229885057
"9305","9305",4988,4384,4384,-0.121090617481957
"10168","10168",4988,4384,4384,-0.121090617481957
"9306","9306",3352,3064,3064,-0.0859188544152745
"11892","11892",3352,3064,3064,-0.0859188544152745
"9307","9307",3575,3570,3568,-0.00195804195804196
"15751","15751",3575,3570,3568,-0.00195804195804196
"17804","17804",3575,3570,3568,-0.00195804195804196
"19811","19811",3575,3570,3568,-0.00195804195804196
"9308","9308",2689,2690,2402,-0.106731126812942
"9309","9309",1902,1903,1903,0.000525762355415352
"9310","9310",6552,6420,6426,-0.0192307692307692
"9311","9311",3693,3697,3691,-0.000541565123206066
"9312","9312",4646,4646,4540,-0.0228153250107619
"9314","9314",2239,2293,2293,0.0241179097811523
"9315","9315",1332,1332,1339,0.00525525525525526
"9316","9316",5967,6100,5891,-0.0127367186190716
"9317","9317",3833,3833,3834,0.00026089225150013
"9318","9318",1843,1915,1915,0.0390667390124797
"9319","9319",3583,3171,3184,-0.111359196204298
"13199","13199",3583,3171,3184,-0.111359196204298
"9320","9320",4145,4141,4046,-0.0238841978287093
"9321","9321",1676,1676,2089,0.246420047732697
"9322","9322",4335,4168,4581,0.0567474048442907
"9323","9323",5748,5676,5345,-0.0701113430758525
"9325","9325",2006,2240,2240,0.116650049850449
"9326","9326",3865,4172,4173,0.0796895213454075
"9327","9327",6917,6700,6644,-0.03946797744687
"9328","9328",7666,7575,7342,-0.0422645447430211
"9329","9329",6527,6560,6592,0.00995863336908227
"9330","9330",7646,7595,7117,-0.0691865027465341
"9331","9331",1628,2646,2646,0.625307125307125
"12199","12199",1628,2646,2646,0.625307125307125
"12391","12391",1628,2646,2646,0.625307125307125
"9332","9332",3028,3028,3028,0
"9333","9333",6457,6456,6525,0.0105312064426204
"9334","9334",1760,1780,1780,0.0113636363636364
"9335","9335",4217,4292,4217,0
"9336","9336",3573,3532,3617,0.012314581584103
"9337","9337",2541,2585,2587,0.0181031090121999
"9338","9338",2097,2097,1994,-0.0491177873152122
"9339","9339",2587,2587,2586,-0.000386548125241593
"13340","13340",2587,2587,2586,-0.000386548125241593
"9340","9340",4527,4632,4635,0.0238568588469185
"9341","9341",1870,1870,1872,0.00106951871657754
"9342","9342",8665,8628,7927,-0.0851702250432776
"9343","9343",7544,7587,7580,0.00477200424178155
"9345","9345",3171,3171,3166,-0.00157678965625985
"14451","14451",3171,3171,3166,-0.00157678965625985
"9346","9346",1781,1787,1787,0.00336889387984278
"9347","9347",16478,15921,15898,-0.0351984464133997
"9348","9348",4108,4105,4003,-0.0255598831548199
"9349","9349",2472,2709,2709,0.095873786407767
"14136","14136",2472,2709,2709,0.095873786407767
"9350","9350",3627,3628,3903,0.076095947063689
"9351","9351",1415,1399,1271,-0.101766784452297
"9352","9352",5752,5791,5732,-0.00347705146036161
"9354","9354",4333,4333,4340,0.00161550888529887
"9355","9355",6592,6425,6558,-0.00515776699029126
"9356","9356",3707,3707,3658,-0.0132182357701646
"9357","9357",3896,3820,3819,-0.0197638603696099
"9358","9358",3291,3478,3477,0.056517775752051
"9359","9359",2924,2886,2886,-0.0129958960328317
"9360","9360",1667,1612,1612,-0.0329934013197361
"9814","9814",1667,1612,1612,-0.0329934013197361
"9362","9362",3183,2995,2995,-0.0590637763116557
"9363","9363",2819,2819,2942,0.0436324937921249
"9364","9364",4769,4769,4769,0
"9365","9365",2025,2025,2020,-0.00246913580246914
"9366","9366",2092,2091,2098,0.00286806883365201
"9367","9367",2005,2005,1903,-0.0508728179551122
"9368","9368",2357,2357,2197,-0.0678829019940602
"9370","9370",3024,3024,3201,0.058531746031746
"9371","9371",1639,1639,1639,0
"9372","9372",3709,3707,3748,0.0105149636020491
"9373","9373",6930,6697,6695,-0.0339105339105339
"9374","9374",1079,1196,1372,0.271547729379055
"9375","9375",4060,4061,4061,0.000246305418719212
"9376","9376",5361,5361,5308,-0.00988621525834732
"9377","9377",2248,2248,2245,-0.00133451957295374
"9378","9378",3389,3389,3304,-0.0250811448804957
"9379","9379",2958,2785,3297,0.114604462474645
"9380","9380",5732,5441,5419,-0.0546057222609909
"9381","9381",1697,1693,1693,-0.00235710076605775
"9382","9382",1935,1931,1801,-0.069250645994832
"9383","9383",4073,4073,4073,0
"9384","9384",3874,3874,3874,0
"9385","9385",2061,1972,1973,-0.0426977195536148
"9386","9386",2339,1614,1614,-0.309961522017956
"9387","9387",6048,6048,6182,0.0221560846560847
"9388","9388",4161,5157,4179,0.00432588320115357
"9389","9389",1378,1382,1258,-0.0870827285921626
"15601","15601",1378,1382,1258,-0.0870827285921626
"9390","9390",10751,10623,10622,-0.0119988838247605
"9391","9391",2841,2841,2840,-0.000351988736360436
"9392","9392",2364,2364,2364,0
"9393","9393",2774,2774,2769,-0.00180245133381399
"9394","9394",4743,4743,4738,-0.00105418511490618
"9395","9395",1735,1667,1650,-0.0489913544668588
"9396","9396",3474,3472,3550,0.0218767990788716
"9397","9397",1646,1568,1568,-0.0473876063183475
"9398","9398",1725,1730,1730,0.00289855072463768
"9399","9399",2205,2205,2182,-0.0104308390022676
"9401","9401",4267,4267,4268,0.000234356690883525
"9402","9402",11161,11160,11175,0.00125436788818206
"9403","9403",1324,1324,1389,0.0490936555891239
"9404","9404",3116,3119,4043,0.297496790757381
"9405","9405",8849,8865,8861,0.0013560854333823
"9406","9406",4152,4174,4173,0.00505780346820809
"9407","9407",10679,10403,10143,-0.0501919655398446
"9408","9408",5569,5368,5366,-0.0364517866762435
"9409","9409",1872,1860,1860,-0.00641025641025641
"9410","9410",3289,3510,3504,0.0653694131955002
"9411","9411",1990,1990,1989,-0.00050251256281407
"9412","9412",1515,1390,1390,-0.0825082508250825
"9413","9413",5648,5456,5457,-0.0338172804532578
"9414","9414",6107,6100,6108,0.000163746520386442
"9415","9415",3653,3653,3830,0.0484533260333972
"19930","19930",3653,3653,3830,0.0484533260333972
"9416","9416",1184,1419,1419,0.19847972972973
"9417","9417",1347,1496,1496,0.110616184112843
"9418","9418",3536,3536,3534,-0.000565610859728507
"9419","9419",4216,4168,4172,-0.0104364326375712
"9420","9420",2667,2663,2562,-0.0393700787401575
"9422","9422",2297,2297,2316,0.00827165868524162
"9423","9423",5862,5886,5886,0.00409416581371546
"9424","9424",2864,2907,2907,0.0150139664804469
"9425","9425",2629,2629,2649,0.00760745530620008
"9427","9427",4295,3791,3791,-0.117345750873108
"9428","9428",4319,4288,4298,-0.00486223662884927
"9429","9429",6632,3234,3205,-0.516737032569361
"9430","9430",2830,2705,2702,-0.0452296819787986
"9431","9431",4356,4189,4194,-0.0371900826446281
"9433","9433",3768,2624,2624,-0.303609341825902
"9434","9434",2235,2219,2306,0.0317673378076063
"16286","16286",2235,2219,2306,0.0317673378076063
"9435","9435",2694,2479,2458,-0.0876020786933927
"9436","9436",1854,1787,1763,-0.0490830636461704
"9438","9438",1501,1501,1500,-0.000666222518321119
"9439","9439",3148,3187,2766,-0.121346886912325
"16739","16739",3148,3187,2766,-0.121346886912325
"9440","9440",4210,4208,4208,-0.000475059382422803
"9441","9441",3583,3583,3385,-0.055260954507396
"9442","9442",4955,3832,3832,-0.226639757820383
"9443","9443",6348,6672,5923,-0.066950220541903
"9444","9444",9114,9655,9658,0.0596883914856265
"9445","9445",3449,3465,4134,0.198608292258626
"9446","9446",6148,6118,6114,-0.005530253741054
"16770","16770",6148,6118,6114,-0.005530253741054
"9447","9447",8737,8737,8867,0.0148792491701957
"9448","9448",5105,5150,5162,0.0111655239960823
"9449","9449",1992,2066,2066,0.03714859437751
"9450","9450",4037,3924,3869,-0.0416150606886302
"9451","9451",2258,2258,2462,0.0903454384410983
"18482","18482",2258,2258,2462,0.0903454384410983
"9452","9452",7844,4486,4486,-0.428097909229985
"9453","9453",1312,2328,2328,0.774390243902439
"9454","9454",2918,2917,2440,-0.163810829335161
"9455","9455",3264,3268,3082,-0.0557598039215686
"9457","9457",3077,3017,3025,-0.0168995775105622
"9458","9458",2816,2816,2815,-0.000355113636363636
"9459","9459",5735,5700,5672,-0.0109851787271142
"9460","9460",5081,5081,5129,0.00944695925998819
"9461","9461",3883,3883,3822,-0.0157095029616276
"9462","9462",4487,4955,4974,0.108535770002229
"9463","9463",4885,4883,4857,-0.00573183213920164
"9464","9464",2567,2685,2718,0.0588235294117647
"9465","9465",6475,6518,6519,0.0067953667953668
"9467","9467",7092,7062,7091,-0.000141003948110547
"9468","9468",10955,10756,10759,-0.0178913738019169
"9469","9469",4678,4710,4623,-0.0117571611799914
"9470","9470",4153,4145,4145,-0.00192631832410306
"9471","9471",2529,2527,2527,-0.000790826413602214
"12177","12177",2529,2527,2527,-0.000790826413602214
"9472","9472",4228,4229,4229,0.000236518448438978
"9473","9473",3143,3045,3051,-0.029271396754693
"9474","9474",5198,5198,4391,-0.155252020007695
"9475","9475",4919,4711,4719,-0.0406586704614759
"9476","9476",5289,5253,5302,0.00245793155605975
"9477","9477",4424,4405,4359,-0.0146925858951175
"9478","9478",1732,1579,1579,-0.088337182448037
"9479","9479",6580,6577,6577,-0.000455927051671732
"9480","9480",1557,1557,1557,0
"9481","9481",2184,2458,2490,0.14010989010989
"9483","9483",8712,6211,6212,-0.286960514233241
"9484","9484",3378,3423,3621,0.0719360568383659
"9485","9485",8207,8141,8145,-0.00755452662361399
"9486","9486",1032,1032,1032,0
"9487","9487",4596,5531,5493,0.195169712793734
"9488","9488",5564,5550,6073,0.0914809489575845
"9489","9489",2024,2024,1907,-0.0578063241106719
"15559","15559",2024,2024,1907,-0.0578063241106719
"9490","9490",2408,2408,2401,-0.00290697674418605
"9491","9491",1823,1822,1820,-0.00164563905650027
"16836","16836",1823,1822,1820,-0.00164563905650027
"9492","9492",4627,4659,4666,0.00842878755132915
"9493","9493",7114,7839,7611,0.0698622434635929
"9494","9494",3478,3479,3476,-0.000575043128234618
"9495","9495",6558,6558,6558,0
"9496","9496",3128,3128,3091,-0.0118286445012788
"16435","16435",3128,3128,3091,-0.0118286445012788
"9497","9497",4316,4336,4467,0.0349860982391103
"9498","9498",2306,2299,2426,0.0520381613183001
"15806","15806",2306,2299,2426,0.0520381613183001
"9500","9500",2153,2052,2001,-0.0705991639572689
"9501","9501",3416,3487,3487,0.0207845433255269
"9502","9502",3272,3241,3125,-0.0449266503667482
"9503","9503",1469,1465,1469,0
"9504","9504",2204,2204,2203,-0.000453720508166969
"9505","9505",16432,16833,17194,0.0463729308666018
"9506","9506",4620,4914,5050,0.0930735930735931
"9507","9507",850,850,850,0
"9508","9508",2808,3006,3006,0.0705128205128205
"9509","9509",1497,1497,1467,-0.0200400801603206
"9510","9510",4135,4047,4047,-0.0212817412333736
"9515","9515",3765,3635,4029,0.0701195219123506
"9516","9516",4871,4998,4967,0.0197084787517963
"9517","9517",4572,4432,4432,-0.0306211723534558
"9518","9518",2577,2564,2566,-0.00426852929763291
"9520","9520",2431,2327,2365,-0.0271493212669683
"9521","9521",7359,6898,4438,-0.396928930561218
"9523","9523",3386,3390,3393,0.00206733608978145
"9524","9524",3932,3800,3802,-0.0330620549338759
"19630","19630",3932,3800,3802,-0.0330620549338759
"9525","9525",6064,6065,4022,-0.336741424802111
"9527","9527",7668,7652,7655,-0.00169535732916015
"9530","9530",2788,2891,2891,0.0369440459110473
"9531","9531",3405,4110,3418,0.00381791483113069
"9532","9532",1346,1326,1327,-0.0141158989598811
"9533","9533",2462,2527,2610,0.0601137286758733
"9535","9535",5149,3687,3687,-0.283938628859973
"9536","9536",4758,4681,4532,-0.0474989491382934
"9537","9537",3268,4012,3653,0.11780905752754
"9538","9538",3725,4049,4046,0.0861744966442953
"9539","9539",2250,2281,2978,0.323555555555556
"9540","9540",2995,2974,2713,-0.0941569282136895
"9541","9541",4960,4958,4958,-0.000403225806451613
"9542","9542",4502,4502,3136,-0.303420701910262
"9543","9543",5304,5240,5217,-0.0164027149321267
"9544","9544",2690,2618,2654,-0.0133828996282528
"9545","9545",3431,3355,3339,-0.0268143398426115
"9546","9546",2352,2352,2353,0.000425170068027211
"9547","9547",1541,1536,1535,-0.00389357560025957
"9548","9548",2633,3130,2709,0.0288644132168629
"9550","9550",1796,1797,1676,-0.066815144766147
"9551","9551",4614,4596,4658,0.00953619419159081
"9553","9553",1882,1882,1882,0
"9554","9554",3278,3280,3280,0.00061012812690665
"9555","9555",1678,1679,1678,0
"9556","9556",3865,3693,3700,-0.0426908150064683
"9557","9557",3989,3891,3891,-0.0245675607921785
"9558","9558",1150,1482,1482,0.288695652173913
"13197","13197",1150,1482,1482,0.288695652173913
"9559","9559",2320,2321,2307,-0.00560344827586207
"13111","13111",2320,2321,2307,-0.00560344827586207
"9560","9560",7176,7528,7940,0.106465997770346
"9561","9561",3082,3082,3386,0.0986372485399092
"9563","9563",2869,2769,2611,-0.0899268037643778
"9564","9564",4956,4716,4723,-0.0470137207425343
"9565","9565",6027,6042,6101,0.0122780819644931
"9566","9566",3715,3715,3696,-0.00511440107671602
"15711","15711",3715,3715,3696,-0.00511440107671602
"15808","15808",3715,3715,3696,-0.00511440107671602
"9567","9567",5684,7491,7508,0.320900774102745
"9568","9568",3310,3304,3298,-0.00362537764350453
"9569","9569",6438,6809,6807,0.0573159366262815
"9570","9570",2202,2202,2445,0.110354223433243
"9571","9571",4612,4760,4703,0.0197311361665221
"9572","9572",3932,3932,4110,0.0452695829094608
"9573","9573",2388,2449,2449,0.0255443886097152
"9574","9574",2316,2316,2359,0.018566493955095
"9575","9575",4162,3577,3415,-0.17948101874099
"9577","9577",1975,1970,1966,-0.00455696202531646
"9578","9578",3189,3189,3025,-0.0514267795547193
"15455","15455",3189,3189,3025,-0.0514267795547193
"9579","9579",3699,3296,3341,-0.0967829143011625
"9580","9580",8797,8797,8800,0.000341025349550983
"9581","9581",9591,9162,8923,-0.0696486289229486
"9582","9582",2358,2358,2361,0.00127226463104326
"9583","9583",7584,7915,7833,0.0328322784810127
"9584","9584",3988,4042,4033,0.011283851554664
"9585","9585",11432,11379,10793,-0.0558957312806158
"9586","9586",2643,2410,2638,-0.00189178963299281
"9588","9588",5193,3778,3777,-0.272674754477181
"9589","9589",2195,2193,2193,-0.000911161731207289
"9591","9591",3054,2992,2991,-0.0206286836935167
"9592","9592",6029,6449,6449,0.06966329407862
"9593","9593",2222,2254,2452,0.103510351035104
"17795","17795",2222,2254,2452,0.103510351035104
"9594","9594",3789,3789,3789,0
"9595","9595",3516,3225,3202,-0.0893060295790671
"9596","9596",4265,4265,4272,0.00164126611957796
"9598","9598",8088,6464,6464,-0.200791295746785
"9599","9599",4404,4416,4485,0.0183923705722071
"9600","9600",2167,2167,2224,0.0263036455929857
"9601","9601",10236,9517,9685,-0.0538296209456819
"9602","9602",4374,4365,4378,0.000914494741655235
"9603","9603",3543,2910,1579,-0.554332486593282
"9604","9604",3672,3606,3949,0.0754357298474946
"9605","9605",7330,6941,6405,-0.126193724420191
"9606","9606",1340,1340,1265,-0.0559701492537313
"9607","9607",7808,7887,7892,0.0107581967213115
"9608","9608",934,934,934,0
"9609","9609",3829,3831,3832,0.000783494384956908
"9610","9610",9885,8921,9896,0.00111279716742539
"9611","9611",1818,1820,1807,-0.00605060506050605
"9612","9612",8154,7955,7963,-0.0234240863379936
"9613","9613",3576,3547,3547,-0.00810961968680089
"12868","12868",3576,3547,3547,-0.00810961968680089
"9614","9614",1499,1590,1337,-0.108072048032021
"9615","9615",4306,4458,4295,-0.0025545750116117
"9616","9616",2199,2202,2185,-0.00636653024101864
"9617","9617",5982,5948,5796,-0.0310932798395186
"9618","9618",3226,3226,2632,-0.184128952262864
"9619","9619",971,973,973,0.00205973223480947
"9621","9621",2553,2553,2555,0.000783392087739914
"10322","10322",2553,2553,2555,0.000783392087739914
"9622","9622",1810,1816,1816,0.00331491712707182
"9623","9623",3426,2919,2919,-0.147985989492119
"9624","9624",2141,2079,1961,-0.0840728631480617
"17032","17032",2141,2079,1961,-0.0840728631480617
"9625","9625",4672,4672,4564,-0.0231164383561644
"9626","9626",1056,1042,1188,0.125
"9627","9627",3036,3075,3075,0.0128458498023715
"9628","9628",2444,2444,2719,0.112520458265139
"9629","9629",945,945,858,-0.0920634920634921
"9630","9630",4294,4239,4237,-0.0132743362831858
"10640","10640",4294,4239,4237,-0.0132743362831858
"11804","11804",4294,4239,4237,-0.0132743362831858
"19212","19212",4294,4239,4237,-0.0132743362831858
"9631","9631",7264,5479,4251,-0.414785242290749
"9632","9632",2599,2599,2597,-0.000769526741054252
"9949","9949",2599,2599,2597,-0.000769526741054252
"9633","9633",2506,2506,2695,0.0754189944134078
"9634","9634",2092,1775,1775,-0.151529636711281
"18960","18960",2092,1775,1775,-0.151529636711281
"9637","9637",6769,6841,6832,0.0093071354705274
"9638","9638",2249,2161,2161,-0.0391285015562472
"10242","10242",2249,2161,2161,-0.0391285015562472
"9639","9639",1868,1868,1869,0.000535331905781585
"9640","9640",13114,10952,10924,-0.166997102333384
"9641","9641",3313,2973,2109,-0.363416842740718
"9642","9642",3692,3695,3677,-0.00406283856988082
"9643","9643",2192,2192,2137,-0.0250912408759124
"9644","9644",4168,4168,4154,-0.00335892514395393
"9645","9645",3814,3815,3790,-0.00629260618772942
"19724","19724",3814,3815,3790,-0.00629260618772942
"9646","9646",2726,2724,3050,0.118855465884079
"9648","9648",6388,6799,6801,0.0646524733876018
"9649","9649",2635,2635,2192,-0.168121442125237
"9650","9650",12198,12198,12200,0.000163961305131989
"9651","9651",1473,1360,2387,0.620502376103191
"9652","9652",1378,1377,1367,-0.00798258345428157
"9653","9653",1137,1136,1136,-0.000879507475813544
"9654","9654",4359,4368,4843,0.1110346409727
"9655","9655",3355,3355,3083,-0.0810730253353204
"9656","9656",1340,1424,1479,0.103731343283582
"9657","9657",2526,2525,2690,0.0649247822644497
"9658","9658",494,494,494,0
"9660","9660",6977,7104,6936,-0.00587645119678945
"9661","9661",3569,3575,3753,0.0515550574390586
"9662","9662",3780,3776,3445,-0.0886243386243386
"9663","9663",2690,2655,2689,-0.000371747211895911
"9664","9664",2616,2612,2678,0.0237003058103976
"9665","9665",3814,3808,4355,0.141845831148401
"9666","9666",2605,2798,3052,0.171593090211132
"9667","9667",3267,3283,3269,0.000612182430364249
"9668","9668",1807,1496,1497,-0.171555063641395
"11044","11044",1807,1496,1497,-0.171555063641395
"13229","13229",1807,1496,1497,-0.171555063641395
"16029","16029",1807,1496,1497,-0.171555063641395
"9669","9669",4425,4144,4010,-0.0937853107344633
"9670","9670",2537,2537,2537,0
"9671","9671",617,729,730,0.183144246353323
"9672","9672",3731,3678,3659,-0.0192977753953364
"9673","9673",8230,8146,8223,-0.000850546780072904
"9674","9674",4615,4604,4606,-0.0019501625135428
"9676","9676",1943,1876,1830,-0.0581574884199691
"9677","9677",3584,5003,5003,0.395926339285714
"9678","9678",2606,2550,2587,-0.00729086722947045
"9679","9679",1920,1920,1933,0.00677083333333333
"9680","9680",3719,3719,3541,-0.0478623285829524
"9682","9682",5784,5782,5789,0.000864453665283541
"9684","9684",2756,2560,2558,-0.0718432510885341
"9685","9685",2922,2823,2961,0.013347022587269
"9686","9686",7911,7288,7255,-0.0829225129566426
"9687","9687",6306,6402,6395,0.0141135426577862
"9688","9688",5058,4964,5066,0.00158165282720443
"9689","9689",848,849,850,0.00235849056603774
"9690","9690",2066,2066,1545,-0.252178121974831
"9691","9691",4502,4502,4593,0.0202132385606397
"9692","9692",9484,9421,10065,0.0612610712779418
"9693","9693",2177,2177,2165,-0.00551217271474506
"9694","9694",5251,5267,5268,0.00323747857550943
"9696","9696",4724,4724,4759,0.00740897544453853
"16248","16248",4724,4724,4759,0.00740897544453853
"9697","9697",5777,5283,5751,-0.00450060585078761
"9698","9698",9552,9551,9542,-0.00104690117252931
"9699","9699",4510,4465,4505,-0.00110864745011086
"9700","9700",2865,2893,3206,0.119022687609075
"9701","9701",9414,8708,8669,-0.0791374548544721
"9702","9702",3769,4249,4223,0.120456354470682
"9703","9703",2797,2798,2919,0.043618162316768
"9704","9704",1262,1267,1268,0.00475435816164818
"16129","16129",1262,1267,1268,0.00475435816164818
"9705","9705",2923,2923,2953,0.010263427984947
"9706","9706",4341,5172,5163,0.189357290946786
"9707","9707",1963,1963,1964,0.000509424350483953
"12573","12573",1963,1963,1964,0.000509424350483953
"9708","9708",3446,3446,3240,-0.0597794544399304
"9709","9709",7639,7908,7801,0.021206964262338
"9710","9710",3048,3048,3162,0.0374015748031496
"9711","9711",3519,3506,3503,-0.00454674623472577
"9712","9712",3477,3477,3462,-0.00431406384814495
"9713","9713",2188,2181,2000,-0.0859232175502742
"9714","9714",3644,3612,2883,-0.208836443468716
"9715","9715",3146,2976,2976,-0.0540368722186904
"9716","9716",2787,2835,2818,0.0111230714029422
"9718","9718",1122,1046,1046,-0.0677361853832442
"9719","9719",6180,6110,6114,-0.0106796116504854
"9720","9720",2077,2077,2078,0.000481463649494463
"9721","9721",16800,16819,16798,-0.000119047619047619
"9722","9722",2275,2329,2328,0.0232967032967033
"16765","16765",2275,2329,2328,0.0232967032967033
"9723","9723",1556,1556,1556,0
"9724","9724",1516,1516,1525,0.00593667546174142
"9725","9725",2397,2397,2400,0.00125156445556946
"9726","9726",4307,3054,3054,-0.290921755282099
"9727","9727",11911,11911,11140,-0.0647300814373268
"9728","9728",2022,1930,1849,-0.0855588526211672
"9729","9729",4031,3998,3998,-0.00818655420491193
"9731","9731",1764,1764,1764,0
"9732","9732",2687,2688,2687,0
"9733","9733",5710,5419,5415,-0.0516637478108581
"9734","9734",2079,2074,1849,-0.110630110630111
"9735","9735",1857,1857,1879,0.0118470651588584
"9736","9736",4564,4886,6301,0.380587204206836
"9738","9738",1544,1544,1532,-0.0077720207253886
"9739","9739",7658,7707,7709,0.00665970227213372
"9740","9740",2605,2605,2605,0
"9742","9742",5854,5877,5870,0.00273317389818927
"9743","9743",6943,6886,7461,0.0746075183638197
"9744","9744",5050,4954,4955,-0.0188118811881188
"9745","9745",2465,2465,2641,0.0713995943204868
"9746","9746",6741,7384,7380,0.0947930574098798
"9747","9747",6688,8372,8372,0.251794258373206
"9748","9748",2389,2386,2387,-0.000837170364169108
"19713","19713",2389,2386,2387,-0.000837170364169108
"9749","9749",8461,8414,8960,0.058976480321475
"9750","9750",1010,1010,1010,0
"9751","9751",1367,1367,1356,-0.00804681784930505
"9752","9752",965,809,809,-0.161658031088083
"9753","9753",1462,1462,1462,0
"9754","9754",5880,5880,5863,-0.00289115646258503
"9755","9755",2983,2986,2987,0.00134093194770365
"11885","11885",2983,2986,2987,0.00134093194770365
"19463","19463",2983,2986,2987,0.00134093194770365
"9756","9756",2345,2402,2711,0.156076759061834
"9758","9758",8828,8447,8452,-0.0425917535115541
"9759","9759",2982,2982,2780,-0.0677397719651241
"9760","9760",5255,5332,5574,0.0607040913415794
"9761","9761",3095,3095,3188,0.030048465266559
"9762","9762",8115,7955,7962,-0.0188539741219963
"9763","9763",12996,10083,10066,-0.225453985841797
"9764","9764",1889,1889,2881,0.525145579671784
"9765","9765",5973,5945,5945,-0.00468776159383894
"9766","9766",9831,7732,7706,-0.216152985454176
"9767","9767",5722,5825,5568,-0.0269136665501573
"9768","9768",4562,4380,3893,-0.146646207803595
"9769","9769",9695,9669,9278,-0.043011861784425
"9770","9770",10630,10630,9496,-0.106679209783631
"9771","9771",2236,2207,2210,-0.0116279069767442
"9772","9772",3141,3141,3047,-0.0299267749124483
"10358","10358",3141,3141,3047,-0.0299267749124483
"9773","9773",1336,1336,1365,0.0217065868263473
"9775","9775",2044,2048,2048,0.00195694716242661
"9776","9776",4449,4449,4449,0
"9778","9778",3939,3931,4046,0.0271642548870272
"9779","9779",3319,3320,3381,0.0186803253992166
"9780","9780",5106,6152,6153,0.205052878965922
"9781","9781",6474,6474,6564,0.0139017608897127
"9782","9782",2958,3009,2591,-0.124070317782285
"9783","9783",2878,2878,3626,0.259902710215427
"9784","9784",3009,3009,3012,0.000997008973080758
"9785","9785",7301,7272,7308,0.000958772770853308
"9786","9786",2376,2377,2376,0
"9787","9787",5276,5273,3807,-0.278430629264594
"10116","10116",5276,5273,3807,-0.278430629264594
"9788","9788",2385,2388,2388,0.00125786163522013
"9789","9789",5735,5770,5734,-0.0001743679163034
"9790","9790",2140,2212,2208,0.0317757009345794
"9791","9791",13684,12972,12968,-0.0523238819058755
"9793","9793",1633,1633,1627,-0.00367421922841396
"14106","14106",1633,1633,1627,-0.00367421922841396
"9794","9794",2375,2161,2161,-0.0901052631578947
"9796","9796",8672,8473,8435,-0.0273293357933579
"9797","9797",2886,2460,2573,-0.108454608454608
"9798","9798",5304,5399,5390,0.0162141779788839
"9799","9799",2345,2274,2088,-0.109594882729211
"9800","9800",8292,4889,4889,-0.410395561987458
"9801","9801",4287,4287,4287,0
"9802","9802",6170,6170,6408,0.0385737439222042
"9803","9803",3600,3600,3596,-0.00111111111111111
"9804","9804",4312,4312,4313,0.00023191094619666
"9805","9805",2768,2730,2730,-0.013728323699422
"9806","9806",6201,6060,6182,-0.00306402193194646
"9807","9807",3828,2281,2281,-0.404127481713689
"9808","9808",4069,4045,4053,-0.00393217006635537
"10589","10589",4069,4045,4053,-0.00393217006635537
"9809","9809",1864,1864,1864,0
"9810","9810",2358,2364,2371,0.00551314673452078
"9811","9811",3417,2808,2808,-0.178226514486392
"9812","9812",1468,1472,1470,0.00136239782016349
"9813","9813",2357,2504,2504,0.0623674162070429
"9815","9815",3323,3323,3357,0.0102317183268131
"9816","9816",4281,4281,5265,0.229852838121934
"9817","9817",2952,3208,2454,-0.16869918699187
"9818","9818",3049,3052,2619,-0.141029845851099
"9819","9819",9536,7089,7059,-0.259752516778524
"9820","9820",2682,2680,2868,0.0693512304250559
"9821","9821",4153,3572,3572,-0.139898868287985
"9822","9822",6398,6343,6340,-0.00906533291653642
"9823","9823",2898,2898,2095,-0.277087646652864
"9824","9824",5294,5171,5171,-0.0232338496411031
"9825","9825",4785,4751,4757,-0.00585161964472309
"9826","9826",5487,5487,5485,-0.000364497904137051
"9827","9827",1950,1950,1950,0
"9828","9828",5000,5003,6479,0.2958
"9829","9829",8151,8389,8273,0.0149674886516992
"9830","9830",5147,4433,4440,-0.137361569846513
"9831","9831",4382,4364,4364,-0.00410771337288909
"9832","9832",1287,1280,1222,-0.0505050505050505
"9833","9833",779,800,800,0.0269576379974326
"9835","9835",2703,2703,2676,-0.00998890122086571
"9836","9836",2762,2776,2904,0.0514120202751629
"9837","9837",2288,2272,2272,-0.00699300699300699
"9838","9838",1968,1968,1973,0.00254065040650406
"9842","9842",2531,2531,2563,0.0126432240221256
"9843","9843",7216,7217,7274,0.00803769401330377
"9844","9844",2905,2864,3624,0.24750430292599
"9845","9845",6324,6366,6351,0.00426944971537002
"9846","9846",5436,5430,6779,0.247056659308315
"9847","9847",2084,2084,2084,0
"13704","13704",2084,2084,2084,0
"9848","9848",2290,2290,2290,0
"9849","9849",8554,7955,7956,-0.0699088145896656
"9850","9850",7693,4283,4284,-0.443130118289354
"9851","9851",8428,7716,7710,-0.0851922164214523
"9852","9852",6231,6229,6211,-0.00320975766329642
"9854","9854",1775,1777,1777,0.00112676056338028
"9855","9855",2877,2870,2383,-0.171706638859924
"9856","9856",4445,4445,4196,-0.0560179977502812
"9857","9857",2579,2479,2480,-0.0383869716944552
"9858","9858",5460,5431,5140,-0.0586080586080586
"9859","9859",1854,2023,1526,-0.176914778856526
"9860","9860",1720,1720,1728,0.00465116279069767
"9862","9862",7076,7060,7324,0.035048049745619
"9863","9863",5166,5178,5180,0.002710027100271
"9864","9864",5101,5037,5040,-0.0119584395216624
"9865","9865",2024,1959,1959,-0.0321146245059289
"9866","9866",3092,3092,3096,0.00129366106080207
"9867","9867",2349,2349,2349,0
"9868","9868",1488,1488,1457,-0.0208333333333333
"9869","9869",2539,2530,2519,-0.00787711697518708
"9870","9870",2671,2581,2580,-0.0340696368401348
"9871","9871",2549,2613,2612,0.0247155747351903
"9872","9872",1257,1302,1268,0.00875099443118536
"9873","9873",3516,3373,3844,0.093287827076223
"9874","9874",2883,2572,2510,-0.129379118973292
"9875","9875",2595,2586,2455,-0.0539499036608863
"9876","9876",9235,9200,9206,-0.00314022739577694
"9877","9877",6806,6727,6690,-0.0170437848956803
"9878","9878",4803,4744,4745,-0.0120757859671039
"9879","9879",4425,4425,4457,0.0072316384180791
"9880","9880",4725,4483,4461,-0.0558730158730159
"9881","9881",2400,2242,2286,-0.0475
"9882","9882",10201,11671,11679,0.144887756102343
"9883","9883",4998,5210,4934,-0.0128051220488195
"9884","9884",3697,3697,3696,-0.000270489586150933
"9885","9885",4351,4205,4192,-0.036543323373937
"9886","9886",3648,3651,3633,-0.00411184210526316
"17713","17713",3648,3651,3633,-0.00411184210526316
"18375","18375",3648,3651,3633,-0.00411184210526316
"9887","9887",2707,2707,2690,-0.00628001477650536
"9889","9889",3192,3111,2154,-0.325187969924812
"9890","9890",1622,1622,1935,0.192971639950678
"9891","9891",3064,3134,3133,0.0225195822454308
"9892","9892",3378,3278,3282,-0.0284191829484902
"15771","15771",3378,3278,3282,-0.0284191829484902
"9893","9893",6002,6002,5955,-0.00783072309230257
"9894","9894",2556,2227,3816,0.492957746478873
"9895","9895",5204,3728,3856,-0.259031514219831
"9896","9896",1084,1089,1023,-0.0562730627306273
"14444","14444",1084,1089,1023,-0.0562730627306273
"9897","9897",1134,1134,837,-0.261904761904762
"9898","9898",2955,3082,3082,0.0429780033840948
"9900","9900",3465,3465,3469,0.00115440115440115
"9901","9901",1385,1385,1385,0
"9902","9902",2178,2178,2159,-0.00872359963269054
"9903","9903",1974,1978,1978,0.00202634245187437
"9904","9904",2631,2631,2606,-0.00950209045990118
"9905","9905",1921,1821,1736,-0.0963040083289953
"9906","9906",2758,2754,2755,-0.00108774474256708
"9907","9907",5977,5948,5957,-0.00334616028107746
"9908","9908",1905,1905,1905,0
"9909","9909",1867,1791,1791,-0.0407070166041778
"9910","9910",7405,7409,7467,0.00837272113436867
"9911","9911",7785,8430,8203,0.0536929993577392
"9912","9912",4198,4200,4208,0.00238208670795617
"9913","9913",1853,4266,4266,1.30221262817053
"9914","9914",1900,1710,1711,-0.0994736842105263
"9915","9915",2421,2422,2422,0.000413052457662123
"9916","9916",2234,2226,2227,-0.00313339301700985
"9917","9917",1835,1801,2107,0.148228882833787
"9918","9918",7740,8283,8285,0.0704134366925065
"9920","9920",5810,5218,5246,-0.0970740103270224
"9922","9922",15246,15340,16942,0.111242293060475
"9923","9923",3967,3615,3614,-0.0889841189815982
"9924","9924",7004,9335,8803,0.256853226727584
"9925","9925",4629,4499,4394,-0.0507669042989847
"9926","9926",2504,2359,2359,-0.0579073482428115
"9927","9927",2634,2822,2803,0.0641609719058466
"9928","9928",5260,4930,4929,-0.0629277566539924
"9929","9929",1836,1836,1838,0.00108932461873638
"9930","9930",1279,1279,1491,0.165754495699765
"19601","19601",1279,1279,1491,0.165754495699765
"9931","9931",3544,3795,3563,0.00536117381489842
"9932","9932",2078,2078,2092,0.00673724735322425
"9933","9933",3444,3376,3376,-0.0197444831591173
"9934","9934",4122,4121,4073,-0.0118874332848132
"9935","9935",2603,2458,2449,-0.0591625048021514
"9936","9936",4123,4123,4584,0.111811787533349
"9937","9937",4065,4069,4115,0.01230012300123
"9938","9938",8429,9017,9018,0.0698778028235852
"9939","9939",1830,1900,1900,0.0382513661202186
"9940","9940",15045,15054,15037,-0.000531738118976404
"9941","9941",1623,1622,1623,0
"9942","9942",1072,1097,1108,0.0335820895522388
"9944","9944",1708,1539,1542,-0.0971896955503513
"9945","9945",895,1051,894,-0.00111731843575419
"9946","9946",2728,2378,2376,-0.129032258064516
"9947","9947",1245,1245,1368,0.0987951807228916
"9948","9948",2310,2311,2311,0.000432900432900433
"9951","9951",4904,4702,4702,-0.0411908646003263
"9952","9952",3046,3046,3049,0.000984898227183191
"9953","9953",3768,3768,4110,0.0907643312101911
"9955","9955",6285,5663,5664,-0.0988066825775656
"9956","9956",3782,3751,3749,-0.00872554204124802
"9957","9957",3254,2986,3025,-0.0703749231714813
"9958","9958",2356,2356,2357,0.000424448217317487
"9959","9959",2364,3314,2842,0.202199661590525
"9960","9960",2081,2081,2080,-0.000480538202787122
"9961","9961",1579,2689,2689,0.702976567447752
"9962","9962",1118,1118,1129,0.00983899821109123
"9964","9964",6751,3354,3316,-0.508813509109762
"9965","9965",3143,3111,2990,-0.0486796054724785
"13382","13382",3143,3111,2990,-0.0486796054724785
"9966","9966",4234,4243,3460,-0.1828058573453
"9967","9967",2272,2272,2272,0
"9968","9968",3240,3240,3240,0
"9971","9971",6273,6130,6200,-0.0116371751952814
"9973","9973",3922,3837,4415,0.125701172870984
"9974","9974",10378,10236,10198,-0.0173443823472731
"9975","9975",4270,4264,4906,0.148946135831382
"11015","11015",4270,4264,4906,0.148946135831382
"9976","9976",4087,4087,3749,-0.0827012478590653
"9977","9977",1996,2093,2098,0.0511022044088176
"9979","9979",980,980,1233,0.258163265306122
"11740","11740",980,980,1233,0.258163265306122
"9980","9980",3719,3720,4447,0.195751546114547
"9981","9981",6995,7444,7413,0.0597569692637598
"9982","9982",4647,4540,4881,0.0503550677856682
"9983","9983",3130,3127,3106,-0.00766773162939297
"9984","9984",2079,2080,2117,0.0182780182780183
"9985","9985",2269,2315,2318,0.0215954164830322
"14892","14892",2269,2315,2318,0.0215954164830322
"15534","15534",2269,2315,2318,0.0215954164830322
"9986","9986",2874,2203,2159,-0.248782185107864
"9987","9987",4892,4936,5113,0.0451757972199509
"9988","9988",2847,2810,2756,-0.0319634703196347
"9989","9989",1662,1669,1669,0.00421179302045728
"9990","9990",13960,13461,13429,-0.0380372492836676
"9991","9991",1930,1930,1929,-0.000518134715025907
"9992","9992",13427,13407,13158,-0.0200342593282193
"9993","9993",4990,4990,7719,0.54689378757515
"9994","9994",5094,5137,4990,-0.0204161758932077
"9995","9995",4968,4890,4890,-0.0157004830917874
"9996","9996",2285,2189,2189,-0.0420131291028446
"9997","9997",4006,4006,3981,-0.00624063904143784
"9998","9998",6233,6086,6091,-0.0227819669501043
"9999","9999",1569,1569,1400,-0.107711918419375
"10000","10000",6069,4859,6001,-0.0112044817927171
"10001","10001",3882,3883,3680,-0.0520350334878928
"10002","10002",2899,1794,4857,0.675405312176613
"10003","10003",2158,2263,2263,0.0486561631139944
"10004","10004",1802,1802,1802,0
"10005","10005",1137,1136,1170,0.029023746701847
"10006","10006",3081,2996,2889,-0.062317429406037
"10007","10007",2950,2796,2649,-0.102033898305085
"10008","10008",2962,2962,2957,-0.00168804861580013
"10009","10009",1806,1862,1859,0.0293466223698782
"10010","10010",2331,2331,2322,-0.00386100386100386
"10011","10011",9879,9879,9907,0.00283429496912643
"10012","10012",2682,2673,2673,-0.00335570469798658
"10013","10013",6665,6774,6775,0.0165041260315079
"10014","10014",1245,1250,1250,0.00401606425702811
"10015","10015",2024,2216,2215,0.0943675889328063
"10016","10016",1988,1984,1984,-0.00201207243460765
"10017","10017",2125,2127,2141,0.00752941176470588
"10018","10018",10014,10961,9824,-0.0189734371879369
"10019","10019",4076,4079,4085,0.00220804710500491
"10020","10020",1029,1029,1029,0
"10021","10021",4076,4075,4075,-0.000245338567222767
"10022","10022",3388,3388,3388,0
"10024","10024",2483,3141,3141,0.265002013693113
"10025","10025",3192,3193,3221,0.00908521303258145
"10026","10026",7341,7321,6822,-0.0706988148753576
"10027","10027",3752,3554,3555,-0.0525053304904051
"10028","10028",7005,7006,6448,-0.0795146324054247
"10029","10029",2815,2715,2952,0.0486678507992895
"10030","10030",3582,3570,3510,-0.0201005025125628
"10031","10031",3041,2900,2900,-0.0463663268661624
"10033","10033",8562,8509,8033,-0.061784629759402
"10034","10034",5855,5855,5851,-0.000683176771989752
"10035","10035",8456,8127,8127,-0.0389072847682119
"10036","10036",1342,989,989,-0.263040238450075
"10037","10037",4145,4145,4139,-0.0014475271411339
"10038","10038",3410,3456,3423,0.00381231671554252
"10039","10039",7082,7085,5271,-0.255718723524428
"10041","10041",9940,9940,10094,0.0154929577464789
"10042","10042",4374,4202,4204,-0.0388660265203475
"10043","10043",2816,2816,2974,0.0561079545454545
"10044","10044",2151,2151,2159,0.00371920037192004
"10045","10045",2027,2027,2074,0.0231869758263444
"10046","10046",3077,3077,2596,-0.156321091972701
"10047","10047",4048,3988,3581,-0.115365612648221
"10048","10048",3324,3327,3327,0.000902527075812274
"10049","10049",8645,8612,8431,-0.0247541931752458
"10050","10050",3051,3051,3315,0.0865290068829892
"10051","10051",2860,2863,2697,-0.056993006993007
"10052","10052",1294,1299,1299,0.00386398763523957
"10053","10053",1344,1570,1570,0.168154761904762
"10054","10054",5290,5316,5319,0.0054820415879017
"10055","10055",12150,12151,12150,0
"10056","10056",7426,7345,7421,-0.00067330999192028
"10057","10057",3769,3531,3647,-0.0323693287344123
"10060","10060",1606,1606,1500,-0.0660024906600249
"12450","12450",1606,1606,1500,-0.0660024906600249
"15027","15027",1606,1606,1500,-0.0660024906600249
"10061","10061",955,1222,1222,0.279581151832461
"10062","10062",3525,3524,4008,0.137021276595745
"10063","10063",3338,3204,3130,-0.0623127621330138
"10064","10064",2681,1954,1954,-0.271167474822827
"16764","16764",2681,1954,1954,-0.271167474822827
"10065","10065",4512,4287,4287,-0.0498670212765957
"10067","10067",4086,3526,3352,-0.179637787567303
"10068","10068",3165,3175,3480,0.0995260663507109
"10069","10069",3262,3262,3263,0.000306560392397302
"10070","10070",3385,3385,3436,0.0150664697193501
"10071","10071",13767,13770,13753,-0.00101692452967241
"10072","10072",2599,2597,2468,-0.0504040015390535
"10073","10073",1044,1036,1157,0.10823754789272
"10074","10074",2975,2905,2968,-0.00235294117647059
"10075","10075",6278,6332,6305,0.00430073271742593
"10076","10076",1679,1736,1885,0.122692078618225
"10077","10077",5276,5353,5394,0.0223654283548143
"10078","10078",2101,2101,2101,0
"10079","10079",4380,4377,6646,0.517351598173516
"10080","10080",5187,5556,5375,0.0362444572970889
"10081","10081",10910,10910,10487,-0.0387717690192484
"10082","10082",3187,3186,3185,-0.000627549419516787
"10951","10951",3187,3186,3185,-0.000627549419516787
"10083","10083",6541,6445,6268,-0.041736737501911
"10084","10084",4629,4867,4618,-0.00237632317995247
"10085","10085",1902,1902,1902,0
"10086","10086",7972,7971,8021,0.00614651279478174
"10087","10087",2178,2171,2171,-0.0032139577594123
"10088","10088",3152,3374,3376,0.0710659898477157
"10089","10089",6009,6176,6176,0.0277916458645365
"10090","10090",2481,2481,2614,0.0536074163643692
"10091","10091",6888,5964,6077,-0.11774099883856
"10092","10092",2397,2401,2396,-0.000417188151856487
"19867","19867",2397,2401,2396,-0.000417188151856487
"10094","10094",5172,5018,5019,-0.0295823665893271
"10095","10095",1182,1181,1181,-0.000846023688663283
"10096","10096",3301,3258,2842,-0.139048773099061
"10098","10098",938,938,938,0
"10099","10099",6941,6865,6866,-0.0108053594582913
"10100","10100",7104,7003,7006,-0.013795045045045
"10101","10101",3222,3222,3229,0.00217256362507759
"10102","10102",1550,1365,1365,-0.119354838709677
"10103","10103",6752,6700,6755,0.000444312796208531
"10105","10105",3063,3063,2834,-0.0747633039503754
"10106","10106",1796,1840,1822,0.0144766146993318
"16212","16212",1796,1840,1822,0.0144766146993318
"10107","10107",2513,2513,2513,0
"10108","10108",4318,4309,4308,-0.00231588698471515
"10109","10109",6713,6716,6690,-0.00342618799344555
"10110","10110",2134,2789,2789,0.306935332708529
"10112","10112",4518,4486,4486,-0.00708277999114653
"10113","10113",2751,2941,2366,-0.139949109414758
"18403","18403",2751,2941,2366,-0.139949109414758
"10114","10114",6114,6130,6133,0.00310762185148839
"10115","10115",11108,10988,10540,-0.0511343176089305
"10117","10117",3424,3315,3315,-0.0318341121495327
"10118","10118",8255,8205,9092,0.101393095093883
"10119","10119",4089,3072,3072,-0.248716067498166
"10121","10121",4519,4519,4519,0
"10122","10122",2672,2744,2744,0.0269461077844311
"18497","18497",2672,2744,2744,0.0269461077844311
"10123","10123",5143,5090,5090,-0.0103052692980751
"10124","10124",3996,3876,3758,-0.0595595595595596
"10125","10125",10144,10147,12227,0.205343059936909
"10126","10126",3039,3039,3039,0
"10127","10127",2931,2769,2769,-0.0552712384851586
"18233","18233",2931,2769,2769,-0.0552712384851586
"10128","10128",3410,3410,3341,-0.0202346041055718
"10129","10129",2198,2198,2186,-0.00545950864422202
"10130","10130",2463,2463,2776,0.127080795777507
"10131","10131",4666,4663,4665,-0.000214316330904415
"10132","10132",1747,1730,1730,-0.00973096737263881
"10133","10133",4350,4351,4349,-0.000229885057471264
"10134","10134",9826,7327,7299,-0.257174842255241
"10135","10135",5669,6232,6238,0.100370435702946
"10136","10136",2020,2070,2070,0.0247524752475248
"10137","10137",1460,1468,1512,0.0356164383561644
"10138","10138",9478,9669,9671,0.0203629457691496
"10139","10139",1345,1345,1390,0.033457249070632
"10140","10140",4559,4492,4713,0.0337793375740294
"10141","10141",2553,3600,3601,0.410497453975715
"10142","10142",6154,5745,5746,-0.0662983425414365
"10143","10143",5594,4962,4963,-0.112799427958527
"10144","10144",8142,7904,7904,-0.0292311471382953
"10145","10145",779,779,779,0
"10146","10146",3623,3421,3626,0.000828043058239028
"10147","10147",2623,2558,2536,-0.0331681280975982
"10148","10148",3250,3474,3202,-0.0147692307692308
"10150","10150",1623,1631,1631,0.00492914356130622
"10151","10151",3437,3769,3820,0.111434390456794
"10152","10152",3817,3212,3212,-0.15850144092219
"10153","10153",1891,2048,2048,0.0830248545742993
"10155","10155",3092,3163,3164,0.0232858990944373
"10156","10156",4304,4358,4149,-0.0360130111524164
"10157","10157",7702,7579,7637,-0.00843936639833809
"10158","10158",2072,2072,3317,0.600868725868726
"10159","10159",5309,4881,4879,-0.0809945375776982
"10160","10160",11698,10717,10687,-0.0864250299196444
"10161","10161",2253,2253,2276,0.0102086107412339
"10162","10162",3791,3800,3800,0.00237404378791876
"10163","10163",6866,6661,6669,-0.0286921060297116
"10164","10164",1769,1871,1869,0.0565291124929339
"10165","10165",2303,2311,2246,-0.0247503256621798
"10166","10166",8125,8188,8188,0.00775384615384615
"10167","10167",2418,2418,2422,0.00165425971877585
"10170","10170",8503,8505,6210,-0.269669528401741
"10172","10172",7905,8340,7987,0.0103731815306768
"10174","10174",4598,3547,3783,-0.177250978686385
"10175","10175",2371,2385,2485,0.0480809784900886
"10176","10176",3767,3705,3700,-0.0177860366339262
"10177","10177",3885,3917,3917,0.00823680823680824
"10178","10178",2624,2624,3269,0.245807926829268
"10179","10179",1160,1252,1007,-0.131896551724138
"10180","10180",2354,2347,2577,0.094732370433305
"10181","10181",4739,4739,4702,-0.00780755433635788
"10182","10182",2363,2363,2256,-0.0452814219212865
"10183","10183",7163,7163,7168,0.000698031551026106
"10184","10184",6921,7417,7418,0.0718104320184944
"10185","10185",2150,2150,2150,0
"10187","10187",4851,4856,4968,0.0241187384044527
"10188","10188",3353,3356,4082,0.217417238294065
"14383","14383",3353,3356,4082,0.217417238294065
"10189","10189",1711,1693,1687,-0.0140268848626534
"10190","10190",3366,3375,3360,-0.0017825311942959
"10192","10192",2433,2433,2560,0.0521989313604603
"10193","10193",3443,3447,3445,0.000580888759802498
"10194","10194",9588,9631,9107,-0.0501668752607426
"10195","10195",4986,4991,4994,0.00160449257922182
"10196","10196",4056,4057,4048,-0.0019723865877712
"10198","10198",6530,6654,4630,-0.290964777947933
"10199","10199",2100,1949,1998,-0.0485714285714286
"10200","10200",4853,4839,4695,-0.0325571811250773
"10201","10201",3713,3713,3520,-0.0519795313762456
"10203","10203",5168,5168,5169,0.000193498452012384
"10204","10204",3846,3844,6166,0.603224128965159
"10205","10205",13682,13563,13409,-0.0199532232129806
"10206","10206",5191,5171,4519,-0.129454825659796
"10208","10208",1757,1757,1757,0
"10209","10209",2436,2706,2761,0.133415435139573
"10210","10210",3418,3419,3462,0.0128730251609128
"10211","10211",4662,4011,4011,-0.13963963963964
"10212","10212",6135,6147,5773,-0.0590057049714751
"10213","10213",10000,9603,12731,0.2731
"10214","10214",2655,2655,2655,0
"10215","10215",5607,5709,5716,0.0194399857321206
"10216","10216",9081,8444,8439,-0.0706970597951767
"10217","10217",3653,3470,3466,-0.0511908020804818
"10219","10219",2145,2075,2037,-0.0503496503496504
"10220","10220",1180,1160,1160,-0.0169491525423729
"10221","10221",7858,7867,7844,-0.00178162382285569
"10223","10223",3614,3617,3285,-0.0910348644161594
"10224","10224",3821,4165,4165,0.0900287882753206
"10225","10225",3474,2649,2628,-0.243523316062176
"10226","10226",4630,4630,4634,0.000863930885529158
"10227","10227",1518,1486,1413,-0.0691699604743083
"10228","10228",1751,1636,1753,0.00114220445459737
"10229","10229",3082,3080,2534,-0.17780661907852
"10230","10230",5170,4884,4884,-0.0553191489361702
"10231","10231",1351,2095,2095,0.550703182827535
"10232","10232",7211,7204,7218,0.00097073914852309
"10233","10233",3919,3734,3734,-0.0472059198775198
"10234","10234",829,890,889,0.0723763570566948
"10235","10235",9792,7564,7632,-0.220588235294118
"10236","10236",5186,5229,5229,0.00829155418434246
"10237","10237",1598,1655,1656,0.0362953692115144
"10239","10239",2346,1545,1566,-0.332480818414322
"10240","10240",6343,6064,6064,-0.0439854958221662
"10243","10243",2690,2764,2695,0.00185873605947955
"10244","10244",5173,5173,5179,0.0011598685482312
"10245","10245",1923,1923,1922,-0.000520020800832033
"10246","10246",4210,4212,4214,0.000950118764845606
"10247","10247",2900,3233,3204,0.104827586206897
"11082","11082",2900,3233,3204,0.104827586206897
"10248","10248",5423,5150,5151,-0.0501567398119122
"10249","10249",4573,4700,4669,0.0209927837305926
"10250","10250",3429,3482,3497,0.0198308544765238
"10251","10251",2861,2654,3752,0.311429570080391
"10252","10252",5773,5773,5767,-0.00103932097696172
"10253","10253",4350,6148,6149,0.413563218390805
"10254","10254",4342,4486,4294,-0.011054813450023
"10256","10256",1297,1698,1698,0.309175019275251
"10257","10257",3182,3113,3113,-0.0216844751728473
"10259","10259",2584,2554,2545,-0.0150928792569659
"10261","10261",5215,5201,4956,-0.0496644295302013
"10262","10262",1899,2358,1851,-0.0252764612954186
"10263","10263",3083,3158,3082,-0.000324359390204346
"10264","10264",1778,1778,2021,0.136670416197975
"10265","10265",4612,4744,4753,0.0305724197745013
"10266","10266",2965,3038,3049,0.0283305227655987
"10267","10267",2411,2405,2624,0.0883450850269598
"10268","10268",2956,2958,2904,-0.0175913396481732
"10270","10270",3588,3590,3621,0.00919732441471572
"10271","10271",5268,5268,5269,0.000189825360668185
"10272","10272",4035,4035,4317,0.0698884758364312
"10273","10273",2057,2062,2062,0.00243072435585805
"10274","10274",2068,2068,2169,0.0488394584139265
"10275","10275",5727,5704,5610,-0.0204295442640126
"10276","10276",5669,5660,5660,-0.00158758158405362
"10278","10278",6131,6079,6007,-0.0202250856304029
"10279","10279",1368,1368,1915,0.399853801169591
"10280","10280",5811,5894,6176,0.0628119084494923
"10281","10281",5196,5134,5136,-0.0115473441108545
"10282","10282",4635,4634,4634,-0.000215749730312837
"10283","10283",3706,3706,3706,0
"10284","10284",1399,1391,1267,-0.0943531093638313
"10285","10285",3685,3686,3685,0
"10286","10286",13008,12807,12809,-0.0152982779827798
"10287","10287",4846,4969,4971,0.0257944696657037
"10288","10288",1612,1612,1395,-0.134615384615385
"10289","10289",2782,2782,2782,0
"10290","10290",2111,2111,2110,-0.000473709142586452
"10291","10291",2104,2029,2029,-0.0356463878326996
"10292","10292",4671,5151,5113,0.0946264183258403
"10293","10293",7113,7421,7282,0.0237593139322368
"10294","10294",2807,2807,2877,0.0249376558603491
"10295","10295",2394,2394,2394,0
"10296","10296",9322,11499,11460,0.229349924908818
"10297","10297",1366,1370,1370,0.00292825768667643
"10298","10298",5563,5485,5485,-0.0140212115764875
"10300","10300",980,945,945,-0.0357142857142857
"10302","10302",2917,2711,2710,-0.0709633184778882
"10303","10303",6286,7588,7594,0.208081450843144
"10304","10304",5461,5477,5311,-0.0274674967954587
"10306","10306",1057,1057,1057,0
"10307","10307",4394,4426,4303,-0.0207100591715976
"10308","10308",4104,4104,4044,-0.0146198830409357
"10309","10309",2553,2320,2367,-0.072855464159812
"10310","10310",4749,4324,4205,-0.114550431669825
"13726","13726",4749,4324,4205,-0.114550431669825
"10311","10311",3899,3899,3882,-0.00436009233136702
"10313","10313",7544,7544,7211,-0.0441410392364793
"10314","10314",7080,7271,7086,0.000847457627118644
"10315","10315",5808,4904,4892,-0.15771349862259
"10316","10316",1401,1309,1328,-0.0521056388294076
"10317","10317",7494,7494,7458,-0.00480384307445957
"10318","10318",7528,7431,7537,0.00119553666312434
"10319","10319",5559,5522,5522,-0.00665587335851772
"10320","10320",2615,2615,2615,0
"10321","10321",3684,4933,4934,0.339305103148751
"10323","10323",16027,14925,15129,-0.0560304486179572
"10324","10324",3697,3464,3496,-0.0543684068163376
"10326","10326",5091,5198,5199,0.0212139068945197
"10327","10327",3857,3857,3857,0
"10328","10328",6627,6640,6597,-0.00452693526482571
"10329","10329",4815,4864,4858,0.00893042575285566
"10330","10330",5649,5087,5198,-0.0798371393166932
"10331","10331",3780,3780,3781,0.000264550264550265
"10332","10332",3120,3369,3369,0.0798076923076923
"10333","10333",7202,7202,7205,0.000416550958067204
"10334","10334",3453,3453,3446,-0.00202722270489429
"10335","10335",11273,8775,8746,-0.224163931517786
"10336","10336",3160,3160,2875,-0.0901898734177215
"10337","10337",1972,1993,2023,0.0258620689655172
"10338","10338",4163,3328,3331,-0.199855873168388
"10339","10339",3732,3732,3775,0.0115219721329046
"10340","10340",1849,2104,2104,0.137912385073012
"10341","10341",2352,2352,2192,-0.0680272108843537
"10342","10342",3467,3691,3691,0.0646091721949812
"10343","10343",2275,2288,2288,0.00571428571428571
"10344","10344",14741,14683,14651,-0.00610542025642765
"10345","10345",2943,3157,3158,0.073054706082229
"10346","10346",3498,3520,4371,0.249571183533448
"10347","10347",9278,9392,9288,0.00107781849536538
"10348","10348",933,959,873,-0.0643086816720257
"10349","10349",5006,5006,5105,0.0197762684778266
"10350","10350",4901,4828,4865,-0.00734543970618241
"10351","10351",4967,4691,4704,-0.0529494664787598
"10352","10352",3054,2406,2561,-0.161427635887361
"10353","10353",2620,2620,2585,-0.0133587786259542
"10354","10354",2068,2068,1907,-0.077852998065764
"10355","10355",1649,1713,1699,0.0303214069132808
"10356","10356",4507,4507,4387,-0.0266252496117151
"10357","10357",2226,2226,2216,-0.00449236298292902
"10359","10359",5455,5421,5461,0.00109990834097159
"10360","10360",1675,1670,1534,-0.0841791044776119
"10361","10361",5007,5011,5012,0.000998601957259836
"10362","10362",2757,2777,2777,0.00725426187885383
"10363","10363",4666,4665,4100,-0.121303043291899
"10364","10364",7676,4353,4353,-0.432907764460657
"10365","10365",4049,4242,4495,0.110150654482588
"10366","10366",2301,2301,4768,1.07214254671882
"10367","10367",3415,3417,2441,-0.285212298682284
"10368","10368",2215,2215,2286,0.0320541760722348
"10369","10369",9202,9117,9184,-0.0019560965007607
"10370","10370",5595,5189,5698,0.0184092940125112
"10371","10371",5893,6053,5977,0.0142541998981843
"10372","10372",3372,3407,3457,0.0252075919335706
"10373","10373",1255,1255,1255,0
"10374","10374",7748,7621,8047,0.0385906040268456
"10375","10375",5615,4709,4726,-0.158325912733749
"10376","10376",2171,1946,1946,-0.103638876093966
"10377","10377",1136,1132,1259,0.108274647887324
"10378","10378",7932,8050,7869,-0.00794251134644478
"10379","10379",3569,3569,3569,0
"10380","10380",5495,5494,5497,0.000363967242948135
"10381","10381",4050,3351,3351,-0.172592592592593
"10382","10382",1938,1938,1940,0.00103199174406605
"10383","10383",2165,2146,2116,-0.0226327944572748
"10384","10384",2245,2001,2008,-0.105567928730512
"10385","10385",7958,7967,7964,0.000753958280975119
"10386","10386",1262,1257,1165,-0.0768621236133122
"17402","17402",1262,1257,1165,-0.0768621236133122
"10387","10387",5120,5511,5414,0.057421875
"10388","10388",2240,2240,2373,0.059375
"14701","14701",2240,2240,2373,0.059375
"10389","10389",3498,3536,3528,0.00857632933104631
"10391","10391",5681,5682,5683,0.000352050695300123
"10392","10392",3612,3579,3528,-0.0232558139534884
"10393","10393",4369,4367,4178,-0.0437170977340352
"10394","10394",2569,2569,2569,0
"10395","10395",2599,2599,2646,0.0180838784147749
"10396","10396",7895,7919,7948,0.00671310956301457
"10397","10397",2611,2533,2521,-0.0344695518958254
"10398","10398",2589,2589,2552,-0.0142912321359598
"10400","10400",2253,2253,2389,0.060363959165557
"10401","10401",5880,6212,5931,0.0086734693877551
"10402","10402",3140,3415,3427,0.0914012738853503
"10403","10403",2789,2751,2785,-0.00143420580853352
"10404","10404",5417,5383,5458,0.00756876499907698
"10405","10405",2215,1985,1985,-0.103837471783296
"10406","10406",9267,9264,9235,-0.003453113197367
"10407","10407",2601,2602,2626,0.00961168781237985
"11203","11203",2601,2602,2626,0.00961168781237985
"19593","19593",2601,2602,2626,0.00961168781237985
"10408","10408",4886,4886,4882,-0.000818665575112567
"10409","10409",7824,7920,7914,0.0115030674846626
"10410","10410",2612,2612,2612,0
"10411","10411",4095,4090,4097,0.000488400488400488
"10412","10412",2455,2455,2456,0.000407331975560081
"10413","10413",10071,7383,7354,-0.269784529838149
"10414","10414",3387,3414,3622,0.0693829347505167
"10415","10415",761,804,537,-0.294349540078844
"10416","10416",5794,5794,5892,0.0169140490162237
"10417","10417",9536,6005,6036,-0.367030201342282
"10418","10418",6272,6101,5643,-0.100286989795918
"10420","10420",4036,3807,4632,0.147670961347869
"10421","10421",6741,6705,6649,-0.0136478267319389
"10422","10422",9331,9474,9375,0.00471546458043082
"10423","10423",3023,3020,2895,-0.0423420443268277
"10424","10424",4218,5257,5021,0.190374585111427
"10425","10425",3102,3270,3272,0.0548033526756931
"10426","10426",3469,2847,2848,-0.1790141251081
"14874","14874",3469,2847,2848,-0.1790141251081
"10428","10428",9913,9799,9800,-0.0113991728033895
"10429","10429",2812,2809,2581,-0.0821479374110953
"14193","14193",2812,2809,2581,-0.0821479374110953
"10430","10430",2922,2922,2922,0
"10431","10431",3664,3667,3659,-0.0013646288209607
"10432","10432",3668,3735,2481,-0.32360959651036
"10433","10433",1638,1638,1632,-0.00366300366300366
"10434","10434",3935,4312,3995,0.0152477763659466
"10435","10435",5983,5983,7838,0.310045127862276
"10436","10436",2478,2438,2438,-0.0161420500403551
"10437","10437",3491,3491,3464,-0.00773417358922945
"15207","15207",3491,3491,3464,-0.00773417358922945
"10438","10438",2392,2398,2362,-0.0125418060200669
"12518","12518",2392,2398,2362,-0.0125418060200669
"10439","10439",2774,2759,3002,0.0821917808219178
"18827","18827",2774,2759,3002,0.0821917808219178
"10440","10440",1508,1508,1508,0
"10441","10441",1548,1769,1769,0.142764857881137
"11186","11186",1548,1769,1769,0.142764857881137
"10442","10442",1303,1303,1303,0
"10443","10443",2298,2298,2501,0.0883376849434291
"10444","10444",1696,2398,2398,0.413915094339623
"12679","12679",1696,2398,2398,0.413915094339623
"10445","10445",4383,4383,3933,-0.102669404517454
"10446","10446",2963,2652,2591,-0.125548430644617
"17626","17626",2963,2652,2591,-0.125548430644617
"10447","10447",2065,1874,1877,-0.0910411622276029
"10448","10448",10361,10182,10174,-0.0180484509217257
"10449","10449",9330,9694,9526,0.0210075026795284
"10450","10450",5376,5262,5261,-0.021391369047619
"10451","10451",1326,1326,1562,0.177978883861237
"10452","10452",2760,2617,2589,-0.0619565217391304
"10453","10453",2336,2336,2337,0.000428082191780822
"10454","10454",6222,5749,5748,-0.0761812921890068
"10455","10455",3499,3418,3458,-0.0117176336096027
"10456","10456",4261,4261,4644,0.0898850035203004
"10457","10457",10970,8810,8779,-0.199726526891522
"10458","10458",7254,6187,6189,-0.146815550041356
"10460","10460",1915,2052,2052,0.0715404699738903
"17641","17641",1915,2052,2052,0.0715404699738903
"10461","10461",7134,7134,7187,0.00742921222315671
"10462","10462",1513,1908,1908,0.261070720423001
"10463","10463",5859,5050,4989,-0.148489503328213
"10464","10464",6787,6783,7305,0.0763223810225431
"10465","10465",4057,2581,3000,-0.260537342864185
"10466","10466",4658,4563,4721,0.0135251180764277
"10467","10467",5780,5903,5062,-0.124221453287197
"10468","10468",1476,1477,1477,0.000677506775067751
"13667","13667",1476,1477,1477,0.000677506775067751
"10470","10470",1740,1741,2307,0.325862068965517
"10471","10471",7437,8269,8226,0.106091165792658
"10472","10472",10170,9225,9038,-0.111307767944936
"10473","10473",4130,4409,4470,0.0823244552058111
"10474","10474",4787,4789,4789,0.000417798203467725
"10475","10475",2413,2424,2425,0.0049730625777041
"10476","10476",2821,2821,2644,-0.0627437079049982
"10477","10477",2729,2887,2738,0.00329791132282887
"10479","10479",2279,2271,2271,-0.00351031154014919
"10480","10480",8823,8560,8912,0.0100872719029808
"10481","10481",3977,4218,4292,0.07920543122957
"10482","10482",3855,3878,3878,0.0059662775616083
"10483","10483",3943,3943,3939,-0.00101445599797109
"10484","10484",2589,2280,2371,-0.0842023947470066
"10485","10485",1453,1453,1453,0
"10486","10486",2477,2475,2284,-0.0779168348809043
"10487","10487",2674,2675,2675,0.00037397157816006
"10488","10488",4566,3723,3766,-0.17520805957074
"10490","10490",6935,7375,7315,0.0547945205479452
"10491","10491",1230,1230,1207,-0.0186991869918699
"10492","10492",3534,3534,3528,-0.00169779286926995
"10493","10493",2450,2239,2238,-0.086530612244898
"10494","10494",1890,1890,1890,0
"10496","10496",3238,3238,3308,0.0216182828906733
"10497","10497",14747,13940,13923,-0.0558757713433241
"10498","10498",3809,3390,3390,-0.110002625360987
"10499","10499",2758,3067,3209,0.163524292965917
"10500","10500",2287,2285,2031,-0.111937035417578
"10502","10502",2391,2391,2391,0
"10503","10503",7375,7377,7361,-0.00189830508474576
"10504","10504",3791,3740,4103,0.0823001846478502
"10505","10505",3194,3194,3199,0.00156543519098309
"10506","10506",5618,4924,5096,-0.0929156283374866
"10507","10507",7475,7083,7899,0.0567224080267558
"10508","10508",1214,1207,1216,0.00164744645799012
"10509","10509",2468,2468,2403,-0.0263371150729335
"10510","10510",1187,1187,1514,0.275484414490312
"10511","10511",7904,6679,6609,-0.163841093117409
"10512","10512",1928,1928,1683,-0.12707468879668
"10513","10513",8183,8182,7083,-0.134425027496028
"10514","10514",6189,6116,6117,-0.0116335433834222
"10515","10515",3930,3699,3931,0.000254452926208651
"10516","10516",3947,4182,4183,0.0597922472764125
"10517","10517",5420,5436,5732,0.0575645756457565
"10518","10518",10832,9392,9363,-0.135616691285081
"10519","10519",3070,3082,3082,0.00390879478827362
"10521","10521",3944,3664,4811,0.219827586206897
"10522","10522",11694,11631,11556,-0.0118009235505387
"10523","10523",1840,2117,2074,0.127173913043478
"10524","10524",2848,2135,2300,-0.192415730337079
"10525","10525",2480,2550,2550,0.0282258064516129
"10526","10526",3016,3161,3185,0.0560344827586207
"19949","19949",3016,3161,3185,0.0560344827586207
"10527","10527",2743,2765,3017,0.0998906306963179
"10528","10528",1664,1693,1693,0.0174278846153846
"10529","10529",3474,3392,3390,-0.0241796200345423
"10530","10530",11738,11720,11574,-0.0139717157948543
"10531","10531",6122,6171,6469,0.0566808232603724
"10532","10532",2529,2492,2492,-0.014630288651641
"10534","10534",6678,6709,6709,0.00464210841569332
"10535","10535",7842,7803,7810,-0.00408059168579444
"10536","10536",6850,6846,6820,-0.00437956204379562
"10537","10537",3694,3458,3729,0.00947482403898213
"10538","10538",2741,2741,2918,0.0645749726377235
"10539","10539",2631,2631,2583,-0.0182440136830103
"10540","10540",6264,6286,6247,-0.00271392081736909
"10541","10541",8216,7907,8499,0.0344449853943525
"10542","10542",3859,3809,3809,-0.0129567245400363
"10543","10543",2317,2091,2091,-0.0975399223133362
"18811","18811",2317,2091,2091,-0.0975399223133362
"10544","10544",7646,8357,7707,0.00797802772691603
"10546","10546",3301,3301,3287,-0.0042411390487731
"10547","10547",3276,3280,3280,0.00122100122100122
"10548","10548",2606,1510,1510,-0.42056792018419
"10550","10550",2499,2499,2402,-0.0388155262104842
"10551","10551",5383,5139,5151,-0.0430986438788779
"15569","15569",5383,5139,5151,-0.0430986438788779
"10552","10552",1200,1198,1198,-0.00166666666666667
"10553","10553",2357,2357,2357,0
"10554","10554",5890,5486,5995,0.0178268251273345
"10555","10555",7912,7671,7877,-0.00442366026289181
"10557","10557",7846,7224,6490,-0.172826918174866
"10558","10558",5082,6379,6449,0.268988587170405
"10559","10559",2533,2535,2536,0.00118436636399526
"10560","10560",2873,2832,2830,-0.0149669335189697
"10561","10561",5004,5047,5134,0.0259792166266986
"10562","10562",4326,4320,4427,0.0233472029588534
"10563","10563",1245,1120,1120,-0.100401606425703
"10564","10564",1076,1076,1075,-0.000929368029739777
"10565","10565",5795,4537,4383,-0.243658326143227
"10566","10566",1796,1796,1704,-0.0512249443207127
"10567","10567",4015,3363,3363,-0.16239103362391
"10568","10568",1890,1890,1890,0
"10569","10569",7815,7764,8386,0.073064619321817
"10570","10570",6119,5828,6943,0.134662526556627
"10571","10571",2686,2683,2683,-0.00111690245718541
"10572","10572",3428,3449,3435,0.00204200700116686
"10573","10573",5088,5088,4757,-0.0650550314465409
"10574","10574",1991,2112,2115,0.0622802611752888
"10575","10575",3605,4103,4256,0.180582524271845
"10576","10576",5248,5251,5410,0.0308689024390244
"10577","10577",2614,6317,6120,1.34123947972456
"10578","10578",10163,9741,9918,-0.0241070550034439
"10579","10579",6089,6096,6055,-0.00558383971095418
"10580","10580",2830,3138,3153,0.114134275618375
"10581","10581",7998,8052,8055,0.00712678169542386
"10582","10582",2507,2508,2398,-0.0434782608695652
"10583","10583",3198,3222,2937,-0.0816135084427767
"10584","10584",8001,8042,7861,-0.0174978127734033
"10585","10585",4577,4575,4615,0.00830238147258029
"10586","10586",2851,2851,2647,-0.0715538407576289
"10587","10587",7248,7236,7414,0.0229028697571744
"10590","10590",1174,1174,929,-0.208688245315162
"10591","10591",4541,4541,4342,-0.0438229464875578
"10592","10592",3847,3847,3845,-0.000519885625162464
"10593","10593",2501,2313,2313,-0.0751699320271891
"10594","10594",2861,2861,2854,-0.00244669695910521
"10596","10596",1825,1869,1868,0.0235616438356164
"10597","10597",2062,1996,1996,-0.032007759456838
"10598","10598",4510,4510,4284,-0.0501108647450111
"10599","10599",4415,4418,4400,-0.00339750849377123
"10600","10600",2667,2698,2696,0.0108736407949006
"10601","10601",7162,4445,4477,-0.374895280647864
"10602","10602",3552,2838,2838,-0.201013513513514
"10603","10603",6026,8420,7887,0.30882841022237
"10604","10604",3239,3239,3248,0.00277863538129052
"10605","10605",4332,4812,4403,0.0163896583564174
"10606","10606",2544,2547,2700,0.0613207547169811
"10607","10607",6794,6741,6242,-0.0812481601413012
"10608","10608",3150,3141,1885,-0.401587301587302
"10609","10609",3783,3783,3783,0
"10610","10610",828,828,828,0
"10611","10611",4124,4124,4326,0.0489815712900097
"10612","10612",4093,3885,3906,-0.0456877595895431
"10613","10613",5349,4821,4830,-0.0970274817722939
"10614","10614",3060,3061,3176,0.0379084967320261
"10615","10615",3888,3887,3893,0.00128600823045267
"10616","10616",9622,9561,9576,-0.00478071087092081
"10617","10617",4169,4092,4090,-0.0189493883425282
"10619","10619",4009,4021,4002,-0.00174607133948616
"10620","10620",1162,1036,1036,-0.108433734939759
"10621","10621",2226,2228,2582,0.159928122192273
"10623","10623",3042,3055,5494,0.806048652202498
"10624","10624",885,878,878,-0.00790960451977401
"10625","10625",2653,2633,2631,-0.00829249905767056
"18326","18326",2653,2633,2631,-0.00829249905767056
"10626","10626",4940,4902,4868,-0.0145748987854251
"10627","10627",2849,2854,2742,-0.0375570375570376
"17890","17890",2849,2854,2742,-0.0375570375570376
"10628","10628",9966,7229,7529,-0.244531406783062
"10629","10629",2241,2222,2192,-0.0218652387327086
"10630","10630",1655,1655,1650,-0.00302114803625378
"10631","10631",4013,3906,3906,-0.0266633441315724
"10632","10632",4804,4804,4798,-0.00124895920066611
"10633","10633",6171,6260,5977,-0.0314373683357641
"10634","10634",3052,3095,3095,0.014089121887287
"10635","10635",3254,891,891,-0.726183159188691
"10636","10636",7270,4535,4535,-0.376203576341128
"10637","10637",2864,3173,3171,0.107192737430168
"10638","10638",1703,1851,1851,0.0869054609512625
"10639","10639",6305,5692,5625,-0.107850911974623
"10641","10641",10019,8933,8903,-0.111388362111987
"10642","10642",8194,7963,7961,-0.028435440566268
"10643","10643",2674,2676,2637,-0.0138369483919222
"10644","10644",3536,4339,4396,0.243212669683258
"10645","10645",4801,4803,4803,0.000416579879191835
"10646","10646",5998,6021,5943,-0.00916972324108036
"10647","10647",1652,1477,1470,-0.110169491525424
"10648","10648",2373,2429,2429,0.023598820058997
"19169","19169",2373,2429,2429,0.023598820058997
"10649","10649",5912,6386,6348,0.0737483085250338
"10650","10650",6283,6349,6337,0.00859462040426548
"10651","10651",6131,6209,6210,0.012885336812918
"10652","10652",2699,2755,2874,0.0648388291959985
"10653","10653",992,997,1002,0.0100806451612903
"10654","10654",3057,3057,2767,-0.0948642459928034
"10655","10655",1803,1831,1831,0.0155296727676095
"10656","10656",6941,7900,7897,0.137732315228353
"10657","10657",1742,1736,1731,-0.00631458094144661
"10658","10658",2003,2025,1948,-0.0274588117823265
"10659","10659",3939,3177,3179,-0.192942371160193
"10660","10660",3356,3044,2940,-0.123957091775924
"10661","10661",4439,4381,1996,-0.550349177742735
"10663","10663",5640,5633,5505,-0.023936170212766
"10664","10664",6031,6025,6026,-0.00082904990880451
"10665","10665",3092,1687,1957,-0.367076326002587
"10666","10666",5449,5449,6725,0.234171407597724
"10667","10667",3442,3449,3910,0.135967460778617
"10668","10668",2543,2555,2555,0.00471883602044829
"10669","10669",3108,3440,3440,0.106821106821107
"10670","10670",6066,6026,7749,0.277448071216617
"10671","10671",2163,2386,2386,0.103097549699491
"10672","10672",3879,4031,3994,0.0296468161897396
"10673","10673",1395,1395,1396,0.000716845878136201
"10674","10674",2118,2118,2355,0.111898016997167
"10676","10676",1323,1189,1378,0.0415721844293273
"19261","19261",1323,1189,1378,0.0415721844293273
"10677","10677",2873,2749,3313,0.153150017403411
"10678","10678",2426,2426,2425,-0.000412201154163232
"10679","10679",2978,3069,2625,-0.118535930154466
"10680","10680",1544,1544,1542,-0.00129533678756477
"10681","10681",2951,3023,3023,0.0243985089800068
"10683","10683",2615,2615,2656,0.015678776290631
"10684","10684",3919,3945,3871,-0.0122480224547078
"10685","10685",2207,2207,2230,0.0104213864975079
"10686","10686",4210,4211,4205,-0.00118764845605701
"10687","10687",3201,3201,3200,-0.000312402374258044
"15135","15135",3201,3201,3200,-0.000312402374258044
"10688","10688",9723,9757,9653,-0.00719942404607631
"10689","10689",1589,1590,1590,0.000629326620516048
"10690","10690",3244,3244,3527,0.0872379778051788
"10691","10691",7053,6999,7163,0.0155962001984971
"10692","10692",3955,3952,5109,0.291782553729456
"10933","10933",3955,3952,5109,0.291782553729456
"10693","10693",8078,7985,7958,-0.0148551621688537
"10694","10694",3834,3834,3773,-0.0159102764736568
"10698","10698",970,1030,1030,0.0618556701030928
"10699","10699",7435,7238,7315,-0.0161398789509079
"10700","10700",5147,5148,5110,-0.0071886535846124
"10701","10701",3962,3962,3870,-0.0232205956587582
"10702","10702",2046,2235,2031,-0.00733137829912024
"12002","12002",2046,2235,2031,-0.00733137829912024
"18272","18272",2046,2235,2031,-0.00733137829912024
"10703","10703",11837,11704,11667,-0.0143617470642899
"10704","10704",2692,2692,2812,0.0445765230312036
"16936","16936",2692,2692,2812,0.0445765230312036
"17901","17901",2692,2692,2812,0.0445765230312036
"10705","10705",7489,7718,7735,0.0328481773267459
"10706","10706",4513,4513,4513,0
"10707","10707",8458,8429,8247,-0.0249467959328446
"10708","10708",4347,4202,4661,0.0722337244076375
"10709","10709",4639,4654,4657,0.00388014658331537
"10710","10710",4389,4391,4144,-0.0558213716108453
"10711","10711",2162,2282,2646,0.223866790009251
"10712","10712",8803,9321,9272,0.0532772918323299
"10713","10713",6639,6639,6636,-0.000451875282422052
"10714","10714",1149,1153,1153,0.00348128807658834
"10715","10715",1497,1555,1587,0.0601202404809619
"10716","10716",5929,5217,5537,-0.0661157024793388
"10717","10717",11374,9297,8979,-0.210567962018639
"10718","10718",2638,2540,2551,-0.0329795299469295
"10719","10719",6508,6491,15434,1.37154271665642
"10720","10720",3042,3146,4624,0.520052596975674
"10721","10721",4472,4514,4639,0.0373434704830054
"10723","10723",2859,2859,2859,0
"10724","10724",4573,4753,4716,0.0312705007653619
"10725","10725",5043,5040,4995,-0.00951814396192742
"18956","18956",5043,5040,4995,-0.00951814396192742
"10726","10726",5250,5216,5219,-0.0059047619047619
"10727","10727",1979,1895,1895,-0.0424456796361799
"15934","15934",1979,1895,1895,-0.0424456796361799
"10728","10728",1100,1100,1097,-0.00272727272727273
"10729","10729",3017,3017,3023,0.00198873052701359
"10730","10730",5587,6210,6190,0.107929121174154
"10731","10731",3570,3053,3069,-0.140336134453782
"10732","10732",4470,3684,3681,-0.176510067114094
"10733","10733",2241,2237,2245,0.00178491744756805
"10734","10734",3850,3850,3850,0
"10736","10736",2475,2475,2536,0.0246464646464646
"10737","10737",3020,2782,3055,0.0115894039735099
"10738","10738",2882,2881,2976,0.032616238723109
"16354","16354",2882,2881,2976,0.032616238723109
"17368","17368",2882,2881,2976,0.032616238723109
"10739","10739",4412,4358,4355,-0.0129193109700816
"10740","10740",2829,2829,2614,-0.0759985860728172
"10741","10741",3625,3629,3352,-0.0753103448275862
"10742","10742",3664,3680,3490,-0.0474890829694323
"10743","10743",2318,2942,2657,0.146246764452114
"10744","10744",1969,1969,1889,-0.0406297613001524
"10746","10746",5238,5065,5065,-0.0330278732340588
"10747","10747",3013,2638,2639,-0.124128775307003
"10748","10748",5856,5836,5846,-0.00170765027322404
"10749","10749",1591,1479,2576,0.619107479572596
"10751","10751",1297,1304,1295,-0.0015420200462606
"10753","10753",1995,1995,1995,0
"10754","10754",3119,3119,3177,0.0185957037512023
"10756","10756",5652,5664,5586,-0.0116772823779193
"10757","10757",779,761,750,-0.0372272143774069
"10758","10758",2930,2930,2516,-0.141296928327645
"10761","10761",2859,2546,2607,-0.0881427072402938
"10762","10762",8096,8034,8033,-0.00778162055335968
"10763","10763",2015,2121,2071,0.0277915632754342
"10765","10765",2170,2129,2129,-0.0188940092165899
"10766","10766",1394,1394,890,-0.36154949784792
"10767","10767",2424,2429,2652,0.0940594059405941
"10768","10768",2690,2618,2618,-0.0267657992565056
"10769","10769",2895,2747,2758,-0.0473229706390328
"10770","10770",7779,6637,6581,-0.154004370741741
"10771","10771",3922,3922,4144,0.0566037735849057
"10772","10772",3167,3185,3189,0.00694663719608462
"10773","10773",1495,1495,1654,0.106354515050167
"10774","10774",5023,5006,5002,-0.00418076846506072
"10775","10775",7043,7165,7172,0.0183160584977992
"10776","10776",3550,3369,3369,-0.0509859154929577
"10777","10777",2226,2226,2160,-0.0296495956873315
"10778","10778",3180,3181,3181,0.000314465408805031
"10779","10779",1037,1056,1298,0.25168756027001
"10780","10780",2800,2677,2630,-0.0607142857142857
"10781","10781",6189,6115,6102,-0.0140571982549685
"10782","10782",2550,2387,2625,0.0294117647058824
"10784","10784",7121,6244,6244,-0.123156859991574
"10785","10785",4069,3853,3853,-0.0530842958957975
"10786","10786",5242,5346,5028,-0.0408241129339947
"10787","10787",1650,2201,2201,0.333939393939394
"10788","10788",1652,1653,1641,-0.00665859564164649
"10789","10789",1740,1740,2148,0.23448275862069
"10790","10790",2415,2457,2458,0.0178053830227743
"10791","10791",1486,1486,1490,0.00269179004037685
"10792","10792",2063,1805,1805,-0.125060591371789
"10793","10793",1600,1600,1466,-0.08375
"10794","10794",3198,2990,2990,-0.0650406504065041
"10796","10796",1398,1398,1398,0
"10797","10797",5200,5234,5235,0.00673076923076923
"12934","12934",5200,5234,5235,0.00673076923076923
"10798","10798",3569,3613,3595,0.00728495376856262
"10800","10800",2878,2878,2878,0
"10801","10801",3322,3324,3861,0.162251655629139
"10802","10802",1874,1559,1497,-0.201173959445037
"10803","10803",6598,7000,6991,0.0595635040921491
"10804","10804",7037,7037,7032,-0.000710530055421344
"10805","10805",5834,5692,5692,-0.024340075419952
"10806","10806",2768,2768,2768,0
"11580","11580",2768,2768,2768,0
"16535","16535",2768,2768,2768,0
"10807","10807",1776,1793,1797,0.0118243243243243
"10808","10808",6070,6070,6957,0.146128500823723
"10809","10809",1935,1937,1930,-0.00258397932816537
"10810","10810",4926,4950,4949,0.00466910272025985
"10811","10811",3537,3528,3527,-0.00282725473565168
"10812","10812",3421,3421,3418,-0.000876936568254896
"10813","10813",3561,3567,3788,0.0637461387250772
"10814","10814",3816,4188,4188,0.0974842767295598
"10815","10815",3703,2416,5143,0.388873886038347
"10816","10816",6581,6581,6568,-0.00197538368029175
"10817","10817",2902,2923,2923,0.00723638869745003
"10818","10818",2052,2052,2052,0
"10819","10819",3942,3869,3926,-0.00405885337392187
"10820","10820",1654,1654,1655,0.00060459492140266
"10821","10821",3003,3003,2957,-0.0153180153180153
"10822","10822",8616,5899,5894,-0.315923862581244
"10823","10823",2854,2892,2892,0.0133146461107218
"10824","10824",2246,2259,2084,-0.0721282279608192
"10825","10825",3773,3773,4077,0.080572488735754
"10826","10826",5356,5806,5805,0.083831217326363
"10827","10827",4228,4189,4189,-0.00922421948912015
"10829","10829",4517,4556,4557,0.00885543502324552
"10830","10830",4811,4813,4807,-0.000831427977551445
"10831","10831",11068,8595,8879,-0.197777376219733
"10832","10832",2242,2210,2211,-0.0138269402319358
"10833","10833",8149,8264,8244,0.0116578721315499
"10834","10834",6242,6221,6835,0.0950016020506248
"10835","10835",5915,3177,3071,-0.480811496196112
"10836","10836",2276,2276,1723,-0.242970123022847
"10837","10837",3267,3267,3338,0.0217324762779308
"10838","10838",4141,4144,4186,0.0108669403525718
"10839","10839",1768,1835,1836,0.0384615384615385
"10840","10840",2860,2851,2762,-0.0342657342657343
"10841","10841",612,650,672,0.0980392156862745
"10843","10843",9465,9041,8987,-0.0505018489170629
"10844","10844",1688,1688,1689,0.000592417061611374
"10845","10845",1115,1121,1121,0.00538116591928251
"10846","10846",3155,3136,3421,0.084310618066561
"10848","10848",1940,1940,1942,0.00103092783505155
"10849","10849",9271,6265,6234,-0.327580627763995
"10850","10850",5870,5873,5844,-0.00442930153321976
"10851","10851",6030,6043,6041,0.00182421227197347
"10852","10852",1659,1648,1648,-0.00663050030138638
"10853","10853",2676,2781,2799,0.0459641255605381
"10854","10854",4494,4437,4371,-0.027369826435247
"10855","10855",1193,1193,1193,0
"10856","10856",3215,3184,3184,-0.00964230171073095
"10857","10857",4246,4685,4653,0.0958549222797927
"10858","10858",5411,5411,5411,0
"10859","10859",3625,3620,3621,-0.00110344827586207
"10860","10860",6268,6473,6473,0.0327058072750479
"10861","10861",2063,2124,2181,0.0571982549684925
"10862","10862",2997,2997,2997,0
"10863","10863",2100,2384,2384,0.135238095238095
"10864","10864",7583,7583,7579,-0.000527495714097323
"19824","19824",7583,7583,7579,-0.000527495714097323
"10865","10865",4181,3422,3423,-0.181296340588376
"10866","10866",4051,4051,3998,-0.0130831893359664
"10867","10867",6402,5876,5810,-0.0924711027803811
"10868","10868",2254,2251,2233,-0.0093167701863354
"12553","12553",2254,2251,2233,-0.0093167701863354
"10869","10869",3232,3208,3208,-0.00742574257425743
"10870","10870",4027,3571,3571,-0.113235659299727
"10871","10871",2716,2716,2765,0.0180412371134021
"10872","10872",6897,6899,6899,0.00028998115122517
"10873","10873",7505,7306,7304,-0.026782145236509
"10874","10874",5633,5601,5601,-0.00568080951535594
"10875","10875",1588,1588,1730,0.0894206549118388
"10876","10876",1683,1683,1692,0.0053475935828877
"10877","10877",5818,5931,5450,-0.0632519766242695
"10878","10878",2778,2778,2777,-0.000359971202303816
"10879","10879",3118,3100,3573,0.145926876202694
"10880","10880",2832,2712,2708,-0.0437853107344633
"10881","10881",4723,4534,4521,-0.0427694262121533
"10882","10882",9083,9099,9060,-0.00253220301662446
"10883","10883",5325,5325,5154,-0.032112676056338
"10884","10884",5589,5589,5582,-0.00125246018965826
"10885","10885",11823,10678,10335,-0.125856381629028
"10886","10886",3187,3185,3388,0.0630687166614371
"10888","10888",1798,1991,1991,0.10734149054505
"10889","10889",1967,1967,1974,0.00355871886120996
"10890","10890",2159,2159,2095,-0.0296433534043539
"10891","10891",4354,4364,3912,-0.101515847496555
"10892","10892",1745,1745,1020,-0.415472779369628
"10893","10893",4830,4830,4826,-0.00082815734989648
"10894","10894",1800,1765,1742,-0.0322222222222222
"18201","18201",1800,1765,1742,-0.0322222222222222
"10895","10895",3731,3692,3731,0
"10896","10896",2587,2678,2300,-0.110939311944337
"14331","14331",2587,2678,2300,-0.110939311944337
"10897","10897",4765,4769,4783,0.00377754459601259
"10898","10898",3081,2976,3052,-0.00941252839987017
"10899","10899",3217,2813,2811,-0.126204538389804
"10900","10900",1620,1620,1620,0
"10901","10901",3133,3133,3101,-0.010213852537504
"10902","10902",7249,7249,9284,0.280728376327769
"10903","10903",10509,7818,7789,-0.258825768389
"10904","10904",7898,7901,7768,-0.0164598632565206
"10905","10905",5356,5069,5069,-0.0535847647498133
"10906","10906",2156,1993,1999,-0.0728200371057514
"10908","10908",11540,7626,7564,-0.344540727902946
"10909","10909",3318,3597,3561,0.0732368896925859
"10910","10910",3141,3128,3224,0.0264247055078001
"10911","10911",3256,3238,3484,0.07002457002457
"10912","10912",4274,4118,4376,0.0238652316331306
"10913","10913",1024,1025,1201,0.1728515625
"10914","10914",5696,5381,5350,-0.0607443820224719
"10915","10915",5411,5545,5559,0.0273516909998152
"10916","10916",3440,3438,3438,-0.000581395348837209
"10917","10917",2393,2427,2212,-0.0756372753865441
"10918","10918",5664,5658,7392,0.305084745762712
"10919","10919",4473,4280,4446,-0.00603621730382294
"10920","10920",2186,2181,2182,-0.00182982616651418
"10921","10921",2735,2772,2772,0.0135283363802559
"10922","10922",9871,9944,9928,0.00577449093303617
"10923","10923",3134,3108,2616,-0.165283982131461
"10924","10924",5454,5423,5422,-0.00586725339200587
"10925","10925",5487,5467,4308,-0.214871514488792
"10926","10926",6583,6863,6663,0.0121525140513444
"10927","10927",1853,1938,1943,0.0485698866702644
"10928","10928",1830,1947,1947,0.0639344262295082
"10929","10929",3305,2720,2727,-0.174886535552194
"11421","11421",3305,2720,2727,-0.174886535552194
"10930","10930",5590,5605,5694,0.0186046511627907
"10931","10931",3796,3845,3966,0.0447839831401475
"10932","10932",3707,3508,3516,-0.0515241435122741
"10935","10935",3850,3838,3838,-0.00311688311688312
"10936","10936",1350,1350,1350,0
"10938","10938",2787,2787,2787,0
"10939","10939",4444,4444,4075,-0.083033303330333
"10940","10940",3179,3179,3041,-0.0434098773199119
"10941","10941",2695,2568,2568,-0.0471243042671614
"10942","10942",2471,2432,2468,-0.00121408336705787
"10943","10943",3622,3387,2735,-0.244892324682496
"10944","10944",6668,6523,6515,-0.0229454109178164
"10945","10945",1907,1907,1910,0.00157315154693235
"12493","12493",1907,1907,1910,0.00157315154693235
"10946","10946",3558,3561,3561,0.000843170320404722
"10947","10947",8492,8493,8663,0.0201365991521432
"10948","10948",5379,5588,6163,0.145751998512735
"10949","10949",3210,4532,4539,0.414018691588785
"10950","10950",4141,3358,3783,-0.0864525476937938
"10952","10952",1571,1566,1468,-0.0655633354551241
"10953","10953",2096,2096,2099,0.00143129770992366
"10954","10954",4685,4609,4611,-0.015795090715048
"10955","10955",3374,3770,3770,0.117368109069354
"10956","10956",3247,3247,3568,0.0988604866030182
"10957","10957",4702,4088,3493,-0.25712462781795
"10958","10958",2940,3074,3022,0.027891156462585
"10959","10959",947,914,915,-0.0337909186906019
"10960","10960",9212,8993,9387,0.0189969604863222
"10962","10962",2159,2151,2151,-0.00370541917554423
"10963","10963",8937,8874,9199,0.0293163253888329
"10964","10964",9247,7481,7549,-0.183627122309938
"10965","10965",4984,5233,5194,0.0421348314606742
"10967","10967",4340,4343,4343,0.000691244239631336
"10968","10968",2679,2632,2645,-0.0126913027248974
"10969","10969",4180,3976,4255,0.0179425837320574
"10970","10970",4241,4241,4245,0.000943173779768922
"10972","10972",4133,4133,4134,0.000241954996370675
"10973","10973",5046,5046,5047,0.000198176773682124
"10974","10974",1837,1840,1840,0.00163309744148067
"10975","10975",2030,2030,2036,0.00295566502463054
"10976","10976",1858,1625,1851,-0.00376749192680301
"10978","10978",6467,6229,6227,-0.0371114890985001
"10979","10979",7947,7947,6937,-0.127091984396628
"10980","10980",4947,4944,4985,0.0076814230846978
"10981","10981",1953,1969,2035,0.0419866871479775
"10982","10982",2867,2867,3025,0.0551098709452389
"10983","10983",4083,3989,3994,-0.0217976977712466
"10984","10984",2530,2632,2935,0.160079051383399
"15892","15892",2530,2632,2935,0.160079051383399
"10985","10985",2364,2364,2420,0.0236886632825719
"18600","18600",2364,2364,2420,0.0236886632825719
"10986","10986",5242,5268,5246,0.000763067531476536
"10987","10987",12238,12204,12006,-0.018957345971564
"10988","10988",3796,4019,3981,0.0487355110642782
"10990","10990",11305,11248,11811,0.0447589562140646
"10992","10992",4251,4385,4399,0.0348153375676311
"10993","10993",849,849,1362,0.604240282685512
"10994","10994",3639,3639,3518,-0.0332508931025007
"10995","10995",6953,7419,8985,0.292247950524953
"10996","10996",6874,6996,6747,-0.0184754146057608
"10997","10997",5134,5133,6356,0.238021036229061
"10998","10998",5931,6831,6489,0.0940819423368741
"10999","10999",3479,3479,3738,0.0744466800804829
"11000","11000",4214,4216,4217,0.000711912672045562
"15869","15869",4214,4216,4217,0.000711912672045562
"11001","11001",3225,3220,3415,0.0589147286821705
"11002","11002",8498,8501,8511,0.00152977171099082
"11003","11003",4399,4388,4164,-0.0534212320982041
"11004","11004",1474,1474,1510,0.0244233378561737
"11005","11005",5202,5061,5061,-0.0271049596309112
"11007","11007",2359,2359,2356,-0.00127172530733362
"12857","12857",2359,2359,2356,-0.00127172530733362
"11008","11008",3326,3296,3296,-0.0090198436560433
"11009","11009",1469,1347,1347,-0.0830496936691627
"11010","11010",5312,5312,5326,0.0026355421686747
"11011","11011",2364,1989,2068,-0.125211505922166
"11012","11012",1585,1406,1406,-0.112933753943218
"11013","11013",6195,6062,6053,-0.0229217110573043
"11014","11014",8485,9203,8242,-0.0286387743076017
"11017","11017",5570,5519,5485,-0.0152603231597846
"11018","11018",2708,2732,2741,0.0121861152141802
"11019","11019",3407,3400,3722,0.0924567067801585
"11021","11021",1714,1787,1787,0.0425904317386231
"11022","11022",3578,3684,3687,0.0304639463387367
"11023","11023",6305,6305,6304,-0.000158604282315623
"11024","11024",753,761,762,0.0119521912350598
"11025","11025",1716,1716,1740,0.013986013986014
"11027","11027",1483,1488,1489,0.00404585300067431
"11028","11028",3949,3949,3950,0.000253228665484933
"11029","11029",5531,5531,5539,0.00144639305731332
"11031","11031",10664,10499,10498,-0.0155663915978995
"11032","11032",4556,4556,4557,0.000219490781387182
"11033","11033",10016,5123,5123,-0.488518370607029
"11034","11034",2314,2316,2317,0.00129645635263613
"11035","11035",7003,7013,7492,0.0698272169070398
"11036","11036",2892,2892,2776,-0.0401106500691563
"11037","11037",4725,4731,4734,0.0019047619047619
"11038","11038",3449,3445,3445,-0.00115975645114526
"11039","11039",5238,5149,4872,-0.0698739977090493
"11040","11040",6716,6701,6139,-0.0859142346634902
"11041","11041",2430,2417,2417,-0.00534979423868313
"11042","11042",5606,5613,4869,-0.131466286122012
"11043","11043",3107,3107,3111,0.00128741551335694
"11045","11045",3672,3653,2803,-0.236655773420479
"11046","11046",3673,3673,3678,0.00136128505309012
"11047","11047",5533,5484,5484,-0.00885595517802277
"11049","11049",5470,5331,6241,0.140950639853748
"11050","11050",2817,2244,2244,-0.203407880724175
"11051","11051",2598,3009,3010,0.158583525789069
"11052","11052",10362,10333,9829,-0.0514379463424049
"11053","11053",5828,5829,5828,0
"11054","11054",3987,3711,2863,-0.281916227740156
"14317","14317",3987,3711,2863,-0.281916227740156
"11055","11055",3023,3020,3147,0.0410188554416143
"11056","11056",1837,1837,1860,0.0125204137180185
"11057","11057",2024,2715,2715,0.341403162055336
"11058","11058",5444,5455,5453,0.00165319617927994
"11059","11059",6375,6373,6387,0.00188235294117647
"11060","11060",9965,9761,9825,-0.0140491721023583
"11061","11061",927,927,1120,0.208198489751888
"11062","11062",1292,1292,1292,0
"11063","11063",5600,5615,5594,-0.00107142857142857
"11064","11064",1211,1193,1174,-0.0305532617671346
"11065","11065",1382,1382,1381,-0.000723589001447178
"11066","11066",4241,3060,3060,-0.278472058476774
"11067","11067",6053,6054,7277,0.202213778291756
"11068","11068",7292,7291,7381,0.0122051563357104
"11069","11069",2858,2903,2901,0.0150454863540938
"11070","11070",2839,2804,2804,-0.0123282846072561
"11071","11071",2008,2055,2117,0.0542828685258964
"11072","11072",4913,4912,4912,-0.000203541624262162
"11073","11073",3946,3960,3922,-0.00608210846426761
"11074","11074",6031,6031,6031,0
"11075","11075",5011,4754,4754,-0.0512871682298942
"11077","11077",1658,1608,1677,0.01145958986731
"11078","11078",6839,6768,7863,0.14972949261588
"11079","11079",7038,7171,6675,-0.0515771526001705
"11080","11080",3924,3992,3992,0.017329255861366
"11083","11083",5661,6030,5845,0.0325030913266207
"11084","11084",1190,1411,1209,0.0159663865546218
"11085","11085",9969,9969,9338,-0.0632962182766576
"11086","11086",4268,4255,4255,-0.00304592314901593
"11087","11087",1907,1893,1893,-0.00734137388568432
"11088","11088",4291,5850,5851,0.363551619669075
"11089","11089",5178,5183,5182,0.000772499034376207
"11090","11090",3043,3043,3043,0
"11091","11091",2448,2448,2448,0
"11092","11092",11097,11035,10982,-0.0103631612147427
"11093","11093",2535,2604,2734,0.0785009861932939
"14526","14526",2535,2604,2734,0.0785009861932939
"11094","11094",4051,4051,4051,0
"11095","11095",5250,5140,4975,-0.0523809523809524
"12739","12739",5250,5140,4975,-0.0523809523809524
"11096","11096",1949,1879,1918,-0.0159055926115957
"11097","11097",3604,3037,3037,-0.157325194228635
"11575","11575",3604,3037,3037,-0.157325194228635
"11098","11098",2046,2175,2294,0.121212121212121
"11099","11099",2847,2779,2758,-0.0312609764664559
"11100","11100",5969,5820,6409,0.0737141899815714
"11101","11101",3984,3984,3987,0.000753012048192771
"11102","11102",1326,850,850,-0.358974358974359
"11103","11103",3644,3644,3702,0.0159165751920966
"11104","11104",2358,2415,2395,0.0156912637828668
"11105","11105",7351,6901,6720,-0.0858386614066113
"11106","11106",4023,4022,4028,0.00124285359184688
"11107","11107",1745,1981,1981,0.135243553008596
"11108","11108",3188,3160,3155,-0.0103513174404015
"18890","18890",3188,3160,3155,-0.0103513174404015
"11109","11109",2364,2375,2377,0.00549915397631134
"11110","11110",7577,7215,7212,-0.0481720997756368
"16088","16088",7577,7215,7212,-0.0481720997756368
"11111","11111",2625,2637,2574,-0.0194285714285714
"11112","11112",1387,1387,1389,0.00144196106705119
"11113","11113",1521,1526,1526,0.00328731097961867
"11114","11114",2471,2188,2188,-0.114528530959126
"11665","11665",2471,2188,2188,-0.114528530959126
"11116","11116",13684,13657,13658,-0.00190002923121894
"11117","11117",3968,3662,3175,-0.199848790322581
"11118","11118",4425,4425,4425,0
"11119","11119",4050,4141,4141,0.0224691358024691
"11120","11120",12771,12767,12747,-0.00187925769321118
"11121","11121",7608,7347,7345,-0.0345688748685594
"11122","11122",4837,3597,3650,-0.245400041347943
"11123","11123",3475,3166,3173,-0.0869064748201439
"11125","11125",3328,3341,3238,-0.0270432692307692
"11126","11126",2177,2375,2379,0.0927882406982085
"11127","11127",3975,3626,3658,-0.079748427672956
"11129","11129",6552,6271,6211,-0.052045177045177
"11132","11132",1305,1305,1305,0
"11133","11133",4411,4690,4444,0.00748129675810474
"11134","11134",8092,7933,8613,0.0643845773603559
"11135","11135",3771,3492,3778,0.00185627154600902
"11136","11136",1987,1825,1825,-0.081529944640161
"11137","11137",5385,5228,5228,-0.0291550603528319
"11138","11138",1681,1787,1787,0.0630577037477692
"11139","11139",5331,5279,5334,0.00056274620146314
"11140","11140",2994,2998,2998,0.00133600534402138
"11141","11141",2340,2385,2487,0.0628205128205128
"11142","11142",3045,3044,3044,-0.000328407224958949
"11144","11144",5847,5886,5895,0.0082093381221139
"11145","11145",2696,2671,2646,-0.0185459940652819
"11146","11146",4635,4631,3519,-0.240776699029126
"11147","11147",5726,5482,5335,-0.0682850157177785
"11148","11148",4153,2588,2588,-0.376836022152661
"11149","11149",3958,4228,4228,0.0682162708438605
"11150","11150",5929,6024,5681,-0.0418283015685613
"11151","11151",2755,2755,2740,-0.00544464609800363
"11152","11152",2239,2228,1635,-0.269763287181778
"11153","11153",4782,4782,4606,-0.0368046842325387
"11154","11154",4343,4343,4307,-0.00828920101312457
"11155","11155",6223,6223,4950,-0.204563715249879
"11156","11156",2222,2229,2229,0.00315031503150315
"11157","11157",1648,1647,1639,-0.00546116504854369
"11158","11158",3205,3205,3140,-0.0202808112324493
"11159","11159",4135,3458,3468,-0.16130592503023
"11160","11160",3088,2868,2965,-0.0398316062176166
"11161","11161",3225,3226,3219,-0.00186046511627907
"11162","11162",8933,8037,7434,-0.167804768834658
"11163","11163",3214,3216,2980,-0.0728064716863721
"11164","11164",9690,9608,9948,0.026625386996904
"11165","11165",3346,3351,2988,-0.106993424985057
"11398","11398",3346,3351,2988,-0.106993424985057
"11166","11166",2101,2101,1629,-0.224654926225607
"11167","11167",2838,2837,2594,-0.0859760394644116
"11168","11168",1312,1337,1337,0.0190548780487805
"11169","11169",6906,6906,6907,0.000144801621778164
"11170","11170",966,936,936,-0.031055900621118
"11171","11171",4360,4366,4370,0.00229357798165138
"11172","11172",3086,3086,3087,0.000324044069993519
"11173","11173",11607,11590,11583,-0.00206771775652623
"11174","11174",3946,4267,3938,-0.0020273694880892
"11175","11175",5912,5909,6656,0.125845737483085
"11176","11176",1405,1544,1544,0.098932384341637
"11177","11177",5081,5012,6567,0.292462113757134
"11178","11178",2973,2957,2957,-0.00538176925664312
"11179","11179",6391,6379,6387,-0.000625880143952433
"11180","11180",9831,9431,9358,-0.0481131115858
"11181","11181",4950,4962,4962,0.00242424242424242
"11182","11182",5201,4307,4407,-0.152662949432801
"11183","11183",3056,3056,3095,0.012761780104712
"11184","11184",1290,1290,1284,-0.00465116279069767
"11185","11185",3498,3498,3498,0
"11188","11188",1115,1115,1115,0
"16133","16133",1115,1115,1115,0
"11189","11189",4604,2604,2504,-0.456125108601216
"11190","11190",2958,3353,3375,0.140973630831643
"11191","11191",6030,6000,5418,-0.101492537313433
"11192","11192",2149,2149,2327,0.0828292228943695
"11193","11193",6494,6574,6583,0.0137049584231598
"11194","11194",3461,3461,3461,0
"11195","11195",5188,5192,5214,0.00501156515034695
"11196","11196",3042,3004,2977,-0.0213675213675214
"11197","11197",2449,2449,2449,0
"11198","11198",2489,2489,2489,0
"11199","11199",1063,1063,1716,0.614299153339605
"11201","11201",4140,4166,4050,-0.0217391304347826
"11202","11202",2944,3118,3118,0.0591032608695652
"11205","11205",2279,2239,2276,-0.00131636682755595
"11206","11206",4465,4465,4474,0.00201567749160134
"11207","11207",977,980,980,0.00307062436028659
"11208","11208",5339,5347,5295,-0.0082412436785915
"11209","11209",5381,4246,4838,-0.100910611410518
"11210","11210",3375,3087,3087,-0.0853333333333333
"12794","12794",3375,3087,3087,-0.0853333333333333
"11211","11211",5735,5361,5360,-0.0653879686137751
"14803","14803",5735,5361,5360,-0.0653879686137751
"19123","19123",5735,5361,5360,-0.0653879686137751
"11212","11212",5830,5835,5824,-0.00102915951972556
"11213","11213",2703,2702,2705,0.000739918608953015
"11214","11214",2770,2760,2877,0.0386281588447653
"11215","11215",2720,2720,3451,0.26875
"11216","11216",2089,2089,1887,-0.0966969842029679
"11217","11217",753,753,731,-0.0292164674634794
"11218","11218",503,520,509,0.0119284294234592
"11219","11219",2020,2010,2010,-0.00495049504950495
"11220","11220",1303,1304,1377,0.056792018419033
"13745","13745",1303,1304,1377,0.056792018419033
"11221","11221",1417,1526,1133,-0.200423429781228
"11222","11222",1206,1206,916,-0.240464344941957
"11223","11223",4186,4125,4140,-0.010989010989011
"14630","14630",4186,4125,4140,-0.010989010989011
"11224","11224",5339,5456,5439,0.0187300992695261
"11225","11225",3758,3784,3833,0.0199574241617882
"11226","11226",5871,5965,5965,0.0160109010390053
"12310","12310",5871,5965,5965,0.0160109010390053
"11227","11227",9029,8946,9284,0.0282423302691328
"11228","11228",4733,4776,4775,0.00887386435664483
"11229","11229",3131,3175,3159,0.00894282976684765
"11230","11230",3322,3855,3744,0.127031908488862
"11232","11232",4981,4976,4749,-0.0465769925717727
"11233","11233",4849,4598,4880,0.00639307073623427
"11234","11234",4332,4318,4317,-0.00346260387811634
"11235","11235",3280,3281,2991,-0.088109756097561
"11236","11236",6068,6065,5989,-0.0130191166776533
"11237","11237",3013,2973,2971,-0.0139395950879522
"11238","11238",2587,2541,2522,-0.0251256281407035
"11239","11239",1821,1828,1815,-0.00329489291598023
"11241","11241",5669,5669,4949,-0.12700652672429
"11242","11242",5654,5614,5595,-0.0104350902016272
"11243","11243",2276,2102,2119,-0.0689806678383128
"18236","18236",2276,2102,2119,-0.0689806678383128
"11244","11244",1750,1623,1420,-0.188571428571429
"11245","11245",2220,2220,2477,0.115765765765766
"11246","11246",11028,11026,11006,-0.0019949220166848
"11247","11247",3904,3884,3877,-0.00691598360655738
"11248","11248",3947,3947,3927,-0.00506713959969597
"11249","11249",1325,1325,1325,0
"11250","11250",4848,4843,4839,-0.00185643564356436
"11251","11251",3429,3472,3472,0.0125400991542724
"11252","11252",2795,2558,2731,-0.0228980322003578
"11253","11253",3530,3533,3532,0.00056657223796034
"11254","11254",3731,3731,3737,0.00160814794961136
"11255","11255",4485,4495,4495,0.00222965440356745
"11256","11256",13823,13574,13588,-0.0170006510887651
"11257","11257",2941,2208,2208,-0.249234954097246
"11258","11258",2276,2245,2245,-0.0136203866432337
"11259","11259",4930,4928,4928,-0.000405679513184584
"11260","11260",3268,3268,3269,0.000305997552019584
"11261","11261",6285,6285,6284,-0.000159108989657916
"11262","11262",1679,1536,1524,-0.0923168552709946
"11264","11264",1414,1271,1194,-0.155586987270156
"11265","11265",1822,2056,2056,0.128430296377607
"11266","11266",4241,4242,4237,-0.000943173779768922
"11268","11268",4966,5070,4770,-0.0394683850181232
"11269","11269",3619,3540,3618,-0.000276319425255595
"11270","11270",8779,8304,8308,-0.0536507574894635
"11271","11271",6366,5674,5674,-0.108702481935281
"11272","11272",2287,2285,2556,0.117621337997376
"11273","11273",3513,3516,3516,0.00085397096498719
"11274","11274",2938,2899,2928,-0.00340367597004765
"11275","11275",3905,3657,3656,-0.063764404609475
"11276","11276",10461,10428,10479,0.00172067679954115
"11277","11277",1638,1638,1682,0.0268620268620269
"11278","11278",6652,6658,6915,0.0395369813589898
"11279","11279",2319,2302,2304,-0.00646830530401035
"11280","11280",3110,3110,3211,0.032475884244373
"15217","15217",3110,3110,3211,0.032475884244373
"11281","11281",2226,1934,1910,-0.141958670260557
"11282","11282",9066,9749,9745,0.0748952128833002
"11283","11283",9791,10175,10177,0.0394239607803084
"11284","11284",1842,1676,1676,-0.0901194353963084
"11285","11285",3800,3695,3694,-0.0278947368421053
"11286","11286",3526,3337,3338,-0.0533182076006807
"11287","11287",3230,3133,3132,-0.0303405572755418
"11288","11288",3974,3978,3134,-0.211373930548566
"11289","11289",1569,1569,1569,0
"11290","11290",5248,5247,4268,-0.186737804878049
"11291","11291",2772,2772,2772,0
"11292","11292",4764,4764,4770,0.00125944584382872
"11293","11293",6293,6775,6912,0.0983632607659304
"11296","11296",2011,2011,2014,0.00149179512680259
"11297","11297",5805,6002,6001,0.0337639965546942
"11298","11298",2413,2302,2373,-0.0165768752590137
"11299","11299",3165,3165,3116,-0.0154818325434439
"11300","11300",7349,6656,6663,-0.093346033473942
"11301","11301",1568,1568,1568,0
"11302","11302",3091,2461,2461,-0.203817534778389
"11303","11303",4826,4830,4603,-0.0462080397845006
"11304","11304",4697,4697,4786,0.0189482648499042
"11305","11305",2705,2705,2705,0
"11306","11306",1844,1844,1844,0
"11307","11307",4477,4477,4468,-0.00201027473754746
"11308","11308",4783,4783,4764,-0.00397240225799707
"11309","11309",2268,2268,2404,0.0599647266313933
"11310","11310",8768,8664,8701,-0.00764142335766423
"11311","11311",6107,6249,6249,0.0232520058948747
"11312","11312",2774,2774,2775,0.000360490266762797
"11313","11313",1425,1425,1763,0.23719298245614
"11314","11314",6646,6646,6645,-0.000150466445982546
"11315","11315",2925,2927,2890,-0.011965811965812
"11316","11316",2853,2852,2849,-0.00140203294777427
"11317","11317",4345,4116,4291,-0.0124280782508631
"11318","11318",2435,2438,2438,0.00123203285420945
"11319","11319",2282,2282,2282,0
"11320","11320",2101,2101,2124,0.0109471680152308
"11321","11321",10462,10505,10353,-0.0104186580003823
"11322","11322",4571,4585,4571,0
"11323","11323",8893,8925,8925,0.00359833576970651
"11325","11325",895,1030,1031,0.15195530726257
"11326","11326",3018,3335,3367,0.115639496355202
"11327","11327",3819,3951,3722,-0.0253993191935062
"11328","11328",1975,1974,1831,-0.0729113924050633
"18249","18249",1975,1974,1831,-0.0729113924050633
"11329","11329",13509,13879,13879,0.0273891479754238
"11330","11330",5921,5910,5918,-0.000506671170410404
"11331","11331",2975,2964,2959,-0.0053781512605042
"11332","11332",2976,2947,3026,0.0168010752688172
"11333","11333",3017,2985,2975,-0.0139211136890951
"19130","19130",3017,2985,2975,-0.0139211136890951
"11334","11334",4049,4916,4607,0.137811805384045
"14870","14870",4049,4916,4607,0.137811805384045
"11335","11335",6108,6231,5694,-0.0677799607072692
"11336","11336",4602,4603,4733,0.0284658843980878
"11337","11337",10494,10562,10487,-0.000667047836859158
"11338","11338",7469,7338,7342,-0.0170036149417593
"11339","11339",4210,4022,4024,-0.0441805225653207
"11340","11340",1851,1972,1972,0.0653700702323069
"11341","11341",2268,2271,2271,0.00132275132275132
"16697","16697",2268,2271,2271,0.00132275132275132
"11342","11342",2041,1921,1921,-0.0587947084762371
"11343","11343",6196,6199,6199,0.000484183344092963
"11344","11344",3822,2880,2677,-0.299581371009942
"11346","11346",3480,3480,3480,0
"11743","11743",3480,3480,3480,0
"11347","11347",1493,1493,1539,0.0308104487608841
"11348","11348",10088,7346,7337,-0.272700237906423
"11350","11350",5621,5622,3671,-0.346913360611991
"11351","11351",2662,2678,2726,0.0240420736288505
"11352","11352",7190,7196,7194,0.000556328233657858
"11353","11353",5580,5810,5810,0.0412186379928315
"11354","11354",3945,3971,3970,0.00633713561470215
"11355","11355",1601,1601,1601,0
"18366","18366",1601,1601,1601,0
"11356","11356",4853,4853,4899,0.00947867298578199
"11357","11357",2930,2945,3028,0.0334470989761092
"11358","11358",1526,1526,1523,-0.00196592398427261
"18947","18947",1526,1526,1523,-0.00196592398427261
"11359","11359",6344,5776,5776,-0.0895334174022699
"11360","11360",3230,3219,3242,0.00371517027863777
"11361","11361",4925,4927,4925,0
"11362","11362",7729,7719,7723,-0.000776297063009445
"11363","11363",10082,10552,9773,-0.0306486808172982
"11364","11364",2616,2616,2617,0.000382262996941896
"11365","11365",1375,1376,1406,0.0225454545454545
"11366","11366",2325,2330,2330,0.0021505376344086
"11367","11367",5116,3588,3586,-0.299061767005473
"11368","11368",4043,4811,4190,0.0363591392530299
"11369","11369",8037,8090,8038,0.000124424536518601
"11370","11370",7179,8195,7365,0.0259089009611366
"11371","11371",4130,4100,4099,-0.00750605326876513
"17792","17792",4130,4100,4099,-0.00750605326876513
"11372","11372",1870,1972,1972,0.0545454545454545
"11373","11373",13375,13566,13515,0.0104672897196262
"11374","11374",4579,4579,4579,0
"11375","11375",2261,2261,2275,0.00619195046439629
"11376","11376",1598,1635,1667,0.0431789737171464
"19408","19408",1598,1635,1667,0.0431789737171464
"11377","11377",5847,5847,5847,0
"11378","11378",1180,1180,1180,0
"17288","17288",1180,1180,1180,0
"11379","11379",3772,3772,3779,0.00185577942735949
"11380","11380",2040,2040,1915,-0.0612745098039216
"11382","11382",2377,2378,2379,0.000841396718552798
"11383","11383",1797,1797,1774,-0.0127991096271564
"11384","11384",2793,3046,2974,0.0648048693161475
"11385","11385",9025,5628,6625,-0.265927977839335
"11386","11386",7852,7853,7539,-0.0398624554253693
"11387","11387",761,761,761,0
"11388","11388",2294,2479,2337,0.0187445510026155
"11389","11389",5255,5193,5441,0.035394862036156
"11390","11390",5683,5670,5673,-0.00175963399612881
"11391","11391",2528,2826,2867,0.134098101265823
"13855","13855",2528,2826,2867,0.134098101265823
"11392","11392",5630,5631,5631,0.000177619893428064
"11393","11393",3444,3444,3375,-0.0200348432055749
"11394","11394",2854,2854,2801,-0.0185704274702172
"11395","11395",2061,2193,2297,0.114507520621058
"16642","16642",2061,2193,2297,0.114507520621058
"11396","11396",2562,2534,2535,-0.0105386416861827
"11397","11397",3946,3887,3887,-0.0149518499746579
"11399","11399",11112,10771,11130,0.00161987041036717
"11400","11400",2712,2712,2718,0.00221238938053097
"11401","11401",854,854,761,-0.108899297423888
"11402","11402",3468,3667,3852,0.110726643598616
"11403","11403",3856,3782,3741,-0.0298236514522822
"11404","11404",6561,6547,6626,0.00990702636793172
"11405","11405",1142,1111,1314,0.15061295971979
"16972","16972",1142,1111,1314,0.15061295971979
"11406","11406",2157,2014,2014,-0.0662957811775614
"11407","11407",2691,2682,2843,0.0564845782237087
"11408","11408",15795,7515,7513,-0.524343146565369
"11409","11409",1127,1127,1129,0.00177462289263532
"11410","11410",2224,2224,2056,-0.0755395683453237
"11411","11411",2649,2894,2860,0.0796526991317478
"11412","11412",2987,2781,2659,-0.109809173083361
"11413","11413",3545,3545,3559,0.00394922425952045
"11414","11414",4036,4159,4041,0.0012388503468781
"11415","11415",4302,5489,5489,0.275918177591818
"11416","11416",1526,1850,1554,0.018348623853211
"16208","16208",1526,1850,1554,0.018348623853211
"11418","11418",1528,1528,1528,0
"11419","11419",3121,2408,2408,-0.228452419096443
"11420","11420",3981,4037,3962,-0.00477267018337101
"11422","11422",4627,4675,4798,0.0369569915712124
"17129","17129",4627,4675,4798,0.0369569915712124
"11423","11423",1622,1618,1618,-0.00246609124537608
"11424","11424",7410,7480,7404,-0.000809716599190283
"11425","11425",1526,1522,1528,0.00131061598951507
"11426","11426",4937,5895,5895,0.194044966578894
"11427","11427",1789,1789,1789,0
"15279","15279",1789,1789,1789,0
"11428","11428",10325,10236,10232,-0.00900726392251816
"11429","11429",7972,7938,7708,-0.0331159056698445
"11430","11430",6562,6381,6242,-0.0487656202377324
"11431","11431",4569,5214,5214,0.141168745896257
"11432","11432",5653,5609,5610,-0.00760658057668495
"11433","11433",1163,1163,1162,-0.000859845227858985
"11434","11434",2745,2741,2741,-0.00145719489981785
"11435","11435",1909,1925,1921,0.00628601361969618
"15393","15393",1909,1925,1921,0.00628601361969618
"11436","11436",2739,2757,2760,0.00766703176341731
"11437","11437",12360,11082,10474,-0.152588996763754
"11439","11439",1813,1815,1733,-0.0441257584114727
"11440","11440",6280,6299,6356,0.0121019108280255
"11441","11441",1618,1582,1582,-0.0222496909765142
"11442","11442",3780,3780,3754,-0.00687830687830688
"11443","11443",5056,5043,5042,-0.00276898734177215
"11445","11445",2493,2497,2436,-0.022864019253911
"11446","11446",1757,1918,1917,0.0910643141718839
"11447","11447",2958,2475,3014,0.0189317106152806
"11448","11448",4638,4634,4631,-0.00150927123760241
"11449","11449",2339,2339,2341,0.000855066267635742
"11450","11450",1003,1003,828,-0.174476570289133
"11451","11451",5675,5828,6913,0.218149779735683
"11452","11452",2696,2699,2698,0.000741839762611276
"11453","11453",3427,3396,3390,-0.0107966151152612
"11455","11455",4575,4723,4694,0.0260109289617486
"11456","11456",1409,1416,1290,-0.0844570617459191
"11457","11457",6911,6887,7152,0.0348719432788308
"11458","11458",7017,7017,7125,0.0153911928174434
"11459","11459",3705,3705,3699,-0.00161943319838057
"11460","11460",9648,9292,9295,-0.0365878938640133
"11461","11461",5207,5368,5205,-0.000384098329172268
"11462","11462",1897,1887,1887,-0.00527148128624143
"11463","11463",4151,4150,4152,0.000240905805829921
"11464","11464",2690,2690,3126,0.162081784386617
"11466","11466",1813,1813,1813,0
"11467","11467",1608,1608,1607,-0.000621890547263682
"11468","11468",8694,8690,8690,-0.000460087416609156
"18946","18946",8694,8690,8690,-0.000460087416609156
"11469","11469",2436,2436,2437,0.000410509031198686
"11470","11470",1701,1701,1932,0.135802469135802
"11471","11471",4641,4008,3970,-0.144580909286792
"11472","11472",3891,3146,3181,-0.182472372140838
"11473","11473",5142,5181,5402,0.0505639828860366
"11474","11474",7127,7127,6872,-0.0357794303353445
"11475","11475",821,761,761,-0.0730816077953715
"11476","11476",3647,3647,3627,-0.0054839594187003
"11477","11477",2305,2306,2465,0.06941431670282
"11478","11478",755,755,735,-0.0264900662251656
"11480","11480",6419,8116,8116,0.264371397413927
"11481","11481",3439,3380,3377,-0.0180284966560047
"11482","11482",1060,1060,1051,-0.00849056603773585
"11483","11483",3213,3388,3035,-0.0553999377528789
"11484","11484",3171,3136,3131,-0.0126143172500788
"11486","11486",1500,1500,2165,0.443333333333333
"11487","11487",5885,5889,5939,0.00917587085811385
"11490","11490",1920,1223,1223,-0.363020833333333
"16882","16882",1920,1223,1223,-0.363020833333333
"18919","18919",1920,1223,1223,-0.363020833333333
"11491","11491",1921,1921,1923,0.00104112441436752
"11493","11493",4642,4647,4662,0.00430848772081
"11494","11494",3792,3792,3793,0.000263713080168776
"11495","11495",4120,4747,4747,0.152184466019417
"11496","11496",5144,4978,4841,-0.0589035769828927
"11497","11497",3439,3661,4126,0.199767374236697
"11498","11498",1319,2645,2592,0.965125094768764
"11499","11499",8739,8739,8698,-0.00469161231262158
"11500","11500",2450,2450,4414,0.801632653061224
"17636","17636",2450,2450,4414,0.801632653061224
"11501","11501",4101,4176,4176,0.0182882223847842
"11502","11502",8629,7154,7156,-0.170703441882026
"11503","11503",2931,2930,2929,-0.000682360968952576
"11504","11504",4762,4815,4784,0.00461990760184796
"11505","11505",1377,1377,1612,0.170660856935367
"11506","11506",2095,2095,2002,-0.0443914081145585
"11507","11507",3957,3847,3878,-0.0199646196613596
"11508","11508",928,941,941,0.0140086206896552
"11509","11509",1895,1890,2504,0.321372031662269
"11510","11510",8341,8333,8565,0.0268552931303201
"11511","11511",3877,3832,3838,-0.0100593242197575
"11512","11512",4743,4550,4657,-0.0181319839763863
"11513","11513",2399,2400,2313,-0.0358482701125469
"11514","11514",2878,2767,2769,-0.0378735232800556
"11515","11515",3921,3879,3731,-0.048457026268809
"11516","11516",3576,3748,3754,0.0497762863534676
"11517","11517",1648,1648,1572,-0.0461165048543689
"11518","11518",5515,5558,5558,0.00779691749773345
"11519","11519",1645,1644,1568,-0.0468085106382979
"11520","11520",3260,3260,3480,0.0674846625766871
"11521","11521",7903,7903,8070,0.0211312159939264
"11522","11522",9332,9083,9084,-0.0265752250321474
"11523","11523",2988,3061,3264,0.0923694779116466
"11524","11524",9665,11386,10000,0.0346611484738748
"11525","11525",7415,7002,7008,-0.0548887390424815
"11526","11526",6974,6937,6442,-0.0762833381129911
"11527","11527",3488,3496,3622,0.0384174311926605
"11528","11528",2117,1948,2157,0.0188946622579121
"11529","11529",3713,3713,3935,0.0597899272825209
"11530","11530",2066,1718,1718,-0.168441432720232
"11531","11531",4744,5030,5030,0.0602866779089376
"11533","11533",2841,2841,2837,-0.00140795494544175
"11534","11534",1255,1260,1260,0.00398406374501992
"11535","11535",2454,2454,2920,0.189894050529747
"11536","11536",5773,5721,5720,-0.00918066862982851
"11537","11537",9799,9578,9592,-0.0211246045514848
"11538","11538",2495,2491,2431,-0.0256513026052104
"11539","11539",4030,4030,4749,0.178411910669975
"11541","11541",11231,8972,8893,-0.20817380464785
"11542","11542",2215,2215,2103,-0.0505643340857788
"11543","11543",2569,2506,2446,-0.0478785519657454
"11544","11544",4128,4128,4100,-0.00678294573643411
"11545","11545",2933,2933,2933,0
"11546","11546",2047,2046,2026,-0.0102589154860772
"11547","11547",3087,3076,3079,-0.00259151279559443
"11548","11548",5239,5239,5186,-0.0101164344340523
"11549","11549",1081,1081,1077,-0.00370027752081406
"11550","11550",3097,3024,3283,0.0600581207620278
"11551","11551",15165,14804,15070,-0.00626442466205077
"11552","11552",4117,4395,4452,0.0813699295603595
"11553","11553",2784,2781,2781,-0.00107758620689655
"11554","11554",4688,4688,4655,-0.00703924914675768
"11555","11555",5794,5796,5666,-0.0220918191232309
"11556","11556",1428,1429,1531,0.0721288515406162
"11557","11557",6713,6808,6785,0.0107254580664383
"11558","11558",1514,1604,1578,0.0422721268163804
"11559","11559",3526,3279,2842,-0.193987521270562
"11560","11560",5134,5130,4956,-0.0346708219711726
"11561","11561",2828,2826,2821,-0.00247524752475248
"11562","11562",1825,1759,1759,-0.0361643835616438
"11564","11564",8242,9169,9157,0.111016743508857
"11565","11565",8404,4369,4369,-0.480128510233222
"17470","17470",8404,4369,4369,-0.480128510233222
"11566","11566",4363,4363,4362,-0.000229200091680037
"11567","11567",3382,3383,3214,-0.0496747486694264
"11568","11568",2580,2846,2846,0.103100775193798
"11569","11569",2985,2963,2970,-0.0050251256281407
"11570","11570",2836,2502,2502,-0.117771509167842
"11571","11571",3034,2928,2929,-0.0346077785102175
"11573","11573",3146,3177,2637,-0.161792752701844
"11574","11574",3420,3422,3420,0
"11576","11576",3061,2853,2853,-0.0679516497876511
"11577","11577",4321,4321,4256,-0.0150428141633881
"11578","11578",5474,4789,4792,-0.124588966021191
"11929","11929",5474,4789,4792,-0.124588966021191
"11579","11579",1960,2180,2180,0.112244897959184
"11581","11581",6702,7093,7001,0.0446135481945688
"11582","11582",9269,9268,9269,0
"11583","11583",4186,4186,4270,0.020066889632107
"11584","11584",7874,7878,7876,0.000254000508001016
"11586","11586",1990,2182,2139,0.0748743718592965
"11587","11587",1507,1326,1326,-0.120106171201062
"11588","11588",3653,3909,3909,0.0700793868053654
"11589","11589",2244,2434,2182,-0.0276292335115865
"14450","14450",2244,2434,2182,-0.0276292335115865
"11591","11591",3527,3518,3519,-0.0022682166146867
"11592","11592",3437,3415,2811,-0.182135583357579
"11593","11593",9139,8522,8523,-0.0674034358244885
"11595","11595",3038,2160,2160,-0.289005924950625
"11596","11596",1403,1403,1403,0
"11597","11597",1732,1732,1732,0
"11598","11598",1717,1293,1401,-0.184041933605125
"11599","11599",3052,3062,3038,-0.00458715596330275
"18257","18257",3052,3062,3038,-0.00458715596330275
"11600","11600",5344,5317,5317,-0.00505239520958084
"11601","11601",12679,12187,11878,-0.0631753292846439
"11602","11602",3059,3293,2931,-0.0418437397842432
"11603","11603",7089,7089,7231,0.0200310339963323
"11604","11604",5258,5251,5849,0.112400152149106
"11605","11605",2509,2509,2509,0
"11606","11606",1675,1674,1653,-0.013134328358209
"11608","11608",7134,7132,7110,-0.00336417157275021
"11609","11609",3288,3299,3543,0.0775547445255474
"11610","11610",2314,2315,2153,-0.0695764909248055
"11611","11611",2667,2667,2785,0.0442444694413198
"11612","11612",6495,6088,6090,-0.0623556581986143
"11613","11613",2563,2563,2505,-0.0226297307842372
"11614","11614",9283,6534,6507,-0.299041258213939
"11615","11615",877,877,829,-0.0547320410490308
"11616","11616",4170,3118,3118,-0.252278177458034
"11617","11617",3469,2909,2908,-0.161718074373018
"11618","11618",3030,3030,2899,-0.0432343234323432
"11619","11619",4615,4615,4423,-0.0416034669555796
"11620","11620",1729,1729,1931,0.116830537883169
"11621","11621",4666,4682,4682,0.00342906129447064
"11622","11622",8149,7497,7495,-0.0802552460424592
"11623","11623",4716,4716,4986,0.0572519083969466
"11624","11624",3611,3608,3632,0.00581556355580172
"11625","11625",2966,2966,2966,0
"11626","11626",8070,4674,4674,-0.420817843866171
"11627","11627",12148,11414,11461,-0.0565525189331577
"11628","11628",2893,2893,2848,-0.0155547874179053
"11630","11630",9880,9644,9575,-0.0308704453441296
"11631","11631",4782,4780,4780,-0.000418235048097031
"11632","11632",8193,8454,7954,-0.0291712437446601
"11633","11633",1590,1590,1650,0.0377358490566038
"11634","11634",10278,9673,9674,-0.0587662969449309
"11635","11635",6075,6023,6461,0.0635390946502058
"11636","11636",3691,3691,3691,0
"11638","11638",7433,7202,6731,-0.0944436970267725
"11639","11639",7174,6883,5438,-0.241984945637023
"11640","11640",6418,6366,6401,-0.00264880024929885
"11642","11642",4396,4396,4394,-0.000454959053685168
"11643","11643",3088,3088,3088,0
"11644","11644",3344,3344,3343,-0.000299043062200957
"11645","11645",1831,1831,1863,0.0174767886400874
"11646","11646",7389,7409,7825,0.0590066314792259
"11647","11647",2556,2558,2559,0.00117370892018779
"11648","11648",3190,2837,2837,-0.110658307210031
"11649","11649",3308,3308,3275,-0.00997581620314389
"11650","11650",4856,4859,4841,-0.00308896210873147
"11651","11651",2110,2110,2110,0
"11652","11652",1837,1846,1839,0.00108873162765378
"11653","11653",1685,1685,1685,0
"11654","11654",2497,2462,2484,-0.0052062474969964
"11655","11655",4740,4743,4744,0.000843881856540084
"11656","11656",2783,3096,3096,0.112468559108875
"11657","11657",2831,2613,2626,-0.0724125750618156
"11659","11659",2680,2581,2521,-0.0593283582089552
"11660","11660",1080,1083,1081,0.000925925925925926
"14730","14730",1080,1083,1081,0.000925925925925926
"14810","14810",1080,1083,1081,0.000925925925925926
"11662","11662",3585,3352,3584,-0.000278940027894003
"11663","11663",2457,3168,2683,0.091982091982092
"11664","11664",4954,4074,4184,-0.155429955591441
"11666","11666",3083,2426,2411,-0.217969510217321
"11667","11667",3371,1751,1751,-0.480569563927618
"11668","11668",4767,4710,4710,-0.0119572057898049
"11669","11669",3165,3165,3752,0.185466034755134
"11670","11670",2200,2244,2243,0.0195454545454545
"11671","11671",4869,3304,3304,-0.32142123639351
"11672","11672",5245,4445,4494,-0.143183984747378
"11673","11673",1804,1808,1808,0.00221729490022173
"11675","11675",3400,3169,3169,-0.0679411764705882
"11676","11676",4665,4343,4345,-0.0685959271168274
"11677","11677",3344,3284,3332,-0.00358851674641148
"11678","11678",13891,14514,14497,0.0436253689439205
"11679","11679",2342,2870,2842,0.213492741246798
"11680","11680",3796,3918,3917,0.0318756585879874
"11681","11681",2562,2578,2578,0.00624512099921936
"11682","11682",4014,4014,4172,0.0393622321873443
"11683","11683",3149,2345,2337,-0.257859637980311
"11684","11684",5648,5753,5751,0.0182365439093484
"11685","11685",4168,4170,4171,0.000719769673704415
"11686","11686",1347,1707,1347,0
"19516","19516",1347,1707,1347,0
"11687","11687",1925,1761,1761,-0.0851948051948052
"11688","11688",2603,2627,2516,-0.0334229734921245
"11689","11689",6382,6387,6197,-0.0289877781259793
"11690","11690",5075,5078,5063,-0.00236453201970443
"11692","11692",6169,6167,6165,-0.000648403306856865
"11693","11693",3378,3259,3138,-0.0710479573712256
"11695","11695",10711,8239,8211,-0.233404910839324
"11696","11696",6158,6158,6252,0.0152646963299773
"11697","11697",2799,2796,2968,0.0603787066809575
"11698","11698",2185,2103,2039,-0.0668192219679634
"17177","17177",2185,2103,2039,-0.0668192219679634
"11699","11699",2559,2511,2785,0.088315748339195
"11700","11700",2764,2733,2733,-0.0112156295224313
"11701","11701",2196,2196,2196,0
"16117","16117",2196,2196,2196,0
"11702","11702",1928,1929,2004,0.0394190871369295
"11703","11703",2830,2830,2830,0
"11704","11704",7882,7875,7969,0.0110378076630297
"11705","11705",5530,5371,5432,-0.0177215189873418
"11707","11707",1360,1360,1536,0.129411764705882
"11708","11708",2842,2696,2697,-0.0510204081632653
"11709","11709",3067,2200,2200,-0.28268666449299
"11710","11710",13506,13327,13094,-0.0305049607581815
"11711","11711",1557,1495,1533,-0.0154142581888247
"11713","11713",1078,924,924,-0.142857142857143
"11714","11714",1569,1569,1550,-0.0121096239643085
"11716","11716",3039,2952,3620,0.191181309641329
"11717","11717",4258,4060,4063,-0.0457961484264913
"11718","11718",4190,4200,4137,-0.0126491646778043
"11719","11719",4377,4405,4403,0.00594014164953164
"11720","11720",1902,1902,1902,0
"11721","11721",3715,3508,3724,0.00242261103633917
"11722","11722",2903,2903,2885,-0.00620048225973131
"11723","11723",3916,3918,4652,0.187946884576098
"11724","11724",3856,3856,3856,0
"11725","11725",2137,2137,2137,0
"11726","11726",2543,2543,2111,-0.169878096736138
"18879","18879",2543,2543,2111,-0.169878096736138
"11727","11727",2401,2401,2397,-0.00166597251145356
"11728","11728",4895,4102,4099,-0.162614913176711
"11731","11731",3918,3915,3915,-0.000765696784073507
"11732","11732",3557,3557,3557,0
"11733","11733",1663,1663,1663,0
"11734","11734",3753,3793,3550,-0.0540900612843059
"11735","11735",3914,3632,3482,-0.110373019928462
"11736","11736",2866,2869,2297,-0.198534542916957
"11737","11737",1294,1294,1232,-0.0479134466769706
"11739","11739",2940,2943,2943,0.00102040816326531
"11741","11741",3707,3699,3696,-0.0029673590504451
"13048","13048",3707,3699,3696,-0.0029673590504451
"13274","13274",3707,3699,3696,-0.0029673590504451
"11742","11742",4994,4794,5517,0.104725670804966
"11744","11744",4397,4372,4369,-0.006367978166932
"11745","11745",1899,1866,1867,-0.0168509741969458
"11746","11746",4530,4577,4577,0.0103752759381898
"11747","11747",1898,1796,1785,-0.059536354056902
"11749","11749",12334,12270,12207,-0.010296740716718
"11750","11750",3210,3223,3200,-0.00311526479750779
"11751","11751",1048,1048,1048,0
"11752","11752",5147,5147,5149,0.000388575869438508
"11753","11753",4665,4680,4649,-0.00342979635584137
"11754","11754",10253,10062,9842,-0.0400858285379889
"11755","11755",3121,3120,3228,0.0342838833707145
"11757","11757",10080,10092,10331,0.0249007936507936
"11758","11758",2938,2938,2604,-0.113682777399592
"11759","11759",3261,3231,3229,-0.00981294081570071
"11761","11761",3841,4308,5903,0.536839364748763
"11762","11762",4370,4359,4123,-0.0565217391304348
"11763","11763",2863,2902,2902,0.0136220747467691
"11764","11764",5996,6297,6063,0.0111741160773849
"11765","11765",4429,5243,5318,0.200722510724769
"11766","11766",5762,5754,5792,0.00520652551197501
"11767","11767",2419,3460,3460,0.430343116990492
"11768","11768",4617,4342,4340,-0.0599956681828027
"11770","11770",1484,1484,1484,0
"11771","11771",4971,5054,5054,0.0166968416817542
"11772","11772",3721,3727,4003,0.0757860790110185
"11773","11773",6172,6477,16438,1.66331821127673
"11774","11774",1098,1098,1098,0
"11775","11775",4938,5068,4896,-0.00850546780072904
"11776","11776",13750,13154,12528,-0.0888727272727273
"11777","11777",3459,3876,3933,0.137033824804857
"11778","11778",5360,6034,5743,0.071455223880597
"11779","11779",4263,4275,4260,-0.000703729767769177
"11780","11780",5260,7730,4987,-0.0519011406844106
"11781","11781",6432,6939,6901,0.0729166666666667
"11782","11782",5093,5093,4205,-0.174356960534066
"11783","11783",1771,1687,1719,-0.0293619424054207
"11785","11785",11180,11182,11129,-0.00456171735241503
"11786","11786",10003,7939,7941,-0.206138158552434
"11787","11787",3460,3803,3826,0.105780346820809
"11788","11788",723,692,720,-0.004149377593361
"11789","11789",4973,4096,4096,-0.176352302433139
"11790","11790",6316,6318,6319,0.000474984167194427
"11791","11791",2718,2718,2634,-0.0309050772626932
"11792","11792",6585,6354,6334,-0.0381169324221716
"11793","11793",3213,3346,3290,0.0239651416122004
"11794","11794",8555,8395,8636,0.00946814728229106
"11797","11797",4895,4895,4879,-0.00326864147088866
"11798","11798",2143,2143,2346,0.0947270181987867
"11799","11799",2532,2532,2624,0.0363349131121643
"11800","11800",14101,13724,14317,0.0153180625487554
"11802","11802",872,872,872,0
"11803","11803",522,547,522,0
"11805","11805",5485,4901,4903,-0.106107566089335
"11806","11806",3990,4006,4006,0.00401002506265664
"11807","11807",1997,2030,2095,0.0490736104156234
"11808","11808",6859,6173,6179,-0.0991398162997521
"11810","11810",6295,6291,6235,-0.00953137410643368
"11811","11811",2980,2981,2981,0.000335570469798658
"11812","11812",2672,2672,2589,-0.031062874251497
"11814","11814",3954,3954,3943,-0.00278199291856348
"11815","11815",3119,3119,3109,-0.00320615581917281
"11816","11816",4943,4904,4904,-0.00788994537730123
"11817","11817",1669,1669,1786,0.0701018573996405
"11818","11818",12674,10224,10080,-0.204670979958971
"11821","11821",7744,5186,5508,-0.288739669421488
"11822","11822",2299,2343,2345,0.0200086994345368
"15155","15155",2299,2343,2345,0.0200086994345368
"11823","11823",3806,3956,4009,0.0533368365738308
"11824","11824",4310,4250,4047,-0.0610208816705336
"11825","11825",5366,5321,5321,-0.00838613492359299
"11826","11826",2963,2910,3581,0.208572392845089
"11828","11828",2544,2666,2443,-0.0397012578616352
"11829","11829",853,937,967,0.133645955451348
"11830","11830",3826,3826,3716,-0.0287506534239415
"11831","11831",628,628,628,0
"11832","11832",10898,7539,7511,-0.310790970820334
"11833","11833",8324,3806,3806,-0.542767900048054
"11834","11834",2286,2237,2182,-0.0454943132108486
"11835","11835",3448,3448,3501,0.0153712296983759
"11836","11836",2487,2488,2487,0
"11837","11837",11523,11150,11525,0.000173565911654951
"11838","11838",2496,2488,2488,-0.00320512820512821
"11839","11839",6808,7436,7437,0.0923913043478261
"11840","11840",2754,2742,2568,-0.0675381263616558
"11841","11841",2455,2455,2367,-0.0358452138492872
"11842","11842",2740,2739,2742,0.00072992700729927
"11843","11843",1563,1577,756,-0.516314779270633
"19682","19682",1563,1577,756,-0.516314779270633
"11844","11844",9424,5174,5174,-0.45097623089983
"11845","11845",2906,2441,2683,-0.0767377838953889
"11846","11846",6030,5988,6025,-0.000829187396351575
"15612","15612",6030,5988,6025,-0.000829187396351575
"11847","11847",3794,3838,3821,0.00711649973642594
"11848","11848",8035,8157,8511,0.0592408214063472
"11849","11849",4857,4819,4785,-0.0148239654107474
"11850","11850",1882,1882,1769,-0.0600425079702444
"11851","11851",1268,1268,1268,0
"11852","11852",4362,4360,4363,0.000229252636405319
"11853","11853",4409,4381,4381,-0.00635064640508052
"11854","11854",2813,2797,2797,-0.00568787771062922
"11855","11855",2041,2331,2331,0.142087212150906
"11856","11856",3760,3672,3672,-0.0234042553191489
"11857","11857",2194,1932,1786,-0.185961713764813
"11858","11858",3259,3486,3475,0.0662779993863148
"11859","11859",6252,6242,6245,-0.00111964171465131
"11860","11860",4568,4568,4541,-0.00591068301225919
"11861","11861",2329,2216,2216,-0.0485186775440103
"11862","11862",3098,3098,3098,0
"11863","11863",6107,5905,5903,-0.0334042901588341
"11864","11864",13055,13015,13794,0.0566066641133665
"11865","11865",1289,1494,1550,0.202482544608223
"11866","11866",1819,1819,1820,0.000549752611324904
"11867","11867",2857,2937,3091,0.0819040952047602
"11868","11868",3553,3553,3917,0.102448634956375
"11869","11869",2082,2082,2082,0
"11870","11870",1034,1034,1207,0.167311411992263
"11871","11871",1312,1579,1591,0.21265243902439
"11872","11872",8751,7224,7223,-0.174608616158153
"11874","11874",1347,1291,1291,-0.0415738678544915
"11875","11875",1526,1526,1514,-0.00786369593709043
"11876","11876",1608,1878,2265,0.408582089552239
"11877","11877",6156,6156,6140,-0.00259909031838856
"11878","11878",6696,6696,6657,-0.00582437275985663
"11879","11879",4957,4964,4965,0.00161387936251765
"11880","11880",5564,5805,5715,0.0271387491013659
"11881","11881",3840,3842,3838,-0.000520833333333333
"11882","11882",1872,1807,1852,-0.0106837606837607
"11883","11883",2248,2346,2345,0.0431494661921708
"13293","13293",2248,2346,2345,0.0431494661921708
"11884","11884",2627,2628,2593,-0.0129425199847735
"11886","11886",1605,1667,1665,0.0373831775700935
"11887","11887",1866,2226,2263,0.212754555198285
"18142","18142",1866,2226,2263,0.212754555198285
"18342","18342",1866,2226,2263,0.212754555198285
"11888","11888",6641,7327,7326,0.103147116398133
"11891","11891",4202,4072,4075,-0.0302237029985721
"11893","11893",1552,1553,1553,0.000644329896907216
"11894","11894",4910,4908,8026,0.634623217922607
"11895","11895",1797,1797,1721,-0.0422927100723428
"11896","11896",3120,3113,2981,-0.0445512820512821
"11897","11897",3160,3160,3156,-0.00126582278481013
"11898","11898",2791,2566,2643,-0.0530275886778932
"11899","11899",11007,11014,10899,-0.0098119378577269
"11900","11900",6668,6662,6642,-0.00389922015596881
"11901","11901",4473,4473,4889,0.0930024591996423
"11902","11902",5082,5056,5087,0.000983864620228257
"11903","11903",2043,2043,2144,0.0494371023005384
"11904","11904",3779,3779,3781,0.000529240539825351
"11905","11905",3824,3824,3824,0
"11906","11906",1469,1469,1469,0
"11907","11907",6835,6866,6867,0.00468178493050476
"11908","11908",4752,4769,4752,0
"14914","14914",4752,4769,4752,0
"11909","11909",3142,3137,3132,-0.00318268618714195
"11910","11910",2782,2782,2957,0.0629043853342919
"11911","11911",2174,2331,2081,-0.0427782888684453
"11912","11912",1675,1675,1675,0
"11913","11913",2967,2967,2967,0
"11914","11914",1715,1910,1913,0.115451895043732
"11915","11915",1576,1575,1575,-0.000634517766497462
"11916","11916",1050,1055,1055,0.00476190476190476
"16183","16183",1050,1055,1055,0.00476190476190476
"11917","11917",5718,5519,5520,-0.0346274921301154
"11918","11918",2106,2110,2109,0.00142450142450142
"11919","11919",2918,3093,3060,0.0486634681288554
"11920","11920",1963,1963,2120,0.0799796230259806
"11921","11921",8139,9545,9506,0.167956751443666
"11922","11922",5976,5976,6197,0.0369812583668005
"11923","11923",2549,2556,2556,0.0027461749705767
"11924","11924",3455,3233,3246,-0.0604920405209841
"11925","11925",2090,1820,1820,-0.129186602870813
"11926","11926",2335,2287,2284,-0.0218415417558886
"11927","11927",3511,3789,4058,0.15579606949587
"11930","11930",14774,14758,14769,-0.000338432381210234
"11931","11931",5613,4332,5018,-0.106003919472653
"11932","11932",820,824,824,0.0048780487804878
"11933","11933",2319,2319,2311,-0.00344976282880552
"11934","11934",3060,3519,3524,0.151633986928105
"11935","11935",1879,1305,1303,-0.306546035125067
"11936","11936",3401,3430,3343,-0.0170538077036166
"11937","11937",1848,1848,1918,0.0378787878787879
"11938","11938",1415,1415,1212,-0.143462897526502
"11939","11939",11431,8757,8604,-0.24730994663634
"11940","11940",3365,3267,3267,-0.0291233283803863
"11941","11941",2894,2894,2894,0
"11942","11942",2497,2637,2604,0.0428514217060473
"11944","11944",2449,2344,2547,0.0400163331972234
"11945","11945",1315,1315,1315,0
"11947","11947",2773,2914,2959,0.0670753696357735
"11948","11948",3902,3881,4038,0.0348539210661199
"11949","11949",5474,4323,4325,-0.209901351845086
"11951","11951",1018,1018,803,-0.211198428290766
"11952","11952",3365,3365,3365,0
"11953","11953",3968,4782,4782,0.205141129032258
"11954","11954",2097,3587,3587,0.710538865045303
"11955","11955",11742,12111,11933,0.0162663941406915
"11956","11956",3796,4019,3981,0.0487355110642782
"11957","11957",4810,4810,4772,-0.0079002079002079
"11958","11958",4994,5185,5099,0.0210252302763316
"11959","11959",5767,5759,5753,-0.00242760534073175
"11960","11960",5266,5265,5265,-0.000189897455374098
"11961","11961",8803,6657,6657,-0.243780529364989
"11962","11962",6271,6210,6787,0.0822835273481104
"11963","11963",6193,5990,5930,-0.0424673017923462
"11964","11964",7335,6073,6072,-0.172188139059305
"11965","11965",3815,3819,3822,0.0018348623853211
"11967","11967",5075,5078,5078,0.000591133004926108
"11968","11968",9786,8508,9257,-0.054056815859391
"11969","11969",2209,2209,2940,0.33091896785876
"11970","11970",12089,11918,12105,0.00132351724708413
"11971","11971",1350,1350,1345,-0.0037037037037037
"11972","11972",11917,10066,9119,-0.234790635226987
"11973","11973",2856,2777,2854,-0.000700280112044818
"11974","11974",2526,2527,2526,0
"11975","11975",6758,6911,7484,0.10742823320509
"11976","11976",3153,2952,2952,-0.0637488106565176
"11979","11979",3263,3263,3263,0
"11981","11981",3480,3499,3528,0.0137931034482759
"11982","11982",4163,4106,4112,-0.0122507806870046
"11983","11983",3747,3752,3699,-0.0128102481985588
"11984","11984",2132,2131,2134,0.000938086303939962
"11985","11985",2244,2442,2441,0.0877896613190731
"11986","11986",3687,3687,3745,0.0157309465690263
"11987","11987",1579,1586,3252,1.05953134895503
"11988","11988",2957,2756,2756,-0.067974298275279
"11989","11989",3428,3428,3423,-0.0014585764294049
"11990","11990",4977,4778,4786,-0.0383765320474181
"11992","11992",2535,2205,2205,-0.130177514792899
"11993","11993",6654,6654,8636,0.297865945296063
"11995","11995",12520,11248,11427,-0.0873003194888179
"11996","11996",1203,1203,1203,0
"11997","11997",5280,5246,5256,-0.00454545454545455
"11998","11998",1213,1078,1076,-0.112943116240725
"11999","11999",5167,5148,5246,0.0152893361718599
"12000","12000",2859,2859,3037,0.062259531304652
"12001","12001",2417,2421,2421,0.00165494414563508
"12004","12004",1064,843,843,-0.207706766917293
"12005","12005",11088,11237,11175,0.00784632034632035
"12006","12006",7616,7562,6893,-0.0949317226890756
"12007","12007",3805,5256,4245,0.115637319316689
"12009","12009",3102,3102,3104,0.000644745325596389
"17523","17523",3102,3102,3104,0.000644745325596389
"12010","12010",2257,1900,1899,-0.15861763402747
"12012","12012",2057,2057,1327,-0.354885755955275
"19607","19607",2057,2057,1327,-0.354885755955275
"12013","12013",1562,1562,1403,-0.10179257362356
"12014","12014",7528,7384,7554,0.00345377258235919
"12015","12015",4224,4224,4225,0.000236742424242424
"12017","12017",1726,1492,1492,-0.135573580533024
"12018","12018",2141,2138,2022,-0.0555815039701074
"12020","12020",2565,2581,2452,-0.0440545808966862
"12021","12021",4893,4687,4199,-0.141835274882485
"12022","12022",2490,2317,2311,-0.0718875502008032
"12023","12023",2680,2648,2643,-0.0138059701492537
"12024","12024",5892,5892,5853,-0.00661914460285132
"12025","12025",3454,3424,3434,-0.00579038795599305
"16530","16530",3454,3424,3434,-0.00579038795599305
"12026","12026",4405,4409,4002,-0.0914869466515324
"12027","12027",3800,3800,3900,0.0263157894736842
"12028","12028",6280,6135,6078,-0.0321656050955414
"12029","12029",3168,3169,2684,-0.152777777777778
"12030","12030",2826,2608,2187,-0.226114649681529
"12031","12031",4945,4685,5063,0.0238624873609707
"12032","12032",8444,8998,8998,0.0656087162482236
"12033","12033",5860,5830,5248,-0.104436860068259
"12034","12034",2923,2923,2923,0
"12035","12035",5737,6448,5818,0.0141188774620882
"12036","12036",1528,1774,1257,-0.177356020942408
"12037","12037",3325,3324,3328,0.000902255639097744
"12038","12038",2177,2081,2105,-0.0330730362884704
"12039","12039",5618,5612,5606,-0.00213599145603418
"12040","12040",2347,2309,2121,-0.0962931401789519
"12041","12041",4539,4487,4488,-0.0112359550561798
"12042","12042",7976,7784,7788,-0.0235707121364092
"12043","12043",5005,4805,4806,-0.0397602397602398
"12044","12044",1507,1449,1449,-0.0384870603848706
"12045","12045",1923,1923,1931,0.00416016640665627
"12046","12046",4259,4259,4579,0.0751350082178915
"12047","12047",3220,3283,3283,0.0195652173913043
"12050","12050",3078,3129,3129,0.0165692007797271
"12051","12051",11015,11571,12122,0.100499319110304
"12052","12052",2247,2497,2461,0.0952380952380952
"12053","12053",3615,3615,3888,0.0755186721991701
"12054","12054",1567,1567,1567,0
"12055","12055",10878,10821,10858,-0.0018385732671447
"12056","12056",2223,2463,2463,0.107962213225371
"12058","12058",3744,3876,3753,0.00240384615384615
"12059","12059",4485,4485,4265,-0.0490523968784838
"12060","12060",2710,2710,2710,0
"12061","12061",3649,3739,3801,0.0416552480131543
"12062","12062",3243,3252,3253,0.00308356460067838
"12063","12063",6256,6058,5732,-0.0837595907928389
"12064","12064",1611,1619,1619,0.00496585971446307
"12065","12065",7259,7248,7256,-0.000413280066124811
"12066","12066",7463,8439,8910,0.193889856626022
"12067","12067",4924,4923,4944,0.00406173842404549
"12068","12068",7398,7388,7620,0.0300081103000811
"12069","12069",3875,3839,3860,-0.00387096774193548
"12070","12070",5235,4123,4123,-0.212416427889207
"12072","12072",4286,4230,4237,-0.0114325711619225
"12073","12073",974,974,974,0
"12074","12074",3466,3454,2634,-0.240046162723601
"12076","12076",1356,1356,1356,0
"12077","12077",11258,11270,10882,-0.0333984721975484
"12078","12078",5666,5523,5240,-0.0751853159195199
"12079","12079",914,914,914,0
"12080","12080",3149,3056,3056,-0.0295331851381391
"12081","12081",5923,5919,5903,-0.00337666722944454
"12082","12082",2088,2080,2080,-0.00383141762452107
"12083","12083",4100,3977,3985,-0.0280487804878049
"12084","12084",2359,2353,2450,0.0385756676557863
"12085","12085",1210,1210,1131,-0.0652892561983471
"19331","19331",1210,1210,1131,-0.0652892561983471
"12086","12086",1811,1811,1735,-0.0419657647708448
"12087","12087",3182,3182,3516,0.104965430546826
"12088","12088",4250,4320,4245,-0.00117647058823529
"12089","12089",2716,2693,2774,0.0213549337260677
"12090","12090",7877,8565,8521,0.0817570140916593
"12091","12091",4402,4390,4389,-0.00295320308950477
"12093","12093",3545,3546,3833,0.0812411847672779
"12094","12094",2845,2845,3043,0.0695957820738137
"12095","12095",5975,5975,5975,0
"12096","12096",4288,4206,4414,0.029384328358209
"12097","12097",6151,6257,6182,0.00503983092180133
"12098","12098",2476,2475,2475,-0.000403877221324717
"12099","12099",5730,6362,6419,0.120244328097731
"12100","12100",1702,1635,1642,-0.0352526439482961
"12101","12101",5446,5446,3500,-0.3573264781491
"12102","12102",6277,6282,6208,-0.0109925123466624
"12103","12103",3569,4137,2847,-0.202297562342393
"12104","12104",2690,2690,2644,-0.0171003717472119
"12105","12105",2991,2976,2977,-0.0046807087930458
"12106","12106",3142,3186,3177,0.0111394016549968
"13092","13092",3142,3186,3177,0.0111394016549968
"12107","12107",7598,7544,7750,0.0200052645433009
"12108","12108",3632,3600,3595,-0.0101872246696035
"12110","12110",3936,3276,3172,-0.194105691056911
"12111","12111",1752,1752,1752,0
"12112","12112",3854,3844,3464,-0.101193565127141
"12114","12114",1652,1640,1640,-0.00726392251815981
"12115","12115",2469,2456,2456,-0.0052652895909275
"12116","12116",5616,5664,5664,0.00854700854700855
"12117","12117",1041,1041,1042,0.000960614793467819
"12118","12118",11251,11026,10996,-0.0226646520309306
"12119","12119",2173,2608,2175,0.00092038656235619
"12120","12120",2968,2968,2951,-0.0057277628032345
"12121","12121",4195,4204,4188,-0.00166865315852205
"12122","12122",3016,3014,3014,-0.000663129973474801
"12123","12123",3354,3335,2796,-0.166368515205725
"12124","12124",6891,6600,6715,-0.0255405601509215
"12125","12125",8760,9016,9013,0.0288812785388128
"12126","12126",2854,2854,2655,-0.0697266993693062
"12128","12128",3582,3582,3916,0.0932439977666108
"12129","12129",5323,5326,5269,-0.0101446552695848
"12130","12130",6874,6850,6476,-0.0578993308117544
"12131","12131",1416,1416,1382,-0.0240112994350282
"12551","12551",1416,1416,1382,-0.0240112994350282
"12132","12132",2813,2813,2813,0
"12133","12133",1937,2070,2070,0.0686628807434177
"12134","12134",981,981,981,0
"12135","12135",2781,2749,2749,-0.0115066522833513
"14751","14751",2781,2749,2749,-0.0115066522833513
"12136","12136",3571,3571,3557,-0.00392047045645477
"12137","12137",4003,3689,3687,-0.0789407944041969
"12139","12139",3571,3571,3507,-0.017922150658079
"12140","12140",5064,5078,4910,-0.0304107424960506
"12142","12142",3410,3415,3414,0.00117302052785924
"12143","12143",1880,2142,2142,0.13936170212766
"12145","12145",2899,2856,3144,0.0845119006553984
"12146","12146",3916,3916,4236,0.0817160367722165
"12147","12147",7596,7632,7854,0.0339652448657188
"12148","12148",7155,7156,6900,-0.0356394129979036
"12149","12149",1678,1761,1755,0.0458879618593564
"12150","12150",5096,4696,4689,-0.0798665620094191
"12151","12151",5359,5359,5225,-0.0250046650494495
"12152","12152",2553,2553,2453,-0.0391696043869957
"12153","12153",8651,8651,8536,-0.0132932608946943
"12154","12154",2891,3260,2935,0.0152196471809063
"12155","12155",1745,1739,1818,0.0418338108882522
"12156","12156",2922,2525,2538,-0.131416837782341
"12158","12158",6446,6385,6960,0.0797393732547316
"12159","12159",2484,2072,2119,-0.146940418679549
"12160","12160",2674,2251,2188,-0.181750186985789
"12161","12161",2570,2463,2487,-0.032295719844358
"12162","12162",2349,2604,2604,0.108556832694764
"12163","12163",2971,2605,2607,-0.122517670817906
"12164","12164",3304,3233,3207,-0.0293583535108959
"12165","12165",1768,1765,1765,-0.00169683257918552
"14461","14461",1768,1765,1765,-0.00169683257918552
"12166","12166",4766,4735,4735,-0.00650440621065883
"12168","12168",3946,4014,4120,0.0440952863659402
"12169","12169",2317,2365,2464,0.0634441087613293
"12170","12170",1900,1900,1900,0
"12171","12171",1174,1191,1276,0.0868824531516184
"12173","12173",5286,5502,5213,-0.0138100643208475
"12174","12174",9653,9652,9053,-0.0621568424324044
"12175","12175",2052,1543,1543,-0.248050682261209
"12176","12176",2058,2058,1468,-0.286686103012634
"12178","12178",4739,4682,4682,-0.0120278539776324
"12179","12179",5312,4698,4697,-0.115775602409639
"12180","12180",1173,1047,1047,-0.107416879795396
"12181","12181",2800,3020,3017,0.0775
"12182","12182",3881,3882,3683,-0.051017778922958
"12183","12183",3133,3133,3133,0
"12184","12184",6576,6576,5767,-0.123023114355231
"12185","12185",3210,2987,3023,-0.0582554517133956
"12186","12186",2962,2950,3004,0.0141796083727211
"12188","12188",3392,5130,5128,0.511792452830189
"12189","12189",1850,1850,1846,-0.00216216216216216
"12190","12190",1858,1862,2039,0.0974165769644779
"12191","12191",6837,6885,6882,0.00658183413777973
"12192","12192",1634,1677,1677,0.0263157894736842
"12193","12193",10032,10028,9420,-0.0610047846889952
"12194","12194",4368,4339,4072,-0.0677655677655678
"12195","12195",2144,2049,2049,-0.0443097014925373
"12196","12196",11235,11229,12431,0.106453048509123
"12197","12197",4022,2915,3169,-0.212083540527101
"12198","12198",4632,4676,4677,0.00971502590673575
"12200","12200",8366,8078,8201,-0.0197226870666985
"12201","12201",3451,3888,3888,0.126629962329759
"12202","12202",1631,1631,1656,0.0153280196198651
"12203","12203",2948,2952,2921,-0.00915875169606513
"12204","12204",2576,2576,2521,-0.0213509316770186
"12901","12901",2576,2576,2521,-0.0213509316770186
"12205","12205",4901,4881,4822,-0.0161191593552336
"12206","12206",3469,3307,3304,-0.0475641395214759
"12207","12207",3103,3103,3102,-0.000322268772155978
"12208","12208",2390,2395,2396,0.00251046025104603
"12209","12209",9414,9434,9443,0.00308051837688549
"12210","12210",2820,2811,2811,-0.00319148936170213
"12211","12211",4215,4210,4042,-0.0410438908659549
"12212","12212",2191,2190,2395,0.0931081697854861
"12213","12213",3674,3674,3675,0.000272182906913446
"12214","12214",3564,4228,3606,0.0117845117845118
"12215","12215",2348,2351,2351,0.00127768313458262
"12216","12216",12307,10419,10319,-0.161534086292354
"12217","12217",2748,2748,2733,-0.00545851528384279
"12218","12218",12446,12441,12924,0.038405913546521
"12219","12219",3673,3640,3640,-0.00898448135039477
"12220","12220",2565,2620,2619,0.0210526315789474
"12221","12221",1895,1895,1895,0
"12222","12222",6466,6434,6464,-0.000309310238168883
"12223","12223",5677,5388,5344,-0.0586577417650167
"12224","12224",1367,1381,1325,-0.0307242136064375
"12225","12225",897,936,936,0.0434782608695652
"12226","12226",7625,6931,6931,-0.091016393442623
"12227","12227",5059,4379,4321,-0.145878632140739
"12228","12228",2918,2918,2872,-0.0157642220699109
"12229","12229",1260,1195,1195,-0.0515873015873016
"12230","12230",2254,1959,1938,-0.14019520851819
"12231","12231",8985,6508,6458,-0.28124652198108
"12232","12232",1860,1829,1830,-0.0161290322580645
"12233","12233",2055,1891,1890,-0.0802919708029197
"12234","12234",2271,2325,2322,0.0224570673712021
"12235","12235",5823,5820,5822,-0.000171732783788425
"12236","12236",1416,1416,1416,0
"12237","12237",1848,1919,1928,0.0432900432900433
"12238","12238",2528,1053,1094,-0.567246835443038
"12239","12239",2536,2534,2357,-0.070583596214511
"12240","12240",2926,2926,3128,0.0690362269309638
"12242","12242",965,965,1065,0.103626943005181
"12243","12243",4125,3882,3879,-0.0596363636363636
"12244","12244",3338,3341,3341,0.000898741761533853
"12245","12245",3882,3882,3748,-0.0345182895414735
"12246","12246",3279,3368,3368,0.0271424214699604
"12247","12247",5188,5188,5160,-0.0053970701619121
"12248","12248",7311,6624,6624,-0.0939679934345507
"12249","12249",2656,2657,2652,-0.00150602409638554
"12250","12250",2339,2001,4037,0.725951261222745
"12251","12251",1522,1511,1511,-0.00722733245729304
"12252","12252",4595,4600,4601,0.00130576713819369
"12253","12253",2492,2510,2510,0.007223113964687
"12254","12254",7224,6745,5390,-0.253875968992248
"12255","12255",1861,1863,1866,0.00268672756582483
"12256","12256",3194,3147,3144,-0.0156543519098309
"12257","12257",1682,1682,1680,-0.00118906064209275
"15630","15630",1682,1682,1680,-0.00118906064209275
"12258","12258",4754,4626,4628,-0.0265039966344131
"12259","12259",9399,9546,11115,0.182572614107884
"12260","12260",1845,1845,1568,-0.150135501355014
"12261","12261",1835,1836,1844,0.00490463215258856
"12262","12262",1389,1386,1335,-0.0388768898488121
"12263","12263",4364,4332,4585,0.0506416131989001
"12264","12264",13273,14212,13884,0.0460333006856024
"12265","12265",1325,1387,1387,0.0467924528301887
"12266","12266",2161,2066,2066,-0.043961129106895
"15515","15515",2161,2066,2066,-0.043961129106895
"12268","12268",3005,2663,2630,-0.124792013311148
"12533","12533",3005,2663,2630,-0.124792013311148
"16445","16445",3005,2663,2630,-0.124792013311148
"12269","12269",6486,7463,7553,0.164508171446192
"12270","12270",6604,6632,6329,-0.041641429436705
"12271","12271",3388,3360,3360,-0.00826446280991736
"12272","12272",8339,9161,8554,0.0257824679218132
"12273","12273",3115,3054,3054,-0.0195826645264848
"12274","12274",4038,3961,4042,0.000990589400693413
"12275","12275",6448,3696,3634,-0.436414392059553
"12276","12276",2377,2377,2377,0
"12277","12277",6475,5461,5461,-0.156602316602317
"12278","12278",4643,4542,4662,0.00409218177902218
"12279","12279",2363,2366,2366,0.00126957257723233
"12792","12792",2363,2366,2366,0.00126957257723233
"12280","12280",1595,2026,2006,0.257680250783699
"12281","12281",8188,9214,9068,0.107474352711285
"12282","12282",4680,4694,4604,-0.0162393162393162
"12283","12283",3520,3412,3221,-0.0849431818181818
"12284","12284",1179,1287,1287,0.0916030534351145
"12286","12286",8372,8014,8007,-0.0435977066411849
"12287","12287",7598,7422,7382,-0.0284285338246907
"12288","12288",3557,2877,2877,-0.191172336238403
"12289","12289",1748,1748,1748,0
"12290","12290",2235,2235,2235,0
"12291","12291",7362,4888,4843,-0.342162455854387
"12293","12293",6119,6488,6169,0.0081712698153293
"12294","12294",7326,7803,7441,0.0156975156975157
"12295","12295",762,725,651,-0.145669291338583
"12296","12296",5429,5397,4586,-0.155277214956714
"12297","12297",9323,9153,9185,-0.014802102327577
"12298","12298",5300,5254,5261,-0.00735849056603774
"12299","12299",3399,3581,3549,0.0441306266548985
"12300","12300",4560,4560,4563,0.000657894736842105
"12301","12301",3598,3597,3598,0
"12302","12302",5981,5976,3246,-0.457281391071727
"12303","12303",1458,1451,1458,0
"12304","12304",1877,1878,2222,0.183803942461375
"12305","12305",1639,1638,1605,-0.0207443563148261
"12307","12307",1913,1831,1774,-0.0726607422895975
"12308","12308",1925,1925,1925,0
"12309","12309",2682,2667,2666,-0.00596569724086503
"12312","12312",3174,3043,3033,-0.0444234404536862
"12313","12313",2912,2882,3082,0.0583791208791209
"12314","12314",4576,4945,4795,0.0478583916083916
"12315","12315",2930,3251,3251,0.109556313993174
"12316","12316",3465,3456,3473,0.00230880230880231
"12317","12317",4012,3974,3738,-0.0682951146560319
"12318","12318",2460,2462,2705,0.0995934959349594
"12319","12319",6200,7001,5802,-0.0641935483870968
"12320","12320",1768,2046,2321,0.312782805429864
"12321","12321",5095,5094,5092,-0.000588812561334642
"12322","12322",1769,1737,1692,-0.0435274166195591
"12323","12323",1111,1101,1078,-0.0297029702970297
"16299","16299",1111,1101,1078,-0.0297029702970297
"12324","12324",4376,4140,4266,-0.0251371115173675
"12325","12325",10415,10692,10654,0.0229476716274604
"16820","16820",10415,10692,10654,0.0229476716274604
"12327","12327",1077,896,896,-0.168059424326834
"12328","12328",5661,5705,5705,0.00777247836071365
"12329","12329",2528,2528,2394,-0.053006329113924
"12330","12330",1360,1400,1401,0.0301470588235294
"12331","12331",2704,2668,2595,-0.040310650887574
"12332","12332",7738,7692,7653,-0.0109847505815456
"12333","12333",2261,2713,2717,0.201680672268908
"12334","12334",1746,1746,1740,-0.00343642611683849
"12335","12335",3923,4035,4006,0.0211572775936783
"12336","12336",4582,4581,4511,-0.0154954168485378
"12337","12337",10021,7318,7243,-0.277217842530686
"12338","12338",3231,3272,3279,0.0148560817084494
"12339","12339",496,536,523,0.0544354838709677
"12340","12340",1904,1902,1904,0
"16330","16330",1904,1902,1904,0
"12341","12341",3677,3694,3935,0.07016589611096
"12342","12342",3468,3519,3516,0.013840830449827
"12343","12343",3919,3924,3924,0.0012758356723654
"12344","12344",1460,1228,1228,-0.158904109589041
"12345","12345",2797,2797,2076,-0.257776188773686
"12346","12346",8158,6357,6530,-0.199558715371415
"12347","12347",2467,2472,2469,0.000810701256586948
"12348","12348",2275,2278,2260,-0.00659340659340659
"12349","12349",1894,2004,2004,0.058078141499472
"12351","12351",4151,4152,4114,-0.00891351481570706
"12353","12353",3794,3872,3853,0.0155508697944122
"12354","12354",7349,7347,7155,-0.0263981494080827
"12355","12355",2670,2527,2624,-0.0172284644194757
"12356","12356",3151,3148,3348,0.0625198349730244
"12357","12357",1861,1861,1861,0
"12358","12358",2417,2417,2372,-0.0186181216383947
"12359","12359",3761,3562,3563,-0.052645572985908
"12360","12360",3193,3193,3185,-0.00250548073911682
"12361","12361",2220,1375,1375,-0.380630630630631
"12362","12362",8045,7990,7641,-0.0502175264139217
"12363","12363",7911,7434,7408,-0.0635823536847428
"12364","12364",3443,3214,3219,-0.0650595410978798
"12365","12365",4492,4493,4493,0.000222617987533393
"12366","12366",2472,2616,2616,0.058252427184466
"12367","12367",4039,4037,4013,-0.00643723693983659
"12368","12368",1565,1565,1084,-0.307348242811502
"12369","12369",4954,4947,4945,-0.00181671376665321
"12370","12370",5103,4766,4768,-0.0656476582402508
"12371","12371",2780,4132,4348,0.564028776978417
"12373","12373",4020,3887,3720,-0.0746268656716418
"12374","12374",2516,2542,2023,-0.195945945945946
"12375","12375",5641,5641,4484,-0.205105477752172
"12376","12376",2347,2347,2342,-0.00213037920749893
"12377","12377",14559,14169,14130,-0.0294663094992788
"12378","12378",7975,9419,7904,-0.00890282131661442
"12380","12380",3670,3669,3696,0.00708446866485014
"12381","12381",7079,7079,6680,-0.056363893205255
"12382","12382",9914,4574,4574,-0.538632237240266
"12383","12383",8291,7976,7969,-0.0388372934507297
"12384","12384",3380,3380,3380,0
"12385","12385",4495,4461,4133,-0.0805339265850945
"16181","16181",4495,4461,4133,-0.0805339265850945
"12386","12386",8463,8337,8335,-0.0151246602859506
"12387","12387",7668,8002,7721,0.00691184141888367
"12388","12388",2473,2474,2286,-0.0756166599272139
"12389","12389",3651,3651,3697,0.012599287866338
"12390","12390",2998,2998,3056,0.019346230820547
"12392","12392",4377,4354,4358,-0.00434087274388851
"12393","12393",4457,4428,4750,0.0657392865155935
"12394","12394",4774,4371,4413,-0.0756179304566401
"12395","12395",1592,1696,1696,0.0653266331658292
"15459","15459",1592,1696,1696,0.0653266331658292
"12396","12396",6237,6440,6439,0.0323873657206991
"12397","12397",894,897,898,0.00447427293064877
"12398","12398",2390,2390,2342,-0.0200836820083682
"12399","12399",5172,4851,4975,-0.0380897138437742
"12400","12400",3656,3661,3660,0.00109409190371991
"12401","12401",1270,1270,1268,-0.0015748031496063
"12402","12402",4118,4095,4091,-0.00655658086449733
"12403","12403",1962,1720,1720,-0.123343527013252
"12404","12404",1048,1048,1688,0.610687022900763
"12405","12405",5715,7098,7164,0.253543307086614
"12406","12406",1601,1759,1754,0.0955652717051843
"12407","12407",3102,3103,3106,0.00128949065119278
"12408","12408",2840,2944,2821,-0.00669014084507042
"12409","12409",1449,1567,1572,0.0848861283643892
"12410","12410",3199,3188,3150,-0.0153172866520788
"12411","12411",4237,4238,4219,-0.00424828888364409
"12413","12413",2838,3251,2889,0.0179704016913319
"12414","12414",3200,3305,3206,0.001875
"12415","12415",3084,3740,3740,0.212710765239948
"12416","12416",2274,2274,2258,-0.00703605980650836
"12417","12417",3845,3796,3826,-0.00494148244473342
"12418","12418",2318,2318,2320,0.000862812769628991
"12419","12419",3161,3161,3157,-0.00126542233470421
"12420","12420",5442,5442,5884,0.0812201396545388
"12421","12421",14774,14382,14414,-0.0243671314471369
"12422","12422",6711,6704,6707,-0.000596036358217851
"12423","12423",1785,1785,1785,0
"12424","12424",7574,7592,7871,0.0392130974386058
"12426","12426",1791,1791,1770,-0.0117252931323283
"12427","12427",1908,1911,1911,0.00157232704402516
"12428","12428",2951,2951,2888,-0.0213486953575059
"12429","12429",1677,3084,4166,1.48419797257007
"12430","12430",1511,1512,1395,-0.0767703507610854
"12431","12431",2900,2712,2712,-0.0648275862068965
"12432","12432",2745,2744,2744,-0.000364298724954463
"12433","12433",2076,2260,2267,0.0920038535645472
"13006","13006",2076,2260,2267,0.0920038535645472
"12434","12434",1942,1941,1941,-0.000514933058702369
"12435","12435",4034,4098,4098,0.0158651462568171
"15593","15593",4034,4098,4098,0.0158651462568171
"12436","12436",2158,2156,2391,0.107970342910102
"12437","12437",6423,5974,5935,-0.0759769578078779
"12438","12438",3832,3832,3735,-0.0253131524008351
"12439","12439",3987,3987,3440,-0.137195886631553
"14778","14778",3987,3987,3440,-0.137195886631553
"12440","12440",3637,3635,3635,-0.000549903766840803
"12441","12441",3478,3480,3505,0.00776308223116734
"12442","12442",1531,1531,1531,0
"12443","12443",4442,4456,4453,0.0024763619990995
"12444","12444",1932,1932,2171,0.123706004140787
"12445","12445",6768,6745,6716,-0.00768321513002364
"12446","12446",8737,10620,9194,0.0523062836213803
"12447","12447",4854,4811,4641,-0.0438813349814586
"12448","12448",4371,4374,4361,-0.0022878059940517
"12449","12449",15023,12650,12325,-0.179591293350196
"12451","12451",2335,2183,2032,-0.129764453961456
"12452","12452",4405,4405,4405,0
"12453","12453",12690,12297,12540,-0.0118203309692671
"12454","12454",4910,4910,4895,-0.00305498981670061
"12455","12455",4361,4363,4362,0.000229305205228159
"12456","12456",2653,2653,2698,0.0169619298906898
"12457","12457",4373,4216,4219,-0.0352160987880174
"12458","12458",3433,3819,3819,0.112438100786484
"16942","16942",3433,3819,3819,0.112438100786484
"12459","12459",4516,3929,3929,-0.129982285208149
"12460","12460",1682,1682,2395,0.423900118906064
"12461","12461",7538,7532,8108,0.0756168745025206
"12462","12462",2405,2408,2439,0.0141372141372141
"12463","12463",3735,3735,3735,0
"12464","12464",3235,2655,2655,-0.179289026275116
"12465","12465",3156,3160,3148,-0.00253485424588086
"12467","12467",4883,4886,4876,-0.00143354495187385
"12468","12468",3065,3124,3124,0.0192495921696574
"12469","12469",2787,2624,2624,-0.0584858270541801
"12470","12470",3245,3214,3194,-0.0157164869029276
"12471","12471",3409,3409,3419,0.00293341155764154
"12473","12473",1803,1806,1806,0.00166389351081531
"12474","12474",4084,4127,4128,0.0107737512242899
"12475","12475",5931,5834,5837,-0.0158489293542404
"12476","12476",5451,5299,5304,-0.026967528893781
"12477","12477",6048,5740,5868,-0.0297619047619048
"12478","12478",5708,6547,6565,0.150140154169587
"12479","12479",8728,8754,8759,0.00355178735105408
"12482","12482",5083,4917,4685,-0.0783002164076333
"12483","12483",12017,11670,11434,-0.04851460431056
"12484","12484",1429,1429,1429,0
"12485","12485",2087,2006,1941,-0.0699568758984188
"12486","12486",3600,3528,4505,0.251388888888889
"12487","12487",2639,2639,2585,-0.0204622963243653
"12488","12488",4100,4334,4668,0.138536585365854
"12489","12489",3864,3781,3673,-0.0494306418219462
"17408","17408",3864,3781,3673,-0.0494306418219462
"12490","12490",2474,3323,3323,0.343168957154406
"12491","12491",6163,5306,5308,-0.138731137433068
"12492","12492",2299,2292,2292,-0.00304480208786429
"12494","12494",1862,1862,1661,-0.107948442534909
"12495","12495",2053,2004,2008,-0.0219191427179737
"12497","12497",3608,3611,3611,0.000831485587583149
"12498","12498",2219,2169,2178,-0.0184767913474538
"12499","12499",5594,5454,5456,-0.0246692885234179
"12500","12500",4664,4664,4626,-0.008147512864494
"12501","12501",2902,2905,3098,0.067539627842867
"12502","12502",4745,4745,4567,-0.0375131717597471
"12503","12503",1719,1762,1677,-0.0244328097731239
"12504","12504",3707,3703,4305,0.161316428378743
"12505","12505",4761,4761,2860,-0.39928586431422
"12506","12506",1657,1647,1649,-0.00482800241400121
"12507","12507",5863,5863,5865,0.000341122292341805
"12508","12508",3881,3876,3877,-0.0010306622004638
"12509","12509",1960,1972,1601,-0.183163265306122
"12510","12510",5388,5352,5352,-0.0066815144766147
"12511","12511",3189,3187,3187,-0.000627155848228285
"12512","12512",963,965,965,0.00207684319833853
"12513","12513",5874,5181,4963,-0.155090228123936
"12514","12514",2360,2360,2758,0.16864406779661
"12515","12515",2364,2406,2394,0.0126903553299492
"12516","12516",9561,10078,10077,0.0539692500784437
"12517","12517",3912,3912,3910,-0.000511247443762781
"12519","12519",2110,2110,1904,-0.0976303317535545
"12522","12522",7556,7354,7357,-0.0263366860772896
"12524","12524",11769,12190,12153,0.0326280907468774
"12525","12525",8537,7719,7718,-0.0959353402834719
"12526","12526",2186,2145,2202,0.00731930466605672
"12527","12527",3114,2899,2899,-0.0690430314707771
"12528","12528",1833,1582,1582,-0.136933987997818
"19599","19599",1833,1582,1582,-0.136933987997818
"12529","12529",2927,2928,2913,-0.00478305432183123
"12530","12530",4621,4621,6648,0.43864964293443
"12531","12531",6533,6528,6655,0.0186744221643961
"12532","12532",1167,1074,1165,-0.00171379605826907
"12535","12535",2690,2690,2687,-0.00111524163568773
"12536","12536",3574,3574,3576,0.000559597090095132
"12538","12538",838,966,966,0.152744630071599
"12574","12574",838,966,966,0.152744630071599
"12539","12539",4704,4678,5030,0.0693027210884354
"12540","12540",2716,2716,2716,0
"12541","12541",4219,4202,4207,-0.00284427589476179
"12543","12543",2601,2260,2255,-0.133025759323337
"12544","12544",1676,1836,1633,-0.0256563245823389
"12545","12545",7093,7063,7041,-0.00733117157761173
"12546","12546",2038,2044,2044,0.00294406280667321
"12547","12547",1127,1127,1127,0
"12548","12548",6395,6328,6328,-0.0104769351055512
"12549","12549",4084,4206,4339,0.0624387855044074
"12550","12550",9355,10269,10264,0.0971672902191342
"12552","12552",2260,2579,2526,0.117699115044248
"12554","12554",6823,6824,6782,-0.00600908691191558
"12555","12555",3943,3943,4071,0.0324625919350748
"12556","12556",3222,3040,3041,-0.0561762880198634
"12557","12557",1686,1686,1654,-0.0189798339264531
"12558","12558",1798,1798,1798,0
"12559","12559",8560,8412,8177,-0.0447429906542056
"12560","12560",1190,1190,1190,0
"13946","13946",1190,1190,1190,0
"12561","12561",5919,5631,5630,-0.0488258151714817
"12562","12562",3730,3509,3510,-0.0589812332439678
"12563","12563",1798,1806,1800,0.00111234705228031
"12564","12564",1883,2081,2081,0.105151354221986
"12566","12566",5892,5892,5836,-0.00950441276306857
"15572","15572",5892,5892,5836,-0.00950441276306857
"12567","12567",1741,1740,1740,-0.000574382538770821
"12568","12568",4298,4298,4228,-0.0162866449511401
"12569","12569",4304,4302,4302,-0.000464684014869888
"12570","12570",881,882,882,0.00113507377979569
"12571","12571",2778,2786,2916,0.0496760259179266
"12572","12572",8171,7696,6882,-0.157753029005018
"12575","12575",6398,6404,6337,-0.00953422944670209
"12576","12576",3136,3118,3110,-0.00829081632653061
"12577","12577",1906,1862,1862,-0.0230849947534103
"12579","12579",3563,3652,3648,0.0238563008700533
"12582","12582",3409,2414,2414,-0.291874449985333
"12583","12583",5969,6555,6560,0.0990115597252471
"12584","12584",11347,11297,11298,-0.00431832202344232
"12585","12585",2144,2974,2974,0.387126865671642
"12586","12586",3049,3132,3127,0.0255821580846179
"13662","13662",3049,3132,3127,0.0255821580846179
"12587","12587",8783,5783,5783,-0.341568939997723
"12588","12588",6168,6168,6102,-0.0107003891050584
"12589","12589",3248,3245,3056,-0.0591133004926108
"12590","12590",8842,7477,7496,-0.152228002714318
"12591","12591",3556,3549,3555,-0.000281214848143982
"12592","12592",2597,2597,2403,-0.0747015787447054
"12593","12593",1685,1685,1685,0
"12594","12594",967,967,940,-0.0279214064115822
"12595","12595",1989,1987,2265,0.138763197586727
"12596","12596",2452,2452,2475,0.00938009787928222
"14160","14160",2452,2452,2475,0.00938009787928222
"12597","12597",7010,6316,6322,-0.0981455064194009
"12598","12598",2035,2035,2059,0.0117936117936118
"12599","12599",3168,3157,2568,-0.189393939393939
"12600","12600",4113,4303,4340,0.0551908582543156
"12601","12601",4202,4204,4000,-0.0480723465016659
"12602","12602",7287,7292,7295,0.00109784547824894
"12603","12603",4040,4167,4171,0.0324257425742574
"12604","12604",2425,2630,2630,0.0845360824742268
"13989","13989",2425,2630,2630,0.0845360824742268
"12607","12607",2814,2814,2814,0
"12608","12608",2416,2413,2534,0.048841059602649
"12609","12609",2354,2451,2451,0.0412064570943076
"12610","12610",4660,4661,4642,-0.00386266094420601
"12611","12611",1545,1445,1445,-0.0647249190938511
"12612","12612",1819,1820,1810,-0.00494777350192413
"12613","12613",1047,1048,1195,0.141356255969436
"12614","12614",2098,2098,2180,0.0390848427073403
"17793","17793",2098,2098,2180,0.0390848427073403
"12615","12615",5322,5322,5336,0.00263059000375799
"12616","12616",4937,4918,4920,-0.00344338667206806
"12617","12617",4945,4748,4748,-0.0398382204246714
"12618","12618",1372,1372,1397,0.0182215743440233
"12619","12619",1278,1501,1497,0.171361502347418
"12620","12620",1783,1796,1801,0.0100953449242849
"12621","12621",5344,2611,2611,-0.511414670658683
"12622","12622",2085,2085,583,-0.720383693045564
"12623","12623",4033,4033,4021,-0.00297545251673692
"12624","12624",3262,3179,3234,-0.00858369098712446
"12625","12625",2156,2156,2156,0
"19912","19912",2156,2156,2156,0
"12626","12626",7122,6616,6607,-0.072311148553777
"12627","12627",5147,5912,5935,0.153098892558772
"12628","12628",4414,4081,4089,-0.0736293611236973
"12629","12629",3126,3173,3176,0.0159948816378759
"12630","12630",6655,6144,6516,-0.0208865514650639
"12632","12632",3556,3556,3571,0.00421822272215973
"12633","12633",5358,3259,3259,-0.391750653228817
"12634","12634",5659,5476,4947,-0.125817282205337
"12635","12635",3938,3943,4523,0.148552564753682
"12636","12636",5755,5773,5754,-0.000173761946133797
"12637","12637",3269,3097,3081,-0.0575099418782502
"12639","12639",2408,2408,2396,-0.00498338870431894
"12640","12640",3708,3835,3812,0.0280474649406688
"12641","12641",1959,1959,1959,0
"12643","12643",3568,3449,3443,-0.0350336322869955
"12644","12644",5417,5404,5404,-0.00239985231678051
"12645","12645",2054,2054,2041,-0.00632911392405063
"12646","12646",4229,3884,3878,-0.0829983447623552
"12647","12647",2208,2208,2208,0
"12648","12648",5695,5687,6241,0.095873573309921
"12651","12651",1522,1524,1524,0.00131406044678055
"12652","12652",1436,2737,2737,0.905988857938719
"12653","12653",5161,5200,5202,0.00794419686107344
"12654","12654",1422,1471,1471,0.0344585091420534
"12655","12655",2687,2687,2686,-0.000372162262746558
"12656","12656",7015,7150,7284,0.0383464005702067
"12657","12657",1915,2248,2256,0.178067885117493
"12658","12658",5777,5743,5788,0.00190410247533322
"12659","12659",2728,2721,2706,-0.00806451612903226
"12660","12660",1430,1430,1552,0.0853146853146853
"12661","12661",1903,1903,2181,0.146085128744088
"12886","12886",1903,1903,2181,0.146085128744088
"12662","12662",2996,2993,2959,-0.0123497997329773
"12663","12663",3532,3512,3505,-0.00764439411098528
"12664","12664",2220,2213,2211,-0.00405405405405405
"12665","12665",3847,3839,3816,-0.0080582271900182
"12666","12666",3885,3899,3883,-0.000514800514800515
"12667","12667",6513,6532,6582,0.0105941962229387
"12668","12668",5169,5093,5095,-0.0143161153027665
"12669","12669",8728,9982,9892,0.133363886342805
"12670","12670",5059,5027,6648,0.314093694406009
"12671","12671",3453,3228,3228,-0.0651607298001738
"12672","12672",3401,3406,3306,-0.0279329608938547
"12675","12675",5592,5560,5144,-0.0801144492131617
"12676","12676",6976,6974,7052,0.010894495412844
"12677","12677",1421,1450,1681,0.182969739619986
"12678","12678",5686,5719,5232,-0.0798452339078438
"12680","12680",3376,2803,2803,-0.169727488151659
"12681","12681",1817,1817,2020,0.111722619702807
"12682","12682",6222,4941,5679,-0.0872709739633558
"12683","12683",2813,2813,2227,-0.208318521151795
"19744","19744",2813,2813,2227,-0.208318521151795
"12684","12684",5789,4464,4464,-0.228882363102436
"12685","12685",5565,5565,5566,0.000179694519317161
"12686","12686",5632,5707,5708,0.0134943181818182
"12687","12687",5591,5738,5795,0.0364872115900554
"12688","12688",6533,6972,6913,0.05816623297107
"12689","12689",3005,3044,3007,0.000665557404326123
"12690","12690",1445,1374,1374,-0.0491349480968858
"12691","12691",6680,6642,6606,-0.0110778443113772
"12692","12692",10682,10685,10687,0.000468077139112526
"12693","12693",7402,7401,7723,0.0433666576600919
"12694","12694",2189,2191,2175,-0.00639561443581544
"12695","12695",2507,2508,2489,-0.00717989629038692
"12696","12696",3144,3095,3095,-0.0155852417302799
"12697","12697",2045,1792,1624,-0.205867970660147
"12698","12698",8853,8778,8856,0.000338868180277872
"12699","12699",2385,2384,2384,-0.000419287211740042
"12700","12700",1067,1069,1205,0.12933458294283
"15115","15115",1067,1069,1205,0.12933458294283
"12702","12702",12665,14281,12420,-0.0193446506119226
"12703","12703",3048,3626,3626,0.189632545931759
"12704","12704",1181,1219,1218,0.0313293818797629
"12705","12705",1418,1418,1417,-0.000705218617771509
"12706","12706",2930,2335,2335,-0.203071672354949
"12707","12707",4505,4506,4666,0.0357380688124306
"12708","12708",3679,3723,3724,0.0122315846697472
"12709","12709",3696,3696,3720,0.00649350649350649
"12710","12710",2951,3159,3159,0.0704845814977974
"12711","12711",1803,1802,1802,-0.000554631170271769
"12713","12713",1881,2112,2096,0.114300903774588
"12714","12714",4963,4901,4899,-0.0128954261535362
"12715","12715",3133,3133,3133,0
"12716","12716",5175,6059,5195,0.00386473429951691
"12718","12718",1137,1137,4101,2.60686015831135
"12720","12720",3239,3239,2940,-0.0923124421117629
"12721","12721",4680,4603,4540,-0.0299145299145299
"12722","12722",4344,4443,4429,0.0195672191528545
"12723","12723",11030,7823,7794,-0.293381686310063
"12724","12724",2549,2540,2514,-0.0137308748528835
"12725","12725",2208,2459,4157,0.882699275362319
"12726","12726",1780,1780,1841,0.0342696629213483
"12727","12727",6380,6145,6158,-0.0347962382445141
"12728","12728",5067,4855,4956,-0.0219064535227946
"12729","12729",7071,6357,6359,-0.100692971291189
"12730","12730",1812,1635,1552,-0.143487858719647
"12731","12731",3069,3550,3550,0.156728576083415
"12732","12732",7912,6624,5968,-0.245702730030334
"12733","12733",1611,1612,1612,0.000620732464307883
"12734","12734",3111,3177,2885,-0.0726454516232723
"12736","12736",3212,3212,3213,0.000311332503113325
"12894","12894",3212,3212,3213,0.000311332503113325
"12737","12737",2425,2421,2421,-0.00164948453608247
"12740","12740",1162,1162,1140,-0.0189328743545611
"12741","12741",2950,2952,3543,0.201016949152542
"12742","12742",2100,1991,1991,-0.0519047619047619
"12743","12743",1708,1721,1721,0.00761124121779859
"12744","12744",1465,1455,1499,0.0232081911262799
"12745","12745",2795,2795,2790,-0.00178890876565295
"12746","12746",2296,2371,2477,0.0788327526132404
"12747","12747",10033,10033,10034,9.96710854181202e-05
"12748","12748",2170,2126,2187,0.00783410138248848
"18680","18680",2170,2126,2187,0.00783410138248848
"12750","12750",3740,3738,3738,-0.00053475935828877
"12751","12751",2764,2764,3586,0.29739507959479
"12752","12752",4113,4115,4241,0.0311208363724775
"12753","12753",6237,7258,6437,0.0320666987333654
"12754","12754",8351,8352,7847,-0.0603520536462699
"12755","12755",1844,1622,1622,-0.120390455531453
"12756","12756",5310,5274,5283,-0.00508474576271186
"12757","12757",4591,4644,4644,0.0115443258549336
"12758","12758",5376,5376,5269,-0.0199032738095238
"12759","12759",3961,3961,3624,-0.0850795253723807
"19781","19781",3961,3961,3624,-0.0850795253723807
"12761","12761",3017,2988,2921,-0.0318196884322174
"12762","12762",7277,7768,7289,0.00164903119417342
"12763","12763",8483,8417,8418,-0.00766238359071083
"12764","12764",4015,4172,3969,-0.0114570361145704
"12765","12765",7376,7253,7253,-0.016675704989154
"12766","12766",5930,6299,6007,0.0129848229342327
"12768","12768",5932,5933,5497,-0.0733310856372218
"12769","12769",3148,3129,2439,-0.225222363405337
"12770","12770",3688,3660,4008,0.0867678958785249
"12771","12771",7018,7061,7062,0.00626959247648903
"12773","12773",3768,3940,3858,0.0238853503184713
"12774","12774",1872,1872,1872,0
"12775","12775",6705,5460,5460,-0.185682326621924
"12776","12776",3015,2981,3028,0.00431177446102819
"12777","12777",4952,4809,3421,-0.309168012924071
"12778","12778",9782,6685,6685,-0.316601921897363
"12779","12779",2517,3563,2740,0.0885975367500993
"12780","12780",5497,5497,5497,0
"12781","12781",3585,3700,3698,0.0315202231520223
"12782","12782",1997,2152,2240,0.121682523785679
"12783","12783",4398,4399,4288,-0.0250113688040018
"12784","12784",3132,3128,3124,-0.00255427841634738
"12785","12785",8658,6199,6436,-0.256641256641257
"12786","12786",6302,5616,5623,-0.10774357346874
"12788","12788",5157,5152,5249,0.017839829358154
"12789","12789",3128,3198,3407,0.0891943734015345
"12790","12790",5324,5318,5287,-0.00694966190833959
"12791","12791",1984,1976,1920,-0.032258064516129
"12793","12793",10828,7905,8077,-0.254063538973033
"12795","12795",6714,6685,6452,-0.0390229371462615
"12796","12796",2591,2403,2403,-0.0725588575839444
"12797","12797",4616,4621,5075,0.0994367417677643
"12798","12798",2709,2999,3036,0.120708748615725
"12799","12799",6407,6431,6417,0.00156079288278445
"15722","15722",6407,6431,6417,0.00156079288278445
"12800","12800",3121,3061,3070,-0.0163409163729574
"12801","12801",2385,2389,2389,0.00167714884696017
"12802","12802",969,908,908,-0.0629514963880289
"12804","12804",3697,3691,4271,0.155261022450636
"12805","12805",576,853,834,0.447916666666667
"15210","15210",576,853,834,0.447916666666667
"12806","12806",4246,4245,4246,0
"12807","12807",2503,2501,2782,0.111466240511386
"14671","14671",2503,2501,2782,0.111466240511386
"12808","12808",5676,5640,7269,0.280655391120507
"12809","12809",7096,7080,7082,-0.00197294250281849
"12810","12810",4757,4738,4707,-0.0105108261509355
"12811","12811",3362,3405,3406,0.0130874479476502
"12812","12812",3699,3701,3701,0.000540686672073533
"12813","12813",9299,8690,8622,-0.0728035272609958
"12815","12815",3008,2778,2778,-0.0764627659574468
"12816","12816",2067,2077,2060,-0.00338655055636188
"12817","12817",1713,1432,1432,-0.164039696438996
"12818","12818",5001,5075,5076,0.01499700059988
"12820","12820",1952,1956,1956,0.00204918032786885
"12821","12821",2946,2388,2266,-0.23082145281738
"12822","12822",1910,1917,1918,0.00418848167539267
"12823","12823",1773,2091,2096,0.182177100958827
"12824","12824",8981,8383,9044,0.00701480904130943
"12825","12825",3934,3740,3845,-0.0226232841891205
"12826","12826",2553,2553,2541,-0.00470035252643948
"12827","12827",3932,3929,3931,-0.000254323499491353
"12828","12828",3028,3028,3035,0.00231175693527081
"12829","12829",1498,1498,1495,-0.00200267022696929
"12830","12830",4743,4706,3916,-0.174362218005482
"12831","12831",6179,5725,5725,-0.0734746722770675
"12832","12832",4349,3396,3397,-0.218900896757875
"14266","14266",4349,3396,3397,-0.218900896757875
"12833","12833",1087,1083,1091,0.00367985280588776
"12834","12834",1413,1412,1401,-0.00849256900212314
"12835","12835",973,973,965,-0.00822199383350463
"12836","12836",6384,7325,6109,-0.0430764411027569
"12837","12837",3963,3963,3534,-0.108251324753974
"12838","12838",4967,4986,4997,0.00603986309643648
"12839","12839",3464,3464,3432,-0.0092378752886836
"12840","12840",5515,5515,5513,-0.000362647325475975
"12841","12841",1512,1733,1531,0.0125661375661376
"12842","12842",3919,3919,3800,-0.0303648890022965
"12843","12843",3379,3377,3377,-0.000591891092039065
"12844","12844",3967,4018,3928,-0.00983110662969498
"12845","12845",1115,1115,1116,0.000896860986547085
"12846","12846",1452,1452,1473,0.0144628099173554
"12847","12847",1691,1697,1696,0.00295683027794205
"12848","12848",9716,9514,9485,-0.0237752161383285
"12849","12849",2744,2789,2795,0.0185860058309038
"12850","12850",1312,1309,1543,0.176067073170732
"12851","12851",5407,7017,7017,0.297762160162752
"12852","12852",2437,2411,2375,-0.0254411161263849
"12853","12853",2175,2245,2246,0.0326436781609195
"12854","12854",937,937,937,0
"12855","12855",3735,3735,3561,-0.0465863453815261
"12856","12856",8007,8760,8766,0.0947920569501686
"12858","12858",6408,4934,4940,-0.229088639200999
"12859","12859",5287,5099,5381,0.0177794590505012
"12860","12860",2524,2524,2720,0.0776545166402536
"12861","12861",2094,2094,2093,-0.000477554918815664
"12863","12863",3700,3471,2994,-0.190810810810811
"12864","12864",4290,4287,5342,0.245221445221445
"12865","12865",1820,1836,1731,-0.0489010989010989
"12866","12866",1947,1947,1946,-0.000513610683102209
"12867","12867",8176,7777,6978,-0.146526418786693
"12869","12869",3559,3818,3826,0.0750210733352065
"12870","12870",2263,2241,2241,-0.00972160848431286
"12871","12871",2149,2152,2152,0.00139599813866915
"12872","12872",7127,5845,5847,-0.179598709134278
"12873","12873",2990,2514,2191,-0.267224080267559
"12874","12874",4705,4659,4665,-0.00850159404888417
"12875","12875",1060,1060,2174,1.05094339622642
"12876","12876",7029,7703,7642,0.0872101294636506
"12877","12877",3557,3563,3527,-0.00843407365757661
"12878","12878",1792,1789,2131,0.189174107142857
"12879","12879",6169,6223,6019,-0.0243151240071324
"12880","12880",3782,3782,3583,-0.0526176626123744
"12881","12881",5180,5180,5457,0.0534749034749035
"12882","12882",9459,5220,5220,-0.44814462416746
"12884","12884",6697,7618,7848,0.171868000597282
"12885","12885",4677,4733,4727,0.010690613641223
"12887","12887",574,652,652,0.13588850174216
"12888","12888",8986,8787,8270,-0.0796795014466949
"12889","12889",1875,1875,1875,0
"12890","12890",1143,1143,1210,0.0586176727909011
"12892","12892",1671,1676,1676,0.00299222022740874
"12893","12893",2357,2284,2128,-0.0971574034789987
"12895","12895",6179,6186,6175,-0.000647353940767114
"12896","12896",8185,8185,8119,-0.00806353084911423
"12897","12897",8406,8165,8158,-0.0295027361408518
"12898","12898",4420,4349,4348,-0.016289592760181
"12899","12899",6429,7460,7467,0.161455902939804
"12900","12900",7604,7586,7416,-0.0247238295633877
"12902","12902",6348,6541,6497,0.0234719596723377
"12903","12903",3934,3913,3904,-0.00762582613116421
"12904","12904",4527,4557,4559,0.00706869891760548
"12905","12905",3917,5020,4379,0.117947408731172
"12906","12906",1558,1394,1394,-0.105263157894737
"12907","12907",10475,7989,7960,-0.240095465393795
"12908","12908",3283,2942,2725,-0.169966494060311
"12910","12910",3176,3171,3180,0.00125944584382872
"12911","12911",5146,4492,4491,-0.12728332685581
"12912","12912",3602,3729,3701,0.0274847307051638
"12913","12913",4828,4592,4610,-0.0451532725766363
"12914","12914",3360,3360,3360,0
"12915","12915",2156,2157,2158,0.000927643784786642
"12916","12916",2353,2335,2335,-0.00764980875478113
"12917","12917",3055,3055,2881,-0.0569558101472995
"12918","12918",3608,4088,3997,0.107815964523282
"12919","12919",3753,3778,3773,0.00532907007727152
"19369","19369",3753,3778,3773,0.00532907007727152
"12920","12920",1586,1611,1610,0.0151324085750315
"12921","12921",1943,1943,1944,0.000514668039114771
"12922","12922",4074,4223,4228,0.0378006872852234
"12923","12923",2577,2568,2568,-0.00349243306169965
"12924","12924",3310,2930,2927,-0.11570996978852
"12925","12925",3834,3719,3752,-0.0213875847678665
"12926","12926",8243,7488,7448,-0.0964454688826883
"12927","12927",7363,6665,7212,-0.0205079451310607
"12928","12928",3914,3863,3861,-0.0135411343893715
"12929","12929",2633,2620,2633,0
"12930","12930",3915,3877,4457,0.138441890166028
"12931","12931",3172,2925,1968,-0.379571248423707
"12932","12932",2522,2518,2518,-0.00158604282315623
"12933","12933",1567,1567,1735,0.10721123165284
"12935","12935",10750,7492,7358,-0.31553488372093
"12936","12936",1990,1991,2045,0.0276381909547739
"12937","12937",3524,3524,3523,-0.000283768444948922
"12938","12938",4452,4421,3757,-0.156109613656783
"12939","12939",4607,4479,4479,-0.0277838072498372
"12941","12941",2899,2900,2900,0.00034494653328734
"12942","12942",1959,1959,1907,-0.0265441551812149
"12943","12943",3657,3657,3656,-0.000273448181569593
"12945","12945",2550,2006,2009,-0.212156862745098
"12947","12947",2021,2023,1719,-0.149430974764968
"12948","12948",2379,2383,2385,0.00252206809583859
"12949","12949",5076,5075,5080,0.000788022064617809
"12950","12950",5507,5514,5332,-0.0317777374250953
"12951","12951",4621,4619,4611,-0.00216403375892664
"12952","12952",2189,2158,2054,-0.0616719963453632
"12953","12953",1419,1423,1435,0.0112755461592671
"12954","12954",4079,4041,4042,-0.00907085069870066
"12955","12955",3228,3165,3165,-0.0195167286245353
"12956","12956",2836,2836,2766,-0.0246826516220028
"12957","12957",2279,2262,2262,-0.00745941202281702
"12958","12958",2443,2258,2258,-0.0757265656979124
"12959","12959",2488,2491,2490,0.000803858520900322
"12960","12960",3089,2855,2818,-0.0877306571706054
"12961","12961",3257,3216,3239,-0.00552655818237642
"12962","12962",8300,8291,9350,0.126506024096386
"12963","12963",2756,2756,2640,-0.0420899854862119
"12965","12965",2405,2405,2405,0
"12967","12967",1160,2457,2416,1.08275862068966
"12968","12968",5634,5764,5586,-0.00851970181043664
"12969","12969",2598,2614,2614,0.00615858352578907
"12970","12970",9151,9031,9040,-0.0121298218773904
"12971","12971",2888,2879,2882,-0.00207756232686981
"12972","12972",8072,4038,4038,-0.499752229930624
"12974","12974",2991,2778,3491,0.167168171180207
"12976","12976",1926,1929,1929,0.00155763239875389
"12978","12978",1011,1011,1011,0
"12979","12979",3695,3595,3713,0.00487144790257104
"12981","12981",4628,4628,4569,-0.0127484874675886
"12982","12982",6333,6108,6101,-0.0366335070266856
"12983","12983",6481,6481,4595,-0.291004474618114
"12984","12984",940,940,940,0
"12985","12985",3303,3000,2847,-0.138056312443233
"12986","12986",6357,5869,6574,0.0341355985527765
"12987","12987",9691,9691,9576,-0.0118666804251367
"12988","12988",1707,1707,2048,0.199765670767428
"12989","12989",3007,2975,2975,-0.0106418357166611
"12990","12990",2203,1896,1899,-0.137993645029505
"12991","12991",1755,1747,1747,-0.00455840455840456
"12993","12993",7144,7394,7401,0.0359742441209406
"12994","12994",4612,4614,4614,0.000433651344319167
"12995","12995",3774,4122,4425,0.172496025437202
"12996","12996",872,872,872,0
"12998","12998",1608,2261,2000,0.243781094527363
"12999","12999",2749,2771,2754,0.00181884321571481
"13000","13000",9919,9417,8738,-0.119064421816715
"13001","13001",3776,3650,3134,-0.170021186440678
"13002","13002",1545,1543,1534,-0.00711974110032363
"13003","13003",9905,10619,10241,0.0339222614840989
"19158","19158",9905,10619,10241,0.0339222614840989
"13005","13005",2127,2128,2115,-0.00564174894217207
"13007","13007",4231,3962,3963,-0.0633419995272985
"13009","13009",6580,6581,6630,0.00759878419452888
"13010","13010",1862,1862,2029,0.0896885069817401
"13011","13011",1398,1403,1403,0.00357653791130186
"13012","13012",5790,5786,5786,-0.000690846286701209
"13013","13013",8928,9361,8999,0.00795250896057348
"13014","13014",7688,7688,7436,-0.0327783558792924
"13015","13015",2195,2184,2184,-0.00501138952164009
"13016","13016",10062,11361,11992,0.191810773206122
"13017","13017",4554,4177,4170,-0.0843214756258235
"13018","13018",4163,4163,4069,-0.0225798702858515
"13019","13019",1719,1719,1719,0
"13020","13020",1964,1964,2203,0.121690427698574
"13021","13021",2516,2510,2508,-0.00317965023847377
"13023","13023",2591,2403,2403,-0.0725588575839444
"13024","13024",2679,2674,2674,-0.00186636804777902
"13025","13025",2909,2890,2888,-0.00721897559298728
"13026","13026",4169,4163,3935,-0.0561285680019189
"13027","13027",2122,2090,2028,-0.0442978322337418
"13028","13028",1884,2097,2084,0.106157112526539
"13029","13029",8139,8009,8000,-0.017078265143138
"13030","13030",9406,9402,12212,0.298320221135445
"13032","13032",4871,4880,4865,-0.00123177992198727
"13034","13034",8671,5898,5929,-0.316226502133549
"13035","13035",1117,1117,1131,0.0125335720680394
"13036","13036",4750,4863,4894,0.0303157894736842
"13037","13037",2376,2301,2382,0.00252525252525253
"13038","13038",5058,5710,5710,0.128904705417161
"13039","13039",1200,1172,1172,-0.0233333333333333
"13040","13040",2232,1726,1712,-0.232974910394265
"13041","13041",4975,4741,4741,-0.047035175879397
"13042","13042",1432,1207,1213,-0.152932960893855
"13044","13044",964,964,1683,0.745850622406639
"13045","13045",3964,3964,3958,-0.00151362260343088
"13046","13046",3462,3101,3034,-0.123627960716349
"13050","13050",3212,3296,3304,0.0286425902864259
"16093","16093",3212,3296,3304,0.0286425902864259
"13051","13051",1121,1121,964,-0.140053523639607
"13053","13053",4285,4276,4280,-0.00116686114352392
"13055","13055",3458,3403,3495,0.0106998264893002
"13056","13056",8140,8097,8097,-0.00528255528255528
"13057","13057",4901,4877,4883,-0.00367271985309121
"13058","13058",1865,1865,1866,0.000536193029490617
"13059","13059",2479,2395,2395,-0.0338846308995563
"13060","13060",2035,2035,2086,0.0250614250614251
"13061","13061",726,726,610,-0.159779614325069
"13062","13062",3388,3388,3378,-0.00295159386068477
"13063","13063",5757,7137,7325,0.272364078513114
"13065","13065",1940,2010,2010,0.0360824742268041
"13066","13066",6118,6173,6094,-0.0039228506047728
"13067","13067",3062,2881,2881,-0.0591116917047681
"13068","13068",5858,5618,5010,-0.144759303516559
"13069","13069",7484,6633,6686,-0.106627471940139
"13070","13070",2447,2454,2449,0.00081732733959951
"13071","13071",8583,8586,8643,0.00699056274030059
"13072","13072",2315,2324,2325,0.00431965442764579
"13073","13073",4657,4655,4659,0.000429461026411853
"13074","13074",6316,7174,7164,0.134262191260291
"13075","13075",1611,1614,1614,0.00186219739292365
"13076","13076",3419,3416,5061,0.480257385200351
"13077","13077",3848,3848,1523,-0.604209979209979
"13078","13078",3813,3822,3370,-0.116181484395489
"13080","13080",4935,5551,5551,0.124822695035461
"13081","13081",7570,6435,6437,-0.149669749009247
"13083","13083",1150,1150,1152,0.00173913043478261
"13084","13084",4946,4936,4870,-0.0153659522846745
"13085","13085",6814,6997,6866,0.0076313472262988
"13086","13086",3017,3017,3008,-0.00298309579052038
"13088","13088",11312,8413,8338,-0.262906647807638
"13089","13089",3065,3075,3134,0.0225122349102773
"13090","13090",1216,1223,1223,0.00575657894736842
"13091","13091",1670,1670,1528,-0.0850299401197605
"13093","13093",3342,3413,3472,0.0388988629563136
"13094","13094",13189,13137,13142,-0.00356357570702858
"13095","13095",1999,1999,1995,-0.00200100050025012
"13096","13096",2717,2946,2947,0.0846521899153478
"13097","13097",1217,1257,1257,0.0328677074774035
"13098","13098",2303,2580,2300,-0.00130264871906209
"13099","13099",9482,9189,8636,-0.0892216831892006
"13100","13100",4025,4026,4026,0.000248447204968944
"13101","13101",1893,2129,2003,0.0581088219756999
"13102","13102",5244,5245,5056,-0.0358504958047292
"13103","13103",768,768,1202,0.565104166666667
"13104","13104",2589,2850,2849,0.100424874468907
"13105","13105",5244,5235,5240,-0.0007627765064836
"13106","13106",4475,4475,4223,-0.0563128491620112
"13107","13107",4011,3398,3434,-0.143854400398903
"13108","13108",4624,5064,5064,0.0951557093425606
"13109","13109",18207,17751,18094,-0.00620640413027956
"13110","13110",7498,7532,6107,-0.185516137636703
"13112","13112",6114,6139,7146,0.168792934249264
"13113","13113",1472,1476,1476,0.00271739130434783
"13114","13114",2304,2193,2158,-0.0633680555555556
"13115","13115",3940,3759,3717,-0.0565989847715736
"13116","13116",2249,2249,2141,-0.0480213428190307
"16625","16625",2249,2249,2141,-0.0480213428190307
"13117","13117",6624,6116,6585,-0.00588768115942029
"13118","13118",1768,1680,1680,-0.0497737556561086
"13119","13119",2735,2731,2731,-0.00146252285191956
"13120","13120",7035,7034,6780,-0.0362473347547974
"13122","13122",3133,3133,3134,0.000319182891797
"13123","13123",2164,2110,2074,-0.0415896487985213
"13124","13124",1788,1634,1640,-0.0827740492170022
"13125","13125",4718,4696,4696,-0.00466299279355659
"13126","13126",2136,1889,1607,-0.247659176029963
"13127","13127",2627,3223,3260,0.240959269128283
"13128","13128",3840,4433,4431,0.15390625
"13129","13129",9091,9013,9008,-0.00912990870091299
"13130","13130",1824,1585,1622,-0.110745614035088
"13131","13131",3124,2893,3123,-0.000320102432778489
"15400","15400",3124,2893,3123,-0.000320102432778489
"13132","13132",2333,2333,2352,0.00814402057436777
"13133","13133",6158,6172,6231,0.0118544982137057
"13134","13134",2480,2497,2496,0.00645161290322581
"15987","15987",2480,2497,2496,0.00645161290322581
"13135","13135",1336,1336,1336,0
"13136","13136",2868,2866,4012,0.398884239888424
"13138","13138",2928,2920,2908,-0.00683060109289617
"13140","13140",2500,2500,2501,4e-04
"13141","13141",4573,4446,4446,-0.0277717034769298
"13142","13142",6009,5729,5960,-0.00815443501414545
"13298","13298",6009,5729,5960,-0.00815443501414545
"13143","13143",2273,2273,2273,0
"13144","13144",6540,6540,6476,-0.00978593272171254
"13145","13145",2977,3298,3298,0.107826671145448
"13146","13146",9035,9765,9406,0.0410625345877144
"13147","13147",1036,1038,1038,0.00193050193050193
"13148","13148",10012,9916,9921,-0.00908909308829405
"13149","13149",3034,2936,2936,-0.032300593276203
"13150","13150",4240,4241,3956,-0.0669811320754717
"13151","13151",3407,3408,2945,-0.135603169944232
"13152","13152",4834,4324,4320,-0.106330161357054
"15431","15431",4834,4324,4320,-0.106330161357054
"13153","13153",3568,3566,3009,-0.156670403587444
"13154","13154",2114,2814,2814,0.33112582781457
"13156","13156",3456,3407,3496,0.0115740740740741
"13157","13157",4392,4296,4294,-0.0223132969034608
"13158","13158",5088,5065,5069,-0.00373427672955975
"13159","13159",3689,3574,3691,0.000542152344808891
"13160","13160",3209,2770,2770,-0.136802742287317
"13161","13161",2956,3347,3242,0.0967523680649526
"13162","13162",4025,4025,4025,0
"13163","13163",4129,4126,4125,-0.000968757568418503
"13164","13164",11502,11833,11810,0.0267779516605808
"13165","13165",1082,1082,1082,0
"13166","13166",7592,7593,7594,0.000263435194942044
"13168","13168",5683,5689,5692,0.00158367059651592
"13169","13169",1724,1757,1757,0.0191415313225058
"13170","13170",3682,3670,3678,-0.00108636610537751
"13171","13171",3750,2683,2683,-0.284533333333333
"13172","13172",4049,4085,4088,0.00963200790318597
"13173","13173",1036,1036,1036,0
"13176","13176",5787,5323,5324,-0.0800069120442371
"13177","13177",1364,1364,1377,0.00953079178885631
"13178","13178",1802,1802,1975,0.0960044395116537
"13179","13179",3796,3796,3694,-0.0268703898840885
"13180","13180",983,983,984,0.00101729399796541
"13181","13181",6382,7092,7041,0.103259166405516
"13182","13182",2467,2466,2467,0
"13183","13183",4272,4276,3589,-0.159878277153558
"13184","13184",2048,2283,2283,0.11474609375
"13185","13185",3703,3418,3469,-0.0631920064812314
"13186","13186",3345,3352,3346,0.000298953662182362
"13187","13187",2465,2465,2509,0.0178498985801217
"13188","13188",3921,3612,3617,-0.0775312420300944
"13189","13189",3551,3857,3856,0.0858912982258519
"13190","13190",4594,4335,4391,-0.044188071397475
"13191","13191",1737,1513,1513,-0.128957973517559
"13192","13192",6806,6840,6057,-0.110049955921246
"13193","13193",13924,12590,12556,-0.0982476299913818
"13194","13194",2499,2499,2483,-0.00640256102440976
"13198","13198",5529,5760,5721,0.0347259902333152
"13200","13200",3003,2692,2696,-0.102231102231102
"13201","13201",1014,1015,1089,0.0739644970414201
"13202","13202",4099,4041,4041,-0.0141497926323494
"13203","13203",1277,1277,1277,0
"13205","13205",3400,3304,3282,-0.0347058823529412
"13206","13206",1709,1719,1719,0.00585137507314219
"13207","13207",3356,3287,3297,-0.017580452920143
"13208","13208",3017,3017,3017,0
"13209","13209",1977,1908,1908,-0.0349013657056146
"13210","13210",1596,1594,1594,-0.0012531328320802
"13211","13211",1178,1178,1178,0
"13212","13212",4649,5461,4378,-0.0582921058292106
"13213","13213",2284,2299,2299,0.00656742556917688
"13214","13214",2750,3094,3076,0.118545454545455
"13215","13215",2685,2685,2685,0
"13216","13216",2629,2629,2607,-0.00836820083682008
"13217","13217",2804,2804,3167,0.129457917261056
"13218","13218",5224,4340,5217,-0.00133996937212864
"13219","13219",8673,8678,8677,0.000461201429724432
"13220","13220",3517,3364,3396,-0.034404321865226
"13221","13221",3820,3665,3665,-0.0405759162303665
"13222","13222",2486,2486,2961,0.191069991954948
"13223","13223",3892,3892,4823,0.239208633093525
"13224","13224",4858,3985,3697,-0.238987237546315
"13645","13645",4858,3985,3697,-0.238987237546315
"13225","13225",6883,8287,8248,0.198314688362633
"13226","13226",5049,3939,4335,-0.141414141414141
"13227","13227",3908,3974,3873,-0.00895598771750256
"13228","13228",2932,2929,3055,0.0419508867667121
"13230","13230",7732,7734,7622,-0.0142265907915158
"13231","13231",1334,1334,1341,0.00524737631184408
"13232","13232",4794,4794,4156,-0.133083020442219
"13233","13233",3379,3374,3390,0.00325540100621486
"13234","13234",4509,4509,4507,-0.000443557329784875
"13235","13235",4874,4874,4733,-0.0289290110791957
"13236","13236",4128,4159,4159,0.00750968992248062
"13237","13237",2995,2850,3484,0.163272120200334
"13238","13238",4669,4169,4166,-0.107731848361534
"13239","13239",2491,2491,1670,-0.329586511441188
"13240","13240",2527,2527,3355,0.327661258409181
"13241","13241",4491,4491,4402,-0.0198174126029837
"13242","13242",2473,2756,2763,0.117266477961989
"13243","13243",4160,4160,4160,0
"13244","13244",4509,4689,4652,0.0317143490796185
"13245","13245",4447,4447,4420,-0.00607150888239262
"13247","13247",3126,3148,3093,-0.0105566218809981
"13248","13248",2339,2343,3037,0.298418127404874
"13249","13249",3580,5858,5818,0.625139664804469
"13251","13251",2556,2625,2596,0.0156494522691706
"13252","13252",2941,2938,2914,-0.00918055083304998
"13253","13253",5134,6188,6188,0.205298013245033
"13254","13254",1432,1432,1432,0
"13255","13255",3947,3060,2935,-0.256397263744616
"13256","13256",10669,10670,10668,-9.37294966726029e-05
"13257","13257",5197,4910,4916,-0.0540696555705215
"13258","13258",2882,2911,2885,0.00104094378903539
"13259","13259",8546,8564,8331,-0.0251579686402996
"13260","13260",601,601,601,0
"13261","13261",1965,1959,2135,0.0865139949109415
"13262","13262",4524,4524,4701,0.0391246684350133
"13263","13263",2610,2522,2522,-0.0337164750957854
"13264","13264",6914,7182,7113,0.0287821810818629
"13265","13265",3297,3297,3226,-0.021534728541098
"13266","13266",1676,1355,1462,-0.127684964200477
"18011","18011",1676,1355,1462,-0.127684964200477
"13267","13267",3021,3021,3021,0
"13268","13268",8817,8817,8832,0.00170125893160939
"13269","13269",636,639,639,0.00471698113207547
"13270","13270",11635,11373,11230,-0.0348087666523421
"13272","13272",1213,1213,1188,-0.0206100577081616
"13273","13273",2693,2823,2721,0.0103973264017824
"13275","13275",2992,2683,3363,0.123997326203209
"13276","13276",7169,7082,7805,0.0887153019946994
"13277","13277",8701,8703,9660,0.110217216411907
"13278","13278",2671,2765,2765,0.0351928116810183
"13279","13279",6711,6661,6662,-0.00730144538816868
"13280","13280",5399,5183,4981,-0.0774217447675496
"13282","13282",1724,1291,1291,-0.251160092807425
"13284","13284",1428,1473,1471,0.0301120448179272
"19399","19399",1428,1473,1471,0.0301120448179272
"13285","13285",2257,2384,2384,0.0562693841382366
"13286","13286",1856,1856,1764,-0.0495689655172414
"13289","13289",2294,2294,2294,0
"13290","13290",547,547,547,0
"13291","13291",1318,1319,1319,0.000758725341426404
"13292","13292",3257,3072,2616,-0.196806877494627
"13295","13295",3909,3610,3610,-0.0764901509337426
"13296","13296",4127,4128,4111,-0.00387690816573782
"13299","13299",4258,4228,4228,-0.00704556129638328
"13300","13300",3999,3999,4250,0.0627656914228557
"13301","13301",1071,1071,1071,0
"13302","13302",3152,3152,3155,0.000951776649746193
"13303","13303",1996,1997,1988,-0.00400801603206413
"13304","13304",8634,8096,8099,-0.06196432707899
"13305","13305",8668,8667,8536,-0.0152284263959391
"13306","13306",5402,5402,4786,-0.114031840059237
"13307","13307",4013,4012,3979,-0.00847246449040618
"13308","13308",1553,1615,1645,0.0592401802962009
"13309","13309",4022,4002,4118,0.0238687220288414
"13310","13310",4994,4990,4976,-0.00360432519022827
"13311","13311",4190,4183,3059,-0.269928400954654
"13312","13312",1146,1146,1161,0.0130890052356021
"13313","13313",3272,3199,3008,-0.0806845965770171
"13314","13314",2119,1881,1781,-0.159509202453988
"13315","13315",4293,4403,4403,0.0256231073841137
"13316","13316",2259,2249,2365,0.0469234174413457
"13317","13317",4189,3587,3587,-0.143709715922655
"13318","13318",4127,4127,6566,0.59098618851466
"13319","13319",3996,3994,3995,-0.00025025025025025
"13320","13320",6730,6675,6326,-0.0600297176820208
"13321","13321",7562,8132,8364,0.106056598783391
"13322","13322",1949,1977,2168,0.112365315546434
"15829","15829",1949,1977,2168,0.112365315546434
"13323","13323",3628,3698,3623,-0.00137816979051819
"13324","13324",3361,4328,5128,0.525736387979768
"13326","13326",3103,3107,3107,0.00128907508862391
"13327","13327",7434,5904,5825,-0.216437987624428
"13328","13328",2471,2272,2272,-0.0805341966815055
"13329","13329",12068,11728,11578,-0.0406032482598608
"13330","13330",6975,6975,7266,0.0417204301075269
"13331","13331",5891,5891,5886,-0.000848752334068919
"13332","13332",8483,8612,8842,0.0423199339856183
"13334","13334",6808,6705,6663,-0.0212984723854289
"13335","13335",6201,6289,6277,0.0122560877277858
"13336","13336",4111,4345,4348,0.0576502067623449
"13337","13337",3859,3914,3914,0.0142523969940399
"13338","13338",5442,5971,5962,0.095553105475928
"13339","13339",1741,1664,1664,-0.0442274554853532
"13341","13341",4865,4784,4779,-0.0176772867420349
"13342","13342",8016,8031,7642,-0.0466566866267465
"13343","13343",10503,11370,11354,0.0810244691992764
"13344","13344",2588,3104,2938,0.135239567233385
"13345","13345",1809,1826,1814,0.00276395798783858
"13347","13347",3381,3375,3372,-0.00266193433895297
"13348","13348",1728,1701,1702,-0.0150462962962963
"13349","13349",2829,2488,2484,-0.121951219512195
"13350","13350",4320,4371,4129,-0.044212962962963
"13351","13351",1803,1803,1803,0
"13353","13353",2763,2763,2763,0
"13354","13354",7182,7044,7037,-0.0201893622946255
"15592","15592",7182,7044,7037,-0.0201893622946255
"13355","13355",3353,2810,2778,-0.171488219504921
"13357","13357",3831,3817,4039,0.054293918037066
"13359","13359",1263,1832,1833,0.451306413301663
"13360","13360",3998,3998,3988,-0.00250125062531266
"13361","13361",2549,2549,2266,-0.111023930953315
"13362","13362",4016,3598,3598,-0.104083665338645
"13363","13363",1708,1708,1597,-0.0649882903981265
"13364","13364",2566,3522,3522,0.372564302416212
"13365","13365",6586,6057,6052,-0.0810810810810811
"13366","13366",7118,7140,7159,0.00576004495644844
"13367","13367",2461,2461,2463,0.000812677773262901
"13368","13368",4424,4420,4420,-0.000904159132007233
"13369","13369",1047,1013,1035,-0.0114613180515759
"13370","13370",1608,1611,1611,0.00186567164179104
"13371","13371",6398,6385,6376,-0.0034385745545483
"13372","13372",4957,6057,6058,0.222110147266492
"13373","13373",2784,2659,2673,-0.0398706896551724
"13374","13374",7803,7526,7119,-0.0876585928489043
"13375","13375",2788,2788,2403,-0.138091822094692
"13376","13376",3525,3525,3531,0.00170212765957447
"13377","13377",5704,5225,6232,0.0925666199158485
"13378","13378",8055,5592,5517,-0.315083798882682
"13379","13379",1205,1205,1205,0
"13380","13380",5997,6049,6052,0.00917125229281307
"13383","13383",5059,5059,5060,0.000197667523225934
"13384","13384",2049,2101,2101,0.025378233284529
"13385","13385",2204,2204,2382,0.0807622504537205
"13386","13386",3480,3384,3382,-0.0281609195402299
"13387","13387",5501,5882,5821,0.0581712415924377
"13388","13388",2267,2270,2277,0.00441111601235112
"13389","13389",3823,3759,3770,-0.0138634580172639
"15861","15861",3823,3759,3770,-0.0138634580172639
"13390","13390",3837,4010,4010,0.0450873077925463
"13391","13391",2189,1186,1186,-0.45820009136592
"13392","13392",3377,3467,3334,-0.0127331951436186
"13393","13393",1507,1468,1684,0.117451891174519
"13394","13394",6841,7096,7097,0.0374214296155533
"13395","13395",2829,2610,2610,-0.0774125132555673
"13396","13396",6634,6635,6636,0.000301477238468496
"13397","13397",6498,5725,5914,-0.0898738073253309
"13398","13398",3118,2841,2858,-0.0833867864015394
"13399","13399",10840,10464,10817,-0.00212177121771218
"13400","13400",1905,1905,1905,0
"13401","13401",8569,8569,8573,0.000466798926362469
"13402","13402",6299,6164,6162,-0.0217494840450865
"13403","13403",2086,2086,2101,0.00719079578139981
"14670","14670",2086,2086,2101,0.00719079578139981
"13404","13404",2343,2365,2365,0.00938967136150235
"13405","13405",6158,6501,6500,0.055537512179279
"13406","13406",5480,5480,5429,-0.00930656934306569
"13407","13407",10552,11622,11444,0.0845337376800607
"13408","13408",1324,2324,2324,0.755287009063444
"13409","13409",2180,2140,2170,-0.00458715596330275
"13410","13410",1865,1890,1891,0.013941018766756
"13411","13411",9664,9775,9783,0.0123137417218543
"13413","13413",3719,3130,3132,-0.157838128529175
"13415","13415",2412,2412,2078,-0.138474295190713
"13416","13416",2865,2897,2897,0.0111692844677138
"13417","13417",2722,2722,2579,-0.0525349008082292
"13418","13418",887,890,919,0.0360766629086809
"14565","14565",887,890,919,0.0360766629086809
"13419","13419",2782,2782,2782,0
"13420","13420",5249,5249,2595,-0.505620118117737
"13421","13421",5033,5289,5295,0.0520564275779853
"13422","13422",2211,2254,2256,0.0203527815468114
"13423","13423",1482,1482,1207,-0.185560053981107
"16804","16804",1482,1482,1207,-0.185560053981107
"13424","13424",6208,7347,6141,-0.0107925257731959
"13425","13425",6094,5866,5983,-0.0182146373482114
"13426","13426",4802,4797,4760,-0.0087463556851312
"13427","13427",5747,6527,6380,0.11014442317731
"13428","13428",3273,4546,2565,-0.216315307057745
"13429","13429",5398,5399,5302,-0.0177843645794739
"13430","13430",10739,10755,10755,0.00148989663842071
"13431","13431",2921,2920,2921,0
"13432","13432",909,907,911,0.0022002200220022
"13433","13433",4259,4286,4131,-0.0300540032871566
"13434","13434",12456,12457,12422,-0.0027296082209377
"13436","13436",1671,1671,1671,0
"13438","13438",1736,1981,1981,0.141129032258065
"13439","13439",6945,7537,7512,0.0816414686825054
"13440","13440",1996,1964,1996,0
"19021","19021",1996,1964,1996,0
"13441","13441",3821,3822,3815,-0.00157026956294164
"13442","13442",4815,4815,4818,0.000623052959501558
"13444","13444",6161,6161,6301,0.0227235838337932
"13445","13445",5641,5385,5355,-0.050700230455593
"13446","13446",1781,1726,1726,-0.0308815272318922
"13447","13447",1411,1411,1737,0.231041814316088
"13448","13448",1986,1786,1788,-0.0996978851963746
"13449","13449",2330,2179,2193,-0.0587982832618026
"13450","13450",5816,5818,5803,-0.00223521320495186
"13451","13451",3457,3457,3416,-0.011859994214637
"13452","13452",7596,7630,7615,0.00250131648235914
"13453","13453",2346,2416,2418,0.030690537084399
"13677","13677",2346,2416,2418,0.030690537084399
"13454","13454",3104,3034,3006,-0.0315721649484536
"13455","13455",7512,7513,7507,-0.000665601703940362
"13456","13456",2812,2815,2816,0.00142247510668563
"13457","13457",3007,2393,3011,0.00133022946458264
"13458","13458",898,898,905,0.00779510022271715
"13459","13459",5425,5401,5407,-0.00331797235023041
"13460","13460",2535,2103,2231,-0.119921104536489
"13461","13461",4334,4334,3048,-0.29672358098754
"13462","13462",2510,2511,2494,-0.00637450199203187
"13463","13463",3843,3439,3500,-0.0892531876138433
"13464","13464",3445,3413,3067,-0.109724238026125
"13465","13465",3148,3160,3160,0.00381194409148666
"13466","13466",3902,3902,4194,0.0748334187596105
"13467","13467",4219,4265,4023,-0.0464565062811093
"13468","13468",1347,1220,1220,-0.0942835931700074
"13469","13469",3432,3432,3525,0.0270979020979021
"13470","13470",5406,5407,5401,-0.000924898261191269
"13471","13471",6339,6324,6467,0.0201924593784509
"13472","13472",1904,1904,1904,0
"13473","13473",2898,3341,3342,0.153209109730849
"13474","13474",1015,1015,1018,0.00295566502463054
"13475","13475",1973,1976,1983,0.00506842372022301
"13476","13476",2098,2098,2098,0
"13477","13477",3200,3200,3181,-0.0059375
"13478","13478",3536,3535,3788,0.0712669683257919
"13479","13479",1960,1954,1762,-0.101020408163265
"13480","13480",4182,4182,4189,0.00167384026781444
"13481","13481",1604,1488,1488,-0.0723192019950125
"13482","13482",3516,3532,3514,-0.000568828213879408
"13484","13484",3067,3068,2228,-0.273557222041083
"13485","13485",2789,3416,3415,0.224453209035497
"13486","13486",6639,6630,6130,-0.0766681729176081
"13487","13487",5532,5536,5536,0.000723065798987708
"13488","13488",3291,3334,3333,0.0127620783956244
"13489","13489",2297,2297,2292,-0.0021767522855899
"13490","13490",2774,2778,2778,0.00144196106705119
"13492","13492",2912,2986,2988,0.0260989010989011
"13983","13983",2912,2986,2988,0.0260989010989011
"13493","13493",1227,1227,1016,-0.171964140179299
"13494","13494",2919,3237,3488,0.194929770469339
"13496","13496",3506,2775,2775,-0.208499714774672
"13497","13497",2007,1925,1925,-0.0408570004982561
"13498","13498",2402,2402,2389,-0.00541215653621982
"13499","13499",2807,2581,2582,-0.0801567509796936
"13500","13500",2178,2096,2114,-0.0293847566574839
"13501","13501",11390,11181,11144,-0.0215978928884987
"13502","13502",1652,1875,1879,0.137409200968523
"13503","13503",2201,2201,2201,0
"13504","13504",3961,3952,3635,-0.0823024488765463
"13505","13505",8049,8048,8047,-0.000248478071810163
"13506","13506",1596,1525,2373,0.486842105263158
"13507","13507",3570,3578,3854,0.0795518207282913
"13508","13508",5518,5534,5847,0.0596230518303733
"13510","13510",1520,1521,1618,0.0644736842105263
"13511","13511",1635,1635,1635,0
"13512","13512",2192,2197,1954,-0.108576642335766
"13513","13513",3736,2807,2802,-0.25
"13514","13514",1682,1682,1682,0
"13515","13515",1210,1247,1193,-0.0140495867768595
"13517","13517",3821,3784,3750,-0.0185815231614761
"13518","13518",3071,3094,3093,0.00716379029632042
"13520","13520",7002,7368,7364,0.0516995144244502
"13521","13521",2180,2181,2180,0
"13523","13523",1936,1936,2103,0.0862603305785124
"13524","13524",5390,5392,5376,-0.0025974025974026
"13526","13526",5123,4851,4851,-0.0530938902986531
"13529","13529",2577,2539,5173,1.00737291424137
"13530","13530",7323,7636,8461,0.155400792025126
"13531","13531",4286,4286,4300,0.00326644890340644
"13532","13532",3155,3156,3156,0.000316957210776545
"13533","13533",1929,2363,2208,0.144634525660964
"13534","13534",2340,2446,2397,0.0243589743589744
"13535","13535",2707,2710,2692,-0.0055411895086812
"13536","13536",3623,3626,3821,0.0546508418437759
"13538","13538",4017,3854,3854,-0.0405775454319144
"13539","13539",7154,7258,7242,0.012300810735253
"13540","13540",10368,10818,10779,0.0396412037037037
"13541","13541",1560,1916,1916,0.228205128205128
"13542","13542",4310,4229,3999,-0.0721577726218098
"13543","13543",3346,3346,3350,0.00119545726240287
"13544","13544",2497,2468,2468,-0.0116139367240689
"13545","13545",1740,1740,1787,0.0270114942528736
"13547","13547",4547,4485,4471,-0.0167143171321751
"13548","13548",4246,4516,4516,0.0635892604804522
"13550","13550",6870,6870,6873,0.000436681222707424
"13551","13551",1357,1357,1357,0
"13552","13552",3564,5039,5003,0.403759820426487
"13554","13554",4477,4407,4720,0.0542774179137816
"13557","13557",5990,7452,7453,0.24424040066778
"13559","13559",9609,8882,9769,0.0166510563013841
"13560","13560",941,941,631,-0.329436769394261
"13561","13561",5777,5730,5730,-0.00813571057642375
"13562","13562",533,533,568,0.0656660412757974
"13563","13563",3869,4258,4259,0.100801240630654
"13564","13564",6590,7796,7792,0.182397572078907
"13565","13565",1839,1830,1603,-0.128330614464383
"13566","13566",2376,2376,2377,0.000420875420875421
"13567","13567",2279,2279,2209,-0.0307152259763054
"13568","13568",2266,2233,2232,-0.0150044130626655
"13570","13570",2189,2189,2189,0
"13571","13571",5850,5893,5894,0.00752136752136752
"13572","13572",4673,4673,6700,0.433768457093944
"13573","13573",2327,2536,2530,0.0872367855608079
"13575","13575",2954,2954,3669,0.242044685172647
"13576","13576",3358,3366,3387,0.00863609291244789
"13577","13577",7875,7858,7292,-0.074031746031746
"13578","13578",3849,3566,3569,-0.0727461678358015
"13579","13579",3857,3577,4724,0.224786103189007
"13580","13580",4711,4711,4705,-0.00127361494374867
"13581","13581",8361,8362,8324,-0.00442530797751465
"13582","13582",1872,1872,1872,0
"13583","13583",1808,1808,1864,0.0309734513274336
"13584","13584",2412,2345,2356,-0.0232172470978441
"13585","13585",1809,1809,1808,-0.000552791597567717
"13586","13586",4146,4161,4437,0.0701881331403763
"13587","13587",11618,11558,11814,0.0168703735582716
"13588","13588",2698,2574,2574,-0.0459599703484062
"19135","19135",2698,2574,2574,-0.0459599703484062
"13589","13589",2197,2197,2198,0.000455166135639508
"13590","13590",2424,2424,2424,0
"13592","13592",2531,2533,2518,-0.00513630975898854
"13593","13593",2919,2411,2344,-0.196985268927715
"13594","13594",6000,6113,5890,-0.0183333333333333
"13596","13596",1998,1775,1558,-0.22022022022022
"13597","13597",5062,4980,5886,0.162781509284868
"13598","13598",1908,2035,2104,0.10272536687631
"13599","13599",4118,4117,4117,-0.000242836328314716
"13600","13600",4971,4974,4974,0.000603500301750151
"13601","13601",2765,3121,3121,0.12875226039783
"13602","13602",5246,5246,5246,0
"13603","13603",4562,4556,4556,-0.00131521262604121
"13604","13604",2478,2478,2765,0.115819209039548
"13605","13605",3754,3754,3613,-0.0375599360681939
"13606","13606",7066,7294,7180,0.016133597509199
"13607","13607",1968,1662,1750,-0.110772357723577
"14682","14682",1968,1662,1750,-0.110772357723577
"13609","13609",5583,6653,6449,0.15511373813362
"13610","13610",12200,11817,12033,-0.0136885245901639
"13611","13611",5413,5413,5413,0
"13612","13612",1170,1170,1479,0.264102564102564
"13614","13614",4189,4181,4346,0.037479111959895
"13615","13615",2597,2726,2666,0.0265691182133231
"13616","13616",2914,2914,2630,-0.0974605353466026
"13617","13617",2862,2823,2636,-0.0789657582110412
"13618","13618",7928,4533,4533,-0.428229061553986
"13619","13619",3048,3048,3043,-0.00164041994750656
"13620","13620",3520,3524,3604,0.0238636363636364
"13621","13621",4220,4225,4147,-0.0172985781990521
"13623","13623",5276,5307,5213,-0.0119408642911296
"13624","13624",2977,2977,2979,0.000671817265703729
"13625","13625",2196,2196,2445,0.113387978142077
"13626","13626",2959,2878,2789,-0.0574518418384589
"13628","13628",5502,5500,5574,0.0130861504907306
"13630","13630",2013,2013,2010,-0.0014903129657228
"13631","13631",2189,2189,2161,-0.0127912288716309
"13632","13632",5257,5320,5321,0.0121742438653224
"13633","13633",1631,1600,1608,-0.0141017780502759
"13634","13634",1284,1119,1119,-0.128504672897196
"17303","17303",1284,1119,1119,-0.128504672897196
"13636","13636",8071,8658,8659,0.0728534258456201
"13637","13637",1038,1040,1274,0.227360308285164
"13638","13638",1538,1538,1139,-0.259427828348505
"13639","13639",3259,3597,3323,0.0196379257440933
"13640","13640",7869,8412,8413,0.0691320371076376
"13641","13641",3334,3310,3346,0.00359928014397121
"13642","13642",1869,1869,1845,-0.0128410914927769
"13643","13643",4007,3976,3956,-0.0127277264786623
"13644","13644",2461,2461,2469,0.0032507110930516
"13646","13646",2445,2444,2442,-0.00122699386503067
"13647","13647",2515,2515,2513,-0.000795228628230616
"13648","13648",3647,3700,3478,-0.0463394570880175
"13649","13649",2352,2699,2698,0.147108843537415
"13650","13650",2070,2097,2099,0.0140096618357488
"13651","13651",2422,2656,3018,0.246077621800165
"13652","13652",7200,8450,8450,0.173611111111111
"13653","13653",6110,6148,6147,0.0060556464811784
"13654","13654",3140,3126,3126,-0.00445859872611465
"13655","13655",6902,7172,7173,0.0392639814546508
"13656","13656",6909,6910,6754,-0.0224345057171805
"13657","13657",9604,5290,5228,-0.455643481882549
"13658","13658",2844,2844,2850,0.00210970464135021
"13659","13659",3280,1805,1805,-0.44969512195122
"13660","13660",6262,6631,6273,0.00175662727563079
"13661","13661",3240,3232,3242,0.000617283950617284
"13663","13663",5194,5660,7224,0.390835579514825
"13664","13664",2201,2203,2264,0.0286233530213539
"13665","13665",4920,4920,4919,-0.000203252032520325
"13668","13668",2930,2751,4401,0.502047781569966
"13669","13669",1564,1734,1531,-0.0210997442455243
"13670","13670",1087,1076,1061,-0.0239190432382705
"13671","13671",7924,8494,8727,0.101337708228168
"13672","13672",4050,4053,4053,0.000740740740740741
"13673","13673",2054,2054,2061,0.00340798442064265
"13674","13674",2765,2749,2749,-0.00578661844484629
"13675","13675",793,793,793,0
"13676","13676",5594,5025,5024,-0.101894887379335
"13678","13678",9900,9899,9842,-0.00585858585858586
"13679","13679",7180,7061,7062,-0.0164345403899721
"13680","13680",2705,2735,2909,0.0754158964879852
"13681","13681",3070,2889,2882,-0.0612377850162866
"13682","13682",6079,6083,5989,-0.0148050666227998
"13684","13684",2924,3879,2848,-0.0259917920656635
"13686","13686",3922,3638,2709,-0.3092809790923
"13687","13687",3768,3953,3953,0.0490976645435244
"13688","13688",3546,3576,3037,-0.143542019176537
"13689","13689",1869,1918,1926,0.0304975922953451
"13690","13690",1954,1954,2307,0.180655066530194
"16332","16332",1954,1954,2307,0.180655066530194
"13691","13691",4138,4276,4275,0.0331077815369744
"13692","13692",16353,16469,16447,0.00574818076193971
"13693","13693",6045,6368,6232,0.0309346567411084
"13694","13694",6839,6834,6820,-0.0027781839450212
"13695","13695",5389,5439,6674,0.238448691779551
"13696","13696",4006,3676,3365,-0.160009985022466
"14066","14066",4006,3676,3365,-0.160009985022466
"13697","13697",4312,4843,4843,0.123144712430427
"13698","13698",9355,9440,9258,-0.0103687867450561
"13699","13699",4281,4347,4274,-0.00163513197850969
"13700","13700",2853,2726,2726,-0.0445145460918332
"13701","13701",4611,4666,4477,-0.0290609412274995
"13703","13703",3622,3387,2735,-0.244892324682496
"13705","13705",1877,1814,1646,-0.123068726691529
"13706","13706",11384,12296,11614,0.0202037947997189
"13707","13707",2306,2206,1677,-0.272766695576756
"13708","13708",1792,1559,1791,-0.000558035714285714
"13709","13709",5230,5189,5154,-0.0145315487571702
"13710","13710",8784,7182,7183,-0.18226320582878
"13714","13714",5129,5109,5121,-0.00155975823747319
"13716","13716",4557,4557,4557,0
"13717","13717",6020,6020,6034,0.00232558139534884
"13718","13718",884,884,884,0
"13719","13719",1841,1837,1837,-0.00217273221075502
"13721","13721",2004,1960,1946,-0.0289421157684631
"13722","13722",3093,2948,2891,-0.0653087617200129
"13723","13723",2026,2026,1954,-0.035538005923001
"13724","13724",4542,4524,4837,0.0649493615147512
"13725","13725",3836,3526,3496,-0.0886339937434828
"13727","13727",5460,3461,3461,-0.366117216117216
"13729","13729",587,587,523,-0.109028960817717
"13730","13730",3296,3297,3297,0.000303398058252427
"13731","13731",1063,1063,1151,0.0827845719661336
"13732","13732",1961,1961,1647,-0.160122386537481
"13734","13734",2124,2193,2193,0.0324858757062147
"13735","13735",7672,7689,7144,-0.0688216892596455
"13736","13736",6390,6390,5921,-0.07339593114241
"13737","13737",5901,5901,5808,-0.0157600406710727
"13738","13738",2319,2320,2460,0.0608020698576973
"13740","13740",5409,5409,5409,0
"13741","13741",1219,1219,1228,0.007383100902379
"13742","13742",2707,2708,2708,0.00036941263391208
"13743","13743",2575,2575,2663,0.0341747572815534
"13744","13744",3423,3223,3423,0
"13746","13746",6833,6833,6823,-0.00146348602370847
"13747","13747",1146,1081,1081,-0.0567190226876091
"13748","13748",5072,5073,4532,-0.106466876971609
"13750","13750",5521,5521,5330,-0.0345951820322405
"13751","13751",4091,3487,3490,-0.1469078464923
"13752","13752",2482,2406,2202,-0.112812248186946
"13753","13753",8449,8238,8015,-0.0513670256835128
"13754","13754",4635,4635,4336,-0.0645091693635383
"13755","13755",3466,3466,3469,0.000865551067512983
"13756","13756",2644,1912,1938,-0.267019667170953
"13757","13757",2320,2310,2605,0.122844827586207
"14133","14133",2320,2310,2605,0.122844827586207
"13758","13758",759,760,761,0.00263504611330698
"13760","13760",4681,4681,4156,-0.11215552232429
"13761","13761",4550,4548,5458,0.19956043956044
"13762","13762",3484,3480,3483,-0.000287026406429392
"13763","13763",2462,2334,2293,-0.0686433793663688
"13765","13765",3728,3713,3713,-0.00402360515021459
"13766","13766",2759,2783,2674,-0.0308082638637187
"13767","13767",2597,2340,2543,-0.0207932229495572
"13768","13768",2501,4398,4398,0.758496601359456
"13769","13769",2468,2468,2468,0
"13771","13771",3815,3692,3692,-0.0322411533420708
"13772","13772",6314,6253,5775,-0.0853658536585366
"13773","13773",665,665,641,-0.0360902255639098
"13775","13775",2685,2674,2681,-0.00148975791433892
"13776","13776",2550,2506,2503,-0.0184313725490196
"13778","13778",2421,2241,2241,-0.0743494423791822
"13780","13780",3645,3645,3651,0.00164609053497942
"13781","13781",3236,3236,3383,0.0454264524103832
"13782","13782",10271,10251,10258,-0.00126569954240093
"13783","13783",3625,3092,2900,-0.2
"13785","13785",5373,5297,5295,-0.0145170295924065
"13786","13786",1202,1202,1207,0.00415973377703827
"13787","13787",10174,10613,10575,0.0394141930410851
"13788","13788",2345,2345,2456,0.0473347547974414
"13789","13789",2149,2149,2149,0
"13790","13790",3415,3415,3230,-0.0541727672035139
"13791","13791",3043,3027,3028,-0.00492934604009201
"13792","13792",3894,3393,2798,-0.28145865434001
"13793","13793",1954,1842,1842,-0.0573183213920164
"13794","13794",5778,6055,6057,0.0482866043613707
"13795","13795",2314,2312,1492,-0.355229040622299
"17994","17994",2314,2312,1492,-0.355229040622299
"13796","13796",3022,3020,3023,0.000330906684315023
"13797","13797",3210,3032,3032,-0.0554517133956386
"13798","13798",1922,1886,1886,-0.0187304890738814
"13799","13799",3238,3158,3286,0.0148239654107474
"13800","13800",7906,7887,7740,-0.0209967113584619
"13801","13801",10495,7288,7259,-0.308337303477847
"13802","13802",3744,3568,3436,-0.0822649572649573
"13803","13803",5612,5931,6013,0.0714540270848183
"13804","13804",1804,1839,1871,0.037139689578714
"13805","13805",575,575,576,0.00173913043478261
"13806","13806",5482,5488,5979,0.0906603429405327
"16531","16531",5482,5488,5979,0.0906603429405327
"13807","13807",3772,3775,3743,-0.00768822905620361
"13808","13808",6850,6541,6540,-0.0452554744525547
"13809","13809",1025,962,962,-0.0614634146341463
"13810","13810",5114,5054,5033,-0.0158388736800939
"13811","13811",3185,3440,3440,0.0800627943485086
"13812","13812",5187,5193,5196,0.00173510699826489
"13813","13813",6695,7357,7205,0.0761762509335325
"13814","13814",1287,1304,1207,-0.0621600621600622
"13815","13815",4140,4167,4166,0.00628019323671498
"13816","13816",4429,4387,4390,-0.00880559945811696
"13817","13817",2331,2331,2327,-0.00171600171600172
"13818","13818",4230,4163,4164,-0.0156028368794326
"13819","13819",2859,2859,2718,-0.0493179433368311
"13820","13820",4905,4908,4735,-0.0346585117227319
"13821","13821",1771,1679,1685,-0.0485601355166573
"19843","19843",1771,1679,1685,-0.0485601355166573
"13822","13822",1928,1935,1829,-0.0513485477178423
"13823","13823",1514,1365,1366,-0.0977542932628798
"13824","13824",2356,2698,2698,0.145161290322581
"13825","13825",3977,3961,4202,0.0565753080211214
"13826","13826",2599,4148,4183,0.609465178914967
"13827","13827",5256,5230,5231,-0.00475646879756469
"13829","13829",1359,1359,1556,0.144959529065489
"16295","16295",1359,1359,1556,0.144959529065489
"13830","13830",2952,2952,3199,0.0836720867208672
"13831","13831",3584,3584,3579,-0.00139508928571429
"13832","13832",11411,11407,12237,0.0723862939269126
"13833","13833",3015,3004,2422,-0.196683250414594
"13834","13834",11206,11202,11199,-0.000624665357844012
"13836","13836",4378,4420,4266,-0.0255824577432618
"13837","13837",1420,1438,1442,0.0154929577464789
"13838","13838",6884,6884,8049,0.169233004067403
"13839","13839",2448,2448,2383,-0.0265522875816993
"13840","13840",4801,4863,4849,0.00999791710060404
"13841","13841",3649,3526,3478,-0.0468621540147986
"13842","13842",1875,1939,1939,0.0341333333333333
"13843","13843",5197,5360,6708,0.290744660380989
"13844","13844",3384,3275,3275,-0.032210401891253
"13845","13845",4864,4897,4997,0.02734375
"13846","13846",2648,2641,2653,0.00188821752265861
"13848","13848",4627,4847,3377,-0.270153447157986
"13849","13849",6491,5833,5842,-0.0999845940533046
"13850","13850",6742,6742,6721,-0.00311480272916049
"13851","13851",2640,2634,2580,-0.0227272727272727
"13852","13852",2838,2851,2923,0.0299506694855532
"13853","13853",3966,3941,3941,-0.00630358043368633
"13854","13854",2475,2475,2475,0
"13856","13856",2339,2339,2341,0.000855066267635742
"13857","13857",2735,2738,2739,0.00146252285191956
"16309","16309",2735,2738,2739,0.00146252285191956
"13858","13858",5966,5493,5489,-0.0799530673818304
"13859","13859",2665,2665,2640,-0.00938086303939963
"13860","13860",3106,3856,3856,0.241468126207341
"13861","13861",1437,1261,1261,-0.122477383437717
"13862","13862",10201,10201,8966,-0.121066562101755
"13863","13863",4499,4498,4498,-0.000222271615914648
"13864","13864",1394,1326,1305,-0.063845050215208
"13865","13865",2385,2385,2385,0
"13866","13866",3257,2916,2951,-0.0939514891003991
"13867","13867",4502,4302,5025,0.116170590848512
"13868","13868",8977,8976,8801,-0.0196056589060934
"13870","13870",3935,3963,3963,0.0071156289707751
"13872","13872",1227,1101,1101,-0.102689486552567
"13873","13873",4031,4022,4019,-0.00297692880178616
"13874","13874",6670,6623,6831,0.0241379310344828
"13875","13875",4190,4528,4513,0.0770883054892601
"13876","13876",3229,3229,3248,0.00588417466707959
"13877","13877",2973,2995,2953,-0.0067272115708039
"13878","13878",3124,3124,3123,-0.000320102432778489
"13879","13879",9017,9139,8986,-0.00343795053787291
"13880","13880",1365,1365,1361,-0.00293040293040293
"13881","13881",4716,4780,4824,0.0229007633587786
"13882","13882",914,926,926,0.0131291028446389
"13883","13883",3487,3558,3737,0.071694866647548
"13884","13884",9121,9031,9035,-0.00942879070277382
"13885","13885",4385,4811,4828,0.101026225769669
"13886","13886",1292,1371,1370,0.0603715170278638
"13887","13887",10451,10458,10362,-0.00851593148980959
"13888","13888",6244,6226,6227,-0.00272261370916079
"13889","13889",4117,4117,4094,-0.00558659217877095
"13890","13890",2164,2164,2173,0.00415896487985213
"13891","13891",2134,2134,2135,0.000468603561387067
"13892","13892",1402,1456,1503,0.0720399429386591
"13893","13893",2993,2677,2677,-0.105579685933846
"13894","13894",4754,4786,4674,-0.016827934371056
"13895","13895",4939,4850,4850,-0.0180198420732942
"13896","13896",3641,3641,3643,0.000549299642955232
"13897","13897",5660,5876,5872,0.0374558303886926
"13898","13898",9430,9349,9342,-0.00933191940615058
"13899","13899",7445,7422,7580,0.0181329751511081
"13900","13900",5533,5533,5535,0.000361467558286644
"13901","13901",5378,5403,5353,-0.00464856824098178
"13902","13902",10682,8789,7905,-0.259970043063097
"13903","13903",3809,3677,3677,-0.0346547650301917
"13904","13904",4090,4390,4042,-0.0117359413202934
"13905","13905",4491,4588,4353,-0.0307281229124916
"13906","13906",2349,2350,2350,0.00042571306939123
"13907","13907",3264,3264,3266,0.000612745098039216
"13908","13908",4339,4046,4124,-0.0495505876930168
"13909","13909",1007,1007,1036,0.028798411122145
"13910","13910",2565,2565,2566,0.000389863547758285
"13911","13911",1793,1821,1821,0.0156162855549359
"13912","13912",9295,9254,9218,-0.00828402366863905
"13913","13913",3218,3410,3366,0.0459912989434431
"13914","13914",8913,8902,8904,-0.0010097610232245
"13915","13915",3666,3767,3280,-0.105291871249318
"13916","13916",2555,2583,2529,-0.0101761252446184
"13917","13917",7698,5012,5006,-0.349701221096389
"13918","13918",5885,5885,5885,0
"13919","13919",3325,3185,3172,-0.046015037593985
"13920","13920",3039,3038,3039,0
"13921","13921",6792,6786,5653,-0.167697290930506
"13922","13922",2179,2092,2092,-0.0399265718219367
"13923","13923",1006,1006,1003,-0.00298210735586481
"13924","13924",4082,3875,3875,-0.0507104360607545
"13925","13925",8120,8256,8370,0.0307881773399015
"13926","13926",6785,6777,6865,0.0117907148120855
"13927","13927",3561,3525,3522,-0.0109519797809604
"13928","13928",2723,2723,2725,0.000734484024972457
"13929","13929",2718,2718,2750,0.0117733627667403
"13931","13931",4185,5025,4988,0.191875746714456
"13932","13932",3317,3318,3337,0.00602954476936991
"13933","13933",10517,7499,7437,-0.292859180374632
"13935","13935",3395,3805,3805,0.120765832106038
"13936","13936",4996,5021,5022,0.00520416333066453
"13937","13937",770,770,770,0
"13938","13938",2720,2720,2915,0.0716911764705882
"13939","13939",2535,2535,2398,-0.054043392504931
"13940","13940",8655,8813,8558,-0.0112073945696129
"13941","13941",1849,1849,2130,0.151974040021633
"13942","13942",2604,2607,2796,0.0737327188940092
"15671","15671",2604,2607,2796,0.0737327188940092
"13943","13943",1363,1829,1606,0.178283198826119
"13944","13944",3165,3167,3167,0.000631911532385466
"13945","13945",6871,6862,6857,-0.0020375491194877
"13947","13947",2092,2092,2092,0
"13948","13948",8069,7352,7680,-0.0482091956871979
"13949","13949",3858,3610,2653,-0.312337998963193
"13950","13950",1977,1977,1685,-0.147698533131007
"13951","13951",3570,3570,3584,0.00392156862745098
"13952","13952",3246,3246,3246,0
"13953","13953",1849,1849,1041,-0.436992969172526
"13954","13954",6467,6396,6477,0.00154631204577084
"13955","13955",6417,6417,6412,-0.000779180302321957
"13956","13956",5965,5969,5917,-0.00804694048616932
"13958","13958",3860,3786,3788,-0.0186528497409326
"13959","13959",6579,6556,6556,-0.00349597203222374
"13960","13960",1953,1953,1890,-0.032258064516129
"13961","13961",8499,4888,4888,-0.424873514531121
"13962","13962",2396,2450,2837,0.184056761268781
"13963","13963",5224,5341,5517,0.0560872894333844
"13964","13964",3925,3528,3927,0.000509554140127388
"13965","13965",2660,2572,2855,0.0733082706766917
"13966","13966",4804,4804,4760,-0.00915903413821815
"13967","13967",5316,5186,5186,-0.0244544770504138
"13968","13968",3548,3549,3423,-0.0352311161217587
"13969","13969",3979,3979,3947,-0.00804222166373461
"13970","13970",2961,2947,2947,-0.00472813238770686
"13971","13971",5458,5829,5829,0.0679736167094174
"13972","13972",1687,2415,2175,0.289270895080024
"13974","13974",1357,1636,1618,0.192336035372144
"13975","13975",2813,2883,2872,0.0209740490579453
"13976","13976",2401,2401,2404,0.00124947938359017
"13977","13977",1366,1366,1569,0.148609077598829
"13978","13978",3617,3622,3621,0.00110588885816975
"13979","13979",1940,1789,1788,-0.0783505154639175
"13980","13980",1633,1432,1432,-0.123086344151868
"13981","13981",5636,5636,4652,-0.174591909155429
"13982","13982",1033,1509,1509,0.460793804453049
"13984","13984",5731,5763,5749,0.00314081312161926
"13985","13985",4125,4168,4168,0.0104242424242424
"13986","13986",3574,3574,3555,-0.00531617235590375
"13987","13987",1359,1120,1115,-0.179543782192789
"13988","13988",7077,6769,5080,-0.282181715416137
"13990","13990",2876,2899,2882,0.00208623087621697
"13991","13991",11289,11280,11339,0.0044290902648596
"13992","13992",1751,1738,2104,0.201599086236436
"13993","13993",3609,3409,3410,-0.0551399279578831
"19200","19200",3609,3409,3410,-0.0551399279578831
"13994","13994",4942,4935,4948,0.00121408336705787
"13995","13995",2490,2459,2459,-0.0124497991967871
"13996","13996",7610,7991,7510,-0.0131406044678055
"13997","13997",3014,3014,3290,0.0915726609157266
"13998","13998",3176,3176,3183,0.00220403022670025
"13999","13999",4492,4491,4467,-0.00556544968833482
"14000","14000",3630,3581,3576,-0.0148760330578512
"14001","14001",2917,2919,2705,-0.0726774082961947
"14002","14002",3192,3420,3417,0.0704887218045113
"14003","14003",1929,1865,1653,-0.143079315707621
"18045","18045",1929,1865,1653,-0.143079315707621
"14004","14004",2680,2680,2642,-0.0141791044776119
"14005","14005",2978,2978,2978,0
"14006","14006",3367,3291,3087,-0.0831600831600832
"14007","14007",4382,4651,4651,0.0613874942948425
"14009","14009",11826,9371,9341,-0.210130221545747
"14010","14010",5497,4907,5294,-0.036929234127706
"14011","14011",2060,2331,2331,0.131553398058252
"18278","18278",2060,2331,2331,0.131553398058252
"14012","14012",741,742,742,0.00134952766531714
"14013","14013",3872,3913,3915,0.0111053719008264
"14014","14014",1445,1392,1392,-0.0366782006920415
"14016","14016",3760,3981,2556,-0.320212765957447
"14017","14017",4886,5215,5001,0.0235366352844863
"14018","14018",16465,7379,7376,-0.552019435165503
"14019","14019",1592,1695,1695,0.0646984924623116
"14020","14020",2852,2724,2932,0.0280504908835905
"14021","14021",4107,3435,3441,-0.162162162162162
"14022","14022",16287,14848,14832,-0.0893350524958556
"14023","14023",7461,5898,5899,-0.209355314301032
"14024","14024",5716,6336,5397,-0.0558082575227432
"14026","14026",3320,3413,3232,-0.0265060240963855
"14027","14027",6341,6330,6328,-0.00205014981864059
"14028","14028",2571,2593,2574,0.00116686114352392
"14031","14031",9429,9429,9416,-0.00137872520946018
"14032","14032",5348,5311,5276,-0.0134629768137622
"14033","14033",4613,4608,4582,-0.00672013873834815
"14034","14034",5341,5168,5174,-0.0312675528927167
"14035","14035",3169,3149,3107,-0.0195645313979173
"14036","14036",4750,3629,3629,-0.236
"14037","14037",1628,1762,1644,0.00982800982800983
"14038","14038",1537,1573,1306,-0.150292778139232
"14039","14039",4318,4318,4318,0
"14040","14040",5347,5347,5348,0.000187020759304283
"14041","14041",7639,7593,7565,-0.00968713182353711
"14042","14042",3214,3210,3210,-0.00124455507156192
"14043","14043",2040,1904,1904,-0.0666666666666667
"14044","14044",3861,3861,3862,0.000259000259000259
"14045","14045",4853,5172,5171,0.0655264784669277
"14046","14046",2885,2530,2519,-0.12686308492201
"14047","14047",3384,3343,3393,0.00265957446808511
"14048","14048",1413,1417,1378,-0.0247699929228592
"15341","15341",1413,1417,1378,-0.0247699929228592
"14049","14049",4349,4349,4634,0.0655323062773051
"14050","14050",2107,2111,2305,0.0939724727100142
"14051","14051",952,952,952,0
"16900","16900",952,952,952,0
"14052","14052",1739,3237,3237,0.861414606095457
"14053","14053",1963,1953,1983,0.0101884870096791
"14054","14054",6000,6755,6755,0.125833333333333
"14056","14056",4992,4982,4979,-0.00260416666666667
"14057","14057",1456,1555,1555,0.0679945054945055
"14058","14058",898,898,1278,0.423162583518931
"14059","14059",9739,9739,9571,-0.0172502310298799
"14060","14060",3618,3595,3488,-0.0359314538419016
"14061","14061",3350,1573,1573,-0.53044776119403
"14062","14062",2138,2138,2339,0.0940130963517306
"14063","14063",10145,9084,9086,-0.10438639724002
"14064","14064",6824,6761,6768,-0.0082063305978898
"14065","14065",1587,1507,1507,-0.0504095778197858
"14068","14068",3135,3061,3063,-0.0229665071770335
"14069","14069",2926,3103,3103,0.0604921394395079
"14070","14070",4650,4811,4503,-0.0316129032258065
"14071","14071",7921,7924,7909,-0.0015149602322939
"14072","14072",7983,7986,7981,-0.000250532381310284
"14073","14073",3950,3950,3432,-0.131139240506329
"14074","14074",3198,3129,3130,-0.0212632895559725
"14075","14075",3292,3292,3292,0
"14076","14076",2299,2304,2524,0.097868638538495
"14077","14077",5272,5256,5261,-0.00208649468892261
"14078","14078",4274,3877,4270,-0.000935891436593355
"14079","14079",2917,3152,3153,0.0809050394240658
"14080","14080",1754,1754,1843,0.0507411630558723
"14081","14081",5427,5471,5473,0.00847613782937166
"14082","14082",3732,3728,3723,-0.00241157556270096
"14083","14083",2912,2611,2611,-0.103365384615385
"14493","14493",2912,2611,2611,-0.103365384615385
"14084","14084",2510,2510,2610,0.0398406374501992
"14085","14085",9519,8295,8098,-0.149280386595231
"14086","14086",5912,5987,5842,-0.0118403247631935
"14087","14087",2387,2387,2676,0.121072475911186
"14088","14088",1450,1450,1444,-0.00413793103448276
"14089","14089",4056,6412,5882,0.450197238658777
"14090","14090",3118,3019,3030,-0.0282232200128287
"14091","14091",4788,4095,4092,-0.145363408521303
"14092","14092",5400,5401,5396,-0.000740740740740741
"14093","14093",638,638,604,-0.0532915360501567
"14094","14094",2831,2824,2924,0.0328505828329212
"14095","14095",4041,3908,3908,-0.0329126453848057
"14096","14096",4005,3999,4006,0.000249687890137328
"14097","14097",4504,4509,4521,0.00377442273534636
"14098","14098",9228,9226,9243,0.00162548764629389
"14099","14099",2234,2240,2240,0.0026857654431513
"14100","14100",5305,5309,5015,-0.0546654099905749
"14101","14101",3870,3810,3810,-0.0155038759689922
"14102","14102",3650,3781,3658,0.00219178082191781
"14103","14103",4736,4735,4735,-0.000211148648648649
"14104","14104",3182,3182,3148,-0.0106851037083595
"14105","14105",4144,4138,4782,0.153957528957529
"14107","14107",2599,2739,2706,0.0411696806464025
"14108","14108",1752,1797,1796,0.0251141552511416
"14109","14109",3346,3288,3288,-0.0173341303048416
"14110","14110",3276,3276,3179,-0.0296092796092796
"14111","14111",5177,5177,5216,0.00753332045586247
"14112","14112",9620,9866,9713,0.00966735966735967
"15215","15215",9620,9866,9713,0.00966735966735967
"14113","14113",1819,1818,1819,0
"14114","14114",882,882,882,0
"14115","14115",5183,5183,5184,0.00019293845263361
"14116","14116",2680,2261,2260,-0.156716417910448
"14117","14117",2388,2388,2646,0.108040201005025
"14118","14118",4123,4121,4097,-0.00630608780014553
"14119","14119",4854,5148,5115,0.053770086526576
"14120","14120",1678,1678,1678,0
"14121","14121",6334,6562,6370,0.00568361225134196
"14122","14122",1451,1451,1451,0
"15881","15881",1451,1451,1451,0
"14123","14123",3961,3961,3961,0
"14124","14124",4945,4943,4922,-0.00465116279069767
"14125","14125",2496,2496,2504,0.00320512820512821
"14126","14126",1408,1403,1619,0.149857954545455
"16060","16060",1408,1403,1619,0.149857954545455
"14127","14127",3289,3359,3261,-0.00851322590453025
"14128","14128",2042,2042,2087,0.0220372184133203
"15417","15417",2042,2042,2087,0.0220372184133203
"14129","14129",1304,1181,1250,-0.0414110429447853
"14130","14130",2829,2836,3112,0.100035348179569
"14131","14131",5505,5266,5261,-0.0443233424159855
"14132","14132",2548,2548,2600,0.0204081632653061
"14135","14135",4594,4392,4353,-0.0524597300827166
"14137","14137",9343,5521,5326,-0.429947554318741
"14138","14138",5071,5072,5146,0.0147899822520213
"14139","14139",6747,6541,6314,-0.0641766711130873
"14140","14140",12824,13432,13439,0.0479569557080474
"14141","14141",5974,6063,6061,0.0145631067961165
"14142","14142",3437,3437,3308,-0.0375327320337504
"14143","14143",6103,6126,6185,0.0134360150745535
"14144","14144",1512,1535,1535,0.0152116402116402
"14145","14145",2575,2575,2582,0.00271844660194175
"14146","14146",4594,4556,4754,0.0348280365694384
"14147","14147",6656,6538,6538,-0.0177283653846154
"14148","14148",3893,3785,3785,-0.0277421012072951
"14149","14149",3651,3671,3522,-0.0353327855382087
"14150","14150",1972,2207,2374,0.203853955375254
"14151","14151",4312,4117,4168,-0.0333951762523191
"14152","14152",5158,5582,5468,0.0601008142690965
"14153","14153",2352,2373,2373,0.00892857142857143
"14154","14154",4245,4436,4435,0.0447585394581861
"14155","14155",1106,1106,1106,0
"14156","14156",3836,3827,3827,-0.00234619395203337
"14157","14157",7444,5911,5916,-0.205265986029017
"14158","14158",2390,2335,1749,-0.268200836820084
"14159","14159",4706,4707,4708,0.000424989375265618
"14161","14161",2619,2366,2247,-0.142038946162657
"14162","14162",2692,2679,2679,-0.00482912332838039
"14164","14164",5774,5769,4060,-0.296847939037063
"14165","14165",1552,1554,1495,-0.0367268041237113
"14167","14167",2551,2547,2547,-0.00156801254410035
"14168","14168",3299,3299,2747,-0.167323431342831
"14169","14169",3142,3133,3180,0.0120942075111394
"14170","14170",6708,7200,7201,0.0734943351222421
"14172","14172",3759,3401,3495,-0.0702314445331205
"14173","14173",931,910,660,-0.291084854994629
"14174","14174",6308,6603,6451,0.0226696258719087
"14175","14175",12506,12498,12502,-0.000319846473692628
"14176","14176",2294,2294,2293,-0.0004359197907585
"14178","14178",3353,3321,3352,-0.000298240381747689
"14179","14179",2690,2300,2300,-0.144981412639405
"14180","14180",8279,8477,8122,-0.0189636429520473
"14181","14181",6597,7206,7399,0.121570410792785
"14182","14182",4885,3361,3361,-0.311975435005118
"14183","14183",7035,7035,7341,0.0434968017057569
"14184","14184",4464,5143,5105,0.143593189964158
"14185","14185",1289,1293,1302,0.0100853374709077
"14186","14186",1849,1850,1849,0
"14187","14187",3530,3530,3660,0.0368271954674221
"14188","14188",7454,7436,8196,0.09954386906359
"14189","14189",4770,4769,4768,-0.000419287211740042
"14190","14190",2762,2738,2426,-0.121650977552498
"14191","14191",1674,1599,1566,-0.0645161290322581
"14192","14192",3916,3901,4123,0.0528600612870276
"14194","14194",3183,3183,3458,0.0863964813069431
"14195","14195",1581,1464,1465,-0.0733712839974699
"14196","14196",4400,4415,4415,0.00340909090909091
"14197","14197",4103,3989,4037,-0.0160857908847185
"14198","14198",3528,3525,3280,-0.0702947845804989
"14199","14199",8736,8736,8737,0.000114468864468864
"14200","14200",9239,9282,9291,0.00562831475267886
"14202","14202",2825,2825,2614,-0.0746902654867257
"18418","18418",2825,2825,2614,-0.0746902654867257
"14203","14203",3290,3284,3735,0.135258358662614
"14204","14204",12218,12335,12154,-0.005238173187101
"14205","14205",5310,5319,5307,-0.000564971751412429
"14206","14206",7810,7752,7748,-0.00793854033290653
"14207","14207",1962,1911,1911,-0.0259938837920489
"14208","14208",2292,2446,2446,0.0671902268760907
"14209","14209",1203,1203,1203,0
"14688","14688",1203,1203,1203,0
"14210","14210",1757,1502,1729,-0.0159362549800797
"19181","19181",1757,1502,1729,-0.0159362549800797
"14211","14211",3695,3696,3696,0.00027063599458728
"14212","14212",2531,2531,2531,0
"14213","14213",7812,7885,7811,-0.000128008192524322
"14215","14215",7153,6966,6809,-0.0480917097721236
"14216","14216",3806,3856,3856,0.0131371518654756
"14217","14217",5715,5669,5666,-0.00857392825896763
"14218","14218",1126,1129,1128,0.00177619893428064
"14219","14219",4477,4445,4445,-0.00714764351127987
"14220","14220",4093,5787,5787,0.413877351575861
"14222","14222",7307,7230,7311,0.000547420281921445
"14223","14223",5440,4305,4302,-0.209191176470588
"14224","14224",1622,1596,1579,-0.0265104808877928
"14225","14225",5312,5173,5178,-0.0252259036144578
"14226","14226",759,1013,893,0.176548089591568
"14227","14227",5952,6273,6233,0.0472110215053763
"14229","14229",3478,3467,3474,-0.00115008625646924
"14231","14231",1588,1397,1397,-0.120277078085642
"14232","14232",3272,3276,3273,0.000305623471882641
"14233","14233",9231,9049,9033,-0.0214494637634059
"14234","14234",2133,2252,2250,0.0548523206751055
"14235","14235",4390,4433,4317,-0.016628701594533
"14236","14236",3063,3026,2699,-0.118837740777016
"14237","14237",2151,2303,2358,0.096234309623431
"14238","14238",2821,2821,2818,-0.0010634526763559
"14239","14239",5340,5340,4822,-0.0970037453183521
"14240","14240",5129,6946,6769,0.319750438682004
"14241","14241",1440,1440,1440,0
"14242","14242",1713,1391,1479,-0.136602451838879
"14243","14243",2090,2090,2050,-0.0191387559808612
"14244","14244",4778,4916,5458,0.142318961908748
"14245","14245",1108,1108,1223,0.103790613718412
"14246","14246",2433,2560,2564,0.0538429921907111
"14247","14247",1270,1270,1313,0.0338582677165354
"15200","15200",1270,1270,1313,0.0338582677165354
"14248","14248",3086,3087,3223,0.0443940375891121
"14249","14249",2973,4504,4504,0.514968045745039
"14250","14250",2468,2291,2291,-0.0717179902755267
"14251","14251",7416,7045,7101,-0.0424757281553398
"14253","14253",3446,2886,2886,-0.16250725478816
"14254","14254",4620,4612,4612,-0.00173160173160173
"14255","14255",2054,1992,1979,-0.0365141187925998
"14256","14256",3644,3644,3702,0.0159165751920966
"14257","14257",9100,9976,9957,0.0941758241758242
"14258","14258",14818,15419,15427,0.0410986637872857
"14259","14259",4638,4643,4573,-0.0140146614920224
"14260","14260",7643,3124,3124,-0.591259976449038
"14261","14261",5549,4863,4869,-0.122544602631105
"14262","14262",3096,3139,3084,-0.00387596899224806
"14263","14263",3474,3474,3271,-0.0584340817501439
"14264","14264",8052,7289,7288,-0.094883258817685
"14265","14265",1987,2017,2017,0.0150981378963261
"14267","14267",3079,3079,3079,0
"14269","14269",6600,6647,6866,0.0403030303030303
"14271","14271",4056,4054,4009,-0.0115877712031558
"14272","14272",3052,3063,2536,-0.169069462647444
"14273","14273",1173,1173,1026,-0.125319693094629
"14274","14274",4167,4210,4210,0.0103191744660427
"14275","14275",5598,4905,4905,-0.12379421221865
"14276","14276",3686,3522,3540,-0.0396093326098752
"14277","14277",2975,3241,3240,0.0890756302521008
"14278","14278",2777,2777,2300,-0.171768095066619
"14279","14279",4885,4859,3700,-0.242579324462641
"14280","14280",6892,6576,6710,-0.026407428903076
"14281","14281",3447,3485,2913,-0.154917319408181
"14282","14282",3796,3793,4248,0.119072708113804
"14283","14283",5787,5794,5843,0.00967686193191636
"14284","14284",7737,7483,7497,-0.0310197751066305
"14285","14285",3559,3060,3060,-0.140207923574038
"14286","14286",4561,4533,4275,-0.0627055470291603
"14287","14287",3298,3236,3298,0
"14288","14288",3205,3205,3202,-0.00093603744149766
"14289","14289",2437,2429,2429,-0.00328272466146902
"14291","14291",7247,7247,7246,-0.00013798813302056
"14293","14293",3556,4912,4912,0.38132733408324
"14295","14295",4916,4857,5403,0.0990642799023596
"14296","14296",2806,2697,2996,0.067712045616536
"14297","14297",6431,6326,5887,-0.0845902658995491
"14298","14298",2215,2215,2215,0
"15379","15379",2215,2215,2215,0
"14299","14299",6836,6849,6791,-0.00658279695728496
"14300","14300",2552,2552,2590,0.0148902821316614
"14301","14301",5041,4994,5161,0.0238048006347947
"14302","14302",7293,7293,7292,-0.000137117784176608
"14303","14303",2646,2587,2587,-0.0222978080120937
"14304","14304",2554,2554,2350,-0.0798747063429914
"14305","14305",3016,2656,2657,-0.119031830238727
"14306","14306",2509,2509,2305,-0.0813072937425269
"14307","14307",1498,1466,1294,-0.136181575433912
"14308","14308",1911,1915,1864,-0.0245944531658817
"14309","14309",9310,9611,9160,-0.0161117078410312
"14310","14310",4030,4080,3838,-0.0476426799007444
"14311","14311",5421,5421,5369,-0.00959232613908873
"14312","14312",3532,3481,3482,-0.0141562853907135
"14313","14313",2353,2486,2486,0.0565235869103272
"14314","14314",8754,8754,8146,-0.0694539639022161
"14315","14315",5846,5977,5753,-0.0159083133766678
"14316","14316",3296,4251,4250,0.289441747572816
"14318","14318",6407,6395,6205,-0.031528016232246
"14319","14319",2285,2292,2292,0.00306345733041575
"14320","14320",2806,2781,2781,-0.00890947968638632
"14321","14321",2210,2114,2112,-0.0443438914027149
"15439","15439",2210,2114,2112,-0.0443438914027149
"14322","14322",4746,4711,5032,0.0602612726506532
"14323","14323",2076,2078,2214,0.0664739884393064
"14324","14324",6708,6657,6612,-0.0143112701252236
"14325","14325",2902,2902,2901,-0.000344589937973811
"14326","14326",3530,4354,4503,0.275637393767705
"14327","14327",4552,4477,4834,0.0619507908611599
"14328","14328",6197,6194,5964,-0.0375988381474907
"14329","14329",1204,1204,1218,0.0116279069767442
"14330","14330",8267,8138,8190,-0.00931414055884843
"14332","14332",2050,2046,2183,0.0648780487804878
"16655","16655",2050,2046,2183,0.0648780487804878
"14333","14333",2465,2471,2469,0.00162271805273834
"14334","14334",2833,2833,2889,0.0197670314154606
"14335","14335",8983,8545,8534,-0.0499833017922743
"14336","14336",1732,1741,1741,0.00519630484988453
"14337","14337",3302,3179,2995,-0.0929739551786796
"14338","14338",4485,4488,4488,0.000668896321070234
"14340","14340",2849,2852,2809,-0.014040014040014
"14341","14341",2208,2208,2208,0
"14342","14342",6738,6825,6807,0.0102404274265361
"14343","14343",3953,4064,3861,-0.023273463192512
"14344","14344",3199,3199,3198,-0.000312597686777118
"14345","14345",1735,1725,1744,0.00518731988472622
"14346","14346",2830,1914,1915,-0.323321554770318
"14347","14347",4793,4824,4832,0.00813686626330065
"14348","14348",7722,8434,8439,0.0928515928515928
"14349","14349",7700,7733,7733,0.00428571428571429
"14350","14350",2575,2607,2572,-0.00116504854368932
"14351","14351",7063,7069,6731,-0.0470055217329747
"14352","14352",6362,6239,6357,-0.000785916378497328
"14353","14353",3182,3037,3137,-0.01414204902577
"14354","14354",5856,5856,5933,0.0131489071038251
"14355","14355",1425,1425,1425,0
"14356","14356",3202,3196,3198,-0.00124921923797626
"14357","14357",5869,5471,5871,0.000340773555972057
"14358","14358",4880,3743,7446,0.525819672131148
"14359","14359",3117,3423,3303,0.0596727622714148
"17689","17689",3117,3423,3303,0.0596727622714148
"14360","14360",3437,3437,3270,-0.0485888856560954
"14361","14361",3989,3721,3705,-0.0711957884181499
"14362","14362",2374,2037,2125,-0.104886267902275
"14363","14363",2083,2079,2079,-0.00192030724915987
"14365","14365",2576,2537,2386,-0.0737577639751553
"14366","14366",3208,3215,3215,0.00218204488778055
"14367","14367",1591,1591,1591,0
"14368","14368",1134,876,929,-0.180776014109347
"14369","14369",3703,2416,2416,-0.347556035646773
"14371","14371",4727,4747,4748,0.00444256399407658
"14372","14372",2352,1835,1797,-0.235969387755102
"14373","14373",9199,9138,8406,-0.086205022285031
"14374","14374",4413,3741,3646,-0.173804668026286
"14375","14375",2391,2391,2332,-0.0246758678377248
"14376","14376",4536,4611,4810,0.0604056437389771
"14377","14377",5732,4982,4944,-0.137473831123517
"14378","14378",5933,5933,5817,-0.0195516602056295
"14379","14379",11561,11308,11283,-0.0240463627713866
"14381","14381",1732,1804,1807,0.0433025404157044
"14384","14384",5429,5480,5475,0.00847301528826672
"14385","14385",2295,2294,2720,0.185185185185185
"14386","14386",2100,2109,2110,0.00476190476190476
"14387","14387",2382,2633,2633,0.105373635600336
"14388","14388",1657,1602,1599,-0.0350030175015087
"16199","16199",1657,1602,1599,-0.0350030175015087
"17357","17357",1657,1602,1599,-0.0350030175015087
"14389","14389",2404,2404,2403,-0.000415973377703827
"14390","14390",1878,1822,1821,-0.0303514376996805
"14391","14391",3876,3876,4853,0.252063983488132
"14392","14392",2786,2753,2753,-0.0118449389806174
"14393","14393",4930,4930,4872,-0.0117647058823529
"14394","14394",6046,6036,4895,-0.190373800860073
"14395","14395",4174,4999,5012,0.200766650694777
"14396","14396",6264,6286,6286,0.00351213282247765
"14397","14397",1501,787,787,-0.475682878081279
"14398","14398",4779,4825,4769,-0.00209248796819418
"14399","14399",8935,8978,8978,0.00481253497481813
"14400","14400",2117,2145,1889,-0.107699574870099
"14401","14401",5027,5028,5031,0.000795703202705391
"14403","14403",3267,3258,3258,-0.00275482093663912
"14404","14404",4426,5259,5259,0.188206055128784
"14405","14405",1261,1261,1261,0
"14407","14407",7888,7869,7469,-0.0531186612576065
"14408","14408",3117,3110,3110,-0.00224574911774142
"14409","14409",2243,2242,2550,0.136870263040571
"14410","14410",2830,2829,2829,-0.000353356890459364
"14411","14411",3013,3013,3020,0.00232326584799203
"14412","14412",6327,5196,6281,-0.0072704283230599
"14413","14413",1774,1779,1775,0.00056369785794814
"14415","14415",8395,5014,5012,-0.402977963073258
"14416","14416",2077,2079,2080,0.00144439094848339
"14417","14417",6250,5917,5917,-0.05328
"14418","14418",7882,7885,7892,0.00126871352448617
"14419","14419",2296,2312,2312,0.00696864111498258
"18304","18304",2296,2312,2312,0.00696864111498258
"14420","14420",2271,2270,3506,0.543813298106561
"14421","14421",2705,2705,2589,-0.0428835489833641
"14422","14422",5873,5905,5905,0.00544866337476588
"14423","14423",4101,4100,4173,0.0175566934893928
"14424","14424",5495,5495,5478,-0.00309372156505914
"14425","14425",2731,2731,2920,0.0692054192603442
"14426","14426",7681,7677,7684,0.000390574143991668
"14427","14427",2899,2899,2900,0.00034494653328734
"14428","14428",4977,6421,5059,0.0164757886276874
"14429","14429",1366,1366,1595,0.167642752562225
"14430","14430",1678,1679,1491,-0.111442193087008
"14431","14431",2382,2369,2450,0.0285474391267842
"14432","14432",2202,2202,2202,0
"14433","14433",3552,3678,3859,0.0864301801801802
"14434","14434",1733,1732,1554,-0.103289094056549
"14435","14435",1675,1675,1669,-0.00358208955223881
"14436","14436",5346,4928,4928,-0.0781893004115226
"14437","14437",4580,4580,5503,0.201528384279476
"14439","14439",6916,6836,8993,0.300318102949682
"14440","14440",3431,3283,3292,-0.0405129699795978
"14441","14441",6770,6770,7761,0.146381093057607
"14442","14442",5616,5660,5681,0.0115740740740741
"16408","16408",5616,5660,5681,0.0115740740740741
"14443","14443",4566,4611,4589,0.00503723171265878
"14446","14446",1838,2249,2249,0.223612622415669
"14447","14447",1870,1887,1876,0.00320855614973262
"15611","15611",1870,1887,1876,0.00320855614973262
"14448","14448",2615,2578,2276,-0.129636711281071
"14449","14449",2897,2597,2597,-0.103555402140145
"17095","17095",2897,2597,2597,-0.103555402140145
"14452","14452",1957,1956,1561,-0.202350536535514
"14454","14454",3544,3544,3478,-0.0186230248306998
"14455","14455",3722,3722,3719,-0.000806018269747448
"14456","14456",2342,2345,2352,0.00426985482493595
"14458","14458",3312,3312,3202,-0.0332125603864734
"14459","14459",4460,4431,4365,-0.0213004484304933
"14460","14460",1851,1076,1078,-0.417612101566721
"14462","14462",12203,14830,13269,0.0873555683028763
"14463","14463",1916,1885,1881,-0.0182672233820459
"14464","14464",3574,3478,1625,-0.545327364297706
"14465","14465",4631,4212,4212,-0.090477218743252
"14466","14466",7291,7299,7362,0.00973803319160609
"14467","14467",4818,4798,4800,-0.0037359900373599
"14468","14468",3773,3492,3453,-0.0848131460376358
"14469","14469",6378,5692,5686,-0.108497961743493
"14470","14470",3868,3855,3857,-0.00284384694932782
"14472","14472",2190,2189,2188,-0.00091324200913242
"14473","14473",2179,2147,2236,0.026158788435062
"18162","18162",2179,2147,2236,0.026158788435062
"14474","14474",4454,4457,4458,0.000898069151324652
"14476","14476",1220,1221,1221,0.000819672131147541
"14477","14477",2649,2662,2656,0.00264250660626652
"14478","14478",3959,3958,3958,-0.000252589037635767
"14479","14479",2562,2329,2698,0.0530835284933646
"14480","14480",4190,4187,4123,-0.0159904534606205
"14481","14481",2187,1985,1986,-0.0919067215363512
"14482","14482",1645,1481,1481,-0.0996960486322188
"14483","14483",8283,8252,6937,-0.162501509115055
"14484","14484",2327,2327,2327,0
"14485","14485",957,957,957,0
"14486","14486",3989,3989,3988,-0.000250689395838556
"14487","14487",1922,1922,1849,-0.0379812695109261
"14488","14488",4398,4220,4243,-0.0352432924056389
"14489","14489",11594,11275,11129,-0.0401069518716578
"14492","14492",10358,10333,10092,-0.0256806333268971
"14494","14494",2003,2003,2003,0
"14495","14495",1878,2208,2206,0.174653887113951
"14497","14497",4370,4373,4373,0.00068649885583524
"14498","14498",8771,8708,12850,0.465055295861361
"14499","14499",2557,2717,2920,0.14196323816973
"14500","14500",10610,10776,10553,-0.00537229029217719
"14501","14501",4741,4791,4789,0.0101244463193419
"14502","14502",2335,2792,2795,0.197002141327623
"14503","14503",4493,4494,4494,0.000222568439795237
"14504","14504",3407,2786,2919,-0.143234517170531
"14505","14505",2912,2912,2912,0
"14506","14506",3202,3202,3200,-0.000624609618988132
"14507","14507",3144,3144,3145,0.000318066157760814
"14508","14508",2293,1896,2322,0.012647187091147
"14509","14509",1348,1348,1349,0.000741839762611276
"14510","14510",7167,7153,7098,-0.00962745918794475
"14511","14511",1357,1357,1357,0
"14512","14512",3210,3091,3091,-0.0370716510903427
"14513","14513",1942,1921,1921,-0.0108135942327497
"14514","14514",3489,3862,3763,0.0785325308111207
"14515","14515",5170,5580,5580,0.0793036750483559
"14516","14516",1604,1638,1638,0.0211970074812968
"14517","14517",3041,3187,3187,0.0480105228543242
"14519","14519",5116,5086,4883,-0.0455433932759969
"14520","14520",4317,4314,4293,-0.00555941626129256
"15142","15142",4317,4314,4293,-0.00555941626129256
"14521","14521",2797,2846,2852,0.0196639256346085
"14522","14522",3299,3161,3156,-0.0433464686268566
"14523","14523",2163,2163,2160,-0.0013869625520111
"14524","14524",1938,1938,1938,0
"14525","14525",1665,1900,1923,0.154954954954955
"14528","14528",7185,7312,7315,0.0180932498260264
"14529","14529",2812,3051,3135,0.114864864864865
"16786","16786",2812,3051,3135,0.114864864864865
"14530","14530",3915,3531,3549,-0.0934865900383142
"14531","14531",2602,2603,2603,0.000384319754035357
"14532","14532",6294,6297,6297,0.000476644423260248
"14533","14533",1899,1882,1844,-0.0289626119010005
"14534","14534",4666,4685,4625,-0.00878696956708101
"14535","14535",4992,5024,5009,0.00340544871794872
"14536","14536",1504,1504,1360,-0.0957446808510638
"14537","14537",4240,4487,4486,0.0580188679245283
"14538","14538",3009,3009,3003,-0.00199401794616152
"14539","14539",4048,4015,4038,-0.0024703557312253
"14540","14540",2737,2740,2740,0.00109609061015711
"14541","14541",4125,4125,4198,0.0176969696969697
"14542","14542",4609,4410,3981,-0.136255152961597
"14543","14543",5884,6140,6147,0.0446974847042828
"14544","14544",3824,3846,3853,0.0075836820083682
"14545","14545",5891,5871,5855,-0.00611101680529621
"14546","14546",982,982,971,-0.0112016293279022
"14547","14547",2516,2514,2081,-0.172893481717011
"14548","14548",6615,4070,4711,-0.287830687830688
"14549","14549",8410,8772,8825,0.049346016646849
"14550","14550",3022,2890,2890,-0.0436796823295831
"14552","14552",3748,3806,3886,0.0368196371398079
"14553","14553",12192,9256,9170,-0.247867454068241
"14554","14554",1898,1898,1901,0.00158061116965227
"14555","14555",2332,2332,2475,0.0613207547169811
"14556","14556",3422,3421,3421,-0.000292226767971946
"18576","18576",3422,3421,3421,-0.000292226767971946
"14557","14557",2090,2258,2258,0.0803827751196172
"14558","14558",7726,8062,7855,0.0166968677193891
"14559","14559",3461,3461,3462,0.000288933834151979
"14560","14560",5390,5330,5330,-0.0111317254174397
"14561","14561",4967,4726,4762,-0.0412723978256493
"14562","14562",4242,4242,4242,0
"14563","14563",6214,6268,7726,0.243321532024461
"14564","14564",7012,6947,6926,-0.0122646891043925
"14566","14566",1812,1807,1807,-0.00275938189845475
"14567","14567",2348,1419,1413,-0.398211243611584
"14568","14568",1030,1029,1030,0
"14569","14569",3779,3872,3775,-0.0010584810796507
"14570","14570",12408,9391,10499,-0.153852353320438
"14571","14571",6912,6855,6859,-0.00766782407407407
"14572","14572",4433,4478,4513,0.0180464696593729
"14573","14573",1338,1338,1316,-0.0164424514200299
"14574","14574",1967,1967,1967,0
"14575","14575",3850,3562,3562,-0.0748051948051948
"14576","14576",2399,2477,2470,0.0295956648603585
"14577","14577",4549,4324,4325,-0.0492415915585843
"14578","14578",2561,2561,2456,-0.0409996095275283
"14579","14579",2434,2450,2763,0.135168447000822
"14580","14580",1965,1957,1957,-0.00407124681933842
"14581","14581",2622,2622,2628,0.0022883295194508
"14582","14582",3371,3375,3375,0.00118659151587066
"14583","14583",3758,3758,3746,-0.00319318786588611
"14584","14584",7297,7029,7235,-0.00849664245580375
"14585","14585",6612,6612,6703,0.0137628554143981
"14586","14586",2096,2096,2096,0
"14587","14587",1902,1722,1680,-0.116719242902208
"14589","14589",3416,2465,2744,-0.19672131147541
"14590","14590",7049,7052,7055,0.000851184565186551
"14591","14591",1221,1224,1090,-0.107289107289107
"14592","14592",4827,4860,4782,-0.00932256059664388
"14593","14593",2424,2424,3082,0.271452145214521
"14594","14594",10583,13102,10822,0.0225833884531796
"14595","14595",4536,4537,3407,-0.248897707231041
"14596","14596",3754,3817,3819,0.0173148641449121
"14597","14597",8232,8066,8059,-0.0210155490767736
"14598","14598",4090,4087,2670,-0.34718826405868
"14599","14599",5014,5019,5022,0.00159553250897487
"14600","14600",2942,2908,2908,-0.0115567641060503
"14601","14601",2419,2109,2109,-0.128152128978917
"14602","14602",1622,1622,1574,-0.0295930949445129
"14603","14603",2263,2356,2230,-0.0145824127264693
"14604","14604",3309,3309,3750,0.133272892112421
"14605","14605",3847,3847,3847,0
"14606","14606",2927,2930,2826,-0.0345063204646396
"14609","14609",3695,3729,3741,0.0124492557510149
"14610","14610",2272,2663,2316,0.0193661971830986
"14611","14611",2081,2087,2361,0.134550696780394
"14612","14612",2342,2428,2428,0.0367207514944492
"14614","14614",7565,7590,7796,0.0305353602115003
"14615","14615",2736,2683,3222,0.177631578947368
"15188","15188",2736,2683,3222,0.177631578947368
"14616","14616",13498,13497,13471,-0.00200029634019855
"14617","14617",1813,1813,2564,0.4142305570877
"14618","14618",2127,2128,2133,0.00282087447108604
"14619","14619",2336,2225,2218,-0.050513698630137
"14620","14620",8427,8426,8312,-0.0136466120802183
"14621","14621",2594,2390,1942,-0.251349267540478
"14622","14622",6659,6653,6658,-0.000150172698603394
"14624","14624",1622,1932,1932,0.191122071516646
"14625","14625",4885,4824,5413,0.108085977482088
"14626","14626",4644,4645,4863,0.0471576227390181
"14627","14627",6233,6075,6079,-0.0247072035937751
"14628","14628",2421,2420,2426,0.00206526228831062
"14629","14629",3663,2968,2239,-0.388752388752389
"14631","14631",7086,6849,7368,0.0397967823878069
"14633","14633",7978,7881,7876,-0.0127851591877664
"14634","14634",2630,2905,3506,0.333079847908745
"14635","14635",3506,3506,3611,0.0299486594409584
"14636","14636",2677,2677,2201,-0.177810982443033
"14637","14637",2208,2208,2207,-0.000452898550724638
"14638","14638",3100,3100,3099,-0.00032258064516129
"14639","14639",7519,7650,7446,-0.00970873786407767
"14640","14640",5857,5786,5455,-0.0686358203858631
"14641","14641",2793,2948,3322,0.189402076620122
"14642","14642",1819,1821,1985,0.091258933479934
"14643","14643",4237,4304,4337,0.0236016049091338
"14644","14644",5057,5336,5335,0.0549733043306308
"14645","14645",4255,4382,4774,0.121974148061105
"14646","14646",967,967,962,-0.00517063081695967
"14647","14647",5902,5908,5731,-0.028973229413758
"14648","14648",1443,1488,1470,0.0187110187110187
"14649","14649",3373,2431,2193,-0.349836940409131
"14650","14650",2486,2486,2408,-0.0313757039420756
"14651","14651",4779,4646,4666,-0.0236451140405943
"14652","14652",2493,2401,2175,-0.127557160048135
"14653","14653",6047,6093,6094,0.00777244914833802
"14654","14654",3885,3885,3887,0.000514800514800515
"14655","14655",1380,1385,1141,-0.173188405797101
"14656","14656",3541,3541,3542,0.000282406099971759
"14658","14658",2709,2709,2707,-0.00073827980804725
"14659","14659",5206,5205,5257,0.00979638878217441
"14660","14660",7060,6972,6962,-0.0138810198300283
"14662","14662",2888,2888,2889,0.000346260387811634
"14663","14663",3852,3857,5034,0.306853582554517
"14664","14664",6557,6519,6521,-0.00549031569315236
"14665","14665",2352,2522,2318,-0.0144557823129252
"14666","14666",3296,3391,3152,-0.0436893203883495
"14667","14667",1758,2207,2213,0.258816837315131
"14668","14668",3410,3665,3173,-0.0695014662756598
"14669","14669",5868,6443,6438,0.0971370143149284
"14672","14672",3516,3520,3475,-0.0116609783845279
"14673","14673",5138,5138,5142,0.000778513040093422
"14674","14674",4095,4095,4093,-0.000488400488400488
"14676","14676",1927,1547,1547,-0.197197716658018
"14677","14677",9303,10159,8594,-0.0762119746318392
"14678","14678",1957,1957,1957,0
"14679","14679",2651,2737,3855,0.454168238400604
"14681","14681",7459,7478,7472,0.00174286097332082
"14684","14684",5672,5672,5675,0.000528913963328632
"14685","14685",2150,2150,1946,-0.0948837209302326
"14686","14686",9512,9438,9431,-0.00851555929352397
"14687","14687",670,670,670,0
"14689","14689",1471,3127,3128,1.12644459551326
"14691","14691",4275,4277,4273,-0.000467836257309942
"14694","14694",3050,3206,2923,-0.0416393442622951
"18948","18948",3050,3206,2923,-0.0416393442622951
"14695","14695",5684,6145,6421,0.129662209711471
"15834","15834",5684,6145,6421,0.129662209711471
"14697","14697",2637,2356,2554,-0.0314751611679939
"14698","14698",3841,3842,3753,-0.0229107003384535
"14699","14699",3474,3475,3665,0.0549798503166379
"14700","14700",3996,3533,3605,-0.0978478478478478
"14702","14702",3919,3629,3432,-0.12426639448839
"19650","19650",3919,3629,3432,-0.12426639448839
"14703","14703",5539,5539,5510,-0.00523560209424084
"14704","14704",2477,2482,2470,-0.00282599919257166
"14705","14705",5069,4852,4834,-0.0463602288419807
"14706","14706",6129,5846,5694,-0.0709740577581987
"14707","14707",2651,2726,2722,0.026782346284421
"18690","18690",2651,2726,2722,0.026782346284421
"14708","14708",2567,2846,2903,0.130892091936112
"14709","14709",2272,2272,2311,0.0171654929577465
"14710","14710",3235,3249,3229,-0.00185471406491499
"14711","14711",6529,7074,6959,0.0658600091897687
"14712","14712",2559,2572,2585,0.0101602188354826
"19733","19733",2559,2572,2585,0.0101602188354826
"14714","14714",4796,4673,4808,0.00250208507089241
"14715","14715",5062,5062,5064,0.000395100750691426
"14716","14716",3922,3913,3913,-0.00229474757776645
"14717","14717",13066,12813,14382,0.100719424460432
"14718","14718",5042,4936,4936,-0.0210234034113447
"14720","14720",2227,2227,2258,0.0139200718455321
"14721","14721",6078,6038,7602,0.250740375123396
"14722","14722",3035,3020,3088,0.0174629324546952
"14723","14723",7091,6993,6994,-0.0136793118036948
"14724","14724",2573,2576,2575,0.000777302759424796
"14725","14725",4007,4006,4007,0
"14727","14727",2390,2394,2394,0.00167364016736402
"14728","14728",5133,5091,5089,-0.00857198519384376
"14729","14729",2913,2921,2921,0.00274630964641263
"14732","14732",1931,2056,2056,0.0647332988089073
"14733","14733",6577,6577,6534,-0.00653793522882773
"14734","14734",1278,1278,1249,-0.0226917057902973
"14735","14735",1328,1328,1474,0.109939759036145
"14736","14736",1796,1796,1798,0.00111358574610245
"14737","14737",4635,4377,3102,-0.330744336569579
"17092","17092",4635,4377,3102,-0.330744336569579
"14738","14738",601,601,915,0.522462562396007
"14739","14739",3376,3379,2892,-0.143364928909953
"14740","14740",3976,4027,4027,0.0128269617706237
"14741","14741",11273,8074,8790,-0.220260800141932
"14742","14742",1877,1877,1899,0.011720831113479
"14743","14743",11087,11327,11289,0.0182195363939749
"14744","14744",4808,4785,4583,-0.0467970049916805
"14745","14745",4326,2664,2664,-0.384188626907074
"14746","14746",9600,6202,6199,-0.354270833333333
"14747","14747",2341,2337,1761,-0.247757368645878
"14748","14748",2316,2247,2266,-0.0215889464594128
"14749","14749",2809,2846,2786,-0.00818796724813101
"14750","14750",1381,1381,1381,0
"14753","14753",9299,9428,9052,-0.0265619959135391
"14754","14754",4346,3674,3681,-0.153014265991717
"14755","14755",4881,4886,5771,0.182339684490883
"14756","14756",3705,3941,3941,0.063697705802969
"14757","14757",2424,2424,2766,0.141089108910891
"14759","14759",1136,1118,1134,-0.00176056338028169
"14760","14760",4332,4353,4353,0.00484764542936288
"14761","14761",4338,4309,4309,-0.00668510834485938
"14762","14762",4229,4232,4235,0.00141877512414282
"14763","14763",8701,9499,9321,0.0712561774508677
"14764","14764",5011,4589,4640,-0.0740371183396528
"14765","14765",4787,4930,4372,-0.086693127219553
"14766","14766",2793,2791,2701,-0.0329394915861081
"14767","14767",2412,2656,2639,0.0941127694859038
"14769","14769",6815,7184,7003,0.0275862068965517
"14770","14770",7844,7771,7271,-0.0730494645588985
"14772","14772",2204,2204,2251,0.0213248638838476
"14773","14773",2655,2662,2641,-0.00527306967984934
"14774","14774",6400,6340,4415,-0.31015625
"14775","14775",3224,3224,3226,0.000620347394540943
"14776","14776",2356,2351,2315,-0.017402376910017
"14777","14777",5856,7170,7163,0.223189890710383
"14779","14779",2657,2721,2720,0.0237109522017313
"14780","14780",6349,5908,5870,-0.0754449519609387
"14781","14781",5691,5677,5391,-0.0527148128624143
"14783","14783",3035,2975,2772,-0.0866556836902801
"14784","14784",2026,2006,2006,-0.00987166831194472
"14785","14785",6580,5503,5503,-0.163677811550152
"14786","14786",3022,3024,3017,-0.00165453342157512
"14787","14787",3515,3519,3518,0.00085348506401138
"14788","14788",3756,3756,3544,-0.0564430244941427
"14789","14789",7396,7396,7427,0.0041914548404543
"14790","14790",6709,6706,6706,-0.000447160530630496
"14791","14791",2987,2957,2957,-0.0100435219283562
"14792","14792",3296,3396,3243,-0.0160800970873786
"14793","14793",5799,5799,5774,-0.00431108811864114
"14794","14794",4743,4774,4870,0.0267763019186169
"14795","14795",3040,3040,2998,-0.0138157894736842
"14796","14796",4346,4346,2962,-0.318453750575242
"14797","14797",2194,2192,2195,0.000455788514129444
"14798","14798",2523,2632,2778,0.101070154577883
"14799","14799",7087,7099,7099,0.00169324114575984
"14800","14800",2400,2439,2402,0.000833333333333333
"14801","14801",3811,3811,3818,0.00183678824455523
"14802","14802",9722,8985,9433,-0.0297263937461428
"14804","14804",1974,1974,1977,0.00151975683890578
"14805","14805",1504,1173,1173,-0.220079787234043
"14806","14806",3162,3237,3152,-0.00316255534471853
"14808","14808",3432,3422,3415,-0.00495337995337995
"14809","14809",8005,7982,7495,-0.0637101811367895
"14811","14811",5466,5466,5209,-0.0470179290157336
"14813","14813",1573,1573,1612,0.0247933884297521
"14814","14814",1664,1609,1600,-0.0384615384615385
"14815","14815",3431,3431,3409,-0.00641212474497231
"14816","14816",3433,3433,3333,-0.0291290416545296
"14817","14817",4094,4094,4066,-0.00683927699071812
"14818","14818",2949,2943,2940,-0.00305188199389624
"14819","14819",3788,3809,3968,0.0475184794086589
"14820","14820",3897,4041,4138,0.0618424429047986
"14821","14821",8375,9445,9264,0.106149253731343
"14822","14822",6407,6381,6482,0.0117059466208834
"14823","14823",2115,2113,1890,-0.106382978723404
"14824","14824",10051,9986,9965,-0.00855636255098995
"14825","14825",1901,1901,1900,-0.000526038926880589
"14826","14826",2846,2855,2856,0.00351370344342937
"14827","14827",2379,2374,3086,0.297183690626314
"14828","14828",2281,2285,2355,0.0324419114423498
"14829","14829",6425,6421,6434,0.00140077821011673
"14830","14830",11740,9248,9219,-0.21473594548552
"14832","14832",3197,3199,3139,-0.0181420081326243
"14834","14834",4777,4624,4616,-0.0337031609796944
"14835","14835",5697,5697,6174,0.0837282780410742
"14836","14836",2681,2681,2682,0.000372995151063036
"14837","14837",3861,3829,3829,-0.00828800828800829
"14838","14838",6040,6276,6275,0.0389072847682119
"14839","14839",6562,6843,6845,0.0431270953977446
"14840","14840",1800,1828,1685,-0.0638888888888889
"14841","14841",1998,1995,1995,-0.0015015015015015
"14842","14842",2175,985,997,-0.541609195402299
"14844","14844",2874,2874,2874,0
"14845","14845",2514,2514,2514,0
"14846","14846",1631,1631,1631,0
"14847","14847",5026,4846,4938,-0.0175089534421011
"14848","14848",3270,3270,3339,0.0211009174311927
"14849","14849",5681,5669,5764,0.0146101038549551
"14850","14850",5481,4921,4921,-0.102171136653895
"14851","14851",9597,9579,10122,0.0547045951859956
"14852","14852",2040,2033,1911,-0.0632352941176471
"14853","14853",1361,1339,1339,-0.0161645848640705
"14854","14854",4430,4429,4435,0.00112866817155756
"14855","14855",4038,4038,4270,0.0574541852402179
"14856","14856",4533,4536,4536,0.000661813368630046
"14857","14857",1579,1579,1579,0
"14858","14858",3171,3604,3168,-0.000946073793755913
"14859","14859",1222,1222,1222,0
"14860","14860",3035,3035,3035,0
"14861","14861",4143,2866,4150,0.00168959691045136
"14862","14862",2252,2206,2152,-0.044404973357016
"14863","14863",2787,2787,2795,0.00287047003946896
"18171","18171",2787,2787,2795,0.00287047003946896
"14864","14864",2412,2428,2748,0.139303482587065
"14865","14865",3847,3859,3903,0.014556797504549
"14866","14866",4242,4289,3467,-0.182696841112683
"14867","14867",10642,10642,10615,-0.00253711708325503
"14868","14868",3530,3530,3512,-0.00509915014164306
"14869","14869",1925,1918,1921,-0.00207792207792208
"14871","14871",3490,2778,2775,-0.20487106017192
"14873","14873",1441,1441,1926,0.336571825121443
"14875","14875",4659,4685,4685,0.00558059669456965
"14877","14877",6470,5827,5829,-0.0990726429675425
"14878","14878",1369,2670,2670,0.950328707085464
"14879","14879",8109,8109,8052,-0.00702922678505364
"14881","14881",10839,8388,8361,-0.2286188762801
"14882","14882",5033,5051,4263,-0.152990264255911
"14883","14883",933,933,901,-0.0342979635584137
"14884","14884",1412,1409,1408,-0.0028328611898017
"14885","14885",2250,2318,2317,0.0297777777777778
"18622","18622",2250,2318,2317,0.0297777777777778
"14886","14886",2577,2225,2231,-0.134264648816453
"14887","14887",3512,3266,3501,-0.00313211845102506
"14888","14888",3861,3792,3534,-0.0846930846930847
"14890","14890",4403,4054,4054,-0.0792641380876675
"14891","14891",3626,3590,3632,0.00165471594043023
"14893","14893",1969,1954,2083,0.0578974098527171
"14895","14895",1385,1385,1385,0
"18786","18786",1385,1385,1385,0
"14896","14896",1746,1771,2092,0.198167239404353
"14897","14897",3413,3416,3417,0.00117198945209493
"14898","14898",2856,2713,2713,-0.0500700280112045
"14899","14899",6794,6797,6403,-0.0575507801000883
"14900","14900",4236,4077,4085,-0.0356468366383381
"14901","14901",3053,3056,3056,0.000982640026203734
"14902","14902",1403,1403,1403,0
"14903","14903",1518,1513,1516,-0.00131752305665349
"14904","14904",4707,4705,4682,-0.00531123858083705
"14905","14905",3240,2280,2280,-0.296296296296296
"14906","14906",4903,3662,3270,-0.333061390985111
"14909","14909",2247,2250,2250,0.00133511348464619
"14910","14910",4915,4106,4045,-0.177009155645982
"14911","14911",2790,2675,2598,-0.0688172043010753
"14912","14912",1651,1651,1616,-0.0211992731677771
"14913","14913",3799,3800,3797,-0.000526454330086865
"14915","14915",4269,4086,4045,-0.052471304755212
"14916","14916",4569,4537,4537,-0.00700372072663603
"14917","14917",16096,15737,15720,-0.0233598409542744
"14918","14918",1422,1447,1446,0.0168776371308017
"14919","14919",2258,1900,1901,-0.158104517271922
"14920","14920",3805,3381,3381,-0.111432325886991
"14921","14921",4161,4161,4164,0.000720980533525595
"14922","14922",4543,4543,4543,0
"14923","14923",8342,8342,7734,-0.0728842004315512
"14924","14924",5314,6610,6867,0.292246894994355
"14925","14925",12980,12594,12571,-0.0315100154083205
"14926","14926",1242,1376,1377,0.108695652173913
"14927","14927",2622,2621,2627,0.001906941266209
"14928","14928",2001,2002,2002,0.000499750124937531
"14929","14929",3905,3840,3843,-0.0158770806658131
"14931","14931",7786,7809,8854,0.137169278191626
"14932","14932",3898,3898,3900,0.000513083632632119
"14933","14933",950,939,939,-0.0115789473684211
"14934","14934",5637,5616,5116,-0.0924250487848146
"14935","14935",2942,2905,2905,-0.0125764785859959
"14936","14936",3194,4264,4112,0.287413901064496
"18253","18253",3194,4264,4112,0.287413901064496
"14937","14937",3112,3100,3101,-0.00353470437017995
"14939","14939",1249,1250,1298,0.0392313851080865
"14940","14940",2779,3112,3374,0.214105793450882
"14941","14941",5772,5839,5822,0.00866250866250866
"14942","14942",4294,4368,4368,0.0172333488588728
"14943","14943",4801,4801,4801,0
"14944","14944",4811,4687,4687,-0.0257742673040948
"14945","14945",2850,2481,2481,-0.129473684210526
"14946","14946",1019,1081,1081,0.0608439646712463
"14947","14947",3016,2984,2984,-0.0106100795755968
"14949","14949",2570,2573,2573,0.00116731517509728
"14950","14950",6788,6804,6868,0.0117855038302887
"14951","14951",3087,3127,3153,0.021379980563654
"14952","14952",1021,1024,1024,0.0029382957884427
"14953","14953",1957,1957,2008,0.026060296371998
"14954","14954",1728,1780,2084,0.206018518518519
"14955","14955",5780,5693,5696,-0.0145328719723183
"14956","14956",2439,2439,2446,0.002870028700287
"14957","14957",1646,1625,1625,-0.0127582017010936
"14958","14958",1965,1965,1965,0
"14959","14959",4247,4229,4362,0.0270779373675536
"14961","14961",3796,3503,3503,-0.077186512118019
"14962","14962",8937,8491,8309,-0.0702696654358286
"14963","14963",5738,5738,5718,-0.00348553502962705
"14964","14964",2884,2886,2886,0.000693481276005548
"14965","14965",1298,873,988,-0.238828967642527
"14966","14966",2100,2318,2318,0.103809523809524
"18356","18356",2100,2318,2318,0.103809523809524
"14967","14967",1719,1803,1678,-0.0238510762070972
"14968","14968",953,953,954,0.00104931794333683
"14970","14970",7011,7017,6989,-0.00313792611610327
"14971","14971",3118,3118,2828,-0.0930083386786402
"14972","14972",9556,9536,9283,-0.0285684386772708
"14973","14973",3117,2624,2624,-0.158164902149503
"14974","14974",2811,3927,3927,0.39701173959445
"14975","14975",2095,2093,1899,-0.0935560859188544
"14976","14976",5369,5373,5376,0.00130378096479791
"14977","14977",7911,5217,4690,-0.407154594867905
"14978","14978",1418,1418,1416,-0.00141043723554302
"14979","14979",2322,2243,2243,-0.0340223944875108
"14981","14981",2849,2849,2726,-0.0431730431730432
"14982","14982",7555,6417,6392,-0.153937789543349
"14984","14984",1705,1705,1705,0
"14985","14985",5668,5668,5672,0.000705716302046577
"14986","14986",1889,1889,1834,-0.0291159343568025
"14987","14987",2497,2619,2619,0.0488586303564277
"14988","14988",4753,4759,4611,-0.0298758678729224
"14989","14989",2783,2783,2829,0.0165289256198347
"14990","14990",1711,1712,1709,-0.00116890707188778
"14991","14991",2869,2869,3242,0.130010456605089
"14992","14992",2231,2379,2266,0.0156880322725235
"14994","14994",1811,1909,2583,0.426283821093319
"14995","14995",6931,6728,6668,-0.0379454624152359
"14996","14996",3943,3933,3918,-0.0063403499873193
"14997","14997",4145,2833,2598,-0.373220747889023
"14998","14998",5059,5057,5288,0.0452658628187389
"14999","14999",8716,8717,8720,0.000458926112895824
"15000","15000",12217,11420,11391,-0.0676107063927314
"15001","15001",10298,10369,10363,0.0063119052243154
"15002","15002",2400,2731,2712,0.13
"15003","15003",6872,6161,6552,-0.0465657741559953
"15004","15004",4660,4599,4565,-0.0203862660944206
"15005","15005",3573,3513,3556,-0.0047579065211307
"15006","15006",2736,2739,2777,0.0149853801169591
"15007","15007",2777,2741,2741,-0.0129636298163486
"15008","15008",4642,3390,3393,-0.269065058164584
"15009","15009",16993,16298,16275,-0.0422526922850586
"17951","17951",16993,16298,16275,-0.0422526922850586
"15010","15010",1838,1674,1447,-0.212731229597388
"16114","16114",1838,1674,1447,-0.212731229597388
"15011","15011",4357,5021,4403,0.0105577232040395
"15012","15012",7766,7809,7800,0.00437805820242081
"15013","15013",2407,2085,2086,-0.133361030328209
"15014","15014",4090,4247,4246,0.0381418092909535
"15015","15015",1145,1039,1039,-0.0925764192139738
"15016","15016",4507,4475,4454,-0.0117594852451742
"15017","15017",6712,6798,7485,0.115166865315852
"15018","15018",5344,6217,6224,0.164670658682635
"15019","15019",4087,4131,4134,0.0114998776608759
"18986","18986",4087,4131,4134,0.0114998776608759
"15020","15020",14201,14571,15122,0.0648545877050912
"15021","15021",4604,4633,4633,0.00629887054735013
"15022","15022",13031,13173,13762,0.0560969994628194
"15023","15023",4528,3914,3913,-0.135821554770318
"15024","15024",6325,7438,6404,0.0124901185770751
"15025","15025",2077,2077,2074,-0.00144439094848339
"15026","15026",3391,3339,3580,0.0557357711589502
"15029","15029",1134,876,991,-0.126102292768959
"15030","15030",2203,2215,2215,0.00544711756695415
"15031","15031",4335,4335,4335,0
"15032","15032",3281,3281,3287,0.00182871075891497
"15033","15033",1408,1705,1405,-0.00213068181818182
"15034","15034",3237,3278,3285,0.0148285449490269
"15035","15035",2827,2829,2916,0.0314821365405023
"15036","15036",9548,9784,9708,0.0167574361122748
"15037","15037",8481,8481,8481,0
"15038","15038",2996,2998,2938,-0.0193591455273698
"15039","15039",3492,3492,3456,-0.0103092783505155
"15040","15040",6492,6492,6681,0.0291127541589649
"15041","15041",1709,1709,1709,0
"15042","15042",4874,4874,4875,0.000205170291341814
"15043","15043",9374,8348,8309,-0.113612118625987
"15044","15044",983,982,980,-0.00305188199389624
"15045","15045",4614,4117,4682,0.0147377546597313
"15046","15046",11792,11498,11476,-0.026797829036635
"15047","15047",2401,2422,2390,-0.00458142440649729
"15048","15048",8978,7508,7508,-0.163733570951214
"15049","15049",3037,3989,4021,0.324003951267698
"15050","15050",3547,3541,3542,-0.00140964195094446
"15051","15051",2001,1982,1983,-0.00899550224887556
"15052","15052",5672,5798,5798,0.0222143864598025
"15053","15053",1020,1020,1020,0
"15054","15054",1701,1697,1683,-0.0105820105820106
"15055","15055",5585,5585,5264,-0.0574753804834378
"15056","15056",1297,1511,1511,0.164996144949884
"15057","15057",869,928,928,0.0678941311852704
"15058","15058",2464,2464,2464,0
"15059","15059",9861,9780,10111,0.0253523983368827
"15060","15060",4636,4628,6209,0.339301121656601
"15061","15061",9141,9141,9122,-0.002078547204901
"15062","15062",4605,4459,3858,-0.162214983713355
"15063","15063",10206,10424,9420,-0.0770135214579659
"15064","15064",1546,1546,1589,0.0278137128072445
"15065","15065",4306,4377,4181,-0.0290292614955876
"15066","15066",937,991,939,0.00213447171824973
"15068","15068",3330,3653,3653,0.096996996996997
"15069","15069",3721,3635,3636,-0.0228433216877184
"15070","15070",926,926,926,0
"15071","15071",2906,2906,2906,0
"15072","15072",4627,4613,4618,-0.0019451048195375
"15073","15073",6152,6172,6149,-0.000487646293888166
"15074","15074",3293,3293,4503,0.367446097783176
"15075","15075",5379,5382,5469,0.0167317345231456
"15076","15076",5648,5509,5508,-0.0247875354107649
"15077","15077",5827,5827,3756,-0.355414449974258
"15078","15078",3226,3229,2699,-0.163360198388097
"15079","15079",952,887,887,-0.0682773109243697
"15080","15080",9474,7651,7622,-0.195482372809795
"15081","15081",8025,7325,7313,-0.0887227414330218
"15082","15082",2434,2434,2440,0.00246507806080526
"15083","15083",3371,3243,3243,-0.0379709285078612
"16923","16923",3371,3243,3243,-0.0379709285078612
"15084","15084",2010,2010,2010,0
"15085","15085",1758,1759,1759,0.000568828213879408
"15086","15086",12716,11438,10292,-0.190625983013526
"15089","15089",3987,4079,4041,0.0135440180586907
"15090","15090",10470,8010,7785,-0.256446991404011
"15091","15091",2759,2759,2760,0.000362450163102573
"15092","15092",2535,2535,2614,0.031163708086785
"15093","15093",2939,3174,3438,0.169785641374617
"15094","15094",2868,2868,2984,0.0404463040446304
"15095","15095",3574,3585,3585,0.00307778399552322
"15096","15096",5360,5360,5331,-0.00541044776119403
"15098","15098",3518,3522,2622,-0.254690164866401
"15099","15099",2585,2585,2482,-0.0398452611218569
"15100","15100",2134,2134,2135,0.000468603561387067
"15101","15101",7279,7070,7071,-0.0285753537573843
"15102","15102",1160,1160,1160,0
"15103","15103",7822,7816,5473,-0.300306826898491
"15104","15104",2608,2669,2669,0.0233895705521472
"15105","15105",3235,3153,3296,0.0188562596599691
"15106","15106",3257,3654,3710,0.139085047589807
"15107","15107",6089,6826,5890,-0.0326818853670553
"15109","15109",2600,2901,2900,0.115384615384615
"15110","15110",3386,3385,3427,0.0121086828115771
"15111","15111",2297,2469,2469,0.0748802786242926
"15112","15112",1525,2134,2134,0.399344262295082
"15113","15113",3597,4649,2673,-0.256880733944954
"15114","15114",1201,1201,1201,0
"15116","15116",3030,3019,2949,-0.0267326732673267
"15117","15117",6708,6579,4826,-0.280560524746571
"15118","15118",2292,2480,2551,0.113001745200698
"15119","15119",3708,3708,3711,0.000809061488673139
"15121","15121",940,1286,1260,0.340425531914894
"15123","15123",4936,4941,5015,0.0160048622366289
"15124","15124",2805,2805,2831,0.00926916221033868
"15125","15125",5247,5241,5252,0.000952925481227368
"15126","15126",4009,3944,3943,-0.0164629583437266
"15127","15127",4626,4898,4898,0.0587980977086035
"15128","15128",4378,4363,4363,-0.00342622201918684
"15129","15129",4413,3268,3271,-0.258780874688421
"15130","15130",5250,5257,5258,0.00152380952380952
"15132","15132",4383,4386,4212,-0.0390143737166324
"15133","15133",14073,13597,13569,-0.0358132594329567
"15134","15134",2274,2274,2274,0
"17937","17937",2274,2274,2274,0
"15136","15136",4704,4691,4692,-0.00255102040816327
"15137","15137",3749,4005,4005,0.0682848759669245
"15138","15138",3327,3330,3327,0
"15139","15139",2491,2343,2350,-0.0566037735849057
"15140","15140",1976,2181,2246,0.13663967611336
"15141","15141",5293,5908,5908,0.116191195919138
"15143","15143",5221,5221,5278,0.0109174487646045
"15144","15144",2093,2093,2093,0
"15145","15145",2672,2672,2869,0.0737275449101796
"15146","15146",4864,4917,4971,0.0219983552631579
"15147","15147",2664,4662,4662,0.75
"15148","15148",1889,2026,1986,0.0513499205929063
"15149","15149",2277,2129,2125,-0.0667545015371102
"15150","15150",4185,4197,4198,0.0031063321385902
"15151","15151",3985,3763,3771,-0.0537013801756587
"15152","15152",4549,3853,3858,-0.151901516816883
"15153","15153",4006,4002,3879,-0.0317024463305042
"15154","15154",3375,3531,3531,0.0462222222222222
"15156","15156",3550,3540,3447,-0.0290140845070423
"15157","15157",6671,6994,6246,-0.063708589416879
"15158","15158",6026,8416,7887,0.30882841022237
"15159","15159",2647,2647,4109,0.55232338496411
"15160","15160",1296,1296,1187,-0.0841049382716049
"15161","15161",7156,7104,7467,0.0434600335382895
"15162","15162",12944,9542,9514,-0.264987639060569
"15163","15163",1542,1542,1542,0
"15164","15164",5021,4656,4415,-0.12069308902609
"15165","15165",5408,5407,4271,-0.210244082840237
"15166","15166",6798,6807,6767,-0.00456016475433951
"15168","15168",10313,10313,9705,-0.0589547173470377
"15169","15169",1203,1203,1203,0
"15170","15170",2228,2228,2228,0
"18153","18153",2228,2228,2228,0
"15171","15171",3322,3322,3348,0.0078266104756171
"15172","15172",6401,6400,6632,0.0360881112326199
"15173","15173",1845,1845,1844,-0.000542005420054201
"15174","15174",2626,2588,1904,-0.274942878903275
"15175","15175",1790,1773,1290,-0.279329608938547
"15633","15633",1790,1773,1290,-0.279329608938547
"15178","15178",3867,2002,2002,-0.482286009826739
"15179","15179",2916,2909,2911,-0.00171467764060357
"15180","15180",2843,2847,2849,0.00211044671122054
"15181","15181",1644,1644,1435,-0.12712895377129
"15182","15182",1817,1817,1820,0.00165107319757843
"15183","15183",10147,9775,9839,-0.0303537991524589
"15184","15184",4826,4826,4826,0
"15185","15185",4133,4140,3990,-0.0345995644810065
"15186","15186",1557,1689,1692,0.0867052023121387
"15187","15187",1773,1774,1756,-0.0095882684715172
"15189","15189",6676,6667,7711,0.15503295386459
"15190","15190",5028,5029,5031,0.000596658711217184
"15191","15191",9986,10395,10528,0.0542759863809333
"15192","15192",2622,1685,1682,-0.358504958047292
"15193","15193",1772,1774,1834,0.0349887133182844
"15194","15194",4464,4464,4179,-0.0638440860215054
"15195","15195",3073,2976,2981,-0.0299381711682395
"15196","15196",2915,2915,2915,0
"15197","15197",3008,3007,2985,-0.00764627659574468
"15198","15198",4815,4444,4768,-0.00976116303219107
"15199","15199",3095,3172,3144,0.0158319870759289
"15201","15201",4810,4810,4824,0.00291060291060291
"15202","15202",4144,4383,4091,-0.0127895752895753
"15203","15203",4757,4777,5025,0.0563380281690141
"15204","15204",1936,1936,1995,0.0304752066115702
"15205","15205",1256,1256,1209,-0.0374203821656051
"15206","15206",5504,5493,5266,-0.0432412790697674
"15208","15208",4365,4369,4370,0.0011454753722795
"15209","15209",2585,2510,3175,0.228239845261122
"15212","15212",8238,7277,7278,-0.116533139111435
"15213","15213",6022,6054,6054,0.0053138492195284
"15214","15214",6157,6101,5988,-0.0274484326782524
"15216","15216",2972,2972,3131,0.0534993270524899
"15218","15218",2939,2907,2887,-0.0176930928887377
"15220","15220",2055,2055,2055,0
"16953","16953",2055,2055,2055,0
"15221","15221",2980,2893,2893,-0.0291946308724832
"15222","15222",2069,2069,2180,0.0536491058482359
"15223","15223",1974,1974,1974,0
"15224","15224",3020,3007,2890,-0.043046357615894
"15225","15225",10145,10150,10135,-0.00098570724494825
"15226","15226",7082,7060,6445,-0.0899463428410054
"15227","15227",7921,4527,4527,-0.428481252367125
"15228","15228",3459,3463,3459,0
"15229","15229",2597,2591,2591,-0.00231035810550635
"15230","15230",7402,7413,7413,0.00148608484193461
"15231","15231",8865,8998,8523,-0.0385786802030457
"15232","15232",3278,3278,3278,0
"15233","15233",1086,1217,1216,0.119705340699816
"15234","15234",3705,3703,3703,-0.000539811066126856
"15235","15235",5052,5052,5137,0.0168250197941409
"15236","15236",6179,6171,6203,0.00388412364460269
"15237","15237",4564,4690,4688,0.0271691498685364
"15238","15238",6938,6938,6914,-0.00345921014701643
"15240","15240",1338,1338,1293,-0.0336322869955157
"15241","15241",2903,2864,2626,-0.0954185325525319
"15242","15242",4541,4884,4886,0.0759744549658666
"15244","15244",885,886,744,-0.159322033898305
"15245","15245",3246,3249,3247,0.000308071472581639
"15246","15246",3695,3695,3625,-0.0189445196211096
"15247","15247",9587,8707,9506,-0.00844894127464275
"15248","15248",3111,3388,3108,-0.000964320154291225
"15249","15249",3519,3519,3516,-0.000852514919011083
"15250","15250",2660,3103,3103,0.166541353383459
"15252","15252",2981,3019,2666,-0.105669238510567
"15253","15253",3144,4882,4882,0.552798982188295
"15254","15254",2940,2773,4503,0.531632653061225
"15255","15255",6072,5488,5487,-0.0963438735177866
"15257","15257",5052,5053,5053,0.000197941409342835
"15258","15258",4918,4930,4931,0.00264335095567304
"15259","15259",2282,4159,4161,0.823400525854514
"15260","15260",968,968,968,0
"15261","15261",7535,7535,7408,-0.0168546781685468
"15262","15262",1129,1130,1059,-0.0620017714791851
"15263","15263",6434,6421,6403,-0.00481815355921666
"15264","15264",4395,5351,5425,0.234357224118316
"15265","15265",1531,1766,1765,0.152841280209014
"15266","15266",3514,3514,3515,0.000284575981787137
"15268","15268",8372,10295,8891,0.0619923554706163
"15269","15269",6765,6530,6531,-0.034589800443459
"15270","15270",2577,2582,2860,0.109817617384556
"15271","15271",4626,4669,4522,-0.0224816255944661
"15272","15272",8191,8690,8107,-0.010255158100354
"15274","15274",3912,3966,3546,-0.093558282208589
"15275","15275",1337,1337,1337,0
"15276","15276",8419,10186,8072,-0.0412162964722651
"15277","15277",4403,4435,4298,-0.0238473767885533
"15278","15278",1924,1904,1905,-0.00987525987525988
"15280","15280",12539,12464,12529,-0.000797511763298509
"15281","15281",3584,3674,3485,-0.0276227678571429
"15282","15282",5118,4564,4563,-0.108440797186401
"17115","17115",5118,4564,4563,-0.108440797186401
"15283","15283",1334,1334,1334,0
"15284","15284",5707,5709,5726,0.00332924478710356
"15285","15285",3276,2408,2408,-0.264957264957265
"15286","15286",1326,983,1254,-0.0542986425339367
"15287","15287",2141,2385,2386,0.114432508173751
"15288","15288",7788,7850,8127,0.0435285053929122
"15289","15289",11251,8640,8611,-0.234645809261399
"15290","15290",5163,6031,6260,0.212473368196785
"15291","15291",2896,2896,2897,0.000345303867403315
"15292","15292",1437,1405,1350,-0.0605427974947808
"15293","15293",6868,6980,6981,0.0164531158998253
"15294","15294",1826,1825,1841,0.00821467688937568
"15295","15295",2092,2092,1926,-0.0793499043977055
"15296","15296",7294,7092,7093,-0.027556896078969
"15298","15298",6459,6456,3836,-0.406100015482273
"15299","15299",3032,3032,3032,0
"15300","15300",7153,7167,7114,-0.00545225779393262
"15301","15301",1802,1837,1837,0.0194228634850166
"15302","15302",3204,2267,2267,-0.292446941323346
"15303","15303",17390,16847,16889,-0.0288096607245543
"15304","15304",1667,1606,1606,-0.0365926814637073
"15305","15305",7239,7190,7189,-0.00690703135792236
"15306","15306",5639,5406,3607,-0.360347579358042
"15307","15307",2679,2679,2642,-0.0138111235535648
"15309","15309",1961,1993,1993,0.0163182049974503
"15310","15310",2271,2340,1765,-0.222809335094672
"15311","15311",3319,3225,3230,-0.0268153058150045
"15312","15312",1980,2301,2296,0.15959595959596
"18579","18579",1980,2301,2296,0.15959595959596
"15313","15313",1658,1614,1585,-0.0440289505428227
"15314","15314",4600,4594,5144,0.118260869565217
"15315","15315",3948,3962,3966,0.00455927051671732
"15316","15316",1671,1685,1673,0.00119688809096349
"15317","15317",1974,1943,2102,0.0648429584599797
"15318","15318",9021,6855,7190,-0.202970845804235
"15319","15319",1836,1774,1753,-0.0452069716775599
"15320","15320",1470,1404,1380,-0.0612244897959184
"15321","15321",3398,3368,3368,-0.00882872277810477
"15322","15322",2230,2273,2274,0.0197309417040359
"15323","15323",6241,6246,6249,0.00128184585803557
"15324","15324",4200,4225,4191,-0.00214285714285714
"15325","15325",2500,2573,2573,0.0292
"15326","15326",9875,9873,10075,0.020253164556962
"15327","15327",3417,3411,2809,-0.177933860111209
"15328","15328",3041,2991,2929,-0.0368299901348241
"15329","15329",1409,1515,1515,0.0752306600425834
"15330","15330",9790,8039,7973,-0.185597548518897
"15332","15332",1687,1687,1682,-0.002963841138115
"15333","15333",1608,1608,1611,0.00186567164179104
"15334","15334",3172,3122,3122,-0.0157629255989912
"15335","15335",7935,8050,6702,-0.15538752362949
"15336","15336",4067,4049,4469,0.0988443570199164
"15337","15337",9898,9939,9758,-0.0141442715700141
"15338","15338",903,1113,1113,0.232558139534884
"15339","15339",9397,9403,9376,-0.00223475577311908
"15340","15340",4391,3593,3594,-0.181507629241631
"15342","15342",5616,2742,2257,-0.598112535612536
"15343","15343",3655,3906,3903,0.0678522571819425
"19991","19991",3655,3906,3903,0.0678522571819425
"15345","15345",1180,1159,1158,-0.0186440677966102
"15346","15346",3208,3210,3212,0.00124688279301746
"15347","15347",12417,12426,12409,-0.000644278005959572
"15348","15348",1495,1495,1495,0
"15349","15349",1298,1258,1258,-0.0308166409861325
"15350","15350",2496,2380,2188,-0.123397435897436
"15351","15351",4754,4466,4466,-0.0605805637358014
"15352","15352",3948,3964,3945,-0.000759878419452888
"15353","15353",4639,4639,4542,-0.0209096788100884
"15355","15355",2133,2366,2324,0.0895452414439756
"15356","15356",4120,4175,4446,0.079126213592233
"15357","15357",5951,5751,5759,-0.0322634851285498
"15358","15358",3009,3013,3013,0.00132934529744101
"15360","15360",3451,3456,3453,0.000579542161692263
"15361","15361",2993,2996,3009,0.00534580688272636
"15362","15362",2923,3064,3064,0.0482381115292508
"15363","15363",2408,2408,2408,0
"15364","15364",1267,1267,1267,0
"15365","15365",9117,10021,9982,0.0948777009981353
"15366","15366",4385,4386,4387,0.000456100342075257
"15368","15368",2647,2636,2636,-0.00415564790328674
"15369","15369",11241,10852,10647,-0.0528422738190552
"15370","15370",4465,4468,4747,0.0631578947368421
"15371","15371",1433,1441,1422,-0.00767620376831821
"15372","15372",4152,4119,3958,-0.0467244701348748
"15373","15373",1945,1914,1914,-0.0159383033419023
"15374","15374",3875,3873,4032,0.0405161290322581
"15375","15375",2099,2170,2169,0.0333492139113864
"19640","19640",2099,2170,2169,0.0333492139113864
"15376","15376",10770,10124,11049,0.0259052924791086
"15377","15377",2540,2540,2989,0.176771653543307
"15380","15380",6738,6738,6694,-0.00653012763431285
"15381","15381",4621,4329,4430,-0.0413330447954988
"15382","15382",15918,13518,13489,-0.15259454705365
"15383","15383",5940,5940,5940,0
"15384","15384",9389,9345,8978,-0.0437746298860369
"15385","15385",5452,5367,5374,-0.0143066764490095
"15386","15386",5552,5683,5502,-0.00900576368876081
"15387","15387",5336,5383,5101,-0.0440404797601199
"15388","15388",2973,3937,3937,0.324251597712748
"15389","15389",3163,3303,3284,0.0382548213721151
"15390","15390",2255,1325,1320,-0.414634146341463
"15391","15391",1914,1910,1909,-0.0026123301985371
"15394","15394",3060,3060,3040,-0.0065359477124183
"15395","15395",7806,7613,7614,-0.0245964642582629
"15396","15396",5450,5453,5451,0.00018348623853211
"15397","15397",7613,8155,8156,0.0713253645080783
"15398","15398",3081,3015,3017,-0.020772476468679
"15399","15399",3618,3643,3733,0.0317855168601437
"15401","15401",5728,5728,5825,0.0169343575418994
"15402","15402",5174,5296,5354,0.0347893312717433
"15403","15403",1865,1868,1854,-0.00589812332439678
"15404","15404",2629,2629,2636,0.00266260935717003
"15405","15405",3412,3527,3197,-0.0630128956623681
"15406","15406",3122,3149,3118,-0.00128122998078155
"15407","15407",6748,6748,6699,-0.00726141078838174
"15408","15408",3260,2968,2791,-0.143865030674847
"15409","15409",1180,1339,1189,0.0076271186440678
"15410","15410",3204,3204,3206,0.000624219725343321
"15411","15411",6078,6075,6692,0.101020072392234
"15412","15412",2116,2117,2115,-0.000472589792060492
"15413","15413",2276,2285,2278,0.000878734622144112
"15414","15414",1495,1495,1432,-0.0421404682274247
"15415","15415",7114,7103,6166,-0.13325836378971
"15416","15416",6639,7196,7110,0.0709444193402621
"15418","15418",1848,1848,1846,-0.00108225108225108
"15419","15419",1344,1344,1418,0.0550595238095238
"15421","15421",5099,5221,5222,0.0241223769366542
"15422","15422",1981,1981,2291,0.156486622917718
"15423","15423",2445,2307,2310,-0.0552147239263804
"15424","15424",1136,1415,1457,0.282570422535211
"15425","15425",840,940,638,-0.24047619047619
"15427","15427",8320,8320,9718,0.168028846153846
"15428","15428",13098,14508,14557,0.111391052069018
"15429","15429",4036,3841,3841,-0.0483151635282458
"15430","15430",1457,1255,1256,-0.137954701441318
"15432","15432",608,964,857,0.409539473684211
"15433","15433",3042,2891,3056,0.00460223537146614
"15434","15434",3881,3880,3776,-0.0270548827621747
"15435","15435",10307,10722,10653,0.033569418841564
"15436","15436",1406,1406,1406,0
"15437","15437",5427,5427,5490,0.0116086235489221
"15438","15438",5044,5044,5015,-0.00574940523394132
"15440","15440",1011,1061,1370,0.355093966369931
"15441","15441",5950,5950,5921,-0.00487394957983193
"15442","15442",1137,1137,1089,-0.0422163588390501
"15443","15443",1528,1527,1526,-0.00130890052356021
"15444","15444",4556,4153,4154,-0.0882352941176471
"15445","15445",1382,1382,1383,0.000723589001447178
"15446","15446",2956,3030,3133,0.0598782138024357
"15447","15447",7249,5731,5651,-0.22044419919989
"15448","15448",3479,3475,3183,-0.0850819200919805
"15449","15449",4469,4814,4784,0.0704855672409935
"15450","15450",2686,2877,2790,0.0387192851824274
"15452","15452",3961,4075,4076,0.0290330724564504
"15453","15453",2594,2595,2632,0.0146491904394757
"15454","15454",7170,7610,7571,0.0559274755927476
"15456","15456",6486,6507,6505,0.00292938637064447
"15457","15457",1035,1059,1059,0.0231884057971014
"15460","15460",2565,2567,2567,0.000779727095516569
"15461","15461",2668,2691,2621,-0.017616191904048
"15462","15462",4984,5033,5014,0.00601926163723917
"15463","15463",3588,3588,3633,0.0125418060200669
"15464","15464",4344,4467,4350,0.00138121546961326
"15465","15465",4411,4411,4375,-0.00816141464520517
"15466","15466",15673,15067,15044,-0.0401327123077905
"15467","15467",2915,2926,2971,0.0192109777015437
"15468","15468",3307,3304,3431,0.0374962201390989
"15469","15469",3416,4248,4245,0.24268149882904
"15470","15470",10217,10180,10252,0.0034256631105021
"15471","15471",3775,3695,3697,-0.0206622516556291
"15472","15472",3521,3520,3520,-0.000284010224368077
"15473","15473",916,929,929,0.0141921397379913
"15475","15475",5110,5154,5154,0.0086105675146771
"15476","15476",2564,2564,2772,0.0811232449297972
"15477","15477",5352,5360,5385,0.00616591928251121
"15479","15479",5348,5345,5276,-0.0134629768137622
"15480","15480",3573,3573,3771,0.0554156171284635
"15482","15482",2886,2854,2846,-0.0138600138600139
"15483","15483",3943,3778,3777,-0.0420999239158002
"15484","15484",3561,3561,3598,0.0103903397921932
"15485","15485",3218,3211,3213,-0.00155376009944065
"15486","15486",1680,1681,1681,0.000595238095238095
"15487","15487",1952,1952,2005,0.0271516393442623
"15488","15488",3922,3569,3569,-0.0900050994390617
"15489","15489",6257,6171,6207,-0.00799105002397315
"15491","15491",6812,6801,7523,0.104374633000587
"15492","15492",1813,1814,1814,0.000551571980143409
"15493","15493",2752,2645,2644,-0.0392441860465116
"15494","15494",4666,4664,5390,0.155165023574796
"15495","15495",6776,6873,6873,0.0143152302243211
"15496","15496",2965,2966,2882,-0.0279932546374368
"15497","15497",1249,1249,1252,0.00240192153722978
"15498","15498",2635,2216,2216,-0.159013282732448
"18211","18211",2635,2216,2216,-0.159013282732448
"15499","15499",4315,4210,4252,-0.0146002317497103
"15500","15500",3970,4097,4096,0.0317380352644836
"15501","15501",3775,3926,3839,0.016953642384106
"15502","15502",5110,4444,4443,-0.130528375733855
"15504","15504",2335,2335,2335,0
"15505","15505",1125,1125,1125,0
"15506","15506",2108,2108,2108,0
"15507","15507",6560,6417,6558,-0.000304878048780488
"15508","15508",4445,3916,4133,-0.0701912260967379
"15509","15509",5240,5895,5896,0.125190839694656
"15510","15510",2466,2466,2644,0.0721816707218167
"15511","15511",6235,6233,6208,-0.00433039294306335
"15512","15512",1757,1761,1773,0.00910643141718839
"15514","15514",1890,1945,1945,0.0291005291005291
"15516","15516",3034,3023,3023,-0.0036255767963085
"15517","15517",4543,4779,4629,0.0189302223200528
"15518","15518",3201,4040,3570,0.115276476101218
"15519","15519",5795,5838,5731,-0.0110440034512511
"15520","15520",12177,12922,12907,0.0599490843393282
"15521","15521",8870,8903,8844,-0.00293122886133033
"15522","15522",4392,4275,4084,-0.0701275045537341
"15523","15523",4295,4223,5199,0.210477299185099
"15525","15525",2129,2128,2131,0.000939408172851104
"15526","15526",7810,7853,7672,-0.0176696542893726
"15527","15527",2082,2081,2081,-0.00048030739673391
"15528","15528",5503,5610,5641,0.0250772306014901
"15529","15529",10964,10629,10544,-0.0383071871579715
"15530","15530",3878,3896,3898,0.00515729757607014
"15531","15531",1420,1459,1459,0.0274647887323944
"15532","15532",2413,2411,2409,-0.00165768752590137
"15535","15535",5229,6106,6067,0.160260087970931
"15536","15536",6068,6068,6063,-0.000823994726433751
"15537","15537",3719,3958,3958,0.0642645872546384
"15538","15538",1345,1345,1345,0
"15540","15540",8077,8051,9340,0.156369939333911
"15541","15541",4059,4059,4060,0.000246366100024637
"15542","15542",6089,6089,6129,0.00656922318935786
"15543","15543",1994,2042,1318,-0.33901705115346
"15544","15544",2317,2569,2569,0.108761329305136
"15545","15545",2925,2879,2873,-0.0177777777777778
"15546","15546",5984,5965,7178,0.199532085561497
"15547","15547",4638,4638,4782,0.0310478654592497
"15548","15548",3932,3926,5360,0.363173957273652
"15549","15549",5126,5125,5049,-0.0150214592274678
"15550","15550",4572,4572,4842,0.0590551181102362
"15551","15551",7516,7540,6771,-0.0991218733368813
"15552","15552",1521,1521,1411,-0.0723208415516108
"15553","15553",3953,3997,3996,0.0108778143182393
"15554","15554",4569,4569,4368,-0.0439921208141825
"15555","15555",5671,3297,3267,-0.423911126785399
"15556","15556",2076,2076,2076,0
"15558","15558",9900,9850,9267,-0.0639393939393939
"15561","15561",1212,1224,1224,0.0099009900990099
"17479","17479",1212,1224,1224,0.0099009900990099
"15562","15562",3109,3672,3685,0.185268575104535
"15564","15564",5585,5585,5378,-0.0370635631154879
"15565","15565",4050,4044,3507,-0.134074074074074
"15566","15566",8372,7920,7699,-0.0803870043000478
"15567","15567",6878,7197,7481,0.0876708345449258
"15568","15568",3764,3776,3788,0.00637619553666312
"15570","15570",5420,4823,4840,-0.107011070110701
"15571","15571",1473,1473,1485,0.00814663951120163
"15573","15573",14909,14350,14327,-0.0390368233952646
"15574","15574",6942,6249,5996,-0.136271967732642
"15575","15575",3229,3230,3233,0.00123877361412202
"15576","15576",4045,3769,3767,-0.0687268232385661
"15577","15577",4214,3498,3498,-0.169909824394874
"15579","15579",3221,4704,4342,0.348028562558212
"15580","15580",4078,3372,3365,-0.174840608141246
"15581","15581",1278,1278,1278,0
"15582","15582",5090,5252,5089,-0.000196463654223969
"15583","15583",5344,4470,4470,-0.163547904191617
"15584","15584",4667,4609,4445,-0.0475680308549389
"15585","15585",5212,6028,6092,0.168841135840368
"15586","15586",9085,8979,9366,0.0309301045679692
"15587","15587",2588,3362,3348,0.293663060278207
"15589","15589",5636,5756,5639,0.000532292405961675
"15590","15590",3426,3424,3376,-0.0145942790426153
"15594","15594",7790,6572,7014,-0.099614890885751
"15595","15595",1146,1146,1145,-0.00087260034904014
"15597","15597",7343,5868,5868,-0.200871578373962
"15598","15598",8797,8186,8128,-0.0760486529498693
"15599","15599",1943,1943,1943,0
"15600","15600",2358,2359,2275,-0.0351993214588634
"15602","15602",3129,3032,2865,-0.0843720038350911
"15603","15603",2414,2415,2405,-0.00372825186412593
"15604","15604",4333,4333,4341,0.00184629586891299
"15605","15605",2389,2389,2389,0
"15606","15606",4753,4755,4692,-0.0128339995792131
"15607","15607",4236,4630,4628,0.0925401322001889
"15608","15608",2761,2918,3034,0.0988772183991307
"15609","15609",3294,3180,3293,-0.000303582270795386
"15610","15610",4448,4444,4413,-0.00786870503597122
"15613","15613",2237,2239,2222,-0.00670540902995083
"15614","15614",7184,7184,7155,-0.00403674832962138
"15615","15615",7634,7757,7742,0.0141472360492533
"15616","15616",2025,2561,1686,-0.167407407407407
"15617","15617",3054,2848,3090,0.0117878192534381
"15618","15618",2601,2601,2601,0
"15620","15620",4124,4124,4124,0
"15621","15621",7897,7774,7867,-0.00379891097885273
"15622","15622",2990,2985,3133,0.0478260869565217
"15623","15623",1266,1266,1235,-0.0244865718799368
"15624","15624",5282,5283,5283,0.000189322226429383
"15625","15625",5657,5422,6061,0.0714159448470921
"15626","15626",5953,5754,5755,-0.033260540903746
"15627","15627",1474,1445,1443,-0.0210312075983718
"15628","15628",12934,12873,12397,-0.041518478428947
"15629","15629",2208,2209,2209,0.000452898550724638
"15631","15631",2054,2024,2024,-0.0146056475170399
"15632","15632",2383,2468,2468,0.0356693243810323
"15634","15634",4063,4065,4069,0.00147674132414472
"15635","15635",10806,10806,10820,0.00129557653155654
"15636","15636",1483,1483,1483,0
"18628","18628",1483,1483,1483,0
"15638","15638",2488,2105,3191,0.282556270096463
"15639","15639",4007,4007,4007,0
"15640","15640",13564,13932,13941,0.02779416101445
"15641","15641",4053,4053,3953,-0.0246730816679003
"15642","15642",2400,1211,1211,-0.495416666666667
"15643","15643",1877,1877,1872,-0.0026638252530634
"15644","15644",4013,4042,4030,0.00423623224520309
"15645","15645",2378,2320,2319,-0.0248107653490328
"15646","15646",3398,3397,3327,-0.0208946439081813
"15647","15647",1950,1950,1956,0.00307692307692308
"15648","15648",2562,4241,4238,0.654176424668228
"15649","15649",6089,5354,5354,-0.120709476104451
"15650","15650",4670,4802,4244,-0.091220556745182
"15651","15651",1714,1714,1711,-0.00175029171528588
"15652","15652",2169,2404,2387,0.1005071461503
"15653","15653",2201,2201,5572,1.53157655611086
"15655","15655",4037,4030,3844,-0.0478077780530097
"15656","15656",3928,3931,4117,0.0481160896130346
"15657","15657",2886,2825,2615,-0.0939015939015939
"15658","15658",2520,2520,2520,0
"15659","15659",4713,4211,4020,-0.147040101845958
"15660","15660",3989,3989,3983,-0.00150413637503134
"15661","15661",2946,2816,2816,-0.0441276306856755
"15662","15662",2870,2869,2108,-0.265505226480836
"15663","15663",2024,2024,2022,-0.000988142292490119
"15664","15664",6207,6178,5975,-0.0373771548251974
"15665","15665",2175,2175,2849,0.309885057471264
"15666","15666",4432,4454,4453,0.00473826714801444
"15667","15667",8816,8673,9393,0.0654491833030853
"15668","15668",1812,1812,1813,0.000551876379690949
"15669","15669",1695,1799,1800,0.0619469026548673
"15670","15670",5554,7247,7249,0.305185451926539
"15672","15672",4648,4506,4517,-0.028184165232358
"15673","15673",1592,1592,1588,-0.00251256281407035
"15674","15674",5140,5055,5050,-0.0175097276264591
"15675","15675",4306,4306,4173,-0.0308871342313052
"15676","15676",3418,3493,3032,-0.112931538911644
"15678","15678",9082,9270,9232,0.0165161858621449
"15679","15679",8704,8612,8705,0.000114889705882353
"15680","15680",4301,4404,3917,-0.0892815624273425
"15682","15682",3171,3171,3099,-0.0227057710501419
"15684","15684",4294,4415,4444,0.0349324639031206
"15686","15686",1444,1432,1512,0.0470914127423823
"15687","15687",2820,2791,2795,-0.00886524822695036
"15688","15688",3618,2265,2265,-0.373963515754561
"15689","15689",3316,3613,3103,-0.0642340168878166
"15690","15690",3850,3828,3836,-0.00363636363636364
"15691","15691",3953,3925,3925,-0.00708322792815583
"15693","15693",2905,3122,3108,0.0698795180722892
"15694","15694",2987,2849,2749,-0.0796786072982926
"15695","15695",9048,9048,9007,-0.00453138815207781
"15696","15696",4530,4363,4361,-0.0373068432671082
"15697","15697",3965,3966,3949,-0.00403530895334174
"18695","18695",3965,3966,3949,-0.00403530895334174
"15698","15698",2045,2045,2198,0.0748166259168704
"15699","15699",2861,2872,2872,0.00384480950716533
"15700","15700",2880,2880,2880,0
"15702","15702",4056,4176,7744,0.909270216962525
"15703","15703",3582,3504,3504,-0.0217755443886097
"15704","15704",2196,1753,1718,-0.217668488160291
"15705","15705",2648,2648,2227,-0.158987915407855
"15706","15706",5482,5480,7339,0.338744983582634
"15707","15707",9018,10315,10308,0.143047238855622
"15708","15708",3432,3430,3401,-0.00903263403263403
"15709","15709",4414,4414,4138,-0.0625283189850476
"15710","15710",2112,1174,1174,-0.444128787878788
"15714","15714",1523,1795,1623,0.0656598818122127
"15715","15715",9092,9076,8599,-0.0542234931808183
"15716","15716",2523,2379,2312,-0.0836305984938565
"15717","15717",3743,3818,3818,0.0200374031525514
"15718","15718",6393,5810,5824,-0.0890035976849679
"15720","15720",2998,2998,2973,-0.00833889259506338
"15723","15723",4188,4155,4155,-0.00787965616045845
"15725","15725",3875,3940,3854,-0.00541935483870968
"15726","15726",4187,4196,3758,-0.10245999522331
"15727","15727",2304,2426,2426,0.0529513888888889
"15728","15728",5554,5552,5552,-0.000360100828231905
"15729","15729",3589,3593,3606,0.00473669545834494
"15730","15730",6996,5130,5103,-0.270583190394511
"15731","15731",2953,2802,2588,-0.123603115475787
"15732","15732",4702,4664,4662,-0.00850701829008932
"15733","15733",1724,1674,783,-0.545823665893271
"15735","15735",4465,4253,4352,-0.0253079507278835
"15736","15736",3190,3190,3202,0.00376175548589342
"15737","15737",12744,12115,12107,-0.0499843063402385
"15738","15738",2528,2467,2420,-0.0427215189873418
"15739","15739",14283,14082,13888,-0.0276552544983547
"15741","15741",9201,9010,8963,-0.0258667536137376
"15742","15742",3624,3592,2357,-0.349613686534216
"15743","15743",4830,4834,4833,0.00062111801242236
"15744","15744",2085,2068,2069,-0.00767386091127098
"19545","19545",2085,2068,2069,-0.00767386091127098
"15745","15745",2487,1803,1803,-0.27503015681544
"15746","15746",5266,5266,5359,0.0176604633497911
"15747","15747",2432,2385,2390,-0.0172697368421053
"15748","15748",3962,3812,3812,-0.0378596668349319
"15749","15749",12578,9449,9418,-0.251232310383209
"15750","15750",4116,4240,1987,-0.517249757045675
"15752","15752",8441,8181,8299,-0.0168226513446274
"15753","15753",5203,4533,4773,-0.0826446280991736
"15754","15754",1938,1524,1524,-0.213622291021672
"15755","15755",5112,5289,5250,0.0269953051643192
"15756","15756",1411,1409,1409,-0.00141743444365698
"15757","15757",4714,4656,4656,-0.0123037759864234
"15758","15758",3181,3281,3100,-0.0254636906633134
"15759","15759",3317,3318,3318,0.000301477238468496
"15760","15760",4554,5008,5008,0.0996925779534475
"15761","15761",9418,9347,9256,-0.0172011042684222
"15762","15762",6044,6072,6229,0.0306088682991396
"15763","15763",2455,2458,2358,-0.0395112016293279
"15764","15764",4594,4592,5234,0.139312146277754
"15765","15765",2843,2837,2717,-0.0443193809356314
"15766","15766",2995,2967,2968,-0.00901502504173623
"15767","15767",7125,7959,7953,0.116210526315789
"15768","15768",1048,1048,1060,0.0114503816793893
"15769","15769",5983,5995,5995,0.00200568276784222
"15772","15772",2820,2839,2840,0.00709219858156028
"15773","15773",1412,1412,1412,0
"15775","15775",3615,3615,3836,0.061134163208852
"15776","15776",9956,10862,10876,0.0924065889915629
"15777","15777",2088,2106,2017,-0.0340038314176245
"15778","15778",4124,3924,3899,-0.0545586808923375
"15779","15779",4276,4615,4478,0.0472404115996258
"15781","15781",1368,1368,1368,0
"15782","15782",5825,6033,5659,-0.0284978540772532
"15783","15783",8001,8013,8013,0.00149981252343457
"15784","15784",3700,3732,3729,0.00783783783783784
"15785","15785",5003,5007,5007,0.000799520287827304
"15786","15786",2770,1993,2248,-0.188447653429603
"19047","19047",2770,1993,2248,-0.188447653429603
"15787","15787",4496,4070,4060,-0.0969750889679715
"15790","15790",2226,2345,2626,0.179694519317161
"15791","15791",1441,1441,1172,-0.186675919500347
"15792","15792",2368,2715,4091,0.727618243243243
"15793","15793",2719,2780,2780,0.0224347186465612
"15794","15794",5628,5628,5629,0.000177683013503909
"15795","15795",1435,1429,1179,-0.178397212543554
"15797","15797",10342,8642,8636,-0.164958421968671
"15798","15798",3664,3664,3665,0.00027292576419214
"15799","15799",3869,3769,3924,0.0142155595761179
"15800","15800",12751,11991,12215,-0.0420359187514705
"15801","15801",1811,1813,1813,0.00110436223081171
"15802","15802",1626,1635,1635,0.00553505535055351
"15803","15803",2598,2614,2614,0.00615858352578907
"15804","15804",3590,3013,3013,-0.160724233983287
"15805","15805",2561,2562,2564,0.00117141741507224
"15807","15807",3602,3601,3598,-0.00111049416990561
"15809","15809",5717,5666,5666,-0.00892076263774707
"15810","15810",3112,3094,3391,0.0896529562982005
"15811","15811",7915,7919,7921,0.000758054327226785
"15812","15812",2983,2970,2988,0.00167616493462957
"15813","15813",2624,2438,2438,-0.0708841463414634
"15814","15814",1210,1210,1131,-0.0652892561983471
"15816","15816",4899,4899,4899,0
"15817","15817",2792,2792,2832,0.0143266475644699
"15818","15818",4359,4359,4359,0
"15819","15819",9366,9851,9809,0.0472987401238522
"15820","15820",7845,8699,7915,0.00892288081580625
"15821","15821",3756,3753,3999,0.0646964856230032
"15822","15822",7981,7110,7908,-0.00914672346823706
"15823","15823",2246,1854,1854,-0.17453250222618
"15824","15824",1618,1412,1412,-0.127317676143387
"15825","15825",2213,2213,2213,0
"15826","15826",3197,3192,3192,-0.00156396621832968
"15827","15827",4447,4592,4750,0.0681358219024061
"15828","15828",4126,4168,4358,0.056228793019874
"15830","15830",4300,4339,4369,0.016046511627907
"15832","15832",2714,2714,2675,-0.0143699336772292
"15833","15833",1754,1741,1741,-0.00741163055872292
"15835","15835",3001,3001,2988,-0.00433188937020993
"15836","15836",1228,1234,1522,0.239413680781759
"15837","15837",2048,2049,2049,0.00048828125
"15838","15838",2863,3101,3066,0.0709046454767726
"15839","15839",1813,1813,1864,0.0281301709873138
"15840","15840",2988,3004,2759,-0.0766398929049531
"15841","15841",1822,1822,1830,0.00439077936333699
"16253","16253",1822,1822,1830,0.00439077936333699
"15843","15843",6043,5628,5949,-0.0155551878206189
"15844","15844",4449,4418,4417,-0.00719262755675433
"15845","15845",4650,4049,4049,-0.129247311827957
"15846","15846",3153,3153,3334,0.0574056454170631
"15847","15847",3763,3763,3881,0.031357959075206
"15848","15848",2737,2850,2786,0.0179028132992327
"15849","15849",1670,2057,2052,0.22874251497006
"15850","15850",2602,2602,2599,-0.00115295926210607
"15851","15851",2027,2024,2024,-0.00148001973359645
"15852","15852",3513,3510,3588,0.0213492741246798
"15853","15853",4220,4220,4191,-0.00687203791469194
"15854","15854",1900,1887,1887,-0.0068421052631579
"15855","15855",1217,1217,1217,0
"19417","19417",1217,1217,1217,0
"15856","15856",8116,8120,8129,0.00160177427304091
"15857","15857",5907,5832,5836,-0.0120196377179617
"15858","15858",2310,2308,2404,0.0406926406926407
"15859","15859",6453,6453,6454,0.000154966682163335
"15860","15860",3338,2982,2987,-0.105152786099461
"15862","15862",4367,4363,4133,-0.0535836959010763
"15863","15863",848,902,1576,0.858490566037736
"15864","15864",3932,3926,3918,-0.00356052899287894
"15866","15866",2326,2264,2264,-0.0266552020636285
"15867","15867",5088,5130,5131,0.00845125786163522
"15868","15868",6359,3798,3798,-0.402736279289196
"15870","15870",1470,1469,1469,-0.000680272108843537
"15871","15871",3064,2875,2876,-0.0613577023498695
"15872","15872",6103,5831,5831,-0.0445682451253482
"15873","15873",2126,2169,2169,0.0202257761053622
"15874","15874",7250,7263,7254,0.000551724137931035
"15875","15875",4393,4396,4396,0.000682904620987935
"15876","15876",4954,4957,4904,-0.0100928542591845
"15878","15878",2804,2806,2805,0.000356633380884451
"15879","15879",2304,2304,2304,0
"15880","15880",2802,2802,2801,-0.000356887937187723
"15882","15882",5932,5784,6359,0.0719824679703304
"15884","15884",8140,8143,8142,0.000245700245700246
"15885","15885",8164,8179,8238,0.00906418422341989
"15886","15886",3521,3519,4233,0.202215279750071
"15887","15887",3037,4107,4139,0.362858083635166
"15888","15888",3317,3317,3315,-0.000602954476936991
"15890","15890",4112,4090,4230,0.0286964980544747
"15891","15891",1196,1196,1196,0
"15894","15894",3447,3578,3234,-0.061792863359443
"15895","15895",6694,6650,6648,-0.00687182551538691
"15896","15896",2470,2865,2865,0.159919028340081
"15897","15897",5549,5680,5476,-0.0131555235177509
"15898","15898",5207,5488,5369,0.0311119646629537
"15899","15899",984,984,984,0
"15900","15900",1888,1888,2781,0.472987288135593
"15901","15901",4746,5189,5188,0.0931310577328276
"15903","15903",9800,9545,11058,0.128367346938776
"15904","15904",5647,5614,5614,-0.00584381087302993
"15905","15905",5615,6016,6005,0.0694568121104185
"15906","15906",2245,2245,2422,0.0788418708240535
"15907","15907",7769,7978,8553,0.100913888531343
"15908","15908",4293,2773,2773,-0.35406475658048
"15909","15909",3026,3024,3011,-0.00495703899537343
"15910","15910",12817,12783,12789,-0.00218459858001092
"15911","15911",3460,3458,3332,-0.0369942196531792
"15912","15912",3719,3719,3719,0
"15913","15913",7741,5570,5571,-0.280325539336003
"15914","15914",3511,3511,3511,0
"15915","15915",2256,2204,2204,-0.0230496453900709
"15916","15916",4018,3777,3864,-0.0383275261324042
"15917","15917",8573,9842,10178,0.18721567712586
"15918","15918",2773,1836,1835,-0.33826181031374
"15919","15919",2303,2328,2157,-0.0633955709943552
"15920","15920",4632,4628,4775,0.0308721934369603
"15921","15921",3745,3746,4205,0.12283044058745
"15922","15922",1535,1541,1556,0.0136807817589577
"15924","15924",12684,10677,11093,-0.125433617155471
"15926","15926",4562,4678,4661,0.02170100832968
"15927","15927",5112,4909,4857,-0.0498826291079812
"15928","15928",3170,3193,3193,0.00725552050473186
"15929","15929",3028,3028,3022,-0.00198150594451783
"15930","15930",2028,2019,2019,-0.00443786982248521
"15931","15931",1139,1139,1139,0
"15933","15933",3490,3490,3393,-0.0277936962750716
"15935","15935",1750,1749,1749,-0.000571428571428571
"19057","19057",1750,1749,1749,-0.000571428571428571
"15936","15936",1454,1568,1566,0.0770288858321871
"15937","15937",6391,6659,6613,0.03473634798936
"15938","15938",3257,3257,3239,-0.00552655818237642
"15939","15939",4987,4967,5181,0.0389011429717265
"15940","15940",4374,4385,4355,-0.00434385002286237
"15941","15941",2658,2531,2510,-0.0556809631301731
"15942","15942",6136,6103,5884,-0.0410691003911343
"15943","15943",2658,2658,2611,-0.0176824680210685
"15944","15944",3174,3174,3122,-0.0163831127914304
"15945","15945",2886,2945,2945,0.0204435204435204
"15946","15946",2057,2057,2024,-0.0160427807486631
"15948","15948",934,934,1170,0.252676659528908
"15949","15949",6097,6036,6038,-0.0096768902739052
"15950","15950",1777,1445,1445,-0.186831738885763
"15951","15951",6934,7007,7478,0.0784539948081915
"15952","15952",5630,5631,5646,0.00284191829484902
"15953","15953",5085,5101,5878,0.155948869223205
"15954","15954",12898,11779,11701,-0.0928050860598542
"15955","15955",10686,10688,10538,-0.0138498970615759
"15956","15956",7063,7063,7261,0.0280334135636415
"15957","15957",7159,7434,7392,0.0325464450342227
"15958","15958",2624,2612,2611,-0.00495426829268293
"16623","16623",2624,2612,2611,-0.00495426829268293
"15959","15959",2843,2643,2643,-0.0703482237073514
"15960","15960",3776,3776,3771,-0.00132415254237288
"15961","15961",5031,5032,4994,-0.00735440270323991
"15962","15962",910,880,880,-0.032967032967033
"15963","15963",6589,7525,7487,0.136287752314463
"15964","15964",4799,4204,4239,-0.116690977286935
"15965","15965",4526,4525,4525,-0.000220945647370747
"15966","15966",3976,4026,3971,-0.00125754527162978
"15967","15967",2580,2531,2586,0.00232558139534884
"15968","15968",12128,12019,11640,-0.0402374670184697
"15969","15969",5451,5359,5358,-0.0170610897083104
"15970","15970",3203,3646,3630,0.133312519512957
"15971","15971",4003,4015,4015,0.00299775168623532
"15973","15973",1351,1351,1354,0.00222057735011103
"15974","15974",1831,1234,1234,-0.32605133806663
"15975","15975",5270,5200,5263,-0.00132827324478178
"15976","15976",3616,3625,3625,0.00248893805309735
"15977","15977",2078,2044,1837,-0.115976900866218
"15978","15978",1582,2030,2025,0.280025284450063
"15979","15979",3733,3302,3533,-0.0535762121618002
"15980","15980",12038,12038,11985,-0.00440272470510051
"15981","15981",3628,4468,4313,0.188809261300992
"15982","15982",2711,2711,2711,0
"15983","15983",4198,4210,4210,0.0028585040495474
"15984","15984",7215,5562,5557,-0.22979902979903
"15985","15985",3810,2825,2824,-0.258792650918635
"15986","15986",10285,7069,7003,-0.319105493437044
"15988","15988",8362,8366,8341,-0.00251136091844056
"15989","15989",3134,3134,3140,0.001914486279515
"15990","15990",3268,3268,3268,0
"15991","15991",1620,1594,1595,-0.0154320987654321
"15992","15992",2905,2869,2795,-0.0378657487091222
"15993","15993",5046,5485,5424,0.074910820451843
"15994","15994",2862,2862,2809,-0.0185185185185185
"19613","19613",2862,2862,2809,-0.0185185185185185
"15995","15995",1574,1428,1428,-0.0927573062261754
"18203","18203",1574,1428,1428,-0.0927573062261754
"15996","15996",3370,3370,3161,-0.0620178041543027
"15997","15997",2446,2446,2445,-0.000408830744071954
"15998","15998",1145,1145,984,-0.14061135371179
"15999","15999",2942,2938,2938,-0.00135961930659415
"16000","16000",5645,5861,5670,0.00442869796279894
"16001","16001",5098,5098,7913,0.552177324440957
"16002","16002",8243,8246,8501,0.0312992842411743
"16003","16003",2672,2672,2868,0.0733532934131736
"16004","16004",2830,2942,2943,0.0399293286219081
"16005","16005",4628,3828,3762,-0.187121866897148
"16006","16006",1582,1582,1575,-0.00442477876106195
"16007","16007",3327,3328,3447,0.036068530207394
"16008","16008",3307,3307,3308,0.000302388872089507
"16009","16009",1344,1757,1395,0.0379464285714286
"16010","16010",1910,1765,1689,-0.115706806282723
"16012","16012",2718,2716,2719,0.000367917586460633
"16013","16013",2467,2467,1375,-0.442642886096473
"16014","16014",1687,1670,1670,-0.010077059869591
"16015","16015",2629,2673,2655,0.0098896918980601
"16016","16016",6279,5903,5908,-0.0590858416945373
"16017","16017",14319,14509,14486,0.011662825616314
"16018","16018",708,708,708,0
"16019","16019",7466,7974,7441,-0.00334851326011251
"16020","16020",8912,6199,5836,-0.345152603231598
"16021","16021",1920,1920,1932,0.00625
"16022","16022",4895,4692,4693,-0.0412665985699694
"16023","16023",5007,5007,3615,-0.278010784901138
"16024","16024",6329,6165,6216,-0.0178543213777848
"16025","16025",5317,5599,5453,0.0255783336467933
"16026","16026",9126,7842,9408,0.0309007232084155
"16027","16027",3274,3076,3077,-0.0601710445937691
"16030","16030",2096,2100,2107,0.00524809160305344
"16031","16031",3399,2513,2513,-0.2606649014416
"16032","16032",3396,3397,3392,-0.00117785630153121
"16033","16033",4735,4735,2710,-0.42766631467793
"16035","16035",3915,3969,3969,0.0137931034482759
"16037","16037",5037,4946,4952,-0.0168751240817947
"16038","16038",2496,2435,2228,-0.107371794871795
"16039","16039",2780,2754,2755,-0.00899280575539568
"16040","16040",3187,3187,3214,0.00847191716347662
"16041","16041",3304,3304,3263,-0.012409200968523
"16042","16042",1314,1304,1312,-0.0015220700152207
"16043","16043",1421,1426,1748,0.230119634060521
"16044","16044",3242,2513,2513,-0.224861196792104
"16045","16045",5472,5470,4199,-0.232638888888889
"16046","16046",2701,2707,2824,0.0455386893743058
"16048","16048",2409,2411,2411,0.0008302200083022
"16050","16050",9043,9050,8824,-0.02421762689373
"16051","16051",13283,9849,12138,-0.0862004065346684
"16052","16052",5698,5675,5676,-0.00386100386100386
"16053","16053",2195,2055,2055,-0.0637813211845103
"16055","16055",1698,1686,1697,-0.000588928150765607
"16056","16056",3023,2888,2624,-0.131988091300033
"18359","18359",3023,2888,2624,-0.131988091300033
"16057","16057",9027,9027,9025,-0.000221557549573502
"16058","16058",2359,2359,2436,0.0326409495548961
"16059","16059",1825,1936,1936,0.0608219178082192
"16061","16061",2269,1956,1956,-0.137946231820185
"16062","16062",3094,3071,3142,0.015513897866839
"16063","16063",3127,3095,2832,-0.0943396226415094
"16064","16064",3993,4508,4501,0.127222639619334
"16065","16065",3338,3338,3361,0.00689035350509287
"16066","16066",2536,2640,2647,0.0437697160883281
"16067","16067",3617,3617,3597,-0.00552944429084877
"16068","16068",14224,13589,13490,-0.0516029246344207
"16070","16070",2014,2052,2281,0.132571996027805
"16072","16072",3598,3558,4603,0.279321845469705
"16073","16073",1338,1396,1145,-0.14424514200299
"16074","16074",1960,1960,1979,0.00969387755102041
"16075","16075",6634,6628,3602,-0.457039493518239
"16076","16076",2615,2615,2358,-0.0982791586998088
"16077","16077",832,832,832,0
"16078","16078",1822,1822,1821,-0.000548847420417124
"16079","16079",5174,5252,5252,0.0150753768844221
"16080","16080",4223,4223,4220,-0.000710395453469098
"16081","16081",3167,3167,3212,0.0142090306283549
"16082","16082",9106,8144,8146,-0.105424994509115
"16083","16083",5523,5504,5468,-0.00995835596596053
"16086","16086",1813,1814,1818,0.00275785990071704
"16087","16087",2169,2169,2188,0.00875979714153988
"16089","16089",510,637,637,0.249019607843137
"16090","16090",9431,9242,9168,-0.0278867564415226
"16091","16091",1354,1330,1337,-0.0125553914327917
"16092","16092",3206,3206,3210,0.00124766063630692
"16094","16094",2387,2331,2261,-0.0527859237536657
"16095","16095",1021,1027,1027,0.00587659157688541
"16096","16096",3894,3885,3886,-0.00205444273240883
"16097","16097",6679,6711,6711,0.00479113639766432
"16098","16098",2847,2847,2847,0
"16099","16099",1078,1134,1134,0.051948051948052
"16100","16100",2176,2176,2175,-0.000459558823529412
"16101","16101",6309,6264,6282,-0.00427960057061341
"16102","16102",4673,4675,4621,-0.0111277551893858
"16103","16103",3148,3261,3262,0.0362134688691233
"16104","16104",3843,3832,3749,-0.0244600572469425
"16105","16105",5808,5801,5792,-0.00275482093663912
"16106","16106",4302,4317,4318,0.00371920037192004
"16107","16107",3552,3297,3243,-0.0869932432432432
"16108","16108",1678,1687,1679,0.000595947556615018
"16110","16110",5919,5915,5752,-0.0282142253759081
"16111","16111",1154,1154,1162,0.00693240901213172
"16112","16112",3636,3636,3636,0
"16599","16599",3636,3636,3636,0
"16113","16113",3407,3342,3358,-0.0143821543880247
"16115","16115",6755,6758,6756,0.000148038490007402
"16116","16116",5132,5126,5841,0.138152766952455
"16118","16118",1047,1046,1231,0.175740210124164
"16119","16119",1071,1071,1071,0
"16120","16120",7100,7022,7027,-0.0102816901408451
"16121","16121",3399,3256,3288,-0.0326566637246249
"16122","16122",5593,5606,5590,-0.000536384766672627
"16123","16123",1329,1330,1329,0
"16124","16124",11614,9113,9113,-0.215343550886861
"16125","16125",1173,1173,1174,0.000852514919011083
"16126","16126",5790,5076,5083,-0.122107081174439
"16127","16127",3215,3236,3220,0.0015552099533437
"16128","16128",5410,5404,6031,0.114787430683919
"16130","16130",2378,2378,2378,0
"17983","17983",2378,2378,2378,0
"16132","16132",4239,3190,4215,-0.0056617126680821
"16134","16134",7811,5395,5395,-0.309307387018308
"16135","16135",4189,4192,4174,-0.0035808068751492
"16136","16136",2822,2822,2806,-0.00566973777462792
"16137","16137",3653,3651,3630,-0.00629619490829455
"16138","16138",3471,3467,4535,0.30653990204552
"16139","16139",2430,2430,2430,0
"16140","16140",2804,2890,3461,0.234308131241084
"16141","16141",17400,17268,17203,-0.0113218390804598
"16142","16142",6408,6526,6374,-0.00530586766541823
"16143","16143",2157,2145,2347,0.0880853036624942
"16931","16931",2157,2145,2347,0.0880853036624942
"16144","16144",4558,4558,5354,0.174637999122422
"16145","16145",2306,2291,2288,-0.00780572419774501
"16146","16146",3175,3175,3245,0.0220472440944882
"16147","16147",6516,6519,6400,-0.0178023327194598
"16148","16148",5500,5484,5481,-0.00345454545454545
"16149","16149",1949,1990,2112,0.0836326321190354
"16150","16150",6921,7030,6872,-0.00707990174830227
"16151","16151",3078,3799,3423,0.112085769980507
"16153","16153",5141,4735,5243,0.0198404979575958
"16154","16154",4805,4812,4999,0.0403746097814776
"16155","16155",5272,5232,5284,0.00227617602427921
"16156","16156",9332,4767,4767,-0.489177025289327
"16157","16157",3492,3493,3598,0.0303550973654066
"16158","16158",9496,8342,8287,-0.127316764953665
"16159","16159",4199,4213,4270,0.0169087878066206
"16160","16160",2829,2807,2808,-0.00742311770943796
"16161","16161",3229,3228,3216,-0.00402601424589656
"19532","19532",3229,3228,3216,-0.00402601424589656
"16162","16162",5101,5048,4794,-0.0601842775926289
"16163","16163",3194,3532,3380,0.0582341891045711
"16164","16164",3385,3340,3346,-0.0115214180206795
"16165","16165",4510,4509,4463,-0.0104212860310421
"16166","16166",2165,2165,2031,-0.0618937644341801
"16167","16167",1647,1625,1629,-0.0109289617486339
"16169","16169",2860,2863,2865,0.00174825174825175
"16170","16170",1428,1426,1426,-0.00140056022408964
"16171","16171",1471,1475,1475,0.00271923861318831
"16172","16172",4824,4824,4835,0.00228026533996683
"16173","16173",6299,5882,5884,-0.0658834735672329
"16174","16174",1968,2107,2107,0.070630081300813
"16175","16175",9503,9624,9386,-0.012311901504788
"16176","16176",1754,1911,1913,0.0906499429874572
"16177","16177",13025,12428,13176,0.0115930902111324
"16179","16179",1912,1396,1396,-0.269874476987448
"16180","16180",7222,7243,7133,-0.0123234561063417
"16182","16182",3016,3016,3116,0.0331564986737401
"16184","16184",2178,2072,2072,-0.0486685032139578
"16185","16185",3971,3912,3892,-0.0198942331906321
"16186","16186",4891,4210,3347,-0.315681864649356
"16187","16187",6754,7313,7305,0.0815812851643471
"16188","16188",4185,4185,4078,-0.0255675029868578
"16189","16189",1043,1043,1043,0
"16190","16190",3089,3089,3232,0.0462932988022014
"16191","16191",3200,3228,3228,0.00875
"16192","16192",3858,3858,4555,0.18066355624676
"16193","16193",5814,5887,4879,-0.160818713450292
"16194","16194",10431,8254,7936,-0.239190873358259
"16195","16195",2460,2461,2452,-0.0032520325203252
"16196","16196",959,959,959,0
"16394","16394",959,959,959,0
"16197","16197",6332,6336,6273,-0.00931775110549589
"16198","16198",2983,2964,2803,-0.0603419376466644
"16200","16200",5027,4991,6569,0.306743584642928
"16201","16201",3101,3081,3026,-0.0241857465333763
"16202","16202",2338,2232,2232,-0.0453378956372968
"16203","16203",3764,3767,3767,0.00079702444208289
"16204","16204",4719,4719,4818,0.020979020979021
"16205","16205",2516,1989,2306,-0.0834658187599364
"16206","16206",1853,1853,1998,0.0782514840798705
"16207","16207",4662,4010,4025,-0.136636636636637
"16209","16209",11505,11505,10161,-0.116818774445893
"16210","16210",6974,6954,6476,-0.0714080871809578
"16211","16211",1356,1356,1356,0
"16213","16213",1233,1233,1228,-0.0040551500405515
"16214","16214",8150,8353,8355,0.0251533742331288
"16216","16216",3549,3394,3394,-0.0436742744435052
"16217","16217",8899,8875,9060,0.0180919204404989
"16218","16218",3717,3717,3656,-0.0164110842076944
"16219","16219",7400,5336,5336,-0.278918918918919
"16220","16220",1678,1678,1612,-0.0393325387365912
"16221","16221",7933,7932,6796,-0.143325349804614
"16222","16222",1384,1384,1363,-0.0151734104046243
"16223","16223",3818,3818,3684,-0.035096909376637
"16224","16224",4524,4146,4146,-0.0835543766578249
"16225","16225",5014,5134,2951,-0.411447945751895
"16226","16226",6959,8290,8295,0.191981606552666
"16227","16227",1231,1231,1236,0.00406173842404549
"16228","16228",3499,3505,3508,0.00257216347527865
"16229","16229",2748,2750,2752,0.00145560407569141
"16230","16230",1455,1455,1622,0.114776632302405
"16232","16232",4202,4194,4194,-0.00190385530699667
"16233","16233",11735,10653,10625,-0.0945888368129527
"16234","16234",2541,2521,2521,-0.00787091696182605
"16235","16235",3900,3872,3872,-0.00717948717948718
"16236","16236",3545,3545,3745,0.0564174894217207
"16237","16237",11543,11543,11551,0.000693060729446418
"16238","16238",3160,3160,2703,-0.144620253164557
"16239","16239",5147,5191,5178,0.00602292597629687
"16240","16240",1936,1918,1918,-0.00929752066115703
"16241","16241",2940,2938,2728,-0.072108843537415
"17885","17885",2940,2938,2728,-0.072108843537415
"16242","16242",3372,3372,3372,0
"16245","16245",1375,1375,1375,0
"16246","16246",3789,3958,4123,0.0881499076273423
"16247","16247",6589,6589,6601,0.00182121718014873
"16250","16250",6400,6533,6547,0.02296875
"16251","16251",4660,4660,4779,0.0255364806866953
"16252","16252",2206,1496,1750,-0.206708975521306
"16255","16255",2424,2422,2423,-0.000412541254125413
"16256","16256",1711,1711,1708,-0.00175336060783168
"16259","16259",7068,6962,5703,-0.193123938879457
"16260","16260",2228,2680,2680,0.202872531418312
"16261","16261",5494,5511,5493,-0.00018201674554059
"16262","16262",898,1049,1100,0.224944320712695
"16263","16263",3009,3232,3203,0.064473246925889
"16264","16264",2246,2240,2187,-0.0262689225289403
"16265","16265",4310,4309,4306,-0.000928074245939675
"16266","16266",7347,7348,7093,-0.0345719341227712
"17103","17103",7347,7348,7093,-0.0345719341227712
"16268","16268",1765,1765,1765,0
"16269","16269",3643,3643,3621,-0.00603897886357398
"16270","16270",3070,3068,3071,0.000325732899022801
"16271","16271",2833,2685,2684,-0.0525944228732792
"16272","16272",4240,4224,4225,-0.0035377358490566
"16273","16273",3050,3075,3074,0.00786885245901639
"17130","17130",3050,3075,3074,0.00786885245901639
"16274","16274",912,892,892,-0.0219298245614035
"16275","16275",7220,7220,7220,0
"16276","16276",2652,2512,2512,-0.052790346907994
"16277","16277",1921,1921,1920,-0.000520562207183758
"16278","16278",2339,2317,2303,-0.0153911928174434
"16279","16279",3929,3946,3876,-0.0134894375159074
"16280","16280",1070,1070,1348,0.25981308411215
"16281","16281",2692,2693,2692,0
"16282","16282",4372,4753,5070,0.159652333028362
"16283","16283",3522,3627,3588,0.0187393526405451
"16284","16284",7677,6581,6580,-0.142894359775954
"16285","16285",3126,3148,3148,0.00703774792066539
"16287","16287",10250,10188,10291,0.004
"16288","16288",11401,11826,11780,0.0332426980089466
"16289","16289",4442,4221,4220,-0.04997748761819
"16291","16291",1976,2192,2192,0.109311740890688
"16292","16292",2568,2568,2571,0.00116822429906542
"16293","16293",3514,3415,3416,-0.0278884462151394
"16294","16294",9681,7243,7244,-0.251730193161863
"16296","16296",1435,1435,1822,0.269686411149826
"16297","16297",5713,5713,8047,0.408541921932435
"16298","16298",3501,3501,3503,0.000571265352756355
"16300","16300",3206,3210,3179,-0.00842170929507174
"16301","16301",2199,2165,2128,-0.032287403365166
"16302","16302",2758,2758,2764,0.00217548948513416
"16303","16303",1960,1730,1728,-0.118367346938776
"16304","16304",1993,2086,1960,-0.0165579528349222
"16305","16305",6651,6453,6468,-0.0275146594497068
"16306","16306",5530,5525,6167,0.115189873417722
"16307","16307",5554,5288,5290,-0.0475333093266114
"16308","16308",5982,5914,6409,0.0713808090939485
"16310","16310",2285,2286,2330,0.0196936542669584
"17797","17797",2285,2286,2330,0.0196936542669584
"16311","16311",3820,3946,3933,0.0295811518324607
"16312","16312",3549,3257,3310,-0.0673429134967597
"16313","16313",4533,4655,4656,0.0271343481138319
"16314","16314",1330,1330,1331,0.00075187969924812
"16316","16316",5747,5696,5696,-0.00887419523229511
"16318","16318",4679,4705,5060,0.0814276554819406
"16319","16319",4334,4430,4430,0.0221504383940932
"16320","16320",1448,1448,1611,0.112569060773481
"16322","16322",3838,3819,3823,-0.00390828556539865
"16324","16324",971,967,967,-0.00411946446961895
"16325","16325",3810,3813,3766,-0.0115485564304462
"16326","16326",6263,6090,6090,-0.0276225451061791
"16327","16327",4045,4049,4018,-0.00667490729295426
"16328","16328",1081,1081,1081,0
"16329","16329",2068,2059,1985,-0.0401353965183752
"16331","16331",5172,5172,2181,-0.57830626450116
"16333","16333",4387,5034,4319,-0.015500341919307
"16334","16334",2937,2937,2927,-0.00340483486550902
"16335","16335",3744,3699,3633,-0.0296474358974359
"16336","16336",5412,5333,5333,-0.0145971914264597
"16337","16337",3572,3539,3511,-0.0170772676371781
"16338","16338",3258,3258,3081,-0.0543278084714549
"16339","16339",4925,4879,4740,-0.0375634517766497
"16340","16340",2116,2050,2349,0.110113421550095
"16342","16342",5049,4981,5416,0.072687660922955
"16343","16343",1636,1633,1629,-0.00427872860635697
"16344","16344",4594,4585,4519,-0.0163256421419242
"16345","16345",1093,1140,1140,0.0430009149130833
"16346","16346",2501,2501,2501,0
"16347","16347",3078,3078,3065,-0.00422352176738142
"16348","16348",2655,2655,3136,0.181167608286252
"16349","16349",7078,7079,7073,-0.000706414241311105
"16351","16351",2020,2142,1863,-0.0777227722772277
"16352","16352",3383,3384,3393,0.00295595625184747
"16353","16353",4600,4576,4524,-0.0165217391304348
"16355","16355",4649,4569,4574,-0.0161325016132502
"16356","16356",2597,2539,2540,-0.0219484020023104
"16358","16358",2904,3025,2765,-0.0478650137741047
"16359","16359",9897,9897,9846,-0.00515307668990603
"16361","16361",2349,2349,2349,0
"16362","16362",7522,7561,7561,0.00518479127891518
"16363","16363",7259,7256,6736,-0.0720484915277586
"16364","16364",5215,5216,5373,0.0302972195589645
"16365","16365",3601,3601,3778,0.04915301305193
"16366","16366",1238,1043,1043,-0.15751211631664
"16367","16367",4252,5234,5060,0.19002822201317
"16368","16368",2594,2649,2920,0.125674633770239
"16369","16369",6818,4484,4453,-0.346875916691112
"16370","16370",3655,3978,3178,-0.130506155950752
"16371","16371",1464,1464,1443,-0.014344262295082
"16372","16372",1914,2451,2451,0.280564263322884
"16373","16373",5023,5519,6019,0.198287875771451
"16374","16374",2988,2988,3476,0.163319946452477
"16375","16375",6082,6125,6130,0.00789214074317659
"16376","16376",9121,9119,8485,-0.0697291963600482
"16378","16378",1914,1968,1968,0.0282131661442006
"16379","16379",1613,1613,1610,-0.0018598884066956
"16380","16380",4819,4819,4822,0.000622535795808259
"16381","16381",3098,3098,2797,-0.0971594577146546
"16383","16383",4503,4500,4501,-0.000444148345547413
"16384","16384",2292,2295,2184,-0.0471204188481675
"16385","16385",5019,5094,4824,-0.0388523610280932
"16386","16386",3068,3168,3015,-0.0172750977835724
"16387","16387",2776,2775,2776,0
"16388","16388",4684,4673,4672,-0.00256191289496157
"16389","16389",2926,2926,2928,0.000683526999316473
"16390","16390",6571,5878,5871,-0.106528686653477
"16391","16391",4162,5928,5822,0.398846708313311
"16392","16392",16533,15805,15770,-0.0461501239944354
"16395","16395",3643,3619,3619,-0.0065879769420807
"16396","16396",2149,3886,3872,0.801768264308981
"16397","16397",3068,3068,3068,0
"16398","16398",4574,4563,4560,-0.00306077831219939
"16399","16399",8203,8203,7227,-0.118980860660734
"16400","16400",4384,4383,4386,0.000456204379562044
"16401","16401",3223,3224,3229,0.00186161960905988
"16402","16402",2239,2240,2282,0.0192050022331398
"16403","16403",1430,1430,1411,-0.0132867132867133
"16404","16404",2677,2677,2583,-0.0351139335076578
"16405","16405",8257,7951,7777,-0.0581324936417585
"16406","16406",4152,4403,4403,0.0604527938342967
"16407","16407",2458,2485,2485,0.0109845402766477
"16409","16409",2386,2585,2510,0.0519698239731769
"16410","16410",2667,2717,2717,0.0187476565429321
"16411","16411",1407,1181,1147,-0.184790334044065
"16412","16412",5827,5830,5817,-0.00171614896172988
"16413","16413",2591,2585,2579,-0.00463141644152837
"16414","16414",4698,4804,4804,0.0225627926777352
"16415","16415",3719,4001,3916,0.0529712288249529
"16416","16416",6560,6704,6511,-0.00746951219512195
"16417","16417",1630,1691,1690,0.0368098159509202
"16418","16418",4670,4680,4666,-0.000856531049250535
"16419","16419",2031,2064,2064,0.0162481536189069
"19632","19632",2031,2064,2064,0.0162481536189069
"16420","16420",2014,2091,2068,0.0268123138033764
"16421","16421",4751,4751,4789,0.00799831614396969
"16422","16422",3929,3932,4207,0.0707559175362688
"16423","16423",2573,2340,2138,-0.169063350174893
"16424","16424",3409,3409,3400,-0.00264007040187738
"18246","18246",3409,3409,3400,-0.00264007040187738
"16425","16425",2990,2990,2927,-0.0210702341137124
"16426","16426",4773,4922,4921,0.0310077519379845
"16427","16427",4392,4201,4205,-0.0425774134790528
"16429","16429",1913,1787,1787,-0.0658651332984841
"16430","16430",5573,5559,5704,0.0235061905616365
"16431","16431",8242,8242,8261,0.00230526571220578
"16432","16432",4215,4247,4267,0.0123368920521945
"16433","16433",11629,11629,11023,-0.0521111015564537
"16434","16434",3875,3720,3661,-0.0552258064516129
"16436","16436",1680,1680,1856,0.104761904761905
"16437","16437",2968,2968,3067,0.033355795148248
"16438","16438",15217,15223,15207,-0.000657159755536571
"16439","16439",2860,2860,2859,-0.00034965034965035
"16441","16441",3121,3347,3346,0.0720922781159885
"16442","16442",1442,1549,1549,0.0742024965325936
"16444","16444",939,1153,1153,0.22790202342918
"16446","16446",3061,3061,3068,0.00228683436785364
"16447","16447",7018,7129,6983,-0.00498717583357082
"16448","16448",1412,1394,1314,-0.0694050991501416
"16449","16449",6734,6734,3834,-0.430650430650431
"16450","16450",2478,2046,2046,-0.174334140435835
"16451","16451",2259,2132,2132,-0.0562195661797255
"16453","16453",4827,4559,3921,-0.18769422001243
"16454","16454",1595,1595,1589,-0.00376175548589342
"16455","16455",4161,4193,4194,0.00793078586878154
"16456","16456",4434,4581,4581,0.0331529093369418
"16457","16457",6601,5904,5775,-0.125132555673383
"16460","16460",5535,5470,5471,-0.0115627822944896
"16461","16461",3590,3755,3754,0.0456824512534819
"16462","16462",9205,9632,9575,0.040195545898968
"16463","16463",6041,5829,5829,-0.035093527561662
"16464","16464",3733,3733,2951,-0.209482989552639
"16465","16465",1766,1778,2009,0.137599093997735
"16466","16466",6862,6843,6828,-0.00495482366656951
"16467","16467",4247,4201,3895,-0.0828820343772074
"16468","16468",1919,1919,1919,0
"16469","16469",4036,4076,3993,-0.0106541129831516
"16470","16470",2641,2583,2583,-0.0219613782658084
"16471","16471",7595,7595,7754,0.0209348255431205
"16472","16472",4345,4345,4337,-0.00184119677790564
"16473","16473",5811,5792,5901,0.0154878678368611
"16474","16474",6120,6154,6211,0.0148692810457516
"16475","16475",3649,3693,3697,0.0131542888462592
"16476","16476",4519,4538,4520,0.000221287895552113
"16477","16477",6451,5530,5491,-0.148814137343048
"16478","16478",4190,4468,4526,0.0801909307875895
"16479","16479",1827,1822,1822,-0.00273672687465791
"16480","16480",3208,3262,3262,0.0168329177057357
"16481","16481",3388,3615,3656,0.0791027154663518
"16482","16482",5183,5180,5178,-0.000964692263168049
"16484","16484",1082,1082,1278,0.181146025878004
"16486","16486",1705,1526,1526,-0.104985337243402
"16487","16487",1724,1724,1724,0
"16488","16488",2504,2465,2445,-0.0235623003194888
"16489","16489",2980,2943,2617,-0.121812080536913
"16490","16490",5444,5475,5475,0.00569434239529758
"16491","16491",8060,5639,5622,-0.302481389578164
"16493","16493",3161,3161,3094,-0.0211958241062955
"16494","16494",4631,4647,4509,-0.0263442021161736
"16495","16495",3165,3194,3192,0.00853080568720379
"16496","16496",3538,3477,3477,-0.0172413793103448
"16498","16498",2505,2486,2486,-0.00758483033932136
"16499","16499",3166,3211,3213,0.0148452305748579
"16500","16500",1200,1200,1200,0
"16502","16502",2779,2779,2775,-0.00143936667866139
"16504","16504",3360,3402,3358,-0.000595238095238095
"16505","16505",2931,2929,2927,-0.00136472193790515
"16506","16506",4500,4502,4057,-0.0984444444444444
"16508","16508",1409,1409,1408,-0.0007097232079489
"16509","16509",3074,3074,3075,0.000325309043591412
"16510","16510",2586,2429,2430,-0.0603248259860789
"16511","16511",5543,5999,6005,0.0833483673101209
"16512","16512",2404,2357,2362,-0.0174708818635607
"16513","16513",10518,10241,10242,-0.0262407301768397
"16514","16514",1232,1232,1232,0
"16515","16515",1033,1095,1101,0.0658276863504356
"16516","16516",2226,2054,2057,-0.0759209344115005
"16517","16517",6099,5132,5130,-0.158878504672897
"16518","16518",8367,8932,8919,0.0659734671925421
"16519","16519",1836,1839,1840,0.00217864923747277
"16520","16520",4019,5716,5474,0.362030355809903
"16521","16521",2262,2262,2178,-0.0371352785145889
"16522","16522",4178,4026,4148,-0.00718046912398277
"16523","16523",4930,4968,4983,0.0107505070993915
"16524","16524",3135,3135,3138,0.000956937799043062
"16525","16525",16175,15214,15189,-0.0609582689335394
"16527","16527",2100,2100,2437,0.16047619047619
"16529","16529",1497,1497,1381,-0.0774883099532398
"16532","16532",8571,8544,8526,-0.00525026251312566
"16533","16533",6015,6273,6366,0.058354114713217
"16534","16534",2280,2212,1893,-0.169736842105263
"16536","16536",2540,2540,1812,-0.286614173228346
"16537","16537",1225,1098,1063,-0.132244897959184
"16539","16539",2291,2168,2168,-0.0536883457005674
"17796","17796",2291,2168,2168,-0.0536883457005674
"18382","18382",2291,2168,2168,-0.0536883457005674
"16540","16540",6220,6219,6153,-0.0107717041800643
"16541","16541",2459,2459,2459,0
"16542","16542",1907,1931,1811,-0.0503408495018353
"16543","16543",3871,3871,3775,-0.0247997933350555
"16544","16544",3485,3478,3474,-0.00315638450502152
"16601","16601",3485,3478,3474,-0.00315638450502152
"16545","16545",5303,5587,5605,0.0569488968508391
"16546","16546",3959,3938,3938,-0.0053043697903511
"16547","16547",2347,2347,2567,0.0937366851299531
"16548","16548",1901,1895,1806,-0.049973698053656
"16549","16549",7095,7783,7798,0.0990838618745595
"16551","16551",4034,4034,3620,-0.102627664848785
"16553","16553",4172,4164,4106,-0.0158197507190796
"17841","17841",4172,4164,4106,-0.0158197507190796
"16554","16554",3238,3372,3372,0.0413835701050031
"16555","16555",4727,3676,3679,-0.22170509837106
"16556","16556",1353,1353,1353,0
"16557","16557",3138,3138,3233,0.0302740599107712
"16558","16558",1774,1774,1774,0
"16559","16559",7009,6994,6445,-0.0804679697531745
"16560","16560",5367,5643,5613,0.0458356623812186
"16561","16561",5373,5346,5125,-0.0461567094732924
"16562","16562",3274,3274,3281,0.00213805742211362
"18535","18535",3274,3274,3281,0.00213805742211362
"16563","16563",1474,1672,1500,0.0176390773405699
"16564","16564",3686,3686,3634,-0.0141074335322843
"16565","16565",2377,2377,2384,0.00294488851493479
"16568","16568",3660,3660,3655,-0.00136612021857923
"16569","16569",1319,1379,1379,0.045489006823351
"16570","16570",1427,1427,3485,1.44218640504555
"16571","16571",1208,1208,3265,1.70281456953642
"16572","16572",5483,5483,5535,0.00948385920116725
"16573","16573",1442,1442,1442,0
"16574","16574",2842,5293,5293,0.862420830401126
"16575","16575",3207,2254,2531,-0.210788899282819
"16576","16576",1889,1910,1802,-0.0460561143462149
"16577","16577",6893,6884,6499,-0.0571594371101117
"16578","16578",2774,2735,2730,-0.0158615717375631
"16579","16579",5404,5395,5395,-0.00166543301258327
"16580","16580",2778,2970,2926,0.0532757379409647
"16581","16581",3776,3650,3869,0.0246292372881356
"16582","16582",4908,4908,4963,0.0112061939690302
"16583","16583",3615,3511,3509,-0.0293222683264177
"16585","16585",3917,3921,3901,-0.00408475874393669
"16586","16586",4613,4613,4614,0.000216778668978972
"16587","16587",1749,1749,1749,0
"18353","18353",1749,1749,1749,0
"19479","19479",1749,1749,1749,0
"16588","16588",1803,1804,1803,0
"16589","16589",2952,2952,3380,0.144986449864499
"16590","16590",5836,5940,5748,-0.0150788211103496
"16591","16591",3166,3166,3174,0.00252684775742262
"16592","16592",3527,3527,3502,-0.00708817692089595
"16593","16593",2728,2736,2737,0.00329912023460411
"16594","16594",3733,4997,5005,0.340744709349049
"16595","16595",6523,6514,6569,0.00705196995247586
"16596","16596",2281,2281,2281,0
"16598","16598",11914,9421,9290,-0.220245089810307
"16600","16600",1015,995,996,-0.0187192118226601
"16602","16602",3726,3730,3792,0.0177133655394525
"16603","16603",1322,2200,2201,0.664901664145234
"16604","16604",3440,3323,3323,-0.0340116279069767
"16605","16605",1953,1953,1953,0
"16606","16606",3237,2981,2863,-0.115539079394501
"16607","16607",3582,3619,3129,-0.126465661641541
"16608","16608",2873,2886,2886,0.00452488687782805
"16609","16609",4326,4326,4294,-0.00739713361072584
"16610","16610",4288,4288,4260,-0.00652985074626866
"16611","16611",2435,2619,2570,0.0554414784394251
"16613","16613",2190,2189,2232,0.0191780821917808
"19718","19718",2190,2189,2232,0.0191780821917808
"16614","16614",2685,3029,3029,0.128119180633147
"16615","16615",3370,3613,3612,0.0718100890207715
"16616","16616",5352,5519,5519,0.031203288490284
"16617","16617",3449,3383,3641,0.0556683096549725
"16618","16618",4823,4872,4853,0.00622019489944018
"16619","16619",2069,2120,2011,-0.028032866118898
"16620","16620",9158,9065,9069,-0.00971827910024023
"16621","16621",3185,2482,2484,-0.220094191522763
"16622","16622",6988,5825,5822,-0.166857469948483
"16624","16624",1104,1098,1160,0.0507246376811594
"16626","16626",7801,7806,7809,0.00102550955005768
"16627","16627",3522,3395,3406,-0.0329358319136854
"16628","16628",3179,3837,3837,0.206983328090595
"16629","16629",1997,2419,2419,0.211316975463195
"16630","16630",3451,3451,3665,0.0620110113010722
"16631","16631",3165,3165,2962,-0.0641390205371248
"16632","16632",11294,8129,7989,-0.292633256596423
"16633","16633",4830,4828,7402,0.532505175983437
"16635","16635",3103,3000,2998,-0.0338382210763777
"16636","16636",1551,1551,1549,-0.00128949065119278
"16637","16637",4401,4401,4633,0.0527152919790957
"16638","16638",2949,2989,2891,-0.0196676839606646
"16639","16639",9998,9997,10000,0.0002000400080016
"16640","16640",5853,5852,5866,0.00222108320519392
"16641","16641",6215,6538,6550,0.0539018503620274
"16643","16643",2198,2200,2360,0.0737033666969973
"16644","16644",2647,4004,4005,0.513033622969399
"16645","16645",11198,11182,10790,-0.0364350776924451
"16646","16646",2414,2689,2702,0.11930405965203
"16647","16647",2238,2233,2234,-0.00178731009830206
"16648","16648",2040,2040,2229,0.0926470588235294
"16649","16649",4206,4209,4209,0.000713266761768902
"16650","16650",919,919,813,-0.115342763873776
"16651","16651",4573,3099,3100,-0.32210802536628
"16652","16652",11192,11192,11192,0
"16653","16653",4378,4378,4384,0.00137048880767474
"16654","16654",4412,4605,4607,0.0441976427923844
"16656","16656",1012,1012,1210,0.195652173913043
"16657","16657",3361,3361,3350,-0.00327283546563523
"16658","16658",9377,9455,9547,0.018129465713981
"16659","16659",7929,7909,7783,-0.0184134190944634
"16660","16660",1696,1695,1911,0.126768867924528
"16661","16661",6694,6707,6530,-0.0244995518374664
"16662","16662",5238,5240,5349,0.0211912943871707
"16663","16663",4086,4034,4035,-0.0124816446402349
"16664","16664",5264,5503,5501,0.0450227963525836
"16665","16665",5810,5809,5809,-0.000172117039586919
"16666","16666",3080,3080,2783,-0.0964285714285714
"16667","16667",4909,4909,4915,0.00122224485638623
"16668","16668",4108,4080,4013,-0.0231256085686465
"16669","16669",9541,9458,9487,-0.00565978408971806
"16670","16670",3928,3818,3818,-0.0280040733197556
"16671","16671",1200,1070,1065,-0.1125
"16672","16672",3624,3645,3600,-0.00662251655629139
"16673","16673",4072,4072,4068,-0.000982318271119843
"16674","16674",5086,5079,4942,-0.0283130161226897
"16675","16675",2271,2306,2306,0.0154117129018054
"16676","16676",10058,9863,9854,-0.0202823622986677
"16677","16677",1702,1732,1681,-0.0123384253819036
"16678","16678",7894,7863,7859,-0.00443374714973398
"16679","16679",2786,2786,2787,0.000358937544867193
"16680","16680",4943,4948,4826,-0.0236698361319037
"16681","16681",3961,3960,2491,-0.371118404443322
"16682","16682",10491,11348,11235,0.0709179296539891
"16683","16683",3591,3597,3471,-0.0334168755221387
"16989","16989",3591,3597,3471,-0.0334168755221387
"16684","16684",2443,2908,2440,-0.00122799836266885
"17136","17136",2443,2908,2440,-0.00122799836266885
"16685","16685",2168,2062,2062,-0.0488929889298893
"16686","16686",7319,7319,7322,0.000409892061757071
"16687","16687",1037,1037,1094,0.0549662487945998
"16688","16688",1756,1756,1750,-0.00341685649202733
"16689","16689",2141,1384,1385,-0.353106025221859
"16690","16690",3610,2448,6595,0.826869806094183
"16691","16691",3467,3465,3465,-0.000576867608883761
"16693","16693",1597,1597,1636,0.0244207889793363
"16694","16694",817,817,808,-0.011015911872705
"16695","16695",2232,2224,2224,-0.003584229390681
"16696","16696",4010,4244,4245,0.0586034912718204
"16699","16699",4220,4220,4227,0.00165876777251185
"16700","16700",13090,11503,11485,-0.122612681436211
"16701","16701",5594,7172,7189,0.285126921701823
"16702","16702",2538,2538,2586,0.0189125295508274
"16704","16704",2326,2387,2340,0.0060189165950129
"16705","16705",6397,6147,6154,-0.0379865561982179
"16706","16706",2317,2650,2650,0.143720328010358
"17025","17025",2317,2650,2650,0.143720328010358
"16707","16707",1531,1531,1531,0
"19136","19136",1531,1531,1531,0
"16708","16708",3551,3551,3559,0.00225288651084202
"16709","16709",8077,7677,7641,-0.0539804382815402
"16710","16710",3914,4105,3956,0.0107307102708227
"16711","16711",1181,1112,1138,-0.0364098221845893
"16712","16712",2994,3473,3473,0.15998663994656
"16713","16713",3927,2945,2762,-0.296664120193532
"16714","16714",4351,3334,3252,-0.252585612502873
"16715","16715",3246,3246,3249,0.000924214417744917
"16716","16716",2314,2314,2298,-0.00691443388072602
"16717","16717",6135,6592,6278,0.0233088834555827
"16718","16718",9527,9543,9525,-0.000209929673559358
"16719","16719",1673,1673,1673,0
"19020","19020",1673,1673,1673,0
"16720","16720",6093,6037,5967,-0.0206794682422452
"16721","16721",3044,3034,3212,0.0551905387647832
"16722","16722",1781,1781,1781,0
"16723","16723",2350,2315,2273,-0.0327659574468085
"16724","16724",6646,6636,6641,-0.000752332229912729
"16725","16725",1653,1653,1653,0
"16727","16727",5169,5188,5170,0.000193461017604953
"16730","16730",4226,4226,4341,0.0272124940842404
"16731","16731",4138,3540,4243,0.0253745770903818
"16732","16732",3997,3915,4123,0.031523642732049
"16733","16733",4276,3336,3344,-0.217960710944808
"16735","16735",5033,5031,4848,-0.0367574011523942
"16736","16736",3762,3751,3527,-0.0624667729930888
"16737","16737",2664,2621,2461,-0.0762012012012012
"16738","16738",2238,2220,2226,-0.00536193029490617
"16740","16740",3921,3976,4363,0.112726345320071
"16741","16741",1387,1387,1389,0.00144196106705119
"16742","16742",5926,5926,5897,-0.00489368882888964
"16743","16743",3151,3148,2886,-0.0841002856236115
"16744","16744",3177,3097,3086,-0.0286433742524394
"16746","16746",6045,6066,6084,0.00645161290322581
"16747","16747",2117,2139,2127,0.00472366556447803
"16748","16748",2724,2724,2702,-0.00807635829662261
"16750","16750",959,965,961,0.00208550573514077
"16751","16751",1265,1265,1265,0
"16752","16752",5830,5875,5911,0.013893653516295
"16753","16753",2934,2862,2862,-0.0245398773006135
"16754","16754",3893,3140,3139,-0.193680965836116
"16755","16755",2624,2622,2612,-0.00457317073170732
"16756","16756",7444,7449,7446,0.000268672756582483
"16757","16757",2221,2195,2195,-0.0117064385411977
"16758","16758",2479,2460,2595,0.0467930617184349
"16759","16759",3796,3794,3627,-0.0445205479452055
"16760","16760",5199,4944,5131,-0.0130794383535295
"16761","16761",2459,2460,2460,0.000406669377795852
"16762","16762",3318,3595,3315,-0.000904159132007233
"16766","16766",3644,3646,3736,0.0252469813391877
"16767","16767",5395,5307,5307,-0.0163113994439296
"16768","16768",1994,1994,1994,0
"16769","16769",4309,2555,2705,-0.372244140171734
"16771","16771",3781,3779,3708,-0.019307061623909
"16772","16772",2469,2352,2344,-0.050627784528149
"16774","16774",3543,3546,3702,0.0448772226926334
"16776","16776",5852,6439,6456,0.103212576896787
"16777","16777",2063,2063,2457,0.190984003877848
"16778","16778",4820,4825,4769,-0.0105809128630705
"16779","16779",5027,3746,5270,0.0483389695643525
"16780","16780",2708,2977,2923,0.0793943870014771
"16781","16781",2130,2129,1975,-0.0727699530516432
"17149","17149",2130,2129,1975,-0.0727699530516432
"16782","16782",6234,6144,7072,0.134424125761951
"16783","16783",8169,6863,6865,-0.159627861427347
"16784","16784",8950,8944,8968,0.00201117318435754
"16785","16785",6168,6210,6879,0.115272373540856
"16787","16787",6005,6005,6139,0.0223147377185679
"16788","16788",2529,2520,2528,-0.000395413206801107
"16789","16789",8322,8196,8195,-0.0152607546262918
"16791","16791",6268,6268,6353,0.0135609444798979
"16792","16792",4728,4297,3544,-0.250423011844332
"16793","16793",7877,7824,7806,-0.0090135838517202
"16794","16794",12703,12702,11557,-0.0902149098638117
"16795","16795",4239,4157,4365,0.029723991507431
"16797","16797",1649,1542,1542,-0.0648878107944209
"16798","16798",1748,1872,1872,0.0709382151029748
"16799","16799",1956,1948,1943,-0.00664621676891616
"16800","16800",3013,3012,3012,-0.000331895121141719
"16801","16801",2182,2182,2182,0
"16802","16802",2427,2198,2143,-0.11701689328389
"17813","17813",2427,2198,2143,-0.11701689328389
"16803","16803",2157,1955,1955,-0.0936485859990728
"16805","16805",921,921,975,0.0586319218241042
"16806","16806",3172,3175,3175,0.00094577553593947
"16807","16807",3343,3348,3905,0.168112473825905
"16808","16808",7462,8015,8249,0.105467703028679
"16809","16809",7586,7317,7318,-0.0353282362246243
"16810","16810",8675,8536,8542,-0.0153314121037464
"16811","16811",6817,6815,6843,0.00381399442570045
"16812","16812",10544,10451,10409,-0.0128034901365706
"16813","16813",2302,2315,2654,0.152910512597741
"16814","16814",2121,1956,1944,-0.0834512022630834
"16815","16815",6400,6400,6242,-0.0246875
"16816","16816",2792,2792,2815,0.0082378223495702
"16817","16817",2955,2955,2955,0
"16818","16818",3091,2291,2311,-0.252345519249434
"16819","16819",1933,1933,1847,-0.0444904293843766
"16821","16821",2043,1881,1881,-0.079295154185022
"16822","16822",5680,5679,5679,-0.000176056338028169
"16823","16823",7584,8009,8201,0.0813554852320675
"16824","16824",1832,1832,1828,-0.00218340611353712
"16825","16825",2044,2044,2044,0
"16828","16828",4149,4148,4292,0.0344661364184141
"16829","16829",2625,2627,2543,-0.0312380952380952
"16831","16831",4773,4776,4572,-0.0421118793211816
"16832","16832",14055,13841,14054,-7.11490572749911e-05
"16833","16833",6247,5728,5950,-0.0475428205538659
"16834","16834",935,753,753,-0.194652406417112
"16835","16835",2005,2034,1941,-0.0319201995012469
"16837","16837",4838,3146,3146,-0.349731293923109
"16838","16838",6324,6124,6132,-0.0303605313092979
"16839","16839",6312,6099,6276,-0.00570342205323194
"16840","16840",1395,1529,1705,0.222222222222222
"16841","16841",1703,1703,1703,0
"16842","16842",1770,1769,1769,-0.000564971751412429
"16843","16843",10581,10548,10492,-0.00841130327946319
"16844","16844",9354,8738,9210,-0.0153944836433611
"16845","16845",1589,1589,1997,0.256765261170547
"16846","16846",1441,1436,1436,-0.00346981263011797
"16847","16847",10558,10597,10567,0.000852434173138852
"16848","16848",8053,5593,5564,-0.309077362473612
"16849","16849",2045,2179,2179,0.0655256723716381
"16850","16850",3432,3509,3214,-0.0635198135198135
"16851","16851",2479,2487,2488,0.0036304961678096
"16852","16852",2880,2218,2222,-0.228472222222222
"16853","16853",941,1234,1350,0.434643995749203
"16854","16854",2336,2336,2331,-0.00214041095890411
"16856","16856",5733,4764,4762,-0.169370312227455
"16857","16857",7607,7236,7322,-0.0374654923097147
"16858","16858",2701,2717,2576,-0.046279155868197
"16859","16859",6750,6271,6270,-0.0711111111111111
"16860","16860",6595,6620,6570,-0.00379075056861259
"16861","16861",3249,3251,3249,0
"16862","16862",4161,5350,5077,0.220139389569815
"16863","16863",11747,8797,8749,-0.255214097216311
"16864","16864",1518,1518,1403,-0.0757575757575758
"16865","16865",12472,12209,12463,-0.000721616420782553
"16866","16866",2768,4037,3884,0.403179190751445
"16867","16867",2675,2534,2744,0.0257943925233645
"16868","16868",2522,2488,2606,0.0333068992862807
"16869","16869",4214,4214,4216,0.000474608448030375
"16870","16870",2660,2668,2645,-0.0056390977443609
"16871","16871",3761,3756,3754,-0.00186120712576442
"16872","16872",3547,3769,3770,0.0628700310121229
"16873","16873",6172,6420,5933,-0.0387232663642255
"16874","16874",3096,3096,3145,0.0158268733850129
"16875","16875",1146,1146,1197,0.0445026178010471
"16876","16876",6248,6263,6357,0.0174455825864277
"16877","16877",1344,1180,1180,-0.12202380952381
"18746","18746",1344,1180,1180,-0.12202380952381
"16878","16878",4155,4154,4155,0
"16879","16879",5911,5943,5790,-0.0204703095922856
"16880","16880",2377,2377,2320,-0.0239798064787547
"16884","16884",3719,3796,3711,-0.00215111589136865
"16885","16885",7284,7443,8476,0.163646348160351
"16886","16886",2322,2129,2027,-0.127045650301464
"16887","16887",2915,2915,2767,-0.0507718696397942
"16888","16888",1063,1023,1023,-0.0376293508936971
"16889","16889",7180,6928,6720,-0.064066852367688
"16890","16890",2701,2937,2932,0.085523880044428
"16891","16891",2581,2519,2315,-0.103060829135994
"16892","16892",1047,1164,1076,0.0276981852913085
"16919","16919",1047,1164,1076,0.0276981852913085
"16893","16893",7114,7215,7034,-0.0112454315434355
"16894","16894",6299,6298,6099,-0.0317510715986665
"16896","16896",2147,2147,2147,0
"16897","16897",5425,5425,5426,0.000184331797235023
"16898","16898",436,1785,1785,3.09403669724771
"16899","16899",6255,6256,6231,-0.00383693045563549
"16901","16901",1807,1807,1922,0.0636413945766464
"16902","16902",1264,1011,976,-0.227848101265823
"16903","16903",3795,3594,3810,0.00395256916996047
"16904","16904",4542,4665,4404,-0.0303830911492734
"16905","16905",1335,1335,1299,-0.0269662921348315
"16906","16906",2672,2439,2672,0
"16907","16907",1689,1645,1622,-0.039668442865601
"16908","16908",1678,1681,1681,0.00178784266984505
"16909","16909",4031,3796,3812,-0.0543289506325974
"16910","16910",3975,3975,3968,-0.00176100628930818
"16911","16911",6039,6158,6158,0.0197052492134459
"16912","16912",4211,4211,1665,-0.604606981714557
"16913","16913",4992,4864,4903,-0.0178285256410256
"16914","16914",6417,8221,8222,0.281284089138227
"16915","16915",3354,3322,3323,-0.00924269528920692
"16916","16916",2110,2442,2454,0.16303317535545
"16917","16917",2987,2966,2966,-0.00703046534984935
"19213","19213",2987,2966,2966,-0.00703046534984935
"16918","16918",5028,5028,7056,0.403341288782816
"16920","16920",7902,8051,8839,0.118577575297393
"16921","16921",3080,3081,3081,0.000324675324675325
"16922","16922",2313,2400,2400,0.0376134889753567
"16924","16924",2440,2447,3162,0.295901639344262
"16925","16925",1346,1337,1574,0.169390787518574
"16926","16926",3300,3300,3301,0.000303030303030303
"16927","16927",3655,3670,3670,0.00410396716826265
"16928","16928",1864,2195,2197,0.178648068669528
"16929","16929",6027,5990,5990,-0.00613904098224656
"16930","16930",2137,2038,2038,-0.0463266261113711
"16932","16932",5655,5574,5482,-0.0305923961096375
"16933","16933",1636,1660,1636,0
"16935","16935",2738,2730,2730,-0.0029218407596786
"16938","16938",4740,4740,4740,0
"16939","16939",9600,8192,9315,-0.0296875
"16941","16941",5744,6427,6427,0.118906685236769
"16943","16943",1242,1242,1242,0
"16944","16944",2478,2478,2478,0
"16945","16945",4253,4253,4296,0.0101105102280743
"16946","16946",9915,9339,9339,-0.0580937972768533
"16947","16947",4238,4783,4783,0.128598395469561
"16948","16948",10578,10497,10889,0.0294006428436377
"16949","16949",1199,1170,1170,-0.02418682235196
"16950","16950",2521,2522,2173,-0.138040460134867
"16951","16951",3466,3466,3465,-0.000288517022504328
"16952","16952",4181,4348,4724,0.129873236067926
"16956","16956",2985,2989,2991,0.00201005025125628
"16957","16957",5622,5618,5635,0.00231234436143721
"16958","16958",4710,4806,4496,-0.0454352441613588
"16959","16959",4596,4597,4265,-0.0720191470844212
"16960","16960",588,588,584,-0.00680272108843537
"16961","16961",2087,2087,2087,0
"16962","16962",10339,10986,10987,0.0626753070896605
"16963","16963",2727,2711,2699,-0.0102676934360103
"16964","16964",13921,10971,10941,-0.214065081531499
"16965","16965",2279,2264,1777,-0.220272049144362
"16966","16966",5650,5650,5579,-0.0125663716814159
"16967","16967",3464,3464,3464,0
"16968","16968",1921,1682,1718,-0.105674128058303
"16969","16969",7835,8178,8128,0.0373962986598596
"16971","16971",2129,2129,2238,0.0511977454203852
"16973","16973",2633,2633,2606,-0.0102544625902013
"16974","16974",2258,2303,2317,0.0261293179805137
"18156","18156",2258,2303,2317,0.0261293179805137
"16975","16975",1539,1311,1311,-0.148148148148148
"16976","16976",3391,3157,3156,-0.0693010911235624
"16977","16977",7455,7275,6758,-0.0934942991281019
"16978","16978",3070,2656,2655,-0.135179153094463
"16979","16979",886,877,906,0.0225733634311512
"16980","16980",12335,11821,12117,-0.0176732873935955
"16981","16981",2011,1973,2196,0.0919940328194928
"18333","18333",2011,1973,2196,0.0919940328194928
"16982","16982",2802,1792,1786,-0.362598144182727
"16983","16983",3255,3258,3264,0.00276497695852535
"16984","16984",11836,11711,11743,-0.0078573842514363
"16985","16985",1571,1571,1582,0.00700190961171229
"16986","16986",4667,4667,4923,0.0548532247696593
"16987","16987",3993,3952,3950,-0.0107688454795893
"16988","16988",2529,2537,2532,0.00118623962040332
"16990","16990",2609,2231,2224,-0.147566117286317
"16991","16991",7458,7173,7155,-0.0406275140788415
"16992","16992",7682,7308,7228,-0.0590991929185108
"16993","16993",5999,5943,5859,-0.0233372228704784
"16995","16995",10901,10758,10860,-0.00376112283276764
"16997","16997",3647,3648,3649,0.00054839594187003
"16998","16998",6078,6074,6077,-0.000164527805199079
"16999","16999",10002,9962,9487,-0.0514897020595881
"17001","17001",5634,5634,5637,0.00053248136315229
"17002","17002",2683,2685,2685,0.000745434215430488
"17003","17003",7258,7076,7069,-0.0260402314687242
"17004","17004",2635,2635,2984,0.132447817836812
"17005","17005",2276,2132,2165,-0.0487697715289982
"17006","17006",7573,7056,7027,-0.0720982437607289
"17007","17007",1093,1097,1097,0.00365965233302836
"17008","17008",2751,3040,2819,0.024718284260269
"17009","17009",10752,10100,10034,-0.0667782738095238
"17010","17010",5113,5157,5158,0.00880109524740857
"17011","17011",5299,5491,5491,0.0362332515568975
"17012","17012",1291,1295,1287,-0.00309837335398916
"17013","17013",7840,7781,8621,0.0996173469387755
"17014","17014",1758,1760,1674,-0.0477815699658703
"17015","17015",809,1704,1704,1.10630407911001
"17016","17016",13755,13762,13727,-0.00203562340966921
"17017","17017",2763,2763,2762,-0.000361925443358668
"17018","17018",6914,6903,6546,-0.0532253398900781
"17019","17019",4948,4814,4826,-0.0246564268391269
"17020","17020",1849,1861,1861,0.00648999459167117
"17021","17021",3369,3597,3394,0.00742059958444642
"17022","17022",3403,3403,3403,0
"17024","17024",6075,5788,5789,-0.0470781893004115
"17026","17026",4063,4456,4383,0.0787595372877184
"17027","17027",2189,2484,2484,0.134764732754683
"17028","17028",5468,5466,5448,-0.00365764447695684
"17029","17029",2671,2350,2338,-0.124672407338076
"18019","18019",2671,2350,2338,-0.124672407338076
"17030","17030",13074,12048,10818,-0.17255621844883
"17031","17031",8302,8900,8858,0.0669718140207179
"17033","17033",2314,2314,2176,-0.0596369922212619
"17034","17034",2890,3100,2764,-0.043598615916955
"17035","17035",5729,5684,6004,0.048001396404259
"17036","17036",9131,646,646,-0.929251998685796
"17037","17037",3591,3593,4268,0.188526872737399
"17038","17038",3061,3029,3060,-0.000326690623979092
"17039","17039",3910,4816,4816,0.231713554987212
"17040","17040",5547,5593,5814,0.0481341265548945
"17041","17041",9532,6581,6572,-0.310532941670164
"17042","17042",2164,2220,2145,-0.00878003696857671
"17043","17043",2872,2872,2872,0
"17044","17044",4807,4839,5143,0.0698980653214063
"17045","17045",3899,3899,3882,-0.00436009233136702
"17046","17046",5433,5432,5432,-0.000184060371801951
"17048","17048",1304,1647,1641,0.258435582822086
"17049","17049",3961,4063,4061,0.0252461499621308
"17050","17050",3784,2565,2565,-0.322145877378436
"17051","17051",1084,1073,1073,-0.0101476014760148
"17052","17052",2119,2166,2161,0.0198206701274186
"17053","17053",8649,8627,8426,-0.0257833275523182
"17054","17054",1856,1856,1856,0
"17055","17055",13306,10800,10802,-0.188185780850744
"17057","17057",4482,6076,6094,0.359660865684962
"17059","17059",1472,1472,1297,-0.118885869565217
"17060","17060",3034,3165,3429,0.130191166776533
"17061","17061",1357,1357,1357,0
"17062","17062",9095,8336,8323,-0.0848818031885651
"17063","17063",2688,2688,2687,-0.00037202380952381
"17064","17064",2776,2776,2748,-0.0100864553314121
"17065","17065",8164,8692,8578,0.0507104360607545
"17066","17066",1228,1627,1627,0.324918566775244
"17067","17067",2874,2874,2682,-0.0668058455114822
"17068","17068",1982,1981,1981,-0.000504540867810293
"17069","17069",1476,1476,1709,0.157859078590786
"17071","17071",2373,2373,2550,0.0745891276864728
"17072","17072",5365,5313,6346,0.182851817334576
"17073","17073",1950,1948,1948,-0.00102564102564103
"17074","17074",9664,9664,9678,0.00144867549668874
"17075","17075",1566,1537,1529,-0.0236270753512133
"17076","17076",1556,1518,1484,-0.0462724935732648
"17077","17077",7519,7998,7960,0.0586514164117569
"17078","17078",4009,3921,3921,-0.0219506111249688
"17079","17079",803,803,769,-0.0423412204234122
"17080","17080",4472,3379,3380,-0.244186046511628
"17081","17081",3550,3399,3398,-0.0428169014084507
"17082","17082",2462,2414,2409,-0.0215272136474411
"17083","17083",5010,5004,4990,-0.00399201596806387
"17084","17084",1463,1424,1424,-0.0266575529733424
"17085","17085",1265,1282,1263,-0.00158102766798419
"17086","17086",1013,651,651,-0.357354392892399
"17088","17088",7622,7857,7863,0.0316189976384151
"17089","17089",2837,2806,2849,0.00422982023264011
"17090","17090",8487,8222,8191,-0.0348768705078355
"17091","17091",11620,11723,11426,-0.0166953528399312
"17093","17093",3780,4718,3497,-0.0748677248677249
"17094","17094",4918,4409,4408,-0.103700691337942
"17096","17096",1949,1746,1916,-0.0169317598768599
"17097","17097",11650,11033,10736,-0.0784549356223176
"17098","17098",6905,6004,6001,-0.13091962346126
"19372","19372",6905,6004,6001,-0.13091962346126
"17099","17099",2898,2654,2889,-0.0031055900621118
"17100","17100",10551,10863,10835,0.0269168799165956
"17101","17101",7346,7394,7396,0.00680642526545059
"17102","17102",2097,2097,2102,0.00238435860753457
"17104","17104",2392,2392,2408,0.00668896321070234
"17105","17105",6952,7212,7029,0.0110759493670886
"17106","17106",2427,2414,2414,-0.00535640708693861
"17270","17270",2427,2414,2414,-0.00535640708693861
"17107","17107",3379,3235,3235,-0.0426161586268127
"17109","17109",5463,5462,5494,0.00567453779974373
"17110","17110",7189,5986,7120,-0.00959799693976909
"17111","17111",4437,4471,4454,0.00383141762452107
"17112","17112",2489,3478,3481,0.398553635998393
"17113","17113",1852,1852,1852,0
"17114","17114",5864,5895,5896,0.00545702592087312
"17116","17116",2240,2072,2071,-0.0754464285714286
"17117","17117",1550,1550,1686,0.087741935483871
"17118","17118",3196,3054,3066,-0.0406758448060075
"17119","17119",7649,7929,7894,0.0320303307621911
"17120","17120",1591,1743,1594,0.00188560653676933
"17121","17121",3533,3255,3254,-0.078969714123974
"17122","17122",3329,3330,3296,-0.00991288675277861
"17123","17123",1634,1634,1631,-0.0018359853121175
"17124","17124",12244,12193,12195,-0.00400196014374387
"17125","17125",2449,2449,2447,-0.000816659861167824
"17127","17127",2359,2765,2362,0.00127172530733362
"17128","17128",7124,6881,7543,0.058815272318922
"17131","17131",5934,5543,5339,-0.100269632625548
"17132","17132",3891,3738,3738,-0.0393215111796453
"17133","17133",3886,3876,3813,-0.0187853834276891
"17134","17134",3767,3769,3769,0.000530926466684364
"17135","17135",1667,1664,1627,-0.023995200959808
"17137","17137",3378,2625,2626,-0.222616933096507
"17138","17138",7868,7169,7504,-0.0462633451957295
"17139","17139",3074,3074,3075,0.000325309043591412
"17140","17140",5011,4847,4863,-0.0295350229495111
"17141","17141",2164,2164,2105,-0.027264325323475
"17142","17142",2882,2898,2898,0.00555170020818876
"17143","17143",5725,5336,6268,0.0948471615720524
"17145","17145",5607,5647,5640,0.00588550026752274
"17146","17146",11110,11029,10996,-0.0102610261026103
"17148","17148",6453,6435,6407,-0.0071284673795134
"17150","17150",6361,6360,6366,0.000786039930828486
"17151","17151",7108,12478,12483,0.756190208216095
"17152","17152",4041,3837,4116,0.0185597624350408
"17153","17153",3404,3428,3421,0.00499412455934195
"17154","17154",2575,2597,2579,0.00155339805825243
"17155","17155",5760,6247,6248,0.0847222222222222
"17156","17156",9900,9058,9064,-0.0844444444444444
"17157","17157",4444,4444,4602,0.0355535553555356
"17158","17158",1123,993,993,-0.115761353517364
"17159","17159",4964,4964,4978,0.00282030620467365
"17160","17160",6020,5902,5529,-0.0815614617940199
"17161","17161",1400,1400,1365,-0.025
"17162","17162",1078,1028,1045,-0.0306122448979592
"17163","17163",5116,5116,5177,0.0119233776387803
"17164","17164",3012,2814,2815,-0.0654050464807437
"17165","17165",2221,2221,2443,0.09995497523638
"17166","17166",2659,2657,2015,-0.242196314403911
"17167","17167",1696,1698,1218,-0.281839622641509
"17168","17168",5337,3871,3556,-0.333708075697958
"17169","17169",5190,5062,4993,-0.0379576107899807
"17170","17170",7335,7311,7154,-0.0246762099522836
"17171","17171",7544,7561,7492,-0.00689289501590668
"17172","17172",941,941,941,0
"17173","17173",4308,4306,4242,-0.0153203342618384
"17174","17174",1036,1121,1127,0.0878378378378378
"17175","17175",6560,6560,6622,0.00945121951219512
"17178","17178",3096,1979,1923,-0.378875968992248
"17179","17179",4828,5048,4980,0.0314830157415079
"17180","17180",2414,2377,2377,-0.0153272576636288
"17181","17181",2188,2188,2314,0.0575868372943327
"17182","17182",2733,2797,2796,0.0230515916575192
"17184","17184",4436,4436,5158,0.162759242560866
"17185","17185",1966,1966,1966,0
"17186","17186",2074,2043,1825,-0.120057859209257
"17187","17187",670,905,905,0.350746268656716
"17188","17188",1071,1071,1071,0
"17189","17189",6291,6293,6245,-0.00731203306310602
"17191","17191",1198,1198,1595,0.331385642737897
"17192","17192",3304,2624,2624,-0.205811138014528
"17193","17193",2651,2651,2652,0.000377216144851
"17196","17196",2882,2911,2814,-0.0235947258848022
"17197","17197",1846,1845,1845,-0.000541711809317443
"17198","17198",5186,5186,7046,0.358657925183186
"17199","17199",13741,11251,11223,-0.183247216359799
"17200","17200",4202,3436,4055,-0.0349833412660638
"17201","17201",7248,7361,7365,0.0161423841059603
"17202","17202",6009,6026,6001,-0.00133133632884007
"17204","17204",8156,8014,8064,-0.0112800392349191
"17205","17205",10768,10265,10669,-0.00919390787518574
"17207","17207",5761,5879,5806,0.00781114389862871
"17208","17208",1862,1861,1861,-0.000537056928034372
"17209","17209",3546,2544,3591,0.0126903553299492
"17210","17210",2597,2445,2221,-0.144782441278398
"17211","17211",1924,1924,1924,0
"17212","17212",3436,3452,3766,0.0960419091967404
"17213","17213",9537,9046,8934,-0.0632274300094369
"17214","17214",5326,5326,5800,0.0889973713856553
"17215","17215",5108,5115,5100,-0.00156617071260767
"17216","17216",1756,1850,1748,-0.00455580865603645
"17217","17217",4027,4077,3834,-0.0479264961509809
"17218","17218",6355,7867,7867,0.237922895357986
"17219","17219",9102,9044,8951,-0.0165897604921995
"17221","17221",1376,1376,1327,-0.0356104651162791
"17222","17222",1980,1980,2050,0.0353535353535354
"17223","17223",9704,10143,10080,0.0387469084913438
"17224","17224",4604,4594,4460,-0.0312771503040834
"17225","17225",2224,2224,2173,-0.022931654676259
"18289","18289",2224,2224,2173,-0.022931654676259
"17226","17226",4311,4311,4336,0.00579911853398283
"17228","17228",7698,6333,6334,-0.177188880228631
"17229","17229",4280,4280,4601,0.075
"17230","17230",3104,2080,2080,-0.329896907216495
"17231","17231",2439,2443,2443,0.001640016400164
"17232","17232",1890,1793,1767,-0.0650793650793651
"17233","17233",8618,7935,7632,-0.114411696449292
"17234","17234",2269,2349,2349,0.0352578228294403
"17235","17235",5040,4872,4873,-0.0331349206349206
"17236","17236",3681,3575,3575,-0.0287965226840532
"17237","17237",6393,6414,6434,0.00641326450805569
"17238","17238",3197,3197,3197,0
"17240","17240",3573,3570,3572,-0.000279876854184159
"17241","17241",3105,3118,3118,0.00418679549114332
"17242","17242",3590,3590,3559,-0.00863509749303621
"17243","17243",1081,1081,1081,0
"17244","17244",2810,2807,3005,0.0693950177935943
"17447","17447",2810,2807,3005,0.0693950177935943
"17245","17245",4940,4120,4822,-0.0238866396761134
"17246","17246",2288,2293,2721,0.189248251748252
"17247","17247",2700,1762,1760,-0.348148148148148
"17248","17248",1537,1537,1537,0
"17249","17249",4662,4662,4665,0.000643500643500643
"17250","17250",1247,1247,1247,0
"17251","17251",2553,3255,4472,0.751664708186447
"17252","17252",10700,8012,7156,-0.331214953271028
"17253","17253",2219,2219,1783,-0.196484903109509
"17254","17254",8671,8634,8603,-0.00784223272978895
"17256","17256",4911,4848,4848,-0.0128283445326817
"17258","17258",7661,7661,7627,-0.0044380629160684
"17259","17259",3960,3942,3916,-0.0111111111111111
"17260","17260",1844,1255,1255,-0.31941431670282
"17261","17261",1388,1390,1390,0.00144092219020173
"17262","17262",4598,4671,4645,0.0102218355806873
"17263","17263",4353,4353,4283,-0.0160808637721112
"17264","17264",6569,6572,6574,0.000761150860100472
"17265","17265",4990,4920,4924,-0.0132264529058116
"17266","17266",3078,2826,3913,0.271280051981806
"17267","17267",792,792,792,0
"17268","17268",4810,4792,5167,0.0742203742203742
"17269","17269",3571,3561,3563,-0.00224026883225987
"17271","17271",2255,2300,2300,0.0199556541019956
"17272","17272",5452,5288,5127,-0.0596111518708731
"17273","17273",6917,5441,5404,-0.218736446436316
"17274","17274",3442,2890,2890,-0.160371876815805
"17275","17275",4616,4719,4962,0.0749566724436742
"17276","17276",2293,2293,2293,0
"17277","17277",1699,1649,1652,-0.0276633313713949
"17278","17278",3543,3546,3546,0.000846740050804403
"17280","17280",4857,4537,4765,-0.0189417335803994
"17281","17281",5154,5153,5154,0
"17283","17283",2067,2067,2060,-0.00338655055636188
"17284","17284",4657,4658,4884,0.0487438264977453
"17285","17285",4969,4820,4820,-0.0299859126584826
"17286","17286",6149,6183,6190,0.00666775085379737
"17287","17287",3668,3676,3676,0.00218102508178844
"17289","17289",5838,6086,4079,-0.301301815690305
"17290","17290",7154,6954,7057,-0.013558848196813
"17291","17291",1196,1196,1196,0
"17292","17292",2282,2282,2161,-0.0530236634531113
"17293","17293",3108,3108,2535,-0.184362934362934
"17294","17294",5026,5026,4952,-0.0147234381217668
"17295","17295",1540,1543,1540,0
"17668","17668",1540,1543,1540,0
"17296","17296",1419,1423,1362,-0.040169133192389
"17298","17298",10764,10731,11308,0.0505388331475288
"17300","17300",7258,7258,7258,0
"17301","17301",2689,2075,2074,-0.228709557456303
"17302","17302",4355,4302,4236,-0.0273249138920781
"17304","17304",6250,6250,7137,0.14192
"17305","17305",7947,5085,5085,-0.360135900339751
"17306","17306",6392,5901,5601,-0.123748435544431
"17307","17307",1908,1908,1908,0
"17310","17310",2955,2955,2955,0
"17311","17311",4134,4135,3202,-0.225447508466376
"17312","17312",9448,9386,9181,-0.028259949195597
"17313","17313",3744,3744,3746,0.000534188034188034
"17314","17314",1918,1854,1899,-0.00990615224191867
"17315","17315",4527,4092,4092,-0.0960901259111995
"17316","17316",2512,2514,2513,0.000398089171974522
"17317","17317",1832,1832,1678,-0.084061135371179
"17319","17319",1911,2150,2149,0.124542124542125
"17320","17320",2437,2440,2330,-0.0439064423471481
"17322","17322",5311,5866,5780,0.0883072867633214
"17323","17323",3364,3364,3364,0
"17324","17324",5316,4972,4972,-0.0647103085026336
"17325","17325",1374,1397,1397,0.0167394468704512
"17326","17326",3614,3245,2824,-0.218594355285003
"17327","17327",7499,7499,7402,-0.0129350580077344
"17328","17328",5053,5103,5103,0.00989511181476351
"17329","17329",4570,4583,4583,0.00284463894967177
"17330","17330",11896,12334,12293,0.0333725622057835
"17331","17331",5414,5419,5460,0.00849649057997784
"17332","17332",2467,2467,2595,0.0518848804215647
"17334","17334",3946,3958,3894,-0.0131779016725798
"17335","17335",7066,6547,6548,-0.0733088027172375
"17336","17336",4508,4506,4506,-0.000443655723158829
"17337","17337",6418,6731,6736,0.0495481458398255
"17338","17338",2107,2107,2268,0.0764119601328904
"17339","17339",2997,2567,2567,-0.143476810143477
"17341","17341",2796,2730,2526,-0.0965665236051502
"17343","17343",8597,8665,8651,0.00628126090496685
"17344","17344",1599,1602,1602,0.00187617260787992
"17345","17345",1504,1504,1527,0.0152925531914894
"17346","17346",2229,2235,3744,0.679676985195155
"17348","17348",1650,2197,2197,0.331515151515152
"17349","17349",4711,5049,5134,0.0897898535342815
"17350","17350",5316,5319,5306,-0.0018811136192626
"17351","17351",4422,4422,4815,0.0888738127544098
"17352","17352",2798,2797,2795,-0.00107219442458899
"17353","17353",4539,4528,4552,0.00286406697510465
"17354","17354",2712,2712,2951,0.0881268436578171
"17355","17355",4045,3525,3450,-0.147095179233622
"17356","17356",12991,12927,12910,-0.0062350858286506
"17358","17358",2812,2737,2814,0.000711237553342817
"17359","17359",2741,3350,2928,0.0682232761765779
"17360","17360",2014,2045,1993,-0.0104270109235353
"17361","17361",3514,3347,4710,0.340352874217416
"17362","17362",6773,6773,6949,0.0259855307839953
"17363","17363",3088,3088,3088,0
"17364","17364",1776,1775,1775,-0.000563063063063063
"17366","17366",2020,1930,1930,-0.0445544554455446
"17369","17369",2042,2048,2048,0.0029382957884427
"17370","17370",2337,2280,2211,-0.0539152759948652
"17372","17372",1712,1692,1692,-0.0116822429906542
"17373","17373",4998,4573,4809,-0.0378151260504202
"17374","17374",1775,1803,1803,0.0157746478873239
"17375","17375",4061,3980,4058,-0.000738734301896085
"17377","17377",1969,1969,2085,0.0589131538852209
"17378","17378",8560,8185,8354,-0.0240654205607477
"17379","17379",4205,4183,4183,-0.00523186682520809
"17380","17380",2771,2963,3266,0.178635871526525
"17381","17381",6073,5741,5738,-0.0551621933146715
"17382","17382",6881,6646,6648,-0.0338613573608487
"17383","17383",1386,1397,1397,0.00793650793650794
"17384","17384",1192,1192,1192,0
"17385","17385",7275,7275,7454,0.0246048109965636
"17386","17386",3031,2780,2759,-0.0897393599472121
"17387","17387",9746,9924,9075,-0.0688487584650113
"17388","17388",2312,2414,2414,0.0441176470588235
"17389","17389",4004,4003,4008,0.000999000999000999
"17390","17390",1536,1540,1540,0.00260416666666667
"17391","17391",4743,4865,4845,0.021505376344086
"17392","17392",3377,3297,3564,0.0553745928338762
"17393","17393",5711,5829,5755,0.00770443004727718
"17394","17394",3192,3115,3117,-0.0234962406015038
"17395","17395",882,635,1013,0.148526077097506
"17396","17396",4323,4323,4516,0.0446449225075179
"17397","17397",2932,2925,3004,0.0245566166439291
"17398","17398",3840,3840,3842,0.000520833333333333
"17400","17400",13260,13287,13337,0.00580693815987934
"17401","17401",4892,4778,4605,-0.0586672117743254
"17403","17403",2853,2891,2725,-0.0448650543287767
"17404","17404",12844,12719,13443,0.0466365618187481
"17405","17405",3446,3450,3450,0.00116076610562972
"17406","17406",4632,4609,4617,-0.00323834196891192
"17407","17407",2195,2195,2253,0.0264236902050114
"17409","17409",2875,2877,2877,0.000695652173913044
"17410","17410",3618,3521,3390,-0.0630182421227197
"17411","17411",9383,5681,5681,-0.394543323031014
"17412","17412",8433,8476,8784,0.0416221985058698
"17413","17413",3063,3065,2760,-0.098922624877571
"17415","17415",4183,4183,4180,-0.00071718862060722
"17416","17416",3204,2486,2487,-0.223782771535581
"17417","17417",9386,10226,10058,0.0715959940336672
"17418","17418",3221,3221,2418,-0.24930145917417
"17419","17419",1306,1306,1306,0
"17420","17420",2726,2721,2585,-0.0517241379310345
"17421","17421",2885,2914,2913,0.0097053726169844
"17422","17422",2361,2361,2528,0.0707327403642524
"17423","17423",6121,5886,5606,-0.084136578990361
"17424","17424",2652,2548,2546,-0.0399698340874811
"17839","17839",2652,2548,2546,-0.0399698340874811
"17425","17425",8235,5498,5383,-0.346326654523376
"17426","17426",3864,3887,3884,0.005175983436853
"17427","17427",8361,8389,8064,-0.0355220667384284
"17428","17428",6713,5318,4093,-0.390287501862059
"17429","17429",2212,2212,2210,-0.000904159132007233
"17430","17430",4774,4879,5495,0.151026392961877
"17431","17431",2834,2832,2813,-0.00741002117148906
"17432","17432",2319,2430,2429,0.0474342388960759
"17433","17433",3861,3861,3965,0.0269360269360269
"17434","17434",7318,7463,8544,0.167532112599071
"17435","17435",4143,3080,3080,-0.2565773594014
"17436","17436",5865,5770,5770,-0.0161977834612106
"17437","17437",3088,2789,2789,-0.0968264248704663
"17438","17438",2623,2554,3029,0.154784597788791
"17439","17439",1334,1334,1334,0
"17440","17440",6614,6537,6621,0.00105836105231327
"17441","17441",1451,1451,1451,0
"17442","17442",1288,1288,1284,-0.0031055900621118
"17443","17443",5796,5533,5532,-0.0455486542443064
"17444","17444",3357,3355,3333,-0.00714924039320822
"17445","17445",1355,1355,1531,0.129889298892989
"17446","17446",5947,5883,5890,-0.00958466453674121
"17448","17448",7246,7212,6267,-0.135109025669335
"17449","17449",3705,3707,3387,-0.08582995951417
"17450","17450",2887,2928,2930,0.0148943540006928
"17451","17451",3971,3969,3859,-0.0282044824981113
"17452","17452",10124,10047,10020,-0.0102726195179771
"17453","17453",2145,1920,1920,-0.104895104895105
"17454","17454",1830,1834,1833,0.00163934426229508
"17455","17455",1045,1111,844,-0.192344497607656
"17456","17456",4972,4966,7923,0.593523732904264
"17457","17457",5154,5352,5487,0.0646100116414435
"17458","17458",2270,2259,2258,-0.0052863436123348
"17459","17459",6730,6177,6993,0.0390787518573551
"17460","17460",4801,3302,2986,-0.37804624036659
"17461","17461",2400,2701,2712,0.13
"17462","17462",6907,6873,6774,-0.0192558274214565
"17463","17463",3731,3031,3111,-0.166175288126508
"17464","17464",1818,1823,1823,0.00275027502750275
"17465","17465",1291,1322,1406,0.0890782339271882
"17466","17466",3685,3778,3535,-0.0407055630936228
"17467","17467",2625,2624,2648,0.00876190476190476
"17468","17468",6681,6818,16188,1.42299057027391
"17469","17469",10474,10411,9266,-0.115333206033989
"17471","17471",2429,2429,2429,0
"17472","17472",4976,4974,4975,-0.00020096463022508
"17473","17473",5638,5634,5085,-0.0980844271018091
"17474","17474",2526,2455,2619,0.0368171021377672
"17475","17475",1094,1094,1326,0.212065813528336
"17476","17476",5890,5849,5882,-0.00135823429541596
"17477","17477",5793,3026,3026,-0.477645434144657
"17478","17478",4144,4148,4149,0.00120656370656371
"17480","17480",2190,2190,2305,0.0525114155251142
"17481","17481",3632,3632,3632,0
"17482","17482",2905,3001,3001,0.0330464716006885
"17483","17483",2489,2492,2729,0.0964242667738047
"17484","17484",9956,9407,11660,0.171153073523503
"17485","17485",2677,2677,2697,0.00747104968248039
"17486","17486",4565,4530,4739,0.0381161007667032
"17487","17487",10246,9889,10260,0.00136638688268593
"17488","17488",6351,3617,3029,-0.523067233506534
"17489","17489",8074,7878,7909,-0.0204359673024523
"17490","17490",7004,6814,6751,-0.0361222158766419
"17491","17491",5208,5246,5246,0.00729646697388633
"17492","17492",13789,13787,12735,-0.0764377402277178
"17494","17494",8541,7843,7847,-0.0812551223510128
"17495","17495",1765,1765,1590,-0.0991501416430595
"17496","17496",6115,5840,5811,-0.0497138184791496
"17497","17497",5684,5684,5585,-0.0174173117522871
"17498","17498",2485,2455,2658,0.0696177062374246
"17499","17499",2385,2387,2387,0.000838574423480084
"17500","17500",5743,5742,5742,-0.000174125021765628
"17501","17501",4754,4794,4787,0.00694152292806058
"17502","17502",3447,3460,3503,0.0162460110240789
"17503","17503",1012,1012,1201,0.186758893280632
"17505","17505",2981,2339,2340,-0.215028513921503
"17506","17506",4069,4114,4059,-0.00245760629147211
"17507","17507",7700,8166,9733,0.264025974025974
"17508","17508",7396,6678,6838,-0.0754461871281774
"17509","17509",3146,3127,3042,-0.0330578512396694
"17510","17510",8036,7343,7355,-0.0847436535589846
"17511","17511",2686,2686,5113,0.903574087862993
"17512","17512",7149,6320,6625,-0.073296964610435
"17513","17513",2797,2964,2964,0.059706828745084
"17515","17515",2554,2656,2643,0.0348472983555208
"17516","17516",3395,3432,3432,0.0108983799705449
"17517","17517",7148,6114,6115,-0.144515948517068
"17518","17518",3718,3830,3836,0.0317374932759548
"17519","17519",1409,1409,1409,0
"17520","17520",3060,2993,3010,-0.0163398692810458
"17521","17521",3396,3391,3391,-0.00147232037691402
"17525","17525",3380,3380,3380,0
"17526","17526",5623,4544,4308,-0.233860928330073
"17527","17527",2871,2871,2868,-0.00104493207941484
"17528","17528",1772,1773,1739,-0.0186230248306998
"17529","17529",4117,4415,4115,-0.000485790624240952
"17530","17530",2207,2402,2402,0.0883552333484368
"17531","17531",3218,3186,3186,-0.00994406463642014
"17532","17532",3422,3294,3382,-0.0116890707188778
"17534","17534",3940,3935,3937,-0.000761421319796954
"17536","17536",4788,4414,4425,-0.0758145363408521
"17538","17538",965,822,822,-0.148186528497409
"17539","17539",2035,1959,1959,-0.0373464373464373
"17540","17540",2241,2241,2241,0
"17541","17541",1622,1627,1627,0.0030826140567201
"17542","17542",3615,3453,3716,0.027939142461964
"17543","17543",4779,4583,4583,-0.041012764176606
"17544","17544",5187,4899,4898,-0.0557162136109505
"17545","17545",5991,5983,6167,0.0293773994324821
"17546","17546",8434,8531,8326,-0.0128053118330567
"17548","17548",5769,5767,5861,0.015947304558849
"17549","17549",4873,4873,4874,0.000205212394828648
"17550","17550",4367,4271,4271,-0.0219830547286467
"17551","17551",6561,6816,7136,0.0876390794086267
"17552","17552",10438,10378,10283,-0.0148495880436865
"17553","17553",5984,5711,5711,-0.0456216577540107
"17554","17554",7236,7234,7212,-0.0033167495854063
"17555","17555",6304,6304,6306,0.000317258883248731
"17556","17556",3664,3664,3836,0.046943231441048
"17557","17557",7482,8417,8380,0.120021384656509
"17558","17558",1546,1541,1558,0.00776196636481242
"17559","17559",2662,2662,2682,0.00751314800901578
"17564","17564",6220,6218,6401,0.0290996784565916
"17565","17565",1989,1980,1997,0.00402212166918049
"17567","17567",3278,3278,3102,-0.0536912751677852
"17568","17568",4250,3664,3649,-0.141411764705882
"17569","17569",5131,3598,3603,-0.297797700253362
"17570","17570",7545,7562,7493,-0.00689198144466534
"17571","17571",5457,4948,4949,-0.0930914421843504
"17572","17572",3304,3335,3333,0.0087772397094431
"17573","17573",2163,2155,2155,-0.00369856680536292
"17574","17574",2775,2775,2775,0
"17576","17576",1861,1809,1810,-0.0274046211714132
"17578","17578",14218,12607,13356,-0.0606273737515825
"17579","17579",3268,3368,3372,0.0318237454100367
"17580","17580",6637,7458,7454,0.12309778514389
"17581","17581",3948,3939,3709,-0.0605369807497467
"17582","17582",7458,7562,7568,0.0147492625368732
"17583","17583",1736,1860,1860,0.0714285714285714
"17584","17584",2812,2667,2663,-0.0529871977240398
"17585","17585",9440,9349,9444,0.000423728813559322
"17586","17586",3313,3311,3309,-0.0012073649260489
"17588","17588",1695,1670,1913,0.128613569321534
"17589","17589",2714,2719,2751,0.0136330140014738
"17590","17590",2633,2636,2636,0.00113938473224459
"17591","17591",3742,3741,3741,-0.000267236771779797
"17592","17592",4955,4955,4956,0.000201816347124117
"17593","17593",9112,9233,8758,-0.0388498683055312
"17594","17594",1397,1397,1397,0
"17595","17595",4358,4199,4456,0.0224873795318954
"17596","17596",3901,3905,3905,0.00102537810817739
"17597","17597",3726,3717,3717,-0.00241545893719807
"17598","17598",1885,1515,1515,-0.196286472148541
"17599","17599",3583,3262,3279,-0.0848451018699414
"17600","17600",3715,3713,3713,-0.00053835800807537
"17602","17602",2572,2572,2713,0.0548211508553655
"17603","17603",2345,2343,2624,0.118976545842217
"17604","17604",3343,2681,2685,-0.196829195333533
"17605","17605",3814,3852,3845,0.0081279496591505
"17606","17606",4621,4621,4851,0.0497727764553127
"17607","17607",2720,2720,2718,-0.000735294117647059
"17608","17608",1968,1968,1968,0
"17609","17609",5100,4913,4846,-0.0498039215686275
"17610","17610",5010,5074,5067,0.011377245508982
"17611","17611",2861,2861,2938,0.0269136665501573
"17612","17612",7051,7041,9050,0.283505885689973
"17613","17613",2256,2204,2204,-0.0230496453900709
"17614","17614",6303,5879,5990,-0.0496588925908298
"17615","17615",2002,2002,3193,0.594905094905095
"17616","17616",4464,4588,4588,0.0277777777777778
"17618","17618",3881,3881,3805,-0.0195825818088122
"17619","17619",1936,1981,1977,0.0211776859504132
"17620","17620",2599,2360,2229,-0.142362447095037
"17621","17621",6063,6608,5858,-0.0338116444004618
"17622","17622",2170,2130,2134,-0.0165898617511521
"17624","17624",2577,2145,2090,-0.188979433449748
"17625","17625",2148,2247,2247,0.0460893854748603
"17627","17627",1625,1442,1442,-0.112615384615385
"17628","17628",1228,1228,1228,0
"17629","17629",7419,7409,7423,0.000539156220514894
"17630","17630",3794,3794,3794,0
"17631","17631",3889,4205,4205,0.0812548212908203
"17633","17633",2064,2064,2064,0
"17634","17634",994,1210,968,-0.0261569416498994
"17637","17637",2535,2539,2634,0.0390532544378698
"17638","17638",2347,2341,2341,-0.00255645504899872
"17640","17640",1386,1386,1400,0.0101010101010101
"17642","17642",3635,3641,3891,0.0704264099037139
"17643","17643",2864,2837,2566,-0.104050279329609
"17644","17644",2056,2056,2055,-0.000486381322957198
"17645","17645",1984,1984,1985,0.000504032258064516
"17646","17646",3403,2821,3093,-0.0910960916838084
"17648","17648",4943,4946,4932,-0.0022253692089824
"17649","17649",5509,5509,5649,0.0254129606099111
"17650","17650",8772,8704,9227,0.0518695850433197
"17651","17651",1100,1100,1097,-0.00272727272727273
"17652","17652",7380,7383,7370,-0.0013550135501355
"17653","17653",2629,2628,1821,-0.307341194370483
"17654","17654",3802,4741,3662,-0.0368227248816412
"17655","17655",1496,1496,1502,0.00401069518716578
"17656","17656",4761,4930,4930,0.0354967443814325
"17657","17657",1751,1751,2079,0.187321530553969
"17658","17658",6712,6765,6771,0.00879022646007151
"17659","17659",3744,3747,3747,0.000801282051282051
"17660","17660",8433,8367,8368,-0.00770781453812404
"17661","17661",8450,7734,7896,-0.0655621301775148
"17662","17662",2139,2143,1935,-0.0953716690042076
"17664","17664",2351,2351,2368,0.00723096554657592
"17665","17665",2238,2238,2255,0.00759606791778374
"17666","17666",1549,1549,1933,0.247901872175597
"17667","17667",6501,6303,5785,-0.110136902015075
"17669","17669",3127,3096,2812,-0.100735529261273
"17670","17670",2412,2333,2333,-0.0327529021558872
"17671","17671",1769,1769,1769,0
"17672","17672",2263,2263,2451,0.0830755634114008
"17674","17674",5380,5106,5119,-0.0485130111524164
"17675","17675",1894,2205,2204,0.163674762407603
"17676","17676",3330,3330,3349,0.00570570570570571
"17677","17677",11556,11556,11667,0.00960539979231568
"17678","17678",5835,5621,5622,-0.0365038560411311
"17679","17679",4872,4799,5573,0.14388341543514
"17680","17680",2451,2409,2295,-0.0636474908200734
"17681","17681",1254,1000,2477,0.975279106858054
"17682","17682",6156,6149,6151,-0.000812215724496426
"17683","17683",1472,1472,1472,0
"17684","17684",6430,6596,6592,0.025194401244168
"17685","17685",1992,1992,1992,0
"17687","17687",1852,1916,1911,0.0318574514038877
"17688","17688",2921,2928,2931,0.00342348510783978
"17690","17690",3644,3697,3667,0.00631174533479693
"17692","17692",8813,7897,7894,-0.104277771473959
"17693","17693",5025,5014,5004,-0.00417910447761194
"17694","17694",3063,3060,3058,-0.00163238654913484
"17695","17695",1901,1750,1750,-0.079431877958969
"17696","17696",7285,7211,7211,-0.0101578586135896
"17697","17697",7086,7848,8128,0.147050522156365
"17699","17699",1849,1607,1607,-0.130881557598702
"17701","17701",8250,8255,8261,0.00133333333333333
"17703","17703",7808,8735,7871,0.00806864754098361
"17704","17704",1148,1148,1282,0.116724738675958
"19982","19982",1148,1148,1282,0.116724738675958
"17706","17706",3054,3031,3033,-0.0068762278978389
"17707","17707",1913,1914,2008,0.0496602195504443
"17708","17708",1458,1421,1386,-0.0493827160493827
"17709","17709",1736,1736,1784,0.0276497695852535
"17711","17711",2869,2683,2582,-0.100034855350296
"17712","17712",1163,1162,1162,-0.000859845227858985
"17714","17714",2822,2968,2968,0.0517363571934798
"17715","17715",7197,7145,7145,-0.00722523273586216
"17716","17716",2728,2784,2328,-0.146627565982405
"17717","17717",1562,1559,1559,-0.00192061459667093
"17718","17718",4508,4406,4600,0.0204081632653061
"17719","17719",2741,1939,2261,-0.175118569865013
"17720","17720",3152,2953,3554,0.12753807106599
"17721","17721",5591,5591,5591,0
"17722","17722",4360,5295,5286,0.212385321100917
"17724","17724",2377,2281,2245,-0.0555321834244846
"17725","17725",2145,1982,1982,-0.075990675990676
"17726","17726",4324,4306,4310,-0.0032377428307123
"17729","17729",978,972,959,-0.0194274028629857
"17730","17730",3055,3055,2918,-0.0448445171849427
"17731","17731",4363,4497,4499,0.031171212468485
"17732","17732",9854,8458,8441,-0.143393545768216
"17733","17733",1812,1811,1811,-0.000551876379690949
"17734","17734",3377,3370,3476,0.0293159609120521
"17735","17735",3961,3444,3434,-0.133047210300429
"17736","17736",4837,5277,5281,0.091792433326442
"17737","17737",9247,9244,9819,0.0618578998594139
"17738","17738",4575,4376,4384,-0.0417486338797814
"17739","17739",2262,2361,2361,0.0437665782493369
"17740","17740",3966,4087,4088,0.0307614725163893
"17741","17741",1929,2003,1915,-0.00725764644893727
"17742","17742",3185,3068,2890,-0.0926216640502355
"17743","17743",3857,3824,3824,-0.00855587243971999
"17744","17744",5943,5946,5941,-0.000336530371866061
"17745","17745",2765,2803,2803,0.0137432188065099
"17746","17746",898,898,987,0.099109131403118
"17748","17748",8300,5565,5556,-0.330602409638554
"17749","17749",2269,2364,2352,0.0365799911855443
"17750","17750",6006,5815,5819,-0.0311355311355311
"17751","17751",8003,7979,8110,0.0133699862551543
"17752","17752",12092,12372,13072,0.0810453192193186
"17753","17753",4772,4772,4811,0.00817267393126572
"17754","17754",6996,7029,7008,0.00171526586620926
"17755","17755",6060,4988,4994,-0.175907590759076
"17756","17756",1285,1285,2269,0.765758754863813
"17757","17757",2681,2679,2667,-0.00522193211488251
"17758","17758",3692,3782,3540,-0.0411700975081257
"17759","17759",9297,9291,8950,-0.037323867914381
"17760","17760",2798,2798,2532,-0.0950679056468906
"17761","17761",3779,3779,3719,-0.0158772161947605
"17762","17762",5157,5157,5157,0
"17763","17763",5284,3993,3593,-0.32002271006813
"17764","17764",2892,2884,2884,-0.00276625172890733
"17765","17765",3287,3379,3206,-0.02464253118345
"17766","17766",2944,3018,2664,-0.0951086956521739
"17767","17767",2270,2270,2275,0.00220264317180617
"17768","17768",1958,1961,1908,-0.0255362614913177
"17769","17769",2488,2491,2488,0
"17770","17770",3733,3733,2951,-0.209482989552639
"17771","17771",4460,4437,4408,-0.0116591928251121
"17772","17772",2281,2407,2410,0.056554142919772
"17773","17773",3686,3561,3793,0.029028757460662
"17774","17774",2368,2708,2368,0
"17775","17775",4486,4253,4304,-0.0405706642888988
"17776","17776",2178,2193,2193,0.0068870523415978
"17777","17777",9258,7391,7392,-0.201555411535969
"17778","17778",3570,3563,3563,-0.00196078431372549
"17779","17779",1868,1862,1858,-0.00535331905781585
"17781","17781",2421,2428,2369,-0.0214787277984304
"17782","17782",883,993,994,0.125707814269536
"17783","17783",3481,3481,3272,-0.0600402183280666
"17784","17784",3331,3454,2724,-0.182227559291504
"17785","17785",7993,6949,6951,-0.13036406855999
"17786","17786",3374,3241,3157,-0.0643153526970954
"17787","17787",3019,3019,2851,-0.0556475654190129
"17789","17789",2526,2529,2688,0.0641330166270784
"17988","17988",2526,2529,2688,0.0641330166270784
"17790","17790",2263,2264,2265,0.000883782589482987
"18292","18292",2263,2264,2265,0.000883782589482987
"17791","17791",2815,2220,2220,-0.211367673179396
"17794","17794",1696,1689,1685,-0.00648584905660377
"17798","17798",2849,3075,2927,0.0273780273780274
"17799","17799",812,2020,2021,1.48891625615764
"17800","17800",2839,2884,2879,0.0140894681225784
"17801","17801",7165,6763,6752,-0.0576413119330077
"17802","17802",1414,1414,1303,-0.0785007072135785
"17803","17803",3401,3415,3650,0.0732137606586298
"17805","17805",2963,2963,2946,-0.00573742828214647
"17806","17806",4797,5276,5238,0.0919324577861163
"17807","17807",2407,2407,2343,-0.0265891150810137
"17808","17808",1160,1160,1196,0.0310344827586207
"17809","17809",11388,11945,13082,0.148753073410608
"17811","17811",4632,4632,3495,-0.245466321243523
"17814","17814",2908,3019,2985,0.0264786795048143
"17815","17815",6543,5690,5748,-0.121503897294819
"17816","17816",4086,4086,4237,0.0369554576603035
"17817","17817",4347,4315,4310,-0.00851161720726938
"17818","17818",973,973,999,0.02672147995889
"17819","17819",8916,9659,9193,0.0310677433826828
"17821","17821",2205,2206,2208,0.00136054421768707
"17822","17822",3392,3392,3532,0.0412735849056604
"17823","17823",7816,8179,7955,0.0177840327533265
"17824","17824",1687,1687,1687,0
"17825","17825",7425,7426,7465,0.00538720538720539
"17826","17826",4761,4680,4590,-0.0359168241965974
"17827","17827",3450,3466,3466,0.00463768115942029
"17828","17828",3214,3312,3290,0.0236465463596764
"17831","17831",3109,3109,3065,-0.0141524605982631
"17832","17832",7426,6088,6177,-0.168192835981686
"17833","17833",2594,2595,2599,0.00192752505782575
"17834","17834",6752,7405,6784,0.004739336492891
"17836","17836",6553,8101,8101,0.23622768197772
"17838","17838",1873,3175,3175,0.695141484249867
"17840","17840",1995,1995,1995,0
"17842","17842",12522,11710,11693,-0.0662034818719054
"17843","17843",1491,1494,1494,0.00201207243460765
"17844","17844",5444,5445,5388,-0.0102865540044085
"17845","17845",3444,3409,3408,-0.0104529616724739
"17846","17846",4817,4969,4969,0.0315549096948308
"17848","17848",4467,5741,5741,0.285202596821133
"17849","17849",3245,2351,3519,0.0844375963020031
"17850","17850",5657,5695,5846,0.0334099345943079
"17851","17851",3082,3057,3278,0.063595068137573
"17852","17852",2724,2556,2719,-0.00183553597650514
"19206","19206",2724,2556,2719,-0.00183553597650514
"17853","17853",2417,2417,4685,0.938353330575093
"17855","17855",5628,6798,6872,0.221037668798863
"17856","17856",4595,4600,4675,0.0174102285092492
"17857","17857",5160,4484,4484,-0.131007751937985
"17858","17858",2191,2167,2246,0.0251026928343222
"17859","17859",1982,1982,1982,0
"17860","17860",1620,1620,1667,0.0290123456790123
"17861","17861",2931,2860,2908,-0.00784715114295462
"17862","17862",5302,5344,5163,-0.0262165220671445
"17863","17863",10814,8354,8201,-0.241631218790457
"17864","17864",3962,3842,3660,-0.0762241292276628
"17865","17865",9445,9072,9381,-0.00677607199576495
"17866","17866",2034,2065,2051,0.00835791543756145
"17867","17867",3882,3613,3616,-0.0685213807315817
"17868","17868",6001,6034,6034,0.00549908348608565
"17869","17869",2561,2561,2562,0.000390472471690746
"17870","17870",2847,2847,3136,0.101510361784334
"17871","17871",3660,3660,3667,0.00191256830601093
"17872","17872",2323,2323,2323,0
"17873","17873",3043,3061,2928,-0.0377916529740388
"17874","17874",2177,2177,2578,0.184198438217731
"17875","17875",6362,6362,8824,0.386985224772084
"17876","17876",1959,2733,2719,0.38795303726391
"17877","17877",2984,2975,2976,-0.00268096514745308
"17878","17878",1238,1238,1237,-0.000807754442649435
"17879","17879",2075,2063,2186,0.0534939759036145
"17880","17880",2273,2274,2400,0.0558732952045755
"17881","17881",1459,1462,1462,0.00205620287868403
"17882","17882",11793,8463,8695,-0.262698210803019
"17883","17883",12165,8987,9132,-0.249321824907522
"17884","17884",5485,6667,6596,0.202552415679125
"17886","17886",3724,3724,3955,0.0620300751879699
"17887","17887",1391,1391,1391,0
"17888","17888",6217,6177,6143,-0.0119028470323307
"17889","17889",907,907,907,0
"17891","17891",7765,7426,7387,-0.0486799742433999
"17892","17892",1740,2003,2267,0.302873563218391
"17893","17893",6193,6468,6283,0.0145325367350234
"17894","17894",3323,2918,2919,-0.121576888353897
"17895","17895",2859,2859,2858,-0.000349772647778944
"17896","17896",3194,3198,3198,0.00125234815278647
"17897","17897",4879,4879,4854,-0.00512400081984013
"17900","17900",6907,6906,6350,-0.0806428261184306
"17902","17902",3688,3688,3666,-0.00596529284164859
"17904","17904",1461,1465,1597,0.0930869267624914
"17905","17905",5780,6101,5106,-0.116608996539792
"17906","17906",2800,2764,2764,-0.0128571428571429
"17907","17907",16522,15753,15708,-0.0492676431424767
"17908","17908",2261,2261,2261,0
"17909","17909",8275,8337,7880,-0.0477341389728097
"17910","17910",10231,7204,7339,-0.282670315707164
"17911","17911",2897,2897,2898,0.000345184673800483
"17912","17912",1573,1600,1476,-0.0616656071201526
"17913","17913",5573,6177,6146,0.102817154136013
"17914","17914",8472,9583,8146,-0.0384796978281398
"17916","17916",10646,11997,11997,0.126902122863047
"17917","17917",4592,4637,4584,-0.00174216027874564
"17918","17918",2638,2642,2711,0.0276724791508719
"17919","17919",2082,2083,2083,0.00048030739673391
"17920","17920",2446,2446,2449,0.00122649223221586
"17921","17921",847,847,876,0.0342384887839433
"17922","17922",6280,6125,6130,-0.0238853503184713
"17923","17923",1703,1654,1925,0.130358191426894
"17924","17924",2346,2346,2142,-0.0869565217391304
"17925","17925",5279,5279,5337,0.0109869293426785
"17926","17926",1582,1797,1854,0.171934260429836
"17927","17927",5307,5273,5278,-0.00546448087431694
"17928","17928",2466,2466,2451,-0.00608272506082725
"17929","17929",3330,3330,3309,-0.00630630630630631
"17930","17930",3405,3411,3376,-0.00851688693098385
"17931","17931",6407,6449,6454,0.00733572654908694
"17932","17932",3431,3431,3436,0.0014573010784028
"17933","17933",7223,7243,7442,0.0303198117125848
"17935","17935",4240,4719,4699,0.108254716981132
"17936","17936",3156,3081,3228,0.0228136882129278
"17938","17938",1078,717,717,-0.334879406307978
"17939","17939",2114,2115,2115,0.000473036896877956
"17940","17940",950,808,808,-0.149473684210526
"17941","17941",6428,6134,6338,-0.0140012445550716
"17942","17942",5946,6657,5964,0.00302724520686176
"17945","17945",2300,2300,2098,-0.0878260869565217
"17946","17946",2887,2827,2767,-0.0415656390717007
"17947","17947",6037,6004,5854,-0.0303130694053338
"17948","17948",2193,2042,1926,-0.121751025991792
"17949","17949",2196,1934,2203,0.00318761384335155
"17950","17950",2845,2844,2844,-0.000351493848857645
"17952","17952",8002,8500,8380,0.0472381904523869
"17953","17953",6672,6705,6293,-0.0568045563549161
"17955","17955",9868,10217,10222,0.0358735306039724
"17956","17956",2770,2770,2947,0.063898916967509
"17957","17957",3811,3773,3739,-0.0188926790868538
"17958","17958",5068,4689,4691,-0.074388318863457
"17959","17959",8014,7125,7497,-0.0645121038183179
"17960","17960",9039,9188,9017,-0.00243389755503927
"17961","17961",8798,8680,8465,-0.0378495112525574
"17962","17962",3152,3156,3156,0.00126903553299492
"17963","17963",1344,1349,1349,0.0037202380952381
"17965","17965",3812,3804,3716,-0.0251836306400839
"17966","17966",2237,2227,2227,-0.00447027268663388
"17967","17967",10001,9878,10697,0.0695930406959304
"17968","17968",3860,3860,3822,-0.00984455958549223
"17969","17969",3423,2940,2940,-0.141104294478528
"17970","17970",10113,10093,9453,-0.0652625333728864
"17971","17971",6099,6099,6113,0.00229545827184784
"17972","17972",7009,7029,7014,0.000713368526180625
"17973","17973",1308,1308,1308,0
"17974","17974",6687,4331,4314,-0.354867653656348
"17975","17975",2968,2968,2970,0.000673854447439353
"17976","17976",3949,4183,4187,0.060268422385414
"17977","17977",1756,1851,1613,-0.0814350797266515
"17978","17978",7561,7561,7561,0
"17979","17979",3569,3582,3582,0.00364247688428131
"17980","17980",3224,3286,3026,-0.0614143920595533
"17981","17981",11516,12112,12113,0.0518409169850643
"17982","17982",3110,3110,3111,0.000321543408360129
"17984","17984",3602,3602,3208,-0.109383675735702
"17985","17985",2953,3423,3423,0.15916017609211
"17986","17986",3568,3569,3572,0.00112107623318386
"17987","17987",2847,2843,3057,0.0737618545837724
"17989","17989",2700,1533,1534,-0.431851851851852
"17990","17990",3456,3449,3456,0
"17991","17991",5352,5198,5232,-0.0224215246636771
"17992","17992",3634,3636,3604,-0.00825536598789213
"17993","17993",4174,4412,4088,-0.020603737422137
"17995","17995",2101,2101,2101,0
"17996","17996",2615,2615,2075,-0.206500956022945
"17997","17997",2331,2365,2341,0.00429000429000429
"17998","17998",2108,2108,2108,0
"17999","17999",1610,1553,1647,0.0229813664596273
"18000","18000",3627,3425,3427,-0.0551419906258616
"19071","19071",3627,3425,3427,-0.0551419906258616
"18001","18001",4760,6485,4861,0.021218487394958
"18002","18002",2560,2560,2281,-0.108984375
"18003","18003",2095,2003,2008,-0.041527446300716
"18004","18004",2266,2270,2299,0.0145631067961165
"18006","18006",1515,1515,1514,-0.00066006600660066
"18007","18007",7777,6244,6249,-0.196476790536196
"18008","18008",3443,3027,3027,-0.12082486203892
"18009","18009",5855,5855,5818,-0.00631938514090521
"18010","18010",1963,1997,1916,-0.0239429444727458
"18682","18682",1963,1997,1916,-0.0239429444727458
"18012","18012",1475,1424,1424,-0.0345762711864407
"18013","18013",2006,1999,1881,-0.0623130608175474
"18014","18014",11544,11460,10981,-0.0487699237699238
"18015","18015",1706,1706,1344,-0.212192262602579
"18016","18016",1990,2401,2401,0.206532663316583
"18017","18017",12775,12016,11996,-0.0609784735812133
"18018","18018",4172,4189,4189,0.00407478427612656
"18020","18020",3431,3421,3443,0.00349752258816672
"18021","18021",5922,5922,6193,0.0457615670381628
"18023","18023",3889,3697,3131,-0.194908716893803
"18025","18025",2523,2522,2526,0.00118906064209275
"18026","18026",6773,6789,6779,0.000885870367636203
"18027","18027",1654,1654,1685,0.0187424425634825
"18028","18028",4083,3704,3706,-0.0923340680871908
"18029","18029",3162,3155,3149,-0.00411132194813409
"18030","18030",3722,3724,3718,-0.00107469102632993
"18031","18031",2727,2726,2727,0
"18032","18032",1208,1208,1208,0
"18033","18033",1840,1978,1978,0.075
"18034","18034",6282,6283,6226,-0.00891435848455906
"18035","18035",3352,3346,3346,-0.00178997613365155
"18036","18036",6793,7909,7703,0.133961430884734
"18038","18038",12698,9401,10228,-0.194518821861711
"18039","18039",5629,5658,5658,0.0051518919879197
"18040","18040",2291,2307,2309,0.00785683107813182
"18041","18041",6178,5963,6429,0.0406280349627711
"18042","18042",4291,4299,4309,0.00419482638079702
"18044","18044",6660,6662,6857,0.0295795795795796
"18046","18046",3712,3573,3573,-0.0374461206896552
"18047","18047",7057,7057,6999,-0.00821878985404563
"18048","18048",6491,6693,6684,0.0297334771221692
"18049","18049",2185,2180,2193,0.00366132723112128
"18050","18050",1328,1328,1324,-0.00301204819277108
"18051","18051",5132,5130,5112,-0.00389711613406079
"18052","18052",3015,3217,2869,-0.048424543946932
"18053","18053",7620,7601,7414,-0.0270341207349081
"18054","18054",3963,3963,3963,0
"18055","18055",5649,7559,7499,0.327491591432112
"18056","18056",2759,2753,2759,0
"18057","18057",1715,1326,1358,-0.208163265306122
"18059","18059",6743,6587,6570,-0.0256562360966929
"18060","18060",7006,6946,6567,-0.0626605766485869
"18061","18061",5536,5248,5344,-0.0346820809248555
"18062","18062",3248,1498,1501,-0.537869458128079
"18063","18063",4300,4325,4350,0.0116279069767442
"18066","18066",4602,4602,4574,-0.00608431116905693
"18067","18067",5219,5041,5072,-0.0281663153860893
"18068","18068",2894,2926,2927,0.0114029025570145
"18069","18069",5883,5931,5932,0.00832908380078191
"18071","18071",2380,2380,2200,-0.0756302521008403
"18072","18072",2772,2772,2780,0.00288600288600289
"18073","18073",3399,3399,3399,0
"18074","18074",1118,1118,1118,0
"18075","18075",11396,11530,11541,0.0127237627237627
"18076","18076",2174,2178,2178,0.00183992640294388
"18077","18077",5286,5282,5702,0.0786984487325009
"18078","18078",5548,5546,5140,-0.0735400144196107
"18079","18079",4294,4292,4294,0
"18080","18080",3042,3081,3080,0.012491781722551
"18081","18081",2683,2690,2575,-0.0402534476332464
"18082","18082",3766,3780,3765,-0.000265533722782793
"18083","18083",1984,1984,1985,0.000504032258064516
"18084","18084",8773,8724,8344,-0.0489000341958281
"18085","18085",1505,1743,1596,0.0604651162790698
"18086","18086",2312,2595,2595,0.122404844290657
"18087","18087",7160,7160,7051,-0.0152234636871508
"18088","18088",7716,7528,6581,-0.147096941420425
"18089","18089",2237,1926,1925,-0.139472507822977
"18091","18091",7376,7355,6814,-0.0761930585683297
"18092","18092",5238,5179,4951,-0.0547919053073692
"18093","18093",1623,1562,1317,-0.188539741219963
"18094","18094",3693,3526,4421,0.197129704847008
"18095","18095",4207,4966,4762,0.131922985500357
"18096","18096",7925,7812,7705,-0.0277602523659306
"18097","18097",8192,8162,7925,-0.0325927734375
"18098","18098",2273,2273,2274,0.00043994720633524
"18099","18099",4873,4158,4155,-0.147342499486969
"18100","18100",5174,5259,5202,0.0054116737533823
"18101","18101",4674,4157,3687,-0.211168164313222
"18102","18102",4221,4218,4164,-0.0135039090262971
"18103","18103",1923,1790,1790,-0.0691627665106604
"18105","18105",8469,8535,15292,0.805644113826898
"18106","18106",6126,6126,6129,0.000489715964740451
"18107","18107",2486,2474,2476,-0.00402252614641995
"18108","18108",4380,4618,4414,0.00776255707762557
"18109","18109",2853,2625,2686,-0.0585348755695759
"18110","18110",1845,1868,1863,0.00975609756097561
"18111","18111",9844,9101,9150,-0.0704997968305567
"18112","18112",2919,2919,2919,0
"18113","18113",4398,4399,4442,0.0100045475216007
"18114","18114",5609,5484,5488,-0.0215724728115529
"18115","18115",3993,3994,3509,-0.121212121212121
"18116","18116",5030,5262,5228,0.0393638170974155
"18119","18119",1109,1109,1109,0
"18122","18122",3015,3015,3020,0.00165837479270315
"18123","18123",2190,2138,2114,-0.034703196347032
"18124","18124",11032,10985,10834,-0.0179477882523568
"18126","18126",3645,4655,4655,0.277091906721536
"18127","18127",944,944,902,-0.0444915254237288
"18128","18128",5242,4634,4681,-0.107020221289584
"18129","18129",3980,4047,4047,0.0168341708542714
"18130","18130",3706,3701,2447,-0.339719373988127
"18132","18132",1230,1033,1111,-0.0967479674796748
"18133","18133",1689,1689,1865,0.104203670811131
"18134","18134",2054,2054,2054,0
"18135","18135",5610,7884,5640,0.0053475935828877
"18136","18136",2756,2756,2933,0.0642235123367199
"18137","18137",3098,3101,3315,0.0700451904454487
"18138","18138",2826,2826,2825,-0.000353857041755131
"18139","18139",6856,6892,6969,0.0164819136522754
"18140","18140",8157,8368,8350,0.0236606595562094
"18141","18141",5645,5646,6222,0.102214348981399
"18143","18143",2349,2349,2349,0
"18144","18144",3100,3099,3109,0.00290322580645161
"18145","18145",2894,2893,2823,-0.0245335176226676
"18146","18146",2814,2814,2775,-0.0138592750533049
"18147","18147",6614,5896,6089,-0.0793770789234956
"18148","18148",9065,7816,7818,-0.137562051847766
"18149","18149",17269,15445,15057,-0.128090798540738
"18151","18151",6754,8045,8037,0.189961504293752
"18152","18152",2628,2759,2758,0.0494672754946728
"18154","18154",4429,4368,4957,0.119214269586814
"18155","18155",3802,3804,3804,0.000526038926880589
"18157","18157",6358,6357,5766,-0.093111041207927
"18158","18158",4735,4735,5074,0.0715945089757128
"18159","18159",7544,7549,7530,-0.00185577942735949
"18160","18160",6549,6549,6548,-0.000152695067949305
"18161","18161",4457,5655,5655,0.268790666367512
"18163","18163",1484,1484,1717,0.157008086253369
"18164","18164",2721,2705,2661,-0.0220507166482911
"18165","18165",2988,3020,3020,0.0107095046854083
"18166","18166",1087,1087,1087,0
"18167","18167",2175,2175,2175,0
"18168","18168",1089,1089,1089,0
"18169","18169",1903,2207,2203,0.157645822385707
"18170","18170",5576,5009,5009,-0.101685796269727
"18172","18172",3772,3714,3714,-0.0153764581124072
"18174","18174",1234,1195,747,-0.394651539708266
"18175","18175",3401,3401,3638,0.069685386650985
"18176","18176",2378,2708,2714,0.141295206055509
"18177","18177",1230,1678,1613,0.311382113821138
"18178","18178",1815,1840,1841,0.0143250688705234
"18179","18179",2790,2782,2975,0.0663082437275986
"18180","18180",7259,7642,7553,0.0405014464802314
"18181","18181",1232,1238,996,-0.191558441558442
"18183","18183",2383,2346,2353,-0.0125891733109526
"18184","18184",3080,3022,2937,-0.0464285714285714
"18185","18185",1487,1487,1460,-0.0181573638197714
"18186","18186",5922,5924,5926,0.000675447483958122
"18187","18187",4331,4281,4281,-0.0115446779034865
"18188","18188",1924,2267,2266,0.177754677754678
"18189","18189",1374,1052,1049,-0.236535662299854
"18190","18190",1910,1910,2009,0.0518324607329843
"18191","18191",2734,2734,2734,0
"18193","18193",2214,2214,2218,0.001806684733514
"18194","18194",6784,6812,6815,0.00456957547169811
"18195","18195",3162,3361,3361,0.0629348513598988
"18196","18196",1235,1235,2623,1.12388663967611
"18197","18197",1468,1468,1468,0
"18198","18198",2893,2876,2394,-0.172485309367439
"18199","18199",2973,2041,2048,-0.31113353514968
"18200","18200",970,969,969,-0.00103092783505155
"18202","18202",2878,2878,2878,0
"18204","18204",5050,5054,5005,-0.00891089108910891
"18205","18205",1357,1312,1246,-0.081798084008843
"18206","18206",3676,3680,3679,0.000816104461371056
"18207","18207",11601,11605,11240,-0.0311180070683562
"18208","18208",4343,4107,4121,-0.0511167395809348
"18209","18209",3825,4963,4962,0.297254901960784
"18212","18212",2577,2624,2622,0.0174621653084983
"18213","18213",4281,4088,4013,-0.0626021957486569
"18214","18214",5077,4812,4920,-0.0309237738822139
"18215","18215",8388,9017,9022,0.075584167858846
"18216","18216",1467,1467,1356,-0.0756646216768916
"18217","18217",2600,2455,2450,-0.0576923076923077
"18218","18218",2146,2146,1339,-0.376048462255359
"18220","18220",1351,1351,1344,-0.00518134715025907
"18221","18221",3433,3318,3351,-0.0238858141567142
"18223","18223",16789,16526,16494,-0.0175710286497111
"18224","18224",3920,3920,3934,0.00357142857142857
"18225","18225",4012,4021,4021,0.00224327018943171
"18226","18226",1742,1742,1743,0.000574052812858783
"18227","18227",1381,1383,1179,-0.146270818247647
"18228","18228",7033,6952,6767,-0.037821697710792
"18229","18229",2510,2521,1866,-0.256573705179283
"18230","18230",1586,1549,1248,-0.213114754098361
"18468","18468",1586,1549,1248,-0.213114754098361
"18231","18231",2928,2922,2916,-0.00409836065573771
"18232","18232",1842,1842,1854,0.00651465798045603
"18234","18234",2532,2506,2547,0.00592417061611374
"18235","18235",2747,2741,2757,0.00364033491081179
"18237","18237",6662,5639,5624,-0.155809066346443
"18238","18238",5371,5410,5213,-0.0294172407372929
"18239","18239",7575,5839,5840,-0.229042904290429
"18240","18240",1455,1455,1454,-0.000687285223367698
"18241","18241",3739,3866,3852,0.030221984487831
"18242","18242",4064,3961,3919,-0.0356791338582677
"18243","18243",7396,7496,6789,-0.0820713899405084
"18244","18244",6234,7074,6824,0.094642284247674
"18245","18245",3405,4503,3688,0.0831130690161527
"18247","18247",2425,2425,2366,-0.0243298969072165
"18248","18248",3305,3305,3298,-0.00211800302571861
"18250","18250",3896,3733,3733,-0.0418377823408624
"18251","18251",6693,6836,6829,0.0203197370386971
"18252","18252",7603,7601,8264,0.0869393660397212
"18254","18254",1384,1383,1479,0.0686416184971098
"18255","18255",3253,3253,3281,0.00860743928681217
"18258","18258",3030,3147,3147,0.0386138613861386
"18259","18259",1542,1542,1542,0
"18261","18261",2048,2048,1955,-0.04541015625
"18262","18262",3751,3883,5365,0.430285257264729
"18263","18263",6336,6613,6669,0.0525568181818182
"18264","18264",2951,2923,2923,-0.00948830904778041
"18265","18265",5071,5194,5011,-0.011831985801617
"18266","18266",5572,5442,5445,-0.0227925340990668
"18267","18267",2668,2668,2674,0.00224887556221889
"18269","18269",992,992,992,0
"18270","18270",2890,2737,5023,0.738062283737024
"18273","18273",2322,2566,2568,0.10594315245478
"18274","18274",1082,1329,809,-0.252310536044362
"18276","18276",3228,3501,3499,0.0839529120198265
"18277","18277",7250,7903,7901,0.0897931034482759
"18279","18279",9060,8782,8753,-0.0338852097130243
"18280","18280",2520,2520,2568,0.019047619047619
"18281","18281",1064,1067,1067,0.00281954887218045
"18282","18282",3326,2617,2617,-0.213168971737823
"18283","18283",2847,2462,2415,-0.151738672286617
"18284","18284",3564,3564,3519,-0.0126262626262626
"18285","18285",1358,1361,1481,0.0905743740795287
"18286","18286",6758,6219,6209,-0.0812370523823616
"18287","18287",4227,4227,4257,0.007097232079489
"18288","18288",3261,3261,3477,0.0662373505059798
"18290","18290",3465,3715,2281,-0.341702741702742
"18291","18291",9455,9149,9436,-0.00200951877313591
"18293","18293",10921,10922,11182,0.0238989103561945
"18295","18295",7344,7311,7317,-0.00367647058823529
"18296","18296",6008,6069,6280,0.0452729693741678
"18299","18299",1388,1390,1389,0.000720461095100865
"18300","18300",2508,2834,2828,0.127591706539075
"18301","18301",2736,2862,2969,0.0851608187134503
"18302","18302",2287,2252,2252,-0.0153038915609969
"18303","18303",5852,5818,5665,-0.0319548872180451
"18305","18305",4478,4524,4527,0.0109423849933006
"18306","18306",8777,8779,8710,-0.00763358778625954
"18307","18307",6199,7134,7096,0.144700758186804
"18308","18308",3178,3226,2988,-0.0597860289490245
"18309","18309",3016,3017,2995,-0.00696286472148541
"18310","18310",3851,3002,3002,-0.220462217605817
"18311","18311",6110,6130,6104,-0.000981996726677578
"18312","18312",4353,4356,4356,0.000689179875947622
"18313","18313",2538,2538,2511,-0.0106382978723404
"18314","18314",4628,4626,7402,0.599394987035436
"18315","18315",3249,3324,3323,0.0227762388427208
"18316","18316",9567,9190,9581,0.001463363645866
"18318","18318",1813,1813,1813,0
"18319","18319",4507,5441,5405,0.199245617927668
"18320","18320",3137,3134,3134,-0.000956327701625757
"18321","18321",3658,3658,3653,-0.00136686714051394
"18322","18322",9308,9246,9248,-0.00644606789858186
"18323","18323",6583,6295,6043,-0.0820294698465745
"18325","18325",1631,1633,1608,-0.0141017780502759
"18327","18327",5924,5925,5255,-0.112930452397029
"18328","18328",4316,4320,4244,-0.0166821130676552
"18329","18329",2522,2522,2452,-0.0277557494052339
"18331","18331",1646,1425,1431,-0.130619684082625
"18332","18332",6198,6283,6292,0.0151661826395611
"18334","18334",3467,3616,3616,0.0429766368618402
"18335","18335",1289,1494,1552,0.204034134988363
"18336","18336",3227,3227,3298,0.0220018593120545
"18337","18337",3210,3210,3310,0.0311526479750779
"18338","18338",5017,4964,4965,-0.0103647598166235
"18340","18340",7889,7873,8010,0.0153378121434909
"18341","18341",3119,3121,3121,0.000641231163834562
"18345","18345",4290,6180,6569,0.531235431235431
"18346","18346",3325,3325,3314,-0.00330827067669173
"18348","18348",6602,6566,6552,-0.00757346258709482
"18349","18349",4656,4813,4786,0.0279209621993127
"18350","18350",4871,4952,5268,0.0815027715048245
"18352","18352",1967,1967,1807,-0.0813421453990849
"18354","18354",6051,6051,6509,0.0756899686002314
"18355","18355",3224,3267,3206,-0.00558312655086849
"18357","18357",9873,9636,10572,0.0707991491947736
"18358","18358",1092,1092,1189,0.0888278388278388
"18360","18360",2074,2071,2069,-0.00241080038572806
"18361","18361",2867,2873,3159,0.101848622253226
"18362","18362",4714,4689,4689,-0.00530335171828596
"18363","18363",3099,3097,3097,-0.000645369474023879
"18364","18364",3645,3645,3536,-0.0299039780521262
"18365","18365",7252,7207,7206,-0.0063430777716492
"18367","18367",4220,4056,4097,-0.0291469194312796
"18368","18368",1962,1951,1951,-0.00560652395514781
"18369","18369",7871,7735,8858,0.125397027061364
"18370","18370",2076,2062,2062,-0.00674373795761079
"18372","18372",5062,5063,5092,0.00592651126037139
"18373","18373",7359,5893,5893,-0.199211849436065
"18374","18374",4897,4897,4900,0.000612619971411068
"18377","18377",1155,1155,1155,0
"18378","18378",4344,4344,4347,0.00069060773480663
"18379","18379",2346,2373,2346,0
"18380","18380",2314,2314,2030,-0.122731201382887
"18381","18381",2294,2109,2165,-0.0562336530078466
"18383","18383",3177,3176,3182,0.00157381177211206
"18385","18385",3565,3564,3564,-0.000280504908835905
"18386","18386",3229,3361,3261,0.00991018891297615
"18387","18387",10494,8141,8112,-0.226986849628359
"18388","18388",4820,4813,6015,0.24792531120332
"18389","18389",2322,2322,2323,0.000430663221360896
"18390","18390",1936,1898,2218,0.145661157024793
"18391","18391",3075,3021,3021,-0.0175609756097561
"18392","18392",3448,3437,3299,-0.0432134570765661
"18393","18393",2346,2346,2348,0.000852514919011083
"18394","18394",3036,3036,3873,0.275691699604743
"18395","18395",7955,8073,7892,-0.00791954745443118
"18396","18396",7872,7274,7936,0.00813008130081301
"18397","18397",2402,2398,2398,-0.00166527893422148
"18398","18398",5350,5221,5190,-0.0299065420560748
"18399","18399",1094,1094,1094,0
"18400","18400",2636,2690,2678,0.0159332321699545
"18401","18401",2930,2930,2932,0.00068259385665529
"18402","18402",11618,11618,10528,-0.0938199345842658
"18404","18404",6069,6210,6249,0.0296589223924864
"18405","18405",2727,2727,3214,0.178584525119179
"18406","18406",3315,3200,3200,-0.0346907993966818
"18407","18407",2608,2608,2547,-0.0233895705521472
"18408","18408",3010,3022,2929,-0.0269102990033223
"18409","18409",3227,3294,3491,0.0818097303997521
"18410","18410",3680,3564,3312,-0.1
"18411","18411",2653,2510,2510,-0.0539012438748587
"18412","18412",3838,3890,3890,0.013548723293382
"18413","18413",2405,2418,2418,0.00540540540540541
"18415","18415",3982,3982,4049,0.0168257157207433
"18416","18416",1864,2061,2055,0.102467811158798
"18417","18417",2854,2855,2855,0.000350385423966363
"18419","18419",2713,2857,2857,0.0530777736822705
"18420","18420",10392,9827,9483,-0.0874711316397229
"18421","18421",2771,2771,3008,0.0855286900036088
"18422","18422",1165,1165,1172,0.00600858369098712
"18424","18424",889,889,889,0
"18425","18425",3627,3627,3615,-0.0033085194375517
"18426","18426",3249,3249,3308,0.018159433671899
"18427","18427",3275,3275,3369,0.0287022900763359
"18428","18428",2081,2083,2107,0.0124939932724652
"18429","18429",2907,2796,2760,-0.0505675954592363
"18430","18430",4699,4705,5098,0.0849116833368802
"18431","18431",2186,2250,2313,0.0580969807868253
"18432","18432",3325,4161,4102,0.233684210526316
"18433","18433",2259,2275,2275,0.00708277999114653
"18435","18435",11950,10593,10458,-0.124853556485356
"18436","18436",1021,1029,1027,0.00587659157688541
"18438","18438",872,872,877,0.00573394495412844
"18439","18439",2814,3253,3257,0.157427149964463
"18440","18440",5951,5890,3965,-0.333725424298437
"18441","18441",5971,5840,5870,-0.016915089599732
"18442","18442",6260,6270,6270,0.00159744408945687
"18443","18443",3052,3079,3064,0.00393184796854522
"18444","18444",7398,7646,7494,0.0129764801297648
"18445","18445",1672,1670,1493,-0.107057416267943
"18446","18446",2662,2662,2662,0
"18447","18447",3992,3955,3959,-0.00826653306613226
"18448","18448",2365,2364,2303,-0.026215644820296
"18449","18449",3292,3292,3267,-0.00759416767922236
"18451","18451",4896,4764,4985,0.0181781045751634
"18452","18452",3021,2967,2784,-0.0784508440913605
"18453","18453",3368,3368,3571,0.0602731591448931
"18454","18454",5981,5539,5888,-0.0155492392576492
"18455","18455",2768,2554,2554,-0.0773121387283237
"18456","18456",7745,7190,7332,-0.0533247256294383
"18457","18457",5738,5824,5823,0.014813523875915
"18458","18458",4674,4653,4626,-0.0102695763799743
"18460","18460",3999,3939,4053,0.013503375843961
"18461","18461",1413,1306,1307,-0.0750176928520878
"18462","18462",3323,3323,3381,0.0174541077339753
"18463","18463",4572,4576,4902,0.0721784776902887
"18464","18464",4346,5885,6951,0.599401748734468
"18465","18465",4702,4950,5206,0.107188430455125
"18466","18466",2876,2876,2879,0.00104311543810848
"18467","18467",4563,4558,4791,0.0499671268902038
"18469","18469",2266,2266,2269,0.00132391879964696
"18470","18470",1415,1415,1294,-0.0855123674911661
"18471","18471",6846,7614,7575,0.106485539000876
"18472","18472",2424,2424,2480,0.0231023102310231
"18473","18473",2327,2327,2073,-0.109153416415986
"18474","18474",4061,4066,4069,0.00196995813838956
"18475","18475",3208,3093,3143,-0.0202618453865337
"18476","18476",2399,2399,2396,-0.00125052105043768
"18477","18477",1025,1025,537,-0.47609756097561
"18478","18478",4265,3959,3917,-0.0815943728018757
"18479","18479",3051,3154,3368,0.103900360537529
"18480","18480",1376,1376,1376,0
"18481","18481",1357,1363,1363,0.00442151805453206
"18483","18483",4441,4448,3194,-0.280792614276064
"18484","18484",7020,7295,7258,0.0339031339031339
"18485","18485",1137,1139,1139,0.00175901495162709
"18486","18486",2960,2960,2960,0
"18487","18487",1941,2215,2152,0.108706852138073
"18488","18488",4136,4136,4140,0.000967117988394584
"18491","18491",4369,4255,4368,-0.000228885328450446
"18492","18492",3764,3781,3784,0.0053134962805526
"18493","18493",4482,4215,4214,-0.0597947344935297
"18494","18494",7720,7699,9428,0.221243523316062
"18496","18496",3903,4614,4078,0.0448373046374584
"18498","18498",4712,4701,4417,-0.0626061120543294
"18499","18499",9901,11914,11875,0.199373800626199
"18500","18500",2346,2346,2346,0
"18501","18501",2666,2666,2641,-0.00937734433608402
"18502","18502",2854,2854,3188,0.117028731604765
"18503","18503",1663,1512,1511,-0.0914010823812387
"18504","18504",3196,3196,3196,0
"18506","18506",2144,2144,2139,-0.00233208955223881
"18507","18507",5167,5167,5170,0.000580607702728856
"18508","18508",5223,4715,4676,-0.104729082902546
"18510","18510",4221,4296,4276,0.0130300876569533
"18511","18511",1940,1940,1940,0
"18512","18512",1565,1456,1456,-0.0696485623003195
"18513","18513",4099,3960,3957,-0.0346425957550622
"18514","18514",3216,2934,2933,-0.0879975124378109
"18515","18515",3930,3944,3948,0.00458015267175573
"18516","18516",10328,10208,9763,-0.054705654531371
"18517","18517",3170,3171,3534,0.114826498422713
"18518","18518",5070,5070,5067,-0.000591715976331361
"18519","18519",3113,3111,3110,-0.00096370061034372
"18520","18520",6211,6293,6288,0.0123973595234262
"18521","18521",2373,2373,3120,0.314791403286979
"18522","18522",2473,2472,2215,-0.104326728669632
"18524","18524",4299,5234,5198,0.20911839962782
"18525","18525",10463,10021,10026,-0.0417662238363758
"18526","18526",6078,6078,5592,-0.0799605133267522
"18527","18527",3085,2825,2760,-0.105348460291734
"18528","18528",7949,8224,8185,0.0296892690904516
"18529","18529",2782,3405,3203,0.151329978432782
"18530","18530",6872,6785,6813,-0.00858556461001164
"18531","18531",9351,10229,9160,-0.0204256229280291
"18532","18532",3839,3636,3637,-0.0526178692367804
"18533","18533",2516,1151,1151,-0.542527821939587
"18534","18534",4529,5865,5881,0.298520644733937
"18536","18536",9306,6527,6536,-0.297657425317
"18538","18538",2106,2106,2106,0
"18539","18539",2032,2034,2238,0.101377952755906
"18540","18540",3734,3592,3541,-0.0516871987145153
"18541","18541",10872,11486,10585,-0.0263980868285504
"18542","18542",1247,1273,1220,-0.0216519647153168
"18543","18543",2417,2467,2302,-0.0475796441870087
"18544","18544",3613,3174,3103,-0.14115693329643
"19429","19429",3613,3174,3103,-0.14115693329643
"18545","18545",1244,1244,1245,0.000803858520900322
"18547","18547",1050,1050,1015,-0.0333333333333333
"18548","18548",2982,1872,2037,-0.316901408450704
"18549","18549",2985,3017,3016,0.0103852596314908
"18550","18550",4304,4304,4305,0.000232342007434944
"18551","18551",3110,3100,3004,-0.0340836012861736
"18552","18552",1893,1893,1893,0
"18553","18553",9113,10317,10320,0.132448150993087
"18554","18554",5440,5336,3311,-0.391360294117647
"18556","18556",2245,2290,2292,0.0209354120267261
"18557","18557",2834,2834,2836,0.000705716302046577
"18558","18558",7835,9218,9174,0.170899808551372
"18559","18559",2594,2498,2514,-0.030840400925212
"18561","18561",2140,2138,2137,-0.0014018691588785
"18563","18563",9148,9046,9054,-0.0102754700480979
"18564","18564",4176,4175,4175,-0.000239463601532567
"18565","18565",2116,2395,2541,0.200850661625709
"18566","18566",993,993,993,0
"18568","18568",3432,3453,3541,0.0317599067599068
"18569","18569",6416,6425,6368,-0.00748129675810474
"18570","18570",5923,6735,7011,0.183690697281783
"18571","18571",3642,3641,3642,0
"18573","18573",10821,9536,9504,-0.121707790407541
"18574","18574",3049,2815,2815,-0.0767464742538537
"18575","18575",3213,3213,2230,-0.305944600062247
"18577","18577",3182,3102,3318,0.0427404148334381
"18578","18578",3972,3842,3842,-0.0327291037260826
"18580","18580",4228,2529,2529,-0.401844843897824
"18581","18581",2791,2789,2750,-0.0146900752418488
"18582","18582",3090,3090,3090,0
"18583","18583",4240,4359,4358,0.0278301886792453
"18585","18585",2029,2031,2031,0.00098570724494825
"18587","18587",4555,6314,6321,0.387705817782656
"18588","18588",3182,3182,3184,0.000628535512256443
"18589","18589",3231,3231,3230,-0.000309501702259362
"18590","18590",8432,8521,14956,0.773719165085389
"18591","18591",3169,2771,3427,0.0814136951719785
"18592","18592",5681,6145,4148,-0.269846857947544
"18593","18593",1497,1281,1281,-0.144288577154309
"18594","18594",1193,1193,1192,-0.000838222967309304
"18595","18595",850,850,850,0
"18597","18597",2975,2975,2823,-0.0510924369747899
"18598","18598",4471,4471,4508,0.00827555356743458
"18599","18599",2428,2428,2427,-0.000411861614497529
"18601","18601",3272,3285,3124,-0.0452322738386308
"18602","18602",5393,5398,5398,0.000927127758205081
"18603","18603",2155,2110,2110,-0.0208816705336427
"18604","18604",4032,4032,4314,0.0699404761904762
"18605","18605",12324,12306,11573,-0.0609380071405388
"18606","18606",2989,3039,3250,0.0873201739712278
"18607","18607",3972,3586,3857,-0.0289526686807654
"18608","18608",2365,2364,2364,-0.000422832980972516
"18609","18609",7550,7550,7540,-0.00132450331125828
"18610","18610",7779,7080,3720,-0.521789433089086
"18611","18611",1929,1929,1929,0
"18612","18612",1594,1593,1594,0
"18613","18613",2867,2867,2758,-0.0380188350191838
"18614","18614",10893,12147,12148,0.115211603782245
"18615","18615",2474,2474,2450,-0.00970088924818108
"18616","18616",8820,8857,9091,0.0307256235827664
"18617","18617",8822,9701,9300,0.0541827250056676
"18618","18618",2885,2920,2962,0.0266897746967071
"18619","18619",1944,1786,1786,-0.0812757201646091
"18620","18620",2372,2372,2367,-0.0021079258010118
"18621","18621",5477,5548,5551,0.0135110461931714
"18624","18624",1859,1826,1827,-0.0172135556750941
"19956","19956",1859,1826,1827,-0.0172135556750941
"18625","18625",3326,3229,3026,-0.090198436560433
"18626","18626",6279,6251,6047,-0.0369485586876891
"18627","18627",3093,3484,3629,0.173294536049143
"18629","18629",3391,3111,4258,0.25567679150693
"18630","18630",4160,4158,4066,-0.0225961538461538
"18631","18631",7663,7652,7760,0.0126582278481013
"18633","18633",3459,3255,3280,-0.0517490604220873
"18634","18634",6319,5998,6752,0.0685235005538851
"18635","18635",4494,4492,4968,0.105473965287049
"18637","18637",2378,2357,1920,-0.19259882253995
"18638","18638",3649,3618,3619,-0.00822143052891203
"18639","18639",2533,2512,2515,-0.00710619818397158
"18640","18640",2339,2339,2787,0.191534843950406
"18641","18641",2889,2889,2889,0
"18642","18642",2789,2988,2988,0.0713517389745428
"18643","18643",2633,2589,2589,-0.0167109760729206
"18644","18644",4511,4515,4517,0.00133008202172467
"18646","18646",6134,5367,5367,-0.125040756439517
"18647","18647",2358,2298,2060,-0.12637828668363
"18648","18648",3503,5165,5165,0.474450471024836
"18649","18649",8329,8350,8418,0.0106855564893745
"18650","18650",1811,1799,1799,-0.00662617338487024
"18651","18651",1703,1965,1847,0.0845566647093365
"18652","18652",1449,1449,1449,0
"18653","18653",915,914,914,-0.00109289617486339
"18654","18654",2949,3037,2781,-0.0569684638860631
"18655","18655",7054,7093,7095,0.00581230507513468
"18656","18656",2763,2532,2532,-0.0836047774158523
"18658","18658",2270,2264,2267,-0.0013215859030837
"18659","18659",2586,2554,2555,-0.0119876256767208
"18660","18660",2269,2267,2403,0.0590568532393125
"18661","18661",3143,3143,3144,0.000318167356029271
"18662","18662",3028,3028,3028,0
"18663","18663",2676,1830,1830,-0.316143497757848
"18664","18664",10261,10058,10272,0.00107202027092876
"18665","18665",3819,4789,4795,0.255564283843938
"18666","18666",3869,3869,3005,-0.223313517704833
"18667","18667",4157,4158,4159,0.000481116189559779
"18668","18668",4648,4648,4697,0.0105421686746988
"18669","18669",2135,2127,2105,-0.0140515222482436
"18670","18670",1959,1952,1948,-0.00561510974987238
"18671","18671",12257,12155,12194,-0.00513992004568818
"18672","18672",3112,3214,3214,0.0327763496143959
"18673","18673",2864,2846,2849,-0.00523743016759777
"18674","18674",1749,1749,1750,0.000571755288736421
"18675","18675",2557,2557,2730,0.0676574110285491
"18676","18676",3165,3159,3153,-0.0037914691943128
"18677","18677",5481,5466,5151,-0.060207991242474
"18678","18678",5081,5061,5034,-0.00925014760873844
"18679","18679",6602,6646,6628,0.00393820054528931
"18681","18681",2199,1811,1707,-0.223738062755798
"18683","18683",3776,3764,3764,-0.00317796610169492
"18684","18684",3272,3272,2965,-0.0938264058679707
"18687","18687",3546,3543,3762,0.0609137055837563
"18688","18688",7376,7376,8733,0.183975054229935
"18689","18689",6174,6686,6274,0.0161969549724652
"18691","18691",4056,3914,3845,-0.0520216962524655
"18692","18692",6296,6342,6326,0.00476493011435832
"18693","18693",1829,1829,1830,0.000546746856205577
"18694","18694",2680,2680,2680,0
"18696","18696",1514,1647,1646,0.0871862615587847
"18697","18697",2848,2848,2807,-0.0143960674157303
"18698","18698",3393,3277,3277,-0.0341880341880342
"18699","18699",4580,5038,5044,0.101310043668122
"18700","18700",5646,4422,4423,-0.216613531703861
"18701","18701",7010,7008,6731,-0.0398002853067047
"18702","18702",8181,8200,8025,-0.0190685735240191
"18703","18703",2511,2516,2516,0.00199123855037834
"18704","18704",1507,1466,1466,-0.0272063702720637
"18705","18705",1186,1196,1195,0.0075885328836425
"18706","18706",2777,3285,2923,0.0525747209218581
"18707","18707",2710,2710,2690,-0.00738007380073801
"18708","18708",2746,2746,2725,-0.00764748725418791
"18709","18709",4056,4054,3854,-0.0498027613412229
"18710","18710",1719,1719,1550,-0.0983129726585224
"18711","18711",1713,1718,1719,0.00350262697022767
"18712","18712",3567,3547,3550,-0.0047659097280628
"18713","18713",2087,1962,1962,-0.0598945855294681
"18714","18714",1779,1779,1735,-0.0247329960652052
"18715","18715",2964,2664,2664,-0.101214574898785
"18716","18716",6455,6164,6162,-0.0453911696359411
"18717","18717",4098,4098,4098,0
"18718","18718",5243,3527,4193,-0.200267022696929
"18719","18719",5128,5128,5123,-0.000975039001560062
"18721","18721",2276,2276,2249,-0.0118629173989455
"18722","18722",2105,2074,2071,-0.0161520190023753
"18723","18723",3681,3673,3671,-0.00271665308340125
"18725","18725",8916,8915,8897,-0.00213100044863167
"18726","18726",5612,5492,5540,-0.0128296507483963
"18727","18727",4466,4360,4360,-0.0237348858038513
"18729","18729",6044,6950,6950,0.149900727994705
"18730","18730",2720,2718,2718,-0.000735294117647059
"18731","18731",2598,2560,2395,-0.0781370284834488
"18732","18732",3625,3460,3599,-0.00717241379310345
"18733","18733",7010,7179,7179,0.0241084165477889
"18734","18734",3911,3212,3172,-0.188954231654308
"18735","18735",3144,3141,4743,0.508587786259542
"18736","18736",4725,4727,4728,0.000634920634920635
"18737","18737",3960,3925,3932,-0.00707070707070707
"18738","18738",4012,4012,3991,-0.00523429710867398
"18740","18740",1256,1214,1214,-0.0334394904458599
"18741","18741",7184,7383,7370,0.025890868596882
"18743","18743",6255,6260,6255,0
"18744","18744",5882,5882,5882,0
"18745","18745",3150,3178,3175,0.00793650793650794
"18747","18747",1165,1174,2531,1.1725321888412
"18748","18748",1505,1505,1505,0
"18749","18749",2519,2740,2760,0.0956728860658992
"18750","18750",6322,6311,6350,0.00442897817146473
"18751","18751",5332,5316,5313,-0.00356339084771193
"18752","18752",1589,1629,1462,-0.0799244808055381
"18753","18753",4229,4289,4283,0.0127689761172854
"18754","18754",3975,3976,3978,0.000754716981132075
"18756","18756",7220,5790,5790,-0.198060941828255
"18757","18757",6015,6395,5981,-0.0056525353283458
"18758","18758",4058,3296,3295,-0.188023656973879
"18759","18759",5450,5464,5464,0.00256880733944954
"18760","18760",1472,1472,1472,0
"18761","18761",1169,1191,1191,0.018819503849444
"18762","18762",5044,5119,5226,0.0360824742268041
"18763","18763",2663,2673,2734,0.0266616597822005
"18764","18764",1990,2140,2141,0.0758793969849246
"18765","18765",2529,2529,2529,0
"18766","18766",5629,5718,5741,0.0198969621602416
"18767","18767",3075,3461,3462,0.125853658536585
"18768","18768",2993,2993,2567,-0.142332108252589
"18769","18769",3824,3823,3823,-0.000261506276150628
"18770","18770",2762,2523,2563,-0.0720492396813903
"18771","18771",6181,6237,6115,-0.0106778838375667
"18772","18772",6582,6452,6264,-0.0483135824977211
"18773","18773",9028,9028,7891,-0.125941515285778
"18774","18774",2288,2279,2296,0.0034965034965035
"18775","18775",1498,1498,1488,-0.00667556742323097
"18776","18776",4719,4714,4547,-0.0364484000847637
"18777","18777",5629,5912,5896,0.0474329365784331
"18778","18778",4857,4857,4957,0.0205888408482602
"18779","18779",3559,3550,3468,-0.025568980050576
"18780","18780",8595,8395,8397,-0.0230366492146597
"18781","18781",4129,4129,4032,-0.0234923710341487
"18782","18782",2444,2376,2400,-0.0180032733224223
"18784","18784",3424,2153,2153,-0.371203271028037
"18785","18785",3071,3406,3945,0.284597850862911
"18787","18787",4625,4623,4607,-0.00389189189189189
"18788","18788",1513,1559,1588,0.0495703899537343
"18789","18789",4628,5191,5160,0.11495246326707
"18790","18790",4131,4226,4231,0.0242072137496974
"18791","18791",4630,4618,4620,-0.00215982721382289
"18792","18792",3331,3285,3177,-0.0462323626538577
"18793","18793",3796,4224,4224,0.112750263435195
"18794","18794",5316,5320,5545,0.0430775018811136
"18795","18795",2069,2067,1247,-0.397293378443693
"18796","18796",2553,2555,2555,0.000783392087739914
"18797","18797",8222,8222,8553,0.0402578448066164
"18798","18798",1979,2290,2322,0.173319858514401
"18800","18800",2563,2524,2526,-0.0144362075692548
"18801","18801",6326,6060,6060,-0.0420486879544736
"18802","18802",9620,9317,8537,-0.112577962577963
"18803","18803",7408,7350,7186,-0.0299676025917927
"18804","18804",8403,8318,8348,-0.00654528144710223
"18805","18805",4601,4605,3457,-0.24864159965225
"18806","18806",8123,8456,8394,0.0333620583528253
"18807","18807",3240,3264,3272,0.00987654320987654
"18808","18808",2912,2912,2912,0
"18809","18809",1858,1745,1749,-0.0586652314316469
"18810","18810",3020,3020,3035,0.00496688741721854
"18812","18812",1833,1859,1719,-0.0621931260229133
"18813","18813",2560,2560,2341,-0.085546875
"18814","18814",4034,4033,4033,-0.000247892910262766
"18815","18815",4911,4911,5866,0.194461413154144
"18816","18816",8300,8300,8294,-0.00072289156626506
"18817","18817",1741,1741,1749,0.00459506031016657
"18818","18818",3671,3711,3711,0.0108962135657859
"18819","18819",1818,1818,1616,-0.111111111111111
"18820","18820",1905,1840,1840,-0.0341207349081365
"18821","18821",4293,7600,7601,0.770556720242255
"18822","18822",8902,8902,8973,0.00797573578971018
"18823","18823",1798,1565,1797,-0.000556173526140156
"18824","18824",1880,1880,2110,0.122340425531915
"18825","18825",2778,2368,2368,-0.147588192944564
"18826","18826",7437,4687,4703,-0.36762135269598
"18828","18828",1389,1389,1135,-0.182865370770338
"18829","18829",4858,8872,5472,0.126389460683409
"18830","18830",6233,6150,6148,-0.0136370928926681
"18831","18831",2609,2479,2481,-0.0490609428899962
"18833","18833",2442,2442,2443,0.00040950040950041
"18834","18834",3421,3424,3624,0.0593393744519146
"18836","18836",3611,3611,3669,0.0160620326779286
"18837","18837",1879,1799,1810,-0.0367216604576903
"18838","18838",4631,4474,4478,-0.0330382206866767
"18839","18839",3888,3866,3871,-0.00437242798353909
"18840","18840",3338,3148,3149,-0.0566207309766327
"18841","18841",5142,5142,5148,0.00116686114352392
"18842","18842",3017,2892,2679,-0.112031819688432
"18843","18843",8313,8311,8252,-0.00733790448694815
"18846","18846",3259,3259,3514,0.0782448603866217
"18847","18847",3968,3928,3898,-0.0176411290322581
"18848","18848",7042,8323,8296,0.178074410678784
"18850","18850",6536,6549,6024,-0.0783353733170135
"18851","18851",1737,1651,1355,-0.219919401266552
"18852","18852",3203,3203,3043,-0.0499531689041524
"18853","18853",5587,5608,5618,0.00554859495256846
"18854","18854",1750,1766,1769,0.0108571428571429
"18855","18855",1146,1145,1145,-0.00087260034904014
"18856","18856",4446,4487,4487,0.00922177237966712
"18858","18858",11790,10911,10707,-0.0918575063613232
"18859","18859",1252,1252,1266,0.0111821086261981
"18860","18860",12123,9720,9691,-0.20061040996453
"18861","18861",2309,2312,1995,-0.135989605889996
"19394","19394",2309,2312,1995,-0.135989605889996
"18862","18862",4567,4702,4681,0.0249616816290782
"18863","18863",2895,2895,3010,0.0397236614853195
"18865","18865",2356,2356,2356,0
"18866","18866",3983,3982,3982,-0.000251067034898318
"18867","18867",2837,2837,2837,0
"18868","18868",4197,4197,4128,-0.0164403145103645
"18869","18869",2964,2964,2957,-0.00236167341430499
"18870","18870",2220,2311,1996,-0.100900900900901
"18871","18871",2945,2959,3026,0.0275042444821732
"18872","18872",5208,5188,4787,-0.0808371735791091
"18873","18873",2189,2541,2286,0.0443124714481498
"18874","18874",3010,2747,2917,-0.0308970099667774
"18876","18876",4887,4681,4655,-0.0474728872518928
"18877","18877",5326,5341,5313,-0.00244085617724371
"18878","18878",5307,5306,5312,0.000942151874882231
"18880","18880",2622,2622,2630,0.0030511060259344
"18881","18881",5836,6401,6409,0.0981836874571624
"18882","18882",6750,7166,7155,0.06
"18883","18883",6011,6022,6122,0.0184661454000998
"18884","18884",2065,2065,2078,0.0062953995157385
"18885","18885",8998,7941,7939,-0.117692820626806
"18886","18886",2107,2107,2108,0.000474608448030375
"18887","18887",10015,9933,9425,-0.0589116325511732
"18888","18888",3989,3859,3699,-0.0726999247931812
"18889","18889",2935,2924,3165,0.0783645655877342
"18891","18891",6067,6054,6206,0.0229108290753255
"18892","18892",3939,3939,3946,0.00177710078700178
"18893","18893",6922,5390,5279,-0.237359144755851
"18894","18894",7147,7147,6968,-0.0250454736252973
"18895","18895",7789,7783,7777,-0.00154063422775709
"18897","18897",8708,5668,5639,-0.352434542949012
"18898","18898",2335,2315,1910,-0.182012847965739
"18899","18899",2545,2573,2574,0.0113948919449902
"18901","18901",3555,3555,3555,0
"18902","18902",1433,1433,1368,-0.0453593859036985
"18903","18903",3231,3226,3224,-0.00216651191581554
"18904","18904",2651,2098,2098,-0.208600528102603
"18905","18905",2234,2234,2240,0.0026857654431513
"18906","18906",5125,5125,5126,0.000195121951219512
"18907","18907",9230,9631,9479,0.0269772481040087
"18909","18909",1669,1669,1582,-0.0521270221689634
"18910","18910",3523,3521,3519,-0.00113539596934431
"18911","18911",1596,1596,1596,0
"18912","18912",5915,6820,6835,0.155536770921386
"18913","18913",3216,3549,3320,0.0323383084577114
"18914","18914",1929,1929,1743,-0.0964230171073095
"18917","18917",4428,4449,4296,-0.029810298102981
"18918","18918",3155,3078,3077,-0.0247226624405705
"18920","18920",5720,5874,5875,0.0270979020979021
"18921","18921",4326,4351,4335,0.00208044382801664
"18922","18922",5202,5275,5259,0.010957324106113
"18923","18923",8765,8931,8955,0.0216771249286937
"18924","18924",1109,1295,1094,-0.0135256988277728
"18925","18925",6046,5781,5782,-0.043665233212041
"18926","18926",8512,8791,8753,0.028312969924812
"18927","18927",5081,5176,5178,0.0190907301712261
"18929","18929",2308,2307,2307,-0.000433275563258232
"18930","18930",7387,7500,7431,0.00595640990930012
"18931","18931",3202,3207,3388,0.0580886945658963
"18932","18932",891,891,891,0
"18933","18933",4202,4229,4104,-0.0233222275107092
"18934","18934",2663,2664,2601,-0.0232820127675554
"18935","18935",3399,3392,3392,-0.00205942924389526
"18936","18936",1880,1844,1798,-0.0436170212765957
"18938","18938",2819,2820,2278,-0.191912025540972
"18939","18939",3042,1920,1919,-0.369165023011177
"18940","18940",4962,4961,4913,-0.00987505038291012
"18941","18941",5001,4959,4958,-0.00859828034393121
"18942","18942",5194,5080,5214,0.00385059684251059
"18943","18943",3245,3243,3246,0.000308166409861325
"18944","18944",4095,4253,4173,0.019047619047619
"18945","18945",3972,4001,4001,0.00730110775427996
"18949","18949",4797,4901,4859,0.0129247446320617
"18951","18951",15135,13139,13109,-0.133861909481335
"18952","18952",3111,3111,3108,-0.000964320154291225
"18953","18953",3083,3084,3086,0.000973078170613039
"18954","18954",3730,3730,3730,0
"18955","18955",1926,1926,1926,0
"18958","18958",3696,3696,3690,-0.00162337662337662
"18959","18959",7097,6968,7424,0.0460758066788784
"18961","18961",4538,4538,4539,0.000220361392684002
"18962","18962",11231,11506,11468,0.0211023061169976
"18963","18963",2544,2549,2987,0.174135220125786
"18964","18964",2453,2455,2568,0.0468813697513249
"18965","18965",1276,1056,1056,-0.172413793103448
"18966","18966",2449,2449,2507,0.0236831359738669
"18967","18967",1859,1888,1888,0.0155997848305541
"18968","18968",5456,5484,6158,0.12866568914956
"18969","18969",2578,2818,2931,0.136927851047323
"18971","18971",7662,7602,7602,-0.00783085356303837
"18972","18972",1574,1574,1398,-0.111817026683609
"18975","18975",3631,3619,3620,-0.00302946846598733
"18976","18976",2965,2817,2820,-0.0489038785834739
"18977","18977",3443,3443,3266,-0.0514086552425211
"18978","18978",4167,4109,4108,-0.0141588672906168
"18980","18980",4947,4816,4816,-0.0264806953709319
"18981","18981",4918,4911,4911,-0.00142334282228548
"18982","18982",4673,4615,4615,-0.0124117269420073
"18983","18983",3699,3698,3814,0.0310894836442282
"18984","18984",4984,4984,4985,0.000200642054574639
"18985","18985",8403,8904,9067,0.0790193978341069
"18987","18987",3438,3264,3074,-0.10587550901687
"18988","18988",2826,2785,2800,-0.0092002830856334
"18989","18989",5260,5137,5178,-0.0155893536121673
"18990","18990",4710,2380,2431,-0.483864118895966
"18991","18991",8096,8075,8103,0.000864624505928854
"18993","18993",3618,3618,2744,-0.241569928137092
"18994","18994",1762,1762,1762,0
"19441","19441",1762,1762,1762,0
"18995","18995",3983,3983,4032,0.0123022847100176
"18996","18996",2112,1950,1950,-0.0767045454545455
"18997","18997",2472,2472,2472,0
"18999","18999",4156,4156,5067,0.219201154956689
"19000","19000",3091,2883,2881,-0.067939178259463
"19001","19001",3868,3872,3849,-0.00491209927611169
"19002","19002",6889,6837,6867,-0.0031934968790826
"19003","19003",3531,3500,3501,-0.00849617672047579
"19004","19004",3520,3520,3608,0.025
"19005","19005",1838,1838,1838,0
"19006","19006",2434,2436,2437,0.00123253903040263
"19007","19007",15936,13375,13353,-0.162085843373494
"19008","19008",3342,3342,3159,-0.0547576301615799
"19009","19009",1219,1340,1319,0.0820344544708778
"19010","19010",1933,1931,1931,-0.00103466114847387
"19011","19011",4071,4071,4355,0.0697617293048391
"19012","19012",1663,1669,1758,0.0571256764882742
"19013","19013",8494,8497,8498,0.000470920649870497
"19014","19014",3595,3595,6327,0.759944367176634
"19015","19015",3899,3898,4340,0.11310592459605
"19016","19016",9678,10309,10238,0.0578631948749742
"19017","19017",6241,6255,6055,-0.029802916199327
"19018","19018",1792,1762,1770,-0.0122767857142857
"19019","19019",11997,11642,12012,0.00125031257814454
"19022","19022",3231,3116,3181,-0.0154750851129681
"19023","19023",8378,9581,9582,0.143709715922655
"19024","19024",3119,3119,3187,0.0218018595703751
"19025","19025",2498,2498,2496,-0.000800640512409928
"19026","19026",5118,4564,4563,-0.108440797186401
"19028","19028",5960,5988,5752,-0.0348993288590604
"19029","19029",3410,3408,3333,-0.0225806451612903
"19030","19030",1154,1154,1154,0
"19032","19032",8616,8602,8382,-0.0271587743732591
"19034","19034",2272,2272,1934,-0.148767605633803
"19035","19035",5897,5694,5634,-0.0445989486179413
"19036","19036",7609,4530,4220,-0.445393612826915
"19037","19037",5668,5946,6087,0.073923782639379
"19038","19038",5265,5307,5654,0.0738841405508072
"19040","19040",7137,7137,7142,0.000700574471066274
"19041","19041",1839,1836,1836,-0.00163132137030995
"19042","19042",4588,4588,4784,0.042720139494333
"19043","19043",12175,12206,11424,-0.0616837782340862
"19045","19045",5252,5354,5344,0.0175171363290175
"19046","19046",7163,5786,5688,-0.205919307552701
"19048","19048",2193,2193,4076,0.858641130870953
"19049","19049",6382,6387,6377,-0.000783453462864306
"19050","19050",3758,3560,3573,-0.0492283129324109
"19051","19051",5689,5716,5774,0.0149411144313588
"19052","19052",1598,1693,1693,0.0594493116395494
"19053","19053",3346,3348,3573,0.0678421996413628
"19054","19054",5682,5391,5386,-0.0520943329813446
"19055","19055",6523,6430,6433,-0.0137973325157136
"19056","19056",3743,3743,3680,-0.0168314186481432
"19058","19058",433,433,433,0
"19059","19059",2374,2379,2371,-0.0012636899747262
"19060","19060",2451,2414,2113,-0.137902896776826
"19061","19061",7487,7508,7508,0.00280486176038467
"19062","19062",3847,3939,3939,0.0239147387574734
"19063","19063",6345,6338,6329,-0.00252167060677699
"19064","19064",5474,3624,4792,-0.124588966021191
"19065","19065",2802,2816,2816,0.00499643112062812
"19066","19066",1854,1854,1854,0
"19067","19067",4868,4907,4848,-0.00410846343467543
"19068","19068",5269,5269,5272,0.000569368001518315
"19069","19069",4232,4211,4209,-0.00543478260869565
"19070","19070",4937,7543,4740,-0.0399027749645534
"19072","19072",8725,6516,5652,-0.352206303724928
"19073","19073",4108,5060,5072,0.234664070107108
"19074","19074",2419,1908,1908,-0.211244315832989
"19075","19075",1713,1713,1649,-0.0373613543490952
"19076","19076",2672,2758,2763,0.0340568862275449
"19077","19077",2363,2482,2481,0.0499365213711384
"19078","19078",5542,5486,5485,-0.0102850956333454
"19079","19079",2716,2797,2797,0.0298232695139912
"19080","19080",2222,2223,1596,-0.281728172817282
"19081","19081",2238,2211,2210,-0.0125111706881144
"19082","19082",1776,1216,1216,-0.315315315315315
"19083","19083",2197,1875,1875,-0.146563495675922
"19084","19084",3631,2882,3525,-0.0291930597631506
"19086","19086",5861,5902,3882,-0.337655690155264
"19087","19087",2101,2048,1979,-0.0580675868633984
"19088","19088",5707,5651,5327,-0.0665848957420711
"19089","19089",7753,7753,7763,0.00128982329420869
"19090","19090",3087,3111,2735,-0.114026563006155
"19091","19091",1881,1032,1300,-0.308878256246677
"19092","19092",818,818,894,0.0929095354523227
"19094","19094",5045,5055,5055,0.00198216055500496
"19095","19095",3104,3007,2582,-0.168170103092784
"19096","19096",3428,4343,4350,0.268961493582264
"19097","19097",5234,5557,4809,-0.0811998471532289
"19098","19098",5902,5893,5898,-0.000677736360555744
"19099","19099",4077,4077,4030,-0.0115280843757665
"19100","19100",5458,6506,6300,0.154268962990106
"19101","19101",4893,5003,5003,0.0224810954424688
"19102","19102",1745,1747,1652,-0.0532951289398281
"19103","19103",6187,6187,6187,0
"19104","19104",4678,4681,4775,0.0207353569901667
"19105","19105",2817,2815,2813,-0.00141995030173944
"19106","19106",3029,3031,3031,0.000660283922086497
"19107","19107",5516,5516,5816,0.0543872371283539
"19108","19108",2447,2439,2417,-0.0122599100939926
"19109","19109",2082,2082,2062,-0.00960614793467819
"19110","19110",8242,8300,8284,0.00509585052171803
"19111","19111",1915,1877,1843,-0.0375979112271541
"19112","19112",3351,3364,3367,0.00477469412115786
"19113","19113",2031,1967,1967,-0.0315115706548498
"19114","19114",2241,2098,2111,-0.0580098170459616
"19115","19115",7414,8904,7538,0.0167251146479633
"19116","19116",6246,5173,5160,-0.173871277617675
"19118","19118",6811,6975,6966,0.0227573043605932
"19119","19119",1410,1413,1409,-0.000709219858156028
"19120","19120",3795,3797,3638,-0.0413702239789196
"19121","19121",6621,6611,6646,0.00377586467301012
"19122","19122",3025,3069,3069,0.0145454545454545
"19124","19124",4617,4779,4837,0.047649989170457
"19126","19126",2309,2308,2023,-0.123863144218276
"19127","19127",5946,5949,5983,0.00622267070299361
"19128","19128",5934,5957,5940,0.00101112234580384
"19129","19129",2967,2774,2775,-0.0647118301314459
"19131","19131",2225,2238,2238,0.00584269662921348
"19132","19132",2909,3247,2893,-0.00550017188037126
"19134","19134",1870,2153,2153,0.151336898395722
"19137","19137",5203,5199,5100,-0.0197962713818951
"19138","19138",2339,2026,2001,-0.14450619923044
"19139","19139",1769,1587,1587,-0.10288298473714
"19619","19619",1769,1587,1587,-0.10288298473714
"19140","19140",9374,8200,8170,-0.128440366972477
"19142","19142",5002,5381,5263,0.0521791283486605
"19143","19143",3216,3137,3138,-0.0242537313432836
"19144","19144",9655,6103,6103,-0.367892283790782
"19145","19145",2653,2653,2711,0.0218620429702224
"19147","19147",6608,6713,6526,-0.012409200968523
"19148","19148",3021,3031,3032,0.00364117841774247
"19149","19149",11241,11992,12000,0.0675206832132373
"19150","19150",8620,8640,8624,0.000464037122969838
"19151","19151",3022,3021,3021,-0.000330906684315023
"19152","19152",13142,12655,12623,-0.0394917059808248
"19153","19153",3167,3123,3113,-0.0170508367540259
"19154","19154",3927,3410,3399,-0.134453781512605
"19155","19155",6660,6698,6368,-0.0438438438438438
"19156","19156",2327,2327,2016,-0.133648474430597
"19157","19157",3631,3592,4636,0.27678325530157
"19159","19159",1656,1660,1660,0.00241545893719807
"19160","19160",1806,1806,1339,-0.258582502768549
"19161","19161",2018,2018,2065,0.0232903865213082
"19162","19162",3825,3812,4010,0.0483660130718954
"19163","19163",3381,2909,2908,-0.139899438036084
"19164","19164",1828,1828,2525,0.38129102844639
"19165","19165",2546,2474,2504,-0.016496465043205
"19167","19167",6078,6078,6083,0.000822639025995393
"19168","19168",1832,1832,1831,-0.000545851528384279
"19170","19170",1225,1253,1417,0.156734693877551
"19171","19171",2663,2960,2932,0.101013894104394
"19172","19172",4619,4619,4590,-0.00627841524139424
"19174","19174",1162,1168,1215,0.0456110154905336
"19175","19175",4366,4461,4471,0.0240494732020156
"19176","19176",2559,1809,1809,-0.293083235638921
"19179","19179",1741,1699,1725,-0.00919012062033314
"19182","19182",886,859,860,-0.0293453724604966
"19183","19183",1770,1770,1759,-0.00621468926553672
"19184","19184",3971,4157,4406,0.109544195416772
"19185","19185",5820,5666,5670,-0.0257731958762887
"19186","19186",7038,7419,6978,-0.00852514919011083
"19187","19187",2529,2529,2529,0
"19188","19188",3701,3701,3704,0.000810591731964334
"19189","19189",4581,4581,4570,-0.00240122244051517
"19190","19190",9306,9292,9258,-0.00515796260477112
"19191","19191",7210,7214,7215,0.000693481276005548
"19192","19192",1937,1790,1656,-0.145069695405266
"19193","19193",6885,6905,7498,0.0890341321713871
"19194","19194",3881,3881,4039,0.04071115691832
"19195","19195",3892,3891,3875,-0.00436793422404933
"19197","19197",4409,4381,4381,-0.00635064640508052
"19198","19198",5183,5183,5048,-0.0260466911055373
"19199","19199",2671,2866,2745,0.0277049794084613
"19201","19201",3785,3785,3785,0
"19202","19202",3355,3394,3360,0.0014903129657228
"19203","19203",6676,6680,6695,0.00284601557819053
"19204","19204",6501,6666,6765,0.0406091370558376
"19207","19207",2635,2635,2643,0.00303605313092979
"19208","19208",1698,1698,1698,0
"19209","19209",5529,5804,5268,-0.0472056429734129
"19210","19210",3430,3449,3703,0.0795918367346939
"19211","19211",3987,4189,4191,0.0511662904439428
"19214","19214",8086,8299,8874,0.0974523868414544
"19215","19215",1435,1435,1789,0.246689895470383
"19216","19216",5574,5567,5874,0.0538213132400431
"19217","19217",6194,6173,5969,-0.0363254762673555
"19219","19219",5319,6235,6511,0.224102274863696
"19220","19220",1945,1945,1945,0
"19222","19222",4229,4272,4448,0.051785292031213
"19223","19223",3854,3653,3661,-0.050077841203944
"19224","19224",3322,3309,3307,-0.0045153521974714
"19225","19225",6500,6486,6683,0.0281538461538462
"19226","19226",4105,4110,3961,-0.0350791717417783
"19227","19227",1660,1659,1548,-0.0674698795180723
"19228","19228",4625,4625,4625,0
"19229","19229",6589,6589,5606,-0.14918804067385
"19230","19230",5242,4648,4976,-0.0507439908431896
"19231","19231",2356,2361,2117,-0.101443123938879
"19232","19232",4139,4755,4755,0.148828219376661
"19233","19233",2196,2197,2467,0.123406193078324
"19234","19234",6642,6389,6320,-0.0484793736826257
"19235","19235",6573,6344,7564,0.150768294538263
"19236","19236",1188,1438,1121,-0.0563973063973064
"19237","19237",5182,5184,5800,0.119258973369355
"19238","19238",1563,1563,1505,-0.037108125399872
"19239","19239",3357,3822,3823,0.138814417634793
"19240","19240",2613,2613,2636,0.00880214313050134
"19241","19241",2790,2813,2853,0.0225806451612903
"19242","19242",2377,2377,2361,-0.00673117374842238
"19243","19243",2020,2020,2028,0.00396039603960396
"19244","19244",2587,2531,2518,-0.0266718206416699
"19245","19245",2980,2980,2782,-0.0664429530201342
"19246","19246",1447,1450,1447,0
"19247","19247",2234,2245,2237,0.00134288272157565
"19248","19248",4686,4504,4504,-0.0388390951771233
"19249","19249",2767,3646,3646,0.317672569569931
"19250","19250",5165,4964,4924,-0.0466602129719264
"19251","19251",2842,2842,2901,0.0207600281491907
"19252","19252",11710,9411,9382,-0.198804440649018
"19254","19254",2278,2803,2666,0.170324846356453
"19255","19255",1526,1524,1524,-0.00131061598951507
"19256","19256",2021,2021,2021,0
"19259","19259",4206,4186,3582,-0.148359486447932
"19262","19262",2340,2348,2349,0.00384615384615385
"19263","19263",2695,2695,2695,0
"19264","19264",5637,4585,5025,-0.108568387440128
"19265","19265",2241,2232,2232,-0.00401606425702811
"19266","19266",2472,2472,2461,-0.00444983818770227
"19267","19267",12059,10729,11069,-0.0820963595654698
"19268","19268",1680,1680,1681,0.000595238095238095
"19269","19269",3544,3544,3123,-0.118792325056433
"19270","19270",2434,2149,2501,0.0275267050123254
"19272","19272",6631,3689,3689,-0.443673654049163
"19274","19274",1318,1318,1318,0
"19275","19275",2089,2098,2178,0.0426041168022978
"19276","19276",2274,2257,2257,-0.00747581354441513
"19277","19277",2646,2617,2617,-0.0109599395313681
"19278","19278",6697,6692,6308,-0.0580857100194117
"19279","19279",4640,4620,4752,0.0241379310344828
"19280","19280",4514,4453,4253,-0.0578201151971644
"19281","19281",1469,1513,1495,0.0176991150442478
"19282","19282",1480,1784,1784,0.205405405405405
"19283","19283",2664,2664,2840,0.0660660660660661
"19284","19284",3834,3882,3826,-0.00208659363588941
"19285","19285",3789,4210,4218,0.113222486144101
"19286","19286",2501,2994,2989,0.195121951219512
"19287","19287",4693,4254,4182,-0.108885574259535
"19288","19288",2568,2568,2570,0.000778816199376947
"19289","19289",1456,1456,1543,0.0597527472527473
"19290","19290",3758,3921,3966,0.0553485896753592
"19291","19291",2723,2723,2472,-0.0921777451340433
"19293","19293",4216,4227,4046,-0.0403225806451613
"19294","19294",1561,1148,1148,-0.26457399103139
"19297","19297",2471,2472,2480,0.00364225010117361
"19298","19298",6702,6697,7238,0.0799761265293942
"19299","19299",6092,6136,6142,0.00820748522652659
"19300","19300",7312,7888,8004,0.0946389496717724
"19301","19301",1613,1613,1613,0
"19303","19303",2066,1836,1836,-0.111326234269119
"19304","19304",6189,6193,6098,-0.0147035062207142
"19305","19305",3292,3562,3562,0.0820170109356015
"19306","19306",5307,5308,7056,0.329564725833804
"19307","19307",5068,5069,4985,-0.0163772691397001
"19308","19308",3435,3435,3346,-0.0259097525473071
"19309","19309",4659,4658,4653,-0.00128783000643915
"19310","19310",5243,5119,5211,-0.00610337592981118
"19311","19311",5063,5063,3732,-0.262887616037922
"19312","19312",2323,2326,2318,-0.00215238915195867
"19313","19313",6167,7102,6940,0.125344575968867
"19314","19314",3737,3717,3708,-0.00776023548300776
"19315","19315",4859,4828,4829,-0.0061741098991562
"19316","19316",8027,7299,7302,-0.0903201694281799
"19317","19317",3576,3762,3558,-0.00503355704697987
"19318","19318",5429,5407,5400,-0.00534168355129858
"19319","19319",4500,5280,4921,0.0935555555555556
"19320","19320",6991,6894,3668,-0.475325418395079
"19321","19321",11268,11152,11179,-0.00789847355342563
"19322","19322",2615,2303,2306,-0.118164435946463
"19324","19324",2489,2437,2426,-0.0253113700281237
"19325","19325",2409,2465,2453,0.0182648401826484
"19326","19326",2599,2520,2520,-0.0303963062716429
"19327","19327",4607,4607,4810,0.0440633818102887
"19328","19328",3987,3829,3832,-0.0388763481314271
"19329","19329",3752,3080,2985,-0.204424307036247
"19330","19330",5225,5196,4909,-0.0604784688995215
"19333","19333",5761,5109,5070,-0.119944454087832
"19334","19334",3168,3837,3837,0.211174242424242
"19335","19335",1160,1160,1160,0
"19336","19336",4155,4227,4117,-0.00914560770156438
"19337","19337",2158,2158,1851,-0.142261353104727
"19338","19338",1438,1441,1441,0.00208623087621697
"19339","19339",3535,3498,3570,0.0099009900990099
"19340","19340",4719,4228,3908,-0.171858444585717
"19342","19342",3295,3396,3338,0.0130500758725341
"19344","19344",6533,6573,6474,-0.00903107301392928
"19345","19345",2703,2789,2662,-0.0151683314835368
"19346","19346",6547,6891,6892,0.0526958912478998
"19347","19347",1760,1704,1704,-0.0318181818181818
"19348","19348",3262,3183,3183,-0.0242182709993869
"19349","19349",3609,3602,3647,0.0105292324743696
"19351","19351",3967,3967,3869,-0.0247038064028233
"19352","19352",5412,5200,5201,-0.0389874353288987
"19353","19353",888,888,926,0.0427927927927928
"19354","19354",1596,1570,1570,-0.0162907268170426
"19356","19356",2565,2641,2471,-0.0366471734892788
"19357","19357",3480,3480,3431,-0.0140804597701149
"19358","19358",2561,4262,4262,0.664193674345959
"19359","19359",6787,6785,6784,-0.00044202151171357
"19360","19360",3520,3520,3523,0.000852272727272727
"19361","19361",2783,2707,2708,-0.0269493352497305
"19362","19362",4701,4700,7278,0.548181238034461
"19363","19363",4220,4220,4055,-0.0390995260663507
"19364","19364",5341,5357,5357,0.00299569369032016
"19365","19365",3749,3646,3642,-0.0285409442518005
"19366","19366",12883,9329,9177,-0.287665916323838
"19367","19367",6529,6325,6605,0.0116403737172614
"19370","19370",2375,2375,2349,-0.0109473684210526
"19371","19371",4697,4704,4494,-0.0432190760059613
"19374","19374",1443,1443,1740,0.205821205821206
"19375","19375",4684,4682,4662,-0.00469684030742955
"19376","19376",2979,3159,3256,0.0929842228935885
"19377","19377",8067,5993,5964,-0.260691706954258
"19378","19378",7014,6812,6790,-0.031936127744511
"19379","19379",3572,3566,3556,-0.00447928331466965
"19380","19380",3211,3211,3233,0.00685144814699471
"19381","19381",5616,5150,5134,-0.0858262108262108
"19382","19382",5664,5674,5662,-0.000353107344632768
"19383","19383",1490,1948,1568,0.0523489932885906
"19384","19384",3794,3671,3742,-0.0137058513442277
"19385","19385",6225,4329,4329,-0.304578313253012
"19386","19386",3685,3992,4217,0.144369063772049
"19387","19387",4597,4308,6889,0.498586034370241
"19388","19388",2313,2313,2259,-0.0233463035019455
"19390","19390",13155,13142,13147,-0.000608133789433675
"19391","19391",9245,9189,9413,0.0181719848566793
"19392","19392",1951,1841,1841,-0.0563813429010764
"19393","19393",1510,1510,2558,0.694039735099338
"19395","19395",12033,12073,12081,0.00398903016704064
"19396","19396",3839,3839,3837,-0.000520969002344361
"19397","19397",4787,4753,4640,-0.0307081679548778
"19398","19398",6816,6962,6948,0.0193661971830986
"19400","19400",3492,3492,3728,0.0675830469644903
"19401","19401",2685,2806,3051,0.136312849162011
"19403","19403",2449,2449,2446,-0.00122498979175174
"19404","19404",3995,4150,3948,-0.0117647058823529
"19405","19405",3301,3209,2636,-0.201454104816722
"19406","19406",4633,4567,4567,-0.0142456291819555
"19409","19409",3605,3606,3975,0.102635228848821
"19410","19410",7349,8701,8695,0.183154170635461
"19411","19411",2574,2590,2523,-0.0198135198135198
"19412","19412",4587,4587,4626,0.00850228907782865
"19414","19414",2952,2952,3128,0.0596205962059621
"19415","19415",10130,9148,8832,-0.128134254689042
"19416","19416",1917,1898,1799,-0.0615545122587376
"19418","19418",2285,2320,2320,0.0153172866520788
"19419","19419",6195,6200,7032,0.135108958837772
"19420","19420",3917,3912,3914,-0.000765892264488129
"19421","19421",7164,7194,7195,0.00432719151312116
"19423","19423",1851,1851,1851,0
"19424","19424",9873,9636,10572,0.0707991491947736
"19425","19425",1792,1792,1799,0.00390625
"19426","19426",3370,3765,3765,0.117210682492582
"19427","19427",3927,3920,3998,0.0180799592564298
"19428","19428",2787,2894,2473,-0.112665949049157
"19430","19430",5208,5073,5066,-0.0272657450076805
"19431","19431",3729,3729,3709,-0.0053633681952266
"19432","19432",8627,8239,7703,-0.10710559870175
"19433","19433",3529,3173,3549,0.00566732785491641
"19434","19434",5890,5891,5742,-0.0251273344651952
"19435","19435",2170,2170,2170,0
"19436","19436",6866,6820,6820,-0.0066996795805418
"19437","19437",12550,13151,13138,0.0468525896414343
"19438","19438",7066,7001,6979,-0.0123124823096519
"19439","19439",9389,9099,9002,-0.041218447118969
"19440","19440",3170,3170,3172,0.000630914826498423
"19442","19442",2326,2326,2320,-0.00257953568357696
"19443","19443",2753,2753,2548,-0.0744642208499818
"19444","19444",5320,5252,5008,-0.0586466165413534
"19445","19445",821,821,891,0.0852618757612667
"19446","19446",5687,5687,5653,-0.00597854756462107
"19448","19448",9128,9097,8916,-0.0232252410166521
"19449","19449",5044,5114,5022,-0.00436161776367962
"19450","19450",2357,2368,2256,-0.0428510818837505
"19451","19451",7987,7979,7970,-0.00212845874546137
"19453","19453",4234,4351,4350,0.0273972602739726
"19454","19454",2931,2542,2542,-0.132719208461276
"19455","19455",5348,5269,5625,0.0517950635751683
"19457","19457",4777,4776,4775,-0.000418672807201172
"19459","19459",10119,10135,10117,-0.000197647988931713
"19460","19460",6451,6820,6638,0.0289877538366145
"19461","19461",9800,9823,9919,0.0121428571428571
"19464","19464",1227,1227,1512,0.232273838630807
"19465","19465",1955,2025,2025,0.0358056265984655
"19466","19466",1947,2025,2098,0.0775552131484335
"19467","19467",2431,2431,2430,-0.000411353352529823
"19468","19468",2835,2839,2923,0.0310405643738977
"19469","19469",1194,1194,1083,-0.092964824120603
"19470","19470",7325,6687,6786,-0.0735836177474403
"19472","19472",2461,2461,2464,0.00121901665989435
"19473","19473",3633,3639,4301,0.183870079823837
"19474","19474",2640,3119,4620,0.75
"19475","19475",2055,2057,1980,-0.0364963503649635
"19476","19476",1153,1153,1157,0.00346921075455334
"19477","19477",6139,5793,5790,-0.0568496497800945
"19478","19478",1918,1918,2024,0.0552659019812305
"19480","19480",2158,2149,2149,-0.00417052826691381
"19481","19481",881,983,983,0.11577752553916
"19482","19482",2915,2915,2973,0.0198970840480274
"19483","19483",7535,7529,4820,-0.360318513603185
"19484","19484",1084,1084,1084,0
"19485","19485",5906,5910,5879,-0.00457162207924145
"19486","19486",2012,1703,1704,-0.153081510934394
"19791","19791",2012,1703,1704,-0.153081510934394
"19487","19487",8110,7683,7679,-0.0531442663378545
"19488","19488",11999,11713,11601,-0.0331694307858988
"19489","19489",5122,6212,6213,0.213002733307302
"19490","19490",4046,4111,4051,0.00123578843302027
"19491","19491",3404,3239,3198,-0.0605170387779083
"19492","19492",1292,1300,1299,0.00541795665634675
"19493","19493",5020,4882,4878,-0.0282868525896414
"19494","19494",1601,1591,1591,-0.00624609618988132
"19495","19495",4253,4249,5120,0.203856101575359
"19496","19496",4709,5507,5357,0.137608834147377
"19497","19497",4673,4673,4674,0.000213995292103574
"19498","19498",11676,11626,11375,-0.025779376498801
"19499","19499",6346,6346,6759,0.0650803655846202
"19500","19500",1859,1855,1855,-0.00215169445938677
"19501","19501",7699,6985,6985,-0.0927393167943889
"19502","19502",2670,2676,2769,0.0370786516853933
"19504","19504",5787,5790,5763,-0.00414722654224987
"19505","19505",1069,1673,1069,0
"19507","19507",2822,2822,2822,0
"19508","19508",2974,2974,2956,-0.00605245460659045
"19509","19509",1399,1400,1400,0.000714796283059328
"19510","19510",3777,3777,3690,-0.0230341540905481
"19511","19511",1961,1989,1996,0.0178480367159612
"19512","19512",7382,7389,7391,0.00121918179355188
"19513","19513",9525,6019,5989,-0.371233595800525
"19515","19515",838,998,997,0.189737470167064
"19517","19517",3986,3861,3861,-0.0313597591570497
"19518","19518",8091,8869,8510,0.0517859349894945
"19519","19519",2148,2148,2149,0.000465549348230912
"19520","19520",4835,4738,4688,-0.0304033092037229
"19521","19521",2406,2173,2173,-0.0968412302576891
"19522","19522",2554,3226,2605,0.0199686765857478
"19523","19523",7749,8024,7985,0.0304555426506646
"19524","19524",3674,3860,3858,0.050081654872074
"19525","19525",6899,6891,6365,-0.0774025221046528
"19526","19526",2100,2100,2100,0
"19527","19527",2199,2379,2381,0.0827648931332424
"19529","19529",3854,4020,3810,-0.01141670991178
"19530","19530",1348,1127,1127,-0.163946587537092
"19531","19531",12520,12146,12539,0.00151757188498403
"19533","19533",2298,2061,2079,-0.0953002610966057
"19535","19535",4033,4031,3934,-0.0245474832630796
"19536","19536",4400,4881,4726,0.0740909090909091
"19537","19537",2842,2809,2809,-0.0116115411681914
"19538","19538",899,904,904,0.00556173526140156
"19539","19539",1616,1616,1616,0
"19540","19540",4088,3487,3487,-0.147015655577299
"19541","19541",5200,6582,6544,0.258461538461538
"19542","19542",4244,4244,4245,0.000235626767200754
"19543","19543",2556,2515,2513,-0.0168231611893584
"19544","19544",4958,4950,4821,-0.027632109721662
"19547","19547",2768,2766,2822,0.0195086705202312
"19548","19548",4829,4925,4930,0.0209153033754401
"19549","19549",7771,7630,7592,-0.023034358512418
"19550","19550",829,836,836,0.00844390832328106
"19551","19551",1742,1741,1741,-0.000574052812858783
"19552","19552",9940,9859,9124,-0.0820925553319919
"19553","19553",6437,6463,6273,-0.0254777070063694
"19554","19554",1868,1868,1929,0.0326552462526767
"19555","19555",3591,2657,2657,-0.260094681147313
"19556","19556",10655,11519,11142,0.0457062412013139
"19557","19557",2395,2395,2555,0.0668058455114822
"19558","19558",3243,2917,2914,-0.101449275362319
"19559","19559",2963,2804,3198,0.0793115086061424
"19560","19560",1355,1324,1324,-0.0228782287822878
"19561","19561",5930,5851,5865,-0.0109612141652614
"19566","19566",5930,5851,5865,-0.0109612141652614
"19562","19562",5198,4526,4533,-0.127933820700269
"19563","19563",5379,5443,5505,0.0234244283324038
"19564","19564",5973,5973,5973,0
"19565","19565",3454,3438,3438,-0.00463231036479444
"19569","19569",1544,1605,1605,0.0395077720207254
"19571","19571",1928,1928,2086,0.0819502074688797
"19572","19572",1953,1953,1763,-0.0972862263184844
"19574","19574",7451,7854,7649,0.0265736142799624
"19575","19575",2571,2962,2857,0.11124076234928
"19576","19576",9954,10937,10630,0.0679123970263211
"19577","19577",4789,4514,4512,-0.0578408853622886
"19578","19578",3122,2988,2905,-0.0695067264573991
"19579","19579",2285,2387,2376,0.0398249452954048
"19580","19580",2154,2218,2217,0.0292479108635097
"19581","19581",12897,13100,13115,0.0169031557726603
"19582","19582",3849,3849,3850,0.00025980774227072
"19583","19583",2635,2619,2583,-0.0197343453510436
"19584","19584",4175,4179,4179,0.000958083832335329
"19585","19585",6878,6868,6882,0.000581564408258215
"19586","19586",1647,1458,1691,0.0267152398299939
"19587","19587",1921,1695,1695,-0.117647058823529
"19588","19588",1785,1786,1769,-0.00896358543417367
"19592","19592",3438,3445,3460,0.00639906922629436
"19594","19594",2410,2418,2419,0.0037344398340249
"19595","19595",1687,1687,1687,0
"19596","19596",1374,1379,1379,0.00363901018922853
"19597","19597",2580,2568,2528,-0.0201550387596899
"19600","19600",2881,2883,3104,0.0774036792780285
"19602","19602",3224,3238,3152,-0.0223325062034739
"19603","19603",1607,1693,1693,0.0535158680771624
"19605","19605",3778,3627,3655,-0.0325569084171519
"19606","19606",5239,5370,5231,-0.00152700897117771
"19608","19608",1967,1967,1957,-0.00508388408744281
"19609","19609",1572,1731,1581,0.00572519083969466
"19610","19610",1611,1611,1611,0
"19611","19611",9883,9856,9089,-0.0803399777395528
"19612","19612",3451,3888,3888,0.126629962329759
"19614","19614",3783,3862,3832,0.0129526830557758
"19616","19616",1733,1736,1592,-0.0813618003462204
"19617","19617",1842,1842,1841,-0.000542888165038002
"19618","19618",2471,2305,2490,0.00768919465803319
"19621","19621",4688,4480,4078,-0.130119453924915
"19622","19622",2614,2614,2614,0
"19623","19623",4162,4162,4101,-0.0146564151850072
"19624","19624",2265,2256,2256,-0.00397350993377483
"19625","19625",3385,3640,3642,0.0759231905465288
"19627","19627",1415,1415,1415,0
"19629","19629",2590,2738,2746,0.0602316602316602
"19631","19631",7361,7465,7161,-0.0271702214373047
"19633","19633",1948,2991,3430,0.760780287474333
"19635","19635",15574,15573,14638,-0.0601001669449082
"19636","19636",8869,9142,9147,0.0313451347389785
"19637","19637",1215,1259,1259,0.0362139917695473
"19638","19638",1984,1988,2310,0.164314516129032
"19639","19639",4011,4008,3977,-0.00847668910496136
"19641","19641",5182,4993,5097,-0.016402933230413
"19642","19642",1210,1210,1210,0
"19643","19643",6321,5903,5903,-0.0661287770922322
"19644","19644",4378,4378,4481,0.0235267245317497
"19645","19645",3252,3215,3215,-0.0113776137761378
"19646","19646",1797,1631,1631,-0.0923761825264329
"19647","19647",3879,3879,3854,-0.00644496004124774
"19649","19649",5687,5298,5277,-0.0720942500439599
"19651","19651",3934,3919,3905,-0.00737163192679207
"19652","19652",1774,1775,1662,-0.0631341600901917
"19653","19653",1569,1569,1505,-0.0407903123008286
"19654","19654",7553,7540,7488,-0.00860585197934595
"19655","19655",6900,6900,6901,0.000144927536231884
"19656","19656",903,938,938,0.0387596899224806
"19657","19657",9631,9740,9676,0.00467241200290728
"19658","19658",8231,8231,8234,0.000364475762361803
"19659","19659",8707,8885,8797,0.0103365108533364
"19660","19660",5133,5103,5103,-0.00584453535943892
"19661","19661",10651,10926,10880,0.0215003286076425
"19662","19662",3206,3397,3651,0.138802245789145
"19663","19663",4899,4877,4964,0.0132680138803838
"19664","19664",2795,2795,2795,0
"19665","19665",1950,2000,1995,0.0230769230769231
"19666","19666",1698,1696,1755,0.0335689045936396
"19668","19668",2685,2685,2687,0.00074487895716946
"19669","19669",4518,4534,4847,0.0728198317839752
"19670","19670",5651,5651,5342,-0.054680587506636
"19671","19671",9899,9999,9993,0.00949590867764421
"19672","19672",2765,2826,2827,0.0224231464737794
"19673","19673",1128,1523,1523,0.350177304964539
"19674","19674",5460,4690,4690,-0.141025641025641
"19675","19675",2185,2185,2185,0
"19676","19676",2532,2298,2568,0.014218009478673
"19677","19677",1946,1946,1946,0
"19678","19678",1457,1457,1351,-0.0727522306108442
"19679","19679",6123,7197,7197,0.175404213620774
"19680","19680",2466,2466,2466,0
"19681","19681",6433,6279,6265,-0.0261153427638738
"19683","19683",9290,9095,9328,0.00409041980624327
"19684","19684",5259,5260,5261,0.000380300437345503
"19685","19685",1724,1724,1699,-0.0145011600928074
"19686","19686",7059,7073,6867,-0.0271993200169996
"19689","19689",4339,4523,4321,-0.00414842129522932
"19690","19690",1384,1384,1380,-0.00289017341040462
"19691","19691",8574,3970,3970,-0.536972241660835
"19692","19692",3075,4757,4281,0.39219512195122
"19693","19693",1596,1986,2075,0.300125313283208
"19695","19695",6889,6553,6750,-0.02017709391784
"19696","19696",3034,3147,3296,0.0863546473302571
"19697","19697",4338,4381,4414,0.0175195942830798
"19698","19698",4240,4240,4246,0.00141509433962264
"19699","19699",2457,2457,2471,0.0056980056980057
"19700","19700",11782,9803,9406,-0.201663554574775
"19701","19701",4103,4103,3971,-0.032171581769437
"19703","19703",7756,7431,7550,-0.0265600825167612
"19704","19704",7616,7617,7618,0.000262605042016807
"19705","19705",1895,1893,2174,0.147229551451187
"19707","19707",2851,3860,4540,0.592423710978604
"19708","19708",2291,2789,2794,0.219554779572239
"19709","19709",2982,2982,3032,0.0167672702883971
"19710","19710",5398,5398,5396,-0.000370507595405706
"19711","19711",5289,5289,5308,0.0035923615050104
"19712","19712",5776,6052,5712,-0.0110803324099723
"19714","19714",2763,2763,2763,0
"19715","19715",6393,6272,7868,0.230721101204442
"19716","19716",5503,5253,5251,-0.0457932037070689
"19717","19717",3132,3151,3151,0.00606641123882503
"19719","19719",3979,3979,3979,0
"19720","19720",4926,6207,6207,0.260048721071864
"19721","19721",2217,2254,2254,0.0166892196662156
"19722","19722",2118,2119,1918,-0.0944287063267233
"19723","19723",2165,2165,2119,-0.0212471131639723
"19725","19725",2998,2977,3066,0.0226817878585724
"19726","19726",4030,3998,3988,-0.0104218362282878
"19727","19727",8009,8213,8950,0.117492820576851
"19728","19728",1283,1209,1209,-0.0576773187840998
"19729","19729",2831,2831,4402,0.554927587424938
"19731","19731",3735,3735,3735,0
"19732","19732",8845,8825,8411,-0.0490672696438666
"19734","19734",3144,3144,2398,-0.237277353689567
"19735","19735",9707,9470,9461,-0.0253425363140002
"19736","19736",4862,4746,4793,-0.0141916906622789
"19737","19737",3252,2110,2110,-0.351168511685117
"19902","19902",3252,2110,2110,-0.351168511685117
"19738","19738",4956,4956,5187,0.0466101694915254
"19739","19739",1532,1529,1529,-0.00195822454308094
"19740","19740",3763,3763,3763,0
"19741","19741",3066,3055,2967,-0.0322896281800391
"19742","19742",2893,3021,3108,0.0743173176633253
"19743","19743",1589,1866,1586,-0.00188797986154814
"19745","19745",1861,1861,1839,-0.0118216012896292
"19746","19746",5957,5838,6035,0.0130938391807957
"19747","19747",9187,9136,9150,-0.00402743006422118
"19748","19748",2187,2187,2113,-0.0338363054412437
"19749","19749",3587,3589,3508,-0.022023975466964
"19750","19750",2079,2321,2320,0.115921115921116
"19751","19751",15780,15899,15882,0.0064638783269962
"19752","19752",4368,4318,4318,-0.0114468864468864
"19753","19753",4346,4316,4317,-0.00667280257708237
"19754","19754",658,382,382,-0.419452887537994
"19755","19755",1969,1969,2082,0.0573895378364652
"19756","19756",4217,4217,4221,0.000948541617263457
"19758","19758",2045,2540,2041,-0.0019559902200489
"19759","19759",6679,6608,6601,-0.0116783949693068
"19760","19760",2207,2207,2462,0.11554145899411
"19762","19762",5034,5596,5603,0.113031386571315
"19763","19763",4848,4888,4867,0.00391914191419142
"19764","19764",3104,3104,3099,-0.00161082474226804
"19765","19765",8079,8288,8532,0.0560712959524694
"19766","19766",3730,3728,3709,-0.00563002680965147
"19767","19767",1480,1485,1486,0.00405405405405405
"19768","19768",3175,3492,3493,0.100157480314961
"19769","19769",2895,2866,2866,-0.0100172711571675
"19770","19770",8263,8309,8091,-0.0208156843761346
"19771","19771",2980,2982,2982,0.000671140939597315
"19772","19772",6724,6724,6773,0.00728732897085068
"19773","19773",4531,4637,4640,0.0240564996689473
"19774","19774",4235,2923,2823,-0.333412042502952
"19775","19775",4501,4377,4397,-0.0231059764496779
"19776","19776",1165,1118,1276,0.0952789699570815
"19777","19777",11453,11453,11464,0.000960447044442504
"19778","19778",4317,4320,4316,-0.000231642344220524
"19779","19779",2146,2146,2142,-0.00186393289841566
"19780","19780",2445,2446,2273,-0.0703476482617587
"19783","19783",2228,2500,3386,0.519748653500898
"19784","19784",2835,2835,2835,0
"19785","19785",2054,1638,1638,-0.20253164556962
"19786","19786",3726,3800,3800,0.0198604401502952
"19787","19787",2765,2765,2796,0.0112115732368897
"19788","19788",11109,11088,10998,-0.00999189846070753
"19790","19790",7085,7086,7062,-0.00324629498941426
"19792","19792",6550,6446,6531,-0.00290076335877863
"19794","19794",7401,7397,7627,0.0305364139981084
"19795","19795",1515,1605,1619,0.0686468646864686
"19796","19796",4229,3500,3500,-0.172381177583353
"19797","19797",7702,4318,4317,-0.439496234744222
"19798","19798",4357,4501,4501,0.0330502639430801
"19799","19799",1585,1585,1350,-0.148264984227129
"19800","19800",6474,6810,6603,0.0199258572752549
"19802","19802",3595,3545,3540,-0.0152990264255911
"19803","19803",4684,4727,4727,0.0091801878736123
"19804","19804",4379,4513,4469,0.0205526375884905
"19805","19805",4283,4283,4254,-0.00677095493812748
"19806","19806",1853,1853,1852,-0.000539665407447383
"19807","19807",2040,1486,1469,-0.279901960784314
"19809","19809",4024,4023,3798,-0.0561630218687873
"19810","19810",3015,3025,3026,0.00364842454394693
"19812","19812",3154,3164,3323,0.0535827520608751
"19813","19813",4336,4327,4333,-0.000691881918819188
"19814","19814",4054,3654,3451,-0.148741983226443
"19815","19815",5437,5302,5302,-0.0248298694132794
"19816","19816",2673,2530,2530,-0.0534979423868313
"19817","19817",8331,8133,8142,-0.02268635217861
"19818","19818",6733,6733,6733,0
"19819","19819",2625,2625,2616,-0.00342857142857143
"19820","19820",2440,2440,2440,0
"19821","19821",2537,2537,2638,0.0398108001576665
"19822","19822",1981,1981,1980,-0.000504795557799091
"19823","19823",10563,8608,8601,-0.185742686736723
"19825","19825",4766,4911,4914,0.0310532941670164
"19826","19826",3293,3060,3060,-0.0707561494078348
"19827","19827",2764,2764,1792,-0.351664254703329
"19829","19829",2121,2121,2121,0
"19831","19831",3946,4115,3092,-0.216421692853523
"19832","19832",2276,2290,2290,0.00615114235500879
"19833","19833",6681,6660,6160,-0.0779823379733573
"19834","19834",2161,2062,2062,-0.045812124016659
"19835","19835",1714,1743,1725,0.00641773628938156
"19836","19836",4906,4897,4903,-0.000611496127191194
"19837","19837",970,962,984,0.0144329896907217
"19838","19838",8845,8210,8186,-0.0745053702656868
"19839","19839",3257,3257,3758,0.153822536076144
"19840","19840",1706,1854,1854,0.0867526377491207
"19841","19841",3293,4887,4904,0.489219556635287
"19842","19842",4086,4109,4190,0.0254527655408713
"19844","19844",1467,1450,1450,-0.0115882753919564
"19845","19845",3107,2999,2999,-0.0347602188606373
"19846","19846",2379,2453,2453,0.0311055065153426
"19847","19847",7288,7291,7253,-0.00480241492864984
"19849","19849",3198,3164,3211,0.0040650406504065
"19850","19850",1978,1978,1946,-0.0161779575328615
"19851","19851",2952,2202,2202,-0.254065040650407
"19852","19852",7931,7232,7231,-0.088261253309797
"19853","19853",5899,5899,5900,0.000169520257670792
"19854","19854",2470,2513,2513,0.0174089068825911
"19856","19856",1731,1745,1783,0.0300404390525708
"19857","19857",1863,1863,1977,0.0611916264090177
"19925","19925",1863,1863,1977,0.0611916264090177
"19858","19858",3694,3694,3409,-0.0771521386031402
"19859","19859",16139,15505,15482,-0.0407088419356837
"19860","19860",1447,1447,1392,-0.0380096751900484
"19861","19861",11694,11946,11961,0.0228322216521293
"19862","19862",4647,4753,4695,0.0103292446739832
"19863","19863",8565,8551,9059,0.0576765907764156
"19864","19864",670,669,511,-0.237313432835821
"19865","19865",5591,5329,5330,-0.0466821677696298
"19866","19866",3182,3648,3470,0.0905091137649277
"19868","19868",4212,5360,5351,0.270417853751187
"19870","19870",4829,5353,5341,0.106026092358666
"19871","19871",7822,7824,8107,0.0364356941958578
"19872","19872",4276,3732,4002,-0.0640785781103835
"19873","19873",8835,6510,6858,-0.223769100169779
"19876","19876",3018,2784,3043,0.00828363154406892
"19877","19877",1156,1156,1156,0
"19878","19878",7270,7275,7266,-0.000550206327372765
"19879","19879",5056,5056,5056,0
"19880","19880",3854,3854,3854,0
"19881","19881",2858,3796,2503,-0.124212736179146
"19882","19882",3723,3847,3595,-0.0343808756379264
"19883","19883",2636,2630,2630,-0.00227617602427921
"19884","19884",2075,2075,2392,0.152771084337349
"19885","19885",1216,1216,1356,0.115131578947368
"19886","19886",708,708,986,0.392655367231638
"19887","19887",4925,5022,4934,0.00182741116751269
"19888","19888",3060,3060,3057,-0.000980392156862745
"19889","19889",3632,3632,3632,0
"19890","19890",7949,7909,7947,-0.00025160397534281
"19891","19891",8099,4064,4064,-0.498209655513026
"19892","19892",14094,13174,13151,-0.066907904072655
"19893","19893",3792,3417,3411,-0.100474683544304
"19894","19894",4400,4258,4260,-0.0318181818181818
"19896","19896",9421,10029,9991,0.0605031313024095
"19897","19897",1936,1990,2195,0.133780991735537
"19898","19898",6894,6894,6892,-0.000290107339715695
"19899","19899",2348,2344,2316,-0.0136286201022147
"19900","19900",7888,8218,8201,0.0396805273833671
"19901","19901",1997,2277,2277,0.14021031547321
"19903","19903",8407,9355,9345,0.111573688592839
"19904","19904",7905,8122,7919,0.00177103099304238
"19905","19905",6281,6421,5966,-0.0501512498009871
"19906","19906",3528,3522,3527,-0.000283446712018141
"19907","19907",8600,8600,8585,-0.00174418604651163
"19908","19908",4987,4984,5531,0.109083617405254
"19909","19909",3676,3626,3625,-0.0138737758433079
"19910","19910",6612,6624,6624,0.00181488203266788
"19911","19911",4218,3881,3884,-0.0791844476055002
"19913","19913",6528,5890,6460,-0.0104166666666667
"19914","19914",1209,1209,1301,0.076095947063689
"19915","19915",4291,4282,4288,-0.000699137730132836
"19916","19916",1377,1038,956,-0.305737109658678
"19917","19917",3081,2410,2390,-0.224277831872769
"19918","19918",2670,2670,2638,-0.0119850187265918
"19919","19919",4866,5179,5272,0.083436087135224
"19920","19920",3674,3332,3125,-0.149428415895482
"19921","19921",4800,4876,5054,0.0529166666666667
"19922","19922",8921,6798,6723,-0.246384934424392
"19923","19923",2457,2457,2458,0.000407000407000407
"19924","19924",4275,4260,4200,-0.0175438596491228
"19926","19926",2938,2938,3345,0.138529611980939
"19927","19927",1604,1604,1645,0.0255610972568579
"19928","19928",4042,4042,4042,0
"19929","19929",3531,3531,3531,0
"19932","19932",2355,2335,2456,0.0428874734607219
"19933","19933",2420,2513,2513,0.0384297520661157
"19934","19934",4575,4575,3135,-0.314754098360656
"19935","19935",3676,2557,4699,0.27829162132753
"19936","19936",5050,5219,5217,0.0330693069306931
"19937","19937",2300,2300,2283,-0.00739130434782609
"19938","19938",4770,4782,4779,0.00188679245283019
"19939","19939",3621,3621,3646,0.00690417011875173
"19940","19940",3397,2621,2621,-0.228436856049455
"19941","19941",15995,15493,15470,-0.0328227571115974
"19942","19942",3469,3493,3886,0.120207552608821
"19943","19943",3300,3304,3305,0.00151515151515152
"19944","19944",3735,3735,3894,0.042570281124498
"19945","19945",3224,3224,3029,-0.0604838709677419
"19946","19946",3411,3411,5026,0.473468191146291
"19947","19947",2328,2563,2563,0.100945017182131
"19948","19948",940,940,940,0
"19950","19950",5094,4720,4752,-0.0671378091872792
"19951","19951",3304,3358,3341,0.0111985472154964
"19952","19952",4921,4296,4285,-0.129242023978866
"19953","19953",3539,3099,3102,-0.123481209381181
"19954","19954",10745,11316,11145,0.0372266170311773
"19955","19955",3501,3501,3500,-0.000285632676378178
"19957","19957",1363,1363,1303,-0.0440205429200293
"19959","19959",4670,4077,4631,-0.00835117773019272
"19960","19960",5747,5753,5521,-0.0393248651470332
"19961","19961",1574,1573,1904,0.209656925031766
"19962","19962",2252,2210,2208,-0.019538188277087
"19963","19963",1533,1547,1438,-0.0619699934768428
"19964","19964",1481,1481,1486,0.00337609723160027
"19965","19965",2451,2315,2315,-0.0554875560995512
"19967","19967",8795,8776,8781,-0.00159181353041501
"19968","19968",3859,3861,3336,-0.135527338688779
"19969","19969",2590,2676,2704,0.044015444015444
"19970","19970",3249,3249,3251,0.000615574022776239
"19971","19971",2256,2360,2229,-0.011968085106383
"19973","19973",4851,5010,5041,0.0391671820243249
"19974","19974",2248,2535,2573,0.144572953736655
"19975","19975",2214,2427,2428,0.0966576332429991
"19976","19976",10012,9920,9858,-0.0153815421494207
"19977","19977",949,978,1165,0.227608008429926
"19978","19978",4333,3220,3220,-0.25686591276252
"19980","19980",1902,1722,1977,0.0394321766561514
"19981","19981",6107,6135,6119,0.0019649582446373
"19983","19983",2437,2035,1579,-0.352072219942552
"19984","19984",4026,2428,2428,-0.39692001987084
"19985","19985",2358,2328,2328,-0.0127226463104326
"19986","19986",1113,1110,1406,0.263252470799641
"19987","19987",2552,2552,2552,0
"19988","19988",6836,4434,4404,-0.355763604447045
"19989","19989",1986,1872,1854,-0.0664652567975831
"19990","19990",5228,5454,6846,0.309487375669472
"19992","19992",5010,5010,8577,0.711976047904192
"19993","19993",3279,3282,3282,0.000914913083257091
"19995","19995",1184,1184,1183,-0.000844594594594595
"19996","19996",1134,987,987,-0.12962962962963
"19997","19997",1179,1242,1242,0.0534351145038168
"19998","19998",2915,3135,3314,0.136878216123499
"19999","19999",1760,1734,1734,-0.0147727272727273
"20000","20000",3249,3248,3247,-0.000615574022776239
