"from_id","to_id","dist_2018","dist_2020","dist_2022","change_pct"
"1","1",6156,6188,6131,-0.00406107862248213
"2","2",1564,1527,1522,-0.0268542199488491
"8951","8951",1564,1527,1522,-0.0268542199488491
"3","3",2088,2089,2053,-0.0167624521072797
"4","4",2850,2851,2867,0.00596491228070175
"5","5",4365,4367,4546,0.0414662084765178
"6","6",2506,2506,2600,0.0375099760574621
"7","7",3306,3306,3814,0.153660012099214
"8","8",2426,2626,2617,0.0787304204451773
"9","9",1367,1367,1466,0.0724213606437454
"10","10",2878,3151,2844,-0.0118137595552467
"4174","4174",2878,3151,2844,-0.0118137595552467
"11","11",9461,9456,9425,-0.00380509459887961
"12","12",3555,3570,3848,0.0824191279887482
"13","13",2130,2130,2130,0
"14","14",5131,5131,5165,0.00662638861820308
"15","15",5401,5413,5467,0.0122199592668024
"16","16",3468,3475,3619,0.0435409457900807
"17","17",2890,2962,2934,0.0152249134948097
"1781","1781",2890,2962,2934,0.0152249134948097
"3804","3804",2890,2962,2934,0.0152249134948097
"16512","16512",2890,2962,2934,0.0152249134948097
"18","18",1259,1159,1159,-0.079428117553614
"19","19",3194,3650,3250,0.0175328741390106
"20","20",3383,3290,3233,-0.0443393437777121
"21","21",4997,4981,4400,-0.119471683009806
"22","22",2243,2302,2297,0.024074899687918
"23","23",779,779,779,0
"24","24",2365,2363,2038,-0.138266384778013
"25","25",3881,3862,3863,-0.00463797990208709
"26","26",2142,2142,2108,-0.0158730158730159
"27","27",4062,4025,4025,-0.00910881339241753
"28","28",5888,5839,5801,-0.0147758152173913
"29","29",2428,2358,2654,0.0930807248764415
"30","30",1685,1685,1686,0.000593471810089021
"31","31",1450,1353,1202,-0.171034482758621
"32","32",3035,2815,2860,-0.057660626029654
"33","33",2719,2719,2726,0.00257447591026113
"34","34",1467,1467,1671,0.139059304703476
"35","35",2740,2731,2732,-0.00291970802919708
"36","36",2158,1838,1838,-0.148285449490269
"37","37",3102,3102,3141,0.0125725338491296
"38","38",2574,2619,2602,0.0108780108780109
"39","39",2785,2785,2785,0
"40","40",3635,3635,3635,0
"41","41",3384,3386,3388,0.00118203309692671
"42","42",3825,3825,3969,0.0376470588235294
"43","43",3150,3149,3200,0.0158730158730159
"44","44",7311,7147,7220,-0.0124469976747367
"45","45",2434,1889,1889,-0.223911257189811
"46","46",907,1090,895,-0.0132304299889746
"47","47",2183,2183,2836,0.299129638112689
"48","48",1844,1845,1847,0.00162689804772234
"49","49",2098,2098,2098,0
"50","50",5024,4843,4873,-0.0300557324840764
"51","51",4901,4901,5090,0.0385635584574577
"52","52",3445,3445,3444,-0.000290275761973875
"53","53",2777,2777,2777,0
"54","54",2636,2631,2632,-0.00151745068285281
"55","55",1373,1373,1373,0
"56","56",2207,2207,2219,0.00543724512913457
"57","57",6421,6269,6418,-0.000467216944401184
"58","58",3468,3467,3339,-0.03719723183391
"59","59",2273,2238,2238,-0.0153981522217334
"60","60",4245,4212,4065,-0.0424028268551237
"61","61",2175,2175,2175,0
"62","62",3614,2937,3148,-0.128942999446597
"244","244",3614,2937,3148,-0.128942999446597
"63","63",1377,1377,1160,-0.15758896151053
"64","64",4209,4201,4186,-0.00546448087431694
"65","65",2359,2357,2207,-0.0644340822382365
"66","66",4211,3988,4029,-0.0432201377345049
"67","67",3540,3537,3486,-0.0152542372881356
"68","68",3946,3966,3968,0.00557526609224531
"69","69",1729,1729,1739,0.00578368999421631
"70","70",4878,4874,4874,-0.000820008200082001
"71","71",2086,2086,2088,0.000958772770853308
"72","72",1833,1831,1769,-0.0349154391707583
"73","73",3719,3598,3759,0.0107555794568432
"74","74",3826,3828,3825,-0.000261369576581286
"75","75",1866,1870,1802,-0.0342979635584137
"76","76",2671,2419,2588,-0.0310745039311119
"77","77",2106,2104,2059,-0.0223171889838557
"78","78",3905,3905,4003,0.0250960307298335
"79","79",3800,3792,3793,-0.00184210526315789
"80","80",2384,2396,2498,0.0478187919463087
"81","81",1530,1530,1419,-0.0725490196078431
"82","82",5378,5365,4891,-0.090554109334325
"83","83",6666,6654,6574,-0.0138013801380138
"84","84",4773,4773,4830,0.0119421747328724
"85","85",9175,9156,9061,-0.012425068119891
"86","86",3178,3174,3251,0.0229704216488357
"87","87",2741,2695,2694,-0.0171470266326158
"88","88",1308,1308,1325,0.0129969418960245
"89","89",3286,4008,2888,-0.121119902617164
"15936","15936",3286,4008,2888,-0.121119902617164
"90","90",13668,13797,13684,0.00117061750073164
"91","91",2118,2162,2255,0.0646836638338055
"16751","16751",2118,2162,2255,0.0646836638338055
"92","92",1880,1884,2016,0.0723404255319149
"93","93",2675,2675,2675,0
"94","94",1218,1115,1116,-0.083743842364532
"11707","11707",1218,1115,1116,-0.083743842364532
"95","95",2961,2417,2229,-0.247213779128673
"96","96",1124,926,916,-0.185053380782918
"97","97",2873,2873,2873,0
"98","98",2368,2368,2367,-0.000422297297297297
"99","99",4032,4032,4029,-0.000744047619047619
"100","100",1209,1209,1209,0
"101","101",2335,2005,2003,-0.142184154175589
"102","102",1802,1797,1795,-0.00388457269700333
"103","103",1565,1721,1639,0.0472843450479233
"104","104",1042,1090,1066,0.0230326295585413
"105","105",2335,2335,2448,0.0483940042826552
"106","106",1160,1160,1162,0.00172413793103448
"107","107",3422,3423,3385,-0.010812390414962
"108","108",3261,3262,3457,0.0601042624961668
"109","109",3942,4018,4019,0.019533231861999
"110","110",1941,1970,1966,0.0128799587841319
"111","111",3238,2830,2739,-0.154107473749228
"112","112",3534,3543,3756,0.0628183361629881
"113","113",1972,1471,1471,-0.254056795131846
"2263","2263",1972,1471,1471,-0.254056795131846
"2588","2588",1972,1471,1471,-0.254056795131846
"114","114",3162,3162,3171,0.00284629981024668
"115","115",2565,2566,2469,-0.0374269005847953
"116","116",1520,1836,1412,-0.0710526315789474
"9361","9361",1520,1836,1412,-0.0710526315789474
"117","117",1644,1644,1644,0
"118","118",5913,5871,5913,0
"119","119",4069,4033,3739,-0.0811010076185795
"9135","9135",4069,4033,3739,-0.0811010076185795
"120","120",1735,1735,1745,0.00576368876080692
"121","121",2933,2927,2870,-0.0214797136038186
"122","122",2557,2557,2557,0
"123","123",6466,6431,6295,-0.0264460253634395
"124","124",4261,4270,4064,-0.0462332785731049
"125","125",3279,3279,3248,-0.00945410186032327
"126","126",4436,4437,4472,0.00811541929666366
"127","127",2662,2518,2508,-0.0578512396694215
"797","797",2662,2518,2508,-0.0578512396694215
"128","128",4491,4522,4528,0.00823869962146515
"129","129",3562,3566,3585,0.006457046603032
"130","130",3732,3735,3745,0.00348338692390139
"131","131",3466,3448,2673,-0.228793998845932
"132","132",2785,2787,2790,0.00179533213644524
"133","133",2532,2823,2560,0.0110584518167457
"134","134",5146,5146,5197,0.00991061018266615
"135","135",4891,4892,4843,-0.00981394397873646
"136","136",1351,1412,1354,0.00222057735011103
"137","137",3857,3915,3811,-0.011926367643246
"138","138",1569,1469,1469,-0.0637348629700446
"8708","8708",1569,1469,1469,-0.0637348629700446
"139","139",1477,1430,1430,-0.031821259309411
"140","140",2159,2126,2154,-0.00231588698471515
"141","141",2280,2280,2286,0.00263157894736842
"142","142",3675,3651,3663,-0.00326530612244898
"143","143",4935,4772,4775,-0.0324214792299899
"144","144",3331,3338,3082,-0.0747523266286401
"145","145",2521,2498,2624,0.0408568028560095
"4835","4835",2521,2498,2624,0.0408568028560095
"146","146",4394,4391,4469,0.0170687300864816
"147","147",3118,3128,3128,0.0032071840923669
"148","148",2871,2871,2872,0.000348310693138279
"149","149",2690,2687,2687,-0.00111524163568773
"150","150",2698,2647,2642,-0.0207561156412157
"18192","18192",2698,2647,2642,-0.0207561156412157
"151","151",2981,2976,2969,-0.00402549480040255
"152","152",1339,1350,1354,0.0112023898431665
"153","153",4398,4493,4389,-0.00204638472032742
"154","154",2327,2328,2350,0.00988397077782553
"155","155",1274,1274,1276,0.00156985871271586
"156","156",4049,4047,4074,0.00617436404050383
"157","157",2287,2287,2313,0.0113686051595977
"158","158",5326,4866,4823,-0.0944423582425836
"159","159",1781,1805,1628,-0.085906793935991
"160","160",1619,1624,1597,-0.0135886349598518
"9895","9895",1619,1624,1597,-0.0135886349598518
"161","161",2511,2511,2428,-0.0330545599362804
"162","162",1943,1833,2059,0.0597014925373134
"163","163",5220,5219,5278,0.0111111111111111
"164","164",2468,2468,2468,0
"165","165",3809,3809,3710,-0.0259910737726437
"166","166",1358,1359,1443,0.0625920471281296
"3674","3674",1358,1359,1443,0.0625920471281296
"167","167",1089,1089,1079,-0.00918273645546373
"168","168",1970,1590,1590,-0.192893401015228
"169","169",5233,5233,5969,0.140645901012803
"170","170",6822,6604,6605,-0.0318088537085899
"171","171",2794,2789,2821,0.00966356478167502
"172","172",3678,3671,3562,-0.0315388798259924
"173","173",1986,1834,1772,-0.107754279959718
"174","174",3703,3703,3677,-0.00702133405347016
"175","175",3937,3938,3942,0.00127000254000508
"176","176",2846,2947,3072,0.0794096978215039
"177","177",8823,8819,9013,0.021534625410858
"178","178",2929,2927,2569,-0.122908842608399
"179","179",2690,2654,2652,-0.0141263940520446
"180","180",1570,1570,1570,0
"181","181",1910,1788,1788,-0.0638743455497382
"7861","7861",1910,1788,1788,-0.0638743455497382
"15687","15687",1910,1788,1788,-0.0638743455497382
"182","182",3602,3382,3495,-0.029705719044975
"183","183",3380,3379,3687,0.0908284023668639
"184","184",2228,2381,2376,0.066427289048474
"185","185",5844,5822,5892,0.0082135523613963
"186","186",1321,1312,1416,0.0719152157456472
"8230","8230",1321,1312,1416,0.0719152157456472
"187","187",2984,3242,3903,0.307975871313673
"14657","14657",2984,3242,3903,0.307975871313673
"188","188",1769,1761,1528,-0.136235161107971
"189","189",1014,1028,1031,0.0167652859960552
"190","190",3322,3322,3326,0.00120409391932571
"191","191",2327,2312,1856,-0.202406532015471
"192","192",4811,4811,4948,0.028476408231137
"193","193",2246,2245,2342,0.0427426536064114
"194","194",1944,1949,1859,-0.0437242798353909
"195","195",4226,3526,3575,-0.154046379555135
"196","196",3224,3242,3282,0.0179900744416873
"197","197",4344,4618,4352,0.00184162062615101
"198","198",3793,3789,3789,-0.00105457421566043
"199","199",2386,2367,2399,0.00544844928751048
"200","200",1682,1682,1682,0
"201","201",2809,2775,2817,0.00284798860804557
"202","202",2697,2697,2697,0
"203","203",3152,3076,3076,-0.0241116751269036
"204","204",1751,1751,1814,0.0359794403198173
"205","205",3991,3993,4089,0.0245552493109496
"206","206",3088,3087,2982,-0.0343264248704663
"207","207",2652,2653,2653,0.000377073906485671
"208","208",1935,1372,1375,-0.289405684754522
"14419","14419",1935,1372,1375,-0.289405684754522
"209","209",3684,3684,2639,-0.283659066232356
"210","210",2048,2048,1874,-0.0849609375
"211","211",5927,6143,5746,-0.0305382149485406
"212","212",3987,4234,3853,-0.0336092299974919
"213","213",4041,4054,4051,0.00247463499133878
"214","214",2278,2273,2297,0.00834064969271291
"215","215",1096,1067,1395,0.272810218978102
"216","216",4383,4463,4427,0.0100387862194844
"217","217",1630,1758,1759,0.0791411042944785
"218","218",2872,2753,2941,0.024025069637883
"219","219",3831,3468,4105,0.0715217958757505
"220","220",2882,2883,2885,0.00104094378903539
"9589","9589",2882,2883,2885,0.00104094378903539
"221","221",1173,1173,1154,-0.0161977834612106
"222","222",1628,1557,1230,-0.244471744471744
"223","223",1011,1013,731,-0.276953511374876
"224","224",4888,4936,5095,0.0423486088379705
"225","225",1058,1058,1058,0
"226","226",1532,1532,1515,-0.0110966057441253
"227","227",1920,2017,2053,0.0692708333333333
"228","228",1788,1788,1788,0
"229","229",5262,5277,5430,0.031927023945268
"230","230",1845,1845,2019,0.0943089430894309
"231","231",4784,3763,4032,-0.157190635451505
"232","232",2804,2803,2740,-0.0228245363766049
"233","233",2150,2181,2142,-0.00372093023255814
"234","234",3048,3016,3052,0.00131233595800525
"235","235",4179,3779,3760,-0.100263220866236
"236","236",2333,2337,2181,-0.0651521645949421
"6936","6936",2333,2337,2181,-0.0651521645949421
"237","237",3732,3732,3738,0.00160771704180064
"238","238",3535,3554,3451,-0.0237623762376238
"239","239",2004,2004,2105,0.0503992015968064
"240","240",1880,1892,1968,0.0468085106382979
"241","241",2950,2671,2633,-0.107457627118644
"18411","18411",2950,2671,2633,-0.107457627118644
"242","242",2542,2542,2548,0.002360346184107
"243","243",2774,2852,2858,0.030281182408075
"245","245",2304,2302,2599,0.128038194444444
"246","246",2260,2260,2112,-0.0654867256637168
"247","247",5613,5615,5512,-0.017993942633173
"248","248",1553,1552,1553,0
"249","249",1842,1846,1841,-0.000542888165038002
"250","250",7432,7797,7884,0.0608180839612487
"251","251",1749,1649,1638,-0.0634648370497427
"252","252",991,991,991,0
"253","253",3140,3141,3142,0.000636942675159236
"254","254",4133,3112,3414,-0.173965642390515
"255","255",2217,2247,2220,0.0013531799729364
"256","256",2578,2136,2138,-0.170674941815361
"257","257",2132,2122,2128,-0.00187617260787992
"15903","15903",2132,2122,2128,-0.00187617260787992
"258","258",2792,2790,2897,0.0376074498567335
"259","259",1823,1823,1846,0.0126165660998354
"260","260",1908,1906,1947,0.020440251572327
"261","261",4163,4155,4155,-0.00192169108815758
"262","262",3407,3196,3063,-0.10096859407103
"263","263",1290,1300,1300,0.00775193798449612
"264","264",1510,1510,1510,0
"265","265",2118,2110,2110,-0.00377714825306893
"266","266",2413,2168,2125,-0.119353501864898
"267","267",2496,2411,2476,-0.00801282051282051
"268","268",4128,4126,4126,-0.000484496124031008
"269","269",2520,2526,2283,-0.094047619047619
"11342","11342",2520,2526,2283,-0.094047619047619
"270","270",4036,3962,3962,-0.0183349851337958
"271","271",1421,1436,1433,0.00844475721323012
"272","272",6502,6504,6413,-0.0136880959704706
"273","273",2598,2598,2592,-0.0023094688221709
"274","274",4163,4291,4189,0.00624549603651213
"275","275",2123,2123,2500,0.177578897786152
"276","276",1209,1209,1195,-0.0115798180314309
"277","277",1639,1642,2188,0.334960341671751
"278","278",6743,6733,6406,-0.0499777547085867
"279","279",2267,2267,2267,0
"280","280",2765,2786,2786,0.00759493670886076
"17844","17844",2765,2786,2786,0.00759493670886076
"281","281",2126,2126,1885,-0.113358419567262
"282","282",3335,3324,3470,0.04047976011994
"283","283",2284,2283,2494,0.0919439579684764
"284","284",5708,5686,5598,-0.01927119831815
"285","285",3635,3635,3570,-0.0178817056396149
"286","286",2523,2500,2717,0.0768925881886643
"287","287",2132,2143,2157,0.0117260787992495
"288","288",5352,5268,3547,-0.337257100149477
"289","289",3527,3525,3646,0.0337397221434647
"290","290",2543,3008,2944,0.15768777034998
"291","291",8536,8492,8939,0.047211808809747
"292","292",5288,5306,5316,0.00529500756429652
"293","293",1718,1717,1996,0.161816065192084
"294","294",2142,2145,2145,0.00140056022408964
"295","295",1817,1817,1810,-0.00385250412768299
"296","296",1704,1704,1736,0.0187793427230047
"297","297",8565,8555,8527,-0.00443666082895505
"298","298",2486,2417,2427,-0.0237329042638777
"299","299",2329,2329,2331,0.0008587376556462
"300","300",2162,2151,1877,-0.131822386679001
"301","301",3523,3482,3523,0
"302","302",858,858,856,-0.00233100233100233
"303","303",3325,2832,2915,-0.123308270676692
"304","304",7584,7407,7370,-0.0282172995780591
"305","305",3953,3960,3969,0.00404755881608905
"306","306",3954,3848,3846,-0.0273141122913505
"307","307",1961,2117,1980,0.0096889342172361
"2965","2965",1961,2117,1980,0.0096889342172361
"308","308",1331,1319,1228,-0.0773854244928625
"10903","10903",1331,1319,1228,-0.0773854244928625
"309","309",2749,2648,2648,-0.0367406329574391
"310","310",8239,8277,8386,0.0178419711129991
"311","311",6538,6504,6503,-0.00535331905781585
"312","312",1971,1924,2505,0.270928462709285
"313","313",4190,4207,4211,0.00501193317422434
"314","314",4679,4678,4678,-0.000213720880530028
"11152","11152",4679,4678,4678,-0.000213720880530028
"315","315",4187,4056,4068,-0.0284213040363028
"316","316",3883,3883,3794,-0.0229204223538501
"317","317",5493,5493,5263,-0.0418714727835427
"318","318",1457,1457,1463,0.00411805078929307
"319","319",3592,3604,3660,0.0189309576837416
"320","320",2730,2729,2729,-0.000366300366300366
"321","321",8900,8900,8657,-0.0273033707865169
"322","322",4005,3986,3986,-0.00474406991260924
"323","323",918,918,920,0.00217864923747277
"324","324",3501,3519,3533,0.00914024564410169
"325","325",3353,3343,3476,0.0366835669549657
"326","326",3497,3497,3740,0.0694881326851587
"327","327",2099,2099,1758,-0.162458313482611
"328","328",9246,9181,9006,-0.0259571706683971
"329","329",1695,1715,1706,0.00648967551622419
"19736","19736",1695,1715,1706,0.00648967551622419
"330","330",6700,7124,6985,0.0425373134328358
"331","331",2319,2610,2132,-0.080638206123329
"332","332",4014,4014,4014,0
"333","333",1935,1929,1928,-0.00361757105943152
"334","334",5100,5120,5109,0.00176470588235294
"335","335",2487,2486,2486,-0.000402090872537193
"336","336",1802,1815,1789,-0.0072142064372919
"18076","18076",1802,1815,1789,-0.0072142064372919
"337","337",2545,2543,2543,-0.000785854616895874
"338","338",6697,7045,6615,-0.0122442884873824
"339","339",718,718,718,0
"340","340",2049,1404,1306,-0.362615910200098
"341","341",935,817,845,-0.0962566844919786
"342","342",1851,1852,1850,-0.000540248514316586
"343","343",3274,3156,3151,-0.0375687232742822
"344","344",2912,2912,2912,0
"345","345",1727,1727,1760,0.0191082802547771
"346","346",824,824,824,0
"347","347",1956,1657,1595,-0.184560327198364
"348","348",3366,2938,2938,-0.127153891859774
"349","349",2065,2035,2035,-0.0145278450363196
"350","350",2122,2107,2082,-0.0188501413760603
"351","351",2823,2824,2711,-0.0396741055614594
"352","352",8323,8408,8411,0.0105731106572149
"353","353",3653,3793,3657,0.00109499041883384
"354","354",1664,1664,1665,0.000600961538461538
"355","355",3018,3018,3006,-0.00397614314115308
"356","356",1854,1857,1812,-0.0226537216828479
"357","357",4671,4671,4670,-0.000214086919289231
"358","358",1539,1539,1466,-0.0474333983105913
"359","359",2515,2515,2515,0
"360","360",2726,2684,2736,0.00366837857666911
"361","361",5972,5985,6055,0.0138981915606162
"362","362",5203,5206,5647,0.085335383432635
"363","363",1448,1441,1232,-0.149171270718232
"364","364",2297,2296,2770,0.205920766216805
"365","365",2424,2424,2424,0
"366","366",2678,2680,2290,-0.144884241971621
"14608","14608",2678,2680,2290,-0.144884241971621
"367","367",3577,3563,3702,0.0349454850433324
"368","368",2221,2220,2468,0.111211166141378
"369","369",6527,6525,6498,-0.00444308258005209
"370","370",8615,8612,8666,0.00591990713871155
"371","371",991,991,991,0
"372","372",6425,6411,6119,-0.0476264591439689
"373","373",2446,2446,2516,0.0286181520850368
"374","374",1219,1451,1219,0
"375","375",2375,2375,2222,-0.0644210526315789
"376","376",6802,6803,6795,-0.00102910908556307
"377","377",1414,1414,1414,0
"378","378",2005,2002,2009,0.00199501246882793
"379","379",4802,4801,4860,0.0120783007080383
"380","380",2114,2200,2345,0.109271523178808
"381","381",4230,3879,3876,-0.0836879432624113
"382","382",4499,4498,4497,-0.000444543231829295
"383","383",3323,3311,3315,-0.00240746313572073
"384","384",3948,3961,3958,0.00253292806484296
"385","385",3824,3116,3187,-0.16657949790795
"386","386",2369,2355,2278,-0.0384128324187421
"387","387",3483,3483,3096,-0.111111111111111
"388","388",3621,3540,3516,-0.0289975144987572
"389","389",2521,2171,2006,-0.204284014280048
"390","390",1915,1915,2056,0.0736292428198433
"391","391",1634,1634,1707,0.0446756425948592
"392","392",2862,2907,2693,-0.0590496156533892
"393","393",1242,1373,1373,0.105475040257649
"394","394",5143,5144,5073,-0.0136107330351935
"395","395",2607,2607,2585,-0.00843881856540084
"396","396",3132,3223,3093,-0.0124521072796935
"397","397",3304,3035,3037,-0.0808111380145278
"398","398",4214,4422,4251,0.00878025628856194
"399","399",1798,1798,1798,0
"400","400",3133,3133,3182,0.015639961698053
"401","401",1094,1148,1366,0.248628884826325
"402","402",1050,1050,1050,0
"403","403",1421,1421,1418,-0.00211118930330753
"404","404",4891,4887,4884,-0.00143120016356573
"405","405",2690,2693,2696,0.00223048327137546
"406","406",2891,2891,2991,0.0345901072293324
"407","407",2653,2806,2654,0.000376931775348662
"12836","12836",2653,2806,2654,0.000376931775348662
"408","408",7046,7046,7250,0.0289525972182799
"409","409",1761,1761,1761,0
"410","410",1571,1571,1571,0
"411","411",3812,3782,3794,-0.00472193074501574
"412","412",2429,2429,2429,0
"413","413",1760,1780,1886,0.0715909090909091
"7083","7083",1760,1780,1886,0.0715909090909091
"414","414",2779,2755,2655,-0.0446203670385031
"415","415",2087,2142,2089,0.00095831336847149
"416","416",1675,1681,1681,0.00358208955223881
"417","417",2712,2489,2769,0.0210176991150442
"418","418",2763,3035,3042,0.100977198697068
"419","419",5046,4898,4898,-0.0293301625049544
"420","420",2091,2282,1924,-0.0798660927785748
"421","421",1861,1568,1571,-0.15583019881784
"422","422",4636,4636,4748,0.0241587575496117
"423","423",4170,3795,4147,-0.00551558752997602
"424","424",2126,2126,2146,0.00940733772342427
"425","425",3135,2973,2832,-0.0966507177033493
"426","426",3476,3475,3448,-0.00805523590333717
"427","427",3073,3073,3073,0
"428","428",5379,5372,5391,0.00223089793641941
"429","429",1515,1515,1515,0
"430","430",3874,3870,3371,-0.129839958699019
"431","431",3736,3734,3734,-0.000535331905781585
"432","432",1954,1991,1992,0.0194472876151484
"433","433",1515,1515,1604,0.0587458745874587
"434","434",4172,4169,3885,-0.0687919463087248
"435","435",5111,5111,5034,-0.0150655449031501
"436","436",8562,8572,8564,0.000233590282644242
"437","437",5513,5368,5314,-0.0360964991837475
"438","438",14096,14136,13953,-0.0101447219069239
"439","439",3656,3697,3737,0.0221553610503282
"440","440",1998,1998,1998,0
"441","441",3706,3798,3799,0.0250944414463033
"442","442",1802,1802,1802,0
"443","443",6020,5915,5649,-0.0616279069767442
"444","444",2512,2512,2472,-0.0159235668789809
"445","445",5635,5630,5551,-0.0149068322981366
"446","446",6842,6864,6953,0.0162233265127156
"447","447",3627,3459,3373,-0.0700303280948442
"448","448",3057,3113,3067,0.00327118089630357
"2265","2265",3057,3113,3067,0.00327118089630357
"449","449",1415,1415,1415,0
"450","450",1324,1324,1212,-0.0845921450151057
"451","451",1769,1753,1705,-0.0361786319954777
"452","452",3057,3056,2993,-0.0209355577363428
"453","453",2302,2287,2287,-0.00651607298001738
"454","454",2492,2485,2458,-0.0136436597110754
"455","455",1674,1572,1643,-0.0185185185185185
"456","456",1762,1762,1845,0.047105561861521
"457","457",796,796,796,0
"458","458",2457,2497,2497,0.0162800162800163
"8552","8552",2457,2497,2497,0.0162800162800163
"459","459",3893,3889,3853,-0.0102748522989982
"460","460",6793,6802,6765,-0.00412189018106875
"461","461",2228,2228,2016,-0.0951526032315978
"462","462",3828,3828,3828,0
"463","463",4729,4847,4808,0.0167054345527596
"464","464",9656,9965,9797,0.0146023198011599
"465","465",2146,2154,2155,0.00419384902143523
"466","466",1818,1866,1907,0.048954895489549
"467","467",4592,4595,4622,0.00653310104529617
"468","468",2095,2182,2185,0.0429594272076372
"469","469",3247,3245,3245,-0.000615953187557746
"470","470",2209,2210,2206,-0.00135808057944771
"471","471",1142,1139,1639,0.435201401050788
"472","472",3018,3052,3091,0.0241882041086812
"473","473",1672,1671,2150,0.285885167464115
"474","474",4203,4203,4003,-0.0475850582916964
"475","475",1092,1092,1126,0.0311355311355311
"15862","15862",1092,1092,1126,0.0311355311355311
"476","476",1134,1134,1134,0
"477","477",1567,1527,1472,-0.0606253988513082
"478","478",1362,1363,1364,0.00146842878120411
"19090","19090",1362,1363,1364,0.00146842878120411
"479","479",2741,2741,2879,0.0503465888361912
"480","480",3957,3925,3937,-0.00505433409148345
"481","481",2093,2104,2063,-0.0143334925943622
"482","482",2554,2537,2702,0.0579483163664839
"483","483",4843,4559,4536,-0.0633904604583936
"484","484",5792,5767,5613,-0.0309046961325967
"485","485",3905,3905,4422,0.132394366197183
"486","486",1251,1223,1241,-0.00799360511590727
"487","487",1786,1876,1905,0.0666293393057111
"488","488",1391,1391,1392,0.000718907260963336
"7028","7028",1391,1391,1392,0.000718907260963336
"11763","11763",1391,1391,1392,0.000718907260963336
"489","489",1539,1533,1481,-0.0376868096166342
"490","490",3670,3618,3598,-0.0196185286103542
"491","491",4822,4752,4588,-0.0485275819162173
"492","492",1164,1164,1164,0
"493","493",1716,1843,1720,0.00233100233100233
"3746","3746",1716,1843,1720,0.00233100233100233
"494","494",1926,2536,1916,-0.00519210799584631
"496","496",8057,7945,8106,0.00608166811468288
"497","497",948,948,955,0.00738396624472574
"498","498",1126,1126,1126,0
"499","499",8804,8696,8794,-0.00113584734211722
"500","500",4406,4368,4367,-0.0088515660463005
"501","501",1202,1167,1167,-0.0291181364392679
"502","502",3679,3342,3304,-0.101929872247893
"503","503",1596,1596,1597,0.0006265664160401
"504","504",1827,1827,1827,0
"505","505",828,822,822,-0.0072463768115942
"506","506",2168,2095,2092,-0.0350553505535055
"507","507",2822,2823,2935,0.0400425230333097
"508","508",2703,2700,2700,-0.00110987791342952
"509","509",4980,5059,5116,0.0273092369477912
"510","510",2501,2500,2451,-0.0199920031987205
"511","511",3373,3373,3376,0.000889415950192707
"512","512",3990,3949,3729,-0.0654135338345865
"513","513",2732,2732,2690,-0.0153733528550512
"514","514",1378,1378,1374,-0.00290275761973875
"515","515",9764,8561,8544,-0.124948791478902
"516","516",2035,1888,1883,-0.0746928746928747
"517","517",9223,9222,9222,-0.00010842459069717
"518","518",2738,2739,2738,0
"519","519",2521,2508,2427,-0.0372867909559699
"520","520",1262,1259,1287,0.0198098256735341
"521","521",3797,3710,3584,-0.0560969186199631
"522","522",1727,1658,1773,0.026635784597568
"523","523",2676,2657,2773,0.0362481315396114
"524","524",4092,3353,3547,-0.133186705767351
"525","525",5071,5225,5076,0.00098599881680142
"526","526",2565,2565,2652,0.0339181286549708
"527","527",864,864,863,-0.00115740740740741
"528","528",3733,3675,4326,0.158853469059737
"529","529",1033,1033,1033,0
"530","530",3528,3528,3531,0.000850340136054422
"531","531",3454,3500,3513,0.0170816444701795
"532","532",2600,2492,2465,-0.0519230769230769
"533","533",2783,2783,2758,-0.00898311174991017
"534","534",1386,1385,1323,-0.0454545454545455
"535","535",2781,2732,2903,0.0438691118302769
"536","536",3497,3497,3497,0
"537","537",3704,3703,3666,-0.0102591792656587
"538","538",1449,1449,1372,-0.0531400966183575
"539","539",1153,1225,1325,0.149176062445794
"540","540",1386,1616,1616,0.165945165945166
"541","541",8088,7441,7459,-0.0777695351137488
"542","542",2470,2490,2350,-0.048582995951417
"543","543",1498,1497,1497,-0.000667556742323097
"544","544",878,881,881,0.00341685649202733
"545","545",5192,5197,5197,0.000963020030816641
"546","546",4563,4567,4762,0.0436116589962744
"547","547",1973,1972,1972,-0.000506842372022301
"548","548",2925,2835,2846,-0.027008547008547
"549","549",4365,4414,4410,0.0103092783505155
"550","550",3880,3883,2127,-0.45180412371134
"551","551",6733,6708,6870,0.0203475419575226
"552","552",831,831,831,0
"553","553",1773,1773,1786,0.00733220530174845
"554","554",1029,1029,970,-0.0573372206025267
"555","555",2780,2791,2791,0.0039568345323741
"556","556",4724,4618,4594,-0.0275190516511431
"557","557",1529,1606,1606,0.0503597122302158
"558","558",2046,2079,2079,0.0161290322580645
"559","559",1591,1294,1744,0.0961659333752357
"560","560",1830,1829,1829,-0.000546448087431694
"561","561",3423,3412,3415,-0.002337131171487
"562","562",3876,3891,3893,0.0043859649122807
"563","563",3236,3238,3238,0.000618046971569839
"564","564",2097,2097,2096,-0.000476871721506915
"565","565",3155,3141,3140,-0.00475435816164818
"566","566",2680,2680,2681,0.000373134328358209
"567","567",1648,1643,1609,-0.0236650485436893
"568","568",1760,1760,1761,0.000568181818181818
"569","569",2242,2242,2246,0.00178412132024978
"570","570",4590,4594,4587,-0.00065359477124183
"571","571",972,973,974,0.00205761316872428
"572","572",7226,7262,7159,-0.00927207306947135
"573","573",2849,2848,2909,0.0210600210600211
"574","574",2012,2018,1811,-0.0999005964214712
"575","575",3122,3038,3042,-0.025624599615631
"576","576",2282,2279,2257,-0.0109553023663453
"577","577",1052,1052,1057,0.00475285171102662
"578","578",3311,3287,3287,-0.00724856538810027
"579","579",3018,3064,3310,0.096752816434725
"580","580",977,977,978,0.00102354145342886
"581","581",3410,3397,3474,0.0187683284457478
"582","582",2338,2821,2140,-0.0846877673224979
"583","583",1857,1857,1857,0
"584","584",5461,5461,5182,-0.0510895440395532
"585","585",1520,1520,1520,0
"586","586",1177,1177,1266,0.0756159728122345
"3768","3768",1177,1177,1266,0.0756159728122345
"14409","14409",1177,1177,1266,0.0756159728122345
"587","587",2650,2650,2620,-0.0113207547169811
"588","588",2300,2332,2326,0.011304347826087
"589","589",1258,1001,973,-0.226550079491256
"590","590",3781,3778,3837,0.0148108965882042
"591","591",6655,6676,6416,-0.0359128474830954
"592","592",1594,1679,1529,-0.0407779171894605
"593","593",4217,4182,4182,-0.00829973915105525
"594","594",3269,3276,3590,0.0981951667176507
"595","595",1174,1174,1176,0.00170357751277683
"596","596",1697,1688,1687,-0.00589275191514437
"597","597",3290,3141,3065,-0.0683890577507599
"598","598",3475,3442,3533,0.0166906474820144
"599","599",4116,4143,4248,0.032069970845481
"600","600",8651,8654,8685,0.00393018148190961
"601","601",988,988,873,-0.116396761133603
"603","603",3602,3585,3610,0.00222098833981122
"604","604",3429,3484,3608,0.0522018081073199
"605","605",2019,2017,2001,-0.00891530460624071
"606","606",4438,4342,4590,0.0342496620099144
"607","607",2858,2858,2858,0
"608","608",2755,2755,2761,0.00217785843920145
"609","609",5031,5099,5099,0.0135161995627112
"610","610",5557,5261,5330,-0.040849379161418
"611","611",2868,2841,2962,0.0327754532775453
"612","612",850,837,883,0.0388235294117647
"613","613",1724,1762,1803,0.0458236658932715
"614","614",6501,6479,6531,0.00461467466543609
"615","615",2223,2226,2226,0.00134952766531714
"616","616",7680,7718,7516,-0.0213541666666667
"617","617",1366,1365,1361,-0.00366032210834553
"618","618",6059,6080,5898,-0.0265720415910216
"619","619",2821,2821,2752,-0.0244594115561858
"620","620",1665,1667,1629,-0.0216216216216216
"621","621",5563,5659,5662,0.0177961531547726
"622","622",1423,1403,1288,-0.0948699929725931
"623","623",1790,1790,1819,0.0162011173184358
"624","624",1363,1192,1335,-0.020542920029347
"625","625",3444,3448,3433,-0.00319396051103368
"626","626",2098,2094,2164,0.0314585319351764
"627","627",1294,1292,1292,-0.00154559505409583
"4536","4536",1294,1292,1292,-0.00154559505409583
"11537","11537",1294,1292,1292,-0.00154559505409583
"628","628",2972,2972,2987,0.00504710632570659
"629","629",6212,6186,6097,-0.0185125563425628
"630","630",2581,2581,2610,0.0112359550561798
"631","631",1662,1662,1861,0.119735258724428
"632","632",10832,10716,11202,0.0341580502215657
"633","633",2302,1981,1776,-0.228496959165943
"634","634",2440,2689,2319,-0.0495901639344262
"635","635",2286,2196,2069,-0.094925634295713
"16636","16636",2286,2196,2069,-0.094925634295713
"636","636",11413,11468,11137,-0.0241829492683782
"637","637",1278,1279,1279,0.000782472613458529
"638","638",3731,3996,3985,0.0680782632002144
"639","639",4476,4505,4411,-0.0145218945487042
"640","640",3040,3113,2322,-0.236184210526316
"641","641",2500,2564,2642,0.0568
"642","642",1651,1651,1705,0.0327074500302847
"643","643",3287,3287,3198,-0.0270763614237907
"644","644",5483,5485,5517,0.00620098486230166
"645","645",4027,4027,4028,0.000248323814253787
"646","646",2366,2366,2400,0.0143702451394759
"647","647",8361,8343,8325,-0.00430570505920344
"648","648",1870,1783,1718,-0.081283422459893
"649","649",3820,3755,3768,-0.0136125654450262
"650","650",4586,4596,4606,0.00436109899694723
"651","651",8022,8018,8096,0.00922463226128148
"652","652",1803,1803,1747,-0.0310593455352191
"653","653",5701,5750,5755,0.00947202245220137
"654","654",2353,2742,2300,-0.0225244368890778
"655","655",6439,6406,6441,0.000310607237148626
"656","656",2328,2421,2218,-0.0472508591065292
"657","657",1701,1701,1719,0.0105820105820106
"3311","3311",1701,1701,1719,0.0105820105820106
"658","658",4880,4883,5005,0.0256147540983607
"659","659",1167,1167,1170,0.0025706940874036
"660","660",2512,2512,2506,-0.00238853503184713
"661","661",9993,10148,9717,-0.0276193335334734
"662","662",4587,4752,4576,-0.00239808153477218
"663","663",4625,3838,3810,-0.176216216216216
"664","664",1311,1350,1350,0.0297482837528604
"665","665",7274,7292,7470,0.0269452845751993
"666","666",1603,1369,1333,-0.168434185901435
"667","667",1355,1355,1390,0.025830258302583
"668","668",5506,6574,5694,0.0341445695604795
"669","669",3651,3859,3822,0.0468364831552999
"670","670",5596,5596,5596,0
"671","671",3162,3576,3279,0.0370018975332068
"672","672",1529,1529,1529,0
"673","673",4025,4024,3888,-0.0340372670807453
"674","674",2553,2264,2005,-0.214649432040736
"675","675",3265,2798,2841,-0.129862174578867
"676","676",4373,4391,4252,-0.0276697919048708
"677","677",1951,1950,1950,-0.000512557662737058
"678","678",4521,4408,4416,-0.0232249502322495
"679","679",1618,1611,1611,-0.00432632880098887
"680","680",6344,6093,6286,-0.00914249684741488
"681","681",1458,1458,1452,-0.00411522633744856
"682","682",8086,7650,7799,-0.0354934454612911
"683","683",3386,3386,3346,-0.0118133490844654
"684","684",1865,1841,1787,-0.0418230563002681
"685","685",1943,1914,1912,-0.0159547092125579
"686","686",2459,2459,2510,0.0207401382675884
"687","687",4032,4074,4020,-0.00297619047619048
"688","688",1152,1152,1147,-0.00434027777777778
"689","689",3574,3574,3804,0.0643536653609401
"690","690",2984,2987,2987,0.00100536193029491
"691","691",2644,2640,2628,-0.00605143721633888
"692","692",3220,3220,3222,0.00062111801242236
"693","693",4158,4167,4108,-0.012025012025012
"694","694",2264,2629,2689,0.187720848056537
"695","695",2055,2067,2066,0.00535279805352798
"696","696",4669,4750,4668,-0.000214178624973228
"697","697",3698,3697,3697,-0.000270416441319632
"698","698",4567,4619,4508,-0.0129187650536457
"699","699",3068,3069,3066,-0.000651890482398957
"700","700",1405,1405,1231,-0.123843416370107
"701","701",3317,3310,3229,-0.0265299969852276
"702","702",2590,2585,2498,-0.0355212355212355
"9630","9630",2590,2585,2498,-0.0355212355212355
"703","703",1061,1060,1379,0.299717247879359
"704","704",2000,2002,2002,0.001
"705","705",7955,7941,7938,-0.0021370207416719
"706","706",2595,3025,2677,0.0315992292870906
"707","707",9595,9268,9173,-0.0439812402292861
"708","708",2209,2209,2209,0
"709","709",3493,3285,3269,-0.064128256513026
"710","710",1444,1444,1444,0
"711","711",1408,1408,2081,0.477982954545455
"712","712",2620,2578,2579,-0.0156488549618321
"713","713",1137,1138,1138,0.000879507475813544
"714","714",5299,5317,5317,0.00339686733345914
"715","715",1989,1989,1949,-0.0201106083459025
"716","716",2013,2014,2014,0.000496770988574267
"717","717",4874,4570,4572,-0.0619614279852277
"718","718",1329,1329,1329,0
"719","719",2714,2715,2715,0.000368459837877671
"720","720",1672,1718,1689,0.0101674641148325
"721","721",1634,1638,1638,0.00244798041615667
"722","722",2376,2376,2325,-0.0214646464646465
"724","724",4029,4253,3919,-0.0273020600645321
"725","725",1575,1575,1507,-0.0431746031746032
"726","726",5487,5362,5440,-0.0085657007472207
"727","727",2256,2226,2201,-0.0243794326241135
"18206","18206",2256,2226,2201,-0.0243794326241135
"728","728",1218,1411,1217,-0.000821018062397373
"729","729",3669,3668,3668,-0.000272553829381303
"730","730",2941,2799,2500,-0.149948996939816
"731","731",1048,1048,1048,0
"732","732",3015,3008,2961,-0.017910447761194
"733","733",3231,3087,3100,-0.0405447229959765
"734","734",2321,2325,2472,0.0650581645842309
"735","735",4301,4227,4205,-0.0223203906068356
"736","736",1657,1720,1749,0.0555220277610139
"737","737",2599,2599,2408,-0.073489803770681
"738","738",817,658,659,-0.193390452876377
"739","739",1890,1893,2073,0.0968253968253968
"740","740",5067,4951,4820,-0.0487467929741464
"741","741",1898,1898,1898,0
"742","742",8037,8029,7801,-0.0293641906183899
"743","743",8569,8545,8631,0.00723538335861828
"744","744",2504,2535,2559,0.0219648562300319
"745","745",2364,2364,2336,-0.011844331641286
"746","746",3659,3633,3693,0.00929215632686526
"747","747",2030,2089,2027,-0.00147783251231527
"748","748",1967,1967,1963,-0.00203355363497712
"749","749",8446,8437,7995,-0.0533980582524272
"750","750",4067,3934,3661,-0.0998278829604131
"751","751",2928,2815,2620,-0.105191256830601
"752","752",6281,6356,6382,0.0160802419996816
"753","753",3638,3638,3638,0
"754","754",1899,1899,1904,0.00263296471827278
"755","755",4367,4370,4431,0.0146553698190978
"756","756",1673,1763,1798,0.0747160789001793
"757","757",3446,3446,3390,-0.016250725478816
"758","758",2280,1669,1607,-0.295175438596491
"759","759",2156,2156,2561,0.187847866419295
"19763","19763",2156,2156,2561,0.187847866419295
"760","760",1332,1331,1336,0.003003003003003
"761","761",4970,5083,5361,0.078672032193159
"762","762",4705,4655,4674,-0.00658873538788523
"763","763",3721,3720,3723,0.000537489922063961
"764","764",2651,2655,2519,-0.0497925311203319
"11983","11983",2651,2655,2519,-0.0497925311203319
"765","765",2148,2079,2087,-0.0283985102420857
"766","766",5448,5450,5416,-0.00587371512481645
"767","767",3083,3026,3089,0.00194615634122608
"768","768",1660,1549,1775,0.0692771084337349
"769","769",1779,1779,1663,-0.0652051714446318
"770","770",3683,3683,3683,0
"771","771",7143,7173,7245,0.0142797144057119
"772","772",1193,1193,1193,0
"773","773",4167,4164,4143,-0.00575953923686105
"774","774",1852,1874,1818,-0.0183585313174946
"775","775",1660,1792,1700,0.0240963855421687
"776","776",6515,6519,6574,0.00905602455871067
"777","777",2436,2435,2435,-0.000410509031198686
"778","778",687,875,875,0.273653566229985
"14110","14110",687,875,875,0.273653566229985
"779","779",2267,2267,2268,0.000441111601235112
"780","780",3707,3764,3996,0.0779606150526032
"781","781",3711,3748,3593,-0.0317973592023713
"782","782",2441,2211,2111,-0.135190495698484
"783","783",4882,4885,4875,-0.0014338385907415
"784","784",3275,3273,3272,-0.000916030534351145
"785","785",3677,3632,3632,-0.0122382376937721
"786","786",4196,4253,4257,0.0145376549094376
"787","787",1931,1931,1949,0.00932159502848265
"5074","5074",1931,1931,1949,0.00932159502848265
"788","788",1719,1572,1581,-0.0802792321116928
"789","789",2385,2273,2359,-0.0109014675052411
"790","790",5728,5885,5765,0.00645949720670391
"791","791",2978,2893,2898,-0.0268636668905306
"792","792",3940,3933,3940,0
"793","793",2219,2219,2223,0.00180261378999549
"794","794",2985,2984,2926,-0.0197654941373534
"795","795",3977,4046,3758,-0.0550666331405582
"796","796",1632,1635,1619,-0.0079656862745098
"16683","16683",1632,1635,1619,-0.0079656862745098
"798","798",8115,8297,8551,0.0537276648182378
"799","799",1512,1512,1512,0
"800","800",5105,5113,5043,-0.0121449559255632
"801","801",1740,1806,1622,-0.067816091954023
"802","802",5573,5567,5648,0.0134577426879598
"803","803",3349,3356,3321,-0.00836070468796656
"804","804",3051,3104,3104,0.0173713536545395
"805","805",2612,2609,2621,0.00344563552833078
"806","806",3613,3613,3614,0.000276778300581234
"807","807",4847,4847,4862,0.0030946977511863
"808","808",3423,3423,3420,-0.000876424189307625
"809","809",3695,3709,3518,-0.0479025710419486
"810","810",1336,1336,1409,0.0546407185628743
"811","811",5074,4649,4664,-0.0808040993299172
"812","812",3988,3876,3878,-0.0275827482447342
"813","813",1279,1264,1297,0.0140734949179046
"814","814",936,972,981,0.0480769230769231
"815","815",4420,4418,4429,0.00203619909502262
"816","816",2431,2431,2433,0.000822706705059646
"817","817",2089,2082,2084,-0.00239348970799426
"818","818",2109,2288,2146,0.0175438596491228
"819","819",1280,1275,1104,-0.1375
"820","820",2761,2761,2871,0.0398406374501992
"821","821",4116,4116,3970,-0.0354713313896987
"822","822",5419,5357,5419,0
"823","823",7065,6993,6913,-0.021514508138712
"824","824",1499,1499,1310,-0.126084056037358
"825","825",1563,1501,1502,-0.0390275111964171
"13665","13665",1563,1501,1502,-0.0390275111964171
"826","826",1781,1781,1042,-0.41493542953397
"827","827",5212,5207,5466,0.0487336914811972
"828","828",5540,5398,5098,-0.079783393501805
"829","829",2346,1785,2058,-0.122762148337596
"830","830",1472,1471,1472,0
"831","831",3567,3571,3618,0.0142977291841884
"832","832",1828,1828,1519,-0.169037199124726
"833","833",1510,1509,1444,-0.0437086092715232
"834","834",2932,2927,2973,0.0139836289222374
"945","945",2932,2927,2973,0.0139836289222374
"8893","8893",2932,2927,2973,0.0139836289222374
"835","835",3158,2859,2711,-0.141545281823939
"836","836",3421,3421,3379,-0.0122771119555685
"837","837",2248,2140,2140,-0.0480427046263345
"839","839",1278,1278,1242,-0.028169014084507
"840","840",2387,2513,2512,0.0523669878508588
"15070","15070",2387,2513,2512,0.0523669878508588
"841","841",5805,5862,5660,-0.024978466838932
"842","842",1461,1461,1461,0
"843","843",1446,1446,1443,-0.0020746887966805
"844","844",1832,1832,1831,-0.000545851528384279
"845","845",2365,2367,2367,0.000845665961945032
"846","846",1557,1557,1543,-0.00899165061014772
"847","847",13872,13929,13730,-0.0102364475201845
"848","848",2983,3028,2877,-0.0355346966141468
"849","849",1617,1617,1617,0
"9851","9851",1617,1617,1617,0
"850","850",3463,3492,3486,0.00664164019636154
"851","851",8795,8473,8195,-0.0682205798749289
"852","852",2800,2788,2791,-0.00321428571428571
"853","853",6030,6027,6079,0.00812603648424544
"854","854",6338,6345,6685,0.0547491322183654
"855","855",1515,1478,1478,-0.0244224422442244
"856","856",7549,7437,7392,-0.0207974566167704
"857","857",7974,7928,7825,-0.0186857286180085
"858","858",2021,2142,2148,0.0628401781296388
"859","859",4897,4899,4899,0.000408413314274045
"860","860",1288,1288,1371,0.0644409937888199
"861","861",5247,4100,3995,-0.238612540499333
"862","862",1756,1756,1756,0
"863","863",1508,1507,1506,-0.0013262599469496
"864","864",2290,2289,2330,0.0174672489082969
"865","865",9621,9590,9241,-0.0394969337906663
"866","866",3691,3656,3656,-0.00948252506095909
"868","868",1235,1235,1207,-0.0226720647773279
"10967","10967",1235,1235,1207,-0.0226720647773279
"869","869",2403,2403,2405,0.000832292967124428
"870","870",3942,3942,3876,-0.0167427701674277
"871","871",8230,8022,8048,-0.0221142162818955
"872","872",2376,2388,2392,0.00673400673400673
"873","873",1376,1376,1763,0.28125
"874","874",1348,1348,1348,0
"875","875",7787,7946,7791,0.000513676640554771
"876","876",3650,3640,3592,-0.0158904109589041
"877","877",1723,1833,1827,0.0603598374927452
"878","878",2156,2156,2145,-0.00510204081632653
"879","879",1589,1589,1589,0
"880","880",5005,5005,4953,-0.0103896103896104
"881","881",2904,2904,2998,0.0323691460055096
"882","882",2037,2033,1951,-0.0422189494354443
"883","883",2275,2293,2276,0.00043956043956044
"884","884",2126,2210,2121,-0.00235183443085607
"885","885",5815,5800,5700,-0.0197764402407567
"886","886",2002,2002,2006,0.001998001998002
"887","887",2543,2543,2584,0.0161226897365317
"888","888",3233,3235,3177,-0.0173213733374575
"889","889",3752,3760,3740,-0.00319829424307036
"890","890",3133,3133,3148,0.004787743376955
"891","891",1458,1458,1578,0.0823045267489712
"17649","17649",1458,1458,1578,0.0823045267489712
"892","892",1927,1930,1930,0.00155682407887909
"3871","3871",1927,1930,1930,0.00155682407887909
"893","893",2627,2623,2627,0
"894","894",3772,3820,3539,-0.0617709437963945
"895","895",728,776,776,0.0659340659340659
"896","896",2652,2653,2679,0.0101809954751131
"6261","6261",2652,2653,2679,0.0101809954751131
"897","897",3351,3443,3512,0.048045359594151
"898","898",2215,2215,2258,0.0194130925507901
"899","899",1995,1995,1947,-0.0240601503759399
"900","900",1028,1028,1091,0.061284046692607
"901","901",4599,4956,4958,0.0780604479234616
"902","902",1381,1381,1319,-0.0448950036205648
"13174","13174",1381,1381,1319,-0.0448950036205648
"903","903",1394,1394,1388,-0.00430416068866571
"904","904",5707,5679,5735,0.00490625547573156
"905","905",1707,1707,1733,0.0152314001171646
"8789","8789",1707,1707,1733,0.0152314001171646
"906","906",5794,5970,5883,0.0153607179841215
"907","907",2031,2031,2336,0.150172328902019
"908","908",3263,3260,3104,-0.0487281642660129
"909","909",1490,1490,1490,0
"910","910",5305,5215,5216,-0.0167766258246937
"911","911",3198,3404,3396,0.0619136960600375
"912","912",1060,796,794,-0.250943396226415
"11986","11986",1060,796,794,-0.250943396226415
"913","913",1577,1577,1577,0
"7919","7919",1577,1577,1577,0
"914","914",3645,3645,3645,0
"915","915",3758,3758,3609,-0.0396487493347525
"916","916",6196,6166,6167,-0.00468043899289864
"917","917",3652,3651,3657,0.00136911281489595
"918","918",3029,2785,2943,-0.0283922086497194
"919","919",892,889,889,-0.00336322869955157
"920","920",4127,4127,4007,-0.0290768112430337
"921","921",3241,3241,3241,0
"922","922",2158,2184,2010,-0.0685820203892493
"923","923",1271,1271,1284,0.010228166797797
"924","924",3116,3116,3116,0
"925","925",5221,5229,5259,0.00727829917640299
"926","926",2905,2980,2942,0.012736660929432
"8563","8563",2905,2980,2942,0.012736660929432
"927","927",2627,2626,2560,-0.0255043776170537
"7579","7579",2627,2626,2560,-0.0255043776170537
"928","928",1172,1172,1293,0.103242320819113
"929","929",1437,1437,1473,0.0250521920668058
"930","930",2823,2782,2782,-0.0145235565001771
"931","931",1246,1246,1249,0.00240770465489567
"932","932",4877,4625,4699,-0.036497847037113
"933","933",3216,3337,3337,0.0376243781094527
"934","934",2839,2839,2725,-0.0401549841493484
"935","935",2362,2275,2277,-0.0359864521591871
"936","936",2980,2971,2883,-0.0325503355704698
"19823","19823",2980,2971,2883,-0.0325503355704698
"937","937",2404,2787,1983,-0.175124792013311
"938","938",5786,5753,5840,0.00933287245074317
"939","939",2145,2143,2112,-0.0153846153846154
"940","940",429,429,429,0
"941","941",2662,2592,2621,-0.0154019534184823
"942","942",5067,4937,4936,-0.0258535622656404
"943","943",1618,1774,1774,0.0964153275648949
"17791","17791",1618,1774,1774,0.0964153275648949
"944","944",2671,1692,1677,-0.372145263946088
"946","946",4987,4987,4985,-0.000401042711048727
"947","947",1415,1414,1457,0.0296819787985866
"948","948",1590,1590,1354,-0.148427672955975
"949","949",1364,1456,1449,0.062316715542522
"6979","6979",1364,1456,1449,0.062316715542522
"950","950",6530,6521,6462,-0.0104134762633997
"951","951",912,912,869,-0.0471491228070175
"3342","3342",912,912,869,-0.0471491228070175
"952","952",4609,4387,4396,-0.0462139292688219
"953","953",1961,1961,1854,-0.0545639979602244
"954","954",3210,3325,3620,0.127725856697819
"955","955",893,907,1144,0.281075027995521
"956","956",3800,3804,3852,0.0136842105263158
"957","957",2181,2181,2455,0.125630444750115
"958","958",4876,4876,4875,-0.000205086136177194
"959","959",1999,1855,1855,-0.0720360180090045
"960","960",2162,2162,2162,0
"961","961",2493,2493,2493,0
"962","962",2723,2697,2699,-0.00881380829966948
"963","963",2786,2786,2866,0.0287150035893754
"964","964",8797,8828,8885,0.0100034102534955
"965","965",2824,2824,2653,-0.0605524079320113
"966","966",2055,2055,1329,-0.353284671532847
"967","967",1482,1357,1397,-0.0573549257759784
"968","968",1870,1870,1872,0.00106951871657754
"969","969",2248,2248,1991,-0.11432384341637
"970","970",2243,2335,2321,0.0347748551047704
"971","971",3948,3043,3012,-0.237082066869301
"972","972",2437,2436,2423,-0.00574476815757078
"973","973",4359,4401,4096,-0.06033493920624
"974","974",4422,4878,4488,0.0149253731343284
"975","975",2516,2517,2501,-0.00596184419713832
"976","976",3615,3619,3530,-0.0235131396957123
"977","977",1356,1356,1331,-0.0184365781710914
"978","978",1547,1704,1541,-0.00387847446670976
"6761","6761",1547,1704,1541,-0.00387847446670976
"979","979",6462,6463,6311,-0.0233673785205819
"980","980",2786,2786,2672,-0.04091888011486
"981","981",4415,4388,4277,-0.0312570781426954
"982","982",8697,8741,8610,-0.0100034494653329
"983","983",3781,3488,3783,0.000528960592435864
"984","984",1680,1678,1680,0
"985","985",2655,2655,2655,0
"986","986",3637,3647,3698,0.0167720648886445
"987","987",4706,4678,4976,0.0573735656608585
"8960","8960",4706,4678,4976,0.0573735656608585
"988","988",3918,3918,3867,-0.0130168453292496
"989","989",5776,5438,5301,-0.0822368421052632
"990","990",2161,2157,2157,-0.001850994909764
"991","991",2319,2441,2437,0.0508840017248814
"992","992",4319,3600,3603,-0.165779115536004
"993","993",2311,2314,2325,0.00605798355690177
"994","994",2680,2678,2763,0.0309701492537313
"995","995",9022,9236,8871,-0.0167368654400355
"996","996",1676,1175,1133,-0.323985680190931
"8929","8929",1676,1175,1133,-0.323985680190931
"997","997",1515,1515,1552,0.0244224422442244
"998","998",1195,1195,1188,-0.00585774058577406
"999","999",2647,2648,2682,0.0132225160559124
"1000","1000",1388,1388,1388,0
"1001","1001",2507,2507,2464,-0.0171519744714799
"1002","1002",4813,4897,4921,0.022439227093289
"1003","1003",3712,3722,3720,0.0021551724137931
"1004","1004",2354,2361,2316,-0.016142735768904
"1005","1005",3072,2834,2882,-0.0618489583333333
"5094","5094",3072,2834,2882,-0.0618489583333333
"1006","1006",2071,2071,2074,0.00144857556735876
"1007","1007",2094,2059,2103,0.00429799426934097
"1008","1008",11233,11134,11225,-0.000712187305261284
"1009","1009",1853,1696,1611,-0.130599028602267
"1010","1010",2395,2395,2501,0.044258872651357
"1011","1011",2137,2137,2140,0.00140383715489003
"1012","1012",1521,1680,2007,0.319526627218935
"4995","4995",1521,1680,2007,0.319526627218935
"1013","1013",2441,2456,2463,0.00901269971323228
"1014","1014",7127,7138,7137,0.00140311491511155
"1015","1015",1212,1046,1116,-0.0792079207920792
"1016","1016",1105,1105,1105,0
"1017","1017",1070,1070,1070,0
"1018","1018",2354,1735,1699,-0.278249787595582
"1019","1019",1225,1225,1133,-0.0751020408163265
"1020","1020",2477,2237,2187,-0.11707710940654
"1021","1021",1907,1868,1806,-0.0529627687467226
"1022","1022",1899,1899,1805,-0.0494997367035282
"1023","1023",2240,2240,2240,0
"1024","1024",1207,1207,1197,-0.00828500414250207
"1025","1025",3603,3409,3409,-0.0538440188731613
"1026","1026",1871,1839,1819,-0.0277926242650989
"1027","1027",3558,3548,3483,-0.021079258010118
"1028","1028",2735,2572,2588,-0.0537477148080439
"1029","1029",1307,1318,1343,0.0275439938791125
"1030","1030",8390,8287,8338,-0.00619785458879619
"1031","1031",3019,3019,2978,-0.0135806558463067
"1032","1032",1948,1948,1930,-0.00924024640657084
"1033","1033",4511,4511,4514,0.000665041010862337
"1034","1034",6067,6061,6046,-0.00346134827756717
"1035","1035",1705,1729,1738,0.0193548387096774
"1036","1036",930,930,930,0
"1037","1037",6151,6176,6176,0.00406437977564624
"1038","1038",2462,2666,2448,-0.00568643379366369
"1039","1039",7542,7553,7572,0.00397772474144789
"1040","1040",1503,1497,1497,-0.00399201596806387
"1041","1041",3534,3537,3621,0.0246179966044143
"1042","1042",2241,2241,2302,0.0272199910754128
"1043","1043",3658,3658,3694,0.00984144341170038
"1044","1044",3037,3037,3038,0.00032927230819888
"1045","1045",3768,3770,3793,0.00663481953290871
"1046","1046",1207,1155,1167,-0.0331400165700083
"1047","1047",541,541,513,-0.0517560073937153
"1048","1048",4181,4193,4232,0.0121980387467113
"1049","1049",2854,2854,2377,-0.167133847231955
"1050","1050",3131,3131,3131,0
"1051","1051",5438,5441,5313,-0.0229863920559029
"1052","1052",4642,4553,4565,-0.0165876777251185
"1053","1053",4271,4259,4285,0.00327792086162491
"1054","1054",865,865,852,-0.015028901734104
"1055","1055",2349,2352,2319,-0.0127713920817369
"1056","1056",4476,4476,4561,0.0189901697944593
"1057","1057",3454,3450,3466,0.00347423277359583
"1058","1058",3184,2907,3131,-0.0166457286432161
"1059","1059",1505,1474,1653,0.0983388704318937
"1060","1060",3036,3036,3014,-0.0072463768115942
"1061","1061",2562,2560,1975,-0.22911787665886
"13324","13324",2562,2560,1975,-0.22911787665886
"1062","1062",3306,3306,3395,0.0269207501512402
"1063","1063",3657,3651,3652,-0.00136724090784796
"1064","1064",7816,6663,6660,-0.147901740020471
"1065","1065",2415,2415,2416,0.00041407867494824
"1066","1066",2850,2850,2765,-0.0298245614035088
"1067","1067",4246,4246,4204,-0.00989166274140367
"1068","1068",2076,2076,2068,-0.00385356454720617
"1069","1069",8792,8792,8387,-0.0460646041856233
"1070","1070",1932,1896,1896,-0.0186335403726708
"1071","1071",889,892,1034,0.16310461192351
"1072","1072",1624,1548,1579,-0.0277093596059113
"1073","1073",1508,1508,1508,0
"1074","1074",2075,2046,2046,-0.0139759036144578
"1075","1075",3552,3552,3553,0.000281531531531532
"1076","1076",2512,2156,2156,-0.14171974522293
"6589","6589",2512,2156,2156,-0.14171974522293
"1077","1077",4655,4654,4708,0.0113856068743287
"1078","1078",4979,4979,4973,-0.00120506125728058
"1079","1079",6799,6922,6911,0.0164730107368731
"1080","1080",3026,3035,3039,0.00429610046265697
"1081","1081",2090,2148,2149,0.0282296650717703
"1082","1082",4107,4106,4187,0.0194789383978573
"1083","1083",2302,2291,2298,-0.00173761946133797
"13465","13465",2302,2291,2298,-0.00173761946133797
"1084","1084",2067,2067,2063,-0.0019351717464925
"1085","1085",2273,2115,2119,-0.0677518697756269
"1086","1086",5829,5831,5862,0.00566134843026248
"1087","1087",3250,3117,3000,-0.0769230769230769
"1088","1088",4709,4709,4726,0.0036101083032491
"1089","1089",2163,2206,2234,0.0328247803975959
"1090","1090",1843,1843,1545,-0.161692892023874
"1091","1091",912,912,1007,0.104166666666667
"1092","1092",6744,7093,6782,0.00563463819691578
"1093","1093",1340,1340,1462,0.091044776119403
"1094","1094",1586,1482,1478,-0.0680958385876419
"1095","1095",6011,5535,5791,-0.0365995674596573
"1096","1096",2967,2967,2967,0
"1097","1097",1988,1988,1979,-0.0045271629778672
"1098","1098",4748,4732,4451,-0.0625526537489469
"1099","1099",2247,2247,2164,-0.0369381397418781
"1100","1100",4853,4981,4686,-0.0344117041005564
"1101","1101",3380,3373,3373,-0.00207100591715976
"1102","1102",2858,2858,2722,-0.0475857242827152
"1103","1103",2884,2888,3248,0.12621359223301
"19703","19703",2884,2888,3248,0.12621359223301
"1104","1104",9070,9066,9010,-0.00661521499448732
"1105","1105",2411,2411,2219,-0.0796350062214849
"1106","1106",1524,1524,1520,-0.0026246719160105
"1107","1107",874,874,875,0.0011441647597254
"1108","1108",3938,3941,3951,0.00330116810563738
"1109","1109",5174,5174,5281,0.0206803247004252
"1110","1110",2450,2451,2450,0
"1111","1111",3725,3725,3725,0
"1112","1112",2727,2739,2707,-0.00733406674000733
"1113","1113",2569,2186,2609,0.0155702608018684
"1114","1114",5825,5692,5610,-0.0369098712446352
"1115","1115",2998,2780,2820,-0.0593729152768512
"1116","1116",696,696,696,0
"1117","1117",1510,1519,1370,-0.0927152317880795
"1118","1118",3624,2923,2963,-0.182395143487859
"1119","1119",2392,2124,2125,-0.111622073578595
"1120","1120",4155,4154,4156,0.000240673886883273
"1121","1121",4015,4314,4314,0.0744707347447073
"1122","1122",2896,2896,2891,-0.00172651933701657
"1123","1123",1754,1753,1731,-0.0131128848346636
"1124","1124",5162,5171,5174,0.00232468035645099
"1125","1125",3640,3669,3672,0.00879120879120879
"1126","1126",2000,2051,2031,0.0155
"1127","1127",1090,1090,1012,-0.0715596330275229
"1128","1128",4173,4176,4297,0.0297148334531512
"1129","1129",3249,3249,3254,0.0015389350569406
"1130","1130",4442,4444,4475,0.00742908599729851
"1131","1131",996,996,994,-0.00200803212851406
"1132","1132",1679,1679,1800,0.072066706372841
"1133","1133",1968,1967,1967,-0.000508130081300813
"6848","6848",1968,1967,1967,-0.000508130081300813
"1134","1134",1461,1461,1353,-0.0739219712525667
"1135","1135",3495,3555,2881,-0.175679542203147
"1136","1136",8039,8038,8130,0.0113198158974997
"1137","1137",1812,1812,1769,-0.0237306843267108
"1138","1138",3643,3642,3810,0.0458413395553116
"1139","1139",7910,7872,7590,-0.0404551201011378
"1140","1140",3180,3150,3152,-0.00880503144654088
"1141","1141",5895,5895,5931,0.00610687022900763
"1142","1142",4019,4018,4019,0
"1143","1143",3235,3191,3235,0
"10184","10184",3235,3191,3235,0
"1144","1144",12166,12077,11856,-0.0254808482656584
"1145","1145",2314,2314,2314,0
"1146","1146",6596,6597,6586,-0.00151607034566404
"1147","1147",1146,1136,1369,0.194589877835951
"1148","1148",6109,5849,5913,-0.0320838107709936
"1149","1149",5487,5462,5473,-0.00255148532895936
"1150","1150",1671,1671,1825,0.0921603830041891
"1151","1151",1894,1865,2093,0.10506863780359
"1152","1152",3608,3636,3578,-0.00831485587583148
"1153","1153",2330,2330,2597,0.114592274678112
"1154","1154",3725,2865,3001,-0.194362416107383
"1155","1155",1138,1146,1118,-0.0175746924428823
"1156","1156",965,918,918,-0.0487046632124352
"1157","1157",1768,1770,1770,0.00113122171945701
"1158","1158",3358,3357,3398,0.0119118522930316
"1159","1159",5725,5664,5676,-0.0085589519650655
"1160","1160",4437,4443,4521,0.0189317106152806
"1161","1161",2774,2777,3017,0.0875991348233598
"1162","1162",4461,4479,4671,0.047074646940148
"1163","1163",2724,2754,2578,-0.0535976505139501
"1164","1164",5675,5675,5435,-0.0422907488986784
"1165","1165",2350,2859,2332,-0.00765957446808511
"1166","1166",3340,3336,3463,0.0368263473053892
"1167","1167",3543,3551,3956,0.116567880327406
"1168","1168",3349,3350,3347,-0.000597193191997611
"1169","1169",3614,3614,3334,-0.0774764803541782
"1170","1170",3080,3080,3080,0
"1171","1171",1354,1352,1354,0
"1172","1172",3136,3131,2760,-0.119897959183673
"1173","1173",2935,3122,3086,0.0514480408858603
"1174","1174",2600,2113,1859,-0.285
"1175","1175",1259,1259,1259,0
"1176","1176",3414,3414,4305,0.260984182776801
"1177","1177",2990,2985,2992,0.000668896321070234
"1178","1178",2047,2047,2047,0
"1179","1179",2348,2348,2366,0.00766609880749574
"1180","1180",1742,1837,2095,0.20264064293915
"1181","1181",4351,4351,4298,-0.0121811077913123
"1182","1182",1732,1732,1833,0.0583140877598152
"1183","1183",1526,1527,1527,0.000655307994757536
"1184","1184",2994,2994,2994,0
"1185","1185",1863,2012,2026,0.0874932903918411
"1186","1186",3251,3221,3235,-0.00492156259612427
"1187","1187",1802,1906,1831,0.0160932297447281
"1188","1188",3082,3082,3086,0.00129785853341986
"1189","1189",3272,3277,3187,-0.0259779951100245
"1190","1190",665,897,665,0
"1191","1191",2051,2135,2161,0.0536323744514871
"4327","4327",2051,2135,2161,0.0536323744514871
"1192","1192",2600,2600,2600,0
"1193","1193",1671,1732,1713,0.0251346499102334
"1194","1194",4989,3574,3211,-0.356384044898777
"1195","1195",3911,3911,3912,0.000255689082076195
"5533","5533",3911,3911,3912,0.000255689082076195
"1196","1196",2775,2972,2505,-0.0972972972972973
"1197","1197",5724,5724,5560,-0.0286512928022362
"1198","1198",7990,7980,8229,0.0299123904881101
"1199","1199",2086,1964,1957,-0.0618408437200383
"1200","1200",4370,4379,4468,0.0224256292906178
"1201","1201",3265,3293,3294,0.00888208269525268
"1202","1202",3338,3338,3337,-0.000299580587177951
"1203","1203",4636,4301,4286,-0.0754961173425367
"1204","1204",6555,6537,6601,0.00701754385964912
"1205","1205",1731,1739,1736,0.00288850375505488
"1206","1206",6685,6594,6582,-0.0154076290201945
"1207","1207",6215,5380,5392,-0.132421560740145
"1208","1208",3015,3025,3025,0.0033167495854063
"1209","1209",5753,5758,5782,0.00504084825308535
"1210","1210",1505,1390,1385,-0.079734219269103
"1211","1211",4154,3477,3681,-0.113866153105441
"1212","1212",1837,1837,1837,0
"8598","8598",1837,1837,1837,0
"1213","1213",2638,2638,2693,0.0208491281273692
"1214","1214",1781,1778,1790,0.00505334081976418
"1215","1215",2281,2280,1980,-0.131959666812801
"1216","1216",4886,4995,4138,-0.15309046254605
"1217","1217",1793,1781,2011,0.121583937534858
"2294","2294",1793,1781,2011,0.121583937534858
"1218","1218",3704,3855,3733,0.00782937365010799
"1219","1219",2557,2550,2707,0.0586624951114587
"1220","1220",3637,3638,3648,0.00302447071762442
"1221","1221",3723,3723,3666,-0.0153102336825141
"1222","1222",7512,7371,7078,-0.0577742279020234
"1223","1223",3724,3705,3808,0.0225563909774436
"1224","1224",4154,3996,3910,-0.0587385652383245
"1225","1225",2249,2173,2173,-0.0337927967985771
"1226","1226",2244,2243,2166,-0.0347593582887701
"1227","1227",2474,2446,2498,0.00970088924818108
"1228","1228",1952,1956,1957,0.00256147540983607
"1229","1229",878,879,879,0.00113895216400911
"1230","1230",8021,8119,8033,0.0014960728088767
"1231","1231",2025,2025,2025,0
"1232","1232",3952,3821,3826,-0.0318825910931174
"1233","1233",3397,3253,3292,-0.0309096261407124
"1234","1234",3599,3463,3412,-0.0519588774659628
"13987","13987",3599,3463,3412,-0.0519588774659628
"1235","1235",1549,1549,1549,0
"1236","1236",1883,1863,1908,0.0132766861391397
"1237","1237",6484,6221,6220,-0.040715607649599
"1238","1238",2980,2875,2825,-0.0520134228187919
"1240","1240",1707,1673,1952,0.143526654950205
"1241","1241",2553,2553,2582,0.0113591852722288
"3938","3938",2553,2553,2582,0.0113591852722288
"1242","1242",3266,3266,3425,0.048683404776485
"1243","1243",3903,3496,3519,-0.0983858570330515
"1244","1244",3496,3348,3335,-0.0460526315789474
"1245","1245",5834,5816,5776,-0.00994172094617758
"1246","1246",1267,1268,1268,0.000789265982636148
"1247","1247",3326,3332,3332,0.00180396873120866
"1248","1248",1708,1708,1707,-0.000585480093676815
"1249","1249",2557,2557,2554,-0.00117324990222917
"1250","1250",1529,1526,1526,-0.00196206671026815
"2934","2934",1529,1526,1526,-0.00196206671026815
"1251","1251",3815,3814,3755,-0.0157273918741809
"1252","1252",1659,1649,1649,-0.00602772754671489
"1253","1253",1993,1994,2035,0.0210737581535374
"19163","19163",1993,1994,2035,0.0210737581535374
"1254","1254",2527,2508,2508,-0.0075187969924812
"1255","1255",2839,2934,2917,0.0274744628390278
"1256","1256",2041,2113,2215,0.0852523272905439
"1257","1257",3286,3823,3057,-0.0696895922093731
"1258","1258",4967,4967,4935,-0.00644252063619891
"1259","1259",1835,1835,1898,0.0343324250681199
"1260","1260",1696,1696,1696,0
"1261","1261",3993,3916,4023,0.00751314800901578
"1262","1262",4913,4906,4898,-0.00305312436393242
"1263","1263",2472,2362,2335,-0.05542071197411
"1264","1264",3498,3503,3500,0.000571755288736421
"1265","1265",2121,2120,2227,0.04997642621405
"1266","1266",4612,4613,4797,0.040112749349523
"1267","1267",1945,1944,1944,-0.00051413881748072
"1268","1268",3667,3669,3898,0.0629942732478866
"1269","1269",2062,2062,2025,-0.0179437439379243
"13139","13139",2062,2062,2025,-0.0179437439379243
"1270","1270",3935,3935,3964,0.00736975857687421
"1271","1271",1925,1969,1882,-0.0223376623376623
"1272","1272",1457,1533,1533,0.0521619766643789
"1273","1273",3614,3615,3674,0.0166021029330382
"8245","8245",3614,3615,3674,0.0166021029330382
"1274","1274",2500,2369,2269,-0.0924
"17574","17574",2500,2369,2269,-0.0924
"1275","1275",2211,2276,1784,-0.193125282677521
"1276","1276",1614,1614,1614,0
"1277","1277",1513,1513,1517,0.00264375413086583
"1278","1278",2627,2595,2507,-0.0456794822992006
"14382","14382",2627,2595,2507,-0.0456794822992006
"1279","1279",1658,1511,1612,-0.0277442702050663
"1280","1280",1056,1057,1057,0.000946969696969697
"1281","1281",6266,6269,6845,0.0924034471752314
"1282","1282",2220,2225,2199,-0.00945945945945946
"1283","1283",2869,2869,2885,0.00557685604740328
"1284","1284",1489,1489,1501,0.00805910006715917
"1285","1285",2078,1726,1726,-0.16939364773821
"1286","1286",1557,1557,1069,-0.313423249839435
"5153","5153",1557,1557,1069,-0.313423249839435
"1287","1287",1444,1427,1427,-0.0117728531855956
"1288","1288",1966,1966,1214,-0.382502543234995
"1289","1289",2127,2093,2107,-0.00940291490362012
"1290","1290",1763,1740,1711,-0.029495178672717
"1291","1291",2220,2238,2256,0.0162162162162162
"1292","1292",1557,1557,1541,-0.0102761721258831
"1293","1293",2148,2179,2331,0.085195530726257
"1294","1294",2915,2919,2910,-0.00171526586620926
"1295","1295",2990,2992,2995,0.00167224080267559
"1296","1296",1863,1863,1863,0
"1297","1297",1294,1204,1228,-0.0510046367851623
"1298","1298",2693,2693,2721,0.0103973264017824
"1299","1299",1676,1896,1610,-0.0393794749403341
"11162","11162",1676,1896,1610,-0.0393794749403341
"1300","1300",4455,4460,4455,0
"1301","1301",3789,3776,3776,-0.00343098442860913
"1302","1302",9875,10048,9540,-0.0339240506329114
"1303","1303",1141,1141,1097,-0.0385626643295355
"1304","1304",6541,6556,6547,0.000917290934107935
"1305","1305",1727,1421,1867,0.0810654313839027
"1306","1306",2335,2335,3009,0.28865096359743
"1307","1307",595,595,587,-0.0134453781512605
"1308","1308",5270,5235,5236,-0.00645161290322581
"1309","1309",1818,1819,1810,-0.0044004400440044
"1310","1310",6220,5807,5690,-0.0852090032154341
"1311","1311",3541,3540,3541,0
"1312","1312",4080,4063,4124,0.0107843137254902
"1313","1313",4695,4698,4703,0.00170394036208733
"1314","1314",1852,2228,2235,0.206803455723542
"1315","1315",2487,2487,2482,-0.00201045436268597
"1316","1316",2742,2743,2743,0.000364697301239971
"1317","1317",1632,1647,1647,0.00919117647058824
"1318","1318",1783,1783,1783,0
"1319","1319",4272,4277,4218,-0.0126404494382022
"1320","1320",7020,6339,6847,-0.0246438746438746
"1321","1321",2073,2073,2073,0
"1322","1322",2086,2358,2358,0.13039309683605
"1323","1323",1920,1902,1894,-0.0135416666666667
"1324","1324",1875,1875,1875,0
"1325","1325",2415,2415,2414,-0.00041407867494824
"1326","1326",3970,3966,3645,-0.0818639798488665
"1327","1327",1712,1712,1608,-0.0607476635514019
"1328","1328",3212,3246,3225,0.00404732254047323
"1329","1329",10641,10431,10526,-0.0108072549572409
"1331","1331",3181,3200,3149,-0.0100597296447658
"1332","1332",2388,2374,2367,-0.00879396984924623
"1333","1333",1099,1066,1055,-0.0400363967242948
"1334","1334",3512,3499,3422,-0.025626423690205
"1335","1335",2053,2040,1928,-0.0608865075499269
"13149","13149",2053,2040,1928,-0.0608865075499269
"1336","1336",6302,6305,6543,0.0382418279911139
"1337","1337",1235,1304,1349,0.0923076923076923
"1338","1338",1582,1608,1599,0.0107458912768647
"1339","1339",2070,2074,1766,-0.146859903381643
"1340","1340",2582,2556,2479,-0.0398915569326104
"1341","1341",3022,3024,3022,0
"1342","1342",2762,2762,2772,0.00362056480811007
"1343","1343",11823,11648,11974,0.0127717161464941
"1344","1344",6190,6321,6261,0.011470113085622
"1345","1345",3609,3609,3622,0.00360210584649487
"1346","1346",2902,2986,2992,0.031013094417643
"1347","1347",1802,1802,1778,-0.0133185349611543
"1348","1348",6456,6484,6604,0.0229244114002478
"1349","1349",2356,2356,2246,-0.0466893039049236
"1350","1350",965,1238,1240,0.284974093264249
"1351","1351",1391,1351,1293,-0.0704529115744069
"1352","1352",2359,1665,1637,-0.306061890631624
"1353","1353",4292,4292,4484,0.0447343895619758
"1354","1354",2438,2438,2438,0
"1355","1355",5112,5248,5156,0.00860719874804382
"1356","1356",1002,1062,1062,0.0598802395209581
"1357","1357",1863,1815,1863,0
"1358","1358",3279,3277,3296,0.00518450747179018
"1359","1359",1440,1440,1440,0
"1360","1360",2152,2144,2124,-0.0130111524163569
"1361","1361",2081,2079,1938,-0.0687169629985584
"1362","1362",2413,2413,3087,0.27932034811438
"1363","1363",2420,2424,2422,0.000826446280991736
"1364","1364",566,566,555,-0.019434628975265
"1365","1365",3795,3795,3773,-0.00579710144927536
"1366","1366",3103,3103,3100,-0.000966806316467934
"1367","1367",6068,5980,6171,0.0169742913645353
"1368","1368",1775,1766,1715,-0.0338028169014084
"1369","1369",1642,1642,1642,0
"1370","1370",4231,4212,4204,-0.00638147010163082
"1371","1371",1819,1818,2297,0.262781748213304
"1372","1372",1929,1803,1798,-0.0679108346293416
"1373","1373",4201,4202,4103,-0.0233277791002142
"1374","1374",4887,4918,4595,-0.0597503580928995
"1375","1375",2874,2761,2881,0.00243562978427279
"1376","1376",2216,2216,2216,0
"1377","1377",1703,1761,1704,0.000587199060481503
"1378","1378",5115,5090,5114,-0.000195503421309873
"18645","18645",5115,5090,5114,-0.000195503421309873
"1379","1379",1750,1749,1889,0.0794285714285714
"1380","1380",1960,1960,1889,-0.0362244897959184
"1381","1381",1032,1030,1125,0.0901162790697674
"1382","1382",2545,2246,2416,-0.0506876227897839
"1383","1383",5812,5839,6099,0.0493805918788713
"1384","1384",7274,7441,7440,0.0228210063238933
"1385","1385",2069,2264,2236,0.0807153214113098
"1386","1386",3421,3445,3424,0.000876936568254896
"1387","1387",2845,2845,2695,-0.0527240773286467
"1388","1388",4810,4997,4997,0.0388773388773389
"1389","1389",6101,6103,6146,0.00737584002622521
"1390","1390",4354,4075,3952,-0.0923288929719798
"1391","1391",2371,2370,2116,-0.107549557148882
"1392","1392",3659,3667,3616,-0.0117518447663296
"1393","1393",1713,1713,1713,0
"1394","1394",2780,2648,2654,-0.0453237410071942
"1395","1395",3576,3576,3673,0.0271252796420582
"1396","1396",5538,5531,5521,-0.00306970025279884
"1397","1397",2153,2143,2150,-0.0013934045517882
"8947","8947",2153,2143,2150,-0.0013934045517882
"1398","1398",1714,1714,1412,-0.176196032672112
"1399","1399",2416,2006,1970,-0.184602649006623
"1400","1400",2693,2693,2693,0
"1401","1401",1667,1667,2295,0.376724655068986
"1402","1402",5543,5303,5249,-0.0530398701064406
"1403","1403",6790,6463,6571,-0.0322533136966127
"1404","1404",10536,10530,10524,-0.00113895216400911
"1405","1405",3323,3322,3343,0.00601865783930184
"1406","1406",5780,5781,5781,0.000173010380622837
"1407","1407",5749,4828,4841,-0.157940511393286
"1408","1408",1330,1330,1330,0
"1409","1409",5113,5118,5728,0.120281635047917
"1410","1410",2723,2793,2704,-0.00697759823723834
"1411","1411",3956,3798,3858,-0.0247724974721941
"1412","1412",4822,4824,5436,0.127333056822895
"1413","1413",2659,2656,2637,-0.00827378713802181
"1414","1414",5281,5150,5096,-0.0350312440825601
"1415","1415",3884,3884,3887,0.000772399588053553
"1416","1416",2409,2394,2287,-0.0506434205064342
"1417","1417",3675,3590,3512,-0.0443537414965986
"1418","1418",3623,2684,2644,-0.27021805133867
"1419","1419",1750,1746,1721,-0.0165714285714286
"1420","1420",1777,1777,1777,0
"8941","8941",1777,1777,1777,0
"14428","14428",1777,1777,1777,0
"1421","1421",2140,2139,2039,-0.047196261682243
"1422","1422",2204,2088,2088,-0.0526315789473684
"1423","1423",2915,3073,2928,0.00445969125214408
"1424","1424",2436,2436,2373,-0.0258620689655172
"1425","1425",4375,4377,4312,-0.0144
"1426","1426",2227,2226,2226,-0.000449034575662326
"1427","1427",3802,3298,3675,-0.0334034718569174
"1428","1428",2092,2092,2092,0
"1429","1429",3022,2993,3016,-0.00198544010589014
"1430","1430",3192,3292,3232,0.012531328320802
"1431","1431",1956,1956,1959,0.00153374233128834
"1432","1432",1575,1575,1652,0.0488888888888889
"1433","1433",1971,1974,1952,-0.00963977676306443
"1434","1434",760,760,760,0
"1435","1435",3168,3168,3226,0.0183080808080808
"1436","1436",2078,2076,2073,-0.00240615976900866
"1437","1437",5501,5680,5531,0.00545355389929104
"1438","1438",3393,3393,3219,-0.0512820512820513
"1439","1439",2715,2799,2655,-0.0220994475138122
"1440","1440",2161,2161,2162,0.000462748727441
"1441","1441",3183,3183,3167,-0.00502670436694942
"1442","1442",2062,2008,2085,0.0111542192046557
"1443","1443",1007,1007,1005,-0.00198609731876862
"1444","1444",3434,3434,3458,0.0069889341875364
"1445","1445",2061,2060,2688,0.304221251819505
"1446","1446",1160,1195,1186,0.0224137931034483
"16234","16234",1160,1195,1186,0.0224137931034483
"1447","1447",1613,1618,1385,-0.141351518908865
"1448","1448",1647,1646,1652,0.00303582270795386
"1450","1450",2287,2287,2287,0
"1451","1451",1515,1608,1557,0.0277227722772277
"1452","1452",2462,2462,2492,0.0121852152721365
"1453","1453",4908,4810,4953,0.00916870415647922
"1454","1454",1905,1904,1904,-0.0005249343832021
"1455","1455",4114,2994,3523,-0.143655809431211
"4308","4308",4114,2994,3523,-0.143655809431211
"1456","1456",3603,3552,3571,-0.00888148764918124
"1457","1457",3000,2927,2886,-0.038
"1458","1458",3453,3457,3324,-0.0373588184187663
"1459","1459",2007,2006,1948,-0.0293971101145989
"1460","1460",611,621,621,0.016366612111293
"14721","14721",611,621,621,0.016366612111293
"1461","1461",4131,4131,4131,0
"1462","1462",3150,3143,3143,-0.00222222222222222
"5751","5751",3150,3143,3143,-0.00222222222222222
"1463","1463",2342,2342,2390,0.0204953031596926
"1464","1464",1457,1868,1448,-0.0061770761839396
"1465","1465",1931,1931,1936,0.00258933195235629
"1466","1466",2206,2206,2206,0
"1467","1467",3685,4357,3962,0.0751696065128901
"1468","1468",3980,3952,3883,-0.0243718592964824
"1469","1469",3677,3677,3677,0
"1470","1470",1009,1009,991,-0.0178394449950446
"1471","1471",2472,2472,2151,-0.129854368932039
"1472","1472",4425,4437,4480,0.0124293785310734
"1473","1473",2106,1942,1892,-0.101614434947768
"1474","1474",2962,2959,2933,-0.00979068197164078
"1475","1475",3142,3130,2662,-0.152768936982813
"1476","1476",1243,1244,1244,0.00080450522928399
"1477","1477",6749,6786,6814,0.00963105645280782
"1478","1478",3190,3190,3190,0
"1479","1479",2324,2393,2416,0.0395869191049914
"1480","1480",2792,2792,2791,-0.000358166189111748
"1481","1481",2631,2840,2894,0.0999619916381604
"1482","1482",1207,1207,1207,0
"1483","1483",2552,2535,2366,-0.072884012539185
"4503","4503",2552,2535,2366,-0.072884012539185
"1484","1484",5090,5062,5223,0.0261296660117878
"1485","1485",2662,2657,2622,-0.0150262960180316
"1486","1486",5932,5902,5907,-0.00421443020903574
"1487","1487",4670,4666,4768,0.0209850107066381
"1488","1488",3056,3067,3247,0.0625
"1489","1489",1305,1305,1381,0.0582375478927203
"1679","1679",1305,1305,1381,0.0582375478927203
"1490","1490",2273,2273,2273,0
"1491","1491",1749,1749,1891,0.0811892510005718
"1492","1492",1525,1525,1349,-0.115409836065574
"1493","1493",3748,3648,3472,-0.0736392742796158
"1494","1494",5241,5241,5337,0.0183171150543789
"1495","1495",1188,1188,1154,-0.0286195286195286
"1496","1496",1131,1098,1104,-0.0238726790450928
"1497","1497",2737,2737,2737,0
"1498","1498",4637,4413,4412,-0.0485227517791676
"1499","1499",3257,3257,3443,0.0571077678845563
"1500","1500",3292,3390,3245,-0.014277035236938
"1501","1501",1549,1549,1657,0.0697224015493867
"1502","1502",4724,4732,4678,-0.00973751058425064
"1503","1503",3570,3584,3610,0.0112044817927171
"1504","1504",2666,2801,2804,0.0517629407351838
"1505","1505",2260,2260,2466,0.0911504424778761
"1506","1506",1231,1231,1232,0.000812347684809098
"1507","1507",5237,5239,5255,0.00343708229902616
"1508","1508",3659,3553,3553,-0.0289696638425799
"1509","1509",3978,3978,3978,0
"1510","1510",1535,1535,1534,-0.000651465798045603
"6425","6425",1535,1535,1534,-0.000651465798045603
"1511","1511",1671,1671,1673,0.00119688809096349
"1512","1512",1593,1318,1300,-0.183929692404269
"1513","1513",1762,1762,1942,0.102156640181612
"1514","1514",1601,1601,1612,0.00687070580886946
"1515","1515",5449,5405,5715,0.0488162965681776
"1516","1516",3561,3477,3477,-0.0235888795282224
"1517","1517",6829,6831,6994,0.024161663493923
"1518","1518",1391,1602,1602,0.151689432063264
"10054","10054",1391,1602,1602,0.151689432063264
"1519","1519",5834,5836,4424,-0.241686664381214
"1520","1520",3896,3792,3587,-0.0793121149897331
"1521","1521",2511,2552,3034,0.208283552369574
"1522","1522",2374,2362,2362,-0.0050547598989048
"1523","1523",2997,3152,2960,-0.0123456790123457
"1524","1524",2039,2035,2092,0.0259931338891614
"1525","1525",2576,2862,2785,0.0811335403726708
"1526","1526",1410,1448,1449,0.0276595744680851
"1878","1878",1410,1448,1449,0.0276595744680851
"7110","7110",1410,1448,1449,0.0276595744680851
"1527","1527",6724,6593,6759,0.00520523497917906
"1528","1528",6053,6058,6460,0.067239385428713
"1529","1529",1891,1891,1894,0.00158646218931782
"1530","1530",722,722,921,0.275623268698061
"1531","1531",2589,2470,2255,-0.129007338740827
"15037","15037",2589,2470,2255,-0.129007338740827
"1532","1532",1750,1750,1750,0
"13412","13412",1750,1750,1750,0
"1533","1533",1827,1819,1611,-0.118226600985222
"1534","1534",6000,6008,6291,0.0485
"1535","1535",6722,6708,6737,0.00223147872656947
"1536","1536",2441,2439,2487,0.0188447357640311
"1537","1537",2732,2597,2455,-0.101390922401171
"1538","1538",3477,3369,3059,-0.120218579234973
"1539","1539",1593,1496,1568,-0.0156936597614564
"1540","1540",5139,5140,5138,-0.000194590387234871
"1541","1541",903,918,918,0.0166112956810631
"1542","1542",2475,2475,2366,-0.044040404040404
"1543","1543",1735,1698,1958,0.128530259365994
"14162","14162",1735,1698,1958,0.128530259365994
"1545","1545",5875,5837,5861,-0.00238297872340426
"1546","1546",3031,3029,3045,0.0046189376443418
"1547","1547",2858,2722,2426,-0.151154653603919
"1548","1548",2524,2527,2549,0.00990491283676704
"1549","1549",4867,4870,4965,0.0201356071501952
"1550","1550",1991,1991,2094,0.0517327975891512
"1551","1551",1617,1617,1603,-0.00865800865800866
"1552","1552",4467,4336,4282,-0.0414148197895679
"1553","1553",2456,2456,2457,0.000407166123778502
"1554","1554",2826,2936,2804,-0.00778485491861288
"1555","1555",1846,1846,1841,-0.00270855904658722
"6289","6289",1846,1846,1841,-0.00270855904658722
"1556","1556",1747,1611,1611,-0.0778477389811105
"1557","1557",4381,4395,4391,0.00228258388495777
"18267","18267",4381,4395,4391,0.00228258388495777
"1558","1558",2025,2014,2033,0.00395061728395062
"1559","1559",6150,6235,6176,0.00422764227642276
"1560","1560",1673,1676,1678,0.00298864315600717
"1561","1561",6521,6623,6804,0.0433982518018709
"1562","1562",6252,5947,6039,-0.0340690978886756
"1563","1563",2395,2395,2396,0.000417536534446764
"1564","1564",1400,1606,1398,-0.00142857142857143
"1565","1565",3994,3983,3985,-0.00225338007010516
"1566","1566",6226,6207,6478,0.0404754256344362
"1567","1567",1645,1638,1640,-0.00303951367781155
"1568","1568",7947,7943,7963,0.00201333836667925
"1569","1569",4028,4029,4001,-0.00670307845084409
"1570","1570",2371,2376,2376,0.00210881484605652
"1571","1571",2260,2236,2230,-0.0132743362831858
"2045","2045",2260,2236,2230,-0.0132743362831858
"1572","1572",2171,2155,2292,0.0557346844771994
"1573","1573",1402,1402,1185,-0.154778887303852
"1574","1574",3309,3306,3312,0.000906618313689937
"1575","1575",1741,1670,1645,-0.0551407237219989
"1576","1576",2001,2134,2524,0.261369315342329
"1577","1577",4873,4873,4882,0.00184691155345783
"1578","1578",1892,1872,1820,-0.0380549682875264
"1579","1579",4347,4407,4225,-0.0280653324131585
"1580","1580",2830,2829,2901,0.0250883392226148
"1581","1581",3047,3033,3033,-0.00459468329504431
"15721","15721",3047,3033,3033,-0.00459468329504431
"1582","1582",1501,1502,1503,0.00133244503664224
"13247","13247",1501,1502,1503,0.00133244503664224
"1583","1583",3466,3466,3449,-0.00490478938257357
"1584","1584",3028,2862,2906,-0.0402906208718626
"1585","1585",4725,4969,5043,0.0673015873015873
"1586","1586",1416,1341,1351,-0.0459039548022599
"1587","1587",3262,3271,3270,0.00245248313917842
"1588","1588",2550,2550,2551,0.000392156862745098
"1589","1589",2405,2471,2430,0.0103950103950104
"1590","1590",987,987,967,-0.0202634245187437
"1591","1591",1204,1206,1205,0.000830564784053156
"1593","1593",6047,6049,5957,-0.0148834132627749
"1594","1594",3134,3134,3148,0.00446713465220166
"1595","1595",2930,2930,3029,0.0337883959044369
"1596","1596",2396,2396,2272,-0.0517529215358932
"1597","1597",1947,1947,1981,0.0174627632254751
"1598","1598",2041,2018,2041,0
"15426","15426",2041,2018,2041,0
"1599","1599",4834,4835,4863,0.00599917252792718
"1600","1600",1194,1216,1216,0.0184254606365159
"1601","1601",1549,1549,1547,-0.0012911555842479
"1602","1602",2213,2184,2186,-0.0122006326253954
"10773","10773",2213,2184,2186,-0.0122006326253954
"1603","1603",6421,6421,6380,-0.00638529824014951
"1604","1604",4825,4825,4825,0
"1605","1605",3586,3608,3605,0.0052983825989961
"1606","1606",1607,1579,1575,-0.0199128811449907
"1607","1607",4881,4877,4877,-0.000819504199959025
"1608","1608",2472,2526,2751,0.112864077669903
"2639","2639",2472,2526,2751,0.112864077669903
"1609","1609",2388,2388,2339,-0.0205192629815745
"1610","1610",4555,4546,4546,-0.00197585071350165
"1611","1611",4555,4554,4556,0.00021953896816685
"1612","1612",6633,6632,6540,-0.0140208050655812
"1613","1613",7739,7401,7450,-0.0373433260111125
"1614","1614",2851,2757,2780,-0.0249035426166257
"1615","1615",2291,2374,2471,0.0785683107813182
"1616","1616",2202,2202,2202,0
"1617","1617",3028,3034,3034,0.00198150594451783
"1618","1618",2252,2252,2456,0.0905861456483126
"1619","1619",8298,8497,8639,0.0410942395758014
"1620","1620",2772,2747,2772,0
"9891","9891",2772,2747,2772,0
"1621","1621",2861,2860,2872,0.00384480950716533
"12173","12173",2861,2860,2872,0.00384480950716533
"1622","1622",7529,7357,7448,-0.0107584008500465
"1623","1623",4055,4046,4040,-0.00369913686806412
"1624","1624",4424,4424,4425,0.000226039783001808
"1625","1625",1207,1162,1192,-0.0124275062137531
"1627","1627",2479,2479,2466,-0.00524405002016942
"1628","1628",3662,3670,3526,-0.0371381758601857
"1629","1629",1765,2219,2222,0.258923512747875
"1630","1630",5106,5105,5106,0
"1631","1631",3434,3429,3436,0.0005824111822947
"1632","1632",2076,2059,2349,0.13150289017341
"1633","1633",2682,2682,2682,0
"1634","1634",2343,2338,2398,0.0234741784037559
"1635","1635",2423,2478,2450,0.011143210895584
"1636","1636",3022,3023,3063,0.0135671740569159
"1637","1637",3365,3299,3288,-0.0228826151560178
"1638","1638",2465,2468,2415,-0.0202839756592292
"1639","1639",3076,2904,2947,-0.0419375812743823
"1640","1640",2655,2413,2295,-0.135593220338983
"1641","1641",1657,1657,1615,-0.0253470126735063
"1642","1642",2799,2766,2775,-0.00857449088960343
"1643","1643",3916,3916,3916,0
"1644","1644",2718,2661,2719,0.000367917586460633
"1646","1646",2096,1894,1529,-0.270515267175573
"7559","7559",2096,1894,1529,-0.270515267175573
"1647","1647",1447,1447,1447,0
"1648","1648",1437,1436,1436,-0.00069589422407794
"1649","1649",2563,2563,2578,0.00585251658213032
"1650","1650",2304,2356,2638,0.144965277777778
"1651","1651",1789,1730,1752,-0.0206819452207937
"1652","1652",2515,2501,2586,0.0282306163021869
"1653","1653",3709,3679,3809,0.0269614451334592
"1654","1654",1974,1973,1973,-0.000506585612968592
"1655","1655",1462,1462,1523,0.0417236662106703
"1656","1656",1932,1932,1929,-0.0015527950310559
"1657","1657",1693,1693,1121,-0.337861783815712
"1658","1658",1816,1816,1815,-0.000550660792951542
"1659","1659",6064,6009,6129,0.0107189973614776
"1660","1660",3221,3334,3347,0.0391182862465073
"1661","1661",4896,4353,3819,-0.219975490196078
"1662","1662",1764,1764,1768,0.00226757369614512
"1663","1663",1400,1400,1907,0.362142857142857
"1664","1664",1884,1844,1843,-0.0217622080679406
"1665","1665",1902,1902,1878,-0.0126182965299685
"1666","1666",8786,8786,8799,0.00147962667880719
"1667","1667",1704,1701,1784,0.0469483568075117
"1668","1668",1944,1944,1944,0
"12213","12213",1944,1944,1944,0
"1669","1669",5689,5651,5531,-0.0277728950606433
"1670","1670",3904,3903,3900,-0.00102459016393443
"1671","1671",2576,2492,1818,-0.294254658385093
"1672","1672",3539,3503,3489,-0.0141282848262221
"1673","1673",4422,4291,4331,-0.0205789235639982
"1674","1674",2513,2517,2468,-0.0179068842021488
"8553","8553",2513,2517,2468,-0.0179068842021488
"15669","15669",2513,2517,2468,-0.0179068842021488
"1675","1675",2578,2567,2594,0.00620636152055857
"1676","1676",2128,2129,2180,0.0244360902255639
"1677","1677",3688,3011,3170,-0.140455531453362
"1678","1678",6309,6305,6175,-0.0212394991282295
"1680","1680",4166,4183,4095,-0.0170427268362938
"1681","1681",4156,3395,3636,-0.12512030798845
"1682","1682",3534,3646,3646,0.0316921335597057
"1683","1683",2371,2354,2290,-0.0341628005061156
"14013","14013",2371,2354,2290,-0.0341628005061156
"1684","1684",843,843,843,0
"1685","1685",1477,1477,1244,-0.157752200406229
"1686","1686",3847,3848,3840,-0.00181959968806862
"1687","1687",2783,2783,2773,-0.00359324469996407
"1688","1688",6044,6043,5968,-0.0125744540039709
"1689","1689",2098,2098,2156,0.0276453765490944
"1690","1690",6921,6917,6931,0.00144487790781679
"1691","1691",2612,2616,2609,-0.00114854517611026
"1692","1692",2232,2234,2073,-0.071236559139785
"1693","1693",5927,5922,6013,0.0145098700860469
"1694","1694",3814,3812,3810,-0.0010487676979549
"1695","1695",2033,2154,2148,0.0565666502705362
"1696","1696",5417,5418,5375,-0.00775336902344471
"1697","1697",1340,1325,1326,-0.0104477611940299
"1698","1698",3387,3468,3304,-0.0245054620608208
"1699","1699",5787,5787,5747,-0.00691204423708312
"1700","1700",4572,4575,4943,0.0811461067366579
"1701","1701",2458,2542,2611,0.0622457282343369
"1703","1703",4897,4901,5030,0.027159485399224
"1704","1704",2729,2713,2726,-0.00109930377427629
"1705","1705",5254,5254,5301,0.00894556528359345
"1706","1706",3405,3393,3432,0.0079295154185022
"1707","1707",4575,4575,4575,0
"7739","7739",4575,4575,4575,0
"1708","1708",1864,1864,1864,0
"1709","1709",1426,1424,1617,0.133941093969144
"1710","1710",2844,2844,2852,0.00281293952180028
"1711","1711",5779,5587,5555,-0.0387610313202976
"1712","1712",5769,5769,5974,0.0355347547235223
"1713","1713",4790,4797,4802,0.00250521920668058
"1714","1714",1560,1501,1532,-0.0179487179487179
"1715","1715",3680,3637,3937,0.0698369565217391
"2375","2375",3680,3637,3937,0.0698369565217391
"1716","1716",941,942,942,0.00106269925611052
"14413","14413",941,942,942,0.00106269925611052
"1717","1717",1410,1410,1410,0
"1718","1718",3854,3854,3816,-0.00985988583290088
"1719","1719",3464,3464,3544,0.023094688221709
"1720","1720",2325,2321,2326,0.00043010752688172
"1721","1721",2631,2625,2625,-0.00228050171037628
"1722","1722",3469,3472,3465,-0.00115307004900548
"1723","1723",2246,2248,2249,0.00133570792520036
"1724","1724",1323,1336,1335,0.0090702947845805
"1725","1725",2984,2984,2948,-0.0120643431635389
"1726","1726",4164,4169,4010,-0.036983669548511
"1727","1727",9423,9411,9454,0.00328982277406346
"1728","1728",1984,1999,1983,-0.000504032258064516
"18925","18925",1984,1999,1983,-0.000504032258064516
"1729","1729",4502,4588,4551,0.0108840515326522
"1730","1730",3637,3637,3838,0.0552653285675007
"1731","1731",4043,4158,4164,0.0299282710858274
"1732","1732",1745,1741,1830,0.0487106017191977
"1733","1733",2544,2544,2627,0.032625786163522
"1734","1734",2205,2312,2337,0.0598639455782313
"1735","1735",1407,1407,1183,-0.159203980099502
"1736","1736",5810,5927,6194,0.0660929432013769
"1737","1737",1719,1719,1719,0
"1738","1738",2050,2052,2051,0.00048780487804878
"1739","1739",6240,6285,6158,-0.0131410256410256
"1740","1740",5440,5465,5584,0.0264705882352941
"1741","1741",2424,2424,2762,0.139438943894389
"1742","1742",1889,1890,1890,0.000529380624669137
"1743","1743",7397,7883,7258,-0.0187914019196972
"1744","1744",3189,3232,3348,0.0498588899341486
"1745","1745",1408,1246,1218,-0.134943181818182
"1746","1746",2101,2102,2052,-0.0233222275107092
"9599","9599",2101,2102,2052,-0.0233222275107092
"1747","1747",3093,2960,2745,-0.112512124151309
"1748","1748",8515,8137,7795,-0.0845566647093365
"1749","1749",2752,2752,2752,0
"1750","1750",2178,2178,2065,-0.0518824609733701
"3409","3409",2178,2178,2065,-0.0518824609733701
"1751","1751",3431,3345,3463,0.00932672690177791
"1752","1752",4586,4583,4622,0.00784997819450502
"1753","1753",2514,2482,2459,-0.0218774860779634
"1754","1754",1834,1834,1834,0
"1755","1755",1598,1598,1598,0
"1756","1756",2063,2063,2063,0
"7804","7804",2063,2063,2063,0
"1757","1757",2739,2739,2743,0.00146038700255568
"1758","1758",5364,5372,5518,0.0287099179716629
"1759","1759",1905,1905,1915,0.005249343832021
"1760","1760",3478,3466,3463,-0.00431282346175963
"1761","1761",2646,2646,2623,-0.00869236583522298
"1762","1762",1410,1729,1497,0.0617021276595745
"1763","1763",7163,7162,7162,-0.000139606310205221
"1764","1764",1116,1116,1154,0.0340501792114695
"1765","1765",5490,5495,5544,0.00983606557377049
"1766","1766",4368,4427,4427,0.013507326007326
"1767","1767",2758,2778,2734,-0.00870195794053662
"7741","7741",2758,2778,2734,-0.00870195794053662
"1768","1768",4032,4049,4037,0.00124007936507937
"1769","1769",2004,2004,2189,0.092315369261477
"1770","1770",1862,1862,1844,-0.00966702470461869
"1771","1771",914,910,912,-0.00218818380743982
"1772","1772",1351,1351,1351,0
"16841","16841",1351,1351,1351,0
"1773","1773",2374,2373,1623,-0.316343723673126
"1774","1774",2655,2624,2627,-0.0105461393596987
"1775","1775",1926,1929,1923,-0.00155763239875389
"1776","1776",6378,6391,6637,0.0406083411727814
"1777","1777",2210,2304,2304,0.0425339366515837
"1778","1778",3647,3651,3651,0.00109679188374006
"1779","1779",707,707,774,0.0947666195190948
"1780","1780",4234,4116,3927,-0.0725082664147378
"1782","1782",1731,1734,1756,0.0144425187752744
"1783","1783",1806,1806,1806,0
"1784","1784",958,958,894,-0.0668058455114822
"1785","1785",2142,2167,2123,-0.00887021475256769
"1786","1786",1981,1955,1889,-0.0464411913175164
"1787","1787",6345,6313,6157,-0.0296296296296296
"1788","1788",2384,2384,2264,-0.0503355704697987
"1789","1789",2533,2533,2574,0.0161863403079353
"1790","1790",2387,2484,2199,-0.0787599497276917
"1791","1791",6365,6401,6247,-0.0185388845247447
"1792","1792",7444,7401,7401,-0.00577646426652337
"1793","1793",4481,4457,4456,-0.00557911180540058
"1794","1794",2108,2110,2211,0.0488614800759013
"7331","7331",2108,2110,2211,0.0488614800759013
"1795","1795",2338,2499,2499,0.0688622754491018
"17806","17806",2338,2499,2499,0.0688622754491018
"1796","1796",3190,3165,3189,-0.000313479623824451
"1797","1797",1395,1395,2026,0.452329749103943
"1798","1798",2164,2164,2182,0.00831792975970425
"1799","1799",4954,4851,4472,-0.0972951150585386
"1800","1800",5815,5814,5822,0.00120378331900258
"1801","1801",3238,3566,3451,0.0657813465101915
"17439","17439",3238,3566,3451,0.0657813465101915
"1802","1802",3873,3873,3279,-0.153369481022463
"1803","1803",5769,5800,5857,0.015253943491073
"1804","1804",2870,2870,2480,-0.13588850174216
"1805","1805",1877,1857,1857,-0.0106553010122536
"15273","15273",1877,1857,1857,-0.0106553010122536
"1806","1806",4222,4230,4200,-0.00521080056845097
"1807","1807",3200,3159,3199,-0.0003125
"1808","1808",2254,2265,2173,-0.0359361135758651
"1809","1809",5822,5326,5303,-0.0891446238406046
"1810","1810",4371,4373,4368,-0.000686341798215511
"1811","1811",6976,6997,6950,-0.00372706422018349
"1812","1812",3735,3980,3525,-0.0562248995983936
"1813","1813",2452,2452,2438,-0.00570962479608483
"1814","1814",2184,2229,2229,0.0206043956043956
"1815","1815",2023,2023,2104,0.0400395452298567
"1816","1816",2668,2637,2689,0.00787106446776612
"1817","1817",2142,2142,2142,0
"1818","1818",907,907,912,0.00551267916207277
"1819","1819",1766,1765,1766,0
"1820","1820",607,607,607,0
"1821","1821",2410,2584,2482,0.0298755186721992
"1822","1822",2700,2717,2766,0.0244444444444444
"1823","1823",3038,3038,2957,-0.0266622778143515
"1824","1824",4565,4589,4334,-0.0506024096385542
"1825","1825",2176,2176,2246,0.0321691176470588
"1826","1826",1099,1099,1235,0.123748862602366
"1827","1827",3086,3089,3141,0.0178224238496436
"1828","1828",2373,2908,2533,0.067425200168563
"1829","1829",1372,1372,1434,0.0451895043731778
"1830","1830",1751,1750,1750,-0.000571102227298686
"1831","1831",2088,2091,2091,0.0014367816091954
"1832","1832",1819,1819,1813,-0.00329851566794942
"12626","12626",1819,1819,1813,-0.00329851566794942
"1833","1833",830,887,888,0.0698795180722892
"1834","1834",1073,965,981,-0.0857409133271202
"1835","1835",2014,2007,1965,-0.0243296921549156
"1836","1836",3057,3057,3099,0.013738959764475
"1837","1837",3026,3013,2925,-0.0333773959021811
"1838","1838",6158,6008,6258,0.016239038648912
"1839","1839",3119,3149,3147,0.00897723629368387
"1840","1840",2579,2866,3433,0.33113609926328
"1841","1841",947,947,952,0.00527983104540655
"1842","1842",1791,1755,1755,-0.0201005025125628
"1843","1843",2351,2351,2351,0
"1844","1844",2481,1881,2079,-0.162031438935913
"1845","1845",1545,1432,1153,-0.253721682847896
"1846","1846",6250,6251,6195,-0.0088
"1847","1847",1872,1683,1971,0.0528846153846154
"1848","1848",1316,1316,1375,0.0448328267477204
"1849","1849",1265,1265,1265,0
"1850","1850",2052,2052,2051,-0.000487329434697856
"1851","1851",2502,2667,2691,0.0755395683453237
"1852","1852",884,884,773,-0.125565610859729
"1853","1853",1541,1541,1541,0
"1854","1854",2744,2712,2740,-0.00145772594752187
"1855","1855",2025,2025,1918,-0.0528395061728395
"1856","1856",4125,4125,4139,0.00339393939393939
"1857","1857",1363,1363,1363,0
"1858","1858",3045,3045,3048,0.000985221674876847
"1859","1859",7935,7901,7899,-0.00453686200378072
"1860","1860",4407,4218,4736,0.0746539596097118
"1861","1861",3429,3423,3103,-0.0950714494021581
"1862","1862",1935,1993,1993,0.0299741602067183
"1863","1863",1883,1883,1883,0
"1864","1864",2167,1903,1935,-0.107060452238117
"1865","1865",4003,4005,3997,-0.00149887584311766
"1866","1866",4618,4620,4637,0.00411433521004764
"1867","1867",3068,2926,2876,-0.0625814863102999
"1868","1868",1214,1212,1210,-0.00329489291598023
"1869","1869",2132,2133,2133,0.000469043151969981
"1870","1870",1097,1142,1387,0.264357338195078
"1871","1871",2897,2890,2667,-0.0793924749741111
"1872","1872",1645,1876,1875,0.139817629179331
"1873","1873",3020,3265,3483,0.153311258278146
"1874","1874",2010,2011,2015,0.00248756218905473
"16930","16930",2010,2011,2015,0.00248756218905473
"1875","1875",13462,13154,12860,-0.0447184667954242
"1876","1876",3055,3182,3136,0.0265139116202946
"1877","1877",4482,4159,4037,-0.0992860330209728
"1879","1879",997,961,961,-0.0361083249749248
"1880","1880",6075,5488,5367,-0.116543209876543
"1881","1881",1568,1510,1521,-0.0299744897959184
"1882","1882",1380,1380,1380,0
"5731","5731",1380,1380,1380,0
"6189","6189",1380,1380,1380,0
"1883","1883",2447,2448,2443,-0.00163465467919902
"1884","1884",1661,1663,1662,0.000602046959662854
"1885","1885",1982,2063,1964,-0.00908173562058527
"1886","1886",2146,2145,2206,0.0279589934762349
"1887","1887",2186,2186,2196,0.00457456541628545
"1888","1888",1137,1142,1538,0.352682497801231
"1892","1892",1137,1142,1538,0.352682497801231
"1889","1889",3634,3637,3637,0.000825536598789213
"1890","1890",3134,3169,3169,0.0111678366305041
"1891","1891",3064,3067,3067,0.00097911227154047
"1893","1893",4499,4507,4523,0.00533451878195155
"1894","1894",3857,3853,3963,0.0274824993518278
"1895","1895",2658,2506,2504,-0.0579382994732882
"1896","1896",3171,3163,3163,-0.00252286345001577
"1897","1897",2316,2285,2020,-0.127806563039724
"1898","1898",2326,2330,2307,-0.00816852966466036
"1899","1899",2057,2098,2100,0.0209042294603792
"1900","1900",2039,1972,2057,0.00882785679254536
"1901","1901",1670,1670,1646,-0.0143712574850299
"1902","1902",2998,2998,3099,0.033689126084056
"1903","1903",6252,6281,6270,0.00287907869481766
"1904","1904",3831,3828,3720,-0.028974158183242
"1905","1905",3969,3969,3479,-0.123456790123457
"1906","1906",1369,1364,1362,-0.00511322132943755
"1907","1907",3511,3531,3528,0.00484192537738536
"1908","1908",2530,2519,2518,-0.00474308300395257
"1909","1909",2832,2812,3026,0.0685028248587571
"1910","1910",2876,2876,2862,-0.00486787204450626
"12255","12255",2876,2876,2862,-0.00486787204450626
"1911","1911",1651,1651,1721,0.0423985463355542
"6251","6251",1651,1651,1721,0.0423985463355542
"1912","1912",2016,2016,2119,0.0510912698412698
"1913","1913",1769,1799,1799,0.0169587337478802
"1914","1914",4217,4091,4073,-0.0341474982214845
"1915","1915",3768,3755,3714,-0.0143312101910828
"1916","1916",2420,2417,2418,-0.000826446280991736
"1917","1917",3354,3350,3230,-0.0369707811568277
"1918","1918",4856,4884,4967,0.0228583196046129
"1919","1919",2101,2101,2196,0.0452165635411709
"1920","1920",2595,2595,2646,0.0196531791907514
"1921","1921",1151,1000,1076,-0.0651607298001738
"1922","1922",2513,2511,2512,-0.000397930760047752
"1923","1923",2122,2122,2114,-0.00377002827521206
"1924","1924",2582,2582,2346,-0.0914020139426801
"1925","1925",1919,2083,2084,0.0859822824387702
"13691","13691",1919,2083,2084,0.0859822824387702
"1926","1926",1220,1220,1236,0.0131147540983607
"1927","1927",3270,3354,3262,-0.00244648318042813
"16911","16911",3270,3354,3262,-0.00244648318042813
"1928","1928",3312,3340,3412,0.0301932367149758
"1929","1929",6726,6722,6750,0.00356824264049955
"1930","1930",2249,2249,2257,0.00355713650511338
"1931","1931",8806,8717,8429,-0.0428117192823075
"1932","1932",1992,1992,1821,-0.0858433734939759
"1933","1933",1467,1324,1326,-0.0961145194274029
"1934","1934",1508,1671,1793,0.188992042440318
"1935","1935",2353,2480,2470,0.0497237569060773
"1936","1936",3611,3849,3751,0.0387704237053448
"1937","1937",866,867,875,0.0103926096997691
"1938","1938",2863,2863,2863,0
"1939","1939",2657,2654,2655,-0.000752728641324802
"1940","1940",2443,2219,2372,-0.0290626279164961
"1941","1941",1709,1999,2296,0.343475716793446
"1942","1942",1784,1885,1759,-0.0140134529147982
"15994","15994",1784,1885,1759,-0.0140134529147982
"1943","1943",9390,9374,9482,0.00979765708200213
"1944","1944",2084,2147,2208,0.0595009596928983
"1945","1945",8440,8248,8062,-0.0447867298578199
"1946","1946",3473,3473,3477,0.00115174200978981
"1947","1947",5728,5727,5727,-0.000174581005586592
"1948","1948",4996,4995,4995,-0.000200160128102482
"1949","1949",1513,1673,1767,0.16787838730998
"1950","1950",4336,4464,4743,0.0938653136531365
"1951","1951",1013,1013,1013,0
"1952","1952",2168,2186,2286,0.0544280442804428
"1953","1953",2447,2447,2397,-0.0204331834899877
"4787","4787",2447,2447,2397,-0.0204331834899877
"1954","1954",1456,1456,1452,-0.00274725274725275
"1955","1955",4585,4585,4585,0
"1956","1956",2814,2791,2589,-0.0799573560767591
"1957","1957",4117,4117,4019,-0.0238037405878067
"1958","1958",8098,8398,8011,-0.0107433934304767
"1959","1959",3036,3114,2996,-0.0131752305665349
"1960","1960",2400,2407,2400,0
"1961","1961",2704,2705,2706,0.000739644970414201
"1962","1962",3185,3197,3038,-0.0461538461538462
"1963","1963",4312,4304,4314,0.000463821892393321
"1964","1964",3913,3907,3398,-0.131612573473039
"1965","1965",2113,3213,3564,0.686701372456223
"1966","1966",3424,3440,3352,-0.0210280373831776
"1967","1967",3680,3704,3703,0.00625
"1968","1968",8016,8011,8026,0.00124750499001996
"1969","1969",795,754,1246,0.567295597484277
"1970","1970",1165,1160,1323,0.135622317596567
"12207","12207",1165,1160,1323,0.135622317596567
"12638","12638",1165,1160,1323,0.135622317596567
"1971","1971",3470,3610,3741,0.0780979827089337
"1972","1972",3365,3358,3358,-0.00208023774145617
"1973","1973",3325,3297,3139,-0.0559398496240602
"1974","1974",6482,6469,6393,-0.013730330145017
"1975","1975",5701,5702,5640,-0.0106998772145238
"1976","1976",3096,2756,2910,-0.060077519379845
"1977","1977",1352,1352,1352,0
"1978","1978",4051,4428,3480,-0.140952851147865
"1979","1979",6008,5183,4870,-0.189414114513981
"1980","1980",4419,4406,4408,-0.00248925096175605
"1981","1981",2629,2629,2923,0.111829593001141
"1982","1982",2260,2260,2260,0
"1983","1983",1785,1688,1740,-0.0252100840336134
"4718","4718",1785,1688,1740,-0.0252100840336134
"5160","5160",1785,1688,1740,-0.0252100840336134
"1984","1984",4880,4899,4898,0.00368852459016393
"1985","1985",1624,1624,1630,0.00369458128078818
"1986","1986",2984,3034,3036,0.017426273458445
"3713","3713",2984,3034,3036,0.017426273458445
"6239","6239",2984,3034,3036,0.017426273458445
"1987","1987",1290,1587,1444,0.11937984496124
"1988","1988",1861,1889,2056,0.104782375067168
"1989","1989",2515,2515,2666,0.0600397614314115
"1990","1990",4215,4211,4490,0.0652431791221827
"1991","1991",2515,2642,2639,0.0493041749502982
"1992","1992",7385,7518,7100,-0.038591740013541
"1993","1993",2811,2810,2821,0.00355745286374956
"1994","1994",1576,1576,1576,0
"1995","1995",1651,1649,1651,0
"1996","1996",3500,3972,3693,0.0551428571428571
"1997","1997",4190,4190,4029,-0.0384248210023866
"1998","1998",2791,2791,2702,-0.0318882121103547
"1999","1999",1580,1580,1580,0
"2000","2000",4712,4712,4712,0
"2001","2001",5246,5276,5191,-0.0104841784216546
"2002","2002",5499,5452,5058,-0.0801963993453355
"2003","2003",1717,1694,1694,-0.0133954571927781
"2004","2004",1396,1396,1401,0.00358166189111748
"2005","2005",1554,1554,1551,-0.00193050193050193
"2006","2006",4824,4716,4735,-0.0184494195688226
"2007","2007",2344,2345,2439,0.0405290102389078
"2008","2008",1817,1809,1836,0.0104567969179967
"2009","2009",8261,8302,8333,0.00871565185812856
"2010","2010",2790,2801,2799,0.0032258064516129
"2011","2011",2242,2241,2190,-0.0231935771632471
"2012","2012",2330,2326,2404,0.0317596566523605
"2013","2013",3144,3214,3442,0.0947837150127226
"2014","2014",2336,2336,2401,0.0278253424657534
"2015","2015",3387,3370,3382,-0.00147623265426631
"2016","2016",3038,3038,3098,0.0197498354180382
"2017","2017",5701,5422,5164,-0.0941940010524469
"2018","2018",1571,1571,1458,-0.071928707829408
"2019","2019",2412,2421,2414,0.000829187396351575
"8702","8702",2412,2421,2414,0.000829187396351575
"2020","2020",1590,1589,1589,-0.000628930817610063
"2021","2021",6328,6475,6506,0.0281289506953224
"2022","2022",1691,1351,1514,-0.104671791839148
"2023","2023",5006,5061,5078,0.0143827407111466
"2024","2024",3840,3791,3790,-0.0130208333333333
"2025","2025",3850,3850,3854,0.00103896103896104
"2026","2026",4339,4347,4347,0.0018437427978797
"2027","2027",3114,3113,3051,-0.0202312138728324
"2028","2028",2855,2826,2798,-0.0199649737302977
"2029","2029",1284,1280,1177,-0.0833333333333333
"2030","2030",3988,4141,4121,0.0333500501504514
"2031","2031",1972,1972,1973,0.00050709939148073
"2032","2032",1570,1570,1600,0.0191082802547771
"2033","2033",2042,2093,2093,0.024975514201763
"9698","9698",2042,2093,2093,0.024975514201763
"2034","2034",2020,2020,2021,0.000495049504950495
"2035","2035",2392,2716,2448,0.0234113712374582
"2036","2036",3581,3654,3123,-0.127897235409104
"2037","2037",1921,1883,1920,-0.000520562207183758
"2038","2038",3233,3234,3223,-0.00309310238168883
"2039","2039",7185,7185,6964,-0.030758524704245
"2040","2040",3517,3517,3517,0
"2041","2041",1351,1338,1338,-0.00962250185048113
"2042","2042",1035,1035,1035,0
"2043","2043",2000,2000,2040,0.02
"2044","2044",5000,4334,3754,-0.2492
"2046","2046",3238,3231,2610,-0.193946880790611
"2047","2047",4303,4579,4579,0.0641412967696956
"2048","2048",3253,3259,3185,-0.0209037811251153
"2049","2049",1933,1933,1881,-0.0269011898603207
"2050","2050",4635,4639,4614,-0.00453074433656958
"2051","2051",740,740,753,0.0175675675675676
"2052","2052",1706,1706,1710,0.00234466588511137
"2053","2053",2662,2660,2660,-0.000751314800901578
"2054","2054",6710,6470,5964,-0.111177347242921
"2055","2055",2170,2170,2170,0
"2056","2056",4962,4966,4809,-0.0308343409915357
"2057","2057",2859,2860,3127,0.0937390696047569
"2058","2058",2565,2387,2659,0.0366471734892788
"2059","2059",2965,2931,2711,-0.0856661045531197
"2060","2060",2598,2598,2598,0
"2061","2061",2589,2589,2591,0.000772499034376207
"2062","2062",2785,2785,2782,-0.00107719928186715
"2064","2064",3217,3219,3329,0.0348150450730494
"2065","2065",2728,2728,2936,0.0762463343108504
"2066","2066",825,825,825,0
"2067","2067",3958,3958,4145,0.0472460838807479
"2068","2068",1819,1819,1809,-0.00549752611324904
"2069","2069",2787,2782,2807,0.00717617509867241
"2070","2070",2417,2355,2415,-0.000827472072817542
"2071","2071",2387,2353,2353,-0.0142438206954336
"2072","2072",6903,7328,7297,0.0570766333478198
"2073","2073",1818,1836,1920,0.0561056105610561
"2074","2074",1292,1292,1281,-0.00851393188854489
"2075","2075",1370,1370,1497,0.0927007299270073
"2076","2076",976,976,976,0
"2077","2077",2887,2875,2765,-0.0422583997228957
"6103","6103",2887,2875,2765,-0.0422583997228957
"2078","2078",882,883,719,-0.184807256235828
"2079","2079",2580,2594,2594,0.00542635658914729
"2080","2080",2023,2023,2256,0.115175481957489
"2081","2081",1791,1791,2464,0.375767727526521
"2082","2082",2940,2940,2901,-0.013265306122449
"17527","17527",2940,2940,2901,-0.013265306122449
"2083","2083",1841,1835,1832,-0.0048886474741988
"2084","2084",2947,2946,3023,0.0257889379029522
"2085","2085",1914,1914,1886,-0.0146290491118077
"6083","6083",1914,1914,1886,-0.0146290491118077
"2086","2086",1261,1261,1287,0.0206185567010309
"2087","2087",8645,8644,8662,0.00196645459803355
"2088","2088",1962,1962,1964,0.00101936799184506
"2089","2089",3121,3161,3157,0.0115347644985582
"2090","2090",978,982,982,0.00408997955010225
"2091","2091",2874,2874,2890,0.00556715379262352
"2092","2092",4000,4004,3973,-0.00675
"2093","2093",3820,3820,3883,0.0164921465968586
"2094","2094",5211,5331,5182,-0.00556515064287085
"2095","2095",2506,2417,2418,-0.0351157222665603
"2096","2096",4654,4702,4689,0.00752041254834551
"2097","2097",1291,1289,1285,-0.00464756003098373
"2098","2098",2515,2515,2412,-0.0409542743538767
"2099","2099",3561,3419,3656,0.026677899466442
"2100","2100",2160,2160,2202,0.0194444444444444
"2217","2217",2160,2160,2202,0.0194444444444444
"2101","2101",1398,1400,1400,0.00143061516452074
"2102","2102",1524,1712,1422,-0.0669291338582677
"2103","2103",3515,3515,3515,0
"2104","2104",2300,2301,2299,-0.000434782608695652
"2105","2105",2633,2622,2612,-0.00797569312571212
"2106","2106",4445,4487,4454,0.00202474690663667
"2107","2107",1811,1813,1890,0.0436223081170624
"2108","2108",6820,6461,6177,-0.0942815249266862
"2109","2109",1840,1764,1717,-0.0668478260869565
"2110","2110",3140,3141,3209,0.0219745222929936
"2111","2111",2861,2861,2867,0.00209716882209018
"2112","2112",3863,3940,3862,-0.000258866166192079
"2113","2113",1412,1340,1341,-0.0502832861189802
"2114","2114",2560,2560,2470,-0.03515625
"2115","2115",3488,3458,3458,-0.00860091743119266
"2116","2116",2754,2753,2727,-0.00980392156862745
"13422","13422",2754,2753,2727,-0.00980392156862745
"2117","2117",4708,4720,4602,-0.0225148683092608
"2118","2118",2177,2177,2198,0.00964630225080386
"2119","2119",4332,4667,4488,0.03601108033241
"2120","2120",1817,1817,1742,-0.0412768299394606
"2121","2121",1591,1592,1847,0.160905091137649
"2122","2122",1293,1293,1181,-0.0866202629543697
"2123","2123",1850,1846,2049,0.107567567567568
"2124","2124",1699,1701,1701,0.00117716303708064
"2125","2125",2280,2280,2295,0.00657894736842105
"2126","2126",4992,4992,5060,0.0136217948717949
"2127","2127",2589,2587,2587,-0.000772499034376207
"2128","2128",2552,2550,2556,0.00156739811912226
"2129","2129",396,396,396,0
"2130","2130",3856,3858,3822,-0.00881742738589212
"2131","2131",2119,2154,2146,0.0127418593676262
"2132","2132",1222,1221,1347,0.102291325695581
"2133","2133",1514,1671,1651,0.0904887714663144
"2134","2134",3925,3498,3365,-0.142675159235669
"2135","2135",5370,5370,4664,-0.13147113594041
"2136","2136",5682,5735,5705,0.00404787046814502
"2137","2137",1578,1577,1663,0.0538656527249683
"2138","2138",3181,2477,2380,-0.251807607670544
"2139","2139",1978,1981,1739,-0.120829120323559
"2140","2140",3580,3710,3953,0.104189944134078
"2141","2141",1015,1001,1003,-0.0118226600985222
"2142","2142",2007,2051,1933,-0.036870951669158
"2143","2143",4741,4567,4516,-0.0474583421219152
"2145","2145",3370,3118,3177,-0.0572700296735905
"2146","2146",6523,6185,6181,-0.0524298635597118
"2147","2147",2201,2201,2522,0.145842798727851
"2148","2148",2041,2041,1889,-0.0744732974032337
"2149","2149",2340,2340,2338,-0.000854700854700855
"2150","2150",4841,4570,4891,0.0103284445362528
"2151","2151",2891,2890,2793,-0.0338983050847458
"2152","2152",1431,1431,1712,0.196366177498253
"10402","10402",1431,1431,1712,0.196366177498253
"2153","2153",1936,1937,1951,0.00774793388429752
"2154","2154",2900,2900,2668,-0.08
"2155","2155",1512,1510,1511,-0.000661375661375661
"2156","2156",2538,2538,2538,0
"2157","2157",1737,1737,1739,0.00115141047783535
"2158","2158",2035,2039,2163,0.0628992628992629
"2159","2159",4142,4114,4112,-0.00724287783679382
"2160","2160",3576,3656,3707,0.0366331096196868
"2161","2161",3006,3006,3176,0.0565535595475715
"2162","2162",2846,2813,2814,-0.011243851018974
"2163","2163",1490,1388,1363,-0.0852348993288591
"11653","11653",1490,1388,1363,-0.0852348993288591
"2164","2164",1664,1664,1933,0.161658653846154
"2165","2165",2330,2329,2329,-0.000429184549356223
"2166","2166",2487,2487,2485,-0.000804181745074387
"2167","2167",3710,3736,3737,0.00727762803234501
"2168","2168",9190,9210,9154,-0.00391730141458107
"2169","2169",3029,2975,3641,0.202046880158468
"2170","2170",4308,4309,4380,0.0167130919220056
"2171","2171",3149,3149,3011,-0.0438234360114322
"2172","2172",6009,6010,5657,-0.0585787984689632
"2174","2174",3029,2327,2543,-0.160448993067019
"2175","2175",2198,2198,2198,0
"2176","2176",3813,3718,3727,-0.022554419092578
"2177","2177",8463,8461,8483,0.00236322816967978
"2178","2178",3794,3767,3734,-0.0158144438587243
"2179","2179",1883,1883,1896,0.00690387679235263
"17291","17291",1883,1883,1896,0.00690387679235263
"2180","2180",2317,2285,2300,-0.0073370738023306
"2181","2181",1611,1611,1703,0.0571073867163253
"2182","2182",6549,6550,6545,-0.000610780271797221
"2183","2183",6211,6210,6231,0.0032200933827081
"2184","2184",3128,3131,2777,-0.112212276214834
"2185","2185",963,963,963,0
"13787","13787",963,963,963,0
"2186","2186",3003,3005,3010,0.00233100233100233
"10079","10079",3003,3005,3010,0.00233100233100233
"2187","2187",2443,2451,2452,0.00368399508800655
"2188","2188",4419,4420,4472,0.0119936637248246
"2189","2189",1661,1661,1656,-0.00301023479831427
"2190","2190",1769,1758,2184,0.234595816845676
"2191","2191",1740,1740,1710,-0.0172413793103448
"2192","2192",2732,2746,2746,0.00512445095168375
"2193","2193",9876,9593,9887,0.00111381125961928
"2194","2194",1356,1359,1499,0.105457227138643
"2195","2195",3036,3030,3030,-0.00197628458498024
"2196","2196",2504,2473,2446,-0.0231629392971246
"2197","2197",1346,1346,1000,-0.257057949479941
"2198","2198",859,858,854,-0.00582072176949942
"2199","2199",1649,1600,1162,-0.295330503335355
"2200","2200",1978,1978,2116,0.0697674418604651
"2201","2201",2660,2625,2617,-0.0161654135338346
"2202","2202",3881,4070,4066,0.0476681267714507
"2203","2203",2910,2847,2846,-0.0219931271477663
"2204","2204",839,839,839,0
"2205","2205",4651,4654,4740,0.0191356697484412
"2206","2206",2403,2390,2350,-0.0220557636287973
"2207","2207",4869,4396,5009,0.028753337440953
"2208","2208",2431,2402,2565,0.0551213492389963
"2209","2209",2317,2287,2301,-0.00690548122572292
"2210","2210",2919,2931,2710,-0.0715998629667694
"2211","2211",2444,2397,2375,-0.0282324058919804
"2212","2212",1453,1466,1466,0.00894700619408121
"2213","2213",1390,1390,1244,-0.105035971223022
"2214","2214",2241,2229,2283,0.0187416331994645
"2215","2215",7322,7325,7314,-0.00109259765091505
"2216","2216",4010,3981,4073,0.01571072319202
"2218","2218",1499,1499,1485,-0.00933955970647098
"2219","2219",1930,1930,2013,0.0430051813471503
"2220","2220",2727,2894,2895,0.0616061606160616
"2221","2221",3938,4247,3900,-0.00964956830878619
"2222","2222",1743,1733,1745,0.00114744693057946
"2223","2223",2528,2416,2528,0
"2224","2224",4017,3320,3129,-0.221060492905153
"2225","2225",7856,7856,7918,0.00789205702647658
"2226","2226",2118,2118,2115,-0.00141643059490085
"2227","2227",1832,1880,1880,0.0262008733624454
"2228","2228",2618,2615,2478,-0.053475935828877
"2229","2229",2449,2431,2431,-0.00734993875051041
"2230","2230",3616,3637,3487,-0.0356747787610619
"2231","2231",1719,1720,1700,-0.0110529377545084
"2232","2232",1122,1122,1122,0
"2233","2233",2276,2276,2276,0
"2234","2234",1915,1910,1910,-0.00261096605744125
"2235","2235",4251,4252,4248,-0.000705716302046577
"2236","2236",13037,13149,13049,0.00092045716038966
"2237","2237",1517,1537,1368,-0.0982201713909031
"2238","2238",3110,3117,3117,0.0022508038585209
"2239","2239",3573,3575,3538,-0.00979568989644556
"2240","2240",1948,1948,1948,0
"5970","5970",1948,1948,1948,0
"2241","2241",3128,3128,2803,-0.103900255754476
"2242","2242",3571,3575,3576,0.00140016802016242
"2243","2243",2331,2331,2288,-0.0184470184470184
"8769","8769",2331,2331,2288,-0.0184470184470184
"17543","17543",2331,2331,2288,-0.0184470184470184
"2244","2244",2195,1882,1968,-0.103416856492027
"2245","2245",1343,1345,1345,0.00148920327624721
"2246","2246",1218,1351,1132,-0.0706075533661741
"2247","2247",944,944,944,0
"2248","2248",2496,2502,2537,0.0164262820512821
"2249","2249",3024,3024,3055,0.0102513227513228
"9294","9294",3024,3024,3055,0.0102513227513228
"2250","2250",2726,2760,2850,0.045487894350697
"2251","2251",2538,2538,2601,0.024822695035461
"17783","17783",2538,2538,2601,0.024822695035461
"2252","2252",2911,2486,2491,-0.144280316042597
"2253","2253",2866,2881,2880,0.00488485694347523
"2254","2254",3987,3988,3992,0.00125407574617507
"2255","2255",1421,1421,1421,0
"2256","2256",2610,3147,2334,-0.105747126436782
"2257","2257",7603,7632,7480,-0.0161778245429436
"2258","2258",3498,3468,3437,-0.0174385363064608
"2259","2259",2091,2091,2276,0.0884744141559063
"2260","2260",2802,2971,2085,-0.255888650963597
"2261","2261",4213,4277,4098,-0.0272964633277949
"2262","2262",2537,2525,2528,-0.00354749704375246
"2264","2264",1123,1123,1385,0.233303650934996
"2266","2266",5878,5484,5486,-0.0666893501190881
"2267","2267",2120,2212,2259,0.0655660377358491
"2268","2268",8891,8862,8712,-0.0201327184793612
"2269","2269",1833,1833,1832,-0.000545553737043099
"2270","2270",2740,2740,2738,-0.00072992700729927
"2271","2271",1657,1657,1656,-0.000603500301750151
"2272","2272",2517,2025,2026,-0.195073500198649
"11494","11494",2517,2025,2026,-0.195073500198649
"2273","2273",3916,3914,3914,-0.000510725229826353
"2274","2274",2262,2262,2262,0
"14476","14476",2262,2262,2262,0
"2275","2275",1925,1925,1769,-0.081038961038961
"3115","3115",1925,1925,1769,-0.081038961038961
"2276","2276",1503,1414,1412,-0.0605455755156354
"2277","2277",1796,1786,1811,0.00835189309576837
"2278","2278",5360,5210,5218,-0.0264925373134328
"2279","2279",1719,1719,1759,0.0232693426410704
"2280","2280",1044,1044,1158,0.109195402298851
"2281","2281",1813,1813,1483,-0.182018753447325
"2282","2282",3343,3311,3256,-0.0260245288662878
"2283","2283",7079,7081,6980,-0.0139850261336347
"2284","2284",1154,1154,1154,0
"2285","2285",3008,3028,3142,0.0445478723404255
"4490","4490",3008,3028,3142,0.0445478723404255
"2286","2286",3831,3785,3789,-0.0109631949882537
"2287","2287",3340,3336,3333,-0.00209580838323353
"2288","2288",3435,3381,3521,0.0250363901018923
"2289","2289",2652,2658,2648,-0.00150829562594268
"2290","2290",2742,2742,2715,-0.00984682713347921
"2291","2291",2376,2406,2413,0.0155723905723906
"2292","2292",2091,2090,2158,0.0320420851267336
"2293","2293",3128,3124,2648,-0.153452685421995
"2295","2295",2764,2764,2784,0.00723589001447178
"2296","2296",3916,4094,4088,0.0439223697650664
"2297","2297",696,670,724,0.0402298850574713
"2298","2298",3759,3632,3632,-0.0337855812716148
"2299","2299",2324,2265,2217,-0.0460413080895009
"2300","2300",3467,3467,3330,-0.0395154312085376
"2301","2301",5848,6182,5937,0.015218878248974
"2302","2302",1498,1497,1497,-0.000667556742323097
"9827","9827",1498,1497,1497,-0.000667556742323097
"2303","2303",1385,1317,1330,-0.0397111913357401
"2304","2304",1570,1567,1570,0
"2305","2305",973,973,973,0
"2306","2306",2689,2669,2778,0.0330978058757903
"2307","2307",3971,3856,3915,-0.0141022412490557
"2308","2308",2307,2307,2384,0.0333766796705678
"8821","8821",2307,2307,2384,0.0333766796705678
"2309","2309",1651,1651,1631,-0.0121138703815869
"2310","2310",1716,1716,1527,-0.11013986013986
"2311","2311",1371,1371,1377,0.00437636761487965
"2312","2312",2309,2379,2270,-0.0168904287570377
"2313","2313",2738,2353,2383,-0.129656683710738
"2314","2314",1224,1224,1371,0.120098039215686
"3158","3158",1224,1224,1371,0.120098039215686
"2315","2315",1461,1519,1520,0.0403832991101985
"2316","2316",8372,8452,8555,0.0218585762064023
"2317","2317",4316,4243,4213,-0.0238646895273401
"2318","2318",1903,1758,1892,-0.00578034682080925
"12056","12056",1903,1758,1892,-0.00578034682080925
"2319","2319",2777,2737,2668,-0.0392509902772776
"2320","2320",4116,4118,4006,-0.0267249757045675
"2321","2321",2266,2267,2552,0.12621359223301
"2322","2322",1895,1895,1887,-0.00422163588390501
"2323","2323",11451,11769,11234,-0.0189503100165924
"2324","2324",3278,3278,3242,-0.0109823062843197
"2325","2325",2772,2772,2759,-0.00468975468975469
"2326","2326",1605,1603,1608,0.00186915887850467
"2327","2327",2005,2005,2001,-0.00199501246882793
"2328","2328",2250,2250,2242,-0.00355555555555556
"2329","2329",2370,2370,2419,0.0206751054852321
"2330","2330",3757,3757,3760,0.00079850944902848
"2331","2331",5386,5344,5428,0.0077979948013368
"2332","2332",2073,2073,2066,-0.00337674867342016
"2333","2333",2461,2517,1762,-0.284030881755384
"2334","2334",1435,1434,1738,0.211149825783972
"2335","2335",3739,3742,3766,0.0072211821342605
"2336","2336",2951,2919,2748,-0.068790240596408
"2337","2337",878,878,841,-0.0421412300683371
"2338","2338",1248,1248,1256,0.00641025641025641
"2339","2339",3592,3459,3663,0.0197661469933185
"2340","2340",5208,5181,4983,-0.0432027649769585
"2341","2341",3781,3781,4040,0.0685003967204443
"2342","2342",2132,2132,2125,-0.00328330206378987
"2343","2343",3183,3312,3227,0.0138234370091109
"2344","2344",5003,5003,4980,-0.004597241655007
"2345","2345",1481,1626,1391,-0.0607697501688049
"18614","18614",1481,1626,1391,-0.0607697501688049
"2346","2346",1906,1886,1754,-0.0797481636935992
"3040","3040",1906,1886,1754,-0.0797481636935992
"2347","2347",3484,3459,3454,-0.00861079219288174
"2348","2348",1326,1652,1640,0.236802413273001
"2349","2349",2363,2023,1907,-0.192975031739314
"11426","11426",2363,2023,1907,-0.192975031739314
"16159","16159",2363,2023,1907,-0.192975031739314
"2350","2350",2645,2449,2701,0.02117202268431
"2351","2351",4906,4917,4673,-0.0474928658785161
"2352","2352",2983,2986,2745,-0.0797854508883674
"2353","2353",5640,5660,5345,-0.0523049645390071
"2354","2354",5513,5370,5507,-0.00108833665880646
"2355","2355",1837,1837,1633,-0.111050626020686
"2356","2356",1215,1277,1402,0.153909465020576
"2357","2357",1152,1152,1152,0
"2358","2358",1139,1141,1167,0.0245829675153644
"2359","2359",2954,2918,2928,-0.00880162491536899
"2360","2360",3453,2743,2534,-0.266145380828265
"2361","2361",2894,2924,2948,0.0186592950932965
"2362","2362",1929,1929,1929,0
"2363","2363",1412,1394,1398,-0.00991501416430595
"2364","2364",2930,2921,2878,-0.0177474402730375
"13231","13231",2930,2921,2878,-0.0177474402730375
"2365","2365",2026,2027,2028,0.000987166831194472
"2366","2366",1419,1420,1414,-0.00352360817477097
"2367","2367",2330,2332,2332,0.000858369098712446
"2368","2368",6003,6010,5969,-0.00566383474929202
"2369","2369",3745,3760,3760,0.00400534045393859
"2370","2370",2728,2796,2689,-0.0142961876832845
"2371","2371",5154,5091,5071,-0.0161039968956151
"2372","2372",2127,2127,2133,0.00282087447108604
"2373","2373",2305,2299,2224,-0.0351409978308026
"2374","2374",1531,1531,1529,-0.00130633572828217
"2376","2376",2267,2267,1972,-0.130127922364358
"2377","2377",5363,5364,5627,0.0492261793772142
"2378","2378",4493,4645,4617,0.0275984865346094
"2379","2379",2394,2523,2496,0.0426065162907268
"2380","2380",3271,3966,4030,0.232039131763987
"2381","2381",5586,5554,5406,-0.0322234156820623
"2382","2382",2427,2434,2410,-0.00700453234445818
"2383","2383",2282,2282,2171,-0.0486415425065732
"7156","7156",2282,2282,2171,-0.0486415425065732
"2384","2384",2841,3131,2867,0.00915170714537135
"2385","2385",6826,6721,6727,-0.0145033694696748
"2386","2386",2642,2643,2594,-0.0181680545041635
"2387","2387",1369,1313,1313,-0.0409057706355004
"2388","2388",3805,3782,3794,-0.00289093298291721
"2389","2389",3779,3779,3857,0.0206403810531887
"2390","2390",2803,2801,2718,-0.0303246521584017
"2391","2391",1645,1702,1645,0
"2392","2392",1642,1642,2556,0.556638246041413
"6126","6126",1642,1642,2556,0.556638246041413
"2393","2393",5856,5887,5854,-0.000341530054644809
"2394","2394",1732,1732,1732,0
"2395","2395",4309,4309,4309,0
"2396","2396",5635,5644,5244,-0.0693877551020408
"2397","2397",2374,2466,2374,0
"2398","2398",750,750,814,0.0853333333333333
"2399","2399",1104,1104,1104,0
"2400","2400",1682,1655,1548,-0.079667063020214
"2401","2401",2314,2287,2240,-0.0319792566983578
"2402","2402",4994,4992,5000,0.00120144173007609
"2403","2403",4405,4300,4284,-0.0274687854710556
"2404","2404",1356,1356,1298,-0.0427728613569322
"2405","2405",4036,4020,3884,-0.0376610505450942
"2406","2406",4046,4058,4233,0.046218487394958
"2407","2407",1810,1783,1828,0.00994475138121547
"2408","2408",3892,3891,3603,-0.0742548818088386
"2409","2409",5353,5301,4978,-0.0700541752288436
"2410","2410",3722,3799,3577,-0.03895754970446
"2411","2411",5028,4981,5035,0.00139220365950676
"2412","2412",1313,1313,1313,0
"2413","2413",1194,1195,1195,0.000837520938023451
"2414","2414",4231,4215,4193,-0.00898132829118412
"2415","2415",2079,2080,2080,0.000481000481000481
"2416","2416",1666,1666,1631,-0.0210084033613445
"2417","2417",2578,2583,2582,0.00155159038013964
"13016","13016",2578,2583,2582,0.00155159038013964
"2418","2418",5923,5966,5665,-0.0435590072598345
"2419","2419",2539,2538,2549,0.00393855848759354
"2420","2420",2198,2216,2222,0.010919017288444
"2421","2421",3503,3503,3431,-0.0205538110191265
"2422","2422",1903,1903,1903,0
"2423","2423",5315,4917,5330,0.00282220131702728
"2424","2424",4203,4198,4198,-0.00118962645729241
"2425","2425",4932,4952,4990,0.0117599351175994
"2426","2426",1398,1398,1398,0
"2427","2427",1854,1566,1566,-0.155339805825243
"2428","2428",4202,4181,3745,-0.108757734412185
"2429","2429",4936,4935,4935,-0.00020259319286872
"2430","2430",4381,4358,4369,-0.00273910066194933
"2431","2431",3267,3248,3387,0.0367309458218549
"2432","2432",7974,7131,7114,-0.107850514171056
"2433","2433",4289,4395,4558,0.0627185824201446
"2434","2434",3201,3201,2764,-0.136519837550765
"2435","2435",1544,1543,1543,-0.000647668393782383
"2436","2436",2080,2247,2098,0.00865384615384615
"2437","2437",2965,2965,2974,0.003035413153457
"2438","2438",2116,2121,2039,-0.0363894139886578
"2439","2439",4509,4509,4398,-0.0246174318030605
"2440","2440",1241,1235,1235,-0.0048348106365834
"2441","2441",4604,4605,4523,-0.0175933970460469
"2442","2442",3714,4043,4043,0.0885837372105547
"2443","2443",3396,3394,3313,-0.0244405182567727
"2444","2444",3299,3299,3201,-0.0297059715065171
"2445","2445",2305,2299,2298,-0.00303687635574837
"2446","2446",4392,4395,4393,0.000227686703096539
"2447","2447",2009,1892,1452,-0.277252364360378
"2448","2448",1608,1608,1608,0
"2449","2449",7346,7347,7296,-0.00680642526545059
"2450","2450",2108,2107,2202,0.0445920303605313
"2451","2451",1871,1871,1782,-0.0475681453768039
"2452","2452",2284,2210,2183,-0.0442206654991243
"2453","2453",3957,3961,4049,0.0232499368208239
"2454","2454",7132,7132,6808,-0.0454290521592821
"2455","2455",6424,6594,6507,0.012920298879203
"2456","2456",8248,8246,8088,-0.0193986420950533
"2457","2457",2250,2250,2251,0.000444444444444444
"2458","2458",6790,6781,6789,-0.000147275405007364
"2459","2459",2758,2758,3005,0.0895576504713561
"2460","2460",2069,2072,2039,-0.014499758337361
"2461","2461",1783,1786,1786,0.00168255748738082
"2462","2462",2804,2804,2815,0.00392296718972896
"2463","2463",2627,2619,2411,-0.0822230681385611
"2464","2464",1754,1754,1784,0.0171037628278221
"2465","2465",2326,2325,2448,0.0524505588993981
"2466","2466",2189,2208,2188,-0.000456829602558246
"2467","2467",3029,3062,3046,0.00561241333773523
"2468","2468",7507,7502,7413,-0.0125216464633009
"2469","2469",1811,1811,1794,-0.0093870789618995
"2470","2470",3251,3244,3195,-0.0172254690864349
"2471","2471",1346,1310,1311,-0.0260029717682021
"2472","2472",1500,1499,1522,0.0146666666666667
"2473","2473",3544,3546,3547,0.000846501128668172
"2474","2474",8219,8178,8093,-0.0153303321571967
"2475","2475",1167,1168,1154,-0.0111396743787489
"15701","15701",1167,1168,1154,-0.0111396743787489
"2476","2476",3327,3322,2246,-0.324917342951608
"2477","2477",1560,1561,1577,0.0108974358974359
"2478","2478",4129,4159,3984,-0.0351174618551707
"2479","2479",1202,1192,1323,0.100665557404326
"2480","2480",946,989,953,0.00739957716701903
"2481","2481",4836,4831,4783,-0.01095947063689
"2482","2482",4482,4485,4484,0.000446229361892012
"2483","2483",2445,2416,2238,-0.0846625766871166
"2484","2484",3251,3198,3328,0.023685019993848
"2485","2485",2118,2107,2121,0.00141643059490085
"2486","2486",2899,3070,3017,0.0407036909279062
"2487","2487",1004,1000,1000,-0.00398406374501992
"2488","2488",1441,1367,1166,-0.190839694656489
"2489","2489",1479,1479,1475,-0.00270453008789723
"17186","17186",1479,1479,1475,-0.00270453008789723
"2490","2490",3596,3566,3576,-0.00556173526140156
"2491","2491",2668,2667,2492,-0.0659670164917541
"2492","2492",3008,2785,2722,-0.0950797872340425
"2493","2493",3916,3842,3842,-0.0188968335035751
"2494","2494",2370,2370,2400,0.0126582278481013
"2495","2495",6619,6626,6528,-0.0137483003474845
"2496","2496",2139,2156,2005,-0.0626460963066854
"2497","2497",2320,2320,2318,-0.000862068965517241
"2498","2498",2132,2132,1899,-0.109287054409006
"5334","5334",2132,2132,1899,-0.109287054409006
"15212","15212",2132,2132,1899,-0.109287054409006
"2499","2499",3941,3968,3806,-0.0342552651611266
"2500","2500",6093,6094,6097,0.000656491055309371
"2501","2501",2876,2877,2875,-0.000347705146036161
"2502","2502",3527,3530,3539,0.00340232492203005
"2503","2503",1679,1688,1682,0.00178677784395473
"2504","2504",2416,2415,2428,0.00496688741721854
"2505","2505",4441,4441,4513,0.0162125647376717
"2506","2506",1910,1881,1917,0.00366492146596859
"2507","2507",952,938,937,-0.0157563025210084
"2508","2508",1761,1849,2020,0.147075525269733
"2509","2509",2409,2409,2651,0.100456621004566
"2510","2510",8469,8460,8287,-0.0214901405124572
"2511","2511",1937,1330,1616,-0.165720185854414
"2512","2512",8348,8363,8031,-0.0379731672256828
"2513","2513",1811,1813,1874,0.0347874102705687
"2514","2514",3743,3673,3655,-0.023510553032327
"2515","2515",2614,2614,2618,0.00153022188217292
"2516","2516",1298,1298,1355,0.0439137134052388
"12708","12708",1298,1298,1355,0.0439137134052388
"2517","2517",1481,1481,1428,-0.0357866306549629
"2518","2518",2272,2272,2186,-0.0378521126760563
"2519","2519",3222,3222,2890,-0.103041589075109
"2520","2520",3594,3599,3601,0.00194769059543684
"2521","2521",2484,2484,2619,0.0543478260869565
"2522","2522",1735,1735,1735,0
"2523","2523",1162,1137,1162,0
"8465","8465",1162,1137,1162,0
"8628","8628",1162,1137,1162,0
"2524","2524",4335,4334,4330,-0.00115340253748558
"2525","2525",1826,1823,1823,-0.00164293537787514
"2526","2526",2348,2348,2578,0.0979557069846678
"2527","2527",1253,1253,1253,0
"2528","2528",4030,4032,4033,0.000744416873449132
"2529","2529",6206,6340,6579,0.0601031260070899
"2530","2530",4001,3856,3907,-0.0234941264683829
"2531","2531",2523,2523,2523,0
"2532","2532",2439,2439,2438,-0.000410004100041
"2533","2533",5187,5177,4947,-0.0462695199537305
"2534","2534",4603,4606,4616,0.00282424505757115
"2535","2535",5667,5777,5663,-0.000705840832892183
"2536","2536",2045,1987,2119,0.0361858190709046
"4576","4576",2045,1987,2119,0.0361858190709046
"2537","2537",4516,4515,4427,-0.0197077059344553
"2538","2538",2382,2327,2327,-0.0230898404701931
"2539","2539",9549,9586,8713,-0.0875484343910357
"2540","2540",3491,3492,3473,-0.00515611572615297
"2541","2541",3470,3443,3354,-0.0334293948126801
"2542","2542",2385,2389,2403,0.00754716981132075
"2543","2543",3921,3921,3928,0.00178525886253507
"2544","2544",3251,3251,3250,-0.000307597662257767
"2545","2545",4157,4169,4159,0.000481116189559779
"2546","2546",4925,4925,5108,0.0371573604060914
"2547","2547",5993,5994,5994,0.000166861338227933
"2548","2548",1951,1951,1918,-0.0169144028703229
"2549","2549",5794,5799,5793,-0.000172592336900242
"2550","2550",1710,1928,1704,-0.00350877192982456
"2551","2551",1880,1880,1791,-0.0473404255319149
"2552","2552",2520,2520,2571,0.0202380952380952
"2553","2553",2635,2634,2663,0.0106261859582543
"2554","2554",1690,1619,1594,-0.0568047337278106
"2555","2555",3308,3525,3525,0.0655985489721886
"2556","2556",1124,1124,1128,0.00355871886120996
"2557","2557",2078,2080,2033,-0.021655437921078
"2558","2558",6210,6045,6444,0.0376811594202899
"2559","2559",2229,2273,2279,0.0224315836698071
"2560","2560",1669,1668,1695,0.0155781905332534
"2561","2561",1991,2001,2005,0.00703164239075841
"2562","2562",2758,2760,2760,0.000725163161711385
"2563","2563",1212,1212,1181,-0.0255775577557756
"2564","2564",5764,5764,5692,-0.0124913254684247
"2565","2565",2205,2205,2206,0.000453514739229025
"2566","2566",1953,1900,1754,-0.10189452124936
"2567","2567",2884,3101,2960,0.0263522884882108
"2568","2568",1419,1405,1419,0
"3887","3887",1419,1405,1419,0
"2569","2569",2544,2683,2683,0.0546383647798742
"2570","2570",2661,2660,2766,0.0394588500563698
"2571","2571",1227,1227,1225,-0.00162999185004075
"2572","2572",4909,4584,4611,-0.0607048278671827
"2573","2573",3855,4310,3985,0.0337224383916991
"2574","2574",5713,5749,5656,-0.00997724488009802
"2575","2575",7082,7088,6927,-0.0218864727478114
"2576","2576",1005,1005,986,-0.0189054726368159
"2577","2577",3952,3951,3958,0.00151821862348178
"2578","2578",2562,2559,2517,-0.0175644028103044
"2579","2579",2729,2816,2856,0.0465371931110297
"2580","2580",1371,1327,1369,-0.00145878920495988
"2581","2581",1688,1688,1681,-0.00414691943127962
"16334","16334",1688,1688,1681,-0.00414691943127962
"2582","2582",4494,4422,4453,-0.00912327547841566
"2583","2583",3206,3206,3219,0.0040548970679975
"2584","2584",1171,1171,1171,0
"2585","2585",3715,3846,3612,-0.0277254374158816
"2586","2586",2583,2333,2336,-0.0956252419667054
"2587","2587",2410,2410,2347,-0.0261410788381743
"2589","2589",1594,1594,1587,-0.00439146800501882
"2590","2590",2260,2235,2206,-0.0238938053097345
"2591","2591",1384,1384,1385,0.000722543352601156
"2592","2592",4723,4722,4722,-0.000211729832733432
"2593","2593",3697,3697,3697,0
"2594","2594",4044,4171,4171,0.031404549950544
"2595","2595",3335,3104,3136,-0.0596701649175412
"2596","2596",3929,3808,4065,0.0346144057011962
"2597","2597",4399,4399,4520,0.0275062514207775
"2598","2598",7019,6987,6983,-0.00512893574583274
"2599","2599",1254,1254,1254,0
"2600","2600",2479,2517,2520,0.0165389269866882
"2601","2601",4639,4625,4855,0.0465617589997844
"2602","2602",4891,3659,3556,-0.272950316908608
"2603","2603",10764,10640,10496,-0.0248978075065032
"2604","2604",3015,3013,2775,-0.0796019900497512
"2605","2605",2658,2667,2629,-0.0109104589917231
"2606","2606",2860,2861,2928,0.0237762237762238
"2607","2607",2017,1511,1888,-0.0639563708477938
"2608","2608",3849,3849,3575,-0.0711873213821772
"2609","2609",4457,4457,4045,-0.0924388602198788
"2610","2610",3034,3033,3034,0
"2611","2611",4926,4926,4924,-0.000406008932196508
"2612","2612",2105,2111,2111,0.00285035629453682
"2613","2613",3794,3794,3617,-0.0466526093832367
"2614","2614",4321,4244,4291,-0.00694283730617912
"2615","2615",1495,1493,1603,0.0722408026755853
"2616","2616",2214,2184,2137,-0.0347786811201445
"2617","2617",1330,1287,1292,-0.0285714285714286
"2618","2618",1702,1702,1702,0
"2619","2619",1805,1805,1881,0.0421052631578947
"2620","2620",4561,4609,4710,0.0326682745012059
"2621","2621",2148,2467,2466,0.14804469273743
"2622","2622",3738,3667,3680,-0.0155163188871054
"2623","2623",6926,6929,6911,-0.00216575223794398
"2624","2624",1233,1233,1344,0.0900243309002433
"2625","2625",1729,1829,1770,0.0237131289762869
"2626","2626",1370,1370,1835,0.339416058394161
"2627","2627",3817,3963,3599,-0.0571129159025413
"2628","2628",3277,3277,3193,-0.0256332010985658
"2629","2629",3384,3384,3403,0.00561465721040189
"2630","2630",3394,3394,3394,0
"2631","2631",1646,1643,1545,-0.0613608748481166
"2632","2632",2873,2839,2838,-0.0121823877479986
"2633","2633",4086,4073,3991,-0.0232501223690651
"2634","2634",4180,4216,4231,0.012200956937799
"2635","2635",2972,2971,2971,-0.000336473755047106
"5929","5929",2972,2971,2971,-0.000336473755047106
"2636","2636",2490,2490,2490,0
"2637","2637",6547,6567,6412,-0.0206201313578738
"2638","2638",3267,3266,3225,-0.0128558310376492
"2640","2640",2115,2116,2101,-0.0066193853427896
"2641","2641",4530,4444,4520,-0.0022075055187638
"2642","2642",1935,1935,1935,0
"2643","2643",7439,7653,6820,-0.0832101088856029
"2644","2644",1686,1686,1773,0.0516014234875445
"2645","2645",2363,2361,2361,-0.000846381718154888
"2646","2646",1979,1979,1989,0.00505305709954523
"2647","2647",3698,3698,3782,0.0227149810708491
"2648","2648",1723,1723,1540,-0.106210098665119
"2649","2649",2245,2244,2242,-0.00133630289532294
"2650","2650",1458,1458,1458,0
"2651","2651",3377,3388,3798,0.124666864080545
"2652","2652",2447,2447,2450,0.00122599100939926
"2653","2653",4556,4068,4018,-0.118086040386304
"2654","2654",7051,7051,6518,-0.0755921145936747
"2655","2655",3942,3944,3920,-0.00558092338914257
"2656","2656",6912,6659,6786,-0.0182291666666667
"2657","2657",1359,1360,1362,0.0022075055187638
"2658","2658",3019,3040,3041,0.00728718118582312
"2659","2659",8668,8669,8247,-0.0485694508537148
"2660","2660",1817,1817,1662,-0.085305448541552
"2661","2661",1072,1072,1072,0
"2662","2662",1682,1682,1682,0
"2663","2663",2246,2247,2242,-0.00178094390026714
"2664","2664",2014,1922,1699,-0.156405163853029
"2665","2665",8207,8119,8205,-0.000243694407213354
"2666","2666",2916,2891,2883,-0.0113168724279835
"2667","2667",3973,4073,4256,0.0712308079536874
"2668","2668",7235,7237,7599,0.0503109882515549
"2669","2669",5006,5000,4798,-0.0415501398322014
"2670","2670",2058,2057,2051,-0.00340136054421769
"2671","2671",9740,9750,9453,-0.0294661190965092
"2672","2672",1173,1173,1098,-0.0639386189258312
"2673","2673",2119,1972,1987,-0.0622935346861727
"2674","2674",3019,3020,2921,-0.0324610798277575
"2675","2675",3682,3682,3583,-0.0268875611080934
"2676","2676",2536,2514,2510,-0.0102523659305994
"2677","2677",1865,1865,1975,0.0589812332439678
"2678","2678",2958,3013,3011,0.0179175118323191
"2679","2679",2616,2595,2723,0.0409021406727829
"2680","2680",3490,3484,3486,-0.00114613180515759
"2681","2681",3371,3383,3346,-0.00741619697419163
"2682","2682",1330,1334,1332,0.00150375939849624
"2683","2683",1669,1669,1669,0
"4791","4791",1669,1669,1669,0
"2684","2684",6529,6511,6600,0.0108745596569153
"2685","2685",2327,2326,2328,0.000429737859905458
"2686","2686",1506,1279,1377,-0.0856573705179283
"2687","2687",3274,3103,3245,-0.00885766646304215
"2688","2688",2688,2931,2344,-0.12797619047619
"2689","2689",5236,5231,5294,0.0110771581359817
"2690","2690",3489,3489,3463,-0.00745199197477787
"2691","2691",1573,2144,2144,0.363000635727908
"2692","2692",4857,4940,4955,0.020177064031295
"2693","2693",1603,1603,1607,0.00249532127261385
"2694","2694",3606,3572,3647,0.0113699389905713
"2695","2695",9988,9775,9887,-0.0101121345614738
"2696","2696",2074,2089,1870,-0.0983606557377049
"2697","2697",4290,4664,4670,0.0885780885780886
"2698","2698",5024,5023,4355,-0.133160828025478
"2699","2699",1963,1740,1893,-0.0356597045338767
"2700","2700",5873,5879,6182,0.052613655712583
"2701","2701",4205,4205,4214,0.00214030915576694
"2702","2702",2464,2464,2791,0.132711038961039
"2703","2703",3762,3735,3732,-0.00797448165869218
"2704","2704",1328,1328,1314,-0.0105421686746988
"2705","2705",2385,2400,2332,-0.0222222222222222
"2706","2706",4601,4596,4673,0.0156487720060856
"2707","2707",4315,4315,4315,0
"2708","2708",2396,2709,2709,0.130634390651085
"2709","2709",1795,2047,2047,0.140389972144847
"19114","19114",1795,2047,2047,0.140389972144847
"2710","2710",810,810,879,0.0851851851851852
"2711","2711",1713,1743,1758,0.0262697022767075
"2712","2712",1818,1820,1795,-0.0126512651265127
"5855","5855",1818,1820,1795,-0.0126512651265127
"2713","2713",3597,3923,3663,0.018348623853211
"2714","2714",2963,2962,3281,0.107323658454269
"2715","2715",5752,5721,5715,-0.00643254520166898
"2716","2716",2307,2309,2271,-0.0156046814044213
"2717","2717",2234,2231,2231,-0.00134288272157565
"2718","2718",1779,1782,1756,-0.0129286115795391
"2719","2719",4221,4221,4221,0
"2720","2720",5666,4928,4791,-0.154429932933286
"2721","2721",3918,4067,4084,0.0423685553854007
"2722","2722",3716,3708,3737,0.00565123789020452
"2723","2723",3025,3043,3153,0.0423140495867769
"2724","2724",2774,2799,2854,0.0288392213410238
"2725","2725",1884,1887,1899,0.00796178343949045
"18276","18276",1884,1887,1899,0.00796178343949045
"2726","2726",1481,1481,1663,0.12288993923025
"2727","2727",1294,1312,1312,0.0139103554868624
"2728","2728",2874,2871,2800,-0.0257480862908838
"2729","2729",2386,2386,2386,0
"2730","2730",4700,4649,4655,-0.00957446808510638
"2731","2731",1966,1966,1979,0.00661241098677518
"2732","2732",1275,1275,1276,0.000784313725490196
"2733","2733",1634,1663,1661,0.0165238678090575
"2734","2734",1454,1454,1454,0
"2735","2735",2052,2052,1896,-0.0760233918128655
"2736","2736",2754,2739,2739,-0.00544662309368192
"2737","2737",1429,1429,1429,0
"2738","2738",2117,2188,2175,0.0273972602739726
"2739","2739",3380,3380,1624,-0.519526627218935
"2740","2740",4668,4668,4639,-0.00621251071122536
"2741","2741",6444,6474,6606,0.0251396648044693
"2742","2742",2347,2211,2036,-0.132509586706434
"2743","2743",876,877,842,-0.0388127853881279
"14900","14900",876,877,842,-0.0388127853881279
"2744","2744",1001,1001,1001,0
"2745","2745",1550,1619,1550,0
"2746","2746",4392,4166,4193,-0.0453096539162113
"2747","2747",2688,2706,2456,-0.0863095238095238
"2748","2748",2281,2276,2200,-0.0355107409031127
"2749","2749",1779,1755,1794,0.00843170320404722
"9884","9884",1779,1755,1794,0.00843170320404722
"2750","2750",2991,2963,2963,-0.00936141758609161
"2751","2751",2683,2683,2682,-0.000372717107715244
"2752","2752",5007,5009,4771,-0.0471340123826643
"2753","2753",2414,2454,2034,-0.157415078707539
"2754","2754",1649,1648,1674,0.0151607034566404
"16894","16894",1649,1648,1674,0.0151607034566404
"2755","2755",5080,5090,5090,0.00196850393700787
"2756","2756",4201,4201,4202,0.000238038562247084
"2757","2757",2881,2791,2852,-0.0100659493231517
"2758","2758",2198,2088,2124,-0.0336669699727025
"19166","19166",2198,2088,2124,-0.0336669699727025
"2759","2759",4321,4319,4171,-0.0347141865308956
"2760","2760",2497,2493,2515,0.00720865038045655
"2761","2761",1281,1281,1317,0.0281030444964871
"2762","2762",6916,7030,6236,-0.0983227299016773
"2763","2763",1370,1371,1425,0.0401459854014599
"2764","2764",2488,2488,2601,0.0454180064308682
"2765","2765",1889,1888,1781,-0.0571731074642668
"2766","2766",1498,1544,1543,0.0300400534045394
"17196","17196",1498,1544,1543,0.0300400534045394
"2767","2767",6931,6933,6893,-0.00548261434136488
"2768","2768",4138,4132,4014,-0.0299661672305462
"2769","2769",3763,3539,3538,-0.0597927185756046
"2770","2770",3669,3624,3624,-0.0122649223221586
"2771","2771",1557,1562,1574,0.0109184328837508
"2772","2772",2519,2518,2518,-0.000396982929734021
"2773","2773",4532,4602,4556,0.00529567519858782
"2774","2774",2521,2521,2375,-0.0579135263784213
"2775","2775",4839,4867,4981,0.0293449059723083
"2776","2776",4190,4222,4085,-0.0250596658711217
"2777","2777",1270,1270,1270,0
"2778","2778",1658,1658,1659,0.00060313630880579
"2779","2779",6060,6060,6147,0.0143564356435644
"2780","2780",5625,5621,5038,-0.104355555555556
"2781","2781",1651,1651,1643,-0.00484554815263477
"2782","2782",2663,2826,2823,0.0600826135936913
"2783","2783",1608,1608,1710,0.0634328358208955
"2784","2784",2594,2566,2503,-0.0350809560524287
"2785","2785",2713,2654,2809,0.035385182454847
"2786","2786",1589,1589,1589,0
"2787","2787",2012,2009,2006,-0.00298210735586481
"2788","2788",932,942,942,0.0107296137339056
"2789","2789",5944,5944,5761,-0.0307873485868102
"2790","2790",2191,2298,2298,0.0488361478776814
"2791","2791",1957,1957,1957,0
"2792","2792",6447,6448,6420,-0.00418799441600745
"2793","2793",1985,1985,1721,-0.132997481108312
"2794","2794",4486,4315,4263,-0.0497102095407936
"2795","2795",2425,2425,2409,-0.0065979381443299
"2796","2796",4700,4702,4700,0
"2797","2797",1072,1072,1072,0
"2798","2798",2037,1929,1922,-0.0564555719194894
"2799","2799",2940,2911,2916,-0.00816326530612245
"2800","2800",2891,2627,2688,-0.0702179176755448
"2801","2801",5311,5254,5247,-0.0120504613067219
"2802","2802",8030,8156,8026,-0.00049813200498132
"2803","2803",2986,2989,2991,0.00167448091091762
"2804","2804",11466,11885,11831,0.0318332461189604
"2805","2805",5754,5738,5937,0.0318039624608968
"2806","2806",2511,2512,2511,0
"2807","2807",5130,5132,5144,0.00272904483430799
"2808","2808",2261,2264,1799,-0.204334365325077
"2809","2809",2655,2649,2657,0.000753295668549906
"2810","2810",803,815,756,-0.0585305105853051
"2811","2811",1266,1266,1266,0
"2812","2812",1766,1303,1302,-0.262740656851642
"2813","2813",1189,1189,1337,0.124474348191758
"14026","14026",1189,1189,1337,0.124474348191758
"2814","2814",3149,2913,3220,0.0225468402667513
"13434","13434",3149,2913,3220,0.0225468402667513
"2815","2815",2113,2203,2203,0.0425934690014198
"12719","12719",2113,2203,2203,0.0425934690014198
"2816","2816",1489,1489,1469,-0.0134318334452653
"2817","2817",2254,2251,2252,-0.000887311446317658
"19071","19071",2254,2251,2252,-0.000887311446317658
"2818","2818",3079,3090,3072,-0.00227346541084768
"2819","2819",6135,7110,5876,-0.0422167889160554
"2820","2820",1731,1734,1775,0.025418833044483
"8201","8201",1731,1734,1775,0.025418833044483
"2821","2821",2018,2018,2021,0.00148662041625372
"2822","2822",1857,1857,1857,0
"2823","2823",3723,3459,3407,-0.0848777867311308
"2824","2824",4233,4293,4270,0.00874084573588471
"2825","2825",1041,1314,1314,0.262247838616715
"2826","2826",888,888,888,0
"2827","2827",3325,3251,3247,-0.0234586466165414
"2828","2828",1718,2048,1496,-0.129220023282887
"15800","15800",1718,2048,1496,-0.129220023282887
"2829","2829",2473,2475,2475,0.000808734330772341
"2830","2830",9552,9522,9506,-0.00481574539363484
"2831","2831",1461,1468,1468,0.00479123887748118
"2832","2832",2120,2115,2065,-0.0259433962264151
"2833","2833",1769,1766,1152,-0.348784624081402
"2834","2834",555,555,555,0
"2835","2835",1855,1855,1860,0.00269541778975741
"4780","4780",1855,1855,1860,0.00269541778975741
"2836","2836",2883,2883,2883,0
"2837","2837",5571,5594,5576,0.000897504936277149
"2838","2838",2871,2871,2867,-0.00139324277255312
"2839","2839",2210,2191,2141,-0.0312217194570136
"2840","2840",3680,3680,3582,-0.0266304347826087
"2841","2841",3033,3033,3092,0.0194526871084735
"2842","2842",3173,3199,3165,-0.00252127324298771
"2843","2843",2923,3252,2786,-0.0468696544645912
"2844","2844",2153,2153,2267,0.0529493729679517
"2845","2845",5960,5955,5932,-0.00469798657718121
"2846","2846",3091,3060,3171,0.0258815917178906
"2847","2847",2445,2432,2381,-0.0261758691206544
"2848","2848",1540,1540,1486,-0.0350649350649351
"2849","2849",3599,3601,3604,0.00138927479855515
"2850","2850",4763,4662,4591,-0.0361116943103086
"2851","2851",3143,3456,3216,0.0232262169901368
"2852","2852",2267,2267,2404,0.0604322893692104
"16094","16094",2267,2267,2404,0.0604322893692104
"2853","2853",3761,3756,3762,0.000265886732252061
"2854","2854",4033,4038,4049,0.00396727002231589
"2855","2855",5011,5023,5005,-0.00119736579525045
"2856","2856",5045,5045,5053,0.00158572844400396
"2857","2857",1973,1973,1996,0.0116573745565129
"2858","2858",2694,2694,2773,0.0293244246473645
"2859","2859",1599,1599,1666,0.0419011882426517
"2860","2860",2195,2191,2260,0.0296127562642369
"2861","2861",3640,3641,3672,0.00879120879120879
"2862","2862",3757,3730,3728,-0.00771892467394197
"2863","2863",3574,3693,3689,0.0321768326804701
"2864","2864",2951,2952,2935,-0.00542189088444595
"2865","2865",2162,2162,2162,0
"2866","2866",5661,5661,5660,-0.000176647235470765
"2867","2867",1392,1392,1274,-0.0847701149425287
"2868","2868",5053,5009,5044,-0.00178112012665743
"2869","2869",4426,4507,4464,0.00858563036601898
"19495","19495",4426,4507,4464,0.00858563036601898
"2870","2870",5348,5345,5345,-0.00056095736724009
"2871","2871",1815,1885,1984,0.0931129476584022
"2872","2872",1718,1696,1696,-0.0128055878928987
"2873","2873",2282,2279,2473,0.0836985100788782
"2874","2874",4644,4641,4601,-0.00925925925925926
"2875","2875",2622,2622,2538,-0.0320366132723112
"2876","2876",3509,3509,3440,-0.0196637218580792
"2877","2877",5788,5784,5823,0.00604699378023497
"2878","2878",3903,3885,4071,0.04304381245196
"2879","2879",1220,1220,1189,-0.0254098360655738
"2880","2880",4068,4068,3943,-0.0307276302851524
"2881","2881",3392,3257,3472,0.0235849056603774
"10890","10890",3392,3257,3472,0.0235849056603774
"2882","2882",4507,4560,4578,0.0157532726869314
"2883","2883",1163,1175,1260,0.0834049871023216
"2884","2884",2731,2720,2727,-0.00146466495789088
"2885","2885",1913,1913,1920,0.003659174072138
"2886","2886",5110,5110,5110,0
"2887","2887",5045,4535,4535,-0.101090188305253
"2888","2888",1406,1417,1272,-0.0953058321479374
"2889","2889",4820,4819,4842,0.0045643153526971
"2890","2890",1657,1723,1723,0.03983101991551
"2891","2891",2543,2542,2652,0.042862760519072
"2892","2892",2226,2226,2168,-0.0260557053009883
"2893","2893",2249,2249,2173,-0.0337927967985771
"2894","2894",1912,1913,1891,-0.0109832635983264
"12070","12070",1912,1913,1891,-0.0109832635983264
"2895","2895",1389,1386,1384,-0.00359971202303816
"17031","17031",1389,1386,1384,-0.00359971202303816
"2896","2896",2738,2737,2696,-0.0153396639883126
"2897","2897",2758,2758,2637,-0.0438723712835388
"2898","2898",1441,1426,1472,0.0215128383067314
"2899","2899",3305,2297,2296,-0.305295007564297
"2900","2900",3383,3478,3618,0.0694649719184156
"2901","2901",1634,1634,1623,-0.00673194614443084
"2902","2902",4482,4491,4315,-0.037260151717983
"2903","2903",1606,2228,1899,0.182440846824408
"2904","2904",7287,7318,7302,0.00205846027171676
"2905","2905",2467,2467,2630,0.0660721524118362
"2906","2906",1689,1701,1701,0.00710479573712256
"2907","2907",1709,1709,1456,-0.148039789350497
"2908","2908",2071,2070,1943,-0.0618058908739739
"2909","2909",3901,3861,3972,0.0182004614201487
"2910","2910",2168,2167,2261,0.0428966789667897
"2911","2911",3767,3766,3773,0.00159277940005309
"2912","2912",4420,4422,4297,-0.0278280542986425
"2913","2913",1334,1334,1334,0
"2914","2914",1992,1841,1842,-0.0753012048192771
"2915","2915",1666,1649,1626,-0.0240096038415366
"11344","11344",1666,1649,1626,-0.0240096038415366
"2916","2916",4165,4159,4550,0.092436974789916
"2917","2917",2046,2074,2109,0.030791788856305
"2918","2918",2267,2239,2248,-0.00838112042346714
"2919","2919",8187,8230,8226,0.0047636496885306
"2920","2920",1347,1289,1350,0.0022271714922049
"2921","2921",3301,3303,3303,0.000605877006967586
"2922","2922",2587,2585,2585,-0.000773096250483185
"2923","2923",1926,1829,1829,-0.0503634475597092
"2924","2924",3399,3365,3747,0.102383053839365
"2925","2925",1780,1780,1667,-0.0634831460674157
"2926","2926",942,942,941,-0.00106157112526539
"2927","2927",2178,2187,2186,0.00367309458218549
"2928","2928",3079,3079,3039,-0.0129912309191296
"2929","2929",2044,2096,2097,0.0259295499021526
"9890","9890",2044,2096,2097,0.0259295499021526
"2930","2930",5029,5024,5079,0.00994233446013124
"2931","2931",4280,4937,4253,-0.00630841121495327
"2932","2932",4220,4220,4176,-0.0104265402843602
"2933","2933",2218,2218,2195,-0.0103697024346258
"2935","2935",2326,2360,2464,0.05932932072227
"2936","2936",3545,3745,3742,0.0555712270803949
"2937","2937",2860,3268,3063,0.070979020979021
"2938","2938",2944,2348,2605,-0.115149456521739
"2939","2939",3187,3188,2970,-0.0680891120175714
"2940","2940",2366,2366,2358,-0.00338123415046492
"2941","2941",1964,1701,1674,-0.14765784114053
"2942","2942",3076,2920,2914,-0.052665799739922
"2943","2943",2474,2474,2624,0.0606305578011318
"2944","2944",2710,2712,2711,0.0003690036900369
"2945","2945",3446,3446,3448,0.000580383052814858
"2946","2946",1416,1422,1422,0.00423728813559322
"2947","2947",2802,2802,2806,0.00142755174875089
"2948","2948",1373,1004,1002,-0.270211216314639
"15450","15450",1373,1004,1002,-0.270211216314639
"2949","2949",2123,2123,2089,-0.0160150730098917
"2950","2950",4784,4870,4881,0.0202759197324415
"2951","2951",3977,3982,3905,-0.0181040985667589
"2952","2952",5994,5825,5902,-0.0153486820153487
"2953","2953",866,866,865,-0.00115473441108545
"2954","2954",1412,1412,1414,0.00141643059490085
"2955","2955",1709,1714,1694,-0.00877706260971328
"2956","2956",2997,3082,2629,-0.122789456122789
"2957","2957",5043,4937,3649,-0.276422764227642
"2958","2958",4742,4732,4873,0.0276254744833404
"2959","2959",5797,5070,5070,-0.125409694669657
"2960","2960",2652,2767,2528,-0.0467571644042232
"2961","2961",3883,3910,3871,-0.00309039402523822
"2962","2962",2415,2403,2411,-0.00165631469979296
"2963","2963",2578,2578,2545,-0.0128006206361521
"2964","2964",1815,2007,1848,0.0181818181818182
"2966","2966",3839,3838,3811,-0.00729356603282105
"2967","2967",4715,4696,4577,-0.0292682926829268
"2968","2968",6229,6241,6273,0.00706373414673302
"2969","2969",2938,2921,2921,-0.00578624914908101
"2970","2970",4610,4599,4818,0.045119305856833
"2971","2971",4188,4188,4005,-0.0436962750716332
"2972","2972",2667,2667,2637,-0.0112485939257593
"2973","2973",4252,4252,3930,-0.0757290686735654
"2974","2974",1748,1748,1747,-0.0005720823798627
"2975","2975",1102,1102,1089,-0.0117967332123412
"2976","2976",1613,1594,1777,0.101673899566026
"2977","2977",1677,1677,1522,-0.0924269528920692
"15877","15877",1677,1677,1522,-0.0924269528920692
"2978","2978",2573,2573,2601,0.0108822386319471
"2979","2979",4496,4485,4574,0.0173487544483986
"2980","2980",2509,3411,3393,0.352331606217617
"2981","2981",2836,2842,2842,0.00211565585331453
"2982","2982",4650,3910,4172,-0.102795698924731
"2983","2983",1223,1220,1220,-0.00245298446443173
"2984","2984",4778,5272,5054,0.0577647551276685
"2985","2985",4404,4404,4274,-0.0295186194368756
"2986","2986",2325,2324,2243,-0.0352688172043011
"2987","2987",1013,1014,1014,0.000987166831194472
"2988","2988",3656,3686,3687,0.00847921225382932
"2989","2989",1364,1440,2430,0.781524926686217
"2990","2990",1562,1562,1585,0.0147247119078105
"2991","2991",4167,4133,4140,-0.00647948164146868
"2992","2992",2506,2507,2492,-0.00558659217877095
"2993","2993",1879,1808,1448,-0.229377328366152
"10760","10760",1879,1808,1448,-0.229377328366152
"2994","2994",3221,3258,3222,0.000310462589257994
"2995","2995",2067,2404,2068,0.000483792936623125
"2996","2996",5690,5696,5668,-0.00386643233743409
"2997","2997",2713,2713,2713,0
"2998","2998",3914,3913,3613,-0.0769034236075626
"2999","2999",2134,2133,2134,0
"10165","10165",2134,2133,2134,0
"13187","13187",2134,2133,2134,0
"3000","3000",3207,3207,3190,-0.00530090427190521
"3001","3001",3970,3937,3371,-0.15088161209068
"3002","3002",1544,1542,1552,0.00518134715025907
"3003","3003",3124,2997,3155,0.00992317541613316
"3004","3004",2136,2128,2128,-0.00374531835205993
"3005","3005",833,833,832,-0.00120048019207683
"3006","3006",1636,1679,1679,0.0262836185819071
"3007","3007",2742,2723,2219,-0.190736688548505
"3008","3008",2324,2251,2271,-0.0228055077452668
"6982","6982",2324,2251,2271,-0.0228055077452668
"3009","3009",2773,2799,2837,0.0230796970789758
"3010","3010",2302,2301,2260,-0.0182450043440487
"3011","3011",5157,5102,5546,0.0754314523948032
"3012","3012",3115,3114,3068,-0.0150882825040128
"3013","3013",1636,1636,1679,0.0262836185819071
"3014","3014",5026,5355,4859,-0.0332272184639873
"3015","3015",4641,4598,3908,-0.15794009911657
"3016","3016",5353,5353,5353,0
"3017","3017",3321,3450,3450,0.038843721770551
"3018","3018",7258,7144,6728,-0.0730228713144117
"3019","3019",6125,6125,6528,0.0657959183673469
"3020","3020",1466,1466,1396,-0.0477489768076398
"3021","3021",3169,3253,3333,0.0517513411170716
"3022","3022",2440,2657,2440,0
"3023","3023",3999,4260,3680,-0.0797699424856214
"3024","3024",4451,4451,4583,0.0296562570208942
"3025","3025",1697,1697,1697,0
"3026","3026",2112,2112,2121,0.00426136363636364
"3027","3027",3001,3162,3005,0.00133288903698767
"3028","3028",2533,2533,2615,0.0323726806158705
"3029","3029",5689,5516,5454,-0.041307786957286
"3030","3030",4416,4410,4657,0.0545742753623188
"3031","3031",3958,4068,4072,0.0288024254674078
"3032","3032",2773,2771,2810,0.0133429498737829
"3033","3033",5330,4380,4707,-0.116885553470919
"3034","3034",4484,4591,4314,-0.0379125780553078
"3035","3035",807,807,820,0.0161090458488228
"3036","3036",2722,2725,2776,0.0198383541513593
"3037","3037",2820,2821,2818,-0.000709219858156028
"3038","3038",3392,3646,3654,0.0772405660377359
"3039","3039",3636,3643,3644,0.0022002200220022
"3041","3041",1718,1809,1807,0.0518044237485448
"3042","3042",4114,4113,4103,-0.00267379679144385
"3043","3043",5774,5785,5732,-0.00727398683754763
"3044","3044",1470,1310,1468,-0.00136054421768707
"3045","3045",991,991,991,0
"3046","3046",1393,1400,1564,0.12275664034458
"18553","18553",1393,1400,1564,0.12275664034458
"3047","3047",11086,10099,9771,-0.118618076853689
"3048","3048",4672,3653,3768,-0.193493150684932
"3049","3049",4715,4733,4713,-0.000424178154825026
"3050","3050",3787,3779,3849,0.0163717982571957
"3051","3051",1331,1331,1262,-0.0518407212622089
"3052","3052",3315,3315,3238,-0.0232277526395173
"3053","3053",2656,3036,3106,0.169427710843373
"3054","3054",4379,4389,4282,-0.0221511760675953
"3055","3055",2209,2209,2178,-0.0140334993209597
"3056","3056",2784,2888,2813,0.0104166666666667
"3057","3057",2367,2397,2350,-0.00718208702999578
"3058","3058",4392,4392,4354,-0.00865209471766849
"3059","3059",1312,1308,1216,-0.0731707317073171
"3060","3060",1664,1664,1665,0.000600961538461538
"3061","3061",3749,3781,3467,-0.0752200586823153
"3062","3062",5247,5245,5259,0.00228702115494568
"3063","3063",1689,1692,1945,0.151568975725281
"3064","3064",3598,3599,3665,0.018621456364647
"3065","3065",2552,2552,2552,0
"3066","3066",3297,3297,3267,-0.00909918107370337
"3067","3067",5536,5652,5632,0.0173410404624277
"3068","3068",2422,2350,2365,-0.0235342691990091
"3069","3069",1012,1012,1012,0
"3070","3070",2526,2526,2710,0.0728424386381631
"3071","3071",4612,4613,4644,0.00693842150910668
"3072","3072",2949,2946,2769,-0.0610376398779247
"3073","3073",3037,3041,3118,0.0266710569641093
"3074","3074",2115,2116,2057,-0.0274231678486998
"3075","3075",1225,1225,1226,0.000816326530612245
"3076","3076",7899,7873,7911,0.00151917964299278
"3077","3077",2048,2018,2018,-0.0146484375
"3078","3078",3427,3427,3427,0
"3079","3079",2911,2927,2934,0.00790106492614222
"3080","3080",2842,2847,2847,0.00175932441942294
"3081","3081",2305,2309,2430,0.0542299349240781
"3082","3082",4438,4569,4434,-0.000901306894997747
"3083","3083",3845,3862,3876,0.00806241872561769
"3084","3084",7221,7253,7152,-0.0095554632322393
"3085","3085",2574,2574,2603,0.0112665112665113
"3086","3086",1040,1040,1010,-0.0288461538461538
"3087","3087",2394,2248,2394,0
"3088","3088",5001,4993,4987,-0.0027994401119776
"3089","3089",5097,5089,5099,0.000392387679026879
"3090","3090",5729,5683,5416,-0.0546343166346657
"3091","3091",5535,5536,5563,0.0050587172538392
"3092","3092",2385,2384,2573,0.0788259958071279
"3093","3093",2001,1997,1987,-0.00699650174912544
"3094","3094",2456,2456,2312,-0.0586319218241042
"3095","3095",2179,2148,2162,-0.007801743919229
"3096","3096",4502,4509,4513,0.00244335850733008
"3097","3097",572,558,558,-0.0244755244755245
"3098","3098",4574,4607,4411,-0.0356362046348929
"3099","3099",2482,2480,2673,0.0769540692989525
"3100","3100",7452,7455,7486,0.00456253354804079
"3101","3101",4260,4388,4388,0.0300469483568075
"3102","3102",1511,1507,1623,0.0741230972865652
"3103","3103",7256,7331,7336,0.0110253583241455
"3104","3104",1852,1853,1852,0
"3105","3105",3369,3352,3448,0.0234490946868507
"3106","3106",2389,2389,2389,0
"3107","3107",3637,3639,3535,-0.0280450921088809
"3108","3108",3249,3198,2887,-0.111418898122499
"3109","3109",2563,2563,2592,0.0113148653921186
"3110","3110",1497,1488,1402,-0.0634602538410154
"3111","3111",8237,8171,8186,-0.00619157460240379
"3112","3112",1982,1982,1991,0.00454086781029263
"3113","3113",6814,6819,6753,-0.0089521573231582
"3114","3114",1218,1240,1240,0.0180623973727422
"3116","3116",908,908,1080,0.18942731277533
"3117","3117",2024,2024,2075,0.025197628458498
"3118","3118",1805,1801,1900,0.0526315789473684
"3119","3119",2316,2316,2188,-0.0552677029360967
"3120","3120",2217,2217,2217,0
"3121","3121",976,1020,1021,0.0461065573770492
"3122","3122",5807,6062,6353,0.0940244532460823
"3123","3123",4650,3666,3865,-0.168817204301075
"3124","3124",2461,2461,1978,-0.196261682242991
"3125","3125",2566,2566,2349,-0.0845674201091192
"3126","3126",2176,2101,2056,-0.0551470588235294
"3127","3127",1474,1474,1474,0
"3128","3128",1585,1733,1733,0.0933753943217666
"3129","3129",4586,5141,4988,0.0876580898386393
"3130","3130",1339,1328,1328,-0.0082150858849888
"3131","3131",1710,1707,1707,-0.00175438596491228
"3132","3132",1925,1925,1925,0
"3133","3133",1028,815,816,-0.206225680933852
"13227","13227",1028,815,816,-0.206225680933852
"3134","3134",2025,1909,1831,-0.0958024691358025
"3135","3135",3221,3169,3168,-0.0164545172306737
"3136","3136",1000,1000,1172,0.172
"3137","3137",3002,2999,2466,-0.17854763491006
"3138","3138",2243,2193,2231,-0.00534997770842621
"3139","3139",4312,4312,4312,0
"3140","3140",9308,9311,9311,0.000322303394929093
"3141","3141",5268,5268,5379,0.0210706150341686
"3142","3142",4309,4528,4321,0.00278486887909028
"3143","3143",2660,2555,2531,-0.0484962406015038
"3144","3144",1435,1439,1289,-0.101742160278746
"3145","3145",4844,4556,4602,-0.0499587118084228
"3146","3146",1405,1393,1510,0.0747330960854092
"3147","3147",2814,2686,2750,-0.0227434257285004
"3148","3148",4430,5100,5100,0.151241534988713
"3149","3149",2737,2737,2746,0.00328827183047132
"3150","3150",9250,9260,9175,-0.00810810810810811
"3151","3151",5967,6067,5944,-0.00385453326629797
"3152","3152",1527,1527,1522,-0.00327439423706614
"3153","3153",4353,4321,4480,0.029175281415116
"3154","3154",2888,2888,2893,0.00173130193905817
"3155","3155",2619,2619,2619,0
"3156","3156",4434,4434,4403,-0.0069914298601714
"3157","3157",914,895,925,0.012035010940919
"3159","3159",2305,2309,2300,-0.00216919739696312
"4558","4558",2305,2309,2300,-0.00216919739696312
"3160","3160",2959,2962,2764,-0.0659006421088205
"3161","3161",1561,1565,1457,-0.0666239590006406
"3162","3162",2528,2528,2638,0.0435126582278481
"3163","3163",2111,2136,2137,0.0123164377072477
"3164","3164",4894,4882,4967,0.014916223947691
"3165","3165",7282,6855,6858,-0.0582257621532546
"3166","3166",1737,1754,1769,0.0184225676453656
"5779","5779",1737,1754,1769,0.0184225676453656
"3167","3167",885,885,875,-0.0112994350282486
"3168","3168",1245,1245,1245,0
"3169","3169",3377,3377,3377,0
"3170","3170",5671,5649,5690,0.003350379121848
"3171","3171",1774,1774,1762,-0.00676437429537768
"3172","3172",3829,4072,3668,-0.0420475319926874
"3173","3173",2188,2188,2871,0.312157221206581
"17152","17152",2188,2188,2871,0.312157221206581
"3174","3174",2181,2146,2247,0.0302613480055021
"3175","3175",2714,2665,2569,-0.0534266764922623
"15504","15504",2714,2665,2569,-0.0534266764922623
"3176","3176",3347,3123,3144,-0.0606513295488497
"3177","3177",3917,3876,3894,-0.00587184069440899
"3178","3178",1672,1689,1692,0.0119617224880383
"3179","3179",2064,2064,2005,-0.0285852713178295
"8520","8520",2064,2064,2005,-0.0285852713178295
"3180","3180",3091,3091,3091,0
"3181","3181",2664,2681,2646,-0.00675675675675676
"3182","3182",1609,1609,1758,0.0926041019266625
"3183","3183",10935,10932,10842,-0.00850480109739369
"3184","3184",1838,1838,1847,0.00489662676822633
"3185","3185",2113,2037,2058,-0.0260293421675343
"3186","3186",1184,1183,1183,-0.000844594594594595
"3187","3187",3169,3131,3166,-0.000946670874092774
"3188","3188",2901,2901,2901,0
"3189","3189",2455,2457,2432,-0.00936863543788187
"3190","3190",1118,1172,1092,-0.0232558139534884
"3191","3191",1243,1406,1268,0.0201126307320998
"3192","3192",2747,2752,2899,0.0553330906443393
"3193","3193",2758,2757,2723,-0.0126903553299492
"3194","3194",3113,3183,2978,-0.0433665274654674
"3195","3195",1883,1883,1883,0
"3196","3196",4057,4056,4056,-0.000246487552378605
"3197","3197",2321,2228,1809,-0.220594571305472
"3198","3198",1377,1377,1376,-0.000726216412490922
"3199","3199",3075,3075,3302,0.0738211382113821
"3200","3200",3958,3911,3919,-0.00985346134411319
"3201","3201",4534,4563,4544,0.00220555800617556
"3202","3202",940,939,968,0.0297872340425532
"3203","3203",1366,1366,1366,0
"3204","3204",7723,7770,7699,-0.00310760067331348
"3205","3205",5432,5446,5583,0.0277982326951399
"3206","3206",1605,1605,1605,0
"3207","3207",2292,2292,2288,-0.00174520069808028
"3208","3208",1613,1572,1528,-0.0526968381897086
"3209","3209",2041,2011,1974,-0.0328270455658991
"3210","3210",2920,2790,2801,-0.0407534246575342
"19452","19452",2920,2790,2801,-0.0407534246575342
"3211","3211",1855,1857,1822,-0.0177897574123989
"3212","3212",1411,1411,1411,0
"11448","11448",1411,1411,1411,0
"3213","3213",4403,4124,4401,-0.000454235748353395
"3214","3214",4443,4199,4089,-0.0796758946657664
"3215","3215",4862,4813,4770,-0.0189222542163719
"3216","3216",4556,4663,4614,0.0127304653204565
"3217","3217",2590,2528,2845,0.0984555984555985
"3218","3218",3583,3583,3419,-0.0457716996929947
"3219","3219",2944,2925,2958,0.0047554347826087
"3220","3220",1706,1710,1785,0.0463071512309496
"3221","3221",1538,1538,1556,0.011703511053316
"3222","3222",3783,3782,3419,-0.0962199312714777
"3223","3223",1971,2092,1961,-0.00507356671740233
"3224","3224",1834,1817,1848,0.00763358778625954
"4816","4816",1834,1817,1848,0.00763358778625954
"3225","3225",1466,1488,1488,0.0150068212824011
"3226","3226",2727,2727,2731,0.00146681334800147
"3227","3227",2504,2520,2509,0.00199680511182109
"3228","3228",5278,5286,5265,-0.00246305418719212
"3229","3229",2872,2871,2871,-0.000348189415041783
"3230","3230",2526,2497,2463,-0.0249406175771971
"3231","3231",2321,2324,2557,0.101680310211116
"3232","3232",2532,2532,2532,0
"3233","3233",5238,5525,5202,-0.00687285223367698
"3234","3234",4316,4452,4453,0.0317423540315107
"3235","3235",2176,2659,1994,-0.0836397058823529
"3236","3236",3162,3148,3214,0.0164452877925364
"3237","3237",7262,6576,6925,-0.0464059487744423
"3238","3238",1104,1279,1279,0.158514492753623
"3239","3239",1253,1310,1211,-0.0335195530726257
"8006","8006",1253,1310,1211,-0.0335195530726257
"3240","3240",1632,1553,1552,-0.0490196078431373
"3241","3241",7420,7486,7525,0.0141509433962264
"3242","3242",1492,1491,1741,0.166890080428954
"3243","3243",8571,8536,8616,0.00525026251312566
"3244","3244",3034,3033,2730,-0.100197758734344
"3245","3245",2202,2323,2356,0.069936421435059
"3246","3246",1861,1862,1863,0.00107469102632993
"3247","3247",1527,1487,1487,-0.0261951538965291
"3248","3248",1526,1510,1504,-0.0144167758846658
"3249","3249",2258,2258,2149,-0.0482728077945084
"3250","3250",3815,3804,3735,-0.0209698558322412
"3251","3251",1188,1188,1188,0
"3252","3252",2654,2657,2619,-0.0131876412961567
"3253","3253",1534,1534,1690,0.101694915254237
"3254","3254",2551,2551,2657,0.0415523324186593
"3255","3255",1873,1866,1869,-0.00213561131873999
"3256","3256",3769,3793,3734,-0.00928628283364288
"3257","3257",3390,3390,3390,0
"3258","3258",4476,4476,4650,0.0388739946380697
"3259","3259",1644,1492,1721,0.0468369829683698
"3260","3260",1850,1981,1981,0.0708108108108108
"3261","3261",1482,1482,1484,0.00134952766531714
"3262","3262",1900,1887,1983,0.0436842105263158
"3263","3263",8673,8616,8792,0.0137207425343019
"3264","3264",1576,1579,1574,-0.00126903553299492
"10173","10173",1576,1579,1574,-0.00126903553299492
"3265","3265",2675,2512,2511,-0.0613084112149533
"3266","3266",3835,3824,3765,-0.0182529335071708
"3267","3267",1726,1529,1529,-0.114136732329085
"3268","3268",1756,1756,1757,0.000569476082004556
"3269","3269",2823,2782,2113,-0.251505490612823
"3270","3270",1320,1645,1424,0.0787878787878788
"3271","3271",1972,1973,1973,0.00050709939148073
"3272","3272",1794,1794,1758,-0.020066889632107
"3273","3273",3845,3294,3504,-0.0886866059817945
"3274","3274",1545,1545,1545,0
"3275","3275",3431,3431,3623,0.0559603614106674
"3276","3276",2885,2725,2768,-0.0405545927209705
"14427","14427",2885,2725,2768,-0.0405545927209705
"3277","3277",2650,2538,2538,-0.0422641509433962
"3278","3278",1777,1777,1773,-0.00225098480585256
"3279","3279",1520,1521,1484,-0.0236842105263158
"3281","3281",3176,3176,3497,0.101070528967254
"3282","3282",3441,3426,3427,-0.004068584713746
"3283","3283",6210,6211,6394,0.0296296296296296
"3284","3284",2108,2108,2018,-0.0426944971537002
"3285","3285",1508,1508,1516,0.00530503978779841
"3286","3286",1991,1957,1957,-0.0170768458061276
"3287","3287",11206,11515,11031,-0.0156166339461003
"3288","3288",7993,7740,7554,-0.054923057675466
"3289","3289",1519,1519,1607,0.0579328505595787
"3290","3290",1406,1547,1525,0.0846372688477952
"3291","3291",2758,2759,2717,-0.0148658448150834
"3292","3292",1372,1326,1328,-0.032069970845481
"3293","3293",4399,4623,4300,-0.0225051147988179
"3294","3294",1585,1585,1552,-0.0208201892744479
"3295","3295",5824,5824,5774,-0.00858516483516484
"3296","3296",5147,5532,5493,0.0672236254128619
"3297","3297",2846,2846,2994,0.0520028109627547
"3298","3298",1850,2028,2038,0.101621621621622
"3299","3299",3938,3938,3937,-0.000253936008125952
"3300","3300",3279,3283,3443,0.0500152485513876
"3301","3301",4565,5046,4990,0.0930996714129244
"3302","3302",2169,2347,2378,0.0963577685569387
"3303","3303",2131,2094,2035,-0.0450492726419521
"3304","3304",1260,1260,1437,0.14047619047619
"3305","3305",1451,1449,1575,0.0854583046175052
"3306","3306",5239,5235,5330,0.0173697270471464
"3307","3307",4113,4113,4115,0.000486263068319961
"3308","3308",1320,1308,1307,-0.00984848484848485
"3309","3309",7569,7655,7416,-0.0202140309155767
"3310","3310",7675,7669,7859,0.0239739413680782
"3312","3312",4768,4885,4890,0.0255872483221477
"3313","3313",4111,4029,4057,-0.0131354901483824
"3314","3314",3213,2397,2634,-0.180205415499533
"3315","3315",4487,4486,4466,-0.0046801872074883
"3316","3316",2512,2512,2512,0
"3317","3317",1841,1843,1809,-0.0173818576860402
"3318","3318",1487,1693,1690,0.136516476126429
"3319","3319",1933,1948,1948,0.00775995861355406
"3320","3320",2553,2553,2664,0.0434782608695652
"3321","3321",4659,3651,3650,-0.216570079416184
"3322","3322",5392,5394,5281,-0.0205860534124629
"3323","3323",8995,9289,9168,0.0192329071706504
"3324","3324",2937,2902,2936,-0.000340483486550902
"3325","3325",1764,1758,1758,-0.00340136054421769
"3326","3326",4348,4267,4059,-0.0664673413063478
"3327","3327",2457,2545,2482,0.0101750101750102
"3328","3328",2051,2051,2101,0.0243783520234032
"3329","3329",2210,2056,1821,-0.176018099547511
"3330","3330",1819,1819,1819,0
"7375","7375",1819,1819,1819,0
"3331","3331",4743,4748,5089,0.0729496099515075
"3332","3332",2061,2061,2357,0.143619602134886
"3333","3333",4267,4270,4231,-0.00843684087180689
"3334","3334",997,997,1121,0.124373119358074
"3335","3335",8235,8085,8142,-0.0112932604735883
"3336","3336",5098,5172,5165,0.0131424087877599
"3337","3337",2131,2134,2109,-0.010323791647114
"3338","3338",6442,6743,5924,-0.0804098106178206
"3339","3339",2763,2537,2460,-0.109663409337676
"3340","3340",2675,2701,2636,-0.0145794392523364
"3341","3341",2833,2833,2823,-0.00352982703847511
"3343","3343",983,983,983,0
"3344","3344",3397,3260,3211,-0.0547541948778334
"3345","3345",1535,1535,1677,0.0925081433224756
"3346","3346",4035,4012,3743,-0.072366790582404
"3347","3347",4791,4790,4732,-0.0123147568357337
"3348","3348",3103,3103,3612,0.164034805027393
"3349","3349",3944,3950,3936,-0.00202839756592292
"3350","3350",4549,4556,4620,0.0156078258958013
"3351","3351",2031,2198,2201,0.0837026095519448
"3352","3352",5378,5573,5762,0.0714020081814801
"3353","3353",3879,3877,3878,-0.00025779840164991
"3354","3354",3479,3479,3543,0.0183960908306985
"3355","3355",4824,4824,4917,0.0192786069651741
"3356","3356",5138,5103,5333,0.0379525107045543
"3357","3357",1549,1724,1632,0.0535829567462879
"3358","3358",2888,2888,2888,0
"3359","3359",3265,3261,3231,-0.0104134762633997
"3360","3360",1897,1623,1620,-0.146020031628888
"3361","3361",3368,3368,3366,-0.000593824228028504
"3362","3362",4873,5236,5246,0.0765442232710856
"3363","3363",4330,4331,4280,-0.0115473441108545
"17219","17219",4330,4331,4280,-0.0115473441108545
"3364","3364",4469,4052,3966,-0.112553143880063
"3365","3365",2512,2568,2762,0.0995222929936306
"9539","9539",2512,2568,2762,0.0995222929936306
"3366","3366",2939,2940,2938,-0.000340251786321878
"3367","3367",3417,3417,3447,0.00877963125548727
"3368","3368",4623,4623,4634,0.00237940731126974
"3369","3369",1833,1790,1707,-0.0687397708674304
"3370","3370",2897,2897,2654,-0.0838798757335174
"3371","3371",2487,2490,2558,0.0285484519501407
"3372","3372",4155,4156,4437,0.067870036101083
"3373","3373",1578,1578,1476,-0.064638783269962
"3374","3374",1960,1960,1758,-0.103061224489796
"3375","3375",1933,1932,1926,-0.00362131401965856
"3376","3376",3497,3691,3494,-0.000857878181298256
"3377","3377",2547,2547,2792,0.0961915979583824
"3378","3378",4185,4185,4184,-0.0002389486260454
"3379","3379",7915,7909,7911,-0.000505369551484523
"3380","3380",1542,1539,1541,-0.000648508430609598
"3381","3381",1851,1855,1855,0.00216099405726634
"3382","3382",1108,1108,1104,-0.0036101083032491
"3383","3383",3759,3777,3839,0.0212822559191274
"3384","3384",5570,5514,5655,0.0152603231597846
"3385","3385",2801,2801,2392,-0.14601927882899
"3386","3386",2221,2221,2162,-0.0265646105357947
"3387","3387",6045,6001,5509,-0.0886683209263854
"3388","3388",6408,6408,6420,0.00187265917602996
"3389","3389",2037,2036,2016,-0.0103092783505155
"3390","3390",4781,4787,5331,0.115038694833717
"3391","3391",1320,1320,1324,0.00303030303030303
"3392","3392",3258,3058,3259,0.000306936771025169
"3393","3393",13858,13601,13468,-0.0281425891181989
"3394","3394",2166,2170,2170,0.00184672206832872
"3395","3395",1551,1551,1551,0
"3396","3396",1451,1451,1476,0.0172294968986906
"3397","3397",934,1598,1598,0.710920770877944
"3398","3398",4472,4161,4253,-0.0489713774597496
"3399","3399",5796,5797,5897,0.0174258109040718
"3400","3400",1784,1756,1756,-0.015695067264574
"3401","3401",3236,3237,3060,-0.0543881334981459
"3402","3402",2005,2007,2007,0.000997506234413965
"3403","3403",8093,8094,8097,0.000494254293834178
"3404","3404",2364,2348,2320,-0.0186125211505922
"3405","3405",3848,3848,3833,-0.0038981288981289
"3406","3406",427,427,427,0
"3407","3407",1766,1766,2090,0.183465458663647
"3408","3408",4044,4022,3918,-0.0311572700296736
"3410","3410",2033,2045,2041,0.00393507132316773
"3411","3411",2009,2047,2009,0
"3412","3412",2120,2117,1528,-0.279245283018868
"15055","15055",2120,2117,1528,-0.279245283018868
"3413","3413",3062,2929,2789,-0.089157413455258
"3414","3414",3714,3982,4029,0.0848142164781906
"3415","3415",3379,3405,3284,-0.0281148268718556
"3416","3416",2022,2070,2034,0.00593471810089021
"3417","3417",5714,5748,5767,0.00927546377318866
"3418","3418",4027,4029,3886,-0.035013657809784
"3419","3419",2067,2399,2091,0.011611030478955
"3420","3420",2801,2780,2829,0.0099964298464834
"3421","3421",1941,1814,1896,-0.0231839258114374
"3422","3422",4833,4847,4792,-0.00848334367887441
"3423","3423",3677,2858,2971,-0.192004351373402
"3424","3424",5832,5834,5837,0.000857338820301783
"3425","3425",3915,3919,3905,-0.00255427841634738
"3426","3426",1988,1987,1987,-0.000503018108651912
"3427","3427",4141,4133,4467,0.0787249456652982
"3428","3428",930,930,885,-0.0483870967741935
"3429","3429",8766,8729,8742,-0.0027378507871321
"3430","3430",3994,3995,4303,0.0773660490736104
"3431","3431",1893,1863,1869,-0.0126782884310618
"3432","3432",1838,1838,1840,0.00108813928182807
"3433","3433",3461,3576,3469,0.00231147067321583
"3434","3434",1782,1775,1776,-0.00336700336700337
"3435","3435",1632,1632,1632,0
"3436","3436",2386,2386,2418,0.0134115674769489
"3437","3437",1782,1850,1517,-0.148709315375982
"3438","3438",2834,2831,2939,0.0370501058574453
"8307","8307",2834,2831,2939,0.0370501058574453
"3439","3439",2692,2629,2562,-0.0482912332838039
"3440","3440",9663,9658,9826,0.0168684673496844
"3441","3441",1262,1262,1265,0.00237717908082409
"3442","3442",4372,4341,4021,-0.0802836230558097
"3443","3443",1443,1442,1523,0.0554400554400554
"3444","3444",5756,5729,6112,0.0618485059068798
"3445","3445",1650,1650,1650,0
"3446","3446",10079,10079,10024,-0.00545689056454013
"3447","3447",1481,1450,1498,0.0114787305874409
"3448","3448",2357,2360,2154,-0.0861264319049639
"3449","3449",4049,3231,3343,-0.174364040503828
"3450","3450",3703,3703,3803,0.0270051309748852
"3451","3451",1384,1384,1385,0.000722543352601156
"3452","3452",2977,2973,3005,0.0094054417198522
"3453","3453",2395,2385,2385,-0.00417536534446764
"3454","3454",3296,3324,3280,-0.00485436893203883
"3455","3455",4260,4032,4252,-0.00187793427230047
"3456","3456",4660,4547,4488,-0.0369098712446352
"3457","3457",3355,3340,3336,-0.00566318926974665
"3458","3458",1867,1905,1905,0.0203535083020889
"3459","3459",1007,1007,1092,0.0844091360476663
"3460","3460",1549,1549,1559,0.00645577792123951
"3461","3461",4081,4081,4081,0
"3462","3462",2995,3082,3076,0.0270450751252087
"3463","3463",3508,3457,3185,-0.0920752565564424
"3464","3464",3116,3103,3155,0.0125160462130937
"3465","3465",4380,4381,4363,-0.00388127853881279
"3466","3466",3270,3268,3285,0.00458715596330275
"3467","3467",4295,4294,4351,0.0130384167636787
"3468","3468",2152,2424,2037,-0.0534386617100372
"19504","19504",2152,2424,2037,-0.0534386617100372
"3469","3469",6048,6032,6053,0.000826719576719577
"3470","3470",8299,7235,7237,-0.127967224966863
"3471","3471",2397,2387,2313,-0.0350438047559449
"3472","3472",2079,1995,1995,-0.0404040404040404
"3473","3473",2260,2260,2254,-0.00265486725663717
"3474","3474",1725,1719,1528,-0.114202898550725
"3475","3475",6741,6741,6866,0.0185432428423083
"3476","3476",1372,1372,1392,0.0145772594752187
"3477","3477",4399,4327,4310,-0.0202318708797454
"3478","3478",1243,1243,1268,0.0201126307320998
"3479","3479",2135,2132,1974,-0.0754098360655738
"3480","3480",4704,4710,4647,-0.0121173469387755
"3481","3481",1988,1988,1972,-0.00804828973843058
"3482","3482",1802,1905,1745,-0.0316315205327414
"3483","3483",3594,3588,3628,0.00946021146355036
"3484","3484",2552,2562,2108,-0.173981191222571
"3486","3486",2197,2108,2111,-0.0391442876649977
"3487","3487",1520,1486,1486,-0.0223684210526316
"3488","3488",5989,5531,6113,0.0207046251461012
"3489","3489",1297,1299,850,-0.344641480339244
"3490","3490",8034,8033,8028,-0.000746825989544436
"3491","3491",2831,2838,2679,-0.0536912751677852
"3492","3492",1584,1584,1578,-0.00378787878787879
"3493","3493",2771,2771,2707,-0.0230963551064598
"3494","3494",3198,3441,3401,0.0634771732332708
"3495","3495",2046,2045,1986,-0.0293255131964809
"3496","3496",1448,1448,1386,-0.0428176795580111
"3497","3497",2250,2250,2292,0.0186666666666667
"3498","3498",1955,1956,2089,0.0685421994884911
"3499","3499",3111,3097,3142,0.00996464159434265
"3500","3500",2509,2509,2509,0
"3501","3501",2843,2843,2680,-0.0573338023214914
"3502","3502",8698,8654,8902,0.0234536675097724
"3503","3503",2142,2142,2213,0.0331465919701214
"3504","3504",3357,3357,3357,0
"3505","3505",5128,5206,5214,0.0167706708268331
"3506","3506",1813,1813,1946,0.0733590733590734
"3507","3507",1354,1354,1494,0.103397341211226
"3508","3508",1492,1488,1489,-0.00201072386058981
"3509","3509",1651,1651,1700,0.0296789824348879
"8454","8454",1651,1651,1700,0.0296789824348879
"3510","3510",2774,2775,2764,-0.00360490266762797
"3511","3511",5219,5194,5119,-0.0191607587660471
"3512","3512",2299,2308,2306,0.00304480208786429
"3513","3513",2692,2690,2677,-0.00557206537890045
"3514","3514",5030,4983,4946,-0.0166998011928429
"3515","3515",6965,6690,6629,-0.0482412060301508
"3516","3516",917,917,917,0
"3517","3517",4127,4020,4121,-0.00145384056215168
"16263","16263",4127,4020,4121,-0.00145384056215168
"3518","3518",2213,2205,2245,0.0144600090375056
"3519","3519",2677,2678,2248,-0.160254015689204
"3520","3520",3929,3914,4053,0.0315601934334436
"3521","3521",2425,2419,2423,-0.000824742268041237
"11503","11503",2425,2419,2423,-0.000824742268041237
"3522","3522",5038,5044,4857,-0.0359269551409289
"3523","3523",7080,7067,7067,-0.0018361581920904
"3524","3524",3076,3087,3184,0.035110533159948
"3525","3525",4162,4045,3925,-0.0569437770302739
"3526","3526",2258,2258,2097,-0.0713020372010629
"3527","3527",1628,1628,1632,0.00245700245700246
"3528","3528",3638,3550,3662,0.00659703133589885
"3529","3529",1067,1229,1229,0.15182755388941
"3530","3530",7446,7840,7654,0.0279344614558152
"3531","3531",3506,3548,3549,0.0122646891043925
"3533","3533",1542,1542,1563,0.0136186770428016
"3534","3534",2799,2655,2667,-0.0471596998928189
"3535","3535",2335,2320,2289,-0.0197002141327623
"18472","18472",2335,2320,2289,-0.0197002141327623
"3536","3536",1533,1534,1543,0.00652315720808871
"3537","3537",802,802,700,-0.127182044887781
"3538","3538",741,600,603,-0.186234817813765
"3539","3539",4328,4301,4105,-0.0515249537892791
"3540","3540",3311,3292,3313,0.000604047115675023
"3541","3541",2937,2936,2976,0.0132788559754852
"3542","3542",5374,5358,5211,-0.0303312244138444
"3543","3543",3368,3368,3366,-0.000593824228028504
"3544","3544",6969,6964,6989,0.00286985220261157
"3545","3545",3259,3259,3259,0
"3546","3546",4118,4114,4115,-0.000728508984944148
"3547","3547",2523,2523,2518,-0.00198176773682124
"3548","3548",6754,6467,6545,-0.0309446254071661
"3549","3549",1945,1945,1947,0.00102827763496144
"3550","3550",5555,5570,5692,0.0246624662466247
"3551","3551",1936,1900,1984,0.0247933884297521
"3552","3552",7044,7048,6640,-0.0573537762634867
"3553","3553",1247,1247,1257,0.00801924619085806
"12576","12576",1247,1247,1257,0.00801924619085806
"3554","3554",2459,2459,2606,0.0597803985359902
"3555","3555",5829,5826,5824,-0.000857780065191285
"3556","3556",2183,2185,2282,0.0453504351809437
"3557","3557",4823,4823,4945,0.0252954592577234
"3558","3558",1622,1623,1595,-0.0166461159062885
"3559","3559",5958,6081,5986,0.00469956361195032
"3560","3560",4015,4015,3910,-0.0261519302615193
"3561","3561",2725,2738,2740,0.0055045871559633
"3562","3562",4265,4370,4110,-0.0363423212192263
"3563","3563",2931,2931,2931,0
"6699","6699",2931,2931,2931,0
"3564","3564",2361,2316,2326,-0.0148242270224481
"3565","3565",4003,3953,4060,0.0142393205096178
"3566","3566",1355,1355,1355,0
"3567","3567",3858,3961,3885,0.00699844479004666
"3568","3568",1000,1000,935,-0.065
"3569","3569",1194,1212,1116,-0.0653266331658292
"3570","3570",2153,2179,2181,0.0130051091500232
"3571","3571",3384,3379,3383,-0.000295508274231678
"3572","3572",2031,2273,2260,0.112752338749385
"3573","3573",4363,4365,3959,-0.0925968370387348
"3575","3575",2591,2590,2571,-0.00771902740254728
"3576","3576",3912,3933,3933,0.0053680981595092
"3577","3577",1807,1807,1809,0.00110680686220255
"3578","3578",1869,1548,1547,-0.172284644194757
"3579","3579",1703,1736,1473,-0.135055783910746
"15141","15141",1703,1736,1473,-0.135055783910746
"3580","3580",3447,3480,3545,0.0284305192921381
"3581","3581",2424,2430,2463,0.0160891089108911
"3582","3582",1439,1300,1339,-0.0694927032661571
"3583","3583",1991,1964,1809,-0.0914113510798594
"3584","3584",2121,2121,2108,-0.00612918434700613
"3585","3585",2050,2051,2051,0.00048780487804878
"7192","7192",2050,2051,2051,0.00048780487804878
"3586","3586",2559,1678,2422,-0.053536537710043
"3587","3587",1992,2375,2091,0.0496987951807229
"3588","3588",3191,3178,3163,-0.00877467878408023
"3589","3589",2473,2369,2515,0.0169834209462192
"3590","3590",5372,5375,5403,0.00577066269545793
"3591","3591",1862,1862,1864,0.00107411385606874
"3592","3592",1291,1291,1291,0
"3593","3593",6571,6542,6408,-0.0248059656064526
"3594","3594",1439,1452,1989,0.382209867963864
"3595","3595",2417,2421,2559,0.0587505171700455
"3596","3596",3726,3739,3633,-0.0249597423510467
"3597","3597",2749,2748,2757,0.00291014914514369
"9899","9899",2749,2748,2757,0.00291014914514369
"3598","3598",2409,2408,2412,0.0012453300124533
"3599","3599",1905,1905,1900,-0.0026246719160105
"3600","3600",730,730,710,-0.0273972602739726
"3601","3601",2433,2525,2328,-0.0431565967940814
"3602","3602",5747,4934,4884,-0.15016530363668
"3603","3603",2376,2513,2513,0.0576599326599327
"3604","3604",2154,2154,2154,0
"3605","3605",3110,3109,2763,-0.111575562700965
"3606","3606",10368,10178,10352,-0.00154320987654321
"3607","3607",4117,4459,4111,-0.00145737187272286
"3608","3608",2155,2155,2132,-0.0106728538283063
"3609","3609",823,823,823,0
"3610","3610",3033,3003,2945,-0.0290141773821299
"3611","3611",3186,3206,3239,0.0166352793471438
"3612","3612",3806,3805,3954,0.0388859695218077
"3613","3613",1404,1404,1404,0
"3614","3614",1579,1579,1533,-0.0291323622545915
"3615","3615",1021,1021,730,-0.285014691478942
"3616","3616",1283,1344,1355,0.0561184723304754
"3617","3617",2443,2480,2724,0.115022513303316
"3618","3618",1425,1413,1439,0.00982456140350877
"3619","3619",8285,8287,8410,0.0150875075437538
"3620","3620",3669,3652,3641,-0.00763150722267648
"3621","3621",2450,2432,2420,-0.0122448979591837
"3622","3622",3249,3246,2575,-0.207448445675592
"3623","3623",2169,2169,2169,0
"3624","3624",2351,2351,2351,0
"3625","3625",2915,2915,2916,0.000343053173241852
"3626","3626",2064,1644,1643,-0.203972868217054
"3627","3627",1650,1882,1650,0
"3628","3628",5397,5429,5489,0.0170465073188809
"3629","3629",1196,1536,1550,0.295986622073579
"3630","3630",2395,2310,2379,-0.00668058455114823
"3631","3631",2323,2325,2426,0.0443392165303487
"3632","3632",1296,1296,1368,0.0555555555555556
"3633","3633",5585,5589,5882,0.0531781557743957
"3634","3634",901,1017,1014,0.125416204217536
"3635","3635",4074,4074,2093,-0.486254295532646
"3636","3636",1775,1775,1243,-0.299718309859155
"3637","3637",3275,2562,3232,-0.0131297709923664
"3638","3638",899,897,886,-0.014460511679644
"3639","3639",2316,2314,2320,0.00172711571675302
"3640","3640",4411,4417,4511,0.022670596236681
"3641","3641",1169,1193,1256,0.0744225834046193
"3642","3642",3590,3572,3573,-0.00473537604456825
"3643","3643",3286,3576,3232,-0.0164333536214242
"3644","3644",2473,2430,2348,-0.0505458956732713
"3645","3645",3341,3341,3316,-0.0074827895839569
"3646","3646",1990,1991,1856,-0.0673366834170854
"3647","3647",724,724,724,0
"3648","3648",1148,1148,1150,0.00174216027874564
"3649","3649",851,983,883,0.0376028202115159
"3650","3650",2468,2468,2473,0.0020259319286872
"7026","7026",2468,2468,2473,0.0020259319286872
"3651","3651",1238,1238,1239,0.000807754442649435
"3652","3652",3996,3988,4118,0.0305305305305305
"17681","17681",3996,3988,4118,0.0305305305305305
"3653","3653",6773,6768,6765,-0.0011811604901816
"3654","3654",4114,4114,4284,0.0413223140495868
"3655","3655",2793,2794,2633,-0.0572860723236663
"3656","3656",1982,1794,1795,-0.0943491422805247
"3657","3657",1745,1532,1479,-0.15243553008596
"3658","3658",2598,2565,2442,-0.0600461893764434
"3659","3659",3894,3892,3926,0.00821777092963534
"3660","3660",1130,1130,1391,0.230973451327434
"3661","3661",3852,3888,3945,0.0241433021806854
"3662","3662",2202,2207,2207,0.00227066303360581
"3663","3663",1224,1224,1224,0
"3664","3664",2309,2309,2316,0.00303161541792984
"3665","3665",1252,1157,1165,-0.0694888178913738
"3666","3666",3052,3272,3271,0.0717562254259502
"3667","3667",3793,3829,3850,0.0150276825731611
"3668","3668",1430,1430,1364,-0.0461538461538462
"9032","9032",1430,1430,1364,-0.0461538461538462
"3669","3669",5737,5693,5173,-0.0983092208471326
"3670","3670",8291,8338,6759,-0.184778675672416
"3671","3671",2902,2922,3038,0.0468642315644383
"9295","9295",2902,2922,3038,0.0468642315644383
"3672","3672",2221,2239,2234,0.00585321927059883
"3673","3673",2118,2075,2116,-0.000944287063267233
"3675","3675",2827,2827,2822,-0.00176865935620799
"17253","17253",2827,2827,2822,-0.00176865935620799
"3676","3676",1654,1654,1654,0
"3677","3677",13823,13750,13756,-0.00484699414020111
"3678","3678",4396,4384,4381,-0.00341219290263876
"3679","3679",1891,1884,1989,0.0518244315177155
"3680","3680",1277,1277,1275,-0.00156617071260767
"3681","3681",3647,3648,3652,0.00137098985467508
"3682","3682",3017,3013,3015,-0.000662910175671197
"3683","3683",1259,1322,1322,0.0500397140587768
"3684","3684",2019,2019,2033,0.00693412580485389
"3685","3685",6446,6430,6320,-0.0195470058951288
"3686","3686",5526,5526,5694,0.0304017372421281
"3687","3687",4180,4111,4240,0.0143540669856459
"3688","3688",3347,3412,3473,0.037645652823424
"3689","3689",3546,3527,3546,0
"3690","3690",1901,1901,1842,-0.0310362966859548
"3691","3691",3089,3089,3051,-0.0123017157656199
"3692","3692",3151,3154,3038,-0.0358616312281815
"3693","3693",2261,2209,2209,-0.0229986731534719
"3694","3694",7356,6479,6476,-0.11963023382273
"3695","3695",3151,3151,3151,0
"3696","3696",5545,5380,5381,-0.0295761947700631
"3697","3697",3765,3769,3678,-0.0231075697211155
"3698","3698",2116,2114,2004,-0.052930056710775
"3699","3699",1493,1493,1492,-0.000669792364367046
"3700","3700",2183,2147,2184,0.000458085203847916
"11470","11470",2183,2147,2184,0.000458085203847916
"16111","16111",2183,2147,2184,0.000458085203847916
"3701","3701",941,941,967,0.0276301806588735
"3702","3702",1642,1642,1642,0
"3703","3703",3054,3121,3092,0.0124426981008513
"3704","3704",952,961,1003,0.0535714285714286
"7405","7405",952,961,1003,0.0535714285714286
"3705","3705",1954,1812,1817,-0.0701125895598772
"3706","3706",10032,10026,10043,0.00109649122807018
"3707","3707",2672,2669,2775,0.0385479041916168
"3708","3708",3083,3086,3118,0.0113525786571521
"3709","3709",2471,2339,2289,-0.0736543909348442
"3710","3710",2828,2493,2551,-0.0979490806223479
"3711","3711",9355,9355,9361,0.000641368252271513
"3712","3712",5338,5338,5347,0.00168602472836268
"3714","3714",5354,5345,5370,0.00298841987299216
"3715","3715",3720,3899,3657,-0.0169354838709677
"3716","3716",2241,2279,2319,0.034805890227577
"3717","3717",3429,3422,3439,0.00291630212890055
"3718","3718",1437,1435,1529,0.0640222686151705
"3719","3719",4721,4779,4612,-0.0230883287439102
"3720","3720",1710,1710,1598,-0.0654970760233918
"8402","8402",1710,1710,1598,-0.0654970760233918
"3721","3721",1869,1908,1908,0.0208667736757624
"3722","3722",3123,3159,3158,0.0112071725904579
"3723","3723",3927,3932,3932,0.00127323656735421
"3724","3724",4311,4300,4641,0.0765483646485734
"3725","3725",3608,3547,3730,0.0338137472283814
"3726","3726",1583,1795,1800,0.137081490840177
"3727","3727",2829,2829,2829,0
"3728","3728",3424,3406,3225,-0.0581191588785047
"3729","3729",3149,3153,3250,0.0320736741822801
"3730","3730",1735,1735,1643,-0.0530259365994236
"3731","3731",2292,2292,2369,0.0335951134380454
"3732","3732",2402,2407,2403,0.000416319733555371
"3733","3733",6459,6549,6600,0.0218300046446818
"3734","3734",3431,3261,3177,-0.0740308947828621
"3735","3735",5682,5663,5551,-0.0230552622316086
"3736","3736",1989,1990,1989,0
"3737","3737",1053,1053,1047,-0.0056980056980057
"3738","3738",6314,6552,5965,-0.0552739942983845
"3739","3739",2837,2807,2803,-0.011984490659147
"3740","3740",2826,2810,2742,-0.029723991507431
"3741","3741",2738,2738,2752,0.00511322132943755
"3742","3742",2381,2571,2706,0.136497270054599
"3743","3743",5223,4967,5087,-0.0260386750909439
"3744","3744",2635,2355,2209,-0.161669829222011
"3745","3745",5696,5686,5951,0.0447682584269663
"3747","3747",3593,3600,3604,0.00306150848872808
"3748","3748",3913,3875,3851,-0.0158446204957833
"3749","3749",3056,3058,3014,-0.0137434554973822
"4518","4518",3056,3058,3014,-0.0137434554973822
"3750","3750",2505,2505,2109,-0.158083832335329
"3751","3751",2753,2757,2741,-0.00435888122048674
"3752","3752",6593,6336,6463,-0.0197178826027605
"3753","3753",1435,1721,1717,0.196515679442509
"9838","9838",1435,1721,1717,0.196515679442509
"3754","3754",3072,3059,3050,-0.00716145833333333
"18288","18288",3072,3059,3050,-0.00716145833333333
"3755","3755",4388,4526,4358,-0.00683682771194166
"3756","3756",3235,2966,2873,-0.111901081916538
"3757","3757",1894,1894,1898,0.00211193241816262
"3758","3758",3692,3683,3682,-0.00270855904658722
"3759","3759",3878,3878,3276,-0.155234657039711
"3760","3760",1661,1640,1640,-0.0126429861529199
"3761","3761",2848,2502,2449,-0.140098314606742
"3762","3762",1187,1060,1058,-0.108677337826453
"3763","3763",2755,2755,2909,0.0558983666061706
"3764","3764",2370,2371,2364,-0.00253164556962025
"3765","3765",3375,3388,3387,0.00355555555555556
"3766","3766",3720,3694,3718,-0.000537634408602151
"3767","3767",2475,2428,2410,-0.0262626262626263
"3769","3769",1753,1743,1743,-0.00570450656018254
"15904","15904",1753,1743,1743,-0.00570450656018254
"3770","3770",1274,1274,1338,0.0502354788069074
"3771","3771",3617,3619,3569,-0.013270666298037
"3772","3772",4983,4977,4928,-0.011037527593819
"3773","3773",2125,2126,1511,-0.288941176470588
"3774","3774",2291,2285,2284,-0.00305543430816237
"3775","3775",4149,4082,4081,-0.0163894914437214
"3776","3776",2363,2418,2542,0.0757511637748625
"3777","3777",1757,1757,1757,0
"3778","3778",1350,1350,1350,0
"3779","3779",1505,1505,1507,0.00132890365448505
"3780","3780",1129,1129,1107,-0.0194862710363153
"3781","3781",1170,1450,1450,0.239316239316239
"3782","3782",2152,2162,2162,0.00464684014869888
"3783","3783",3656,3656,3748,0.025164113785558
"3784","3784",3441,3370,3237,-0.0592850915431561
"3785","3785",4578,4573,4793,0.0469637396242901
"3786","3786",3172,2231,2276,-0.282471626733922
"3787","3787",2813,2776,2790,-0.00817632420902951
"3788","3788",764,658,359,-0.530104712041885
"3789","3789",3658,3656,3614,-0.0120284308365227
"3790","3790",3303,3403,3236,-0.0202845897668786
"17088","17088",3303,3403,3236,-0.0202845897668786
"3791","3791",5303,5296,5298,-0.000942862530643032
"3792","3792",3529,3530,3557,0.00793425899688297
"3793","3793",557,557,557,0
"3794","3794",2966,2710,2906,-0.0202292650033715
"3795","3795",4226,4211,4194,-0.00757217226691907
"3796","3796",1725,1497,1448,-0.160579710144928
"3797","3797",2308,2526,2302,-0.00259965337954939
"3798","3798",2000,2000,2000,0
"3799","3799",3832,3832,3796,-0.00939457202505219
"3800","3800",2583,2569,2532,-0.0197444831591173
"3801","3801",1817,1814,1814,-0.00165107319757843
"8610","8610",1817,1814,1814,-0.00165107319757843
"3802","3802",1798,1798,1794,-0.00222469410456062
"3803","3803",995,995,995,0
"3805","3805",2685,2711,2534,-0.0562383612662942
"3806","3806",1080,1046,1046,-0.0314814814814815
"3807","3807",2278,2278,2574,0.129938542581212
"3808","3808",3848,3856,3694,-0.04002079002079
"3809","3809",3393,3393,3395,0.000589448865310934
"3810","3810",1491,1491,1486,-0.00335345405767941
"3811","3811",2770,2745,2650,-0.0433212996389892
"3812","3812",2003,2003,2007,0.00199700449326011
"3813","3813",3383,3383,3208,-0.0517292344073308
"3814","3814",2376,2234,2233,-0.0601851851851852
"3815","3815",5404,5368,5260,-0.0266469282013323
"3816","3816",3150,3151,3139,-0.00349206349206349
"3817","3817",1372,1372,1372,0
"3818","3818",1949,1953,1946,-0.00153925089789636
"3819","3819",6914,6950,6514,-0.0578536303153023
"3820","3820",1973,1779,1736,-0.120121642169285
"3821","3821",3591,3587,3589,-0.000556947925368978
"3822","3822",4899,5038,5772,0.178199632578077
"3823","3823",1845,1845,1845,0
"3824","3824",623,623,623,0
"3825","3825",2782,2782,2757,-0.0089863407620417
"3826","3826",3831,3836,3832,0.000261028452101279
"3827","3827",2521,2521,2515,-0.00238000793335978
"3828","3828",3716,3727,3762,0.0123789020452099
"3829","3829",4170,4155,4215,0.0107913669064748
"3830","3830",1870,1923,1548,-0.172192513368984
"3831","3831",3880,3880,3913,0.00850515463917526
"3832","3832",986,928,928,-0.0588235294117647
"3833","3833",2386,2386,2369,-0.00712489522212909
"13949","13949",2386,2386,2369,-0.00712489522212909
"3834","3834",1639,1694,1694,0.0335570469798658
"3835","3835",5498,5463,5458,-0.00727537286285922
"3836","3836",3527,3400,3365,-0.0459313864474057
"12089","12089",3527,3400,3365,-0.0459313864474057
"3837","3837",707,707,718,0.0155586987270156
"3838","3838",4283,3447,3475,-0.188652813448517
"19426","19426",4283,3447,3475,-0.188652813448517
"3839","3839",1330,1330,1498,0.126315789473684
"3840","3840",3288,3372,3273,-0.00456204379562044
"3841","3841",1997,1939,1566,-0.215823735603405
"3842","3842",3556,3556,3311,-0.0688976377952756
"3843","3843",1314,1307,1307,-0.00532724505327245
"3844","3844",1272,1272,1169,-0.0809748427672956
"3845","3845",3168,3199,3168,0
"3846","3846",3245,3133,2983,-0.0807395993836672
"3847","3847",7047,7042,7137,0.0127713920817369
"3848","3848",3258,3260,3255,-0.000920810313075506
"3849","3849",3357,3413,3349,-0.00238308013106941
"3850","3850",2203,2203,2327,0.0562868815251929
"3851","3851",817,817,901,0.10281517747858
"3852","3852",1602,1396,1201,-0.250312109862672
"3853","3853",3732,3804,3811,0.0211682743837085
"3854","3854",1795,1901,1901,0.0590529247910863
"3855","3855",1283,1284,1351,0.0530007794232268
"3856","3856",763,763,781,0.0235910878112713
"3857","3857",3636,3635,3963,0.0899339933993399
"3858","3858",3561,3580,3580,0.0053355798932884
"3859","3859",1742,1742,1742,0
"3860","3860",2603,2326,2338,-0.101805608912793
"3861","3861",2581,2581,2567,-0.00542425416505231
"3862","3862",3934,3933,3933,-0.00025419420437214
"3863","3863",1931,1985,1994,0.0326255825996893
"3864","3864",2532,2318,2388,-0.0568720379146919
"3865","3865",951,951,870,-0.0851735015772871
"8810","8810",951,951,870,-0.0851735015772871
"3866","3866",2462,2784,2748,0.116165718927701
"3867","3867",1489,1506,1543,0.0362659503022163
"3868","3868",3249,3284,3276,0.00831024930747922
"3869","3869",2083,2083,2134,0.0244839174267883
"3870","3870",3660,3688,3724,0.0174863387978142
"3872","3872",2510,2526,2522,0.0047808764940239
"3873","3873",5012,5012,4962,-0.00997605746209098
"3874","3874",1324,1530,1578,0.191842900302115
"14947","14947",1324,1530,1578,0.191842900302115
"3875","3875",2191,2150,2169,-0.0100410771337289
"3876","3876",1185,1195,856,-0.277637130801688
"3877","3877",6205,6235,6206,0.00016116035455278
"3878","3878",1650,1652,1656,0.00363636363636364
"3879","3879",2392,2392,2389,-0.00125418060200669
"3880","3880",7001,6967,6850,-0.0215683473789459
"3881","3881",2798,2772,2774,-0.00857755539671194
"3882","3882",3455,3457,3456,0.000289435600578871
"3883","3883",2159,2153,2284,0.0578971746178786
"3884","3884",1279,1279,1279,0
"3885","3885",2159,2163,1685,-0.219546086150996
"3886","3886",6670,6442,6454,-0.032383808095952
"3888","3888",3429,3436,3436,0.00204141149023039
"3889","3889",3076,3506,2746,-0.107282184655397
"3890","3890",2044,2143,2108,0.0313111545988258
"3891","3891",1474,1464,1464,-0.0067842605156038
"3892","3892",4449,4453,4364,-0.0191054169476287
"3893","3893",5649,5501,5500,-0.0263763497964241
"3894","3894",2775,2775,2783,0.00288288288288288
"3895","3895",4281,4282,4247,-0.00794206960990423
"3896","3896",13051,12942,13164,0.00865834035706076
"3897","3897",2148,1830,1873,-0.128026070763501
"3898","3898",1541,1541,1540,-0.000648929266709929
"3899","3899",4779,4756,4867,0.0184138941201088
"3900","3900",1849,1851,1892,0.0232558139534884
"3901","3901",3161,3160,3288,0.0401771591268586
"3902","3902",7185,7185,7254,0.00960334029227557
"3903","3903",5789,5844,6303,0.0887890827431335
"3904","3904",3045,3031,3291,0.0807881773399015
"3905","3905",3220,3219,3212,-0.00248447204968944
"3906","3906",1111,1337,1051,-0.054005400540054
"3907","3907",4642,4365,4411,-0.0497630331753555
"3908","3908",6399,6617,6261,-0.0215658696671355
"3909","3909",2020,2022,2077,0.0282178217821782
"3910","3910",2174,2207,2273,0.0455381784728611
"3911","3911",1352,1352,1296,-0.0414201183431953
"3912","3912",3453,3452,3465,0.00347523892267593
"3913","3913",1605,1634,1626,0.0130841121495327
"3914","3914",2638,2640,2624,-0.00530705079605762
"3915","3915",3434,3459,3790,0.103669190448457
"3916","3916",4657,4657,4746,0.0191110156753275
"3917","3917",4466,4469,4373,-0.0208240035826243
"3918","3918",2217,2216,1564,-0.294542174109157
"5529","5529",2217,2216,1564,-0.294542174109157
"3919","3919",5964,5956,5955,-0.00150905432595573
"3920","3920",3001,2976,3003,0.000666444518493835
"3921","3921",1791,1791,2203,0.230039084310441
"3922","3922",2091,2085,2300,0.0999521759923482
"3923","3923",7812,7896,7920,0.0138248847926267
"3924","3924",2433,2444,2445,0.00493218249075216
"3925","3925",1970,1970,2552,0.295431472081218
"3926","3926",3473,3473,3231,-0.0696803915922833
"3927","3927",1810,1810,1863,0.0292817679558011
"3928","3928",4036,4159,4147,0.0275024777006938
"3929","3929",3994,3863,3761,-0.0583375062593891
"3930","3930",782,861,886,0.132992327365729
"3931","3931",5886,5131,5131,-0.12827047230717
"3932","3932",2322,2297,2279,-0.0185185185185185
"3933","3933",2751,2807,2758,0.00254452926208651
"17393","17393",2751,2807,2758,0.00254452926208651
"3934","3934",7171,7069,6648,-0.0729326453772138
"3935","3935",919,943,1016,0.105549510337323
"3936","3936",2488,1627,1764,-0.290996784565916
"7214","7214",2488,1627,1764,-0.290996784565916
"3937","3937",2622,2587,2887,0.101067887109077
"3939","3939",5850,5850,5850,0
"3940","3940",4123,4250,4506,0.0928935241329129
"3941","3941",1960,1959,2204,0.124489795918367
"3942","3942",2740,2739,2691,-0.0178832116788321
"17876","17876",2740,2739,2691,-0.0178832116788321
"3943","3943",4307,4287,4407,0.0232180171813327
"3944","3944",1684,1634,1696,0.00712589073634204
"3945","3945",5478,5442,5445,-0.00602409638554217
"3946","3946",900,900,860,-0.0444444444444444
"4338","4338",900,900,860,-0.0444444444444444
"3947","3947",3374,3344,3344,-0.00889152341434499
"3948","3948",2450,2443,2444,-0.00244897959183673
"3949","3949",832,832,831,-0.00120192307692308
"3950","3950",3204,3287,3342,0.0430711610486891
"3951","3951",4044,4121,4044,0
"3952","3952",2623,2352,2210,-0.157453297750667
"3953","3953",3914,3736,3835,-0.0201839550332141
"3954","3954",3209,3105,3102,-0.0333437207852914
"3955","3955",2917,2452,2999,0.0281110730202263
"3956","3956",2471,2522,2518,0.01902063941724
"3957","3957",1369,1369,1238,-0.0956902848794741
"3958","3958",2822,2819,2818,-0.00141743444365698
"3959","3959",5274,5275,5275,0.000189609404626469
"3960","3960",2699,2677,2677,-0.00815116709892553
"3961","3961",3087,3093,3093,0.00194363459669582
"3962","3962",2324,2324,2324,0
"3963","3963",4456,4455,4323,-0.0298473967684022
"3964","3964",1159,1197,1417,0.22260569456428
"3965","3965",3523,3568,3574,0.0144762986091399
"3966","3966",2008,2032,1624,-0.191235059760956
"3967","3967",1588,1489,1933,0.217254408060453
"3968","3968",2571,3085,2484,-0.0338389731621937
"3969","3969",2780,2797,2825,0.0161870503597122
"3970","3970",5410,5364,5861,0.0833641404805915
"3971","3971",3473,3473,3455,-0.00518283904405413
"3972","3972",1596,1596,1596,0
"3973","3973",6476,6438,6204,-0.0420012353304509
"3974","3974",2109,2109,2115,0.00284495021337127
"3975","3975",3104,2788,2765,-0.109213917525773
"3976","3976",5826,5479,5553,-0.0468589083419155
"3977","3977",4108,4476,4386,0.0676728334956183
"3978","3978",2789,2805,2793,0.00143420580853352
"6315","6315",2789,2805,2793,0.00143420580853352
"3979","3979",2848,2641,2317,-0.186446629213483
"3980","3980",2473,2473,2470,-0.00121310149615851
"3981","3981",3475,3477,3524,0.0141007194244604
"3982","3982",6329,6589,6750,0.0665191973455522
"3983","3983",3275,3218,3240,-0.0106870229007634
"3984","3984",1488,1488,1641,0.102822580645161
"3986","3986",4426,4326,4326,-0.0225937641211026
"3987","3987",1528,1528,1528,0
"3988","3988",4453,4450,4464,0.00247024477880081
"3989","3989",2754,2773,2768,0.00508351488743646
"8031","8031",2754,2773,2768,0.00508351488743646
"3990","3990",6063,6054,6081,0.00296882731321128
"3991","3991",3545,3449,3521,-0.00677009873060649
"3992","3992",4550,4562,4552,0.00043956043956044
"3993","3993",4685,4687,4119,-0.120811099252935
"3994","3994",3029,3029,3044,0.00495212941564873
"3995","3995",2429,2249,2331,-0.0403458213256484
"3996","3996",4109,4072,4072,-0.00900462399610611
"3997","3997",2217,2123,2065,-0.0685611186287776
"3998","3998",881,881,881,0
"3999","3999",2366,2811,2699,0.140743871513102
"4000","4000",2919,2846,2784,-0.0462487153134635
"4001","4001",1423,1427,1427,0.0028109627547435
"4002","4002",4235,4235,4236,0.000236127508854782
"4003","4003",4118,4117,3936,-0.0441962117532783
"4004","4004",5144,5144,5203,0.0114696734059098
"4005","4005",2037,2037,1765,-0.13352970054001
"4006","4006",2217,2212,2392,0.07893549842129
"4007","4007",2207,2357,2356,0.0675124603534209
"4008","4008",2287,2287,2290,0.00131176213379974
"10831","10831",2287,2287,2290,0.00131176213379974
"4009","4009",1305,1472,1330,0.0191570881226054
"4010","4010",5105,5108,5043,-0.0121449559255632
"4011","4011",2658,2658,2160,-0.187358916478555
"4012","4012",2748,2751,2746,-0.000727802037845706
"4013","4013",1980,1980,1979,-0.000505050505050505
"4014","4014",3508,3440,3407,-0.0287913340935006
"4015","4015",1687,1479,1391,-0.175459395376408
"4016","4016",5346,5662,5657,0.0581743359521137
"4017","4017",3770,3761,3304,-0.123607427055703
"4018","4018",1507,1507,1507,0
"4019","4019",5027,4922,4922,-0.0208872090710165
"4020","4020",7509,7609,7718,0.0278332667465708
"4021","4021",1900,1898,1956,0.0294736842105263
"4022","4022",4231,4233,4233,0.00047270148900969
"4023","4023",2407,2406,2612,0.085168259243872
"4024","4024",1888,1888,1882,-0.00317796610169492
"4025","4025",1943,1943,1925,-0.00926402470406588
"6222","6222",1943,1943,1925,-0.00926402470406588
"4026","4026",4061,4079,3845,-0.0531888697365181
"4027","4027",3514,3666,3622,0.0307342060330108
"4028","4028",7577,7586,7545,-0.00422330737759008
"4029","4029",3779,3779,3650,-0.0341360148187351
"4030","4030",3423,3449,3450,0.00788781770376862
"4031","4031",2288,2288,2302,0.00611888111888112
"4032","4032",2056,2056,2056,0
"4033","4033",959,959,924,-0.0364963503649635
"4034","4034",2067,2067,2067,0
"4035","4035",1805,1808,1808,0.00166204986149584
"4036","4036",1290,1326,1235,-0.0426356589147287
"4037","4037",1146,1146,1075,-0.0619546247818499
"4038","4038",1571,1571,1484,-0.0553787396562699
"4039","4039",3356,3356,3356,0
"4040","4040",1267,1698,1267,0
"4041","4041",1663,1663,1664,0.000601322910402886
"4042","4042",3407,3675,3689,0.0827707660698562
"4043","4043",3317,3309,3362,0.0135664757310823
"4044","4044",1848,1845,1516,-0.17965367965368
"4045","4045",4387,4387,4382,-0.00113973102347846
"4046","4046",5773,5496,5493,-0.0485016455915469
"4047","4047",1202,1202,1877,0.561564059900166
"4048","4048",1157,1157,1157,0
"4049","4049",7564,7560,7478,-0.0113696456901111
"4050","4050",2400,2400,2292,-0.045
"4051","4051",2449,2458,2423,-0.0106165781951817
"4052","4052",3953,4001,4131,0.0450290918289906
"4053","4053",2348,2348,2409,0.0259795570698467
"4054","4054",3711,5142,4201,0.132039881433576
"4055","4055",1446,1446,1429,-0.0117565698478562
"4056","4056",2178,2158,2202,0.0110192837465565
"4057","4057",1392,1444,1189,-0.145833333333333
"4058","4058",3015,3028,3038,0.00762852404643449
"5168","5168",3015,3028,3038,0.00762852404643449
"4059","4059",2509,2478,2644,0.0538062973296134
"4060","4060",1578,1581,1575,-0.00190114068441065
"4061","4061",2444,2346,2392,-0.0212765957446809
"4062","4062",7391,7381,7400,0.00121769719929644
"4063","4063",3192,3247,3465,0.0855263157894737
"6883","6883",3192,3247,3465,0.0855263157894737
"4064","4064",3374,3375,3364,-0.002963841138115
"4065","4065",7629,7649,7631,0.000262157556691572
"4066","4066",3288,3074,3058,-0.0699513381995134
"4067","4067",5417,5262,5608,0.0352593686542367
"4068","4068",5363,5093,5148,-0.0400895021443222
"4069","4069",4554,4554,4415,-0.0305226174791392
"4070","4070",6106,6111,6110,0.000655093350802489
"4071","4071",2219,2215,2304,0.0383055430374042
"7401","7401",2219,2215,2304,0.0383055430374042
"4072","4072",3114,3150,3118,0.00128452151573539
"4073","4073",2889,2891,2881,-0.00276912426445137
"4074","4074",6886,7018,6860,-0.00377577693871624
"4075","4075",1339,1335,1236,-0.0769230769230769
"4076","4076",2124,2124,2125,0.000470809792843691
"4077","4077",3243,3243,3240,-0.000925069380203515
"4078","4078",1227,1227,1174,-0.0431947840260799
"4079","4079",2582,2582,2611,0.0112316034082107
"4080","4080",3059,3064,3064,0.001634521085322
"4081","4081",3157,3088,3055,-0.0323091542603738
"4082","4082",1149,1148,1291,0.123585726718886
"4083","4083",1322,1294,1286,-0.027231467473525
"4084","4084",2365,2283,2280,-0.0359408033826638
"4085","4085",1499,1423,1421,-0.0520346897931955
"4086","4086",1981,2100,2138,0.0792529025744573
"4087","4087",5421,5421,5420,-0.000184467810367091
"4088","4088",2022,2023,2257,0.1162215628091
"16819","16819",2022,2023,2257,0.1162215628091
"4089","4089",3362,3362,3384,0.0065437239738251
"4090","4090",2195,2192,2185,-0.00455580865603645
"4091","4091",1348,1355,1711,0.269287833827893
"4092","4092",1611,1664,1650,0.0242085661080074
"4093","4093",1549,1549,1549,0
"4094","4094",2199,2197,2122,-0.0350159163256025
"4095","4095",2621,2621,2621,0
"4096","4096",2341,2341,2342,0.000427167876975651
"4097","4097",1193,1177,1148,-0.0377200335289187
"4098","4098",1607,1604,1603,-0.00248911014312383
"4099","4099",2245,2241,2213,-0.0142538975501114
"4100","4100",2336,2336,2336,0
"4101","4101",1938,1929,2191,0.130546955624355
"4102","4102",1768,1768,1889,0.0684389140271493
"4103","4103",4083,4082,3928,-0.0379622826353172
"4104","4104",3490,3478,3494,0.00114613180515759
"4105","4105",3052,3052,3052,0
"4106","4106",4197,3979,4025,-0.0409816535620681
"4107","4107",2303,2403,2425,0.0529743812418584
"4108","4108",2012,1865,2113,0.0501988071570577
"4109","4109",1662,1662,1661,-0.000601684717208183
"4110","4110",1686,1686,1684,-0.00118623962040332
"4111","4111",5590,5590,5786,0.0350626118067979
"18333","18333",5590,5590,5786,0.0350626118067979
"4112","4112",1400,1400,1398,-0.00142857142857143
"4113","4113",1511,1511,1664,0.101257445400397
"4114","4114",5672,5669,5652,-0.00352609308885755
"4115","4115",2608,2607,2607,-0.000383435582822086
"4116","4116",2946,2862,2171,-0.263068567549219
"4117","4117",2817,2784,2813,-0.00141995030173944
"4118","4118",1971,1971,1883,-0.0446473871131405
"8482","8482",1971,1971,1883,-0.0446473871131405
"4119","4119",1719,1723,1724,0.0029086678301338
"4120","4120",926,926,926,0
"4121","4121",3990,3905,3978,-0.00300751879699248
"4122","4122",2399,2403,2364,-0.0145894122551063
"4123","4123",2053,1968,1890,-0.0793960058451047
"4124","4124",4020,3999,3937,-0.0206467661691542
"4125","4125",7483,7230,7305,-0.023787251102499
"4126","4126",1572,1574,1573,0.000636132315521629
"4127","4127",2884,2883,2815,-0.0239251040221914
"4128","4128",1178,1178,1179,0.000848896434634975
"4129","4129",1778,1778,1757,-0.0118110236220472
"4130","4130",1650,1643,1645,-0.00303030303030303
"4131","4131",3949,3950,3953,0.00101291466193973
"4132","4132",3101,3118,3044,-0.018381167365366
"4133","4133",5686,5643,5670,-0.00281392894829406
"4134","4134",4059,4066,4071,0.00295639320029564
"4135","4135",2706,2663,2660,-0.0169992609016999
"4136","4136",1664,1664,1664,0
"4137","4137",3115,3116,3030,-0.0272873194221509
"4138","4138",2273,2271,2271,-0.00087989441267048
"4139","4139",2629,2639,2632,0.00114111829593001
"4140","4140",3507,3507,3482,-0.0071285999429712
"4141","4141",815,812,812,-0.00368098159509202
"4142","4142",738,738,1008,0.365853658536585
"4143","4143",4039,4085,4180,0.0349096310968061
"4144","4144",1276,1191,963,-0.245297805642633
"4145","4145",5368,5365,5560,0.0357675111773472
"4146","4146",1339,1366,1338,-0.000746825989544436
"4147","4147",1032,1049,1049,0.0164728682170543
"4148","4148",1828,1815,1943,0.062910284463895
"4149","4149",5062,5050,5218,0.0308178585539313
"4150","4150",1303,1323,1383,0.0613967766692249
"16905","16905",1303,1323,1383,0.0613967766692249
"18798","18798",1303,1323,1383,0.0613967766692249
"4151","4151",2341,2340,2289,-0.0222127296027339
"4152","4152",1951,1930,1828,-0.0630445925166581
"4153","4153",2516,2517,2518,0.000794912559618442
"4154","4154",3685,3718,3782,0.0263229308005427
"4155","4155",1552,1536,1535,-0.0109536082474227
"4156","4156",3046,3046,3046,0
"4157","4157",3950,4081,4086,0.0344303797468354
"4158","4158",2782,2776,2190,-0.212796549245147
"4159","4159",3102,2990,3088,-0.00451321727917473
"4160","4160",4788,4750,4989,0.0419799498746867
"4161","4161",9032,8386,8406,-0.0693091231178034
"4162","4162",1400,1400,1318,-0.0585714285714286
"4163","4163",2493,2240,2511,0.0072202166064982
"4164","4164",4134,4145,4196,0.0149975810353169
"4165","4165",1196,1515,1195,-0.000836120401337793
"16175","16175",1196,1515,1195,-0.000836120401337793
"4166","4166",4401,3920,4179,-0.0504430811179277
"4167","4167",2618,2598,2454,-0.0626432391138274
"4168","4168",4203,4203,3619,-0.138948370211754
"4169","4169",2624,2620,2879,0.0971798780487805
"4170","4170",2603,2600,2691,0.0338071456012293
"4171","4171",1736,1736,2111,0.216013824884793
"4172","4172",1394,1394,1411,0.0121951219512195
"7085","7085",1394,1394,1411,0.0121951219512195
"4173","4173",4164,4163,3879,-0.0684438040345821
"4175","4175",4976,5040,4924,-0.0104501607717042
"4176","4176",4333,4339,4307,-0.00600046157396723
"4177","4177",1616,1615,1797,0.11200495049505
"4178","4178",4927,4931,5382,0.0923482849604222
"4179","4179",3052,3037,3017,-0.0114678899082569
"4180","4180",1504,1504,1498,-0.00398936170212766
"4181","4181",3666,3713,3659,-0.00190943807965085
"4182","4182",2318,2348,2340,0.0094909404659189
"4183","4183",3457,3457,3557,0.0289268151576511
"4184","4184",2608,2613,2612,0.00153374233128834
"4185","4185",7361,7237,7322,-0.00529819318027442
"4186","4186",4783,4783,4746,-0.00773573071294167
"4187","4187",2658,2659,2659,0.000376222723852521
"4188","4188",2108,2107,2171,0.0298861480075901
"4189","4189",2825,2825,2825,0
"4190","4190",3599,3601,3615,0.00444567935537649
"4191","4191",4903,4870,4902,-0.000203956761166633
"4192","4192",1631,1627,1423,-0.127529123237278
"4193","4193",4006,3989,3988,-0.00449326010983525
"4194","4194",2669,2662,2662,-0.00262270513300862
"4195","4195",5236,5060,5091,-0.0276928953399542
"4196","4196",1149,1389,1133,-0.0139251523063534
"4197","4197",1807,1712,1604,-0.112340896513558
"4198","4198",2713,2724,2656,-0.0210099520825654
"4199","4199",957,957,892,-0.0679205851619645
"4200","4200",1856,1830,1835,-0.0113146551724138
"4201","4201",2248,2248,2202,-0.0204626334519573
"4202","4202",4400,4402,4457,0.0129545454545455
"4203","4203",3054,3054,3008,-0.0150622134905043
"4204","4204",3271,3251,3302,0.0094772240904922
"4205","4205",2096,2096,2096,0
"4206","4206",4555,3787,4312,-0.0533479692645445
"4207","4207",3337,3369,3400,0.0188792328438717
"4208","4208",1469,1422,1453,-0.0108917631041525
"4209","4209",1883,1883,1883,0
"4210","4210",7845,7882,7988,0.0182281708094328
"4211","4211",1562,1561,1577,0.00960307298335467
"4212","4212",3093,3087,3174,0.026188166828322
"4213","4213",6136,6116,6089,-0.00765971316818774
"4214","4214",2434,2434,2458,0.00986031224322103
"4215","4215",2786,2749,2749,-0.0132806891600861
"4216","4216",1930,1854,1649,-0.14559585492228
"19727","19727",1930,1854,1649,-0.14559585492228
"4217","4217",4615,4408,4381,-0.0507042253521127
"4218","4218",3621,3564,3374,-0.068213200773267
"12949","12949",3621,3564,3374,-0.068213200773267
"4219","4219",4614,4614,4518,-0.0208062418725618
"4220","4220",1989,1947,1856,-0.0668677727501257
"4221","4221",1128,849,849,-0.247340425531915
"4222","4222",1477,1477,1422,-0.037237643872715
"4223","4223",3836,3824,3827,-0.00234619395203337
"4224","4224",2223,2226,2248,0.0112460638776428
"14518","14518",2223,2226,2248,0.0112460638776428
"4225","4225",2602,2602,2567,-0.0134511913912375
"4226","4226",2051,1937,1862,-0.0921501706484642
"4227","4227",5778,5779,5718,-0.0103842159916926
"4228","4228",868,903,903,0.0403225806451613
"4229","4229",4271,4270,4188,-0.0194333879653477
"4230","4230",4398,3475,3539,-0.195316052751251
"4231","4231",1892,2074,1831,-0.0322410147991543
"4232","4232",5774,5653,5383,-0.0677173536543124
"4233","4233",5303,5337,4985,-0.0599660569488969
"4234","4234",2655,2655,2644,-0.00414312617702448
"4235","4235",3079,3098,3161,0.0266320233842157
"4236","4236",2143,2295,2296,0.0713952403173122
"4237","4237",2060,2060,2053,-0.00339805825242718
"4238","4238",6348,5637,5592,-0.119092627599244
"4239","4239",2323,2323,2362,0.0167886353852777
"4240","4240",5473,4224,4061,-0.257993787684999
"4241","4241",2649,2658,2654,0.0018875047187618
"4242","4242",2430,2434,2445,0.00617283950617284
"4243","4243",3354,3331,3504,0.0447227191413238
"4244","4244",1898,2043,2044,0.0769230769230769
"4245","4245",2406,2376,2376,-0.0124688279301746
"4246","4246",1205,1205,1205,0
"4247","4247",4326,4209,4215,-0.0256588072122053
"4248","4248",5185,5336,5280,0.0183220829315333
"4249","4249",3306,3286,3433,0.0384150030248034
"4250","4250",3024,3081,3107,0.0274470899470899
"4251","4251",1950,1908,1950,0
"4252","4252",2822,2821,2851,0.0102763997165131
"4253","4253",781,770,770,-0.0140845070422535
"4254","4254",2763,2542,2559,-0.0738327904451683
"4255","4255",3457,3427,3453,-0.00115707260630605
"4257","4257",12652,12634,12456,-0.015491621877964
"4258","4258",1376,1376,1376,0
"4259","4259",2350,2765,2788,0.186382978723404
"4260","4260",1524,1524,1447,-0.0505249343832021
"4261","4261",3173,3090,3073,-0.0315159155373464
"4262","4262",2819,2861,2611,-0.0737850301525364
"4263","4263",1052,1050,1050,-0.00190114068441065
"4264","4264",3214,3214,3214,0
"4265","4265",5490,5518,5547,0.0103825136612022
"4266","4266",5742,5487,5527,-0.037443399512365
"4267","4267",1358,1358,1365,0.00515463917525773
"4268","4268",2705,2704,2440,-0.0979667282809612
"4269","4269",2548,2620,3158,0.239403453689168
"4270","4270",5482,5673,5238,-0.0445093031740241
"4271","4271",1746,1746,1755,0.00515463917525773
"4272","4272",5048,5017,4724,-0.0641838351822504
"4273","4273",1712,1839,1830,0.0689252336448598
"4274","4274",2176,2176,2159,-0.0078125
"13811","13811",2176,2176,2159,-0.0078125
"4275","4275",5222,5034,5024,-0.0379165070854079
"4276","4276",3637,3545,3677,0.0109980753368161
"4277","4277",2854,2839,2839,-0.00525578135949544
"4278","4278",933,934,934,0.00107181136120043
"4279","4279",2344,2344,2449,0.0447952218430034
"4280","4280",1055,947,782,-0.258767772511848
"4281","4281",2282,2280,2280,-0.000876424189307625
"4282","4282",1378,1378,1366,-0.00870827285921625
"4283","4283",4584,4532,4523,-0.0133071553228621
"4284","4284",4002,4002,4003,0.000249875062468766
"17552","17552",4002,4002,4003,0.000249875062468766
"4285","4285",1913,1910,1859,-0.0282279142707789
"4286","4286",1852,1852,1577,-0.148488120950324
"4287","4287",5035,4904,4894,-0.0280039721946375
"4288","4288",3524,3524,3175,-0.0990351872871737
"4289","4289",10052,10041,9671,-0.0379029048945483
"4290","4290",3038,3029,3070,0.010533245556287
"4291","4291",3701,3728,3476,-0.0607943798973251
"4292","4292",2290,2331,2331,0.0179039301310044
"4293","4293",5160,5168,5050,-0.0213178294573643
"4294","4294",1301,1561,1560,0.199077632590315
"4295","4295",4339,4237,4229,-0.0253514634708458
"4296","4296",2894,2902,2869,-0.00863856254319281
"4297","4297",2348,2348,2347,-0.000425894378194208
"4533","4533",2348,2348,2347,-0.000425894378194208
"8236","8236",2348,2348,2347,-0.000425894378194208
"4298","4298",2691,2318,2342,-0.129691564474173
"4299","4299",1207,1207,1207,0
"4300","4300",2968,2968,2970,0.000673854447439353
"4301","4301",1281,1284,1284,0.00234192037470726
"4302","4302",4772,4743,4726,-0.009639564124057
"4303","4303",4328,4328,4328,0
"4304","4304",6940,6927,7122,0.0262247838616715
"4305","4305",5320,5338,5302,-0.00338345864661654
"4306","4306",5360,5428,5259,-0.0188432835820896
"4307","4307",3251,3216,3224,-0.0083051368809597
"4309","4309",1099,1289,1100,0.000909918107370337
"4310","4310",2904,2904,2738,-0.0571625344352617
"4311","4311",3048,2975,2985,-0.0206692913385827
"4312","4312",5048,5102,5093,0.00891442155309033
"4313","4313",3145,3104,3104,-0.0130365659777424
"4314","4314",1120,1120,1009,-0.0991071428571429
"4315","4315",3126,3251,3249,0.0393474088291747
"4316","4316",11402,11346,11388,-0.0012278547623224
"4317","4317",1592,1592,1651,0.0370603015075377
"4318","4318",3462,3491,3570,0.0311958405545927
"4319","4319",2196,1993,2044,-0.0692167577413479
"4320","4320",2579,2579,2579,0
"4321","4321",3262,3185,3065,-0.0603923973022685
"4322","4322",2127,2127,2109,-0.00846262341325811
"4323","4323",1480,1480,1466,-0.00945945945945946
"4324","4324",1985,1993,1923,-0.0312342569269521
"4325","4325",4516,4516,4294,-0.0491585473870682
"4326","4326",2084,2020,2016,-0.0326295585412668
"4328","4328",1975,1975,1977,0.0010126582278481
"4329","4329",1120,989,967,-0.136607142857143
"4330","4330",3907,3907,3848,-0.015101100588687
"4331","4331",2214,2214,2305,0.0411020776874435
"4332","4332",2662,2662,2666,0.00150262960180316
"4333","4333",5441,4767,4973,-0.0860136004410954
"4334","4334",1246,1245,1010,-0.189406099518459
"4335","4335",3905,3906,3820,-0.0217669654289373
"4336","4336",2799,2842,2882,0.0296534476598785
"4337","4337",1177,1176,1177,0
"4339","4339",1715,1681,1818,0.0600583090379009
"4340","4340",5846,5786,6033,0.0319876838864181
"4341","4341",1763,1763,1590,-0.0981281905842314
"4342","4342",6893,7204,7297,0.0586101842448861
"4343","4343",8701,8769,8708,0.00080450522928399
"4344","4344",4779,5228,5772,0.207784055241682
"4345","4345",2767,2767,2988,0.0798698951933502
"4346","4346",4048,4047,3946,-0.025197628458498
"4347","4347",3435,3574,3371,-0.0186317321688501
"4348","4348",2705,2625,2193,-0.189279112754159
"4349","4349",2711,2084,2421,-0.106971597196606
"4350","4350",2286,2286,1904,-0.167104111986002
"4351","4351",1576,1576,1600,0.0152284263959391
"4352","4352",897,991,991,0.10479375696767
"4353","4353",2974,2969,3001,0.00907868190988568
"4354","4354",1699,1717,1717,0.0105944673337257
"4355","4355",2915,2915,2967,0.0178387650085763
"4356","4356",3598,3525,3886,0.0800444691495275
"4357","4357",1478,1478,1450,-0.0189445196211096
"4358","4358",2660,2472,2473,-0.0703007518796993
"4359","4359",2698,2622,2645,-0.019644180874722
"4360","4360",1433,1433,1433,0
"4361","4361",2109,2096,2067,-0.0199146514935989
"4362","4362",3578,3587,3581,0.000838457238680827
"4363","4363",5284,5284,5544,0.0492051476154428
"4364","4364",2187,2386,2167,-0.00914494741655236
"4365","4365",2021,2021,2019,-0.000989609104403761
"4366","4366",2441,2700,2579,0.0565342072920934
"4367","4367",2514,2514,2505,-0.0035799522673031
"4368","4368",2973,2782,2947,-0.00874537504204507
"4369","4369",2434,2198,2385,-0.0201314708299096
"4370","4370",1982,1983,2014,0.0161453077699294
"4371","4371",1181,1181,1139,-0.0355630821337849
"4372","4372",4170,4176,4242,0.0172661870503597
"4373","4373",2214,2212,2212,-0.000903342366757001
"4374","4374",3003,3264,2890,-0.0376290376290376
"4375","4375",3766,3644,3647,-0.0315985130111524
"4376","4376",2039,2224,1956,-0.0407062285434036
"4378","4378",2273,2273,2272,-0.00043994720633524
"4379","4379",2747,2746,2732,-0.00546050236621769
"4699","4699",2747,2746,2732,-0.00546050236621769
"4380","4380",1800,1800,1861,0.0338888888888889
"4381","4381",3986,3987,3593,-0.0985950827897642
"4382","4382",2724,2724,2733,0.00330396475770925
"4383","4383",2387,2322,2322,-0.0272308336824466
"4384","4384",2122,2175,2122,0
"4385","4385",4596,4307,4475,-0.0263272410791993
"4386","4386",1908,2015,2018,0.0576519916142558
"4387","4387",2513,2610,2620,0.0425785913251094
"4388","4388",3274,3449,3173,-0.0308491142333537
"4389","4389",3074,3075,3070,-0.00130123617436565
"4390","4390",1425,1550,1143,-0.197894736842105
"4391","4391",1434,1858,1603,0.117852161785216
"4392","4392",2275,2275,2270,-0.0021978021978022
"4393","4393",4423,4500,4405,-0.00406963599366946
"4394","4394",1640,1571,1638,-0.00121951219512195
"4395","4395",3559,3559,3292,-0.0750210733352065
"4396","4396",3213,3193,3257,0.0136943666355431
"4397","4397",4424,4476,4430,0.00135623869801085
"4398","4398",4452,4652,4499,0.0105570530098832
"4399","4399",2509,2509,2522,0.00518134715025907
"4400","4400",2752,2756,2798,0.0167151162790698
"4401","4401",2049,2002,2060,0.00536847242557345
"4402","4402",5815,5815,6178,0.0624247635425623
"4403","4403",2977,2991,2947,-0.0100772589855559
"4404","4404",3638,3641,2846,-0.217702034084662
"4405","4405",4078,3936,3876,-0.049534085335949
"4406","4406",1818,1818,1822,0.0022002200220022
"4407","4407",2130,2129,2328,0.0929577464788732
"4408","4408",1335,1335,1347,0.00898876404494382
"4409","4409",5854,5857,5782,-0.0122992825418517
"4410","4410",1489,1489,1476,-0.00873069173942243
"4411","4411",3072,3072,3067,-0.00162760416666667
"4412","4412",4810,5174,5189,0.0787941787941788
"4413","4413",3570,3462,3441,-0.0361344537815126
"12522","12522",3570,3462,3441,-0.0361344537815126
"4414","4414",2088,2083,2354,0.127394636015326
"4415","4415",1814,1814,1822,0.00441014332965821
"4416","4416",2122,2122,2140,0.00848256361922714
"4417","4417",2515,2517,2549,0.0135188866799205
"4418","4418",2012,2012,1999,-0.00646123260437376
"4419","4419",1129,1129,1156,0.0239149689991143
"4420","4420",1815,1815,1827,0.00661157024793388
"4421","4421",5010,5011,4981,-0.00578842315369262
"4422","4422",2842,2842,2843,0.000351864883884588
"4423","4423",3281,3281,3125,-0.0475464797317891
"4424","4424",2594,2589,2588,-0.0023130300693909
"4425","4425",3683,3590,3366,-0.0860711376595167
"4426","4426",4264,4264,4863,0.140478424015009
"4427","4427",8394,7899,7798,-0.0710030974505599
"4428","4428",3126,2976,2975,-0.0483045425463852
"4429","4429",4176,4175,4033,-0.0342432950191571
"4430","4430",3317,3313,3453,0.0410009044317154
"7723","7723",3317,3313,3453,0.0410009044317154
"4431","4431",4763,4764,4859,0.0201553642662188
"4432","4432",3894,3895,3496,-0.102208525937339
"4433","4433",1148,1147,1147,-0.000871080139372822
"4434","4434",2588,2588,2619,0.0119783616692427
"4435","4435",2991,2992,3126,0.045135406218656
"4436","4436",2454,2443,2412,-0.0171149144254279
"4437","4437",1421,1421,1416,-0.00351864883884588
"4438","4438",2454,2677,2402,-0.0211898940505297
"4439","4439",3924,3927,3861,-0.0160550458715596
"4440","4440",1863,1816,1818,-0.0241545893719807
"4441","4441",3063,2813,2997,-0.0215475024485798
"4442","4442",2562,2600,2428,-0.0523028883684621
"4443","4443",6432,6575,6234,-0.0307835820895522
"4444","4444",982,982,1036,0.054989816700611
"4445","4445",8229,8224,8239,0.00121521448535667
"4446","4446",3401,3401,3402,0.000294031167303734
"4447","4447",1935,1935,2006,0.0366925064599483
"4448","4448",4065,4092,4076,0.0027060270602706
"4449","4449",3534,3536,3592,0.0164119977362762
"4450","4450",2137,2137,2140,0.00140383715489003
"4451","4451",1957,1957,1961,0.00204394481349004
"4452","4452",2945,3005,2994,0.0166383701188455
"4453","4453",5262,5157,5157,-0.0199543899657925
"4454","4454",7142,7655,7614,0.0660879305516662
"4455","4455",9764,9768,9775,0.00112658746415404
"4456","4456",3439,3442,3616,0.051468450130852
"4457","4457",2040,2040,2341,0.147549019607843
"4458","4458",2155,2151,2149,-0.00278422273781903
"4459","4459",3872,4047,3535,-0.0870351239669421
"4460","4460",2237,2237,2113,-0.0554313813142602
"4461","4461",2298,2342,2338,0.0174064403829417
"4462","4462",881,881,916,0.039727582292849
"4463","4463",1477,1477,1477,0
"13240","13240",1477,1477,1477,0
"4464","4464",4529,4135,4074,-0.100463678516229
"4465","4465",6334,6569,6684,0.0552573413324913
"4467","4467",3444,3429,3115,-0.0955284552845529
"4468","4468",2648,2648,2690,0.0158610271903323
"4469","4469",7939,7751,8182,0.0306083889658647
"4470","4470",1177,1187,1187,0.00849617672047579
"4471","4471",1190,1190,1077,-0.0949579831932773
"4472","4472",4873,4903,4961,0.018058690744921
"4473","4473",1646,1647,1654,0.00486026731470231
"4474","4474",4666,4673,4678,0.00257179597085298
"4475","4475",2927,2927,2732,-0.0666211137683635
"4476","4476",1436,1436,1412,-0.0167130919220056
"4477","4477",2963,2970,2970,0.00236247046911914
"4478","4478",1817,1817,1791,-0.0143093010456797
"4479","4479",772,842,843,0.0919689119170984
"4480","4480",2383,2386,2386,0.00125891733109526
"4481","4481",1689,1689,1684,-0.0029603315571344
"4482","4482",2051,2051,2050,-0.000487567040468064
"4483","4483",2095,2095,2097,0.000954653937947494
"4484","4484",2699,2698,2705,0.00222304557243423
"4485","4485",2130,2130,2105,-0.0117370892018779
"4486","4486",1819,1756,1951,0.0725673446948873
"4487","4487",2926,3197,3249,0.11038961038961
"4488","4488",1435,1477,1450,0.0104529616724739
"4489","4489",2195,2352,2515,0.145785876993166
"4491","4491",3656,3654,3654,-0.000547045951859956
"4492","4492",2197,2204,2048,-0.0678197542102868
"4493","4493",3370,3240,3247,-0.0364985163204748
"4494","4494",1803,1803,1809,0.00332778702163062
"4495","4495",1751,1743,1750,-0.000571102227298686
"4496","4496",871,874,875,0.00459242250287026
"9158","9158",871,874,875,0.00459242250287026
"4497","4497",4286,4350,4400,0.026598226784881
"4498","4498",1107,1156,1126,0.017163504968383
"4499","4499",4490,4508,4751,0.0581291759465479
"4500","4500",6740,6940,6654,-0.0127596439169139
"4501","4501",1772,1797,1796,0.0135440180586907
"4502","4502",5124,5160,5248,0.024199843871975
"4504","4504",2460,2455,2452,-0.0032520325203252
"4505","4505",2249,2250,2214,-0.0155624722098711
"4506","4506",846,846,846,0
"13954","13954",846,846,846,0
"4507","4507",2698,2698,2600,-0.0363232023721275
"4508","4508",1386,1386,1387,0.000721500721500722
"4509","4509",1574,1575,1652,0.0495552731893266
"4510","4510",1754,1754,1733,-0.0119726339794755
"17573","17573",1754,1754,1733,-0.0119726339794755
"4511","4511",6499,6559,6473,-0.00400061547930451
"4512","4512",2869,2785,2789,-0.0278842802370164
"4513","4513",5930,5846,5415,-0.0868465430016863
"4514","4514",1827,1828,1816,-0.0060207991242474
"4515","4515",10877,10837,10840,-0.00340167325549324
"4516","4516",7820,7821,7945,0.0159846547314578
"4517","4517",2888,2819,2677,-0.0730609418282548
"4519","4519",2506,2506,2507,0.000399042298483639
"4520","4520",2632,2528,2503,-0.0490121580547112
"4521","4521",1965,1965,1968,0.00152671755725191
"4522","4522",1570,1569,1793,0.14203821656051
"4523","4523",3003,3017,3026,0.00765900765900766
"4524","4524",6963,6970,7122,0.022834984920293
"4525","4525",1717,1717,1737,0.011648223645894
"4526","4526",1819,1819,1812,-0.00384826827927433
"10182","10182",1819,1819,1812,-0.00384826827927433
"4527","4527",3295,3192,3453,0.0479514415781487
"4528","4528",3065,3093,3062,-0.000978792822185971
"4529","4529",6238,6239,6010,-0.0365501763385701
"4530","4530",1057,1038,889,-0.158940397350993
"4531","4531",1495,1538,1497,0.00133779264214047
"4532","4532",6048,5988,5816,-0.0383597883597884
"4534","4534",2642,2625,2778,0.0514761544284633
"4535","4535",1466,1466,1781,0.214870395634379
"4537","4537",4793,4722,4721,-0.015021906947632
"4538","4538",2628,2584,2799,0.0650684931506849
"4539","4539",1959,1956,1954,-0.00255232261357836
"4540","4540",2571,2534,2951,0.14780241151303
"4541","4541",2831,2831,3013,0.0642882373719534
"4542","4542",3274,3283,3501,0.0693341478313989
"4543","4543",3680,3574,3572,-0.0293478260869565
"4544","4544",1507,1463,1491,-0.0106171201061712
"4545","4545",3371,3488,3247,-0.0367843369919905
"4546","4546",3264,3264,3156,-0.0330882352941176
"4547","4547",2796,2795,2794,-0.000715307582260372
"4548","4548",3026,3047,2791,-0.0776602775941837
"4549","4549",4537,4185,4185,-0.0775843068106678
"4550","4550",4129,4141,4055,-0.0179220150157423
"4551","4551",9234,9231,9017,-0.0235001082954299
"4552","4552",3478,3499,3354,-0.0356526739505463
"4553","4553",1744,1744,1686,-0.033256880733945
"12152","12152",1744,1744,1686,-0.033256880733945
"18109","18109",1744,1744,1686,-0.033256880733945
"4554","4554",2388,2377,2382,-0.00251256281407035
"4555","4555",2492,2284,2244,-0.0995184590690209
"4556","4556",3748,3743,3018,-0.194770544290288
"4557","4557",2844,2852,2896,0.0182841068917018
"4559","4559",2661,2066,2322,-0.12739571589628
"4560","4560",2573,2687,2751,0.0691799455888068
"4561","4561",1492,1613,1532,0.0268096514745308
"4562","4562",1157,1157,1152,-0.00432152117545376
"4563","4563",4739,4759,4921,0.0384047267355982
"4564","4564",7155,7162,7119,-0.0050314465408805
"4565","4565",3221,3220,3201,-0.00620925178515989
"4566","4566",1057,1057,1057,0
"4567","4567",1784,1646,1645,-0.077914798206278
"4568","4568",1184,1183,1075,-0.0920608108108108
"4569","4569",1847,1846,2090,0.131564699512723
"14292","14292",1847,1846,2090,0.131564699512723
"4570","4570",5521,5524,5417,-0.0188371671798587
"4571","4571",4805,4794,4789,-0.00332986472424558
"4572","4572",908,1213,1131,0.245594713656388
"4573","4573",2221,2221,2221,0
"4574","4574",3544,3545,3436,-0.0304740406320542
"4575","4575",1612,1624,1625,0.00806451612903226
"4577","4577",5748,5748,5745,-0.000521920668058455
"4578","4578",3722,3722,3692,-0.00806018269747448
"4579","4579",3883,3673,3673,-0.0540818954416688
"4580","4580",5104,5104,5079,-0.00489811912225705
"4581","4581",2638,2641,2640,0.000758150113722517
"4582","4582",1273,1273,1180,-0.0730557737627651
"4583","4583",3676,3701,3770,0.0255712731229597
"4584","4584",3677,3776,3992,0.0856676638564047
"4585","4585",3305,3275,3290,-0.00453857791225416
"4586","4586",4835,4835,4830,-0.00103412616339193
"4587","4587",2899,2902,3153,0.0876164194549845
"4588","4588",5368,5324,5409,0.00763785394932936
"4589","4589",2339,2422,2426,0.0371953826421548
"4590","4590",2135,2157,2127,-0.00374707259953162
"4591","4591",6726,6622,6849,0.0182872435325602
"4592","4592",1459,1459,1463,0.00274160383824537
"4593","4593",4563,4444,4435,-0.0280517203594127
"4594","4594",1896,1834,1870,-0.0137130801687764
"4595","4595",3228,3229,3228,0
"4596","4596",2714,2700,2795,0.0298452468680914
"4597","4597",1188,1168,1279,0.0765993265993266
"4598","4598",3869,3862,4014,0.037477384337038
"4599","4599",3474,3186,3378,-0.0276338514680484
"4600","4600",6090,5675,5683,-0.0668308702791461
"4601","4601",2357,2357,2357,0
"4602","4602",2608,2649,2651,0.0164877300613497
"4603","4603",1929,2040,2071,0.0736132711249352
"4604","4604",1591,1634,1634,0.027027027027027
"4605","4605",4061,4059,3996,-0.0160059098744152
"4606","4606",8648,8638,8589,-0.00682238667900092
"4607","4607",2528,2493,2811,0.111946202531646
"4608","4608",2252,2259,2259,0.00310834813499112
"4609","4609",1784,1856,1828,0.0246636771300448
"4610","4610",9615,9615,9615,0
"4611","4611",3922,3953,4112,0.0484446710861805
"4612","4612",1716,1714,1573,-0.0833333333333333
"4613","4613",2852,2968,2931,0.0276998597475456
"4614","4614",4193,4193,4133,-0.0143095635583115
"4615","4615",3577,3573,3572,-0.0013978194017333
"4616","4616",2989,2877,2887,-0.0341251254600201
"4617","4617",2597,2597,2597,0
"4618","4618",1451,1451,1451,0
"4619","4619",3864,3740,3770,-0.0243271221532091
"4620","4620",1904,1904,1850,-0.0283613445378151
"4621","4621",8215,8155,8159,-0.00681679853925746
"4622","4622",1573,1573,1571,-0.00127145581691036
"4623","4623",2657,2658,2752,0.0357546104629281
"4624","4624",1859,1963,1962,0.0554061323292093
"4625","4625",1911,1844,1711,-0.10465724751439
"4626","4626",2718,2708,3112,0.144959529065489
"4627","4627",1777,1784,1805,0.0157568936409679
"4628","4628",2129,2129,2402,0.128229215594176
"11833","11833",2129,2129,2402,0.128229215594176
"15494","15494",2129,2129,2402,0.128229215594176
"4629","4629",3043,2970,3258,0.0706539599079855
"4630","4630",1095,1095,1095,0
"4631","4631",4305,4260,4322,0.00394889663182346
"4632","4632",4943,4901,4902,-0.00829455796075258
"4633","4633",3140,3208,3311,0.0544585987261147
"4634","4634",1594,1594,1594,0
"4635","4635",2480,2516,2495,0.00604838709677419
"4636","4636",1942,2001,1996,0.0278063851699279
"4637","4637",1527,1527,1527,0
"4638","4638",2068,2068,2132,0.0309477756286267
"4639","4639",3141,3199,3062,-0.0251512257242916
"4640","4640",4241,4221,4048,-0.0455081348738505
"4641","4641",1985,2019,1782,-0.102267002518892
"4642","4642",1333,1333,1405,0.054013503375844
"4643","4643",1657,1449,1360,-0.179239589619795
"4644","4644",1342,1354,1354,0.00894187779433681
"4645","4645",5516,5496,5692,0.0319071791153009
"4646","4646",1285,1450,1291,0.0046692607003891
"8564","8564",1285,1450,1291,0.0046692607003891
"16799","16799",1285,1450,1291,0.0046692607003891
"4647","4647",2449,2449,2460,0.00449162923642303
"4648","4648",2805,2805,2785,-0.0071301247771836
"4649","4649",2703,2989,2803,0.0369959304476508
"4650","4650",2539,2546,2548,0.00354470263883419
"4651","4651",1753,1753,1753,0
"4652","4652",1111,1111,1111,0
"14782","14782",1111,1111,1111,0
"15552","15552",1111,1111,1111,0
"16663","16663",1111,1111,1111,0
"4653","4653",2026,2026,2029,0.00148075024679171
"4654","4654",2922,2922,2936,0.00479123887748118
"4655","4655",2564,2558,2558,-0.00234009360374415
"4656","4656",5686,5977,5886,0.0351741118536757
"4657","4657",2054,2060,2013,-0.0199610516066212
"4658","4658",2069,2069,2130,0.0294828419526341
"12944","12944",2069,2069,2130,0.0294828419526341
"4659","4659",1579,1533,1533,-0.0291323622545915
"4660","4660",3926,3915,4017,0.0231788079470199
"4661","4661",2491,2548,2548,0.0228823765556002
"4662","4662",1185,1185,1452,0.225316455696203
"4663","4663",5440,5410,5302,-0.0253676470588235
"4664","4664",3922,3876,3763,-0.0405405405405405
"4665","4665",5437,5557,5420,-0.00312672429648703
"4666","4666",1750,1680,1901,0.0862857142857143
"4667","4667",4512,4555,4518,0.00132978723404255
"4668","4668",1828,1828,1822,-0.00328227571115974
"5676","5676",1828,1828,1822,-0.00328227571115974
"4669","4669",3210,3210,2829,-0.118691588785047
"4670","4670",2640,2640,2485,-0.0587121212121212
"4671","4671",4023,3976,3278,-0.185185185185185
"4672","4672",5172,5153,4803,-0.0713457076566125
"4673","4673",4011,4014,4015,0.00099725754176016
"4674","4674",5588,5578,5621,0.00590551181102362
"4675","4675",3972,3983,4220,0.0624370594159114
"4676","4676",4306,4306,4306,0
"4677","4677",6229,6266,6326,0.0155723230052978
"4678","4678",5191,5147,5150,-0.00789828549412445
"4679","4679",4123,4126,4142,0.00460829493087558
"4680","4680",2819,2819,2562,-0.0911670805250089
"4681","4681",1168,1168,1168,0
"4682","4682",3549,3549,3537,-0.00338123415046492
"4683","4683",1666,1479,1688,0.0132052821128451
"4684","4684",2476,2473,2355,-0.0488691437802908
"13309","13309",2476,2473,2355,-0.0488691437802908
"4685","4685",1396,1396,1433,0.0265042979942693
"4686","4686",6525,6523,6122,-0.0617624521072797
"4687","4687",3639,3647,3639,0
"4688","4688",6816,6800,7358,0.079518779342723
"4689","4689",3692,3692,3700,0.00216684723726977
"4690","4690",3606,3652,3611,0.00138657792567942
"4691","4691",7699,8103,8126,0.0554617482789973
"4692","4692",844,821,821,-0.0272511848341232
"4693","4693",1486,1493,1435,-0.0343203230148048
"4694","4694",5408,5476,5320,-0.0162721893491124
"4695","4695",1735,1735,1750,0.00864553314121038
"4696","4696",1893,1894,1850,-0.0227152667723191
"4697","4697",3910,3907,4011,0.0258312020460358
"4698","4698",2295,2296,2296,0.000435729847494553
"4700","4700",5830,5862,5713,-0.0200686106346484
"4701","4701",2035,2035,2047,0.0058968058968059
"4702","4702",2420,2392,2395,-0.0103305785123967
"4703","4703",992,992,992,0
"4704","4704",728,728,727,-0.00137362637362637
"4705","4705",2731,2731,2792,0.022336140607836
"4706","4706",1830,1831,1831,0.000546448087431694
"7574","7574",1830,1831,1831,0.000546448087431694
"4707","4707",1098,1098,783,-0.286885245901639
"4708","4708",2324,2168,2162,-0.0697074010327022
"4709","4709",9165,9556,9213,0.00523731587561375
"4710","4710",4794,4794,4696,-0.0204422194409679
"4711","4711",1579,1577,1600,0.013299556681444
"4712","4712",3964,4042,4014,0.0126135216952573
"4713","4713",3402,3391,3382,-0.00587889476778366
"4714","4714",4268,4285,4282,0.00328022492970947
"4715","4715",2620,2620,2618,-0.000763358778625954
"4716","4716",2497,2465,2422,-0.0300360432519023
"4717","4717",921,921,922,0.001085776330076
"4719","4719",2998,2836,3131,0.0443629086057372
"4720","4720",4871,4871,4875,0.000821186614658181
"4721","4721",3631,3631,3632,0.000275406224180667
"4722","4722",1975,2004,1929,-0.0232911392405063
"4723","4723",2754,2751,2751,-0.00108932461873638
"4724","4724",4660,4475,4470,-0.0407725321888412
"4725","4725",1339,1343,1343,0.00298730395817774
"4726","4726",2774,2776,2771,-0.00108147080028839
"4727","4727",2331,2331,2332,0.000429000429000429
"4728","4728",1384,1384,1384,0
"4729","4729",1659,1534,1534,-0.0753465943339361
"4730","4730",3331,3188,3127,-0.0612428700090063
"4731","4731",1837,1831,1831,-0.00326619488296135
"4732","4732",1723,1723,1674,-0.028438769587928
"4733","4733",986,983,984,-0.00202839756592292
"4734","4734",3232,3307,3250,0.00556930693069307
"4735","4735",12553,12544,12366,-0.0148968374093842
"4736","4736",4926,4926,4705,-0.0448639870077142
"4737","4737",898,990,983,0.0946547884187082
"4738","4738",3841,3494,3489,-0.0916428013538141
"4739","4739",2497,2497,2497,0
"4740","4740",3171,3171,3037,-0.0422579627877641
"4741","4741",6110,6144,6208,0.0160392798690671
"4742","4742",2870,2779,2779,-0.0317073170731707
"4743","4743",2619,2547,1979,-0.244368079419626
"4744","4744",3867,3868,3844,-0.00594776312386863
"4745","4745",4372,3546,3268,-0.252516010978957
"4746","4746",1784,1784,1790,0.00336322869955157
"4747","4747",4956,4386,4385,-0.115213882163035
"4748","4748",1726,1726,1517,-0.12108922363847
"4749","4749",1411,1411,1440,0.0205527994330262
"4750","4750",1731,1575,1547,-0.10629693818602
"4751","4751",3694,3616,3550,-0.0389821331889551
"4752","4752",4773,4773,4773,0
"4753","4753",1332,1300,1253,-0.0593093093093093
"4754","4754",2052,2052,2070,0.0087719298245614
"4755","4755",1020,1032,1033,0.0127450980392157
"4756","4756",2065,2209,2209,0.0697336561743341
"4757","4757",3316,3383,3313,-0.000904704463208685
"4758","4758",2287,2290,2291,0.00174901617839965
"4759","4759",4165,4257,3973,-0.0460984393757503
"4760","4760",822,822,798,-0.0291970802919708
"4761","4761",2860,2848,2851,-0.00314685314685315
"4762","4762",1834,1834,1896,0.0338058887677208
"4763","4763",3568,3350,3491,-0.0215807174887892
"4764","4764",2844,2844,2769,-0.0263713080168776
"4765","4765",2577,2577,2577,0
"4766","4766",2851,2860,2862,0.00385829533497019
"4767","4767",4139,4122,4030,-0.0263348634935975
"11642","11642",4139,4122,4030,-0.0263348634935975
"4768","4768",2030,2031,2034,0.00197044334975369
"4769","4769",2227,2227,2454,0.101930848675348
"4770","4770",2614,2570,2479,-0.0516449885233359
"4771","4771",1352,1495,1403,0.0377218934911243
"4772","4772",2931,2931,2953,0.00750597065847834
"4773","4773",2422,2390,2302,-0.0495458298926507
"4774","4774",2137,2131,2443,0.143191389798783
"14479","14479",2137,2131,2443,0.143191389798783
"4775","4775",832,832,832,0
"10982","10982",832,832,832,0
"4776","4776",1651,1651,1390,-0.158086008479709
"4777","4777",9290,9363,8836,-0.0488697524219591
"4778","4778",3798,3640,3793,-0.00131648235913639
"4779","4779",841,841,841,0
"4781","4781",2552,2552,2551,-0.000391849529780564
"4782","4782",4617,4652,4529,-0.0190599956681828
"4783","4783",3454,3416,3730,0.0799073537927041
"4784","4784",4283,4283,4284,0.000233481204763017
"4785","4785",2290,2290,2287,-0.00131004366812227
"4786","4786",1985,1956,1797,-0.0947103274559194
"4788","4788",2413,2414,2397,-0.00663075010360547
"4789","4789",2375,2374,2316,-0.0248421052631579
"14941","14941",2375,2374,2316,-0.0248421052631579
"4790","4790",2954,2812,2890,-0.021665538253216
"4792","4792",1051,1051,1051,0
"18466","18466",1051,1051,1051,0
"4793","4793",1652,1654,1655,0.00181598062953995
"4794","4794",3895,3895,4036,0.0362002567394095
"4795","4795",2312,2313,2596,0.122837370242215
"4796","4796",2271,2361,2321,0.0220167327168648
"4797","4797",2618,2617,2618,0
"4798","4798",5086,5113,5145,0.011600471883602
"4799","4799",3072,2976,2825,-0.0804036458333333
"4800","4800",1312,1309,1309,-0.00228658536585366
"4801","4801",4712,4705,4704,-0.00169779286926995
"4802","4802",2663,2625,2700,0.0138941043935411
"4803","4803",1696,1696,1632,-0.0377358490566038
"4804","4804",2686,2514,2448,-0.0886075949367089
"4805","4805",1363,1363,1084,-0.204695524578136
"4806","4806",2324,1858,1858,-0.200516351118761
"4807","4807",4763,4763,4601,-0.0340121771992442
"4808","4808",1515,1515,1474,-0.0270627062706271
"4809","4809",3223,3265,3228,0.00155134967421657
"4810","4810",2094,2094,2116,0.0105062082139446
"4811","4811",2350,2350,2300,-0.0212765957446809
"4813","4813",2606,2610,2594,-0.00460475825019187
"4814","4814",2596,2596,2371,-0.0866718027734977
"4815","4815",2999,2999,2861,-0.0460153384461487
"4817","4817",3747,3746,3727,-0.00533760341606619
"4818","4818",5057,4737,4736,-0.0634763693889658
"4819","4819",1872,1889,2004,0.0705128205128205
"4820","4820",2490,2490,2949,0.18433734939759
"4821","4821",3293,3293,3270,-0.00698451260249013
"4822","4822",2696,2696,2718,0.00816023738872404
"4823","4823",3733,3734,3770,0.00991159924993303
"4824","4824",6473,6397,6529,0.0086513208713116
"4825","4825",1986,1948,1986,0
"4826","4826",2983,2983,2983,0
"4827","4827",1936,1936,1937,0.000516528925619835
"4828","4828",1620,1620,1618,-0.00123456790123457
"4829","4829",1912,2185,2185,0.142782426778243
"10345","10345",1912,2185,2185,0.142782426778243
"4830","4830",1202,1382,1382,0.149750415973378
"4831","4831",681,681,681,0
"4832","4832",6464,6464,6685,0.0341893564356436
"4833","4833",2339,2420,2280,-0.0252244548952544
"4834","4834",1363,1485,1323,-0.0293470286133529
"4836","4836",2840,2918,2858,0.00633802816901408
"4837","4837",1742,1741,1741,-0.000574052812858783
"4838","4838",2163,1756,1316,-0.391585760517799
"4839","4839",10931,10931,10947,0.00146372701491172
"4840","4840",2610,2611,2609,-0.000383141762452107
"4841","4841",2316,2317,2226,-0.038860103626943
"4842","4842",1729,1623,1623,-0.0613071139386929
"4843","4843",2165,2165,2423,0.119168591224018
"4844","4844",2943,2940,2895,-0.0163098878695209
"4845","4845",1736,1930,1852,0.0668202764976959
"4846","4846",2400,2403,2394,-0.0025
"4847","4847",3465,3752,3781,0.0911976911976912
"4848","4848",1390,1390,1267,-0.0884892086330935
"17682","17682",1390,1390,1267,-0.0884892086330935
"4849","4849",1868,1869,1870,0.00107066381156317
"10018","10018",1868,1869,1870,0.00107066381156317
"18293","18293",1868,1869,1870,0.00107066381156317
"4850","4850",4177,4189,4188,0.00263346899688772
"4851","4851",1798,1769,1741,-0.0317018909899889
"4852","4852",1680,1681,2013,0.198214285714286
"4853","4853",1553,1447,1446,-0.0688989053444945
"11713","11713",1553,1447,1446,-0.0688989053444945
"4854","4854",1792,1743,1701,-0.05078125
"4855","4855",2368,2405,2405,0.015625
"4856","4856",4074,4074,4169,0.0233186057928326
"4857","4857",1681,1841,1842,0.0957763236168947
"4858","4858",2509,2511,2513,0.00159426066161817
"4859","4859",2226,2226,2334,0.0485175202156334
"4860","4860",9584,9570,10027,0.0462228714524207
"4861","4861",3632,4079,4077,0.122522026431718
"4862","4862",5177,4510,5288,0.0214409889897624
"4863","4863",3148,4003,3127,-0.00667090216010165
"4864","4864",1855,1853,1853,-0.00107816711590297
"4865","4865",1215,1215,1302,0.0716049382716049
"4866","4866",1809,1810,1833,0.0132669983416252
"4867","4867",2388,2388,2385,-0.00125628140703518
"4868","4868",3089,3089,3089,0
"4869","4869",1185,1185,1167,-0.0151898734177215
"4870","4870",1070,1070,1070,0
"4871","4871",3087,3060,3065,-0.00712666018788468
"4872","4872",1309,1309,1363,0.0412528647822765
"4873","4873",2102,2063,2067,-0.016650808753568
"4874","4874",2845,2849,2818,-0.00949033391915641
"4875","4875",2536,2430,2443,-0.0366719242902208
"14481","14481",2536,2430,2443,-0.0366719242902208
"4876","4876",4639,4636,4626,-0.00280232808794999
"4877","4877",2859,2859,2860,0.000349772647778944
"4878","4878",1536,1536,1536,0
"4879","4879",1124,1113,1114,-0.00889679715302491
"4880","4880",1837,1837,1970,0.0724006532389766
"4881","4881",2213,2213,2213,0
"4882","4882",5701,5719,5901,0.0350815646377828
"4883","4883",1916,1916,1917,0.000521920668058455
"4884","4884",3497,3490,3524,0.0077209036316843
"4885","4885",11854,11983,11460,-0.0332377256622237
"4886","4886",2626,2624,2640,0.00533130236100533
"4887","4887",2062,2062,2102,0.0193986420950533
"4888","4888",2901,3076,2903,0.000689417442261289
"4889","4889",2041,2010,1981,-0.0293973542381186
"4890","4890",2396,2352,2381,-0.00626043405676127
"4891","4891",3906,4068,4068,0.0414746543778802
"4892","4892",2985,2986,2990,0.0016750418760469
"4893","4893",1291,1341,1409,0.0914020139426801
"4894","4894",4208,4078,4073,-0.0320817490494297
"4895","4895",5702,5669,5672,-0.00526131182041389
"4896","4896",1849,1864,1835,-0.0075716603569497
"4897","4897",1893,1755,1793,-0.0528262017960909
"4898","4898",2117,2039,2113,-0.00188946622579121
"4899","4899",1595,1595,1857,0.164263322884013
"4900","4900",4889,5146,5201,0.0638167314379219
"4901","4901",584,577,569,-0.0256849315068493
"4902","4902",3817,3812,3941,0.0324862457427299
"4903","4903",2463,2465,2465,0.000812017864393017
"11197","11197",2463,2465,2465,0.000812017864393017
"4904","4904",973,973,973,0
"4905","4905",3184,3154,3218,0.010678391959799
"4906","4906",1715,1719,1720,0.00291545189504373
"4907","4907",2099,1753,1937,-0.0771796093377799
"14029","14029",2099,1753,1937,-0.0771796093377799
"4908","4908",2447,2560,2559,0.0457703310175725
"4909","4909",2852,2869,2869,0.00596072931276297
"4910","4910",6144,6148,5956,-0.0305989583333333
"4911","4911",4670,4679,4674,0.000856531049250535
"14327","14327",4670,4679,4674,0.000856531049250535
"4912","4912",2987,2987,2987,0
"4913","4913",3236,3273,3065,-0.0528430160692213
"4914","4914",1185,1149,1149,-0.030379746835443
"4915","4915",1901,1901,1902,0.000526038926880589
"4916","4916",3821,3761,3761,-0.0157026956294164
"4917","4917",8228,8344,8251,0.00279533300923675
"4918","4918",1422,1653,1633,0.148382559774965
"4919","4919",8054,8077,8215,0.0199900670474298
"4920","4920",1356,1357,1281,-0.0553097345132743
"4921","4921",1335,1335,1305,-0.0224719101123595
"4922","4922",1084,1071,1071,-0.0119926199261993
"4923","4923",4945,4914,4973,0.00566228513650152
"4924","4924",2675,2661,2747,0.0269158878504673
"4925","4925",1968,1904,1662,-0.155487804878049
"4926","4926",4887,4866,5177,0.059341109064866
"4927","4927",1591,1607,1627,0.0226272784412319
"4928","4928",1887,1888,1880,-0.00370959194488606
"4929","4929",2272,2272,2271,-0.000440140845070423
"4930","4930",6900,6880,6873,-0.00391304347826087
"4931","4931",2464,2126,2131,-0.135146103896104
"4932","4932",2442,2442,2404,-0.0155610155610156
"4933","4933",1326,1349,1248,-0.0588235294117647
"4934","4934",1770,1812,1681,-0.0502824858757062
"4935","4935",2779,2779,2881,0.0367038503058654
"4936","4936",5601,5598,5582,-0.00339225138368149
"4937","4937",4053,4053,4000,-0.0130767332839872
"4938","4938",10249,10203,10350,0.00985461996292321
"4939","4939",5296,5289,4362,-0.176359516616314
"4940","4940",3251,3252,3012,-0.0735158412796063
"4941","4941",2966,3010,2954,-0.00404585300067431
"4942","4942",3863,3594,3597,-0.0688584002070929
"4943","4943",5369,5369,5073,-0.0551313093685975
"4944","4944",3703,3950,4025,0.0869565217391304
"4945","4945",2147,2167,2014,-0.0619469026548673
"4946","4946",1592,1591,1565,-0.0169597989949749
"4947","4947",2055,2057,2043,-0.00583941605839416
"4948","4948",4388,4390,4357,-0.00706472196900638
"4949","4949",3398,3366,3383,-0.00441436138905238
"4950","4950",1039,1039,1039,0
"4951","4951",926,926,928,0.00215982721382289
"4952","4952",7154,7508,6999,-0.0216662007268661
"4953","4953",3769,3769,3769,0
"4954","4954",4251,4219,4230,-0.00494001411432604
"4955","4955",6266,6322,6104,-0.025853814235557
"4956","4956",1629,1677,1661,0.0196439533456108
"8677","8677",1629,1677,1661,0.0196439533456108
"4957","4957",2893,2844,2912,0.00656757690978223
"4958","4958",1510,1503,1510,0
"4959","4959",3217,3218,3621,0.125582841156357
"4960","4960",2957,3011,2884,-0.0246871829556983
"4961","4961",2128,2112,1883,-0.115131578947368
"4962","4962",2199,2020,1947,-0.114597544338336
"4963","4963",7024,6989,6959,-0.00925398633257403
"4964","4964",958,958,958,0
"4965","4965",4095,4094,4117,0.00537240537240537
"4966","4966",1327,1327,1326,-0.000753579502637528
"4967","4967",3035,3041,3099,0.0210873146622735
"4968","4968",5736,5735,5816,0.0139470013947001
"4969","4969",1960,1960,2168,0.106122448979592
"4970","4970",4485,4486,4494,0.0020066889632107
"4971","4971",2339,2072,2205,-0.0572894399315947
"4972","4972",1725,1726,1318,-0.235942028985507
"4973","4973",3004,2992,3056,0.0173102529960053
"4974","4974",2336,2338,2339,0.00128424657534247
"4975","4975",6090,6182,6207,0.0192118226600985
"4976","4976",3170,3167,3220,0.0157728706624606
"4977","4977",5991,6019,6091,0.0166917042230012
"4978","4978",3553,3553,3557,0.00112580917534478
"4979","4979",3075,2527,2324,-0.244227642276423
"4980","4980",9011,8904,9467,0.0506048163355898
"4981","4981",2428,2281,2477,0.0201812191103789
"4982","4982",3213,3275,3283,0.0217864923747277
"4983","4983",3139,3091,3331,0.0611659764256132
"4984","4984",1985,1997,1998,0.00654911838790932
"4985","4985",1491,1491,1491,0
"11276","11276",1491,1491,1491,0
"4986","4986",8482,8510,8739,0.0302994576750766
"4987","4987",1139,1158,1059,-0.0702370500438982
"4988","4988",6057,6087,6270,0.0351659237246161
"4989","4989",2514,2439,2439,-0.0298329355608592
"4990","4990",4018,4420,4556,0.133897461423594
"4991","4991",5061,5061,5029,-0.00632286109464533
"4992","4992",2959,3003,3514,0.187563366002028
"4993","4993",1469,1483,1475,0.00408441116405718
"4994","4994",1784,1798,1798,0.007847533632287
"4996","4996",1118,1118,1121,0.00268336314847943
"4997","4997",6400,6081,6155,-0.03828125
"4998","4998",1189,1189,1139,-0.0420521446593776
"4999","4999",2011,2127,2243,0.115365489806067
"5000","5000",1789,1781,1781,-0.00447177193963108
"5001","5001",1699,1700,1693,-0.00353148911124191
"5002","5002",1239,1212,1138,-0.0815173527037934
"5003","5003",5387,5387,5307,-0.0148505661778355
"5004","5004",5429,5422,5095,-0.0615214588321975
"5005","5005",6038,6008,5830,-0.0344484928784366
"5006","5006",4611,4615,4576,-0.00759054435046628
"5007","5007",6039,6003,6078,0.00645802285146547
"5008","5008",1735,1753,1752,0.00979827089337176
"10220","10220",1735,1753,1752,0.00979827089337176
"5009","5009",4881,4641,4627,-0.0520385166973981
"5010","5010",4507,4476,4422,-0.0188595518082982
"5011","5011",2190,2190,2772,0.265753424657534
"5012","5012",2986,2986,2991,0.00167448091091762
"5013","5013",8817,8820,9234,0.0472949982987411
"5014","5014",1547,1547,1547,0
"5015","5015",2391,2391,2335,-0.0234211626934337
"5016","5016",5638,5640,5673,0.0062078751330259
"5017","5017",2229,2313,2337,0.0484522207267833
"5018","5018",2134,2155,2145,0.00515463917525773
"5019","5019",1768,1770,1770,0.00113122171945701
"5020","5020",1352,1352,1220,-0.0976331360946746
"5021","5021",2955,2936,2784,-0.0578680203045685
"5022","5022",3407,3376,3008,-0.117111828588201
"5023","5023",2713,2708,2788,0.0276446737928492
"5024","5024",2756,2754,2754,-0.000725689404934688
"5025","5025",3966,4352,4525,0.140948058497226
"5026","5026",3237,3082,3133,-0.0321285140562249
"5027","5027",1877,1877,1795,-0.0436867341502397
"5028","5028",2233,2302,2261,0.0125391849529781
"5029","5029",3738,3740,3828,0.0240770465489567
"5030","5030",2445,2469,2418,-0.0110429447852761
"5031","5031",3968,3958,4016,0.0120967741935484
"5032","5032",1984,1983,1909,-0.0378024193548387
"5033","5033",1655,1655,1655,0
"5034","5034",14457,14141,14659,0.0139724700836965
"5035","5035",3377,3340,3378,0.000296120817293456
"5036","5036",5226,5226,5244,0.0034443168771527
"5037","5037",3188,3141,3140,-0.0150564617314931
"5038","5038",3812,3812,3673,-0.0364637985309549
"5039","5039",1674,1843,1792,0.0704898446833931
"6759","6759",1674,1843,1792,0.0704898446833931
"5040","5040",4682,4725,4762,0.0170867150790261
"5041","5041",1460,1460,1460,0
"5042","5042",2654,2745,2745,0.0342878673700075
"5043","5043",2227,1906,1906,-0.144140098787607
"5044","5044",5685,5687,5714,0.00510114335971856
"5045","5045",1259,1186,1240,-0.0150913423351867
"7902","7902",1259,1186,1240,-0.0150913423351867
"5046","5046",2187,2187,2187,0
"5047","5047",1287,1308,1295,0.00621600621600622
"5048","5048",2073,2070,2086,0.00627110467920888
"5049","5049",1682,1682,1672,-0.00594530321046373
"5050","5050",1404,1404,1404,0
"5051","5051",1251,1252,1203,-0.0383693045563549
"5052","5052",4359,4357,3866,-0.113099334709796
"5053","5053",1684,1610,1610,-0.0439429928741093
"6891","6891",1684,1610,1610,-0.0439429928741093
"5054","5054",1471,1450,1477,0.00407885791978246
"5055","5055",1503,1503,1502,-0.000665335994677312
"5056","5056",3460,3460,3252,-0.0601156069364162
"5057","5057",3119,3118,3362,0.0779095864058993
"5058","5058",2059,2059,1950,-0.0529383195726081
"5059","5059",3772,3721,3753,-0.00503711558854719
"5060","5060",2951,3083,3083,0.0447305997966791
"5061","5061",3326,3298,3126,-0.0601322910402886
"5062","5062",2927,2918,2919,-0.00273317389818927
"5063","5063",7636,6793,6792,-0.110529072812991
"5064","5064",3926,3924,3944,0.00458481915435558
"5065","5065",2163,2162,2168,0.00231160425335183
"5066","5066",3455,3455,3458,0.000868306801736614
"5067","5067",4573,4635,4642,0.0150885633063634
"5068","5068",2830,2855,2863,0.011660777385159
"5069","5069",2912,2913,2913,0.000343406593406593
"5070","5070",4443,4397,4449,0.00135043889264011
"5071","5071",2255,2255,2259,0.00177383592017738
"5072","5072",1398,1398,1395,-0.00214592274678112
"5073","5073",2735,2303,2287,-0.163802559414991
"5075","5075",3131,3128,2862,-0.0859150431172149
"5076","5076",1359,1361,1381,0.0161883738042678
"5077","5077",3201,3206,3205,0.00124960949703218
"5078","5078",4987,5110,5083,0.0192500501303389
"5079","5079",1348,1348,1290,-0.043026706231454
"5080","5080",1649,1647,1650,0.000606428138265616
"5081","5081",3314,3322,3278,-0.0108630054315027
"5082","5082",1693,1693,1693,0
"5083","5083",3574,3430,3353,-0.061835478455512
"5084","5084",3062,3062,3173,0.0362508164598302
"5085","5085",1891,1891,2035,0.0761501850872554
"5086","5086",1972,2027,1766,-0.10446247464503
"5087","5087",1907,1692,1760,-0.0770844257996854
"12602","12602",1907,1692,1760,-0.0770844257996854
"5088","5088",2020,1865,1851,-0.0836633663366337
"5089","5089",3381,3381,3381,0
"5090","5090",1912,1912,1814,-0.051255230125523
"5091","5091",2055,1985,2026,-0.0141119221411192
"5092","5092",1217,1217,1212,-0.00410846343467543
"5093","5093",3766,3312,3922,0.0414232607541158
"5095","5095",1652,1652,1652,0
"5096","5096",1996,2003,1917,-0.0395791583166333
"5097","5097",3250,3248,3329,0.0243076923076923
"5098","5098",5363,5144,5130,-0.043445832556405
"5099","5099",5435,5562,5427,-0.00147194112235511
"5100","5100",2259,2393,2159,-0.0442673749446658
"5101","5101",3862,3862,3853,-0.00233039875712066
"5102","5102",3275,3275,3268,-0.00213740458015267
"7725","7725",3275,3275,3268,-0.00213740458015267
"5103","5103",2195,2194,2194,-0.000455580865603645
"5104","5104",1244,1247,1229,-0.0120578778135048
"17338","17338",1244,1247,1229,-0.0120578778135048
"5105","5105",5940,6255,6557,0.103872053872054
"5106","5106",1900,1925,1928,0.0147368421052632
"5107","5107",3241,3244,3245,0.00123418697932737
"5108","5108",4739,4708,4967,0.0481114159105296
"5109","5109",1254,1240,992,-0.208931419457735
"5110","5110",1813,1812,1812,-0.000551571980143409
"5111","5111",5941,5909,5914,-0.00454468944622117
"5112","5112",1795,1790,1810,0.00835654596100279
"9320","9320",1795,1790,1810,0.00835654596100279
"5113","5113",5859,5898,5903,0.00750981396142686
"5114","5114",3975,3979,3963,-0.0030188679245283
"5115","5115",1263,1263,1263,0
"5116","5116",6611,6721,6392,-0.0331266071698684
"5117","5117",3932,3984,3574,-0.0910478128179044
"5118","5118",1644,1643,1644,0
"5119","5119",2820,2742,2883,0.0223404255319149
"5120","5120",1884,1779,1778,-0.0562632696390658
"5121","5121",2471,2264,2267,-0.0825576689599352
"5122","5122",2094,2018,2018,-0.0362941738299905
"5123","5123",2650,2646,2537,-0.0426415094339623
"5124","5124",2725,2713,2431,-0.107889908256881
"5125","5125",3058,3060,3065,0.00228907782864617
"5126","5126",3074,3075,3169,0.0309043591411841
"18923","18923",3074,3075,3169,0.0309043591411841
"5127","5127",2290,2643,2763,0.206550218340611
"5128","5128",1611,1672,1616,0.00310366232153942
"5129","5129",1037,1037,960,-0.0742526518804243
"5130","5130",2948,2949,2948,0
"5131","5131",1823,1829,1829,0.00329127811300055
"5132","5132",3184,3182,3205,0.00659547738693467
"5133","5133",6593,6767,6659,0.0100106173214015
"5134","5134",1242,1243,1030,-0.170692431561997
"5135","5135",3474,3474,3474,0
"5136","5136",3874,3872,4204,0.0851832731027362
"5137","5137",2164,2164,2168,0.00184842883548983
"5138","5138",2205,2211,2371,0.0752834467120181
"5139","5139",4895,4978,4763,-0.0269662921348315
"5140","5140",2223,2223,2067,-0.0701754385964912
"5141","5141",2363,2002,2257,-0.0448582310622091
"5142","5142",2271,2269,2269,-0.000880669308674593
"5143","5143",1296,1296,1296,0
"5144","5144",4525,4524,4546,0.00464088397790055
"5145","5145",6021,6057,6115,0.0156120245806344
"5146","5146",2621,2621,2545,-0.0289965661961084
"5147","5147",1871,1871,1873,0.00106894708711919
"18260","18260",1871,1871,1873,0.00106894708711919
"5148","5148",3403,3410,3423,0.00587716720540699
"5149","5149",5190,5059,5061,-0.0248554913294798
"5150","5150",3976,3997,4489,0.129024144869215
"5151","5151",2237,2237,2402,0.0737594993294591
"5152","5152",3237,3237,3237,0
"5154","5154",1761,1760,1763,0.00113571834185122
"5155","5155",3830,3725,3593,-0.0618798955613577
"5156","5156",2154,2119,2119,-0.0162488393686165
"5157","5157",6212,6213,5855,-0.0574694140373471
"5158","5158",1032,1033,968,-0.062015503875969
"5159","5159",1033,948,968,-0.0629235237173282
"5161","5161",2540,2436,2383,-0.0618110236220472
"5162","5162",2431,2431,2446,0.00617030028794735
"5163","5163",2592,2564,2595,0.00115740740740741
"5164","5164",4538,4526,4442,-0.0211546936976642
"5165","5165",2458,2458,2459,0.000406834825061025
"5166","5166",3845,3845,3835,-0.00260078023407022
"5167","5167",1111,1114,1135,0.0216021602160216
"5169","5169",1139,1139,1140,0.000877963125548727
"5170","5170",3245,3175,3091,-0.0474576271186441
"5171","5171",4331,4381,4354,0.00531055183560379
"5172","5172",2730,2770,2663,-0.0245421245421245
"5173","5173",4961,5175,4688,-0.0550292279782302
"5174","5174",2213,2067,2067,-0.0659737912336195
"5175","5175",3612,3612,3808,0.0542635658914729
"5176","5176",7960,7954,7374,-0.0736180904522613
"5177","5177",1208,1208,1203,-0.00413907284768212
"5178","5178",2608,2608,2609,0.000383435582822086
"5179","5179",1774,1774,1900,0.0710259301014656
"8322","8322",1774,1774,1900,0.0710259301014656
"5180","5180",3701,3701,3494,-0.055930829505539
"5181","5181",3100,3104,2951,-0.0480645161290323
"5182","5182",2438,2460,2450,0.00492206726825267
"5183","5183",2770,2770,2639,-0.0472924187725632
"5184","5184",2131,2131,2403,0.127639605818864
"5185","5185",3258,3581,3416,0.0484960098219767
"5186","5186",2499,2499,2499,0
"5187","5187",1902,1902,2184,0.148264984227129
"5188","5188",1392,1392,1381,-0.00790229885057471
"5189","5189",4188,4187,4275,0.0207736389684814
"5190","5190",1772,1617,1774,0.00112866817155756
"5191","5191",3536,3695,3356,-0.0509049773755656
"5192","5192",1434,1431,1418,-0.0111576011157601
"13868","13868",1434,1431,1418,-0.0111576011157601
"5193","5193",1123,1123,1128,0.00445235975066785
"5194","5194",1627,1604,1604,-0.0141364474492932
"5195","5195",1615,1604,1597,-0.0111455108359133
"16100","16100",1615,1604,1597,-0.0111455108359133
"5196","5196",1757,1753,1916,0.0904951622083096
"5197","5197",7114,7126,7080,-0.00477930840596008
"5198","5198",1995,1995,1951,-0.0220551378446115
"5199","5199",2477,2477,2389,-0.0355268469923294
"5200","5200",1221,1316,1306,0.0696150696150696
"5201","5201",3411,3321,3417,0.00175901495162709
"5202","5202",4197,3546,3812,-0.0917321896592804
"5203","5203",2073,2074,2068,-0.00241196333815726
"12906","12906",2073,2074,2068,-0.00241196333815726
"5204","5204",2710,2711,2714,0.0014760147601476
"5205","5205",2642,2644,2884,0.0915972747918244
"5206","5206",6401,5694,5701,-0.109357912826121
"5207","5207",3327,3313,3327,0
"5208","5208",7060,7191,7135,0.0106232294617564
"5209","5209",3548,3403,3013,-0.150789177001127
"5210","5210",1916,1916,1916,0
"5211","5211",1306,1303,1352,0.0352220520673813
"5212","5212",4445,4356,4353,-0.0206974128233971
"5213","5213",4009,4256,4077,0.0169618358692941
"5214","5214",5824,4568,4337,-0.255322802197802
"5215","5215",5592,5590,5615,0.00411301859799714
"5216","5216",3846,3740,3724,-0.031721268850754
"5217","5217",1722,1720,1652,-0.040650406504065
"5218","5218",2498,2498,2498,0
"5219","5219",5130,5341,5109,-0.00409356725146199
"5220","5220",951,994,994,0.0452155625657203
"5221","5221",1345,1345,1344,-0.000743494423791822
"5222","5222",3772,3771,3771,-0.000265111346765642
"5223","5223",4112,4130,4167,0.013375486381323
"5224","5224",1675,1657,1959,0.16955223880597
"5225","5225",2343,2345,2805,0.197183098591549
"5226","5226",6185,6188,6272,0.0140662894098626
"5227","5227",2027,2113,2260,0.114948199309324
"16148","16148",2027,2113,2260,0.114948199309324
"5228","5228",2199,2246,2310,0.0504774897680764
"5229","5229",1594,1589,1596,0.00125470514429109
"5772","5772",1594,1589,1596,0.00125470514429109
"5230","5230",4371,4348,4183,-0.043010752688172
"5231","5231",2104,2104,2150,0.0218631178707224
"5232","5232",2249,2249,2254,0.00222321031569586
"5233","5233",1813,1813,1814,0.000551571980143409
"5234","5234",2373,2373,2373,0
"10122","10122",2373,2373,2373,0
"5235","5235",1821,1822,1824,0.00164744645799012
"5236","5236",1203,1203,1203,0
"5237","5237",4681,4836,4710,0.00619525742362743
"5238","5238",4427,4431,4391,-0.00813191777727581
"5239","5239",2688,2698,2690,0.000744047619047619
"5240","5240",1337,1271,1056,-0.210172026925954
"5241","5241",4338,4339,4358,0.00461041954817888
"5242","5242",2855,2591,2661,-0.0679509632224168
"5243","5243",7393,7296,6975,-0.0565399702421209
"5244","5244",2898,2897,2907,0.0031055900621118
"5245","5245",3418,3416,3425,0.00204798127559977
"5246","5246",2792,2694,2662,-0.0465616045845272
"5247","5247",1168,1168,1166,-0.00171232876712329
"5248","5248",3604,3777,3502,-0.0283018867924528
"5249","5249",2182,2184,2328,0.0669110907424381
"5250","5250",7285,7378,7352,0.00919698009608785
"5251","5251",983,841,1009,0.0264496439471007
"5252","5252",3834,3337,3234,-0.156494522691706
"5253","5253",2788,2759,2636,-0.054519368723099
"5254","5254",570,570,695,0.219298245614035
"5255","5255",2642,2677,2677,0.0132475397426192
"5256","5256",2548,2548,2587,0.0153061224489796
"5257","5257",3448,3746,3607,0.0461136890951276
"5258","5258",2086,2092,2092,0.00287631831255992
"5259","5259",2442,2430,2530,0.036036036036036
"5260","5260",1872,1808,1816,-0.0299145299145299
"5261","5261",4572,4530,4541,-0.00678040244969379
"5262","5262",1321,1321,1321,0
"5263","5263",2420,2439,2517,0.0400826446280992
"5265","5265",1383,1383,1319,-0.0462762111352133
"5266","5266",2697,2686,2696,-0.000370782350760104
"5267","5267",3749,3836,3835,0.0229394505201387
"5268","5268",1453,1453,1453,0
"5269","5269",2248,2248,2247,-0.000444839857651246
"5270","5270",2487,2487,2674,0.0751909931644552
"5271","5271",1854,1898,1963,0.0587918015102481
"5272","5272",5124,5134,5186,0.0120999219359875
"5273","5273",3576,3576,3538,-0.0106263982102908
"5274","5274",2738,2716,3017,0.101899196493791
"5275","5275",2739,2739,2777,0.0138736765242789
"5276","5276",2883,2889,2980,0.0336455081512314
"5277","5277",3519,3519,3525,0.00170502983802217
"5278","5278",3724,3636,3710,-0.0037593984962406
"5279","5279",3372,3375,3366,-0.00177935943060498
"5280","5280",4486,4452,4449,-0.00824788230049042
"5281","5281",2341,2530,2112,-0.0978214438274242
"5282","5282",2223,2282,2287,0.0287899235267656
"5283","5283",1169,1119,1120,-0.0419161676646707
"5285","5285",3004,2647,2823,-0.0602529960053262
"5286","5286",2301,2297,2224,-0.0334637114298131
"5287","5287",1985,1985,2010,0.0125944584382872
"5288","5288",3640,3603,3610,-0.00824175824175824
"5289","5289",1495,1578,1441,-0.0361204013377926
"7951","7951",1495,1578,1441,-0.0361204013377926
"9719","9719",1495,1578,1441,-0.0361204013377926
"5290","5290",2458,2458,2458,0
"5291","5291",3713,3690,3649,-0.0172367357931592
"5292","5292",1542,1542,1543,0.000648508430609598
"5293","5293",6286,6480,6242,-0.00699968183264397
"5294","5294",2377,2375,2356,-0.00883466554480438
"5295","5295",1813,1943,1710,-0.0568119139547711
"5296","5296",5994,6332,5964,-0.005005005005005
"5297","5297",2275,2132,2123,-0.0668131868131868
"10463","10463",2275,2132,2123,-0.0668131868131868
"5298","5298",2934,2931,3307,0.127130197682345
"5299","5299",7011,6874,6751,-0.0370845813721295
"5300","5300",3553,3468,3416,-0.0385589642555587
"5301","5301",2240,2240,2360,0.0535714285714286
"5302","5302",3168,3169,3187,0.00599747474747475
"5303","5303",2102,2093,2085,-0.00808753568030447
"5304","5304",1952,2041,2041,0.045594262295082
"5305","5305",1605,1605,1605,0
"5306","5306",1230,1310,1230,0
"5307","5307",3129,3129,3017,-0.0357941834451902
"5308","5308",1399,1427,1427,0.0200142959256612
"5309","5309",2148,2148,2147,-0.000465549348230912
"5310","5310",2480,2526,2561,0.0326612903225806
"5311","5311",2526,2480,2024,-0.198733174980206
"5312","5312",5187,5187,5158,-0.00559090032774243
"5313","5313",1153,1153,1227,0.0641803989592368
"5314","5314",6127,6116,6218,0.0148522931287743
"5315","5315",2256,2252,2167,-0.0394503546099291
"5316","5316",4443,4570,4466,0.00517668242178708
"5317","5317",5113,4953,5052,-0.0119303735575983
"5318","5318",5174,5345,5344,0.0328565906455354
"5319","5319",1289,1163,1158,-0.101629169899147
"5320","5320",5040,4952,5026,-0.00277777777777778
"5321","5321",6346,6424,6075,-0.0427040655531043
"5322","5322",2795,2795,2798,0.00107334525939177
"5323","5323",3801,3886,3877,0.0199947382267824
"5324","5324",2084,2083,2085,0.000479846449136276
"5325","5325",2341,2341,2228,-0.0482699700982486
"5326","5326",5752,5752,5789,0.00643254520166898
"5327","5327",2092,1616,1540,-0.263862332695985
"5328","5328",1780,1822,1792,0.00674157303370787
"5329","5329",1656,1655,1649,-0.00422705314009662
"12935","12935",1656,1655,1649,-0.00422705314009662
"5330","5330",3514,3541,3535,0.00597609561752988
"5331","5331",1634,1612,1612,-0.0134638922888617
"5332","5332",3114,3040,3040,-0.0237636480411047
"5333","5333",1809,1809,1839,0.0165837479270315
"5335","5335",2726,2713,2722,-0.00146735143066764
"5336","5336",4415,4415,4413,-0.000453001132502831
"5337","5337",1692,1691,1691,-0.000591016548463357
"5338","5338",2163,2094,2109,-0.0249653259361997
"5339","5339",686,866,866,0.262390670553936
"5340","5340",1962,2152,2192,0.117227319062181
"5341","5341",5768,4949,4927,-0.145804438280166
"5342","5342",1759,1759,1769,0.00568504832291074
"5343","5343",4143,3657,3591,-0.13323678493845
"5344","5344",2516,2512,2412,-0.041335453100159
"5345","5345",2135,2144,1918,-0.101639344262295
"5346","5346",1718,1705,1707,-0.00640279394644936
"5347","5347",2257,2257,2257,0
"5348","5348",10047,10070,9955,-0.00915696227729671
"5349","5349",2449,2445,2233,-0.0881992650061249
"5350","5350",2857,2845,2846,-0.00385019250962548
"5351","5351",3826,3826,3810,-0.00418191322530057
"5352","5352",1077,948,948,-0.119777158774373
"5353","5353",838,804,870,0.0381861575178998
"5354","5354",2986,2986,2741,-0.0820495646349632
"5355","5355",893,893,894,0.00111982082866741
"5356","5356",3841,3925,3772,-0.0179640718562874
"5357","5357",1606,1504,1507,-0.0616438356164384
"5358","5358",3972,4093,4094,0.0307150050352467
"5359","5359",3245,3300,3530,0.0878274268104777
"5360","5360",2932,2932,2900,-0.0109140518417462
"5361","5361",7362,7364,7397,0.00475414289595219
"5362","5362",3105,3105,3102,-0.000966183574879227
"5363","5363",4671,4073,4036,-0.135945193748662
"5364","5364",3461,3462,3461,0
"5365","5365",3282,3248,3249,-0.010054844606947
"5366","5366",1166,827,827,-0.29073756432247
"5367","5367",4871,4910,5053,0.0373639909669472
"5368","5368",4975,5056,5163,0.0377889447236181
"5369","5369",1653,1653,1650,-0.00181488203266788
"5370","5370",2098,2098,2136,0.0181124880838894
"5371","5371",4889,4890,4805,-0.0171814276948251
"5372","5372",1475,1473,1337,-0.0935593220338983
"5373","5373",2331,2112,2046,-0.122265122265122
"5374","5374",2720,2732,3084,0.133823529411765
"5375","5375",5055,5055,4870,-0.0365974282888229
"5376","5376",2224,1972,1998,-0.101618705035971
"5377","5377",1715,1715,1715,0
"5378","5378",1374,1371,1538,0.119359534206696
"5379","5379",3095,3095,2975,-0.0387722132471729
"5380","5380",939,940,946,0.00745473908413206
"11514","11514",939,940,946,0.00745473908413206
"5381","5381",2155,2157,2266,0.051508120649652
"5382","5382",6270,6103,6075,-0.0311004784688995
"5383","5383",2097,2097,2100,0.00143061516452074
"5384","5384",7415,7416,7601,0.0250842886041807
"5385","5385",1290,1248,1241,-0.037984496124031
"5386","5386",2024,2024,2024,0
"5387","5387",2884,2884,2946,0.021497919556172
"5388","5388",1200,736,649,-0.459166666666667
"5389","5389",1781,1781,1776,-0.00280741156653565
"5390","5390",3727,3622,3476,-0.0673463911993561
"5391","5391",3284,3568,3295,0.00334957369062119
"16337","16337",3284,3568,3295,0.00334957369062119
"5392","5392",1813,1822,914,-0.495863210148924
"5393","5393",2177,2177,2177,0
"5394","5394",2245,2373,2373,0.0570155902004454
"5395","5395",3058,2977,2976,-0.026814911706998
"5396","5396",2790,2836,2836,0.0164874551971326
"5397","5397",1170,1170,1176,0.00512820512820513
"5398","5398",4131,4131,4159,0.00677801984991528
"5399","5399",4084,4084,4056,-0.00685602350636631
"5400","5400",6779,6632,6831,0.00767074789792005
"5401","5401",2110,2085,2110,0
"5402","5402",1030,1030,1030,0
"5403","5403",3415,3415,3416,0.000292825768667643
"5404","5404",4298,3569,3632,-0.154955793392275
"5405","5405",4032,4046,4084,0.0128968253968254
"5406","5406",1510,1513,1469,-0.0271523178807947
"5407","5407",2393,2169,2128,-0.110739657333891
"5408","5408",5845,6145,5660,-0.0316509837467921
"5409","5409",2267,2267,2266,-0.000441111601235112
"5410","5410",5875,5929,6202,0.0556595744680851
"5411","5411",6075,6075,6069,-0.000987654320987654
"5412","5412",4697,4785,4786,0.0189482648499042
"5413","5413",3106,3076,3215,0.0350933676754668
"5414","5414",4890,4849,4780,-0.0224948875255624
"5415","5415",4414,4567,4646,0.0525600362483009
"5416","5416",3640,3641,3776,0.0373626373626374
"5417","5417",1173,1173,1197,0.020460358056266
"5418","5418",1777,1777,1871,0.0528981429375352
"5419","5419",1857,1857,1968,0.0597738287560582
"5420","5420",1614,1613,1499,-0.0712515489467162
"5421","5421",2275,2275,2275,0
"5422","5422",2001,2003,1999,-0.000999500249875062
"5423","5423",6181,6187,6172,-0.0014560750687591
"5424","5424",1816,1784,1868,0.0286343612334802
"5425","5425",2832,2825,2768,-0.0225988700564972
"5426","5426",4374,4719,4676,0.0690443529949703
"5427","5427",2511,2388,2297,-0.0852250099561928
"5428","5428",3260,3284,2986,-0.0840490797546012
"5429","5429",1055,1055,1106,0.0483412322274882
"5430","5430",2691,2691,2473,-0.0810107766629506
"5431","5431",1091,1091,1091,0
"5432","5432",2199,2199,2117,-0.0372896771259663
"8288","8288",2199,2199,2117,-0.0372896771259663
"5433","5433",2078,2075,2078,0
"5434","5434",7900,7922,7440,-0.0582278481012658
"5435","5435",1598,1556,1553,-0.0281602002503129
"5436","5436",1916,2006,1917,0.000521920668058455
"5437","5437",2903,2892,2872,-0.0106786083362039
"5438","5438",3865,3879,3961,0.0248382923673997
"5439","5439",4787,4614,4613,-0.0363484437016921
"5440","5440",6515,6655,6723,0.0319263238679969
"5441","5441",1343,1198,1374,0.0230826507818317
"5442","5442",3620,3463,3631,0.00303867403314917
"5443","5443",2763,2833,2929,0.0600796235975389
"5444","5444",5425,5445,5453,0.00516129032258065
"5445","5445",3394,3328,3201,-0.0568650559811432
"5446","5446",3933,3933,3935,0.000508517670989067
"5447","5447",2389,2389,2386,-0.00125575554625366
"5448","5448",2811,2550,2631,-0.064034151547492
"5449","5449",1148,1148,1149,0.000871080139372822
"5450","5450",5056,4651,4600,-0.0901898734177215
"5451","5451",1651,2078,2132,0.291338582677165
"5452","5452",2390,2512,2510,0.0502092050209205
"5453","5453",2588,2595,2590,0.000772797527047913
"5454","5454",2542,2542,2542,0
"5455","5455",3499,3488,3484,-0.00428693912546442
"5456","5456",5142,5112,5114,-0.00544535200311163
"5457","5457",3957,3956,4008,0.0128885519332828
"5458","5458",1884,1899,1858,-0.0138004246284501
"5459","5459",2618,2602,2590,-0.0106951871657754
"5681","5681",2618,2602,2590,-0.0106951871657754
"5460","5460",2501,2494,2509,0.00319872051179528
"5461","5461",1830,1829,1851,0.0114754098360656
"5462","5462",7629,7681,7813,0.0241184952156246
"5463","5463",3738,3738,3665,-0.0195291599785982
"5464","5464",4492,4496,4482,-0.00222617987533393
"5465","5465",3126,3157,3419,0.0937300063979527
"5466","5466",8654,8651,8475,-0.0206840767275248
"5467","5467",3602,3600,3599,-0.000832870627429206
"5468","5468",906,918,918,0.0132450331125828
"19934","19934",906,918,918,0.0132450331125828
"5469","5469",2104,2104,2098,-0.00285171102661597
"5470","5470",4691,4690,4698,0.00149221914303986
"5471","5471",1288,1288,1395,0.0830745341614907
"5472","5472",1355,1356,1262,-0.0686346863468635
"5473","5473",2498,2555,2795,0.118895116092874
"5474","5474",4013,4009,4227,0.0533266882631448
"5475","5475",2267,2266,2255,-0.00529333921482135
"5476","5476",4896,4915,4915,0.00388071895424837
"5477","5477",5180,4167,3576,-0.30965250965251
"5478","5478",5863,6027,6028,0.0281425891181989
"5479","5479",3207,3207,2969,-0.0742126598066729
"5480","5480",450,450,450,0
"5481","5481",7553,7552,7552,-0.000132397722759169
"5482","5482",986,986,989,0.00304259634888438
"5483","5483",2185,2180,2066,-0.0544622425629291
"5484","5484",1102,1102,1102,0
"5485","5485",1747,1747,1699,-0.0274756725815684
"5487","5487",1614,1614,1614,0
"5488","5488",4125,4107,4185,0.0145454545454545
"5489","5489",5859,5558,5588,-0.0462536268987882
"5490","5490",1892,1851,1851,-0.0216701902748414
"5491","5491",1164,1123,1168,0.00343642611683849
"5492","5492",5664,5720,5834,0.0300141242937853
"5493","5493",1558,1895,1918,0.231065468549422
"5494","5494",2784,2757,2752,-0.0114942528735632
"5495","5495",5126,5153,5414,0.056184159188451
"5496","5496",3670,3675,3645,-0.00681198910081744
"5497","5497",1387,1435,1426,0.0281182408074982
"5498","5498",2996,2955,2955,-0.0136849132176235
"5499","5499",2488,2488,2472,-0.00643086816720257
"5500","5500",1626,1655,1662,0.022140221402214
"5501","5501",5675,5663,5757,0.0144493392070485
"5502","5502",4985,4564,4482,-0.100902708124373
"5503","5503",1160,1160,986,-0.15
"5504","5504",3643,3641,3641,-0.000548998078506725
"5505","5505",8236,8326,8402,0.0201554152501214
"5506","5506",2278,2401,2336,0.0254609306409131
"5507","5507",2753,2717,3016,0.0955321467490011
"5508","5508",5352,5352,5582,0.0429745889387145
"5509","5509",3597,3437,3406,-0.0530998053933834
"5510","5510",5317,5298,5299,-0.00338536768854617
"5511","5511",5403,5757,5742,0.0627429205996669
"5512","5512",5412,5409,5413,0.000184774575018477
"5513","5513",4003,4188,4248,0.0612040969273045
"5514","5514",3835,3829,3829,-0.0015645371577575
"5515","5515",1066,1066,1029,-0.0347091932457786
"5516","5516",1443,1444,1758,0.218295218295218
"5517","5517",2501,2791,2619,0.0471811275489804
"5518","5518",2681,2896,2808,0.0473703841850056
"5519","5519",5229,5218,5347,0.0225664563013961
"5520","5520",2012,2308,1905,-0.0531809145129225
"5521","5521",1419,1389,1370,-0.0345313601127555
"5522","5522",1513,1516,1521,0.00528750826173166
"5523","5523",2293,2274,2274,-0.00828608809419974
"5524","5524",4440,4441,4632,0.0432432432432432
"5525","5525",7184,7614,7505,0.0446826280623608
"5526","5526",4363,4363,4344,-0.0043548017419207
"5527","5527",8057,8055,8249,0.0238302097554921
"5528","5528",1784,1784,1709,-0.0420403587443946
"5530","5530",1999,2127,2127,0.064032016008004
"5531","5531",2829,2811,2812,-0.00600919052668788
"5532","5532",2500,2500,2500,0
"5534","5534",3248,3047,3317,0.021243842364532
"5535","5535",3309,3335,3305,-0.00120882441825325
"5536","5536",1941,1941,1967,0.0133951571354972
"5537","5537",2040,2073,2073,0.0161764705882353
"5538","5538",5379,5354,5383,0.000743632645473136
"5539","5539",3265,3199,3265,0
"5540","5540",3444,3453,3462,0.00522648083623693
"5541","5541",1459,1437,1440,-0.0130226182316655
"5542","5542",2000,2000,2138,0.069
"5543","5543",1648,1513,1439,-0.126820388349515
"5544","5544",3297,3412,3656,0.10888686684865
"5545","5545",4463,4447,4374,-0.019941743222048
"5546","5546",1268,1266,1265,-0.00236593059936909
"5547","5547",3722,3723,3723,0.000268672756582483
"5548","5548",2311,2310,2310,-0.00043271311120727
"5549","5549",1889,1889,1947,0.03070407623081
"5550","5550",1616,1616,1616,0
"5551","5551",4301,4296,4307,0.00139502441292723
"5552","5552",3245,3099,3498,0.0779661016949153
"5553","5553",3739,3731,3674,-0.0173843273602568
"5554","5554",2293,2297,1881,-0.179677278674226
"5555","5555",3202,3270,3270,0.0212367270455965
"5556","5556",2680,2473,2697,0.00634328358208955
"5557","5557",1907,1907,1721,-0.097535395909806
"5558","5558",4429,4132,3948,-0.108602393316776
"5559","5559",7492,7492,7505,0.00173518419647624
"5560","5560",3490,3490,3569,0.0226361031518625
"5561","5561",3918,3910,3568,-0.0893312914752425
"5562","5562",2316,2332,2325,0.0038860103626943
"5563","5563",3826,3833,3726,-0.0261369576581286
"5564","5564",2762,2762,2785,0.00832729905865315
"5565","5565",4022,2747,2904,-0.277971158627549
"5566","5566",1872,1872,1716,-0.0833333333333333
"5567","5567",3730,3734,4115,0.103217158176944
"5568","5568",2863,2865,2634,-0.0799860286412854
"5569","5569",796,1170,736,-0.0753768844221105
"5570","5570",3166,3277,2859,-0.0969677826910929
"5571","5571",1838,1838,1678,-0.0870511425462459
"5572","5572",2452,2452,2455,0.00122349102773246
"5573","5573",1516,1539,1539,0.0151715039577836
"5574","5574",1435,1435,1435,0
"5575","5575",1003,1003,1007,0.00398803589232303
"15282","15282",1003,1003,1007,0.00398803589232303
"5576","5576",4143,4136,4192,0.0118271783731595
"5577","5577",1923,1929,1925,0.00104004160166407
"5578","5578",2128,2128,1754,-0.175751879699248
"5579","5579",2912,2912,2911,-0.000343406593406593
"5580","5580",2139,2219,2274,0.0631136044880785
"5581","5581",1208,1205,1205,-0.00248344370860927
"5582","5582",5951,5952,6016,0.0109225340278945
"5583","5583",2884,2884,2884,0
"5584","5584",4070,4152,4369,0.0734643734643735
"5585","5585",1371,1371,1374,0.00218818380743982
"5586","5586",2106,2107,2107,0.000474833808167142
"5587","5587",4646,4645,3801,-0.181876883340508
"5588","5588",2958,2958,2843,-0.0388776200135226
"5589","5589",1331,1793,1312,-0.01427498121713
"5590","5590",3044,2991,3065,0.0068988173455979
"5592","5592",4710,4660,4660,-0.0106157112526539
"5593","5593",7081,7083,6727,-0.0499929388504449
"5594","5594",6690,6650,6622,-0.0101644245142003
"5595","5595",2539,2538,2488,-0.0200866482867271
"5596","5596",1160,1159,1169,0.00775862068965517
"5597","5597",4662,4839,3921,-0.158944658944659
"5598","5598",6935,7323,7533,0.0862292718096611
"5599","5599",7554,7553,7572,0.00238284352660842
"5600","5600",1419,1419,1413,-0.00422832980972516
"5601","5601",1814,1791,1814,0
"5602","5602",1490,1358,1476,-0.00939597315436242
"5603","5603",6409,5685,5602,-0.125916679669215
"5604","5604",1894,1858,1869,-0.0131995776135164
"5605","5605",2377,2377,2466,0.0374421539755995
"5606","5606",2984,3140,3153,0.0566353887399464
"5607","5607",1081,1081,1074,-0.00647548566142461
"5608","5608",1572,1590,1560,-0.00763358778625954
"5609","5609",1748,1748,1976,0.130434782608696
"8904","8904",1748,1748,1976,0.130434782608696
"16176","16176",1748,1748,1976,0.130434782608696
"5610","5610",4702,4968,4965,0.0559336452573373
"5611","5611",6533,6651,6606,0.0111740394918108
"5612","5612",1333,1333,1333,0
"5613","5613",4960,4965,5125,0.0332661290322581
"5614","5614",5321,5341,5183,-0.0259349746288292
"5615","5615",4670,4657,4773,0.0220556745182013
"5616","5616",4061,4065,4031,-0.00738734301896085
"5617","5617",693,711,713,0.0288600288600289
"5618","5618",2419,2301,2303,-0.0479536998759818
"5619","5619",3430,3430,3431,0.000291545189504373
"5620","5620",2390,2391,2391,0.000418410041841004
"5621","5621",1742,1744,1743,0.000574052812858783
"5622","5622",1485,1493,1385,-0.0673400673400673
"5623","5623",4968,4963,4968,0
"5624","5624",2168,2172,2183,0.00691881918819188
"5625","5625",4518,4423,4428,-0.0199203187250996
"5626","5626",1322,1237,1239,-0.0627836611195159
"5627","5627",2512,2512,2512,0
"5628","5628",1923,1920,1929,0.0031201248049922
"5629","5629",4404,4404,4406,0.000454132606721163
"5630","5630",3209,2987,3124,-0.0264880024929885
"5631","5631",1621,1811,1733,0.0690931523750771
"5632","5632",2661,2765,2657,-0.00150319428786171
"5633","5633",1097,1097,1097,0
"5634","5634",2438,2332,2279,-0.0652173913043478
"5635","5635",2191,2200,2030,-0.073482428115016
"5636","5636",3279,3009,3127,-0.0463555962183593
"5637","5637",7449,7405,7409,-0.00536984830178547
"5638","5638",3532,3554,3523,-0.00254813137032843
"5639","5639",3113,3112,3113,0
"5640","5640",2782,2802,2652,-0.0467289719626168
"5641","5641",2276,2276,2350,0.0325131810193322
"17966","17966",2276,2276,2350,0.0325131810193322
"5642","5642",2476,2476,2599,0.0496768982229402
"5643","5643",3435,3473,3531,0.0279475982532751
"5644","5644",925,924,938,0.0140540540540541
"5645","5645",2587,2591,2621,0.0131426362582141
"5646","5646",4975,5546,4669,-0.0615075376884422
"5647","5647",2438,2476,2589,0.0619360131255127
"5648","5648",2256,1967,1977,-0.123670212765957
"5649","5649",3435,3557,3495,0.0174672489082969
"5650","5650",2219,2208,2205,-0.00630914826498423
"5651","5651",2087,2087,1813,-0.131288931480594
"5652","5652",4954,4970,4606,-0.0702462656439241
"5653","5653",1804,1804,1552,-0.139689578713969
"5654","5654",1715,1748,1710,-0.00291545189504373
"5655","5655",1325,1321,1321,-0.0030188679245283
"5656","5656",1657,1239,953,-0.424864212432106
"5657","5657",2949,3333,2709,-0.081383519837233
"5658","5658",1361,1370,1371,0.00734753857457752
"5659","5659",3267,2784,2784,-0.147842056932966
"5660","5660",8273,8214,8454,0.0218783996131996
"5661","5661",3271,3271,3071,-0.061143381228982
"5662","5662",2613,2605,2605,-0.00306161500191351
"5663","5663",7443,7735,7806,0.0487706569931479
"5664","5664",3008,2993,2994,-0.00465425531914894
"5665","5665",2605,2570,2577,-0.0107485604606526
"5666","5666",3201,3203,3091,-0.0343642611683849
"5667","5667",2420,2480,2481,0.0252066115702479
"15931","15931",2420,2480,2481,0.0252066115702479
"5668","5668",2419,2040,2039,-0.157089706490285
"5669","5669",3637,3637,3586,-0.0140225460544405
"5670","5670",3681,3665,3673,-0.002173322466721
"5671","5671",7845,7851,7956,0.0141491395793499
"5672","5672",1636,1637,1645,0.00550122249388753
"5673","5673",1643,1641,1635,-0.00486914181375533
"5674","5674",2086,2074,2179,0.0445829338446788
"5675","5675",3066,3001,3019,-0.0153294194390085
"5677","5677",2856,2856,2923,0.0234593837535014
"5678","5678",3274,2520,2583,-0.211056811240073
"5679","5679",1452,1452,1375,-0.053030303030303
"5680","5680",3597,3426,1434,-0.601334445371143
"5682","5682",1809,1809,1838,0.0160309563294638
"5683","5683",2415,1636,1645,-0.318840579710145
"5684","5684",2396,2364,2458,0.0258764607679466
"5685","5685",2886,3200,3045,0.0550935550935551
"5686","5686",779,776,933,0.197689345314506
"5687","5687",1391,1391,1383,-0.00575125808770669
"5688","5688",2010,2018,2018,0.00398009950248756
"5689","5689",2443,2443,2443,0
"5690","5690",1339,1505,1529,0.141896938013443
"5691","5691",2612,2616,2699,0.0333078101071975
"5692","5692",3016,2958,2962,-0.0179045092838196
"5693","5693",4158,4161,4166,0.00192400192400192
"5694","5694",3044,3024,2774,-0.0886990801576873
"5695","5695",1931,1931,1940,0.00466079751424133
"5696","5696",2733,2740,2887,0.0563483351628247
"5697","5697",5121,4363,4363,-0.148017965241164
"5698","5698",1831,1829,1340,-0.268159475696341
"5699","5699",11200,11317,10925,-0.0245535714285714
"5700","5700",2706,2766,2702,-0.00147819660014782
"5701","5701",1919,1847,1896,-0.0119854090672225
"5702","5702",2991,2989,2976,-0.00501504513540622
"5703","5703",1713,1696,1671,-0.0245183887915937
"5704","5704",2155,2155,2155,0
"5705","5705",8639,8729,8107,-0.0615812015279546
"5706","5706",3306,3310,3322,0.00483968542044767
"5707","5707",2572,2536,2539,-0.0128304821150855
"5708","5708",3191,2933,3077,-0.0357254779066123
"5709","5709",2071,2068,2066,-0.00241429261226461
"5710","5710",1338,1337,1332,-0.00448430493273543
"5711","5711",4713,4734,5337,0.132399745385105
"5712","5712",2755,2755,2759,0.0014519056261343
"5713","5713",3864,3826,3825,-0.0100931677018634
"5714","5714",3280,3168,3168,-0.0341463414634146
"5715","5715",7101,7084,7073,-0.00394310660470356
"5716","5716",1706,1744,1855,0.0873388042203986
"5717","5717",2971,2749,2918,-0.0178391114102996
"5718","5718",3715,3714,3673,-0.0113055181695828
"5719","5719",953,952,860,-0.0975865687303253
"5720","5720",1250,1250,1256,0.0048
"5721","5721",3733,3725,3717,-0.00428609697294401
"5722","5722",5042,5042,5092,0.00991669972233241
"5723","5723",8055,8048,8171,0.0144009931719429
"5724","5724",5380,5377,5369,-0.00204460966542751
"5725","5725",2049,2048,2032,-0.00829673011224988
"5726","5726",1899,2012,1899,0
"5727","5727",1953,1866,1954,0.000512032770097286
"5728","5728",6361,6353,6867,0.0795472409998428
"5729","5729",2675,2678,2648,-0.0100934579439252
"5730","5730",3219,3217,3092,-0.0394532463497981
"5732","5732",5329,5140,5140,-0.0354663163820604
"5733","5733",2867,2867,2752,-0.0401116149284967
"5734","5734",6436,6493,6576,0.0217526413921691
"5735","5735",4166,3581,3389,-0.186509841574652
"5736","5736",4161,4161,4162,0.000240326844508532
"5737","5737",1569,1572,1549,-0.0127469725940089
"5738","5738",1570,1529,1532,-0.024203821656051
"5739","5739",1746,1746,1746,0
"5740","5740",2974,2931,2864,-0.0369872225958305
"5741","5741",2039,2040,1987,-0.0255026974006866
"5742","5742",7058,6772,6850,-0.0294701048455653
"5743","5743",2710,2726,2986,0.101845018450184
"5744","5744",2353,2356,2356,0.00127496812579686
"5745","5745",4438,4433,4544,0.0238846327174403
"5746","5746",5862,5877,5681,-0.0308768338451041
"5747","5747",6078,6081,5938,-0.023033892727871
"5748","5748",1067,1074,1033,-0.0318650421743205
"5749","5749",1704,2019,1766,0.0363849765258216
"5750","5750",2520,2520,2520,0
"5752","5752",2250,2006,2274,0.0106666666666667
"5753","5753",4355,4355,4357,0.000459242250287026
"5754","5754",3903,4698,3905,0.00051242633871381
"5755","5755",1588,1588,1588,0
"5756","5756",4064,4385,4385,0.0789862204724409
"5757","5757",1880,1880,1848,-0.0170212765957447
"5758","5758",9569,9657,9605,0.00376214860486989
"5759","5759",3188,3188,3188,0
"5760","5760",3418,2744,2719,-0.204505558806319
"5761","5761",1793,1979,1974,0.100948131622978
"5762","5762",2851,2802,2759,-0.0322693791652052
"5763","5763",5040,4953,4952,-0.0174603174603175
"5764","5764",2442,2479,2479,0.0151515151515152
"5765","5765",1432,1432,1412,-0.0139664804469274
"5766","5766",4746,4754,4761,0.00316055625790139
"5767","5767",3713,3570,3766,0.0142741718287099
"5768","5768",1809,1985,1946,0.0757324488667772
"5769","5769",4094,4092,4231,0.0334636052760137
"5770","5770",3017,3017,3045,0.00928074245939675
"5771","5771",1736,1735,1735,-0.000576036866359447
"5773","5773",7984,8242,7414,-0.0713927855711423
"5774","5774",2940,2692,2641,-0.101700680272109
"5775","5775",4862,4870,4827,-0.0071986836692719
"5776","5776",8868,8884,8814,-0.0060893098782138
"5777","5777",6430,5940,5962,-0.0727838258164852
"5778","5778",2286,2286,2565,0.122047244094488
"5780","5780",2751,2754,2597,-0.0559796437659033
"5781","5781",3589,3585,3391,-0.0551685706324882
"5782","5782",1555,1556,1555,0
"5783","5783",2642,2641,2639,-0.00113550340651022
"5784","5784",5060,5059,5059,-0.000197628458498024
"5785","5785",1892,1895,1894,0.00105708245243129
"5786","5786",3618,3589,3711,0.0257048092868988
"5787","5787",2229,2229,2229,0
"7174","7174",2229,2229,2229,0
"16997","16997",2229,2229,2229,0
"5788","5788",6886,6866,6888,0.000290444379901249
"5789","5789",2074,1928,2093,0.00916104146576664
"5790","5790",1573,1573,1566,-0.00445009535918627
"5791","5791",9401,9524,9674,0.0290394638868206
"5792","5792",1847,1847,1839,-0.00433134813210612
"5793","5793",2884,2927,2891,0.00242718446601942
"5794","5794",2731,2903,2588,-0.0523617722445991
"5795","5795",1566,1470,1319,-0.157726692209451
"17390","17390",1566,1470,1319,-0.157726692209451
"5796","5796",2713,2793,2472,-0.0888315517876889
"5797","5797",1834,1832,1835,0.00054525627044711
"8559","8559",1834,1832,1835,0.00054525627044711
"18286","18286",1834,1832,1835,0.00054525627044711
"5798","5798",3344,3344,3344,0
"5799","5799",2077,2077,2077,0
"8282","8282",2077,2077,2077,0
"13671","13671",2077,2077,2077,0
"5800","5800",1787,1802,1713,-0.0414101846670397
"5801","5801",3279,3279,3172,-0.0326318999695029
"16610","16610",3279,3279,3172,-0.0326318999695029
"5802","5802",1566,1566,1522,-0.0280970625798212
"5803","5803",4071,4054,4068,-0.000736919675755343
"5804","5804",1383,1383,1384,0.000723065798987708
"5805","5805",3589,3452,3271,-0.0886040679855113
"5806","5806",2527,2527,2526,-0.000395726157499011
"5807","5807",1338,1338,1377,0.0291479820627803
"5808","5808",5208,4844,5196,-0.00230414746543779
"5809","5809",2191,2107,2107,-0.0383386581469649
"5810","5810",1812,1811,1811,-0.000551876379690949
"5811","5811",1888,1400,1400,-0.258474576271186
"7749","7749",1888,1400,1400,-0.258474576271186
"5812","5812",2647,2647,2795,0.0559123536078579
"5813","5813",4546,4545,4521,-0.0054993400791905
"5814","5814",1493,1493,1491,-0.00133958472873409
"5815","5815",5734,5735,5203,-0.0926055109870945
"5816","5816",3340,3342,3424,0.0251497005988024
"5817","5817",3044,3230,3001,-0.0141261498028909
"5818","5818",1366,1373,1372,0.00439238653001464
"5819","5819",1866,1866,1866,0
"5820","5820",1152,1152,1230,0.0677083333333333
"5821","5821",3828,3829,3835,0.00182863113897597
"5822","5822",1281,1302,1286,0.0039032006245121
"5823","5823",1762,1676,1677,-0.0482406356413167
"5824","5824",1505,1546,1845,0.225913621262458
"5825","5825",3208,3317,3317,0.0339775561097257
"5826","5826",2667,2671,2664,-0.00112485939257593
"5827","5827",2434,2489,2485,0.0209531635168447
"5828","5828",2532,2533,2947,0.16390205371248
"5829","5829",2089,2089,2175,0.0411680229775012
"5830","5830",4328,4127,4006,-0.0743992606284658
"5831","5831",3939,3939,4190,0.0637217567910637
"5832","5832",3169,3169,3087,-0.0258756705585358
"5833","5833",2983,3036,3162,0.0600067046597385
"5834","5834",3407,3407,3407,0
"5835","5835",752,752,1021,0.357712765957447
"5836","5836",1797,1787,1787,-0.00556483027267668
"5837","5837",1745,1745,1771,0.0148997134670487
"5838","5838",4391,4381,4064,-0.0744705078569802
"12455","12455",4391,4381,4064,-0.0744705078569802
"5839","5839",3243,3242,3242,-0.000308356460067838
"5840","5840",8862,8900,8785,-0.00868878357030016
"5841","5841",857,857,861,0.00466744457409568
"5842","5842",6732,6706,6639,-0.0138146167557932
"5843","5843",3027,3022,3022,-0.00165180046250413
"5844","5844",3988,4116,4088,0.0250752256770311
"5845","5845",6309,6990,6876,0.0898716119828816
"5846","5846",2512,2562,2566,0.0214968152866242
"5847","5847",1939,1948,1902,-0.0190820010314595
"5848","5848",803,803,805,0.0024906600249066
"5849","5849",1576,1564,1557,-0.0120558375634518
"5850","5850",3405,3397,3305,-0.0293685756240822
"5851","5851",4252,3803,4322,0.0164628410159925
"5852","5852",765,662,652,-0.147712418300654
"11993","11993",765,662,652,-0.147712418300654
"5853","5853",4082,4082,4162,0.0195982361587457
"5854","5854",5815,6408,5480,-0.057609630266552
"5856","5856",2321,2262,2193,-0.0551486428263679
"5857","5857",2406,2408,2421,0.00623441396508728
"5858","5858",9111,9111,9119,0.000878059488530348
"5859","5859",2456,2493,2730,0.111563517915309
"5860","5860",1950,1950,1947,-0.00153846153846154
"5861","5861",3732,3791,3815,0.0222400857449089
"5862","5862",3198,3198,3239,0.0128205128205128
"5863","5863",4496,4496,4494,-0.000444839857651246
"5864","5864",2695,2730,2665,-0.0111317254174397
"5865","5865",4624,4418,4421,-0.043901384083045
"5866","5866",2483,2212,2212,-0.10914216673379
"5867","5867",3014,3007,3455,0.146317186463172
"5868","5868",1247,1232,1229,-0.0144346431435445
"5869","5869",2581,2581,2583,0.000774893452150329
"5870","5870",2560,2562,2686,0.04921875
"5871","5871",2831,2510,2510,-0.113387495584599
"5872","5872",1889,1845,1829,-0.0317628374801482
"10225","10225",1889,1845,1829,-0.0317628374801482
"5874","5874",3403,3403,3403,0
"5875","5875",1127,1342,1116,-0.00976042590949423
"5876","5876",1714,1692,1755,0.0239206534422404
"5877","5877",1335,1339,1339,0.00299625468164794
"5878","5878",2136,2136,2088,-0.0224719101123595
"5879","5879",5929,5902,5728,-0.0339011637712936
"5880","5880",1871,1621,1626,-0.1309460181721
"5881","5881",1580,1583,1545,-0.0221518987341772
"5882","5882",3105,3105,3103,-0.000644122383252818
"5883","5883",562,558,450,-0.199288256227758
"5884","5884",2518,2439,2439,-0.0313741064336775
"5885","5885",9008,9006,9072,0.00710479573712256
"5886","5886",2372,2372,2485,0.0476391231028668
"5887","5887",2308,2526,2335,0.0116984402079723
"13569","13569",2308,2526,2335,0.0116984402079723
"5888","5888",3022,3022,3022,0
"5889","5889",869,869,869,0
"5890","5890",1553,1553,2114,0.361236316806182
"8420","8420",1553,1553,2114,0.361236316806182
"5891","5891",2461,2431,2449,-0.00487606663957741
"5892","5892",1592,1552,1552,-0.0251256281407035
"5893","5893",1485,1485,1485,0
"5894","5894",5295,5414,5417,0.0230406043437205
"5895","5895",1132,1165,1165,0.0291519434628975
"5896","5896",2267,2267,2417,0.0661667401852669
"5897","5897",6141,6272,6396,0.04152418172936
"5898","5898",2713,2952,3066,0.130114264651677
"5899","5899",5425,5342,5213,-0.0390783410138249
"5900","5900",4198,4235,4235,0.00881372081943783
"5901","5901",1837,1839,1748,-0.0484485574305934
"5902","5902",1420,1267,1267,-0.107746478873239
"5903","5903",3548,3545,3408,-0.0394588500563698
"5904","5904",1544,1544,1144,-0.259067357512953
"5905","5905",1465,1465,1465,0
"5906","5906",2349,2349,2086,-0.111962537249894
"5907","5907",5378,5410,5088,-0.0539233915953886
"5908","5908",2840,2840,2837,-0.00105633802816901
"5909","5909",1064,1064,1064,0
"5910","5910",1698,1586,1599,-0.0583038869257951
"5911","5911",2445,2445,2508,0.0257668711656442
"5912","5912",7563,7690,7326,-0.0313367711225704
"5913","5913",4898,5219,4987,0.0181706819109841
"5914","5914",883,979,1016,0.150622876557191
"5915","5915",1979,1980,2174,0.0985346134411319
"5916","5916",2626,2626,2762,0.0517897943640518
"5917","5917",2560,2403,2452,-0.0421875
"5918","5918",2645,2617,2627,-0.00680529300567108
"8609","8609",2645,2617,2627,-0.00680529300567108
"5919","5919",4318,4318,4282,-0.00833719314497453
"5920","5920",4934,5076,5055,0.0245237130117552
"5921","5921",3074,3074,3091,0.005530253741054
"5922","5922",1945,1945,1899,-0.0236503856041131
"5923","5923",2065,2065,1929,-0.0658595641646489
"5924","5924",1527,1527,1536,0.00589390962671906
"5925","5925",5322,5065,5002,-0.0601277715144682
"5926","5926",6223,6347,6341,0.0189619154748514
"5927","5927",4783,4782,4656,-0.0265523729876646
"5928","5928",2568,2756,2906,0.131619937694704
"5930","5930",6122,6134,6279,0.0256452139823587
"5931","5931",2485,2483,2424,-0.0245472837022133
"5932","5932",3572,3947,3751,0.0501119820828667
"5933","5933",1977,1949,1985,0.00404653515427415
"5934","5934",968,954,1001,0.0340909090909091
"5935","5935",1827,1825,1827,0
"17929","17929",1827,1825,1827,0
"5936","5936",3027,3085,3185,0.0521968946151305
"5937","5937",2237,2104,2033,-0.0911935628073312
"5938","5938",2749,2622,2796,0.0170971262277192
"5939","5939",3339,3388,3391,0.0155735250074873
"5940","5940",6441,6435,6471,0.00465766185374942
"5941","5941",1492,1679,1322,-0.113941018766756
"5942","5942",7317,7061,7181,-0.018586852535192
"5943","5943",2720,2731,2735,0.00551470588235294
"5944","5944",2586,2641,2337,-0.0962877030162413
"5945","5945",1594,1594,1588,-0.00376411543287327
"5946","5946",3324,3324,3197,-0.0382069795427196
"5947","5947",2581,2581,2584,0.00116234017822549
"5948","5948",7670,7675,7655,-0.00195567144719687
"5949","5949",1850,1850,1812,-0.0205405405405405
"5950","5950",4532,4512,4460,-0.0158870255957635
"5951","5951",590,590,546,-0.0745762711864407
"5952","5952",4953,4886,4987,0.00686452654956592
"5953","5953",5696,5770,5848,0.026685393258427
"5954","5954",2646,2708,2708,0.0234315948601663
"5955","5955",1227,1390,1220,-0.00570497147514262
"5956","5956",972,980,990,0.0185185185185185
"5957","5957",7632,7365,7422,-0.0275157232704403
"5958","5958",3340,3299,3303,-0.0110778443113772
"5959","5959",2659,2659,2456,-0.0763444904099286
"5960","5960",7185,7221,7126,-0.00821155184411969
"5961","5961",4956,4852,4876,-0.0161420500403551
"5962","5962",5975,6359,5606,-0.0617573221757322
"5963","5963",1619,1619,1639,0.0123533045089561
"5964","5964",1085,1085,1086,0.000921658986175115
"5965","5965",4017,4002,4189,0.0428180234005477
"5966","5966",2063,2063,2063,0
"5967","5967",4482,4491,4495,0.00290049085229808
"5968","5968",2710,3073,2492,-0.0804428044280443
"5969","5969",3670,3670,3628,-0.0114441416893733
"5971","5971",4017,4021,4171,0.0383370674632811
"5972","5972",1659,1647,1482,-0.106690777576854
"5973","5973",4158,4158,4365,0.0497835497835498
"5974","5974",2955,2851,2851,-0.0351945854483926
"5975","5975",1403,1119,1119,-0.202423378474697
"5976","5976",1698,1700,1700,0.00117785630153121
"5977","5977",3270,3595,3595,0.099388379204893
"5978","5978",955,862,893,-0.0649214659685864
"5979","5979",3703,3701,3733,0.00810153929246557
"5980","5980",3158,3158,3066,-0.0291323622545915
"5981","5981",3508,3507,3511,0.000855188141391106
"5982","5982",1983,1976,1652,-0.166918809884014
"5983","5983",5169,4999,5054,-0.0222480170245695
"5984","5984",2584,2573,2646,0.0239938080495356
"5985","5985",5590,5622,5584,-0.00107334525939177
"5986","5986",1806,1806,1799,-0.00387596899224806
"5987","5987",5015,5027,5068,0.010568295114656
"5988","5988",6913,6886,6951,0.00549688991754665
"5989","5989",2537,2499,2499,-0.0149783208513993
"5990","5990",5367,5394,3660,-0.31805477920626
"5991","5991",1631,1631,2027,0.242795830778663
"18757","18757",1631,1631,2027,0.242795830778663
"5992","5992",904,904,957,0.0586283185840708
"5993","5993",2338,2338,2377,0.0166809238665526
"5994","5994",6291,6286,6333,0.00667620410109681
"5995","5995",2466,2463,2469,0.00121654501216545
"5996","5996",2782,2783,2485,-0.106757728253055
"5997","5997",1479,1455,2445,0.653144016227181
"5998","5998",2244,2242,2243,-0.000445632798573975
"5999","5999",1961,1960,1966,0.00254971953085161
"6000","6000",4285,4444,4387,0.023803967327888
"6001","6001",1442,1440,1461,0.0131761442441054
"6002","6002",1548,1548,1597,0.0316537467700258
"8791","8791",1548,1548,1597,0.0316537467700258
"6003","6003",2412,2417,2439,0.0111940298507463
"6004","6004",2243,2501,2709,0.207757467677218
"6005","6005",3452,3313,3274,-0.0515643105446118
"6006","6006",3104,3104,2966,-0.0444587628865979
"6007","6007",3062,3116,2862,-0.0653167864141084
"6008","6008",1022,1022,1022,0
"6009","6009",4665,4664,5006,0.0730975348338692
"6010","6010",4047,4396,4053,0.00148257968865827
"6011","6011",2719,2719,2719,0
"6230","6230",2719,2719,2719,0
"6012","6012",5122,5122,5110,-0.00234283483014447
"6013","6013",2176,2176,2149,-0.0124080882352941
"9588","9588",2176,2176,2149,-0.0124080882352941
"6014","6014",2872,2872,2653,-0.0762534818941504
"6015","6015",1848,1836,1830,-0.00974025974025974
"6016","6016",2155,2158,2136,-0.00881670533642691
"12536","12536",2155,2158,2136,-0.00881670533642691
"6017","6017",2884,2903,2825,-0.0204576976421637
"6018","6018",1243,1242,1243,0
"6019","6019",1226,1229,1230,0.0032626427406199
"6020","6020",1339,1340,1340,0.000746825989544436
"6021","6021",2315,2226,2218,-0.0419006479481641
"6022","6022",5073,5084,5017,-0.0110388330376503
"6023","6023",1340,1340,1340,0
"6024","6024",4067,4066,3443,-0.153430046717482
"6025","6025",1054,1035,920,-0.127134724857685
"6026","6026",3548,3548,3322,-0.0636978579481398
"6027","6027",3879,3886,3613,-0.068574374838876
"6028","6028",3363,3363,3096,-0.0793933987511151
"6029","6029",1785,1784,1914,0.0722689075630252
"6030","6030",4003,3967,3931,-0.0179865101174119
"6031","6031",1545,1597,1627,0.0530744336569579
"6032","6032",1655,1655,1655,0
"6033","6033",2375,2367,2395,0.00842105263157895
"6034","6034",8682,8691,8745,0.00725639253628196
"6035","6035",7828,8194,8104,0.0352580480327031
"6036","6036",1223,1223,1223,0
"6037","6037",3610,3612,3656,0.0127423822714681
"6038","6038",973,973,930,-0.0441932168550874
"6039","6039",3313,3311,3251,-0.0187141563537579
"6040","6040",2062,2027,2250,0.0911736178467507
"6041","6041",1516,1516,1515,-0.000659630606860158
"6042","6042",7970,8138,7260,-0.0890840652446675
"6043","6043",2976,2970,2970,-0.00201612903225806
"6044","6044",3117,3032,3015,-0.0327237728585178
"6045","6045",7624,7613,7654,0.00393494228751312
"6046","6046",6151,6142,6032,-0.0193464477320761
"6047","6047",4993,4147,4148,-0.169236931704386
"6048","6048",845,845,840,-0.00591715976331361
"6049","6049",1735,1824,1858,0.0708933717579251
"6050","6050",2653,2653,2653,0
"6051","6051",7001,6884,7073,0.0102842451078417
"6052","6052",1865,1860,1859,-0.0032171581769437
"6053","6053",1597,1610,1610,0.00814026299311208
"6054","6054",4254,4256,4109,-0.0340855665256229
"6055","6055",919,919,912,-0.00761697497279652
"6056","6056",3006,2989,3003,-0.000998003992015968
"6057","6057",1313,1309,1309,-0.00304645849200305
"6058","6058",6332,6295,6671,0.0535375868603917
"6059","6059",3827,3827,3859,0.00836164097204076
"6060","6060",4429,4343,4393,-0.00812824565364642
"6061","6061",3368,3321,3324,-0.0130641330166271
"6062","6062",881,840,674,-0.234960272417707
"6063","6063",1719,1709,1786,0.0389761489237929
"6064","6064",4692,4468,4457,-0.0500852514919011
"6065","6065",2171,2170,2030,-0.0649470290188853
"6066","6066",1965,2588,2012,0.0239185750636132
"6067","6067",3312,3305,3305,-0.00211352657004831
"6068","6068",2700,2715,2733,0.0122222222222222
"6069","6069",3125,3125,3208,0.02656
"6070","6070",5159,5166,5153,-0.00116301608838922
"6071","6071",2530,2534,2651,0.0478260869565217
"6072","6072",2951,2951,2944,-0.0023720772619451
"6073","6073",2231,1912,1856,-0.168086060062752
"6074","6074",2265,2263,2259,-0.00264900662251656
"6075","6075",5307,5307,5276,-0.00584134162426983
"6076","6076",2793,2837,2817,0.00859291084854995
"6077","6077",6223,6220,6276,0.00851679254378917
"6078","6078",3542,3622,3504,-0.0107284020327499
"6079","6079",5109,5111,5109,0
"6080","6080",3214,3214,3443,0.0712507778469197
"6081","6081",1813,1841,1847,0.0187534473248759
"6082","6082",3580,3580,3530,-0.0139664804469274
"6084","6084",3427,3428,3314,-0.0329734461628246
"6085","6085",1211,1211,1211,0
"6086","6086",1983,1983,1985,0.00100857286938981
"6087","6087",3728,3721,3654,-0.0198497854077253
"6088","6088",2533,2534,2540,0.00276352151598895
"6089","6089",2935,2934,2646,-0.0984667802385008
"6090","6090",3809,2972,3109,-0.183775269099501
"6091","6091",7535,7622,7315,-0.0291970802919708
"6092","6092",2070,2070,2070,0
"6093","6093",2848,2865,2811,-0.0129915730337079
"6094","6094",3878,3704,3704,-0.0448684889118102
"6095","6095",2626,2554,2564,-0.0236100533130236
"6096","6096",3927,4271,4205,0.0707919531448943
"6097","6097",4698,4330,3859,-0.178586632609621
"6098","6098",3100,3083,3107,0.00225806451612903
"6099","6099",1877,1849,1849,-0.014917421417155
"18316","18316",1877,1849,1849,-0.014917421417155
"6100","6100",7813,7841,8136,0.0413413541533342
"6101","6101",2922,2911,3224,0.103353867214237
"6102","6102",3953,3953,4605,0.164938021755629
"6104","6104",2832,2272,2257,-0.203036723163842
"6105","6105",4516,3809,3761,-0.16718334809566
"6106","6106",1567,1567,1719,0.0970006381620932
"6107","6107",2197,1941,1939,-0.117432862994993
"6108","6108",2038,2041,1613,-0.208537782139352
"6109","6109",2336,2336,2336,0
"6110","6110",3054,3059,3060,0.00196463654223969
"6111","6111",5142,4922,4924,-0.0423959548813691
"6112","6112",4578,3721,3530,-0.228920926168633
"6113","6113",3805,3813,3816,0.00289093298291721
"6114","6114",6860,6849,6708,-0.0221574344023324
"6115","6115",2292,2384,2384,0.0401396160558464
"6116","6116",2175,2175,2180,0.00229885057471264
"6117","6117",1659,1659,1969,0.186859553948162
"6118","6118",2673,2602,2755,0.0306771417882529
"6119","6119",5264,5266,5280,0.00303951367781155
"6120","6120",1642,1642,1673,0.0188794153471376
"6121","6121",1189,1304,1172,-0.0142977291841884
"13322","13322",1189,1304,1172,-0.0142977291841884
"6122","6122",7879,7865,8300,0.0534331767990862
"6123","6123",1343,1415,1355,0.00893521965748325
"16062","16062",1343,1415,1355,0.00893521965748325
"6124","6124",7201,7201,7201,0
"6125","6125",3172,2908,2876,-0.0933165195460277
"6127","6127",3575,3576,3574,-0.00027972027972028
"6128","6128",1651,1652,1652,0.000605693519079346
"6129","6129",1956,1952,2012,0.0286298568507157
"6130","6130",1769,1767,2068,0.169022046353872
"6131","6131",1582,1582,1759,0.111883691529709
"6132","6132",4717,4717,4822,0.0222599109603562
"6133","6133",2534,2502,2502,-0.0126282557221784
"6134","6134",2404,2500,2492,0.0366056572379368
"6135","6135",2676,2677,2528,-0.0553064275037369
"6136","6136",6957,7175,6978,0.00301854247520483
"6137","6137",1558,1556,1555,-0.00192554557124519
"19193","19193",1558,1556,1555,-0.00192554557124519
"6138","6138",3449,3302,3300,-0.0432009278051609
"6139","6139",3128,3077,3076,-0.0166240409207161
"6140","6140",3675,3675,3564,-0.0302040816326531
"6141","6141",2485,2485,2620,0.0543259557344064
"6142","6142",2089,2089,2188,0.0473910962182863
"11318","11318",2089,2089,2188,0.0473910962182863
"6143","6143",1777,1668,1657,-0.0675295441755768
"6144","6144",1652,1652,1651,-0.000605326876513317
"6145","6145",1729,1729,1729,0
"6146","6146",2311,2351,2210,-0.0437040242319342
"6147","6147",5315,5448,5452,0.0257761053621825
"6148","6148",2831,2716,2776,-0.0194277640409749
"6149","6149",1241,1241,1240,-0.0008058017727639
"6150","6150",2934,3049,2936,0.000681663258350375
"6151","6151",2517,2507,2448,-0.0274135876042908
"6152","6152",2357,2354,2431,0.0313958421722529
"6153","6153",2949,2949,2952,0.00101729399796541
"6154","6154",1912,1972,1973,0.0319037656903766
"6155","6155",2958,2828,2840,-0.0398918187964841
"6156","6156",484,483,483,-0.00206611570247934
"6157","6157",5587,5594,5551,-0.00644352962233757
"6158","6158",3490,3678,3758,0.0767908309455587
"6159","6159",4841,4843,4843,0.000413137781450114
"6160","6160",2871,2960,3148,0.0964820619993034
"6161","6161",2217,2322,1948,-0.121335137573297
"6162","6162",5460,5433,5512,0.00952380952380952
"6163","6163",6737,6736,6865,0.0189995546979368
"6164","6164",2819,2819,2637,-0.0645619013834693
"6165","6165",1691,1692,1692,0.000591366055588409
"6166","6166",1925,1905,1856,-0.0358441558441558
"6167","6167",2863,2791,2791,-0.025148445686343
"6168","6168",3494,3471,3511,0.0048654836863194
"6169","6169",2900,2794,2586,-0.108275862068966
"6170","6170",3847,3343,3508,-0.0881206134650377
"6171","6171",4514,4515,4514,0
"6172","6172",1505,1401,1401,-0.0691029900332226
"6173","6173",1783,1752,1752,-0.0173864273696018
"6174","6174",2103,2118,2127,0.0114122681883024
"6175","6175",2179,2179,2179,0
"6176","6176",2521,2521,2514,-0.00277667592225307
"6177","6177",4682,4595,4807,0.0266979923109782
"6178","6178",3214,2474,2447,-0.238643434971997
"6179","6179",1681,1643,1727,0.0273646638905413
"6180","6180",2321,2775,2778,0.196897888841017
"9367","9367",2321,2775,2778,0.196897888841017
"6181","6181",7030,7032,6931,-0.0140825035561878
"6182","6182",1724,1442,1442,-0.163573085846868
"6183","6183",1060,1350,1121,0.0575471698113208
"6184","6184",3011,3011,3271,0.0863500498173364
"6185","6185",2147,2248,2246,0.0461108523521192
"6186","6186",3956,3899,3830,-0.031850353892821
"6187","6187",4872,4872,4831,-0.00841543513957307
"6188","6188",2106,2106,2011,-0.0451092117758784
"6190","6190",3243,3243,3197,-0.0141843971631206
"6191","6191",3220,3216,3216,-0.00124223602484472
"6192","6192",4855,4854,4865,0.00205973223480947
"6193","6193",2643,2687,2687,0.0166477487703367
"6194","6194",2296,2296,2221,-0.0326655052264808
"6195","6195",5849,5845,5836,-0.0022226021542144
"6196","6196",6932,6934,6885,-0.0067801500288517
"6197","6197",2257,2257,2265,0.00354452813469207
"6198","6198",4351,4357,4385,0.00781429556423811
"6199","6199",1396,1498,1435,0.0279369627507163
"6200","6200",990,991,991,0.00101010101010101
"6201","6201",3797,3209,3458,-0.0892810113247301
"6202","6202",1405,1124,1018,-0.275444839857651
"6203","6203",2408,2375,2353,-0.0228405315614618
"6204","6204",1936,2013,2254,0.164256198347107
"6205","6205",4178,4165,4371,0.0461943513642891
"6206","6206",2750,2773,2775,0.00909090909090909
"6207","6207",1724,1718,1718,-0.00348027842227378
"6208","6208",3479,3484,3513,0.00977292325380857
"6209","6209",9527,9491,9115,-0.0432455127532277
"6210","6210",2233,2254,2231,-0.000895656068069861
"6211","6211",5686,5759,5410,-0.0485402743580725
"6212","6212",2063,2208,2249,0.0901599612215221
"6213","6213",2809,2721,2723,-0.0306158775364899
"6214","6214",6053,6053,6045,-0.00132165868164546
"6215","6215",1552,1552,1505,-0.0302835051546392
"6216","6216",3475,2782,2825,-0.18705035971223
"6217","6217",3388,3388,3229,-0.0469303423848878
"6218","6218",1631,1627,1625,-0.00367872470876763
"6219","6219",2279,2278,2278,-0.000438788942518649
"6220","6220",2451,2498,2475,0.00979192166462668
"6221","6221",2471,2477,2477,0.00242816673411574
"6223","6223",5027,4947,5059,0.00636562562164313
"6224","6224",1100,1101,1171,0.0645454545454545
"11147","11147",1100,1101,1171,0.0645454545454545
"6225","6225",3062,3064,3075,0.00424559111691705
"6226","6226",1032,1243,1088,0.0542635658914729
"6227","6227",3289,3301,3330,0.0124657950744907
"6228","6228",3158,3178,3232,0.0234325522482584
"6229","6229",4030,4013,4013,-0.00421836228287841
"6231","6231",922,935,935,0.0140997830802603
"6232","6232",3428,3200,3090,-0.0985997666277713
"6233","6233",2405,2622,2304,-0.041995841995842
"6234","6234",6771,6770,6451,-0.0472603751292276
"6235","6235",4646,4646,4812,0.035729659922514
"6236","6236",2445,2445,2570,0.0511247443762781
"6237","6237",2164,2164,2172,0.00369685767097967
"6238","6238",2861,2861,2853,-0.00279622509612024
"6240","6240",3391,3389,3491,0.0294898260100265
"6241","6241",8654,8807,8621,-0.00381326554194592
"6242","6242",3372,3500,3226,-0.0432977461447212
"6243","6243",4015,3804,3804,-0.0525529265255293
"6244","6244",9211,9105,9317,0.0115079795896211
"6245","6245",1709,1704,1704,-0.00292568753657109
"6246","6246",7602,7514,7221,-0.0501183898973954
"6247","6247",7324,7352,7342,0.00245767340251229
"6248","6248",3146,3151,3145,-0.000317863954227591
"6249","6249",7374,7592,7601,0.0307838350962842
"6250","6250",2289,2231,2188,-0.0441240716470074
"6252","6252",920,916,1123,0.220652173913043
"6253","6253",6593,6596,6623,0.00455028060063704
"6254","6254",3225,3225,3019,-0.0638759689922481
"6255","6255",3984,3932,3400,-0.146586345381526
"6256","6256",2385,2383,2311,-0.0310272536687631
"6257","6257",8749,9030,8922,0.0197736884215339
"6258","6258",1348,1346,1347,-0.000741839762611276
"6259","6259",3700,3699,3699,-0.00027027027027027
"6260","6260",1895,1893,1899,0.00211081794195251
"6262","6262",6386,6390,6889,0.078766050735985
"9832","9832",6386,6390,6889,0.078766050735985
"6263","6263",2417,2422,2422,0.00206868018204386
"6264","6264",3544,3500,3794,0.0705417607223476
"6265","6265",6246,6246,6131,-0.0184117835414665
"6266","6266",3476,3430,3423,-0.0152474108170311
"6267","6267",1697,1966,2065,0.216853270477313
"6268","6268",906,906,794,-0.123620309050773
"6269","6269",1606,1605,1541,-0.0404732254047323
"6270","6270",4481,4625,4783,0.067395670609239
"6271","6271",1901,1992,1995,0.0494476591267754
"6272","6272",1224,1224,1159,-0.0531045751633987
"6273","6273",2977,3110,3142,0.0554249244205576
"6274","6274",1845,1720,1559,-0.155013550135501
"6275","6275",2908,2911,2939,0.0106602475928473
"14226","14226",2908,2911,2939,0.0106602475928473
"6276","6276",1232,1232,1232,0
"6277","6277",4942,5196,5163,0.0447187373532983
"6278","6278",2865,2863,2952,0.0303664921465969
"6279","6279",1772,1771,1771,-0.000564334085778781
"6280","6280",1548,1548,1548,0
"6281","6281",3578,3578,3577,-0.000279485746226942
"15099","15099",3578,3578,3577,-0.000279485746226942
"6282","6282",2239,2239,2182,-0.025457793657883
"8038","8038",2239,2239,2182,-0.025457793657883
"6283","6283",5145,5148,5238,0.0180758017492711
"6284","6284",4606,4613,4645,0.0084672166739036
"6285","6285",1651,1648,1686,0.0211992731677771
"6286","6286",2727,2600,2601,-0.0462046204620462
"6287","6287",5380,5503,5508,0.0237918215613383
"6288","6288",959,959,926,-0.0344108446298227
"6290","6290",1716,1702,1874,0.0920745920745921
"6291","6291",2659,2653,2652,-0.00263256863482512
"6292","6292",6926,6919,6908,-0.00259890268553278
"6293","6293",1658,1719,1719,0.0367913148371532
"6294","6294",6411,6393,6410,-0.000155981906098893
"6295","6295",4758,4766,4769,0.00231189575451871
"6296","6296",1852,1850,1653,-0.107451403887689
"6297","6297",2515,2515,2298,-0.0862823061630219
"6507","6507",2515,2515,2298,-0.0862823061630219
"6298","6298",4086,4083,4160,0.0181106216348507
"6299","6299",1305,1305,1298,-0.0053639846743295
"6300","6300",6112,6112,6112,0
"6301","6301",1465,1465,1554,0.0607508532423208
"6302","6302",3218,3218,3217,-0.000310752019888129
"6303","6303",3652,3663,3533,-0.0325848849945235
"6304","6304",1438,1438,1480,0.0292072322670376
"6305","6305",6056,6062,6466,0.0677014531043593
"6306","6306",8493,8382,8030,-0.0545154833392205
"6307","6307",3124,3046,3046,-0.0249679897567221
"6308","6308",4964,4927,5092,0.0257856567284448
"6309","6309",1731,1767,1779,0.0277296360485269
"6310","6310",6312,6367,6110,-0.0320025348542459
"6311","6311",3774,3672,3770,-0.00105988341282459
"6312","6312",2308,2456,2313,0.00216637781629116
"6313","6313",1580,1628,1697,0.0740506329113924
"18639","18639",1580,1628,1697,0.0740506329113924
"6314","6314",4069,4069,3835,-0.0575079872204473
"6316","6316",4742,4742,4740,-0.000421762969211303
"6317","6317",2309,2233,2189,-0.0519705500216544
"6318","6318",6363,6390,6469,0.0166588087380167
"6319","6319",933,933,933,0
"6320","6320",6111,6114,6225,0.0186548846342661
"6321","6321",4198,4210,4494,0.0705097665555026
"6322","6322",3382,2922,2812,-0.168539325842697
"6324","6324",2944,2944,3100,0.0529891304347826
"6325","6325",4904,4891,5012,0.0220228384991843
"6326","6326",597,609,603,0.0100502512562814
"6327","6327",3370,3371,3371,0.00029673590504451
"6328","6328",2585,2512,2471,-0.044100580270793
"6329","6329",2694,2703,2704,0.00371195248700817
"6330","6330",1419,1422,1468,0.0345313601127555
"6331","6331",3409,3089,3050,-0.105309474919331
"6332","6332",4418,4418,4872,0.102761430511544
"6333","6333",3583,3680,3680,0.0270722857940274
"6334","6334",4324,4107,3887,-0.101063829787234
"6335","6335",3149,3151,2742,-0.129247380120673
"6336","6336",2278,2279,2216,-0.0272168568920105
"6337","6337",5974,5818,5825,-0.0249414127887513
"6338","6338",2876,2876,2876,0
"6339","6339",2035,2032,2407,0.182800982800983
"6340","6340",1735,1572,1572,-0.0939481268011527
"6341","6341",4562,4606,4851,0.0633494081543183
"6342","6342",3444,3446,3453,0.00261324041811847
"6343","6343",4672,4672,4674,0.000428082191780822
"6344","6344",2137,2137,2138,0.000467945718296678
"6345","6345",1572,1572,1572,0
"6346","6346",1918,1916,1916,-0.00104275286757039
"6347","6347",2516,2516,2518,0.000794912559618442
"6349","6349",3428,3392,3391,-0.0107934655775963
"6350","6350",4233,4234,4089,-0.0340184266477675
"6351","6351",1865,1867,1883,0.0096514745308311
"6352","6352",1262,1267,1268,0.00475435816164818
"6353","6353",1784,1772,1779,-0.00280269058295964
"6354","6354",1759,1747,1835,0.0432063672541217
"6355","6355",5827,5548,5154,-0.115496825124421
"6356","6356",3463,3435,3412,-0.0147271152180191
"6357","6357",2961,2824,2512,-0.151637960148598
"6358","6358",1974,1973,1970,-0.00202634245187437
"6359","6359",1380,1380,1359,-0.0152173913043478
"6360","6360",1611,1611,1764,0.0949720670391061
"6361","6361",2112,2108,2155,0.0203598484848485
"10817","10817",2112,2108,2155,0.0203598484848485
"6362","6362",3154,3155,3153,-0.000317057704502219
"6363","6363",3425,3150,3161,-0.0770802919708029
"6364","6364",1181,1181,1182,0.000846740050804403
"6365","6365",4675,4508,4398,-0.0592513368983957
"6366","6366",6055,6054,6345,0.0478943022295623
"6367","6367",1791,1760,1721,-0.0390843104410944
"6368","6368",1621,1832,1921,0.185070943861814
"6369","6369",2639,2639,2639,0
"6370","6370",1754,1661,1587,-0.0952109464082098
"6371","6371",5929,5882,5918,-0.00185528756957328
"6372","6372",3945,3945,3945,0
"6373","6373",4202,4205,4105,-0.0230842455973346
"6374","6374",3693,3696,3697,0.00108313024641213
"6375","6375",3258,3212,3213,-0.0138121546961326
"6376","6376",2731,2731,2726,-0.0018308311973636
"6377","6377",3649,3649,3615,-0.0093176212661003
"6378","6378",6576,6499,6498,-0.0118613138686131
"6379","6379",2010,2705,1692,-0.158208955223881
"6380","6380",2074,2065,2065,-0.00433944069431051
"6381","6381",2355,2354,2357,0.000849256900212314
"6382","6382",5789,5692,5690,-0.0171013992053895
"6383","6383",2706,2708,2708,0.00073909830007391
"6384","6384",1310,1307,1268,-0.0320610687022901
"6385","6385",2527,2501,1994,-0.210922041946973
"6386","6386",7832,7874,7874,0.00536261491317671
"6387","6387",7125,7145,7251,0.0176842105263158
"6388","6388",1268,1268,1268,0
"6389","6389",2346,2306,2306,-0.0170502983802217
"6390","6390",6141,6140,6140,-0.000162839928350432
"6391","6391",3561,3609,3789,0.0640269587194608
"6392","6392",4320,4323,4323,0.000694444444444444
"6393","6393",2367,1996,1982,-0.162653147444022
"6394","6394",6227,6227,6190,-0.00594186606712703
"6395","6395",3403,3255,3323,-0.023508668821628
"6396","6396",4261,4188,4076,-0.043417038253931
"6397","6397",2345,2344,2370,0.0106609808102345
"6398","6398",2000,2000,2001,5e-04
"6399","6399",1874,1874,1874,0
"6400","6400",2047,2049,2078,0.0151441133365901
"6401","6401",7053,7052,7018,-0.00496242733588544
"6402","6402",3012,3243,3432,0.139442231075697
"6404","6404",1370,1413,1347,-0.0167883211678832
"6405","6405",2697,2695,2700,0.00111234705228031
"6406","6406",3322,3415,3407,0.0255869957856713
"6407","6407",3962,4490,4512,0.13881877839475
"6408","6408",1265,1265,1710,0.351778656126482
"6409","6409",2278,2280,2281,0.00131694468832309
"6410","6410",6664,6714,6740,0.0114045618247299
"6411","6411",5932,5934,5952,0.00337154416722859
"6412","6412",2043,2057,2058,0.00734214390602056
"6413","6413",2646,2646,2549,-0.0366591080876795
"6414","6414",3955,3960,3977,0.00556257901390645
"6415","6415",5676,5677,5676,0
"6416","6416",2785,2784,2804,0.00682226211849192
"19712","19712",2785,2784,2804,0.00682226211849192
"6417","6417",2934,2929,2943,0.00306748466257669
"6418","6418",3029,3027,3035,0.00198085176625949
"6419","6419",3044,3059,3825,0.256570302233903
"6420","6420",2679,3043,3043,0.135871593878313
"6421","6421",1775,1773,1773,-0.00112676056338028
"6422","6422",1097,1128,1128,0.0282588878760255
"11878","11878",1097,1128,1128,0.0282588878760255
"6423","6423",7499,7800,7668,0.0225363381784238
"6424","6424",1687,1651,1597,-0.0533491404860699
"6426","6426",2098,2065,2098,0
"6427","6427",3267,3255,3343,0.0232629323538414
"6428","6428",2974,3256,3281,0.103227975790182
"6429","6429",1120,1120,1120,0
"6430","6430",1860,1925,1971,0.0596774193548387
"6431","6431",1186,1185,1179,-0.00590219224283305
"6432","6432",6956,6584,6841,-0.0165324899367453
"6433","6433",4353,4519,3567,-0.180565127498277
"6434","6434",3597,3613,3829,0.0644981929385599
"6435","6435",2486,2486,2486,0
"18517","18517",2486,2486,2486,0
"6436","6436",1123,1123,1141,0.0160284951024043
"6437","6437",7993,7989,7983,-0.00125109470786939
"6438","6438",2943,2509,2470,-0.160720353380904
"6439","6439",4906,4902,4902,-0.000815328169588259
"9389","9389",4906,4902,4902,-0.000815328169588259
"6440","6440",3112,3041,3041,-0.0228149100257069
"6441","6441",5348,5137,5139,-0.0390800299177263
"6442","6442",1689,1695,1955,0.15748963883955
"6443","6443",3603,3603,3569,-0.00943658062725507
"6444","6444",3325,3166,3249,-0.0228571428571429
"6445","6445",4423,4425,4397,-0.00587836310196699
"6446","6446",1965,1894,1940,-0.0127226463104326
"6447","6447",2005,2084,2094,0.0443890274314214
"6448","6448",3889,3947,3900,0.00282849061455387
"6449","6449",3231,3231,3232,0.000309501702259362
"6450","6450",7828,7826,7840,0.00153295861011753
"6451","6451",3421,3458,3346,-0.0219234142063724
"6452","6452",1429,1429,1555,0.0881735479356193
"6453","6453",4946,4874,4866,-0.0161746866154468
"6454","6454",5870,5868,6174,0.0517887563884157
"6455","6455",5961,5867,5872,-0.0149303808085892
"6456","6456",1617,1616,2250,0.391465677179963
"6457","6457",2226,2226,2226,0
"6458","6458",3197,3198,3357,0.0500469189865499
"6459","6459",2521,2605,2742,0.0876636255454185
"6460","6460",2900,2929,2841,-0.0203448275862069
"6461","6461",2329,2329,2423,0.0403606698153714
"6462","6462",2068,2068,1469,-0.289651837524178
"6463","6463",3013,2970,3035,0.00730169266511782
"6464","6464",1273,1273,1305,0.0251374705420267
"6465","6465",3460,3459,3643,0.0528901734104046
"6466","6466",1092,1092,1090,-0.00183150183150183
"6467","6467",2295,2214,2357,0.0270152505446623
"6468","6468",3160,3084,3084,-0.0240506329113924
"6469","6469",5606,5606,5593,-0.00231894398858366
"6470","6470",4416,4316,4259,-0.0355525362318841
"6471","6471",1146,1146,1146,0
"6472","6472",2389,2385,2383,-0.00251151109250733
"6473","6473",2710,2712,2712,0.000738007380073801
"6474","6474",941,941,941,0
"6475","6475",3080,3079,3091,0.00357142857142857
"6476","6476",1533,1533,1558,0.0163078930202218
"6477","6477",2493,2657,2650,0.0629763337344565
"6478","6478",3920,4005,4097,0.0451530612244898
"6479","6479",1969,1813,2116,0.07465718638903
"6480","6480",1782,1813,1813,0.0173961840628507
"6481","6481",1662,1662,1662,0
"6482","6482",2795,2796,2758,-0.0132379248658318
"6483","6483",2037,2037,1882,-0.0760922925871379
"6484","6484",4981,4956,5304,0.0648464163822526
"6485","6485",2212,2232,2183,-0.0131103074141049
"6486","6486",5866,6156,6173,0.0523354926696215
"6487","6487",2977,2939,3137,0.0537453812562983
"6488","6488",3605,3461,3425,-0.0499306518723994
"6489","6489",2237,2236,2231,-0.00268216361198033
"6490","6490",8397,8425,8611,0.0254852923663213
"6491","6491",1019,1135,1135,0.113837095191364
"6492","6492",1745,1869,1869,0.0710601719197708
"6493","6493",4643,4643,4643,0
"6494","6494",2065,2065,2069,0.00193704600484262
"6495","6495",1754,1754,1707,-0.0267958950969213
"6496","6496",3997,4102,4070,0.01826369777333
"6497","6497",2902,2882,2864,-0.0130944176430048
"6498","6498",5749,4805,3334,-0.420073056183684
"6499","6499",2980,3005,2988,0.00268456375838926
"6500","6500",922,921,921,-0.00108459869848156
"6501","6501",3000,3000,3000,0
"6502","6502",3005,2974,2964,-0.0136439267886855
"6503","6503",4057,3932,3946,-0.0273601183140251
"6504","6504",1357,1357,1413,0.0412675018422992
"6505","6505",1813,1812,1812,-0.000551571980143409
"6506","6506",2065,2068,2043,-0.0106537530266344
"6508","6508",7847,7848,7428,-0.0533962023703326
"6509","6509",1125,1126,1126,0.000888888888888889
"6510","6510",2452,2513,2594,0.0579119086460033
"6511","6511",2580,2579,2634,0.0209302325581395
"6512","6512",3291,3408,3454,0.0495290185353996
"6513","6513",1795,1615,2007,0.118105849582173
"11093","11093",1795,1615,2007,0.118105849582173
"6514","6514",2836,2836,2475,-0.127291960507757
"6515","6515",1348,1313,1321,-0.0200296735905045
"6516","6516",4806,4817,4621,-0.0384935497295048
"6517","6517",1319,1319,1319,0
"6518","6518",2520,2513,2520,0
"6519","6519",1793,1793,1792,-0.000557724484104852
"6520","6520",1251,1500,1500,0.199040767386091
"6521","6521",3268,3268,3268,0
"6522","6522",3364,3364,3378,0.00416171224732461
"6523","6523",2958,2960,2959,0.000338066260987153
"6524","6524",4727,4739,4727,0
"6525","6525",1060,1060,1108,0.0452830188679245
"6526","6526",1356,1358,1357,0.000737463126843658
"6527","6527",1848,1829,1783,-0.0351731601731602
"6528","6528",4635,4634,4583,-0.0112189859762675
"6529","6529",3395,3391,3156,-0.0703976435935199
"6530","6530",4515,4516,4939,0.0939091915836102
"6531","6531",4111,4347,4114,0.000729749452687911
"6532","6532",3745,3871,3854,0.029105473965287
"6533","6533",1499,1499,1539,0.0266844563042028
"6534","6534",1890,1945,1944,0.0285714285714286
"6535","6535",6025,6004,6350,0.0539419087136929
"6536","6536",3285,3604,3754,0.142770167427702
"6537","6537",6815,6843,7114,0.0438738077769626
"6538","6538",2104,2328,2169,0.030893536121673
"6539","6539",4462,4462,4485,0.00515463917525773
"6540","6540",4657,4611,5360,0.150955550783766
"6541","6541",3325,3409,3089,-0.0709774436090226
"6542","6542",1595,1600,1434,-0.100940438871473
"6543","6543",2925,2925,2941,0.00547008547008547
"6544","6544",2087,1917,2107,0.0095831336847149
"6545","6545",2179,2181,2126,-0.0243230839834787
"6546","6546",3759,3764,3754,-0.00133014099494546
"6547","6547",5945,5887,5891,-0.00908326324642557
"6548","6548",7171,7101,6460,-0.0991493515548738
"6549","6549",2007,2033,1992,-0.00747384155455904
"6550","6550",3904,4174,4032,0.0327868852459016
"6551","6551",3447,3474,3290,-0.0455468523353641
"6552","6552",4172,4170,4183,0.0026366251198466
"6553","6553",2501,2470,2485,-0.00639744102359056
"6554","6554",3472,3472,3731,0.0745967741935484
"6555","6555",2343,2174,2220,-0.0524967989756722
"6556","6556",3729,3730,3730,0.00026816840976133
"6557","6557",2485,2505,2527,0.0169014084507042
"6558","6558",2196,2196,2200,0.00182149362477231
"6559","6559",5075,5072,4651,-0.0835467980295567
"6560","6560",3109,3112,3087,-0.00707623029913155
"6561","6561",1865,1855,1860,-0.00268096514745308
"6562","6562",1147,1147,1320,0.150828247602441
"13132","13132",1147,1147,1320,0.150828247602441
"6563","6563",2788,2791,1618,-0.419655667144907
"6564","6564",4098,4098,4098,0
"6565","6565",1843,1835,1833,-0.00542593597395551
"6566","6566",3545,3545,3545,0
"6567","6567",1727,1726,1722,-0.00289519397799653
"6568","6568",3545,3550,3550,0.00141043723554302
"6569","6569",1747,1798,1799,0.0297653119633658
"6570","6570",1592,1592,1641,0.0307788944723618
"7564","7564",1592,1592,1641,0.0307788944723618
"6571","6571",2136,2154,2116,-0.00936329588014981
"6572","6572",894,937,957,0.0704697986577181
"6573","6573",3026,3039,3050,0.00793126239259749
"6574","6574",3267,3276,3265,-0.000612182430364249
"6575","6575",2527,2528,2528,0.000395726157499011
"6576","6576",2100,2344,2166,0.0314285714285714
"6577","6577",2013,2023,1683,-0.163934426229508
"6578","6578",1669,1669,1703,0.0203714799281007
"11530","11530",1669,1669,1703,0.0203714799281007
"6579","6579",3754,3708,3693,-0.0162493340436867
"6580","6580",5756,5400,5840,0.014593467685893
"6581","6581",2859,2905,2497,-0.126617698495978
"6582","6582",1462,1735,1735,0.186730506155951
"6583","6583",1397,1425,1425,0.0200429491768074
"6584","6584",3432,3440,3335,-0.0282634032634033
"6585","6585",4702,4720,4721,0.00404083368779243
"6586","6586",5799,5793,4863,-0.161407139161924
"6587","6587",2401,2418,2418,0.00708038317367763
"6588","6588",1440,1376,1373,-0.0465277777777778
"6590","6590",1802,1801,1801,-0.000554938956714761
"6591","6591",2424,2586,2424,0
"6592","6592",1493,1490,1560,0.0448760884125921
"6593","6593",1693,1743,1803,0.06497341996456
"6594","6594",2893,2881,2721,-0.0594538541306602
"6595","6595",1570,1570,1565,-0.00318471337579618
"6596","6596",2717,2717,2702,-0.0055207949944792
"6597","6597",6483,6484,6499,0.00246799321301866
"6598","6598",2447,2670,2450,0.00122599100939926
"6599","6599",4241,4294,4172,-0.0162697477010139
"6600","6600",1771,1771,1729,-0.0237154150197628
"6601","6601",3668,3668,3322,-0.0943293347873501
"6602","6602",3570,3662,3662,0.0257703081232493
"6603","6603",3246,3246,3254,0.00246457178065311
"6604","6604",2975,2959,2961,-0.00470588235294118
"6605","6605",8080,8080,8051,-0.00358910891089109
"6606","6606",948,946,946,-0.00210970464135021
"6607","6607",2900,2900,2887,-0.00448275862068965
"6608","6608",2517,2230,2182,-0.133094954310687
"6609","6609",2654,2654,3425,0.290504898266767
"6610","6610",6831,6921,6851,0.00292782901478554
"6611","6611",3429,3430,3462,0.00962379702537183
"6612","6612",2569,2525,2523,-0.0179057999221487
"6613","6613",5083,5080,4987,-0.0188864843596301
"6614","6614",1837,1836,1836,-0.000544365813826892
"6615","6615",2394,2394,2399,0.00208855472013367
"6616","6616",4558,4561,4409,-0.0326897762176393
"6617","6617",3170,3165,3130,-0.0126182965299685
"6618","6618",1958,1894,1929,-0.0148110316649642
"6619","6619",2275,2136,2136,-0.0610989010989011
"6620","6620",6163,6195,6221,0.00941100113581048
"6621","6621",3352,3385,3390,0.0113365155131265
"6622","6622",1355,1578,1303,-0.0383763837638376
"14636","14636",1355,1578,1303,-0.0383763837638376
"6623","6623",2420,2389,2390,-0.012396694214876
"6624","6624",2386,2390,2418,0.0134115674769489
"6625","6625",2728,2772,2813,0.031158357771261
"6626","6626",2778,2779,2883,0.0377969762419006
"6627","6627",1404,1225,1225,-0.127492877492877
"8715","8715",1404,1225,1225,-0.127492877492877
"6628","6628",2172,2172,2239,0.0308471454880295
"6629","6629",3340,3341,3341,0.00029940119760479
"6630","6630",2026,2056,2066,0.0197433366238894
"6631","6631",2330,2302,2330,0
"6632","6632",4516,4311,4199,-0.0701948627103632
"6633","6633",3665,3666,3512,-0.0417462482946794
"6634","6634",2472,2476,2059,-0.167071197411003
"11650","11650",2472,2476,2059,-0.167071197411003
"6635","6635",2620,2675,2585,-0.0133587786259542
"6636","6636",1777,1781,1808,0.0174451322453573
"6637","6637",2701,2760,2737,0.0133283968900407
"6638","6638",2113,2115,2196,0.0392806436346427
"19901","19901",2113,2115,2196,0.0392806436346427
"6639","6639",2036,2036,2033,-0.00147347740667976
"6641","6641",2945,2913,2858,-0.0295415959252971
"6642","6642",3025,2761,2831,-0.0641322314049587
"6643","6643",851,851,738,-0.132784958871915
"9639","9639",851,851,738,-0.132784958871915
"6644","6644",830,914,1186,0.428915662650602
"6645","6645",7083,7240,7131,0.00677678949597628
"6646","6646",3356,3380,3380,0.00715137067938021
"6647","6647",3241,3244,3814,0.176797284788645
"6648","6648",4583,4551,4535,-0.0104734889810168
"6649","6649",1297,1297,1309,0.00925212027756361
"6650","6650",4149,4149,4149,0
"6651","6651",1199,1199,892,-0.25604670558799
"6652","6652",2860,2832,2942,0.0286713286713287
"6653","6653",3664,3664,3666,0.000545851528384279
"6654","6654",1125,1125,1125,0
"16289","16289",1125,1125,1125,0
"6655","6655",1895,1895,1814,-0.0427440633245383
"6656","6656",1210,1210,958,-0.208264462809917
"6657","6657",3984,3984,3990,0.00150602409638554
"6658","6658",1845,1859,1855,0.00542005420054201
"6659","6659",2141,2036,1994,-0.0686595049042504
"6660","6660",1689,1689,1691,0.00118413262285376
"6661","6661",1810,1935,1929,0.0657458563535912
"6662","6662",4480,4477,4451,-0.00647321428571429
"6663","6663",1782,1797,1696,-0.0482603815937149
"6664","6664",4903,5050,5019,0.0236589842953294
"6665","6665",1904,1910,1912,0.00420168067226891
"6666","6666",1971,1945,2172,0.101978691019787
"6667","6667",5475,5369,5502,0.00493150684931507
"6668","6668",3760,3795,3775,0.00398936170212766
"6669","6669",3513,3495,3511,-0.000569313976658127
"6670","6670",4239,4264,4263,0.0056617126680821
"6671","6671",3881,3881,3960,0.02035557845916
"6672","6672",4946,4946,4793,-0.0309340881520421
"6673","6673",1401,1250,1250,-0.107780157030692
"6674","6674",1347,1347,1347,0
"6675","6675",1972,1685,1719,-0.128296146044625
"8128","8128",1972,1685,1719,-0.128296146044625
"6676","6676",2951,2843,2835,-0.0393087089122331
"6677","6677",3475,3477,3468,-0.00201438848920863
"6678","6678",2545,2545,2559,0.00550098231827112
"6679","6679",3223,3184,3184,-0.0121005274588892
"6680","6680",1509,1474,1518,0.00596421471172962
"6681","6681",2493,2492,2398,-0.0381066987565183
"6682","6682",6684,5878,6179,-0.0755535607420706
"6683","6683",1795,1795,1760,-0.0194986072423398
"6684","6684",1569,1559,1547,-0.0140216698534098
"6685","6685",1962,1962,2209,0.125891946992864
"6686","6686",4185,3804,3802,-0.0915173237753883
"6687","6687",2009,2010,2034,0.0124440019910403
"6688","6688",3509,3544,3501,-0.00227985180963237
"6689","6689",4515,4549,4485,-0.00664451827242525
"6690","6690",7401,7413,7531,0.0175651938927172
"6691","6691",5335,5334,5179,-0.029240862230553
"6692","6692",5626,5434,5628,0.000355492356914326
"6693","6693",1854,1803,1823,-0.0167206040992449
"6694","6694",4076,4076,4202,0.0309126594700687
"6695","6695",2778,2606,2775,-0.00107991360691145
"6696","6696",7329,7253,7418,0.0121435393641697
"6697","6697",2691,2727,2858,0.0620587142326273
"6698","6698",7368,7299,7023,-0.0468241042345277
"6700","6700",934,934,934,0
"6701","6701",3036,3036,3035,-0.000329380764163373
"6702","6702",1652,1652,1492,-0.0968523002421307
"6703","6703",1828,1828,1772,-0.0306345733041575
"6704","6704",4989,4991,4910,-0.0158348366406093
"6705","6705",797,797,797,0
"6706","6706",3424,3424,3380,-0.0128504672897196
"6707","6707",2754,2754,2755,0.000363108206245461
"6708","6708",3456,3308,3280,-0.0509259259259259
"12669","12669",3456,3308,3280,-0.0509259259259259
"6709","6709",1476,1476,1476,0
"6710","6710",4929,4914,5035,0.021505376344086
"6711","6711",1210,1199,1146,-0.0528925619834711
"6712","6712",2736,2954,3030,0.107456140350877
"6713","6713",4725,4732,4676,-0.0103703703703704
"6714","6714",1572,1570,1420,-0.0966921119592875
"6715","6715",1459,1462,1463,0.00274160383824537
"6716","6716",5741,5715,5508,-0.0405852638913081
"6717","6717",6647,6527,6478,-0.0254250037610952
"6718","6718",1801,1801,1801,0
"6719","6719",1761,1763,1747,-0.00795002839295855
"6720","6720",5261,5583,5364,0.0195780269910663
"6721","6721",1659,1659,1659,0
"6722","6722",1492,1345,1492,0
"6723","6723",3066,2992,3002,-0.0208741030658839
"6724","6724",2025,2026,2026,0.000493827160493827
"6725","6725",7696,7728,7806,0.0142931392931393
"6726","6726",6411,6166,6162,-0.0388394946186242
"6728","6728",2703,2700,2603,-0.0369959304476508
"6729","6729",3878,3878,3814,-0.0165033522434244
"6730","6730",2201,2196,2195,-0.00272603362108133
"6731","6731",1851,1852,1971,0.0648298217179903
"6732","6732",2631,2631,2631,0
"6733","6733",2561,2560,2560,-0.000390472471690746
"6734","6734",2661,2659,2659,-0.000751597143930853
"6735","6735",1762,1813,1759,-0.00170261066969353
"6736","6736",1536,1536,1568,0.0208333333333333
"6737","6737",1298,1297,1325,0.0208012326656394
"6738","6738",1594,1633,1632,0.0238393977415307
"6739","6739",2852,2853,2893,0.0143758765778401
"6740","6740",1919,1958,1948,0.0151120375195414
"6741","6741",3707,3701,3594,-0.0304828702454815
"6742","6742",2700,2700,2700,0
"6743","6743",2140,2140,2324,0.085981308411215
"6744","6744",2117,2118,2120,0.00141709966934341
"8167","8167",2117,2118,2120,0.00141709966934341
"13089","13089",2117,2118,2120,0.00141709966934341
"6745","6745",2885,2885,2885,0
"6746","6746",5123,5037,5192,0.0134686707007613
"6747","6747",2972,2997,3005,0.0111036339165545
"6748","6748",3961,3962,3858,-0.0260035344609947
"6749","6749",2101,2154,2152,0.0242741551642075
"6750","6750",1558,1617,1589,0.0198973042362003
"6751","6751",1945,1963,1983,0.0195372750642674
"6752","6752",3717,3713,3652,-0.0174872208770514
"6753","6753",2445,2445,2568,0.0503067484662577
"6754","6754",7170,7125,6999,-0.0238493723849372
"6755","6755",4830,5014,4657,-0.0358178053830228
"6756","6756",4544,5027,5027,0.106294014084507
"6757","6757",1590,1576,1590,0
"6758","6758",2237,2220,2605,0.164506034868127
"6760","6760",3049,3056,3088,0.012791079042309
"6762","6762",1653,1653,1549,-0.0629159104658197
"6763","6763",1869,1869,1855,-0.00749063670411985
"6764","6764",2292,2565,2060,-0.101221640488656
"6765","6765",520,520,520,0
"6766","6766",1229,1137,1482,0.205858421480879
"6767","6767",3264,2940,2677,-0.17984068627451
"6768","6768",3037,3037,3025,-0.00395126769838657
"6769","6769",7699,7572,7561,-0.0179244057669827
"6770","6770",2728,2723,2763,0.0128299120234604
"6771","6771",4464,4464,4464,0
"6772","6772",3472,3436,3566,0.027073732718894
"6773","6773",2196,2261,2352,0.0710382513661202
"6774","6774",3813,3827,3571,-0.0634670862837661
"6775","6775",2782,2782,2781,-0.000359453630481668
"6776","6776",1590,1590,1590,0
"6777","6777",2356,2365,2361,0.00212224108658744
"6778","6778",1136,1136,1137,0.000880281690140845
"6779","6779",4064,4064,4017,-0.0115649606299213
"6780","6780",2410,2158,2498,0.0365145228215768
"6781","6781",2671,2671,3100,0.16061400224635
"6782","6782",1781,1780,1573,-0.116788321167883
"9035","9035",1781,1780,1573,-0.116788321167883
"6783","6783",1363,1363,1721,0.262655906089508
"6784","6784",1380,1420,1506,0.091304347826087
"8324","8324",1380,1420,1506,0.091304347826087
"6785","6785",4193,4169,4142,-0.0121631290245648
"6786","6786",1434,1434,1434,0
"6787","6787",961,961,960,-0.00104058272632674
"6788","6788",3582,3653,3754,0.0480178671133445
"6789","6789",4048,4036,4112,0.0158102766798419
"6790","6790",3765,3757,3730,-0.00929614873837981
"6791","6791",3147,3163,3106,-0.0130282809024468
"6792","6792",1981,2036,2036,0.02776375567895
"6793","6793",5939,5868,5562,-0.063478700117865
"6794","6794",4529,4529,4383,-0.0322366968425701
"6795","6795",2508,2503,2515,0.00279106858054226
"6796","6796",4809,4890,4744,-0.0135163235599917
"6797","6797",5130,5129,5207,0.015009746588694
"6798","6798",3144,3143,3166,0.00699745547073791
"6799","6799",1209,1252,1252,0.0355665839536807
"6800","6800",3742,3742,3722,-0.00534473543559594
"6801","6801",4797,4667,4679,-0.0245987075255368
"6802","6802",2798,2798,2794,-0.00142959256611866
"6803","6803",1447,1348,1393,-0.0373185901865929
"6804","6804",1907,1902,1900,-0.00367068694284216
"6805","6805",2525,2456,2471,-0.0213861386138614
"6806","6806",7621,7586,7578,-0.00564230415955911
"6807","6807",3296,3299,3462,0.0503640776699029
"6808","6808",2496,2519,2838,0.137019230769231
"6809","6809",2206,2206,2206,0
"6810","6810",7784,7784,7722,-0.00796505652620761
"6811","6811",2690,2583,2583,-0.0397769516728625
"6812","6812",2675,2686,2658,-0.00635514018691589
"11657","11657",2675,2686,2658,-0.00635514018691589
"6813","6813",1129,1129,1129,0
"6814","6814",3744,3741,3367,-0.100694444444444
"6815","6815",3226,3226,3239,0.00402975821450713
"6816","6816",1842,1770,1537,-0.165580890336591
"6817","6817",3545,3533,3464,-0.0228490832157969
"6818","6818",1672,1679,1679,0.0041866028708134
"6819","6819",2547,2553,2553,0.00235571260306243
"6820","6820",3048,3050,2859,-0.062007874015748
"6821","6821",2877,2877,2401,-0.165450121654501
"6822","6822",4332,4332,3878,-0.104801477377655
"6823","6823",2244,2273,2240,-0.0017825311942959
"6824","6824",1376,1376,1308,-0.0494186046511628
"6825","6825",3783,3771,3771,-0.00317208564631245
"6826","6826",3245,3260,3526,0.0865947611710324
"6827","6827",2041,2167,2068,0.0132288094071534
"6828","6828",2431,2577,2257,-0.0715754833401892
"6829","6829",1906,1919,1909,0.00157397691500525
"6830","6830",1072,1115,1081,0.0083955223880597
"6831","6831",2401,2405,2396,-0.00208246563931695
"6832","6832",1235,1379,1384,0.120647773279352
"8429","8429",1235,1379,1384,0.120647773279352
"6833","6833",2248,2248,2240,-0.00355871886120996
"6834","6834",2500,2499,2399,-0.0404
"6835","6835",2426,2426,2434,0.00329760923330585
"6836","6836",1568,1542,1919,0.223852040816327
"6837","6837",3819,3817,3815,-0.00104739460591778
"6838","6838",2999,3137,2877,-0.0406802267422474
"6839","6839",2388,2387,2364,-0.0100502512562814
"6840","6840",6100,6100,6302,0.0331147540983607
"6841","6841",2958,2958,2957,-0.000338066260987153
"6842","6842",2374,2300,2131,-0.102358887952822
"6843","6843",3275,3275,3256,-0.00580152671755725
"6844","6844",2652,2652,2495,-0.0592006033182504
"6845","6845",2540,2448,2316,-0.0881889763779528
"6846","6846",2040,2040,2140,0.0490196078431373
"6847","6847",6247,6161,6044,-0.0324955978869857
"6849","6849",4006,4004,3722,-0.0708936595107339
"6850","6850",2293,2293,2137,-0.0680331443523768
"6851","6851",3143,3324,3095,-0.015272033089405
"6852","6852",3732,3820,4458,0.194533762057878
"6853","6853",9109,8990,8993,-0.0127346580305193
"6854","6854",5526,5458,5145,-0.0689467969598263
"6855","6855",2154,2142,2148,-0.00278551532033426
"6856","6856",1479,1468,1382,-0.0655848546315078
"6857","6857",2077,2077,2078,0.000481463649494463
"6858","6858",3179,2907,2906,-0.0858760616546084
"6859","6859",2126,2416,2126,0
"6860","6860",1577,1579,1579,0.00126823081800888
"6861","6861",8097,8100,7929,-0.0207484253427195
"6862","6862",5385,5386,5447,0.0115134633240483
"6863","6863",1104,1104,1061,-0.0389492753623188
"12853","12853",1104,1104,1061,-0.0389492753623188
"6864","6864",4579,4558,4556,-0.00502293077091068
"6865","6865",1249,1756,1067,-0.145716573258607
"6866","6866",3313,3313,3313,0
"6867","6867",3985,4004,3896,-0.0223337515683814
"6868","6868",2024,2024,2352,0.162055335968379
"6869","6869",3567,3582,3449,-0.0330810204653771
"6870","6870",2797,2797,2963,0.0593493028244548
"6871","6871",4474,4468,4461,-0.00290567724631203
"6872","6872",4416,4419,4659,0.0550271739130435
"6873","6873",1566,1566,1566,0
"6874","6874",2077,2077,2022,-0.0264805007221955
"6875","6875",3767,3786,3856,0.0236262277674542
"6876","6876",2140,2134,2101,-0.0182242990654206
"6877","6877",1584,1584,1673,0.0561868686868687
"6878","6878",2223,2223,2223,0
"6879","6879",3172,3173,3167,-0.00157629255989912
"6880","6880",4599,4597,4580,-0.00413133289845619
"6881","6881",2745,2647,2646,-0.0360655737704918
"6882","6882",1377,1372,1337,-0.0290486564996369
"6884","6884",991,990,1075,0.0847628657921292
"6885","6885",978,984,984,0.00613496932515337
"6886","6886",2317,2310,2311,-0.00258955545964609
"6887","6887",1012,1012,1012,0
"6888","6888",3298,3211,3061,-0.0718617343844754
"6889","6889",5440,5064,5007,-0.0795955882352941
"6890","6890",3323,3362,3463,0.0421306048751129
"6892","6892",1506,1633,1421,-0.0564409030544489
"6893","6893",2809,2935,2733,-0.0270558917764329
"6894","6894",1297,1292,1292,-0.0038550501156515
"6895","6895",5297,5262,5183,-0.0215216160090617
"6896","6896",2100,2100,2164,0.0304761904761905
"6897","6897",927,927,972,0.0485436893203883
"6898","6898",1776,1821,2123,0.195382882882883
"6899","6899",3089,3085,2983,-0.0343153123988346
"8004","8004",3089,3085,2983,-0.0343153123988346
"6900","6900",2413,2412,2413,0
"6901","6901",3508,3576,3576,0.0193842645381984
"6902","6902",3034,3035,2886,-0.0487804878048781
"6903","6903",4226,4215,4403,0.0418835778513961
"6904","6904",4396,4067,4031,-0.0830300272975432
"6905","6905",2024,2004,2075,0.025197628458498
"15807","15807",2024,2004,2075,0.025197628458498
"6906","6906",2516,2605,2559,0.0170906200317965
"6907","6907",839,839,786,-0.0631704410011919
"6908","6908",3338,3393,3387,0.0146794487717196
"6909","6909",1651,1651,2067,0.251968503937008
"6910","6910",4089,4089,4085,-0.000978234287111763
"6911","6911",3346,3347,3346,0
"6912","6912",2483,2483,2642,0.0640354409987918
"6913","6913",2106,2106,2111,0.00237416904083571
"6914","6914",2881,2918,2898,0.00590072891357168
"6915","6915",7342,6651,6555,-0.107191500953419
"6916","6916",3873,3883,4100,0.0586108959462949
"6917","6917",2813,2836,3029,0.0767863490934945
"6918","6918",2058,2057,2058,0
"6919","6919",5146,5103,5118,-0.00544111931597357
"6920","6920",2816,2944,2753,-0.0223721590909091
"6921","6921",4209,4204,4204,-0.00118793062485151
"6922","6922",3188,3275,3172,-0.00501882057716437
"6923","6923",6916,6738,6636,-0.0404858299595142
"6924","6924",3422,3543,3543,0.0353594389246055
"6925","6925",3241,3240,3218,-0.00709657513113237
"6926","6926",3471,3468,3388,-0.0239124171708441
"6927","6927",1684,1686,1686,0.00118764845605701
"6928","6928",1995,1995,1995,0
"6929","6929",1294,1297,1375,0.062596599690881
"6930","6930",3611,3915,3765,0.0426474660758793
"6931","6931",1948,1948,1948,0
"6932","6932",10832,10915,10559,-0.0252031019202363
"6933","6933",7740,7800,7367,-0.0481912144702842
"6934","6934",2955,2955,2909,-0.0155668358714044
"6935","6935",1473,2152,2005,0.361167684996606
"6937","6937",7143,7067,7073,-0.00979980400391992
"6938","6938",3178,3149,3149,-0.00912523599748269
"6939","6939",2541,2474,2465,-0.029909484454939
"17300","17300",2541,2474,2465,-0.029909484454939
"6940","6940",3142,3239,3253,0.0353278166772756
"6941","6941",1441,1369,1362,-0.054823039555864
"6942","6942",1274,1276,1278,0.00313971742543171
"6943","6943",4386,4395,3914,-0.107615139078887
"6944","6944",1683,1699,1669,-0.0083184789067142
"6945","6945",2318,2320,2233,-0.0366695427092321
"6946","6946",6427,6779,6448,0.00326746538042633
"6947","6947",3716,3837,3970,0.0683530678148547
"6948","6948",1853,1853,1853,0
"13076","13076",1853,1853,1853,0
"6949","6949",2205,2205,2202,-0.00136054421768707
"9073","9073",2205,2205,2202,-0.00136054421768707
"6950","6950",1275,1315,1401,0.0988235294117647
"7138","7138",1275,1315,1401,0.0988235294117647
"6951","6951",1301,1462,1462,0.123750960799385
"6952","6952",2879,2879,2849,-0.0104202848211184
"6953","6953",2294,2244,2216,-0.034001743679163
"6954","6954",4144,4094,3955,-0.0456081081081081
"6955","6955",5075,5079,5224,0.0293596059113301
"6956","6956",7298,7058,7796,0.0682378733899699
"6958","6958",3224,3246,3069,-0.0480769230769231
"6959","6959",4958,4927,4943,-0.00302541347317467
"6960","6960",4367,4365,4355,-0.00274788184108083
"6961","6961",5404,5908,5832,0.07920059215396
"6962","6962",1915,1915,1632,-0.147780678851175
"6963","6963",1630,1629,1629,-0.000613496932515337
"6964","6964",1493,1509,1493,0
"6965","6965",2266,2266,2265,-0.000441306266548985
"6966","6966",1297,1297,1426,0.0994602929838088
"6967","6967",1329,1329,1329,0
"6968","6968",5204,5211,4923,-0.0539969254419677
"6969","6969",7817,7813,7812,-0.000639631572214405
"6970","6970",7048,7048,7054,0.000851305334846765
"6971","6971",3834,3832,3608,-0.0589462702138758
"6972","6972",2491,2212,2163,-0.131674026495383
"6973","6973",1718,1717,1718,0
"6974","6974",2564,2826,2794,0.0897035881435257
"6975","6975",2704,2704,2704,0
"6976","6976",5615,5537,5626,0.00195903829029386
"6977","6977",4475,4469,4469,-0.00134078212290503
"6978","6978",3836,3142,3114,-0.188216892596455
"6980","6980",3639,3637,3835,0.0538609508106623
"6981","6981",3163,3259,3254,0.0287701549162188
"6983","6983",2626,2553,2549,-0.0293221629855293
"6984","6984",2724,2722,2724,0
"6985","6985",1663,1712,1710,0.0282621767889357
"6986","6986",3248,3247,3210,-0.0116995073891626
"6987","6987",4163,4163,4215,0.0124909920730243
"6988","6988",919,919,1041,0.132752992383025
"6989","6989",7011,6937,7023,0.00171159606332905
"6990","6990",1362,1567,1576,0.15712187958884
"19465","19465",1362,1567,1576,0.15712187958884
"6991","6991",4297,4266,4266,-0.00721433558296486
"6992","6992",5095,5095,5095,0
"6993","6993",1955,1955,1946,-0.00460358056265985
"6994","6994",3189,3178,3152,-0.0116023831922233
"6995","6995",2808,2809,2811,0.00106837606837607
"6996","6996",5369,5371,5432,0.0117340286831812
"6997","6997",3854,3746,3748,-0.0275038920601972
"6998","6998",1422,1181,1535,0.079465541490858
"6999","6999",1463,1463,1638,0.119617224880383
"7000","7000",4703,4701,5099,0.0842015734637465
"7001","7001",979,979,979,0
"7002","7002",4001,3958,4116,0.0287428142964259
"7003","7003",2866,2863,2890,0.00837404047452896
"7004","7004",3203,3072,3137,-0.0206056821729628
"12030","12030",3203,3072,3137,-0.0206056821729628
"7005","7005",869,870,870,0.00115074798619102
"7006","7006",1239,1239,1130,-0.0879741727199354
"7007","7007",6637,5952,5952,-0.103209281301793
"7008","7008",2158,2179,2179,0.00973123262279889
"7009","7009",3866,3760,3761,-0.0271598551474392
"7010","7010",1299,1299,1257,-0.0323325635103926
"7011","7011",1630,1633,1633,0.00184049079754601
"7012","7012",756,756,756,0
"7013","7013",2658,2661,2662,0.00150489089541008
"7014","7014",1473,1474,1501,0.0190088255261371
"7015","7015",4450,4343,4353,-0.0217977528089888
"7016","7016",7133,6839,6970,-0.0228515351184635
"7017","7017",5156,5158,4992,-0.0318076027928627
"7018","7018",1311,1282,1272,-0.0297482837528604
"7019","7019",4818,4427,4430,-0.0805313408053134
"7020","7020",1732,1732,1734,0.00115473441108545
"7021","7021",1135,1135,1135,0
"7022","7022",4731,4731,4736,0.0010568590150074
"7023","7023",973,658,658,-0.323741007194245
"7024","7024",5816,5633,5684,-0.0226960110041265
"7025","7025",3603,3607,3339,-0.0732722731057452
"7027","7027",4408,4425,4357,-0.0115698729582577
"7029","7029",10420,10418,10301,-0.0114203454894434
"7030","7030",929,929,773,-0.167922497308934
"7031","7031",1373,1373,1373,0
"9448","9448",1373,1373,1373,0
"7032","7032",6305,6201,6645,0.0539254559873117
"7033","7033",2127,2128,2046,-0.0380818053596615
"7034","7034",1566,1566,1566,0
"7035","7035",2493,2434,2436,-0.022864019253911
"7036","7036",816,816,816,0
"7037","7037",3956,3948,3820,-0.0343781597573306
"14499","14499",3956,3948,3820,-0.0343781597573306
"7038","7038",2631,2631,2622,-0.00342075256556442
"7039","7039",3186,3131,3095,-0.0285624607658506
"7040","7040",1590,1436,1371,-0.137735849056604
"7041","7041",9277,9365,9262,-0.00161690201573785
"7042","7042",9436,8348,9189,-0.0261763459092836
"7043","7043",3095,3007,2963,-0.0426494345718901
"7044","7044",4702,4411,4213,-0.103998298596342
"7045","7045",524,524,524,0
"7046","7046",3821,4045,3773,-0.0125621565035331
"7047","7047",2097,2097,2223,0.0600858369098712
"7048","7048",1392,1346,1330,-0.0445402298850575
"7049","7049",2142,2139,2141,-0.000466853408029879
"7050","7050",1626,1702,1599,-0.0166051660516605
"7051","7051",1353,1352,1387,0.0251293422025129
"7052","7052",2291,2281,2575,0.123963334788302
"7053","7053",718,718,675,-0.0598885793871866
"7054","7054",1530,1530,1524,-0.00392156862745098
"7055","7055",3809,3909,3844,0.00918876345497506
"7056","7056",1673,1672,1690,0.0101613867304244
"7057","7057",1091,1091,1091,0
"7058","7058",4440,4440,4625,0.0416666666666667
"7059","7059",1415,1415,1390,-0.0176678445229682
"7060","7060",2308,2367,2289,-0.00823223570190641
"7061","7061",3237,3504,3657,0.129749768303985
"7062","7062",1554,1554,1695,0.0907335907335907
"7063","7063",2521,2522,2655,0.0531535105117017
"7064","7064",1784,1784,1797,0.00728699551569507
"12909","12909",1784,1784,1797,0.00728699551569507
"7065","7065",1442,1441,1441,-0.000693481276005548
"7066","7066",3656,3698,3394,-0.0716630196936543
"7067","7067",1635,1635,1635,0
"7068","7068",2576,2576,2576,0
"7069","7069",7195,7362,7386,0.026546212647672
"7070","7070",4451,4454,4353,-0.022017524151876
"7071","7071",4027,4027,4027,0
"7072","7072",1575,1575,1575,0
"7633","7633",1575,1575,1575,0
"10278","10278",1575,1575,1575,0
"7073","7073",3000,2998,3001,0.000333333333333333
"7074","7074",6143,6106,6396,0.041185088718867
"7075","7075",8518,8695,8754,0.0277060342803475
"7076","7076",3089,3055,3195,0.0343153123988346
"7077","7077",1517,1518,1481,-0.023731048121292
"7078","7078",7792,6809,6813,-0.125641683778234
"7079","7079",1671,1674,1243,-0.256134051466188
"7080","7080",1437,1437,1425,-0.00835073068893528
"7081","7081",6498,6496,6533,0.00538627269929209
"7082","7082",8063,8403,8283,0.0272851296043656
"7084","7084",1379,1422,1422,0.0311820159535896
"7086","7086",2511,2511,2511,0
"7087","7087",3157,3158,3158,0.00031675641431739
"7088","7088",4632,4643,4582,-0.0107944732297064
"7089","7089",8449,8607,8662,0.0252100840336134
"7090","7090",3426,3426,3302,-0.0361938120256859
"7091","7091",3847,3850,3649,-0.051468676891084
"7092","7092",3179,3210,3293,0.0358603334381881
"7093","7093",4371,4396,4411,0.00915122397620682
"7094","7094",3521,3521,3136,-0.10934393638171
"7095","7095",7717,6835,6837,-0.114033951017235
"7096","7096",2794,2793,2787,-0.00250536864710093
"7097","7097",3711,3713,3655,-0.0150902721638372
"7098","7098",1530,1529,1380,-0.0980392156862745
"7099","7099",3568,3565,3671,0.0288677130044843
"14714","14714",3568,3565,3671,0.0288677130044843
"7100","7100",2721,2689,2692,-0.0106578463800074
"7101","7101",10568,10461,10496,-0.00681302043906132
"7102","7102",2892,2893,2893,0.000345781466113416
"7103","7103",1399,1392,1337,-0.0443173695496783
"7104","7104",2473,2473,2263,-0.0849171047310958
"7105","7105",2856,2843,2883,0.00945378151260504
"7106","7106",2328,2343,2072,-0.109965635738832
"7107","7107",4191,4191,4185,-0.00143163922691482
"7108","7108",9047,8981,8983,-0.00707416823256328
"7109","7109",4438,4369,4008,-0.0968904912122578
"7111","7111",2764,2700,2729,-0.0126628075253256
"7112","7112",3991,3992,3881,-0.0275620145326986
"7113","7113",1577,1577,1577,0
"7114","7114",4126,4223,4237,0.0269025690741638
"7115","7115",1803,1795,1752,-0.0282861896838602
"7116","7116",2867,2869,2870,0.00104638995465644
"7117","7117",4316,4381,4401,0.0196941612604263
"7118","7118",2276,2323,2302,0.0114235500878735
"7119","7119",567,572,612,0.0793650793650794
"7120","7120",8213,8036,8500,0.0349446000243516
"7121","7121",5682,5681,5657,-0.00439985920450546
"7122","7122",3811,3810,3642,-0.0443453161899764
"7123","7123",2259,2219,2125,-0.0593182824258521
"7124","7124",10487,10653,10305,-0.0173548202536474
"7125","7125",1851,1851,1851,0
"7126","7126",1680,1680,1040,-0.380952380952381
"7127","7127",3569,3572,3578,0.00252171476604091
"15002","15002",3569,3572,3578,0.00252171476604091
"7128","7128",5382,5384,5275,-0.0198810850984764
"7129","7129",1928,1928,1927,-0.000518672199170124
"7130","7130",1924,1924,1925,0.00051975051975052
"7131","7131",4161,4250,4190,0.00696947849074742
"7132","7132",2176,2176,2168,-0.00367647058823529
"7133","7133",2253,2206,2245,-0.00355082112738571
"7134","7134",2227,2227,2182,-0.0202065559048047
"7135","7135",2273,2323,2323,0.021997360316762
"7136","7136",1694,1659,1659,-0.0206611570247934
"7139","7139",2588,2588,2506,-0.0316846986089645
"7140","7140",4052,4310,3518,-0.131786771964462
"7141","7141",2620,2617,2700,0.0305343511450382
"7142","7142",3964,3826,3826,-0.0348133198789102
"7143","7143",5406,5012,4580,-0.152793192748798
"12649","12649",5406,5012,4580,-0.152793192748798
"7144","7144",5294,5298,5352,0.0109557990177559
"7145","7145",2522,2557,2491,-0.0122918318794607
"7146","7146",1813,1813,1709,-0.0573634859349145
"7147","7147",3350,3350,3363,0.00388059701492537
"7148","7148",1288,1288,1285,-0.00232919254658385
"7149","7149",3454,3454,3711,0.0744064852345107
"7150","7150",6170,6169,6345,0.0283630470016207
"7151","7151",2524,2524,2257,-0.105784469096672
"7152","7152",4200,4204,4919,0.171190476190476
"7153","7153",1768,1784,1708,-0.0339366515837104
"7154","7154",7281,7137,7117,-0.0225243785194341
"7155","7155",2333,2333,2333,0
"7157","7157",2245,2245,2110,-0.0601336302895323
"7158","7158",2308,2308,2308,0
"7159","7159",7226,7391,7075,-0.0208967616938832
"7160","7160",1993,2318,1975,-0.00903161063723031
"7161","7161",4587,4593,4785,0.0431654676258993
"7162","7162",1926,1926,1993,0.0347871235721703
"7163","7163",4615,4535,4498,-0.0253521126760563
"7164","7164",1378,1467,1467,0.0645863570391872
"7165","7165",5230,5314,5252,0.00420650095602294
"7166","7166",2534,2423,2400,-0.0528808208366219
"19520","19520",2534,2423,2400,-0.0528808208366219
"7167","7167",2413,2413,2411,-0.000828843762950684
"7168","7168",9569,9445,9538,-0.00323962796530463
"7169","7169",6282,6379,6284,0.000318369945877109
"7170","7170",1659,1659,1638,-0.0126582278481013
"7171","7171",2906,2906,2869,-0.0127322780454233
"7172","7172",1769,1714,1806,0.0209157716223855
"7173","7173",1702,1667,1667,-0.0205640423031727
"7175","7175",4337,3393,3392,-0.217892552455614
"11875","11875",4337,3393,3392,-0.217892552455614
"7176","7176",7228,7105,7106,-0.0168788046485888
"7177","7177",2610,2835,2579,-0.0118773946360153
"7178","7178",5355,5393,5253,-0.019047619047619
"7179","7179",2427,2426,2383,-0.0181293778327153
"7180","7180",2257,2246,2273,0.00708905626938414
"7181","7181",1957,1636,1645,-0.159427695452223
"7182","7182",1931,1923,1923,-0.00414293112377007
"7183","7183",4377,4485,4451,0.0169065570025131
"7184","7184",3023,3023,3116,0.0307641415812107
"7185","7185",1488,1286,1286,-0.135752688172043
"7186","7186",6729,6466,6662,-0.00995690295734879
"7187","7187",2616,2616,2480,-0.0519877675840979
"7188","7188",2404,2298,2255,-0.0619800332778702
"7189","7189",1730,1730,1689,-0.0236994219653179
"7190","7190",2245,2246,2134,-0.0494432071269488
"7191","7191",5428,5444,5449,0.00386882829771555
"7193","7193",4519,4516,4720,0.0444788670059748
"7194","7194",5132,5167,5222,0.0175370226032736
"7195","7195",1636,1636,1636,0
"7196","7196",1283,1283,1205,-0.0607950116913484
"16328","16328",1283,1283,1205,-0.0607950116913484
"7197","7197",2121,1889,2078,-0.0202734559170203
"7198","7198",918,916,1075,0.171023965141612
"11015","11015",918,916,1075,0.171023965141612
"16765","16765",918,916,1075,0.171023965141612
"18068","18068",918,916,1075,0.171023965141612
"7199","7199",1126,1117,1065,-0.0541740674955595
"7200","7200",1812,1812,1756,-0.0309050772626932
"7201","7201",1851,1851,1615,-0.127498649378714
"7202","7202",1814,1866,1614,-0.110253583241455
"7203","7203",692,692,686,-0.00867052023121387
"7204","7204",4820,4822,4821,0.00020746887966805
"7205","7205",1229,1229,1164,-0.0528885272579333
"7206","7206",1011,1011,951,-0.0593471810089021
"7207","7207",4823,4753,4695,-0.0265394982376114
"7208","7208",8158,8111,8180,0.00269673939691101
"7209","7209",940,943,943,0.00319148936170213
"7210","7210",1413,1413,1349,-0.0452937013446568
"7211","7211",5888,5920,5917,0.00492527173913043
"7212","7212",2765,2704,2765,0
"7213","7213",4326,4518,4394,0.0157189089227924
"7215","7215",3182,3046,3141,-0.0128849780012571
"7216","7216",9645,9770,9577,-0.00705028512182478
"7217","7217",2852,2694,2783,-0.0241935483870968
"7218","7218",2244,2305,2304,0.0267379679144385
"7219","7219",1974,1965,2243,0.136271529888551
"7220","7220",1747,1747,1754,0.00400686891814539
"7221","7221",1954,1954,1954,0
"19538","19538",1954,1954,1954,0
"7222","7222",2341,2343,2349,0.00341734301580521
"7223","7223",1212,1215,1217,0.00412541254125413
"7224","7224",5202,5202,4744,-0.0880430603613995
"7225","7225",1226,1226,1222,-0.0032626427406199
"7226","7226",2700,2701,2701,0.00037037037037037
"7227","7227",4809,4807,4821,0.00249532127261385
"7228","7228",2185,2194,2218,0.0151029748283753
"7229","7229",2138,2138,2799,0.309167446211413
"7230","7230",6649,6053,6115,-0.0803128289968416
"7231","7231",2291,2285,3228,0.408991706678306
"7232","7232",1114,1115,1115,0.000897666068222621
"7233","7233",1497,1497,1497,0
"7234","7234",2459,2183,2184,-0.111834078893859
"7235","7235",2534,2560,2526,-0.00315706393054459
"7236","7236",1936,1936,1936,0
"7237","7237",4295,4284,4030,-0.0616996507566938
"7238","7238",2639,2680,2535,-0.0394088669950739
"7239","7239",2145,2145,2016,-0.0601398601398601
"7240","7240",3282,3282,3336,0.0164533820840951
"7241","7241",1917,1917,1919,0.00104329681794471
"7242","7242",3555,3552,3430,-0.0351617440225035
"7243","7243",2036,2036,1935,-0.0496070726915521
"7244","7244",2630,2630,2721,0.0346007604562738
"7245","7245",4629,4789,4769,0.0302441131993951
"7246","7246",3680,3683,3683,0.000815217391304348
"7247","7247",1453,1473,1464,0.0075705437026841
"7248","7248",6331,6836,6360,0.00458063497077871
"7249","7249",1730,1729,1679,-0.0294797687861272
"7250","7250",1567,1567,1514,-0.0338225909380983
"7251","7251",1427,1427,1427,0
"7252","7252",2163,2176,2208,0.0208044382801664
"7253","7253",1859,1855,1714,-0.0779989241527703
"7254","7254",2216,2216,2240,0.0108303249097473
"7255","7255",1714,1217,676,-0.605600933488915
"7256","7256",1378,1385,1434,0.0406386066763425
"7257","7257",3030,3014,2771,-0.0854785478547855
"7258","7258",1988,1987,1960,-0.0140845070422535
"7259","7259",1486,1394,1285,-0.135262449528937
"7260","7260",3477,3481,3086,-0.112453264308312
"7261","7261",4392,4404,4249,-0.0325591985428051
"7262","7262",4023,4038,4112,0.0221227939348745
"7263","7263",2603,2523,2523,-0.0307337687283903
"7264","7264",2324,2324,2318,-0.00258175559380379
"17114","17114",2324,2324,2318,-0.00258175559380379
"7265","7265",1714,1707,1706,-0.00466744457409568
"7266","7266",1563,1564,1599,0.0230326295585413
"7267","7267",2155,2169,1713,-0.205104408352668
"7268","7268",1115,1127,1127,0.010762331838565
"15293","15293",1115,1127,1127,0.010762331838565
"7269","7269",3985,3982,4128,0.0358845671267252
"7270","7270",3304,3461,3306,0.000605326876513317
"7271","7271",4984,4624,4623,-0.0724317817014446
"7272","7272",3580,3584,3584,0.00111731843575419
"7273","7273",1394,1398,1468,0.0530846484935438
"7274","7274",3222,3164,3230,0.00248292985723153
"7275","7275",2390,2256,2054,-0.140585774058577
"7276","7276",2671,2669,2669,-0.00074878322725571
"7277","7277",1627,1627,1627,0
"15090","15090",1627,1627,1627,0
"7278","7278",903,903,913,0.0110741971207087
"7279","7279",3029,3119,3107,0.0257510729613734
"7280","7280",1660,1658,1712,0.0313253012048193
"7281","7281",4830,5181,5298,0.0968944099378882
"7282","7282",3801,3794,3795,-0.0015785319652723
"7283","7283",1477,1477,1317,-0.10832769126608
"7284","7284",3607,3718,3720,0.0313279733850846
"7285","7285",1668,1671,1646,-0.013189448441247
"7286","7286",1745,1745,1720,-0.0143266475644699
"7287","7287",2139,2134,2004,-0.0631136044880785
"7288","7288",4461,4003,4612,0.0338489127998207
"7289","7289",4644,4643,4645,0.000215331610680448
"7290","7290",3159,3161,3102,-0.0180436847103514
"7291","7291",2459,2459,2459,0
"7292","7292",3901,3869,3849,-0.0133299154063061
"7293","7293",2281,2206,2206,-0.0328803156510303
"7294","7294",3451,3573,3416,-0.0101419878296146
"7295","7295",2901,2921,2959,0.0199931058255774
"7296","7296",2289,2289,2312,0.0100480559196156
"7297","7297",4647,4797,4720,0.0157090596083495
"7298","7298",3004,3007,2942,-0.0206391478029294
"7299","7299",3263,3264,3264,0.000306466441924609
"7300","7300",2433,2554,2557,0.0509658857377723
"7301","7301",2841,2828,2830,-0.0038718760999648
"7302","7302",2757,2963,2701,-0.0203119332607907
"7303","7303",1786,1759,1760,-0.0145576707726764
"14063","14063",1786,1759,1760,-0.0145576707726764
"7304","7304",2530,2530,2830,0.118577075098814
"7305","7305",2368,2368,2366,-0.000844594594594595
"7306","7306",5125,5118,4966,-0.0310243902439024
"7307","7307",1942,1942,1945,0.00154479917610711
"7308","7308",1975,1973,2006,0.0156962025316456
"7309","7309",6137,6134,6023,-0.0185758513931889
"7310","7310",5631,5431,5184,-0.0793819925412893
"7311","7311",2378,2379,2406,0.0117746005046257
"7312","7312",1623,1623,1624,0.000616142945163278
"7313","7313",2964,2963,2974,0.00337381916329285
"7314","7314",4731,4683,4775,0.0093003593320651
"7315","7315",9036,9152,8998,-0.00420540061974325
"7316","7316",2624,2467,2640,0.00609756097560976
"7317","7317",3217,3397,3159,-0.018029219769972
"7318","7318",4382,4382,4382,0
"7319","7319",3222,3222,3284,0.0192427063935444
"7320","7320",2167,2198,2127,-0.0184586986617443
"7321","7321",1323,1353,1360,0.0279667422524565
"7322","7322",5528,5479,5020,-0.0918958031837916
"7323","7323",3268,3268,2720,-0.167686658506732
"7324","7324",6628,6593,6622,-0.000905250452625226
"7325","7325",4172,4172,4318,0.0349952061361457
"7326","7326",4582,4662,4660,0.0170231340026189
"7327","7327",1391,1394,1394,0.00215672178289001
"7328","7328",9842,9850,9771,-0.00721398089819142
"7329","7329",1617,1609,1609,-0.00494743351886209
"19616","19616",1617,1609,1609,-0.00494743351886209
"7330","7330",1656,1650,1731,0.0452898550724638
"7332","7332",2333,2346,2353,0.0085726532361766
"7333","7333",2151,2151,2264,0.0525337052533705
"7334","7334",1175,1172,1215,0.0340425531914894
"7335","7335",8485,8737,8483,-0.000235710076605775
"7336","7336",4084,4156,4052,-0.00783545543584721
"7337","7337",2286,2271,2272,-0.00612423447069116
"7338","7338",8076,7233,7232,-0.104507181773155
"7339","7339",4441,4416,4350,-0.0204908804323351
"7340","7340",6086,6118,6118,0.00525796910943148
"7341","7341",5029,5029,5041,0.0023861602704315
"7342","7342",3831,3802,3838,0.00182719916470895
"7343","7343",1999,1995,1979,-0.0100050025012506
"7344","7344",8838,8409,8793,-0.00509164969450102
"7345","7345",1598,1600,1598,0
"7346","7346",5031,5033,5042,0.00218644404690916
"7347","7347",1993,2476,2063,0.0351229302558956
"7348","7348",1564,1674,1637,0.0466751918158568
"7349","7349",4056,4056,4384,0.0808678500986193
"7350","7350",1929,1928,1702,-0.11767755313634
"7351","7351",4709,4681,4649,-0.0127415587173498
"7352","7352",3844,3844,3698,-0.0379812695109261
"7353","7353",2588,2588,2466,-0.0471406491499227
"7354","7354",2449,2456,2489,0.0163331972233565
"7355","7355",3131,3147,3151,0.00638773554774832
"7356","7356",3081,3083,3103,0.00714053878610841
"7357","7357",7142,7141,7136,-0.000840100812097452
"7358","7358",2812,2813,2811,-0.000355618776671408
"7359","7359",1558,1610,1594,0.0231065468549422
"7360","7360",1640,1640,1608,-0.0195121951219512
"7361","7361",1476,1476,1499,0.0155826558265583
"7362","7362",2530,2529,2546,0.00632411067193676
"7363","7363",4035,4035,3222,-0.201486988847584
"7364","7364",4690,4552,4546,-0.0307036247334755
"7365","7365",6588,6592,7046,0.0695203400121433
"7366","7366",1408,1408,1408,0
"7367","7367",1614,1556,1592,-0.0136307311028501
"7368","7368",2596,2439,2413,-0.0704930662557781
"7369","7369",3899,3905,3891,-0.00205180815593742
"7370","7370",1046,1028,944,-0.0975143403441683
"7371","7371",1217,1216,1217,0
"7372","7372",1624,1388,1333,-0.179187192118227
"7373","7373",2673,2673,2673,0
"7374","7374",3997,4039,4003,0.00150112584438329
"7376","7376",3033,3032,3082,0.0161556214968678
"7377","7377",2069,2069,2100,0.0149830836152731
"7378","7378",1438,1379,1379,-0.041029207232267
"7379","7379",3808,3830,3993,0.0485819327731092
"7380","7380",2707,2706,2697,-0.0036941263391208
"7381","7381",1487,1484,1489,0.00134498991257566
"14520","14520",1487,1484,1489,0.00134498991257566
"7382","7382",1116,1116,1232,0.103942652329749
"7383","7383",3945,3941,3945,0
"7384","7384",3274,3276,3204,-0.0213805742211362
"7385","7385",4170,4169,4258,0.0211031175059952
"7386","7386",2572,2572,2574,0.000777604976671851
"7387","7387",2200,2200,2117,-0.0377272727272727
"7388","7388",7693,7704,7447,-0.0319771220590147
"7389","7389",2248,2201,2143,-0.0467081850533808
"7390","7390",4264,4056,4024,-0.0562851782363977
"7391","7391",2638,2638,2512,-0.0477634571645186
"7393","7393",2821,2816,2824,0.0010634526763559
"7394","7394",4472,4327,4371,-0.0225849731663685
"7395","7395",2011,2055,2040,0.0144206862257583
"7396","7396",6118,6082,5758,-0.058842759071592
"7397","7397",1641,1642,1651,0.00609384521633151
"7398","7398",2522,2522,2557,0.013877874702617
"7399","7399",2722,2664,2664,-0.0213078618662748
"7400","7400",2606,2576,2615,0.0034535686876439
"7402","7402",3737,3798,3798,0.0163232539470163
"13446","13446",3737,3798,3798,0.0163232539470163
"7403","7403",4332,4332,4422,0.0207756232686981
"7404","7404",2120,2169,2130,0.00471698113207547
"7406","7406",859,892,1145,0.332945285215367
"7407","7407",2532,2532,2537,0.00197472353870458
"7408","7408",4698,4367,4681,-0.00361856108982546
"7409","7409",1976,1888,1850,-0.0637651821862348
"7410","7410",1042,1042,1262,0.211132437619962
"7411","7411",1497,1497,1496,-0.000668002672010688
"7412","7412",2690,2578,2577,-0.0420074349442379
"7413","7413",5398,5196,5190,-0.0385327899221934
"7414","7414",2584,2420,2298,-0.110681114551084
"7415","7415",8589,8589,8673,0.0097799511002445
"7416","7416",7326,7075,6597,-0.0995085995085995
"7417","7417",2131,2059,2046,-0.0398873768183951
"7418","7418",1138,952,1096,-0.0369068541300527
"7419","7419",2646,2596,2695,0.0185185185185185
"7420","7420",2111,2111,2105,-0.00284225485551871
"7421","7421",8926,8925,8835,-0.0101949361416088
"7423","7423",3223,3303,3297,0.0229599751784052
"7424","7424",1101,1102,1102,0.000908265213442325
"7425","7425",4476,4312,4315,-0.0359696157283289
"7426","7426",3267,3176,3176,-0.0278543005815733
"7427","7427",1404,1398,1362,-0.0299145299145299
"7428","7428",1644,1639,1602,-0.0255474452554745
"7429","7429",2496,2482,2492,-0.0016025641025641
"7430","7430",3272,3273,3269,-0.000916870415647922
"7431","7431",4846,4847,4874,0.00577796120511762
"7432","7432",1336,1336,1380,0.0329341317365269
"7433","7433",2434,2434,2468,0.0139687756778965
"7434","7434",3530,3530,3494,-0.0101983002832861
"7435","7435",2530,2372,2465,-0.0256916996047431
"7436","7436",5296,4867,5448,0.0287009063444109
"7437","7437",2993,2993,3119,0.0420982292014701
"7438","7438",3212,3317,3282,0.0217932752179328
"7439","7439",2856,2856,2706,-0.0525210084033613
"7440","7440",4584,4513,4424,-0.0349040139616056
"7441","7441",4680,4681,4680,0
"7442","7442",2060,2048,2181,0.0587378640776699
"7443","7443",3141,3141,3141,0
"7444","7444",1691,1691,1691,0
"7445","7445",2643,2643,2705,0.0234581914491109
"7446","7446",3029,3050,3192,0.0538131396500495
"7447","7447",1445,1445,1444,-0.000692041522491349
"7448","7448",2034,1916,1686,-0.171091445427729
"7449","7449",3140,2998,3321,0.0576433121019108
"7450","7450",3166,3166,2917,-0.0786481364497789
"7451","7451",2426,2495,2353,-0.0300906842539159
"7452","7452",2588,2588,2589,0.000386398763523957
"7453","7453",2998,2998,3195,0.0657104736490994
"7454","7454",3949,3961,3964,0.00379842998227399
"7455","7455",3595,3573,3624,0.00806675938803894
"7456","7456",3873,3870,3754,-0.0307255357603925
"7457","7457",1780,1785,1785,0.00280898876404494
"7458","7458",1761,1959,1639,-0.0692788188529245
"14374","14374",1761,1959,1639,-0.0692788188529245
"7459","7459",2042,2042,2113,0.034769833496572
"7460","7460",2013,2013,2013,0
"7461","7461",6466,6461,6475,0.00139189607175998
"7462","7462",4324,4324,4370,0.0106382978723404
"7463","7463",3910,4215,4056,0.0373401534526854
"7464","7464",2242,2242,2277,0.0156110615521855
"7465","7465",2823,2941,2802,-0.00743889479277365
"7466","7466",7054,6988,8228,0.166430394102637
"7467","7467",1590,1590,1590,0
"7468","7468",1804,1804,1779,-0.0138580931263858
"7469","7469",5105,5108,5684,0.113418217433888
"7470","7470",2893,2783,2731,-0.055997234704459
"12689","12689",2893,2783,2731,-0.055997234704459
"7471","7471",4748,4823,4795,0.0098989048020219
"7472","7472",2174,1961,2969,0.365685372585097
"7473","7473",4416,4285,4120,-0.0670289855072464
"7474","7474",1399,1883,1884,0.346676197283774
"7475","7475",1287,1335,1319,0.0248640248640249
"7476","7476",1998,2120,2019,0.0105105105105105
"7477","7477",1821,1820,1804,-0.00933552992861065
"12686","12686",1821,1820,1804,-0.00933552992861065
"7478","7478",2470,2470,2514,0.0178137651821862
"7479","7479",1257,1249,1302,0.035799522673031
"7480","7480",1954,1954,1954,0
"7481","7481",4701,4703,4675,-0.0055307381408211
"7482","7482",2210,2238,2247,0.0167420814479638
"7483","7483",3517,3517,3535,0.00511799829400057
"7484","7484",3973,3973,3975,0.000503397936068462
"14730","14730",3973,3973,3975,0.000503397936068462
"7485","7485",2232,2232,2235,0.00134408602150538
"7486","7486",2141,2128,2129,-0.00560485754320411
"7487","7487",3566,3570,3483,-0.0232753785754347
"7488","7488",2467,2471,2283,-0.0745845156059992
"7489","7489",2680,2671,2614,-0.0246268656716418
"7490","7490",3041,3017,2991,-0.0164419598816179
"7491","7491",1579,1581,1602,0.0145661811272958
"7492","7492",3871,3871,4322,0.116507362438646
"7493","7493",2760,2760,2757,-0.00108695652173913
"7494","7494",3215,3215,3414,0.0618973561430793
"7495","7495",1939,1948,1415,-0.270242392986075
"7496","7496",3758,3490,3754,-0.00106439595529537
"7497","7497",3544,3603,3604,0.0169300225733634
"7498","7498",6632,6640,6450,-0.0274427020506634
"7499","7499",2598,2600,2593,-0.00192455735180908
"7500","7500",2854,2850,3024,0.0595655220742817
"7501","7501",6374,6379,6368,-0.00094132412927518
"7502","7502",2192,2192,2065,-0.0579379562043796
"7503","7503",6850,6733,6659,-0.0278832116788321
"7504","7504",6146,6059,6275,0.0209892613081679
"7505","7505",4675,4675,4675,0
"7506","7506",4236,4432,4615,0.0894711992445704
"7507","7507",1928,1928,1928,0
"7508","7508",3218,3162,3162,-0.0174021131137352
"7509","7509",3608,3608,3369,-0.0662416851441242
"7510","7510",2040,2041,2045,0.00245098039215686
"7511","7511",1502,1865,1864,0.241011984021305
"7512","7512",832,815,815,-0.0204326923076923
"19836","19836",832,815,815,-0.0204326923076923
"7513","7513",2957,2957,2956,-0.000338180588434224
"7514","7514",3667,3667,4225,0.152167984728661
"7515","7515",2004,2005,2000,-0.00199600798403194
"7516","7516",2483,2487,2660,0.0712847362062022
"7517","7517",6840,6836,6941,0.014766081871345
"7518","7518",4239,4237,4243,0.000943618778013682
"7519","7519",2392,2392,2400,0.00334448160535117
"7520","7520",1697,1697,1697,0
"7521","7521",2231,2199,2199,-0.0143433437920215
"17774","17774",2231,2199,2199,-0.0143433437920215
"7522","7522",4660,4661,4613,-0.0100858369098712
"7523","7523",1632,1632,1564,-0.0416666666666667
"17212","17212",1632,1632,1564,-0.0416666666666667
"7524","7524",2710,2753,2644,-0.0243542435424354
"7525","7525",4466,4466,4436,-0.00671742051052396
"7526","7526",2490,2450,2487,-0.00120481927710843
"7527","7527",4626,4780,4849,0.0482057933419801
"7528","7528",1380,1380,1380,0
"7529","7529",4397,4415,4521,0.0282010461678417
"7530","7530",2470,2470,2470,0
"7531","7531",1992,1992,1560,-0.216867469879518
"7532","7532",3756,3769,3766,0.00266240681576145
"14453","14453",3756,3769,3766,0.00266240681576145
"7533","7533",1425,1423,1423,-0.00140350877192982
"7534","7534",1880,1881,1935,0.0292553191489362
"7535","7535",9074,8836,8835,-0.0263389905223716
"7536","7536",4606,4623,4624,0.00390794615718628
"7537","7537",2352,2349,2348,-0.00170068027210884
"7538","7538",3876,3876,3876,0
"7539","7539",4371,4207,4084,-0.0656600320292839
"7540","7540",2552,2552,2658,0.0415360501567398
"7541","7541",3995,3992,4047,0.0130162703379224
"7542","7542",3122,3121,3094,-0.00896860986547085
"7543","7543",2526,2526,2424,-0.0403800475059382
"7544","7544",4022,4022,3981,-0.0101939333664843
"7545","7545",1179,1179,1163,-0.0135708227311281
"7546","7546",5475,5434,5032,-0.0809132420091324
"7547","7547",1299,1289,1289,-0.00769822940723634
"7548","7548",2553,2553,2474,-0.0309439874657266
"7549","7549",1723,1650,1721,-0.00116076610562972
"7550","7550",3371,3124,3085,-0.0848412933847523
"7551","7551",2307,2307,2296,-0.00476809709579541
"7552","7552",2746,2831,2899,0.0557174071376548
"7553","7553",2617,2618,2593,-0.00917080626671762
"7554","7554",3889,3819,3754,-0.0347132939058884
"7555","7555",2712,2712,2614,-0.0361356932153392
"7556","7556",916,928,1002,0.0938864628820961
"7557","7557",2573,2573,2566,-0.00272055965798679
"7558","7558",3647,3663,3662,0.00411296956402523
"7560","7560",9360,9345,9223,-0.0146367521367521
"7561","7561",4472,4341,4309,-0.0364490161001789
"7562","7562",1473,1473,1412,-0.0414120841819416
"7563","7563",3516,3531,3606,0.0255972696245734
"7565","7565",4485,4471,4516,0.00691192865105909
"7566","7566",1538,1538,1505,-0.0214564369310793
"16834","16834",1538,1538,1505,-0.0214564369310793
"7567","7567",4039,4131,4154,0.0284723941569695
"7568","7568",1619,1500,1501,-0.0728844966028413
"7569","7569",3206,3311,3308,0.0318153462258266
"7570","7570",1938,1938,1834,-0.0536635706914345
"7571","7571",1307,1307,1307,0
"7572","7572",1510,1522,1522,0.00794701986754967
"14218","14218",1510,1522,1522,0.00794701986754967
"7573","7573",1886,1886,1889,0.00159066808059385
"7575","7575",2711,2725,2671,-0.0147547030616009
"7576","7576",2064,2064,1959,-0.0508720930232558
"7577","7577",2595,2484,2573,-0.00847784200385356
"7578","7578",845,845,954,0.128994082840237
"7580","7580",1498,1499,1509,0.00734312416555407
"7581","7581",3737,3741,3901,0.0438854696280439
"7582","7582",4533,4530,4414,-0.0262519302889918
"7583","7583",972,972,1197,0.231481481481481
"7584","7584",2119,2137,2084,-0.0165172251061822
"7585","7585",3066,3034,3034,-0.0104370515329419
"7586","7586",1831,1832,1745,-0.0469688694702348
"7587","7587",4768,4895,4889,0.0253775167785235
"7588","7588",3070,3070,3099,0.00944625407166124
"7589","7589",2771,2794,2791,0.00721761097076868
"18176","18176",2771,2794,2791,0.00721761097076868
"7590","7590",3698,3702,3768,0.0189291508923743
"7591","7591",2230,2221,2320,0.0403587443946188
"7592","7592",2173,2040,2120,-0.024390243902439
"10407","10407",2173,2040,2120,-0.024390243902439
"13099","13099",2173,2040,2120,-0.024390243902439
"7593","7593",2390,2392,2985,0.248953974895398
"7594","7594",1351,1206,1340,-0.00814211695040711
"7595","7595",7482,7583,7540,0.00775193798449612
"7596","7596",2871,2830,2948,0.0268199233716475
"7597","7597",1247,1247,1134,-0.0906174819566961
"7598","7598",2417,2417,2450,0.0136532892014894
"7599","7599",3470,3471,3469,-0.000288184438040346
"7600","7600",1777,2052,2052,0.154755205402364
"7812","7812",1777,2052,2052,0.154755205402364
"7601","7601",6148,6117,5824,-0.0527000650618087
"7602","7602",1715,1715,1646,-0.0402332361516035
"7603","7603",5736,5739,5600,-0.0237099023709902
"7604","7604",918,892,1427,0.554466230936819
"7605","7605",1926,1926,1926,0
"7606","7606",11378,10896,10877,-0.0440323431182985
"7607","7607",8349,8351,8113,-0.028266858306384
"7608","7608",2989,3106,3106,0.0391435262629642
"7609","7609",1665,1613,1613,-0.0312312312312312
"7610","7610",2965,2896,2908,-0.0192242833052277
"7611","7611",784,909,906,0.155612244897959
"7612","7612",2183,2220,2112,-0.032524049473202
"7613","7613",2935,2933,2982,0.0160136286201022
"7614","7614",2351,2351,2144,-0.0880476393024245
"7615","7615",9438,9290,9211,-0.0240517058698877
"7616","7616",1652,1676,914,-0.446731234866828
"7617","7617",2125,2176,2160,0.0164705882352941
"7618","7618",2061,2061,2061,0
"12800","12800",2061,2061,2061,0
"7619","7619",5348,5353,5264,-0.0157068062827225
"7620","7620",5534,5390,5546,0.00216841344416335
"7621","7621",4483,4441,4038,-0.0992638857907651
"7622","7622",1498,1498,1544,0.0307076101468625
"7623","7623",1316,1316,1315,-0.000759878419452888
"7624","7624",1650,1650,1651,0.000606060606060606
"7625","7625",2562,2532,2528,-0.0132708821233411
"7626","7626",2971,2971,2974,0.0010097610232245
"7627","7627",1529,1614,1670,0.092217135382603
"7628","7628",3536,3527,3500,-0.0101809954751131
"7629","7629",2644,2646,2674,0.0113464447806354
"7630","7630",2448,2615,2755,0.125408496732026
"7631","7631",3084,2944,2993,-0.0295071335927367
"7632","7632",916,913,913,-0.00327510917030568
"7634","7634",5739,5602,5680,-0.0102805366788639
"7635","7635",4056,3911,4050,-0.0014792899408284
"7636","7636",2728,2527,2650,-0.0285923753665689
"7637","7637",1680,1713,1713,0.0196428571428571
"15802","15802",1680,1713,1713,0.0196428571428571
"7638","7638",4388,4378,4380,-0.00182315405651778
"7639","7639",2536,2511,2506,-0.0118296529968454
"7640","7640",4277,4298,4300,0.00537760112228197
"7641","7641",638,655,655,0.0266457680250784
"7642","7642",1221,1180,1133,-0.0720720720720721
"7643","7643",1477,1477,1477,0
"7644","7644",4542,4558,4528,-0.00308234258036107
"7645","7645",2782,2778,2764,-0.00647016534867002
"7647","7647",5318,5322,5322,0.000752162467092892
"7648","7648",900,900,900,0
"7649","7649",958,958,958,0
"7650","7650",3060,3019,3061,0.000326797385620915
"16498","16498",3060,3019,3061,0.000326797385620915
"7651","7651",1339,1342,1356,0.0126960418222554
"7652","7652",1277,1282,1239,-0.0297572435395458
"7653","7653",5294,5291,5571,0.0523233849641103
"7654","7654",2280,2280,2276,-0.00175438596491228
"7655","7655",5675,5675,5814,0.0244933920704846
"7656","7656",3939,3988,3988,0.0124397055090124
"7657","7657",1633,1635,1558,-0.0459277403551745
"7658","7658",1331,1221,1221,-0.0826446280991736
"7659","7659",2845,2845,2788,-0.0200351493848858
"7660","7660",1064,1064,1150,0.0808270676691729
"7661","7661",1575,1575,1575,0
"7662","7662",7333,7327,7350,0.00231828719487249
"7663","7663",3506,3506,3513,0.00199657729606389
"7664","7664",3361,3361,3433,0.0214221957750669
"7665","7665",2576,2568,2568,-0.0031055900621118
"7666","7666",1026,1026,1026,0
"7667","7667",1663,1712,1710,0.0282621767889357
"7668","7668",8992,9001,9120,0.0142348754448399
"7669","7669",6081,6105,6111,0.00493339911198816
"7670","7670",6286,6078,6364,0.0124085268851416
"7671","7671",7185,7189,6974,-0.0293667362560891
"7672","7672",2235,2233,2244,0.00402684563758389
"7673","7673",3120,3117,2663,-0.146474358974359
"7674","7674",1919,1986,1936,0.0088587806149036
"7675","7675",4343,4366,4330,-0.00299332258807276
"7676","7676",2801,2963,2786,-0.00535523027490182
"7677","7677",2834,2804,2766,-0.0239943542695836
"7678","7678",1866,1934,2070,0.109324758842444
"7679","7679",3045,2608,2606,-0.144170771756979
"7680","7680",2146,1649,1546,-0.279589934762349
"7681","7681",7698,7553,7677,-0.00272798129384256
"7682","7682",1360,1361,1369,0.00661764705882353
"7683","7683",4942,4900,4877,-0.0131525698097936
"7684","7684",1951,1951,2164,0.109174782162993
"7685","7685",2974,2933,2933,-0.0137861466039005
"7686","7686",772,859,859,0.112694300518135
"7687","7687",2949,2949,2949,0
"7688","7688",1713,1714,1738,0.0145942790426153
"7689","7689",3284,3023,2727,-0.169610231425091
"7690","7690",1910,1903,1893,-0.00890052356020942
"7691","7691",710,710,919,0.294366197183099
"7692","7692",2286,2285,2289,0.00131233595800525
"7693","7693",3629,3629,3586,-0.0118489942132819
"7694","7694",1350,1350,1353,0.00222222222222222
"7695","7695",5555,5556,5509,-0.00828082808280828
"7696","7696",3103,2958,2562,-0.174347405736384
"7697","7697",2105,2180,2130,0.0118764845605701
"16780","16780",2105,2180,2130,0.0118764845605701
"7698","7698",3776,3774,3776,0
"10836","10836",3776,3774,3776,0
"7699","7699",1394,1394,1394,0
"7700","7700",1934,1938,2178,0.126163391933816
"7701","7701",2658,2640,2593,-0.0244544770504138
"7702","7702",2404,2396,2466,0.0257903494176373
"7703","7703",5121,5111,5216,0.0185510642452646
"7704","7704",3675,3666,3637,-0.0103401360544218
"7705","7705",8321,8322,8330,0.00108160076913832
"7706","7706",2679,2652,2688,0.00335946248600224
"7707","7707",809,809,809,0
"7708","7708",2008,2007,1573,-0.216633466135458
"7709","7709",7288,7274,7365,0.0105653128430296
"7710","7710",5589,5513,5510,-0.0141349078547146
"7711","7711",2597,2597,2666,0.0265691182133231
"7712","7712",2407,2407,2371,-0.0149563772330702
"7713","7713",1372,1368,1119,-0.184402332361516
"7714","7714",3021,2999,2731,-0.0959947037404833
"16950","16950",3021,2999,2731,-0.0959947037404833
"7715","7715",2581,2577,2447,-0.0519178612940721
"7716","7716",2542,2254,2205,-0.132572777340677
"7717","7717",4118,4113,3767,-0.0852355512384653
"17435","17435",4118,4113,3767,-0.0852355512384653
"7718","7718",6354,6255,6298,-0.00881334592382751
"7719","7719",3359,3361,3329,-0.00893122953259899
"7720","7720",1185,1185,1206,0.0177215189873418
"7721","7721",2107,2099,2084,-0.0109159943046986
"7722","7722",2425,2395,2395,-0.0123711340206186
"7724","7724",6249,6012,5567,-0.109137461993919
"7726","7726",2712,2749,2268,-0.163716814159292
"7727","7727",3317,3346,3322,0.00150738619234248
"7728","7728",6023,6002,5926,-0.0161049310974597
"7729","7729",1207,1311,1305,0.0811930405965203
"7730","7730",5048,4824,4823,-0.0445721077654517
"7731","7731",2825,2825,2782,-0.0152212389380531
"7732","7732",2387,2420,2455,0.0284876413908672
"7733","7733",2006,2116,2218,0.10568295114656
"7734","7734",3691,3691,3471,-0.0596044432403143
"7735","7735",1206,1243,1243,0.0306799336650083
"7736","7736",4713,4506,4482,-0.049013367281986
"7737","7737",1232,1230,1512,0.227272727272727
"7738","7738",1993,1993,1993,0
"7740","7740",3427,3388,3387,-0.0116720163408229
"7742","7742",2474,2474,2364,-0.0444624090541633
"7743","7743",2676,2247,2689,0.00485799701046338
"7744","7744",4546,4563,4707,0.0354157501099868
"7745","7745",3070,3066,2856,-0.0697068403908795
"7746","7746",4169,4479,4469,0.0719597025665627
"7747","7747",3017,3249,3016,-0.000331455087835598
"7748","7748",1824,1802,1927,0.056469298245614
"7750","7750",2489,2489,2474,-0.0060265166733628
"7751","7751",2382,2382,2284,-0.0411418975650714
"7752","7752",5082,4939,5145,0.012396694214876
"7753","7753",2015,2018,1980,-0.0173697270471464
"7754","7754",3433,3491,3497,0.0186425866588989
"7755","7755",4103,4033,3945,-0.0385084084815988
"7756","7756",3106,3143,3384,0.0895041854475209
"7757","7757",2502,2502,2502,0
"7758","7758",2582,2582,2579,-0.00116189000774593
"7759","7759",3529,3530,3364,-0.0467554548030604
"7760","7760",2163,2160,2168,0.00231160425335183
"7761","7761",5313,5314,5323,0.00188217579521927
"7762","7762",1884,1884,1823,-0.0323779193205945
"7763","7763",2103,2136,2202,0.0470756062767475
"7764","7764",1331,1488,1570,0.179564237415477
"7765","7765",3556,3480,3472,-0.0236220472440945
"7766","7766",2237,2237,2125,-0.0500670540902995
"7767","7767",3010,3004,3072,0.0205980066445183
"7768","7768",4414,4514,4489,0.0169913910285455
"7769","7769",5097,5106,5137,0.00784775358053757
"7770","7770",3720,3738,3933,0.057258064516129
"7771","7771",2591,2591,2801,0.0810497877267464
"7772","7772",1534,1534,1534,0
"9793","9793",1534,1534,1534,0
"7773","7773",3155,3158,3164,0.00285261489698891
"7774","7774",3196,3218,3168,-0.00876095118898623
"7775","7775",1375,1400,1427,0.0378181818181818
"7776","7776",7854,7829,7772,-0.0104405398523046
"7777","7777",2372,2342,2336,-0.015177065767285
"7778","7778",4606,4610,4596,-0.00217108119843682
"7779","7779",1905,1905,1937,0.0167979002624672
"7780","7780",2243,2369,2369,0.0561747659384753
"7781","7781",3293,3288,3670,0.114485271788643
"7782","7782",6409,6409,6406,-0.000468091745982213
"7783","7783",5649,5544,5659,0.00177022481855196
"7784","7784",2424,2282,2253,-0.0705445544554455
"7785","7785",3452,3496,3489,0.0107184241019699
"7786","7786",1973,2172,1908,-0.0329447541814496
"7787","7787",5185,5185,5197,0.00231436837029894
"7788","7788",2139,2141,2141,0.000935016362786349
"7789","7789",1512,1165,1139,-0.246693121693122
"7790","7790",2464,2197,2253,-0.0856331168831169
"7791","7791",1667,1667,1677,0.00599880023995201
"7792","7792",1729,1729,1716,-0.0075187969924812
"7793","7793",3417,3425,3416,-0.000292654375182909
"7794","7794",4460,4490,4386,-0.0165919282511211
"7795","7795",2706,2734,2973,0.098669623059867
"7796","7796",1955,1955,1955,0
"7797","7797",1751,1755,1755,0.00228440890919475
"7798","7798",5952,5951,5953,0.000168010752688172
"7799","7799",2741,2740,2740,-0.000364830353885443
"7800","7800",2124,2124,2124,0
"7801","7801",4840,4843,4843,0.000619834710743802
"7802","7802",1267,1267,1267,0
"7803","7803",1804,1803,1778,-0.0144124168514412
"7805","7805",974,974,974,0
"7806","7806",2979,3614,3305,0.109432695535415
"7807","7807",2060,1952,1952,-0.0524271844660194
"7808","7808",2259,2259,2004,-0.112881806108898
"7809","7809",2951,2945,2982,0.010504913588614
"7810","7810",1342,1090,1079,-0.195976154992548
"7811","7811",1811,1812,1812,0.000552181115405853
"7813","7813",1847,1833,1832,-0.00812127774769897
"7814","7814",2327,2545,2626,0.128491620111732
"7815","7815",7541,7199,7294,-0.0327542766211378
"7816","7816",1351,1351,1351,0
"7817","7817",4472,4526,4726,0.0567978533094812
"7818","7818",12688,12582,12808,0.0094577553593947
"7819","7819",1597,1346,1345,-0.157795867251096
"7820","7820",3740,3833,3904,0.0438502673796791
"7821","7821",1466,1466,1466,0
"17525","17525",1466,1466,1466,0
"7822","7822",2211,2211,2211,0
"7823","7823",5256,5198,4511,-0.141742770167428
"7824","7824",3789,3789,3616,-0.0456584850884138
"7825","7825",1550,1548,1680,0.0838709677419355
"14659","14659",1550,1548,1680,0.0838709677419355
"7826","7826",1496,1496,1446,-0.0334224598930481
"7827","7827",1834,1834,1841,0.00381679389312977
"7828","7828",6397,6428,5919,-0.0747225261841488
"7829","7829",2326,2326,2420,0.0404127257093723
"7830","7830",2736,2741,2659,-0.0281432748538012
"7831","7831",3785,3768,3838,0.014002642007926
"7832","7832",5956,5986,5413,-0.0911685695097381
"7833","7833",3329,3329,3329,0
"7834","7834",3110,3042,3309,0.0639871382636656
"7835","7835",1276,1276,1328,0.0407523510971787
"7836","7836",4888,4891,4904,0.00327332242225859
"7837","7837",3443,3450,3443,0
"7838","7838",2166,2138,2144,-0.0101569713758079
"7839","7839",3975,3870,3843,-0.0332075471698113
"7840","7840",1823,1822,1812,-0.00603400987383434
"7841","7841",2720,2843,2800,0.0294117647058824
"7842","7842",4469,4551,4651,0.0407249944059074
"7843","7843",3969,3969,4010,0.0103300579491056
"7844","7844",2582,2581,2426,-0.0604182804027885
"7845","7845",2717,2725,2306,-0.15126978284873
"10094","10094",2717,2725,2306,-0.15126978284873
"7846","7846",2536,2536,2689,0.0603312302839117
"7847","7847",3455,4037,3923,0.135455861070912
"7848","7848",3121,2950,2955,-0.0531880807433515
"7849","7849",6135,6138,6699,0.0919315403422983
"7850","7850",1694,1773,1782,0.051948051948052
"7851","7851",1891,1892,1891,0
"7852","7852",2275,2284,2284,0.00395604395604396
"7853","7853",5590,5697,5492,-0.0175313059033989
"7854","7854",3155,3140,3155,0
"7855","7855",6640,6640,6397,-0.0365963855421687
"7856","7856",1581,1581,1300,-0.177735610373182
"7857","7857",2515,2515,2537,0.00874751491053678
"10295","10295",2515,2515,2537,0.00874751491053678
"7858","7858",2527,2520,2269,-0.102097348634745
"7859","7859",2951,2952,3146,0.066079295154185
"7860","7860",1631,1631,1631,0
"7862","7862",4203,4192,4210,0.00166547704020937
"7863","7863",1812,1818,1958,0.0805739514348786
"7864","7864",7365,7420,7520,0.0210454854039375
"7865","7865",1722,1722,1730,0.00464576074332172
"7866","7866",2886,2879,3209,0.111919611919612
"7867","7867",2553,2552,2509,-0.0172346259302781
"7868","7868",2020,2018,2193,0.0856435643564357
"7869","7869",1907,1905,1906,-0.000524383848977452
"7870","7870",1703,1696,1734,0.0182031708749266
"13794","13794",1703,1696,1734,0.0182031708749266
"7871","7871",1949,1961,1957,0.00410466906105695
"7872","7872",1427,1448,1451,0.0168185003503854
"7873","7873",3716,3779,3694,-0.00592034445640474
"7874","7874",2928,2928,2956,0.00956284153005465
"7875","7875",3799,3910,3912,0.0297446696499079
"7876","7876",3642,3650,3606,-0.00988467874794069
"7877","7877",4517,4339,4477,-0.00885543502324552
"7878","7878",2472,2453,2447,-0.0101132686084142
"7879","7879",2053,2053,2053,0
"17897","17897",2053,2053,2053,0
"7880","7880",4251,4249,4312,0.0143495648082804
"7881","7881",1927,1803,2148,0.114686040477426
"7882","7882",1036,1036,1036,0
"7883","7883",3028,3028,3030,0.000660501981505945
"7884","7884",2738,2821,2779,0.0149744338933528
"7885","7885",4323,4323,4552,0.0529724728198011
"7886","7886",2449,2414,2463,0.00571661902817477
"7887","7887",3514,3514,3573,0.0167899829254411
"7888","7888",14852,15020,14798,-0.00363587395636951
"7889","7889",2804,2888,2647,-0.0559914407988588
"7890","7890",1358,1588,1425,0.0493372606774669
"7891","7891",3029,3027,3104,0.0247606470782436
"7892","7892",1728,1728,1794,0.0381944444444444
"7893","7893",3032,3031,3181,0.0491424802110818
"7894","7894",3258,3258,3304,0.0141190914671578
"7895","7895",2539,2539,2545,0.00236313509255612
"7896","7896",2071,2073,2073,0.000965717044905843
"7897","7897",4526,5114,4832,0.0676093680954485
"7898","7898",2295,2295,2295,0
"7899","7899",3359,3266,3077,-0.0839535576064305
"7900","7900",1664,1677,1692,0.0168269230769231
"7901","7901",3502,3499,3397,-0.029982866933181
"7903","7903",2358,2358,2321,-0.0156912637828668
"7904","7904",2421,2453,3125,0.290788930194135
"7905","7905",4738,4742,4687,-0.0107640354579992
"7906","7906",1563,1563,1563,0
"7907","7907",5837,5849,5903,0.0113071783450403
"7908","7908",3335,3335,3172,-0.0488755622188906
"7909","7909",2856,2853,2663,-0.0675770308123249
"7910","7910",1570,1570,1572,0.00127388535031847
"7911","7911",1996,1996,1996,0
"7912","7912",4512,4026,3955,-0.123448581560284
"7913","7913",2841,2836,2838,-0.00105596620908131
"7914","7914",885,885,1642,0.855367231638418
"7915","7915",2551,2466,2466,-0.0333202665621325
"7916","7916",3328,3315,3240,-0.0264423076923077
"7917","7917",4862,4852,4729,-0.0273549979432332
"7918","7918",2042,2039,2042,0
"7920","7920",7772,7032,6964,-0.103962943901184
"7921","7921",1946,1945,2015,0.0354573484069887
"7922","7922",1205,1205,1627,0.350207468879668
"7923","7923",3396,3673,3251,-0.0426972909305065
"7924","7924",5487,5488,5505,0.00328048113723346
"7925","7925",5600,4892,4892,-0.126428571428571
"7926","7926",1156,1155,1155,-0.000865051903114187
"7927","7927",3872,3872,3876,0.00103305785123967
"7928","7928",1322,1322,1143,-0.135400907715582
"7929","7929",2782,3069,2779,-0.001078360891445
"7930","7930",931,931,927,-0.00429645542427497
"7931","7931",2999,2999,2977,-0.00733577859286429
"7932","7932",8286,8318,7819,-0.0563601255129133
"7933","7933",2556,2553,2527,-0.0113458528951487
"7934","7934",4363,4358,4562,0.0456108182443273
"7935","7935",1149,1152,1135,-0.0121845082680592
"7936","7936",1008,1008,1008,0
"7937","7937",1329,1329,1275,-0.0406320541760722
"7938","7938",1278,1278,1165,-0.0884194053208138
"7939","7939",1896,1899,1862,-0.0179324894514768
"7940","7940",3465,3501,3377,-0.0253968253968254
"7941","7941",2987,2987,3152,0.0552393706059592
"7942","7942",1515,1483,2080,0.372937293729373
"19992","19992",1515,1483,2080,0.372937293729373
"7943","7943",4426,4436,4519,0.0210122006326254
"7944","7944",6098,5973,5639,-0.0752705805182027
"7945","7945",4536,4540,4540,0.000881834215167548
"7946","7946",2822,2985,2985,0.057760453579022
"7947","7947",1638,1802,1657,0.0115995115995116
"7948","7948",4273,4276,4285,0.00280833138310321
"7949","7949",2643,3033,2361,-0.106696935300795
"7950","7950",4468,4371,4647,0.0400626678603402
"7952","7952",7897,8035,7733,-0.0207673800177283
"7953","7953",1844,1814,2040,0.106290672451193
"7955","7955",1102,1295,1295,0.17513611615245
"7956","7956",5016,5051,5049,0.00657894736842105
"9798","9798",5016,5051,5049,0.00657894736842105
"7957","7957",2554,2555,2555,0.000391542678151919
"7958","7958",1450,1450,1448,-0.00137931034482759
"7959","7959",1367,1364,1359,-0.00585223116313094
"7960","7960",5924,5820,5830,-0.0158676569885213
"7961","7961",8319,8317,8407,0.0105781944945306
"7962","7962",5534,5536,5828,0.0531261293820022
"7963","7963",2772,2639,2753,-0.00685425685425685
"7964","7964",1955,1954,1656,-0.152941176470588
"7965","7965",2759,2546,2616,-0.051830373323668
"7966","7966",1352,1352,1352,0
"16634","16634",1352,1352,1352,0
"7967","7967",2413,1934,1975,-0.1815167840862
"7968","7968",850,852,851,0.00117647058823529
"8176","8176",850,852,851,0.00117647058823529
"7969","7969",1857,1856,1819,-0.020463112547119
"7970","7970",3224,3232,3232,0.00248138957816377
"7971","7971",3975,3979,3978,0.000754716981132075
"7972","7972",3737,3792,3907,0.0454910355900455
"7973","7973",889,889,889,0
"7974","7974",1547,1546,1537,-0.00646412411118293
"7975","7975",2322,2656,2708,0.166236003445306
"17505","17505",2322,2656,2708,0.166236003445306
"7977","7977",1838,1838,1838,0
"7978","7978",2123,2249,2249,0.059349976448422
"7979","7979",2367,2367,2367,0
"7980","7980",2918,2962,2975,0.0195339273474983
"7981","7981",1700,1700,1702,0.00117647058823529
"7982","7982",1965,1970,1971,0.00305343511450382
"7983","7983",6782,6757,6695,-0.0128280743143615
"7984","7984",4018,3958,3834,-0.0457939273270284
"7985","7985",10585,10702,10438,-0.0138875767595654
"7986","7986",3351,3351,3351,0
"7987","7987",4563,4533,4480,-0.0181897874205567
"7988","7988",2842,3100,2842,0
"7989","7989",3628,3628,3628,0
"7990","7990",1242,1242,1173,-0.0555555555555556
"7991","7991",2435,2267,2172,-0.108008213552361
"7992","7992",1673,1673,1673,0
"7993","7993",2555,2523,2484,-0.0277886497064579
"7994","7994",1981,1981,1915,-0.03331650681474
"7995","7995",3834,3831,3880,0.0119979134063641
"7996","7996",1210,1210,1217,0.00578512396694215
"7997","7997",2144,2144,2145,0.000466417910447761
"7998","7998",2905,2905,3004,0.03407917383821
"7999","7999",2374,2243,2189,-0.077927548441449
"8000","8000",2369,2371,2370,0.000422119037568594
"8001","8001",5943,5843,5952,0.00151438667339727
"8002","8002",8176,8242,8194,0.00220156555772994
"8003","8003",4473,4296,4329,-0.0321931589537223
"8005","8005",4502,4466,4990,0.108396268325189
"8007","8007",3216,3223,3223,0.00217661691542289
"8008","8008",1497,2082,1712,0.143620574482298
"8009","8009",1249,1249,1296,0.0376301040832666
"8010","8010",3605,3623,3625,0.00554785020804438
"8011","8011",7478,7259,6749,-0.0974859588125167
"8012","8012",1118,1118,1154,0.0322003577817531
"8013","8013",3106,3019,3021,-0.0273663876368319
"8014","8014",4024,4024,4310,0.0710735586481113
"8015","8015",3911,3834,3834,-0.019688059319867
"8016","8016",1367,1416,1485,0.0863204096561814
"8017","8017",2058,1999,1999,-0.0286686103012634
"8018","8018",1589,1589,1591,0.0012586532410321
"8019","8019",2886,2899,2855,-0.0107415107415107
"8020","8020",2778,2778,3411,0.227861771058315
"8021","8021",1284,1284,1284,0
"8022","8022",1693,1693,1662,-0.0183106910809214
"8023","8023",5385,5354,5400,0.00278551532033426
"8024","8024",2371,2371,2713,0.144242935470266
"8025","8025",3164,3163,3153,-0.00347661188369153
"8026","8026",4237,4270,4379,0.03351427897097
"8027","8027",4842,5051,4687,-0.0320115654688145
"8028","8028",2984,2978,2976,-0.00268096514745308
"8029","8029",2382,2093,2155,-0.0952980688497061
"17639","17639",2382,2093,2155,-0.0952980688497061
"8030","8030",4533,4340,4462,-0.0156629163909111
"8032","8032",1684,1552,1551,-0.078978622327791
"8033","8033",3748,3748,3758,0.00266808964781217
"8034","8034",4297,4297,4297,0
"8035","8035",2707,2702,2602,-0.0387883265607684
"8036","8036",8082,8045,7859,-0.0275921801534274
"8037","8037",3395,3407,3389,-0.00176730486008837
"8039","8039",3473,3473,3479,0.00172761301468471
"8040","8040",3380,3370,3057,-0.0955621301775148
"8041","8041",2095,2096,2096,0.000477326968973747
"8042","8042",1593,1590,1590,-0.00188323917137476
"8043","8043",1299,1299,1299,0
"14145","14145",1299,1299,1299,0
"8044","8044",2002,2002,2002,0
"8045","8045",1624,1548,1548,-0.0467980295566502
"8046","8046",2295,2147,2148,-0.0640522875816993
"8047","8047",1697,1853,1853,0.0919269298762522
"8048","8048",690,690,693,0.00434782608695652
"8049","8049",1958,1951,2002,0.0224719101123595
"8050","8050",2275,2276,2275,0
"8051","8051",5171,5171,5171,0
"8052","8052",867,867,867,0
"8053","8053",2431,2461,2411,-0.00822706705059646
"8054","8054",3699,3670,3670,-0.00783995674506623
"8055","8055",1788,1788,1781,-0.00391498881431767
"8056","8056",7910,8135,8472,0.0710493046776233
"8057","8057",3582,3460,3412,-0.0474595198213289
"8058","8058",2643,2538,2439,-0.0771850170261067
"8059","8059",1943,1944,1936,-0.0036026762738034
"8060","8060",1502,1503,1513,0.00732356857523302
"8061","8061",3291,3327,3327,0.0109389243391067
"8062","8062",3783,3748,3896,0.0298704731694422
"8063","8063",1021,984,884,-0.134182174338883
"8064","8064",3827,3787,3692,-0.035275672850797
"8065","8065",8928,8959,8894,-0.00380824372759857
"8066","8066",880,880,860,-0.0227272727272727
"8067","8067",4387,4387,4384,-0.000683838614087075
"8068","8068",2132,2150,2157,0.0117260787992495
"8069","8069",1655,1655,1655,0
"8070","8070",2845,2845,2813,-0.0112478031634446
"8071","8071",1389,1387,1405,0.0115190784737221
"8072","8072",2193,2193,2442,0.113543091655267
"8073","8073",2224,2224,2150,-0.033273381294964
"8074","8074",2474,2474,2475,0.000404203718674212
"8075","8075",3845,3848,3492,-0.0918075422626788
"8076","8076",2819,2888,3330,0.181269953884356
"8077","8077",2805,2807,2295,-0.181818181818182
"8078","8078",8430,7947,8912,0.0571767497034401
"8079","8079",3353,3323,3321,-0.00954369221592604
"8080","8080",3202,3192,3126,-0.023735165521549
"8081","8081",4084,4059,3944,-0.0342801175318315
"8082","8082",2784,2884,3196,0.147988505747126
"8083","8083",3810,3725,3732,-0.0204724409448819
"8084","8084",2344,2344,2803,0.195819112627986
"8085","8085",1775,1775,1726,-0.0276056338028169
"8086","8086",2183,2474,2184,0.000458085203847916
"8087","8087",1402,1401,1588,0.132667617689016
"8088","8088",2522,2479,2554,0.0126883425852498
"8089","8089",3184,3199,3007,-0.0555904522613065
"8090","8090",2523,2523,2525,0.000792707094728498
"8091","8091",2204,2204,2204,0
"8092","8092",2075,2075,2058,-0.00819277108433735
"8093","8093",1734,1734,1734,0
"8094","8094",3667,3674,3624,-0.011726206708481
"8095","8095",6611,6620,7064,0.0685221600363031
"8096","8096",12342,12380,12258,-0.00680602819640253
"8097","8097",3446,3445,3108,-0.098084735925711
"8099","8099",2461,2463,2686,0.0914262494920764
"8100","8100",1984,1984,2030,0.0231854838709677
"8101","8101",1337,1252,1157,-0.134629768137622
"8102","8102",1882,1971,2227,0.183315621679065
"8103","8103",3279,3299,3545,0.0811222933821287
"8104","8104",1727,1694,1692,-0.0202663578459757
"8105","8105",3932,3932,3959,0.00686673448626653
"8106","8106",1416,1416,1327,-0.0628531073446328
"8107","8107",5177,5241,5241,0.0123623720301333
"8108","8108",3963,3905,3905,-0.0146353772394651
"8109","8109",1693,1631,1660,-0.019492025989368
"8110","8110",2737,2732,2730,-0.00255754475703325
"8111","8111",3232,3229,2896,-0.103960396039604
"8112","8112",4055,4060,4092,0.00912453760789149
"8113","8113",2206,2206,1899,-0.139165911151405
"8114","8114",1813,1813,1799,-0.00772200772200772
"8115","8115",2079,1967,2381,0.145262145262145
"8116","8116",2129,2121,2130,0.000469704086425552
"8117","8117",7915,7799,7980,0.0082122552116235
"8118","8118",4315,4340,4437,0.0282734646581692
"8119","8119",2148,2148,2148,0
"8120","8120",9453,9456,9457,0.000423146091187983
"8121","8121",1306,986,986,-0.245022970903522
"8122","8122",1730,1630,1530,-0.115606936416185
"8123","8123",2134,2136,2136,0.000937207122774133
"8124","8124",2067,1664,1680,-0.187227866473149
"8125","8125",1778,1778,1803,0.0140607424071991
"8126","8126",1798,1798,1798,0
"8127","8127",2079,2079,2074,-0.00240500240500241
"8129","8129",4233,4232,3960,-0.0644932671863926
"8130","8130",4324,4324,4250,-0.017113783533765
"8131","8131",1258,1070,1072,-0.14785373608903
"8132","8132",2928,2960,3003,0.0256147540983607
"8133","8133",1905,1905,1869,-0.0188976377952756
"8134","8134",1710,1710,1710,0
"8135","8135",2983,2946,2982,-0.000335232986925914
"8136","8136",3445,3376,3320,-0.0362844702467344
"8137","8137",4679,5258,5049,0.0790767257961103
"8138","8138",3303,3305,3055,-0.0750832576445655
"8139","8139",3474,3470,3427,-0.0135290731145653
"8140","8140",981,981,970,-0.0112130479102956
"8141","8141",1477,1477,1477,0
"8142","8142",1415,1415,1415,0
"8143","8143",3541,3977,3538,-0.000847218299915278
"8144","8144",1603,1603,2107,0.314410480349345
"8145","8145",5573,5574,5573,0
"8146","8146",1555,1556,1502,-0.0340836012861736
"8147","8147",2783,2667,2586,-0.0707869205892921
"8148","8148",5848,5884,5689,-0.0271887824897401
"8149","8149",1363,1362,1388,0.0183418928833456
"8150","8150",2710,2710,2701,-0.0033210332103321
"8151","8151",2470,2470,2500,0.0121457489878543
"8152","8152",2862,2866,2561,-0.105171208944794
"8153","8153",1269,1269,1259,-0.00788022064617809
"8154","8154",1163,1163,1163,0
"8155","8155",1420,1401,1389,-0.021830985915493
"8156","8156",2184,2189,2077,-0.048992673992674
"8157","8157",3679,3679,3531,-0.0402283229138353
"8158","8158",2173,2169,2048,-0.0575241601472619
"8159","8159",5799,5444,5438,-0.0622521124331781
"8160","8160",2694,2694,2694,0
"8161","8161",3070,3070,3043,-0.00879478827361563
"8162","8162",2495,2507,2386,-0.043687374749499
"8163","8163",1535,1394,1723,0.122475570032573
"8164","8164",1551,1783,1551,0
"14104","14104",1551,1783,1551,0
"8165","8165",1840,1891,1839,-0.000543478260869565
"10838","10838",1840,1891,1839,-0.000543478260869565
"13963","13963",1840,1891,1839,-0.000543478260869565
"8166","8166",4849,4890,4890,0.00845535161889049
"8168","8168",3304,3306,3288,-0.00484261501210654
"8169","8169",3412,3505,3698,0.0838218053927315
"8170","8170",5423,5493,5784,0.0665683201180159
"8171","8171",2739,2757,2603,-0.049653158086893
"8172","8172",2801,2786,3026,0.0803284541235273
"8173","8173",1676,1694,1690,0.00835322195704057
"8174","8174",1749,1758,1787,0.021726700971984
"8175","8175",3251,3251,3252,0.000307597662257767
"8177","8177",1305,1456,1459,0.118007662835249
"8178","8178",1845,1893,1893,0.0260162601626016
"8179","8179",1924,1879,1879,-0.0233887733887734
"8180","8180",2330,2330,2316,-0.00600858369098712
"8181","8181",2764,2523,2524,-0.0868306801736614
"8182","8182",1916,1916,1916,0
"8183","8183",10290,10122,9798,-0.0478134110787172
"8184","8184",2530,2493,2529,-0.000395256916996047
"8185","8185",4866,4867,4168,-0.143444307439375
"8186","8186",5528,5444,5443,-0.0153762662807525
"8187","8187",2191,2221,2220,0.0132359653126426
"8188","8188",6233,6233,5811,-0.0677041553024226
"8189","8189",1524,1489,1589,0.0426509186351706
"8190","8190",1623,1626,1702,0.048675292667899
"8191","8191",2682,2725,2725,0.0160328113348248
"8192","8192",5096,5046,5031,-0.0127551020408163
"8193","8193",1579,1579,1725,0.0924635845471818
"11014","11014",1579,1579,1725,0.0924635845471818
"8194","8194",12098,12214,11802,-0.0244668540254588
"8195","8195",3856,3127,3248,-0.157676348547718
"16752","16752",3856,3127,3248,-0.157676348547718
"8196","8196",2337,2328,2323,-0.00599058622165169
"8197","8197",1991,1935,1888,-0.0517327975891512
"8199","8199",2162,2163,2163,0.000462534690101758
"8200","8200",3588,2945,2931,-0.183110367892977
"8202","8202",936,1032,943,0.00747863247863248
"8203","8203",6028,6025,5974,-0.00895819508958195
"8204","8204",3988,3985,3771,-0.0544132397191575
"8205","8205",3701,3701,3694,-0.00189138070791678
"8206","8206",1530,1647,1458,-0.0470588235294118
"8207","8207",3260,3343,3259,-0.000306748466257669
"8208","8208",2465,2466,2814,0.14158215010142
"8209","8209",2722,2701,2835,0.041513592946363
"8210","8210",4342,4379,4741,0.0918931368033164
"8211","8211",1539,1539,1337,-0.131254061078622
"8212","8212",3035,2997,2997,-0.0125205930807249
"8213","8213",1668,1676,1124,-0.326139088729017
"8214","8214",2253,2253,2253,0
"8215","8215",1485,1485,1465,-0.0134680134680135
"8216","8216",4734,4747,4746,0.00253485424588086
"8217","8217",3828,3821,3448,-0.0992685475444096
"8218","8218",1728,1728,1767,0.0225694444444444
"8219","8219",3405,3217,3652,0.0725403817914831
"8220","8220",2277,2293,2279,0.000878348704435661
"8221","8221",2200,2212,2193,-0.00318181818181818
"8222","8222",4165,4165,4277,0.026890756302521
"8223","8223",559,559,562,0.00536672629695885
"8224","8224",2882,2913,2904,0.00763358778625954
"8225","8225",2810,2810,2552,-0.0918149466192171
"8226","8226",2793,2796,3192,0.142857142857143
"8227","8227",2388,2388,2274,-0.0477386934673367
"8228","8228",1290,1290,1286,-0.00310077519379845
"8229","8229",3307,3319,3319,0.00362866646507409
"8231","8231",8175,8295,8306,0.0160244648318043
"8232","8232",3070,3150,3150,0.0260586319218241
"8233","8233",2748,2748,2609,-0.0505822416302766
"8234","8234",1876,1876,1876,0
"8235","8235",6009,5876,5824,-0.0307871526044267
"8237","8237",1439,1428,1516,0.0535093815149409
"8238","8238",4302,4265,4144,-0.0367271036727104
"8239","8239",5143,5144,5548,0.0787478125607622
"8240","8240",1643,1643,1645,0.00121728545343883
"8241","8241",1453,1576,1342,-0.0763936682725396
"8242","8242",1642,1637,1103,-0.328258221680877
"8243","8243",3790,3777,3753,-0.00976253298153034
"8244","8244",1039,1039,1046,0.00673724735322425
"8246","8246",6448,6171,6171,-0.0429590570719603
"8247","8247",1852,1851,1851,-0.000539956803455724
"8248","8248",2051,2076,2075,0.0117016089712335
"8249","8249",2905,2878,2907,0.000688468158347676
"8250","8250",2919,2918,2918,-0.000342583076396026
"8251","8251",3383,3383,3383,0
"8252","8252",1510,1552,1552,0.0278145695364238
"8253","8253",4109,3273,3478,-0.153565344366026
"8254","8254",3658,3657,3639,-0.00519409513395298
"8255","8255",2828,2871,3003,0.0618811881188119
"8256","8256",4020,4006,4036,0.00398009950248756
"8257","8257",3307,3213,3086,-0.0668279407317811
"8258","8258",8271,8297,8498,0.027445290774997
"8259","8259",2654,3016,3017,0.136774679728711
"8260","8260",1093,1093,1093,0
"8261","8261",2110,2093,2070,-0.018957345971564
"8262","8262",6836,6839,6218,-0.0904037448800468
"8263","8263",1784,1673,1673,-0.062219730941704
"8264","8264",3757,3080,3240,-0.137609795049241
"8265","8265",2558,2558,2588,0.0117279124315872
"8266","8266",1296,1321,1426,0.100308641975309
"8267","8267",2774,2774,2736,-0.0136986301369863
"8268","8268",2920,2909,2615,-0.104452054794521
"16126","16126",2920,2909,2615,-0.104452054794521
"8269","8269",5491,5478,5489,-0.000364232380258605
"8270","8270",1231,1247,1234,0.00243704305442729
"11770","11770",1231,1247,1234,0.00243704305442729
"15981","15981",1231,1247,1234,0.00243704305442729
"8271","8271",3553,3553,3552,-0.000281452293836195
"8272","8272",9963,10022,9793,-0.0170631335942989
"8273","8273",2501,2501,2484,-0.00679728108756497
"8274","8274",1862,1760,1662,-0.107411385606874
"8275","8275",5751,5754,5768,0.00295600765084333
"8276","8276",2976,2485,2472,-0.169354838709677
"8277","8277",1680,1680,2012,0.197619047619048
"8278","8278",1877,1612,1875,-0.00106553010122536
"8279","8279",2755,2755,2855,0.0362976406533575
"9084","9084",2755,2755,2855,0.0362976406533575
"8280","8280",2763,2705,2855,0.0332971407889975
"8281","8281",4427,4071,4448,0.00474361870341089
"8283","8283",873,873,873,0
"10439","10439",873,873,873,0
"8284","8284",1890,1890,2223,0.176190476190476
"8285","8285",4676,5174,5198,0.111633875106929
"8286","8286",6578,7204,6816,0.0361812100942536
"8287","8287",1867,1867,1832,-0.0187466523835029
"8289","8289",4063,3508,3460,-0.148412503076544
"8290","8290",1994,2001,2001,0.00351053159478435
"8291","8291",6155,6098,6095,-0.00974817221770918
"8292","8292",1610,1610,1306,-0.188819875776398
"8293","8293",1472,1472,1473,0.000679347826086957
"8294","8294",3278,3212,3212,-0.0201342281879195
"8295","8295",1182,1182,1183,0.000846023688663283
"8296","8296",1802,1802,1802,0
"17239","17239",1802,1802,1802,0
"8297","8297",6074,6095,5936,-0.0227197892657228
"8298","8298",1509,1509,1509,0
"8299","8299",4593,4596,4704,0.0241672109732201
"8300","8300",2452,2476,2445,-0.00285481239804241
"8301","8301",7059,6397,6360,-0.0990225244368891
"8302","8302",3855,3750,3457,-0.103242542153048
"8303","8303",1961,2161,2015,0.0275369709331973
"8304","8304",3417,3418,3458,0.0119988293824993
"8305","8305",1132,1132,1134,0.00176678445229682
"8306","8306",4459,4510,4509,0.011213276519399
"8308","8308",896,777,777,-0.1328125
"8309","8309",4630,4615,4613,-0.00367170626349892
"8310","8310",1906,1913,2224,0.166841552990556
"8311","8311",1613,1613,1603,-0.00619962802231866
"8312","8312",2435,2435,2436,0.000410677618069815
"8313","8313",2017,1824,2048,0.0153693604362915
"8314","8314",6163,6157,6565,0.065227973389583
"8315","8315",1883,1879,1880,-0.00159320233669676
"8316","8316",7976,7968,7565,-0.0515295887662989
"8317","8317",2586,2677,2593,0.00270688321732405
"8318","8318",2440,2440,2212,-0.0934426229508197
"8319","8319",3427,3366,3608,0.0528158739422235
"8320","8320",2252,2308,2252,0
"8321","8321",1482,1482,1192,-0.195681511470985
"8323","8323",3742,4099,4208,0.124532335649385
"8325","8325",1589,1712,1788,0.125235997482694
"8326","8326",4340,4346,4558,0.0502304147465438
"8327","8327",1243,1253,1155,-0.0707964601769911
"8328","8328",1234,1296,1296,0.0502431118314425
"8329","8329",6133,6088,6625,0.0802217511821295
"8330","8330",2501,2501,2645,0.0575769692123151
"8331","8331",2668,2601,2600,-0.0254872563718141
"8332","8332",2046,2060,2054,0.00391006842619746
"8333","8333",3614,3611,3686,0.0199225235196458
"8334","8334",1369,1369,1369,0
"8335","8335",2919,2784,2865,-0.0184994861253854
"8336","8336",1986,1986,1986,0
"8337","8337",1322,1313,1441,0.0900151285930409
"8338","8338",1873,1874,1874,0.000533902829684997
"8339","8339",4043,4043,4043,0
"8340","8340",1319,1295,1295,-0.0181956027293404
"8341","8341",920,881,881,-0.0423913043478261
"8342","8342",1145,1145,1253,0.0943231441048035
"8343","8343",2029,2029,2167,0.0680137999014293
"8344","8344",3845,3845,3849,0.00104031209362809
"8345","8345",3191,3191,3356,0.0517079285490442
"8346","8346",3176,3135,3162,-0.0044080604534005
"8347","8347",2616,3144,2722,0.040519877675841
"8348","8348",1770,1770,1815,0.0254237288135593
"8349","8349",2797,2797,2683,-0.040757954951734
"8350","8350",3915,3915,3914,-0.000255427841634738
"8351","8351",4713,4031,3978,-0.155951623169955
"8352","8352",5193,5201,5373,0.0346620450606586
"8353","8353",3226,3246,3242,0.00495970241785493
"8354","8354",1084,1084,1084,0
"8355","8355",1898,1898,1897,-0.000526870389884088
"8356","8356",1644,1675,1644,0
"8357","8357",2449,2414,2412,-0.0151082074316047
"8358","8358",1980,1896,1846,-0.0676767676767677
"8359","8359",2176,2176,2143,-0.0151654411764706
"8360","8360",3348,3126,3056,-0.0872162485065711
"8361","8361",2747,2747,2841,0.0342191481616309
"8362","8362",2536,2532,2531,-0.00197160883280757
"8363","8363",1956,1954,1897,-0.0301635991820041
"8364","8364",2919,2908,2857,-0.0212401507365536
"8365","8365",2764,2773,2743,-0.00759768451519537
"8366","8366",3783,3718,4013,0.0607983082209886
"8367","8367",6590,6487,6353,-0.0359635811836115
"8368","8368",6753,7233,6708,-0.00666370501999112
"8369","8369",1753,1642,1642,-0.0633200228180262
"8370","8370",4379,4379,4371,-0.00182690111897694
"8371","8371",1214,1214,1651,0.35996705107084
"8372","8372",2195,2211,2211,0.00728929384965831
"8373","8373",2255,2258,2272,0.00753880266075388
"8374","8374",1233,1233,1222,-0.0089213300892133
"8375","8375",2342,2341,2341,-0.000426985482493595
"8376","8376",1954,1925,2043,0.0455475946775844
"8377","8377",2925,2925,2397,-0.180512820512821
"8378","8378",3825,3832,3783,-0.0109803921568627
"8379","8379",2736,2732,2581,-0.0566520467836257
"8380","8380",3985,3804,3804,-0.0454203262233375
"8381","8381",6036,6106,5968,-0.0112657388999337
"8382","8382",4697,4698,4727,0.00638705556738344
"8383","8383",2325,2326,2382,0.0245161290322581
"13604","13604",2325,2326,2382,0.0245161290322581
"8384","8384",4604,4895,4474,-0.028236316246742
"8385","8385",1602,1639,1538,-0.0399500624219725
"8386","8386",2352,2352,2349,-0.00127551020408163
"8387","8387",4408,4415,4449,0.00930127041742287
"8388","8388",1339,1272,1272,-0.0500373412994772
"8389","8389",1964,1946,2136,0.0875763747454175
"8390","8390",1416,1416,1416,0
"8391","8391",3464,3472,3516,0.0150115473441109
"8392","8392",1363,1363,1198,-0.121056493030081
"8393","8393",1828,1828,1924,0.0525164113785558
"8394","8394",3563,3593,3660,0.0272242492281785
"8395","8395",5000,5017,5017,0.0034
"8396","8396",3824,3824,3824,0
"8397","8397",3789,3819,3819,0.00791765637371338
"8398","8398",2350,2350,2335,-0.00638297872340425
"8399","8399",1887,1887,1887,0
"8400","8400",975,884,884,-0.0933333333333333
"8401","8401",1835,1835,1767,-0.0370572207084469
"8403","8403",3234,3232,3233,-0.000309214594928881
"8404","8404",2202,2213,2218,0.0072661217075386
"8405","8405",4277,4279,4215,-0.0144961421557166
"8406","8406",2277,2356,2366,0.0390865173473869
"8407","8407",3096,3096,3095,-0.000322997416020672
"8408","8408",3912,3912,3913,0.000255623721881391
"8409","8409",4502,4509,4516,0.00310972900932919
"8410","8410",4773,3910,4043,-0.152943641315734
"8411","8411",3144,3144,2766,-0.120229007633588
"8412","8412",3114,3110,3169,0.0176621708413616
"8413","8413",1050,1050,1050,0
"8414","8414",874,874,874,0
"8415","8415",2784,2781,2422,-0.130028735632184
"8416","8416",939,939,946,0.00745473908413206
"8417","8417",2122,2069,2078,-0.0207351555136664
"8418","8418",2716,2595,2838,0.0449189985272459
"8419","8419",1881,1892,1839,-0.0223285486443381
"8421","8421",1554,1555,1606,0.0334620334620335
"8669","8669",1554,1555,1606,0.0334620334620335
"8422","8422",6791,6752,6767,-0.0035340892357532
"8423","8423",4694,4711,4705,0.00234341712824883
"8424","8424",1468,1169,1596,0.0871934604904632
"8425","8425",1997,1997,2022,0.0125187781672509
"8426","8426",2752,2751,2274,-0.173691860465116
"8427","8427",4960,4960,4736,-0.0451612903225806
"8428","8428",2132,2126,2126,-0.00281425891181989
"8430","8430",5369,5373,5375,0.00111752654125535
"8431","8431",2563,2563,2166,-0.154896605540382
"8432","8432",2364,2364,2388,0.0101522842639594
"8433","8433",1945,1949,1943,-0.00102827763496144
"8434","8434",5012,5033,4765,-0.0492817238627294
"8435","8435",1810,1679,1482,-0.18121546961326
"8436","8436",3930,3892,3937,0.00178117048346056
"8437","8437",1416,1602,1327,-0.0628531073446328
"8438","8438",3397,3397,3396,-0.000294377391816309
"8439","8439",1901,1904,1904,0.00157811678064177
"8440","8440",3317,2929,3273,-0.0132649984926138
"8441","8441",1952,1819,2009,0.0292008196721311
"8442","8442",6394,6402,6923,0.0827338129496403
"8443","8443",4784,4610,4356,-0.0894648829431438
"8444","8444",6669,6669,6669,0
"8445","8445",3733,3127,3459,-0.0733994106616662
"8446","8446",2810,2585,2585,-0.0800711743772242
"8447","8447",2831,2834,2808,-0.00812433768986224
"8448","8448",2804,2841,2648,-0.0556348074179743
"8449","8449",2147,2147,2148,0.000465766185374942
"8450","8450",1990,1948,2013,0.0115577889447236
"8451","8451",1611,1611,1597,-0.00869025450031037
"8452","8452",6576,6297,6237,-0.0515510948905109
"8453","8453",3709,3664,3762,0.0142895659207334
"8455","8455",1270,1270,1270,0
"8456","8456",2849,2849,2846,-0.00105300105300105
"8457","8457",1291,1296,1296,0.00387296669248644
"8458","8458",1983,1997,1998,0.0075642965204236
"8459","8459",1838,1836,1906,0.0369967355821545
"8460","8460",3430,3430,3383,-0.0137026239067055
"8461","8461",5335,5355,5354,0.00356138706654171
"8462","8462",3095,3217,2984,-0.0358642972536349
"8463","8463",1718,1718,1682,-0.0209545983701979
"8464","8464",2979,2979,2433,-0.183282980866062
"8466","8466",2941,2941,2869,-0.0244814688881333
"8467","8467",2220,2221,2352,0.0594594594594595
"8468","8468",1792,1791,1947,0.0864955357142857
"8469","8469",1711,1709,1710,-0.000584453535943892
"8470","8470",7283,8020,6855,-0.0587669916243306
"8471","8471",2620,2282,2380,-0.0916030534351145
"8472","8472",2998,2860,2858,-0.0466977985323549
"8473","8473",2385,2560,2422,0.0155136268343816
"8474","8474",2648,2481,2509,-0.0524924471299094
"8475","8475",5424,5426,5425,0.000184365781710914
"8476","8476",1494,1458,1458,-0.0240963855421687
"10566","10566",1494,1458,1458,-0.0240963855421687
"8477","8477",3268,3257,3259,-0.00275397796817625
"8478","8478",1336,1341,1354,0.0134730538922156
"8479","8479",3697,3697,3697,0
"8480","8480",2326,2239,2239,-0.0374032674118659
"8481","8481",5137,5176,5024,-0.0219972746739342
"8483","8483",3145,3067,3030,-0.0365659777424483
"8484","8484",3609,3575,3613,0.00110834026045996
"8485","8485",2712,2715,2940,0.084070796460177
"8486","8486",1933,1933,2115,0.0941541645111226
"8487","8487",3499,3502,3526,0.00771649042583595
"8488","8488",1516,1354,1615,0.0653034300791557
"8489","8489",1817,1816,1816,-0.000550357732526142
"8490","8490",2201,2378,2659,0.208087233075875
"11810","11810",2201,2378,2659,0.208087233075875
"8491","8491",5992,5992,6004,0.00200267022696929
"8492","8492",2103,2103,2103,0
"8493","8493",2637,2637,2841,0.0773606370875995
"8494","8494",2319,2319,2366,0.0202673566192324
"8495","8495",3327,3327,3383,0.0168319807634506
"8496","8496",3228,3324,3364,0.0421313506815366
"8497","8497",3846,3780,3817,-0.00754030161206448
"8498","8498",2267,2268,2255,-0.00529333921482135
"8499","8499",8888,8873,8941,0.00596309630963096
"8500","8500",1945,2211,2126,0.0930591259640103
"8501","8501",1538,1413,1414,-0.0806241872561769
"8502","8502",1113,1113,1052,-0.054806828391734
"16768","16768",1113,1113,1052,-0.054806828391734
"8503","8503",1699,1699,1699,0
"8504","8504",3505,3505,3429,-0.0216833095577746
"8505","8505",1779,1779,1467,-0.175379426644182
"8506","8506",4308,4320,4204,-0.0241411327762303
"8507","8507",3458,3503,3506,0.0138808559861191
"8508","8508",2272,2074,2107,-0.0726232394366197
"8509","8509",1355,1355,1350,-0.003690036900369
"8510","8510",1181,1181,1181,0
"8511","8511",4174,4174,4175,0.000239578342117873
"8512","8512",1580,1588,1618,0.0240506329113924
"8513","8513",2951,2878,3477,0.178244662826161
"8514","8514",5183,5192,5204,0.00405170750530581
"8515","8515",3172,3159,3229,0.0179697351828499
"8516","8516",1894,1738,1738,-0.0823653643083421
"8517","8517",4417,4410,4444,0.00611274620783337
"8518","8518",1237,1236,1323,0.0695230396119644
"8519","8519",5934,5937,5934,0
"8521","8521",1579,1579,1583,0.00253324889170361
"8522","8522",1922,1923,2292,0.192507804370447
"8523","8523",1480,1480,1360,-0.0810810810810811
"8524","8524",1340,1180,1185,-0.115671641791045
"8525","8525",1331,1331,1342,0.00826446280991736
"8526","8526",2485,2485,2386,-0.0398390342052314
"8527","8527",7574,7619,7476,-0.0129390018484288
"8528","8528",1512,1512,1744,0.153439153439153
"8529","8529",3034,3034,2990,-0.014502307185234
"8530","8530",5190,5070,4839,-0.0676300578034682
"8531","8531",2939,2943,3021,0.027900646478394
"8532","8532",3689,3632,3652,-0.0100298183789645
"8533","8533",3082,3203,3129,0.0152498377676833
"8534","8534",3125,2784,2870,-0.0816
"8535","8535",3923,3923,3923,0
"8536","8536",1757,1757,1757,0
"8537","8537",2455,2743,2453,-0.000814663951120163
"8538","8538",3316,3542,3110,-0.0621230398069964
"8539","8539",1851,1867,1820,-0.0167477039438142
"8540","8540",3287,3286,3343,0.0170368116823852
"8541","8541",4234,4353,4353,0.0281058101086443
"8542","8542",2875,2874,3624,0.260521739130435
"8543","8543",3737,4241,3462,-0.0735884399250736
"8544","8544",6669,6677,6252,-0.0625281151596941
"8545","8545",4350,4347,4348,-0.000459770114942529
"8546","8546",2494,2494,2605,0.0445068163592622
"8547","8547",3678,3645,3658,-0.00543773790103317
"8548","8548",4569,4461,4461,-0.0236375574523966
"8549","8549",2843,2856,2852,0.00316567006683081
"8550","8550",5013,4959,4998,-0.00299222022740874
"8551","8551",2487,2339,2315,-0.0691596300763973
"8554","8554",3685,3714,3716,0.00841248303934871
"8555","8555",2793,2983,2775,-0.00644468313641246
"8556","8556",1877,1880,1878,0.00053276505061268
"8557","8557",2764,2764,2724,-0.0144717800289436
"8558","8558",2244,2244,2282,0.0169340463458111
"8560","8560",2842,2851,2852,0.00351864883884588
"8561","8561",2815,3066,2624,-0.0678507992895204
"8562","8562",2230,2271,2139,-0.0408071748878924
"8565","8565",2222,2222,2212,-0.0045004500450045
"8566","8566",1633,1633,1723,0.0551132884262094
"8567","8567",10106,10236,8872,-0.122105679794182
"8568","8568",5071,5071,4919,-0.0299743640307632
"8569","8569",4571,4586,4581,0.00218770509735288
"15185","15185",4571,4586,4581,0.00218770509735288
"8570","8570",1083,1083,1487,0.373037857802401
"8571","8571",1093,1095,1095,0.00182982616651418
"8572","8572",1929,2006,2006,0.039917055469155
"8573","8573",1984,1919,2036,0.0262096774193548
"8574","8574",1891,1788,1732,-0.0840824960338445
"8575","8575",1525,1517,1522,-0.0019672131147541
"8576","8576",1990,1992,1992,0.00100502512562814
"8577","8577",1793,1796,1779,-0.00780814277746793
"8578","8578",3628,3628,3628,0
"8579","8579",4405,3290,3672,-0.166401816118048
"8580","8580",4694,4730,4756,0.0132083510864934
"8581","8581",2720,2644,2720,0
"8582","8582",3303,3484,3483,0.0544959128065395
"8583","8583",5189,5189,5192,0.000578146078242436
"8584","8584",1447,1447,1577,0.0898410504492052
"8585","8585",7381,7372,7344,-0.00501287088470397
"8586","8586",2001,1996,1953,-0.0239880059970015
"8587","8587",4093,4093,4355,0.0640117273393599
"8588","8588",5825,5804,5876,0.00875536480686695
"8589","8589",1477,1477,1484,0.004739336492891
"8590","8590",1369,1320,1320,-0.0357925493060628
"8591","8591",2356,2356,2357,0.000424448217317487
"8592","8592",3995,3999,3733,-0.0655819774718398
"8593","8593",3559,3558,3420,-0.039055914582748
"8594","8594",2611,2768,2838,0.0869398697816928
"8595","8595",2466,2461,2553,0.0352798053527981
"8596","8596",1929,1927,1934,0.00259201658890617
"8597","8597",5269,5248,5450,0.0343518694249383
"8599","8599",3921,3922,3922,0.000255036980362153
"8600","8600",4262,4262,4006,-0.0600656968559362
"8601","8601",3056,3056,3054,-0.000654450261780105
"8602","8602",1996,1996,1885,-0.0556112224448898
"8603","8603",3008,3008,3012,0.00132978723404255
"8604","8604",3377,3386,3598,0.0654427006218537
"8605","8605",1902,1902,2023,0.0636172450052576
"8606","8606",1013,1135,901,-0.110562685093781
"8607","8607",1220,1149,1124,-0.0786885245901639
"8608","8608",1239,1221,1279,0.0322841000807102
"17324","17324",1239,1221,1279,0.0322841000807102
"8611","8611",1465,1441,1441,-0.016382252559727
"8612","8612",2128,2254,2254,0.0592105263157895
"8614","8614",1938,1938,1961,0.0118679050567595
"8615","8615",2570,2666,3044,0.18443579766537
"8616","8616",983,983,984,0.00101729399796541
"8617","8617",8395,8250,8464,0.00821917808219178
"8618","8618",1470,1328,1321,-0.101360544217687
"8619","8619",4099,4099,4099,0
"8620","8620",4432,4430,4410,-0.00496389891696751
"8621","8621",2048,2072,2108,0.029296875
"8622","8622",3924,3851,3831,-0.0237003058103976
"8623","8623",8214,8177,8070,-0.0175310445580716
"8624","8624",1739,1957,1858,0.0684301322599195
"8625","8625",2225,2225,2332,0.0480898876404494
"8626","8626",1053,1053,1053,0
"8627","8627",2318,2318,2323,0.00215703192407248
"8629","8629",3003,3005,3117,0.037962037962038
"8630","8630",2027,2027,2013,-0.00690675875678342
"8631","8631",4482,4668,4510,0.00624721106648818
"8632","8632",1914,1901,2053,0.0726227795193312
"8633","8633",4729,4717,4608,-0.0255868048213153
"8634","8634",2092,2090,2092,0
"8635","8635",3553,3275,3462,-0.0256121587390937
"8636","8636",2566,2566,2518,-0.0187061574434918
"8637","8637",1452,982,982,-0.323691460055096
"8638","8638",3568,3426,3516,-0.0145739910313901
"8639","8639",875,874,851,-0.0274285714285714
"8640","8640",4383,4435,4658,0.0627424138717773
"8641","8641",1169,1066,1066,-0.088109495295124
"8642","8642",4729,4809,4809,0.0169168957496299
"8643","8643",903,903,903,0
"8644","8644",2141,2141,2141,0
"8645","8645",3735,3735,3836,0.027041499330656
"8646","8646",4347,4315,4294,-0.0121923165401426
"8647","8647",1615,1700,1760,0.0897832817337461
"8648","8648",911,892,892,-0.0208562019758507
"8649","8649",4099,4097,4101,0.000487923883874116
"8650","8650",3373,3373,3371,-0.000592943966795138
"8651","8651",2208,2207,2216,0.0036231884057971
"8652","8652",5991,6123,5905,-0.014354865631781
"8653","8653",2662,2635,2542,-0.0450788880540947
"8654","8654",3387,3385,3405,0.00531443755535872
"8655","8655",10070,9944,10187,0.0116186693147964
"8656","8656",4918,4814,4713,-0.0416836112240748
"8657","8657",2561,2550,2552,-0.00351425224521671
"8658","8658",3764,3415,3333,-0.114505844845909
"8659","8659",3548,3551,3516,-0.00901916572717024
"8660","8660",1558,1533,1576,0.0115532734274711
"8661","8661",945,944,942,-0.00317460317460317
"8662","8662",7762,6749,6562,-0.15459933006957
"8663","8663",2459,2600,2597,0.0561203741358276
"8664","8664",3557,3556,3469,-0.0247399493955581
"8665","8665",1830,1751,1751,-0.0431693989071038
"8666","8666",1578,1578,1578,0
"8667","8667",3070,3088,2681,-0.12671009771987
"8668","8668",3437,3433,3341,-0.027931335466977
"8670","8670",1708,1709,1675,-0.0193208430913349
"8671","8671",4020,3832,3928,-0.0228855721393035
"8672","8672",814,815,817,0.00368550368550369
"13842","13842",814,815,817,0.00368550368550369
"8673","8673",6265,6103,6049,-0.0344772545889864
"8674","8674",2536,2667,2650,0.0449526813880126
"8675","8675",1376,1376,1515,0.101017441860465
"8676","8676",4489,4514,4637,0.0329694809534417
"8678","8678",2244,2286,2277,0.0147058823529412
"8679","8679",2959,2965,2799,-0.0540723217303143
"8680","8680",3923,3923,3932,0.00229416263063982
"8681","8681",2430,2789,2767,0.138683127572016
"8682","8682",5749,5491,5493,-0.0445294833884154
"8683","8683",6283,6282,6282,-0.000159159637116027
"8684","8684",2403,2594,2562,0.066167290886392
"8685","8685",1964,1964,1853,-0.0565173116089613
"8686","8686",1372,1372,1372,0
"8687","8687",1413,1413,1394,-0.013446567586695
"8688","8688",5765,5752,5797,0.00555073720728534
"8689","8689",4061,3864,3293,-0.189115981285398
"8690","8690",1806,1806,1767,-0.0215946843853821
"8691","8691",2265,2263,2253,-0.00529801324503311
"8692","8692",4702,3582,4343,-0.0763504891535517
"8693","8693",4845,4754,5077,0.0478844169246646
"8694","8694",1059,1091,977,-0.0774315391879131
"8695","8695",2926,2944,2960,0.01161995898838
"8696","8696",754,756,753,-0.0013262599469496
"19619","19619",754,756,753,-0.0013262599469496
"8697","8697",2660,2660,2660,0
"8698","8698",2530,2530,2427,-0.0407114624505929
"8699","8699",1855,1844,1843,-0.00646900269541779
"18028","18028",1855,1844,1843,-0.00646900269541779
"8700","8700",4639,4780,4769,0.0280232808794999
"8701","8701",3519,3514,3529,0.00284171639670361
"8703","8703",2190,2077,2124,-0.0301369863013699
"8704","8704",1672,1532,1733,0.0364832535885167
"8705","8705",4816,4820,4961,0.0301079734219269
"8706","8706",1542,1542,1708,0.107652399481193
"8707","8707",2886,2886,2872,-0.00485100485100485
"8709","8709",2191,2191,2201,0.00456412596987677
"8710","8710",1685,1685,1685,0
"8711","8711",1961,1961,2096,0.0688424273329934
"8712","8712",1908,1902,1902,-0.00314465408805031
"8713","8713",2436,2029,2393,-0.0176518883415435
"8714","8714",5330,5307,5371,0.00769230769230769
"8716","8716",8462,8461,8469,0.000827227605766958
"8717","8717",4604,4604,4603,-0.000217202432667246
"8718","8718",4788,4796,4781,-0.00146198830409357
"8719","8719",4111,4105,3788,-0.0785696910727317
"8720","8720",1788,1788,1767,-0.011744966442953
"8721","8721",7397,7428,7292,-0.0141949438961741
"8722","8722",2950,2954,2860,-0.0305084745762712
"8723","8723",4101,3801,3968,-0.0324311143623506
"8724","8724",5575,5805,5595,0.00358744394618834
"8725","8725",1157,1157,1157,0
"8726","8726",3532,3554,3198,-0.094563986409966
"8727","8727",3975,3986,3870,-0.0264150943396226
"8728","8728",2335,2335,2330,-0.00214132762312634
"8729","8729",1602,1602,1592,-0.00624219725343321
"8730","8730",5399,5564,5280,-0.0220411187256899
"8731","8731",2323,2323,2340,0.00731812311665949
"8732","8732",1982,1982,2123,0.0711402623612513
"8733","8733",2050,2041,2041,-0.00439024390243902
"8734","8734",2286,2024,1724,-0.245844269466317
"8735","8735",2685,2687,2691,0.00223463687150838
"8736","8736",3690,3701,3883,0.0523035230352304
"8737","8737",4371,4372,4620,0.0569663692518874
"8738","8738",1978,2066,1956,-0.0111223458038423
"15639","15639",1978,2066,1956,-0.0111223458038423
"8739","8739",2360,2287,2279,-0.0343220338983051
"8740","8740",4405,3649,3506,-0.204086265607264
"8741","8741",2108,2325,2101,-0.00332068311195446
"8742","8742",2505,2479,2257,-0.099001996007984
"8743","8743",2064,2064,2024,-0.0193798449612403
"8744","8744",2024,2179,2179,0.0765810276679842
"8745","8745",1723,1724,1724,0.000580383052814858
"8746","8746",1311,1311,1310,-0.0007627765064836
"8747","8747",6908,6901,7111,0.0293862188766647
"8748","8748",1312,1310,1161,-0.115091463414634
"8749","8749",3040,3039,3031,-0.00296052631578947
"8750","8750",2103,2117,2252,0.0708511650023776
"8751","8751",3349,3478,3478,0.0385189608838459
"8752","8752",2766,2695,2695,-0.0256688358640636
"8753","8753",3794,3715,3653,-0.0371639430680021
"8754","8754",2764,2764,2938,0.0629522431259045
"8755","8755",1518,1518,1520,0.00131752305665349
"8756","8756",3803,3792,3708,-0.0249802787273205
"8757","8757",4710,4708,4685,-0.00530785562632696
"8758","8758",3077,3075,3075,-0.00064998375040624
"8759","8759",5726,5728,5735,0.00157177785539644
"8760","8760",5885,5924,5941,0.00951571792693288
"8761","8761",3663,3663,3717,0.0147420147420147
"8762","8762",5643,5591,5510,-0.0235690235690236
"8763","8763",1048,1048,1048,0
"8764","8764",3808,3736,3895,0.0228466386554622
"8765","8765",1983,1982,1984,0.000504286434694907
"14754","14754",1983,1982,1984,0.000504286434694907
"8766","8766",2175,2175,1827,-0.16
"8767","8767",1691,1748,1757,0.039030159668835
"8768","8768",4404,4521,4601,0.0447320617620345
"8770","8770",2222,2264,2520,0.134113411341134
"8771","8771",2066,2066,2061,-0.00242013552758954
"8772","8772",3677,3769,3680,0.00081588251291814
"8773","8773",2592,2592,2659,0.0258487654320988
"8774","8774",4494,4494,4435,-0.0131286159323543
"8775","8775",2571,2571,2572,0.000388953714507974
"8776","8776",2231,2228,2227,-0.00179291797400269
"8777","8777",4131,4054,4131,0
"8778","8778",6185,6147,6146,-0.0063055780113177
"8779","8779",4856,4855,4729,-0.0261532125205931
"8780","8780",3508,3510,3510,0.000570125427594071
"8781","8781",1893,1950,1886,-0.00369783412572636
"8782","8782",2070,2070,2070,0
"8783","8783",3459,3459,3459,0
"8784","8784",4070,3752,3799,-0.0665847665847666
"8785","8785",3060,3061,3062,0.00065359477124183
"8786","8786",2767,2929,2929,0.0585471629924106
"8787","8787",1294,1295,1258,-0.0278207109737249
"8788","8788",1666,1950,1839,0.103841536614646
"8790","8790",3865,4001,4623,0.196119016817594
"8792","8792",3943,3949,4021,0.0197818919604362
"8793","8793",763,762,888,0.163826998689384
"8794","8794",3192,3180,3180,-0.0037593984962406
"8795","8795",2180,2179,2176,-0.0018348623853211
"8796","8796",3989,2923,2762,-0.307595888693908
"8797","8797",3491,3528,3490,-0.000286450873675165
"8798","8798",2524,2524,2438,-0.0340729001584786
"8799","8799",3455,3472,3590,0.0390738060781476
"8800","8800",1201,1201,1265,0.0532889258950874
"8801","8801",4685,4586,4441,-0.0520811099252935
"8802","8802",1488,1488,1496,0.00537634408602151
"8803","8803",2211,2211,2210,-0.000452284034373587
"8804","8804",907,907,941,0.0374862183020948
"8805","8805",1507,1371,1371,-0.0902455209024552
"8806","8806",5353,5384,5394,0.0076592564916869
"8807","8807",1753,1748,1749,-0.00228180262407302
"11472","11472",1753,1748,1749,-0.00228180262407302
"8808","8808",3828,3829,3830,0.000522466039707419
"8809","8809",1206,1165,1165,-0.0339966832504146
"8811","8811",3045,3045,2787,-0.0847290640394089
"8812","8812",1977,2243,2849,0.441072331815883
"8813","8813",3498,3577,3473,-0.00714694110920526
"8814","8814",3794,3794,3794,0
"8815","8815",1829,1829,1828,-0.000546746856205577
"8816","8816",3155,2997,2996,-0.0503961965134707
"15213","15213",3155,2997,2996,-0.0503961965134707
"8817","8817",1431,1431,1429,-0.00139762403913347
"8818","8818",1031,1031,1023,-0.00775945683802134
"8819","8819",2116,2117,2116,0
"8820","8820",3005,3416,3222,0.0722129783693844
"8822","8822",3283,3187,3385,0.0310691440755407
"8823","8823",1582,1582,1612,0.0189633375474083
"8824","8824",998,998,973,-0.0250501002004008
"8825","8825",2072,2012,2154,0.0395752895752896
"8826","8826",2642,2642,2648,0.00227100681302044
"8827","8827",3136,3166,3205,0.0220025510204082
"19988","19988",3136,3166,3205,0.0220025510204082
"8828","8828",4400,4368,4347,-0.0120454545454545
"8829","8829",1401,1401,1401,0
"8830","8830",2646,2975,3164,0.195767195767196
"8831","8831",2731,2729,2897,0.0607835957524716
"8832","8832",921,921,919,-0.00217155266015201
"8833","8833",4188,4193,4188,0
"8834","8834",4645,4631,4729,0.0180839612486545
"8835","8835",3311,2759,2770,-0.163394744790094
"8836","8836",3180,3045,2992,-0.0591194968553459
"8837","8837",1248,1248,1248,0
"15973","15973",1248,1248,1248,0
"8838","8838",1533,1533,1510,-0.015003261578604
"8839","8839",5616,5649,5490,-0.0224358974358974
"8840","8840",2742,2590,2449,-0.106856309263311
"8841","8841",3272,3272,3248,-0.00733496332518337
"8842","8842",3147,3005,2968,-0.0568795678423896
"8843","8843",1189,1189,1189,0
"8844","8844",2991,2832,2883,-0.0361083249749248
"8845","8845",2405,2389,2377,-0.0116424116424116
"8847","8847",1945,1960,1961,0.00822622107969152
"8848","8848",3064,3022,3166,0.033289817232376
"8849","8849",2438,2438,2434,-0.00164068908941756
"8850","8850",1526,1526,1639,0.0740498034076016
"8851","8851",3689,3411,3351,-0.0916237462727026
"8852","8852",2344,2344,2339,-0.00213310580204778
"8853","8853",3449,3423,3440,-0.00260945201507683
"8854","8854",5404,5206,5522,0.0218356772760918
"8855","8855",8309,8313,8311,0.0002407028523288
"8856","8856",4059,4056,4056,-0.00073909830007391
"8857","8857",1396,1392,1556,0.114613180515759
"8858","8858",2765,2689,2762,-0.00108499095840868
"8860","8860",1918,2030,2030,0.0583941605839416
"8861","8861",1987,1861,1819,-0.0845495722194263
"8862","8862",2090,2104,2045,-0.0215311004784689
"8863","8863",2192,2443,2329,0.0625
"19923","19923",2192,2443,2329,0.0625
"8864","8864",2302,2302,2302,0
"8865","8865",2627,2621,2598,-0.0110392082223068
"8866","8866",2893,2618,2640,-0.0874524714828897
"8867","8867",2638,2638,2639,0.000379075056861259
"8868","8868",1304,1306,1306,0.00153374233128834
"8869","8869",4700,4370,4545,-0.0329787234042553
"8870","8870",1446,1403,1403,-0.0297372060857538
"11973","11973",1446,1403,1403,-0.0297372060857538
"8871","8871",3946,3973,4012,0.0167257982767359
"8872","8872",3913,4234,3696,-0.0554561717352415
"8873","8873",2860,2860,2841,-0.00664335664335664
"8874","8874",1440,1440,1436,-0.00277777777777778
"8875","8875",1970,1970,2063,0.0472081218274112
"8876","8876",2186,2186,2059,-0.0580969807868253
"8877","8877",2331,2331,2324,-0.003003003003003
"8878","8878",1452,1452,1414,-0.0261707988980716
"8879","8879",3036,2957,2982,-0.0177865612648221
"8880","8880",2758,2759,2756,-0.000725163161711385
"8881","8881",3931,3477,3940,0.00228949376748919
"8882","8882",9194,9192,9257,0.00685229497498369
"8883","8883",1716,1852,1716,0
"8884","8884",1234,1234,1482,0.20097244732577
"8885","8885",2866,2960,3003,0.0478018143754361
"8886","8886",3978,4138,4140,0.0407239819004525
"8887","8887",3628,3623,3588,-0.0110253583241455
"8888","8888",3221,3222,2864,-0.110835144365104
"8889","8889",2054,2054,2054,0
"8890","8890",2185,2185,2291,0.048512585812357
"8891","8891",985,985,985,0
"11981","11981",985,985,985,0
"8892","8892",2014,1996,1994,-0.0099304865938431
"8894","8894",2046,2046,2154,0.0527859237536657
"8895","8895",1843,1892,1891,0.0260444926749864
"18625","18625",1843,1892,1891,0.0260444926749864
"8896","8896",3685,3685,3620,-0.0176390773405699
"8897","8897",3411,3411,3408,-0.000879507475813544
"8898","8898",5044,5010,5010,-0.00674068199841396
"8899","8899",7728,7955,7954,0.0292443064182195
"8900","8900",1765,1765,1688,-0.0436260623229462
"8901","8901",2866,2869,2884,0.00628053035589672
"8902","8902",1147,1469,1231,0.0732345248474281
"8903","8903",2639,2309,2342,-0.112542629784009
"8905","8905",782,782,782,0
"8906","8906",1981,2395,1990,0.00454316002019182
"8907","8907",1955,1971,1971,0.00818414322250639
"8908","8908",4164,4344,4258,0.0225744476464938
"8909","8909",1088,1088,1085,-0.00275735294117647
"8910","8910",1854,1862,1810,-0.0237324703344121
"8911","8911",2875,2704,3221,0.120347826086957
"8912","8912",3238,3220,3193,-0.0138974675725757
"8913","8913",1424,1424,1424,0
"8914","8914",2272,2272,1905,-0.161531690140845
"8915","8915",2663,2642,2176,-0.182876455125798
"8916","8916",4772,4296,4498,-0.0574182732606873
"8917","8917",1830,1830,1830,0
"8918","8918",849,816,849,0
"14005","14005",849,816,849,0
"8919","8919",2285,2295,2371,0.037636761487965
"8920","8920",4329,4329,4400,0.0164010164010164
"8921","8921",3255,3252,3398,0.0439324116743472
"14902","14902",3255,3252,3398,0.0439324116743472
"8922","8922",4596,4648,4763,0.0363359442993908
"8923","8923",1758,1752,1804,0.0261660978384528
"8924","8924",2567,2570,2572,0.00194779898714453
"8925","8925",2460,2388,2375,-0.0345528455284553
"8926","8926",2694,2567,2567,-0.0471417965850037
"8927","8927",2029,2029,2029,0
"8928","8928",2860,2860,2860,0
"8930","8930",1030,1029,1035,0.00485436893203883
"8931","8931",7269,7269,7461,0.0264135369376806
"8932","8932",1574,1573,1573,-0.000635324015247776
"8933","8933",3175,3325,3342,0.0525984251968504
"8934","8934",1814,1813,1813,-0.000551267916207277
"8935","8935",2993,3007,3035,0.0140327430671567
"8936","8936",2895,2895,2485,-0.141623488773748
"8937","8937",2503,2503,2462,-0.0163803435876948
"10193","10193",2503,2503,2462,-0.0163803435876948
"8938","8938",2881,2906,2890,0.00312391530718501
"8939","8939",2686,2670,2631,-0.0204765450483991
"8940","8940",2529,2529,2530,0.000395413206801107
"8942","8942",1383,1325,1326,-0.0412147505422994
"8943","8943",4790,4789,4777,-0.00271398747390397
"8944","8944",3244,3246,3246,0.00061652281134402
"8945","8945",2189,2189,2189,0
"8946","8946",1919,1787,1767,-0.0792079207920792
"8948","8948",4124,4121,4072,-0.0126091173617847
"8949","8949",4704,4709,4605,-0.0210459183673469
"8950","8950",4258,4269,4275,0.00399248473461719
"8952","8952",4161,3953,3926,-0.0564768084595049
"8953","8953",3319,3319,3333,0.0042181379933715
"8954","8954",1939,1852,1958,0.00979886539453326
"8955","8955",3990,4041,4043,0.0132832080200501
"8956","8956",2618,2731,2945,0.124904507257448
"8957","8957",6897,6891,6899,0.00028998115122517
"8958","8958",1219,1202,1202,-0.0139458572600492
"8959","8959",2584,2584,2625,0.0158668730650155
"8961","8961",1142,1148,1148,0.00525394045534151
"8962","8962",4438,4117,4136,-0.0680486705723299
"8963","8963",4074,4095,3945,-0.0316642120765832
"8964","8964",4211,4195,4196,-0.00356209926383282
"8965","8965",3268,3317,3188,-0.0244798041615667
"8966","8966",1584,1583,1576,-0.00505050505050505
"8967","8967",3134,3134,3144,0.00319081046585833
"15732","15732",3134,3134,3144,0.00319081046585833
"8968","8968",3458,3458,3257,-0.0581260844418739
"8969","8969",4143,4116,4114,-0.00699975862901279
"9610","9610",4143,4116,4114,-0.00699975862901279
"8970","8970",2622,2626,2606,-0.0061022120518688
"8971","8971",8638,8640,8301,-0.0390136605695763
"8972","8972",2573,2575,2574,0.000388651379712398
"8973","8973",2897,2893,2917,0.00690369347600967
"8974","8974",5244,5143,4804,-0.083905415713196
"8975","8975",6242,6242,6302,0.00961230374879846
"8976","8976",1434,1434,1459,0.0174337517433752
"8977","8977",1643,1643,1847,0.124163116250761
"8978","8978",1557,1557,1658,0.0648683365446371
"8979","8979",3478,3419,3443,-0.0100632547441058
"8980","8980",1863,1863,1803,-0.0322061191626409
"8981","8981",2966,2966,2893,-0.0246122724207687
"8982","8982",3752,4051,4052,0.0799573560767591
"8983","8983",2845,2849,2937,0.0323374340949033
"8984","8984",2347,2210,2260,-0.0370685982104815
"8985","8985",4456,4453,3962,-0.110861759425494
"8986","8986",3348,3354,3254,-0.0280764635603345
"10657","10657",3348,3354,3254,-0.0280764635603345
"8987","8987",2579,2742,2742,0.0632027917797596
"8988","8988",3332,3336,3303,-0.00870348139255702
"8989","8989",3230,3072,3052,-0.0551083591331269
"8990","8990",2462,2462,2462,0
"8991","8991",1986,1986,1979,-0.00352467270896274
"8992","8992",1967,1967,1967,0
"8993","8993",1870,1902,1862,-0.00427807486631016
"8994","8994",5462,5462,5449,-0.00238008055657268
"8995","8995",2405,2420,2444,0.0162162162162162
"8996","8996",2701,2543,2537,-0.0607182524990744
"8997","8997",2451,2455,2495,0.0179518563851489
"8998","8998",4101,4184,4137,0.00877834674469642
"8999","8999",1771,1602,1616,-0.0875211744776962
"9000","9000",3546,3546,3504,-0.011844331641286
"9001","9001",4241,4241,4545,0.0716812072624381
"9002","9002",1421,1525,1418,-0.00211118930330753
"9003","9003",8892,8869,8875,-0.00191183085919928
"9004","9004",2242,2242,2247,0.00223015165031222
"9005","9005",1005,1059,1059,0.0537313432835821
"9006","9006",2818,2670,2868,0.0177430801987225
"13547","13547",2818,2670,2868,0.0177430801987225
"9007","9007",1504,1504,1582,0.0518617021276596
"9008","9008",4935,4936,4936,0.000202634245187437
"9009","9009",2090,2091,2088,-0.000956937799043062
"9010","9010",5494,5493,5474,-0.00364033491081179
"9011","9011",3577,3530,3560,-0.00475258596589321
"9012","9012",1816,1730,1731,-0.0468061674008811
"9013","9013",4804,4838,4855,0.0106161532056619
"9014","9014",3581,3442,3554,-0.00753979335381178
"9015","9015",2845,2837,2837,-0.00281195079086116
"9016","9016",1380,1381,1375,-0.0036231884057971
"9017","9017",2275,2363,2278,0.00131868131868132
"9018","9018",5665,5926,5551,-0.0201235657546337
"9019","9019",2229,2266,2465,0.105877074921489
"9020","9020",1376,1441,1377,0.000726744186046512
"9021","9021",1879,1845,1866,-0.0069185737094199
"9022","9022",1748,1746,1677,-0.0406178489702517
"9023","9023",1389,1389,1377,-0.00863930885529158
"9024","9024",2852,2856,2860,0.00280504908835905
"9025","9025",5366,4920,5119,-0.0460305628028327
"9026","9026",2430,2360,2353,-0.0316872427983539
"9027","9027",3034,3028,3097,0.0207646671061305
"9028","9028",5668,5664,5386,-0.0497529992942837
"9029","9029",1052,1052,1052,0
"9030","9030",8580,8639,8688,0.0125874125874126
"9031","9031",6413,6429,6556,0.0222984562607204
"9033","9033",7531,7405,7165,-0.0485991236223609
"9034","9034",2527,2527,2519,-0.00316580925999209
"9036","9036",6376,6854,6332,-0.006900878293601
"9037","9037",2921,3082,2852,-0.0236220472440945
"9038","9038",1536,1536,1531,-0.00325520833333333
"9039","9039",1794,1790,1874,0.0445930880713489
"9040","9040",2164,2087,2165,0.000462107208872458
"9041","9041",1701,1701,1710,0.00529100529100529
"9042","9042",5653,5793,5736,0.0146824694852291
"9043","9043",1806,1806,1806,0
"9044","9044",2834,2833,2808,-0.00917431192660551
"9045","9045",14825,15093,14689,-0.00917369308600337
"9046","9046",1153,1153,1153,0
"9047","9047",2900,2907,2906,0.00206896551724138
"9048","9048",2086,2086,1894,-0.0920421860019175
"9049","9049",2147,2147,2147,0
"9050","9050",7476,7604,7496,0.00267522739432852
"9051","9051",1667,1715,1801,0.0803839232153569
"9052","9052",396,396,569,0.436868686868687
"9053","9053",1848,1847,1847,-0.000541125541125541
"9054","9054",2073,2057,2339,0.128316449589966
"9055","9055",2627,2560,2594,-0.0125618576322802
"9056","9056",1260,1262,1376,0.0920634920634921
"9057","9057",2195,2420,2142,-0.0241457858769932
"9058","9058",6769,6759,6758,-0.0016250553996159
"9059","9059",1454,1448,1448,-0.00412654745529574
"9060","9060",3224,3207,3329,0.0325682382133995
"9061","9061",2813,2813,2888,0.0266619267685745
"9062","9062",6922,6922,6932,0.0014446691707599
"9063","9063",3007,2914,2904,-0.034253408713003
"9064","9064",926,926,938,0.0129589632829374
"9065","9065",4081,4080,4064,-0.00416564567507964
"9066","9066",2771,2771,2839,0.0245398773006135
"14529","14529",2771,2771,2839,0.0245398773006135
"9067","9067",1628,1628,1619,-0.00552825552825553
"9068","9068",2138,2135,2134,-0.00187090739008419
"9069","9069",4252,4254,3978,-0.0644402634054562
"9070","9070",2279,2279,2374,0.0416849495392716
"9071","9071",5117,4970,5044,-0.014266171584913
"9072","9072",3689,3689,3714,0.00677690431011114
"9074","9074",5675,5673,5672,-0.00052863436123348
"9075","9075",4045,4388,3571,-0.117181705809642
"9076","9076",3159,3034,3004,-0.0490661601772713
"9095","9095",3159,3034,3004,-0.0490661601772713
"9077","9077",5149,5217,5240,0.0176733346280831
"9078","9078",1412,1412,1181,-0.163597733711048
"9079","9079",5591,5588,5644,0.00947952065820068
"9080","9080",2802,2803,3050,0.0885082084225553
"9081","9081",4769,4797,4781,0.00251625078632837
"9082","9082",2855,2911,2825,-0.010507880910683
"9083","9083",2636,2576,2585,-0.0193474962063733
"9085","9085",3028,3306,3205,0.0584544253632761
"19838","19838",3028,3306,3205,0.0584544253632761
"9086","9086",3955,3637,3637,-0.0804045512010114
"9087","9087",1155,1133,1159,0.00346320346320346
"9088","9088",2558,2561,2797,0.0934323690383112
"9089","9089",2177,2177,2177,0
"9090","9090",4703,4709,4726,0.00489049542844993
"9091","9091",2467,2466,2591,0.0502634779083908
"9092","9092",1363,1366,1366,0.00220102714600147
"14293","14293",1363,1366,1366,0.00220102714600147
"17633","17633",1363,1366,1366,0.00220102714600147
"9093","9093",5557,5564,5578,0.00377901745546158
"9094","9094",1985,1779,1606,-0.190931989924433
"9096","9096",2948,3009,2932,-0.00542740841248304
"9097","9097",3881,3910,3872,-0.00231898995104355
"9098","9098",2915,2920,2921,0.00205831903945111
"9099","9099",3554,3584,3685,0.0368598761958357
"9100","9100",1646,1646,1646,0
"9101","9101",6273,6586,6424,0.0240714171847601
"9102","9102",5800,6153,6388,0.101379310344828
"9103","9103",1715,1718,1702,-0.0075801749271137
"9104","9104",2707,2707,2814,0.0395271518285925
"9105","9105",1096,1096,1100,0.00364963503649635
"9106","9106",5785,5795,5647,-0.0238547968885048
"9107","9107",2026,2026,2026,0
"9108","9108",2710,2706,2591,-0.0439114391143911
"9109","9109",1781,1781,1762,-0.0106681639528355
"9110","9110",1348,1365,1365,0.0126112759643917
"9111","9111",1557,1422,1298,-0.166345536287733
"9112","9112",2502,2479,2504,0.000799360511590727
"9113","9113",1245,1247,1245,0
"9114","9114",2459,2339,2352,-0.0435136234241562
"9115","9115",10589,10494,10561,-0.00264425347058268
"9116","9116",2334,2178,2167,-0.0715509854327335
"9117","9117",2681,2607,2644,-0.0138008205893323
"9118","9118",2728,2728,2686,-0.0153958944281525
"14716","14716",2728,2728,2686,-0.0153958944281525
"9119","9119",3171,3058,3037,-0.0422579627877641
"9120","9120",5995,5991,5990,-0.000834028356964137
"9121","9121",1707,1783,1735,0.0164030462800234
"9122","9122",1807,2063,1984,0.0979524073049253
"19026","19026",1807,2063,1984,0.0979524073049253
"9123","9123",1301,1301,1302,0.000768639508070715
"9124","9124",2062,2066,2421,0.174102812803104
"9125","9125",3288,3189,3032,-0.0778588807785888
"9126","9126",4260,4260,4325,0.0152582159624413
"9127","9127",1902,1890,1775,-0.0667718191377497
"9128","9128",2701,2702,2484,-0.0803406145871899
"9129","9129",1802,1802,1865,0.03496115427303
"9130","9130",2358,2407,2593,0.0996607294317218
"9131","9131",3483,3445,3529,0.0132070054550675
"9132","9132",5502,5508,5524,0.00399854598327881
"9133","9133",2487,2665,2595,0.0434258142340169
"9134","9134",1446,1446,1234,-0.146611341632089
"9136","9136",9627,9612,9650,0.00238911395034798
"9137","9137",1716,1716,1653,-0.0367132867132867
"9138","9138",3280,3278,3275,-0.00152439024390244
"9139","9139",2218,2232,2268,0.0225428313796213
"9157","9157",2218,2232,2268,0.0225428313796213
"9140","9140",3970,3958,4017,0.0118387909319899
"9141","9141",4642,4641,4644,0.000430848772081
"9142","9142",2810,2656,2650,-0.0569395017793594
"9143","9143",2117,2117,2072,-0.0212564950401512
"9144","9144",2180,2179,2183,0.00137614678899083
"9145","9145",2821,2821,2821,0
"9146","9146",2308,2422,2420,0.048526863084922
"9147","9147",2445,2447,2447,0.00081799591002045
"9148","9148",1914,1914,1949,0.0182863113897597
"14441","14441",1914,1914,1949,0.0182863113897597
"9149","9149",4126,4195,4293,0.0404750363548231
"9150","9150",908,908,963,0.0605726872246696
"9151","9151",2876,3177,2814,-0.021557719054242
"9152","9152",4331,4149,4239,-0.0212422073424151
"9153","9153",3216,2857,2823,-0.122201492537313
"9154","9154",1818,1820,1820,0.0011001100110011
"9155","9155",8028,8151,8212,0.0229197807673144
"9156","9156",3499,3497,3449,-0.0142897970848814
"9159","9159",1423,1423,1423,0
"9160","9160",4450,4450,4565,0.0258426966292135
"9161","9161",3279,3363,3233,-0.0140286672766087
"9162","9162",2044,2097,2043,-0.000489236790606654
"9163","9163",2264,2124,1942,-0.142226148409894
"9164","9164",4001,3980,4033,0.00799800049987503
"9165","9165",1569,1468,1545,-0.0152963671128107
"9166","9166",2987,2978,2978,-0.00301305657850686
"9167","9167",2832,2580,2766,-0.0233050847457627
"9168","9168",4817,4741,4174,-0.133485571932738
"9170","9170",3644,3644,3827,0.0502195389681668
"9171","9171",2456,2456,2467,0.00447882736156352
"9172","9172",1997,1970,2068,0.0355533299949925
"9173","9173",3056,2830,2756,-0.0981675392670157
"9174","9174",2710,2811,2500,-0.0774907749077491
"9175","9175",1699,1665,1606,-0.0547380812242496
"9176","9176",5745,5764,5686,-0.0102697998259356
"9177","9177",1820,1820,1820,0
"9178","9178",2888,2858,2877,-0.00380886426592798
"9179","9179",1731,1675,1688,-0.024841132293472
"9180","9180",4476,4476,4475,-0.000223413762287757
"9181","9181",1253,1253,1253,0
"9182","9182",3333,3411,3411,0.0234023402340234
"9183","9183",2217,2185,2185,-0.0144339197113216
"9184","9184",3472,3470,3487,0.00432027649769585
"9185","9185",3720,3752,3864,0.0387096774193548
"9186","9186",1692,1687,1702,0.00591016548463357
"9187","9187",2227,2181,2185,-0.0188594521778177
"9188","9188",5480,5458,5559,0.0144160583941606
"9189","9189",2226,2226,2180,-0.0206648697214735
"9190","9190",1927,1927,1931,0.00207576543850545
"9191","9191",1461,1461,1382,-0.054072553045859
"9192","9192",3131,3138,3132,0.000319386777387416
"9193","9193",2727,2727,2601,-0.0462046204620462
"9194","9194",853,852,806,-0.0550996483001172
"9196","9196",3647,3393,3398,-0.0682752947628188
"9197","9197",4634,4498,4356,-0.0599913681484678
"9198","9198",2695,2696,2761,0.0244897959183673
"9199","9199",2404,2398,2607,0.0844425956738769
"9200","9200",2172,2080,2080,-0.0423572744014733
"9201","9201",3835,3853,3708,-0.033116036505867
"9202","9202",2050,1859,1945,-0.0512195121951219
"9203","9203",4368,4368,4004,-0.0833333333333333
"9204","9204",3153,3156,3189,0.0114176974310181
"9205","9205",3492,3490,3455,-0.0105956471935853
"9206","9206",2017,2027,2220,0.100644521566683
"9207","9207",1555,1555,1818,0.169131832797428
"9208","9208",3752,3752,3532,-0.05863539445629
"9209","9209",2857,2229,2234,-0.218060903045152
"9210","9210",1977,1976,1976,-0.000505816894284269
"9211","9211",1662,1662,1321,-0.20517448856799
"9212","9212",2556,2560,2565,0.00352112676056338
"9213","9213",3350,3180,3005,-0.102985074626866
"9214","9214",3793,3793,3656,-0.0361191668863696
"9215","9215",1649,1649,2513,0.523953911461492
"9216","9216",5181,5142,5145,-0.00694846554719166
"9217","9217",3528,3528,3528,0
"9218","9218",2058,2058,1994,-0.0310981535471331
"19620","19620",2058,2058,1994,-0.0310981535471331
"9219","9219",5653,5646,5643,-0.00176897222713603
"9220","9220",5978,5971,5972,-0.00100368016058883
"9221","9221",4317,4022,4085,-0.0537410238591615
"19466","19466",4317,4022,4085,-0.0537410238591615
"9222","9222",2192,2192,2192,0
"9223","9223",3212,3209,2881,-0.103051058530511
"9224","9224",4298,4299,4109,-0.0439739413680782
"9225","9225",4896,5187,5184,0.0588235294117647
"9226","9226",1723,1479,1626,-0.0562971561230412
"9227","9227",3023,2949,2944,-0.0261329804829639
"9228","9228",3710,3794,3709,-0.000269541778975741
"9229","9229",2384,2349,2349,-0.0146812080536913
"9230","9230",2750,2750,2848,0.0356363636363636
"9231","9231",2650,2648,2751,0.0381132075471698
"9232","9232",1923,1827,1828,-0.0494019760790432
"9233","9233",6121,6121,6120,-0.000163371998039536
"9234","9234",3834,3746,3748,-0.0224308815858112
"9235","9235",2398,2398,2231,-0.0696413678065054
"9236","9236",1306,1306,1302,-0.00306278713629403
"9237","9237",906,905,905,-0.0011037527593819
"9238","9238",3214,3214,3430,0.0672059738643435
"14410","14410",3214,3214,3430,0.0672059738643435
"9239","9239",4700,4739,5037,0.0717021276595745
"9241","9241",6529,6753,6532,0.000459488436207689
"9242","9242",1436,1436,1457,0.0146239554317549
"9243","9243",2622,2540,2508,-0.0434782608695652
"9244","9244",1832,1833,1834,0.00109170305676856
"9245","9245",1662,1662,1701,0.0234657039711191
"15600","15600",1662,1662,1701,0.0234657039711191
"9246","9246",4431,4420,4411,-0.00451365380275333
"9247","9247",5520,5504,5221,-0.0541666666666667
"9248","9248",960,960,1025,0.0677083333333333
"19274","19274",960,960,1025,0.0677083333333333
"9249","9249",3256,3254,3232,-0.00737100737100737
"9250","9250",2855,2855,2867,0.00420315236427321
"9251","9251",1105,1105,1094,-0.00995475113122172
"16881","16881",1105,1105,1094,-0.00995475113122172
"9252","9252",5995,4763,4162,-0.305754795663053
"9253","9253",1842,1842,2078,0.128121606948969
"9254","9254",5168,4941,5082,-0.016640866873065
"9255","9255",4088,4130,4074,-0.00342465753424658
"9256","9256",4353,4353,4388,0.00804043188605559
"9257","9257",3251,3251,3251,0
"9258","9258",3343,3343,3343,0
"9259","9259",1479,1479,1478,-0.000676132521974307
"9260","9260",1868,1868,1834,-0.0182012847965739
"9261","9261",4478,3769,3720,-0.169271996426976
"9262","9262",4825,4791,4798,-0.00559585492227979
"9263","9263",1902,1799,1598,-0.159831756046267
"9264","9264",2871,2782,2781,-0.0313479623824451
"9265","9265",2067,2207,2207,0.0677310111272375
"19560","19560",2067,2207,2207,0.0677310111272375
"9266","9266",2540,2540,2551,0.00433070866141732
"9267","9267",1994,1994,2140,0.0732196589769308
"9268","9268",2668,2447,2645,-0.00862068965517241
"9269","9269",1586,1586,1618,0.0201765447667087
"9270","9270",3525,3527,3550,0.00709219858156028
"9271","9271",4195,4366,4277,0.0195470798569726
"9272","9272",1798,1798,1765,-0.0183537263626251
"9273","9273",1812,1871,1855,0.0237306843267108
"9274","9274",6605,6606,6440,-0.0249810749432248
"9275","9275",8290,8501,8601,0.0375150784077201
"9276","9276",4569,4556,4510,-0.0129131100897352
"9277","9277",3464,3465,3455,-0.00259815242494226
"9278","9278",4140,4223,4195,0.0132850241545894
"9279","9279",1653,1592,1656,0.00181488203266788
"9280","9280",2087,1628,1594,-0.236224245328222
"9281","9281",1679,1679,1655,-0.0142942227516379
"9282","9282",4206,4098,4118,-0.0209224916785544
"17654","17654",4206,4098,4118,-0.0209224916785544
"9283","9283",2097,2811,2096,-0.000476871721506915
"9284","9284",2785,2785,2433,-0.126391382405745
"9285","9285",3682,3689,3694,0.00325909831613254
"9286","9286",1947,1917,1934,-0.00667693888032871
"11040","11040",1947,1917,1934,-0.00667693888032871
"9287","9287",1418,1418,1418,0
"9288","9288",6123,6157,5551,-0.0934182590233546
"9289","9289",2816,2830,2837,0.00745738636363636
"9290","9290",7900,7615,7616,-0.0359493670886076
"9291","9291",3451,3573,3451,0
"9292","9292",2237,2562,2567,0.147518998658918
"9293","9293",4960,4915,4922,-0.00766129032258064
"9296","9296",2508,2508,2509,0.000398724082934609
"9297","9297",2584,2584,2575,-0.00348297213622291
"9298","9298",1321,1321,1311,-0.00757002271006813
"9299","9299",2174,2175,2264,0.0413983440662374
"9300","9300",5853,5822,5924,0.0121305313514437
"9301","9301",2192,2192,2193,0.000456204379562044
"9302","9302",3290,3205,3379,0.0270516717325228
"9303","9303",1142,1142,1122,-0.0175131348511384
"9304","9304",1979,1993,2272,0.148054573016675
"9305","9305",1747,1748,1778,0.0177447052089296
"11468","11468",1747,1748,1778,0.0177447052089296
"9306","9306",1694,1694,1694,0
"9307","9307",4930,4933,4917,-0.0026369168356998
"9308","9308",5872,5948,5587,-0.0485354223433243
"9309","9309",5279,5283,5105,-0.0329607880280356
"9310","9310",920,933,675,-0.266304347826087
"9311","9311",1495,1505,1491,-0.00267558528428094
"9312","9312",2289,2331,2323,0.0148536478811708
"9313","9313",2211,2211,2215,0.00180913613749435
"9314","9314",2004,1980,1939,-0.032435129740519
"9315","9315",5512,5512,5283,-0.0415457184325109
"9316","9316",3547,3679,3615,0.0191711305328447
"9317","9317",2376,2376,2378,0.000841750841750842
"9318","9318",6502,6488,6843,0.0524454014149492
"9319","9319",2849,2851,2653,-0.0687960687960688
"9321","9321",2533,2532,2282,-0.0990919857876036
"9322","9322",3891,3891,3896,0.00128501670521717
"9323","9323",2533,2533,2534,0.000394788787998421
"9324","9324",2372,2335,2338,-0.0143338954468803
"9325","9325",3270,3345,3298,0.00856269113149847
"9326","9326",3895,3895,3894,-0.000256739409499358
"9327","9327",6020,4798,4709,-0.217774086378738
"9328","9328",5651,5382,5334,-0.0560962661475845
"9329","9329",2165,2163,2157,-0.00369515011547344
"9330","9330",3118,3118,3124,0.00192431045542014
"9331","9331",5510,5543,5477,-0.00598911070780399
"9332","9332",1299,1348,1347,0.0369515011547344
"14711","14711",1299,1348,1347,0.0369515011547344
"9333","9333",6358,6354,6458,0.0157282164202579
"9334","9334",6104,5976,5960,-0.0235910878112713
"9335","9335",1271,1271,1271,0
"9336","9336",3083,3263,2837,-0.0797924099902692
"9337","9337",3666,3689,3654,-0.00327332242225859
"9338","9338",1973,1990,2069,0.0486568677141409
"9339","9339",4692,4693,5100,0.0869565217391304
"9340","9340",2550,2549,2551,0.000392156862745098
"9341","9341",4509,4564,4613,0.0230649811488135
"9342","9342",1585,1654,1201,-0.242271293375394
"9343","9343",1481,1481,1480,-0.000675219446320054
"9344","9344",6167,6409,6377,0.0340522133938706
"9345","9345",1629,1629,1732,0.0632289748311848
"9346","9346",1426,1441,1388,-0.0266479663394109
"11927","11927",1426,1441,1388,-0.0266479663394109
"9347","9347",1411,1411,1024,-0.274273564847626
"9348","9348",6757,6757,6917,0.0236791475506882
"9349","9349",5913,5424,6096,0.0309487569761542
"9350","9350",2271,2273,2273,0.000880669308674593
"9351","9351",2528,2516,2507,-0.00830696202531645
"9352","9352",1583,1583,1589,0.00379027163613392
"9353","9353",2149,2381,2091,-0.0269892973476035
"9354","9354",1134,1236,1236,0.0899470899470899
"9355","9355",4668,4461,4565,-0.0220651242502142
"9356","9356",4264,4185,4345,0.0189962476547842
"9357","9357",1536,1536,1536,0
"9358","9358",2096,2093,2073,-0.0109732824427481
"9359","9359",2874,2874,2948,0.0257480862908838
"9360","9360",3206,3206,3044,-0.0505302557704304
"9362","9362",3566,3562,3562,-0.00112170499158721
"9363","9363",2731,2505,2526,-0.0750640790919077
"9364","9364",2912,2912,2913,0.000343406593406593
"9365","9365",4170,4169,4193,0.00551558752997602
"9366","9366",1323,1305,1305,-0.0136054421768707
"9938","9938",1323,1305,1305,-0.0136054421768707
"16591","16591",1323,1305,1305,-0.0136054421768707
"9368","9368",1156,1156,1156,0
"9369","9369",3569,3569,3398,-0.0479125805547772
"9370","9370",4352,4382,4322,-0.00689338235294118
"9372","9372",3022,2995,2961,-0.0201853077432164
"9373","9373",3265,3265,3265,0
"9374","9374",2586,2584,2371,-0.0831399845320959
"9375","9375",4940,4939,4655,-0.0576923076923077
"9376","9376",2372,2372,2325,-0.019814502529511
"9377","9377",7327,7374,7137,-0.0259314862836086
"9378","9378",1186,1186,1186,0
"9379","9379",6669,6667,6561,-0.0161943319838057
"9380","9380",2758,2759,2894,0.0493110949963742
"9381","9381",1613,1613,1724,0.0688158710477371
"9382","9382",1178,1178,1178,0
"9383","9383",2910,3102,2978,0.0233676975945017
"9384","9384",2049,2051,2051,0.000976085895558809
"9385","9385",1291,1566,1566,0.213013168086754
"9386","9386",6903,7122,7187,0.0411415326669564
"9387","9387",2103,2095,2095,-0.00380408939610081
"9388","9388",1731,1731,1731,0
"9390","9390",4999,4999,4999,0
"9391","9391",2645,2787,2764,0.0449905482041588
"9392","9392",1937,1937,1936,-0.000516262261228704
"9393","9393",2051,2018,2080,0.0141394441735739
"9394","9394",2935,2926,2948,0.00442930153321976
"9395","9395",2691,2691,2658,-0.012263099219621
"9396","9396",4727,4696,4693,-0.00719272265707637
"9397","9397",3333,3334,3245,-0.0264026402640264
"9398","9398",3505,3499,3515,0.00285306704707561
"9399","9399",1776,1780,1805,0.0163288288288288
"9400","9400",3151,3151,2759,-0.124404950809267
"9401","9401",766,762,659,-0.139686684073107
"9402","9402",3588,3518,3517,-0.0197881828316611
"9403","9403",3470,3485,3423,-0.0135446685878963
"16654","16654",3470,3485,3423,-0.0135446685878963
"9404","9404",1731,1703,1741,0.00577700751010976
"9405","9405",3162,3162,3204,0.0132827324478178
"9406","9406",1721,1649,1693,-0.0162696106914585
"15538","15538",1721,1649,1693,-0.0162696106914585
"17244","17244",1721,1649,1693,-0.0162696106914585
"9407","9407",2713,2681,3000,0.10578695171397
"9408","9408",1732,2145,1848,0.0669745958429561
"9409","9409",3101,3034,3070,-0.00999677523379555
"9410","9410",3744,3765,3799,0.0146901709401709
"9411","9411",1628,1628,1652,0.0147420147420147
"9412","9412",1386,1386,1386,0
"13002","13002",1386,1386,1386,0
"9413","9413",2627,2636,2637,0.00380662352493338
"9414","9414",6842,6813,6833,-0.00131540485238234
"9415","9415",3826,4211,4171,0.0901725039205436
"9416","9416",750,750,797,0.0626666666666667
"9417","9417",1780,1780,1775,-0.00280898876404494
"9418","9418",5816,5816,5999,0.03146492434663
"9419","9419",2077,2077,2077,0
"9420","9420",2902,2902,2648,-0.087525844245348
"9421","9421",3985,3979,3889,-0.024090338770389
"9422","9422",2560,2559,1843,-0.280078125
"9423","9423",1544,1544,1529,-0.00971502590673575
"9424","9424",2170,2168,2159,-0.00506912442396313
"9425","9425",1892,1880,2012,0.0634249471458774
"9426","9426",1097,971,971,-0.11485870556062
"9427","9427",744,714,731,-0.0174731182795699
"18088","18088",744,714,731,-0.0174731182795699
"9428","9428",2821,2865,2919,0.0347394540942928
"9429","9429",1359,1359,1359,0
"9430","9430",3830,3828,3620,-0.0548302872062663
"9431","9431",6168,6100,6243,0.01215953307393
"9432","9432",3226,3198,3298,0.0223186608803472
"9433","9433",4616,4616,4722,0.0229636048526863
"9434","9434",1158,1158,1158,0
"9435","9435",1782,1678,1677,-0.0589225589225589
"9436","9436",1496,1394,1394,-0.0681818181818182
"9437","9437",3449,3447,3767,0.0922006378660481
"9438","9438",1288,1288,1288,0
"9439","9439",1173,1173,1163,-0.00852514919011083
"9440","9440",1718,1718,1711,-0.00407450523864959
"9441","9441",1425,1402,1549,0.0870175438596491
"9442","9442",8050,7924,7913,-0.0170186335403727
"9443","9443",3670,3458,3650,-0.00544959128065395
"9444","9444",4524,4524,4524,0
"9445","9445",1866,1866,1852,-0.007502679528403
"9446","9446",7591,7676,7310,-0.0370175207482545
"9447","9447",4426,4414,4299,-0.0286940804338003
"9449","9449",1703,1708,1712,0.00528479154433353
"9450","9450",1398,1398,1558,0.11444921316166
"9451","9451",2179,2179,2179,0
"9452","9452",9933,9700,9943,0.0010067451927917
"9453","9453",2905,2906,2844,-0.0209982788296041
"9454","9454",4401,4590,4278,-0.0279481935923654
"9455","9455",1534,1542,1803,0.175358539765319
"9456","9456",6427,6432,6449,0.00342305896997044
"9457","9457",5867,5865,5861,-0.00102266916652463
"9458","9458",3239,3239,3244,0.00154368632293918
"9459","9459",2520,2520,2417,-0.0408730158730159
"9460","9460",1271,1274,1274,0.002360346184107
"9461","9461",1801,1801,1799,-0.00111049416990561
"9462","9462",1271,1271,1271,0
"9463","9463",3235,3262,3100,-0.0417310664605873
"9464","9464",2647,2647,2642,-0.00188893086513034
"9465","9465",2333,2334,2334,0.00042863266180883
"9466","9466",1495,1495,1499,0.00267558528428094
"9467","9467",2682,2693,2712,0.0111856823266219
"9468","9468",1227,1228,1228,0.000814995925020375
"9469","9469",6664,6671,7097,0.0649759903961585
"9470","9470",856,855,767,-0.103971962616822
"9471","9471",2540,2540,2540,0
"9472","9472",4265,4264,4182,-0.0194607268464244
"9473","9473",1257,1180,1183,-0.0588703261734288
"9474","9474",2367,2372,2519,0.0642163075623152
"9475","9475",1661,1652,1650,-0.00662251655629139
"9476","9476",3869,3832,4029,0.0413543551305247
"9477","9477",1460,1444,1444,-0.010958904109589
"9478","9478",4179,4179,4188,0.00215362526920316
"9479","9479",2251,2252,2094,-0.0697467792092403
"9480","9480",2433,2433,2431,-0.00082203041512536
"9481","9481",1871,1748,1875,0.00213789417423838
"9482","9482",1816,1889,1887,0.0390969162995595
"9483","9483",2406,2367,2411,0.00207813798836243
"9484","9484",2909,2909,2527,-0.131316603643864
"9485","9485",6124,6177,5982,-0.0231874591770085
"9486","9486",7021,7182,6663,-0.0509898874804159
"9487","9487",6446,6455,6561,0.0178405212534905
"9488","9488",2430,2430,2430,0
"9489","9489",2266,2265,2317,0.0225066195939982
"9490","9490",3868,3868,3939,0.0183557394002068
"9491","9491",1753,1753,1835,0.0467769537934969
"9492","9492",3008,2994,2995,-0.0043218085106383
"9493","9493",4931,4927,4417,-0.10423849117826
"9494","9494",1260,1260,1918,0.522222222222222
"9495","9495",4125,3991,3833,-0.0707878787878788
"9496","9496",3804,3936,3877,0.0191903259726604
"9497","9497",1053,1053,1111,0.0550807217473884
"9498","9498",1115,1115,1115,0
"9499","9499",1702,1702,1692,-0.00587544065804935
"9500","9500",3684,3610,3695,0.00298588490770901
"9501","9501",1196,1196,1196,0
"9502","9502",1840,1790,1825,-0.00815217391304348
"9503","9503",6802,6802,6875,0.0107321376065863
"9504","9504",1784,1833,1812,0.015695067264574
"9505","9505",4943,4869,4867,-0.0153752781711511
"9506","9506",1711,1711,1711,0
"9507","9507",2488,2476,2356,-0.0530546623794212
"9508","9508",4386,4507,4501,0.0262197902416781
"9509","9509",3815,3806,3821,0.00157273918741809
"9510","9510",5462,5638,5126,-0.0615159282314171
"9511","9511",5060,5061,5062,0.000395256916996047
"9512","9512",2581,2632,3640,0.410306082913599
"9513","9513",2722,2722,2491,-0.0848640705363703
"9514","9514",3363,3366,3366,0.000892060660124889
"9515","9515",5019,5031,5150,0.026100816895796
"9516","9516",6914,6918,7046,0.0190916980040498
"9517","9517",7308,7751,7694,0.0528188286808976
"9518","9518",1866,1729,1679,-0.10021436227224
"9519","9519",4321,4371,4380,0.0136542467021523
"9520","9520",4602,4686,4709,0.0232507605388961
"9521","9521",1855,1852,1848,-0.00377358490566038
"9522","9522",6357,6621,6913,0.0874626396098789
"9523","9523",3093,3093,3093,0
"9524","9524",2336,2336,2525,0.0809075342465753
"9525","9525",5462,5463,5463,0.00018308311973636
"9526","9526",6812,6809,6527,-0.0418379330593071
"9527","9527",4734,4762,4914,0.0380228136882129
"9528","9528",2132,2132,2127,-0.00234521575984991
"9529","9529",3743,3617,3558,-0.0494255944429602
"9530","9530",2836,2839,2851,0.00528913963328632
"9531","9531",2406,2466,2467,0.0253532834580216
"9532","9532",6987,6889,7184,0.0281952196937169
"9533","9533",3112,3112,3004,-0.0347043701799486
"9534","9534",4823,4583,4624,-0.0412606261662865
"9535","9535",2725,2725,2725,0
"9536","9536",2788,2788,2473,-0.112984218077475
"9537","9537",2212,2212,2212,0
"9538","9538",2118,1624,1624,-0.233238904627007
"9540","9540",4909,4940,4835,-0.0150743532287635
"9541","9541",1411,1411,1411,0
"9542","9542",1588,1588,1588,0
"9543","9543",3289,3291,3267,-0.00668896321070234
"9544","9544",3378,3370,3372,-0.00177619893428064
"9545","9545",5087,4410,4621,-0.0916060546491056
"9546","9546",6664,6577,6568,-0.014405762304922
"9547","9547",1384,1383,1341,-0.0310693641618497
"9548","9548",3162,3159,3176,0.00442757748260595
"9549","9549",4311,4305,4494,0.0424495476687543
"9550","9550",3018,2922,2922,-0.0318091451292246
"9551","9551",2725,2717,2717,-0.00293577981651376
"9552","9552",3482,3483,3241,-0.069213095921884
"9553","9553",3711,3776,3711,0
"9554","9554",5775,5770,5587,-0.0325541125541126
"9555","9555",3311,3436,3208,-0.0311084264572637
"9556","9556",1978,1978,1802,-0.0889787664307381
"9557","9557",2138,2263,2255,0.0547240411599626
"9558","9558",2298,2304,2311,0.00565709312445605
"9559","9559",1688,1730,1381,-0.181872037914692
"9560","9560",5053,5007,5002,-0.0100930140510588
"9561","9561",6343,6212,6099,-0.0384676020810342
"9562","9562",1450,1460,1460,0.00689655172413793
"9563","9563",4594,5174,4633,0.00848933391380061
"9564","9564",2419,2434,2428,0.00372054568003307
"9565","9565",2685,2687,2794,0.0405959031657356
"9566","9566",5268,5272,6068,0.151860288534548
"9567","9567",6713,6584,6663,-0.0074482347683599
"9568","9568",3297,3289,3271,-0.00788595693054292
"9569","9569",2118,2118,2327,0.0986779981114259
"9570","9570",2132,2132,2297,0.0773921200750469
"9571","9571",2554,2556,3211,0.25724353954581
"9572","9572",1392,1392,1392,0
"9573","9573",2315,2288,2384,0.0298056155507559
"9574","9574",1526,1526,1519,-0.00458715596330275
"9575","9575",5493,5488,5529,0.00655379574003277
"9576","9576",2582,2582,2578,-0.00154918667699458
"9577","9577",2628,2688,2771,0.05441400304414
"9578","9578",2097,2074,2097,0
"9579","9579",2873,3200,3199,0.113470240167073
"9580","9580",1739,1740,1748,0.00517538815411156
"9581","9581",3407,3410,3473,0.0193718814206046
"9582","9582",8097,8088,8098,0.000123502531801902
"9583","9583",12065,12082,11948,-0.009697472026523
"9584","9584",3262,3262,3265,0.000919681177191907
"9585","9585",4901,4897,4791,-0.022444399102224
"9586","9586",5271,5234,5499,0.0432555492316448
"9587","9587",4018,4019,4099,0.0201592832254853
"9590","9590",5067,5066,4957,-0.0217090980856523
"9591","9591",2410,2307,2150,-0.107883817427386
"9592","9592",2388,2388,2378,-0.00418760469011725
"11977","11977",2388,2388,2378,-0.00418760469011725
"9593","9593",2554,2793,2617,0.0246671887235709
"9594","9594",2757,2758,2756,-0.000362713093942691
"9595","9595",2912,3054,3160,0.0851648351648352
"9596","9596",3161,3169,2969,-0.060740272065802
"9597","9597",2594,2635,2493,-0.0389360061680802
"9598","9598",3460,3472,3504,0.0127167630057803
"9600","9600",1736,1733,1842,0.0610599078341014
"9601","9601",3642,3643,3648,0.00164744645799012
"9602","9602",2376,2376,2339,-0.0155723905723906
"9603","9603",3926,3946,3915,-0.00280183392766174
"9604","9604",1350,1350,1411,0.0451851851851852
"9605","9605",2169,2169,1929,-0.110650069156293
"9606","9606",5086,4639,5435,0.0686197404640189
"9607","9607",3073,2612,2547,-0.171168239505369
"9608","9608",2708,2708,3202,0.182422451994092
"9609","9609",3298,3460,3220,-0.023650697392359
"9611","9611",2859,2857,2824,-0.012242042672263
"9612","9612",1193,1193,1194,0.000838222967309304
"9613","9613",2295,2581,2579,0.123747276688453
"17975","17975",2295,2581,2579,0.123747276688453
"9614","9614",4584,4584,4513,-0.0154886561954625
"9615","9615",1856,1856,1809,-0.025323275862069
"9616","9616",2252,2255,2398,0.0648312611012433
"9617","9617",3069,3041,2824,-0.0798305637015314
"9618","9618",1321,1321,1367,0.0348221044663134
"9619","9619",2231,2230,2230,-0.000448229493500672
"9620","9620",1369,1377,1377,0.0058436815193572
"9621","9621",2831,2800,2840,0.00317908866125044
"9622","9622",1768,1745,1745,-0.0130090497737557
"9623","9623",2796,2796,2695,-0.0361230329041488
"9624","9624",2672,2690,2672,0
"9625","9625",1086,1085,1085,-0.000920810313075506
"14814","14814",1086,1085,1085,-0.000920810313075506
"9626","9626",791,791,791,0
"9627","9627",2027,2027,2027,0
"9628","9628",10333,9913,9913,-0.0406464724668538
"9629","9629",2968,2982,3000,0.0107816711590297
"9631","9631",4114,3780,3778,-0.0816723383568303
"9632","9632",3843,3843,3842,-0.000260213374967473
"9633","9633",3153,3153,3153,0
"9634","9634",5445,4262,4102,-0.246648301193756
"9635","9635",3220,3486,3623,0.125155279503106
"9636","9636",2563,2559,2561,-0.000780335544284042
"9637","9637",1486,1486,2139,0.439434724091521
"9638","9638",3227,3214,3125,-0.0316083049271769
"9640","9640",2277,2277,2372,0.0417215634606939
"9641","9641",1573,1603,1609,0.0228862047043865
"9642","9642",2358,2363,2214,-0.0610687022900763
"9643","9643",12491,11685,11772,-0.0575614442398527
"9644","9644",838,838,838,0
"9645","9645",2585,2556,2556,-0.0112185686653772
"9646","9646",3323,3335,3961,0.191995185073729
"9647","9647",1655,1617,1622,-0.0199395770392749
"9648","9648",1352,1352,1341,-0.00813609467455621
"9649","9649",2811,2809,2746,-0.0231234436143721
"9650","9650",1175,1173,1292,0.0995744680851064
"9651","9651",6247,5749,5648,-0.0958860252921402
"9652","9652",4866,4864,4757,-0.0224003288121661
"9653","9653",1870,1874,1792,-0.0417112299465241
"9654","9654",1817,1817,1817,0
"9655","9655",2029,2029,2029,0
"9656","9656",2656,2580,2584,-0.0271084337349398
"9657","9657",4987,4928,4908,-0.0158411870864247
"9658","9658",1288,1288,1307,0.0147515527950311
"9659","9659",1497,2544,2541,0.697394789579158
"9660","9660",4925,4906,4899,-0.00527918781725888
"9661","9661",3591,3591,3776,0.0515176830966305
"9662","9662",2636,2636,2636,0
"9663","9663",1421,1421,1425,0.00281491907107671
"9664","9664",1891,1891,1879,-0.00634584875727129
"9665","9665",598,598,598,0
"9666","9666",2550,2550,2547,-0.00117647058823529
"9667","9667",3340,3340,3340,0
"9668","9668",1726,1738,1737,0.00637311703360371
"9669","9669",5048,5189,5194,0.0289223454833597
"9670","9670",3655,3658,3627,-0.00766073871409029
"9671","9671",1270,1239,1267,-0.00236220472440945
"9672","9672",6430,6479,6525,0.0147744945567652
"9673","9673",2283,2254,2244,-0.0170827858081472
"9675","9675",7303,7395,7534,0.0316308366424757
"9676","9676",1806,1785,1787,-0.0105204872646733
"9677","9677",865,865,863,-0.0023121387283237
"9678","9678",1650,1663,1634,-0.0096969696969697
"9679","9679",2484,2521,2483,-0.000402576489533011
"9680","9680",2518,2495,2465,-0.0210484511517077
"9681","9681",2151,2148,2151,0
"9682","9682",1821,1693,1692,-0.070840197693575
"9683","9683",1606,1606,1599,-0.00435865504358655
"9684","9684",2734,2736,2736,0.000731528895391368
"9685","9685",1154,1156,1155,0.000866551126516464
"14568","14568",1154,1156,1155,0.000866551126516464
"9686","9686",1495,1640,1548,0.0354515050167224
"9687","9687",2503,2499,2660,0.0627247303236117
"12683","12683",2503,2499,2660,0.0627247303236117
"9688","9688",2197,2166,2152,-0.0204824761037779
"9689","9689",954,1008,1169,0.225366876310273
"9690","9690",974,974,863,-0.113963039014374
"9691","9691",5536,5382,5381,-0.0279985549132948
"9692","9692",4923,4972,5412,0.0993296770262035
"9693","9693",2530,2534,2483,-0.0185770750988142
"9694","9694",894,894,894,0
"9695","9695",848,846,846,-0.00235849056603774
"9696","9696",2096,2096,2095,-0.000477099236641221
"9697","9697",1206,1206,1575,0.305970149253731
"9699","9699",1482,1686,1386,-0.0647773279352227
"9700","9700",4342,4309,4320,-0.00506678949792722
"9701","9701",2914,2876,2815,-0.0339739190116678
"9702","9702",2573,2573,2573,0
"9703","9703",663,663,667,0.00603318250377074
"9704","9704",762,761,742,-0.026246719160105
"9705","9705",1687,1689,1675,-0.00711321873147599
"9706","9706",1120,1120,1120,0
"9708","9708",1113,1114,1115,0.00179694519317161
"9709","9709",772,776,1094,0.417098445595855
"9710","9710",1889,1910,1910,0.0111169931180519
"9711","9711",3121,3238,3414,0.093880166613265
"9712","9712",5466,5461,5267,-0.0364068788876692
"9713","9713",3998,3991,3975,-0.00575287643821911
"9714","9714",906,906,906,0
"9715","9715",3836,3821,4088,0.0656934306569343
"9716","9716",2541,2541,2505,-0.0141676505312869
"9717","9717",4095,4084,3969,-0.0307692307692308
"9718","9718",2848,2848,3664,0.286516853932584
"9720","9720",1999,1996,2046,0.023511755877939
"9721","9721",4100,4193,3886,-0.0521951219512195
"9722","9722",7022,6923,7395,0.0531187695813159
"9723","9723",1762,1770,1657,-0.0595913734392736
"9724","9724",5808,5671,5705,-0.0177341597796143
"9725","9725",5920,5819,5786,-0.0226351351351351
"9726","9726",1270,1740,1740,0.37007874015748
"9727","9727",1602,1602,1602,0
"9728","9728",3352,2840,2840,-0.152744630071599
"9729","9729",1422,1471,1530,0.0759493670886076
"16632","16632",1422,1471,1530,0.0759493670886076
"9730","9730",1916,1799,1916,0
"9731","9731",2197,2197,2201,0.00182066454255803
"9732","9732",12719,12714,12833,0.00896296878685431
"9733","9733",1379,1379,1384,0.00362581580855693
"9734","9734",2825,2825,2823,-0.000707964601769912
"11013","11013",2825,2825,2823,-0.000707964601769912
"9735","9735",1520,1314,1518,-0.00131578947368421
"9736","9736",2602,2600,2621,0.00730207532667179
"9737","9737",3653,3554,3560,-0.0254585272378867
"9738","9738",5783,5910,5946,0.0281860625972679
"9739","9739",1235,1795,1795,0.453441295546559
"19914","19914",1235,1795,1795,0.453441295546559
"9740","9740",2709,2701,2646,-0.0232558139534884
"9741","9741",2110,2111,2096,-0.00663507109004739
"9742","9742",3958,4093,3886,-0.0181910055583628
"9743","9743",3410,3410,3370,-0.0117302052785924
"9744","9744",1821,1820,1820,-0.000549148819330038
"9745","9745",2499,2499,2498,-0.00040016006402561
"9746","9746",3084,3101,3101,0.00551232166018158
"9747","9747",2495,2468,3026,0.212825651302605
"9748","9748",3157,3157,3220,0.0199556541019956
"9749","9749",3266,3263,3299,0.0101041028781384
"9750","9750",4804,4803,4671,-0.0276852622814321
"9751","9751",4071,4079,4070,-0.000245639891918448
"9752","9752",2801,2801,2801,0
"9753","9753",2420,2420,2467,0.0194214876033058
"9754","9754",4551,4552,4607,0.012304987914744
"9755","9755",6699,6795,6500,-0.0297059262576504
"9756","9756",2569,2567,2156,-0.160762942779292
"9964","9964",2569,2567,2156,-0.160762942779292
"9757","9757",7126,7265,7171,0.0063149031714847
"9758","9758",4647,4664,4275,-0.0800516462233699
"9759","9759",4129,4133,4143,0.00339065148946476
"9760","9760",2212,2123,2130,-0.0370705244122966
"9761","9761",1934,1934,1671,-0.135987590486039
"9762","9762",5713,5732,5837,0.0217048835988097
"9763","9763",3712,3639,3269,-0.119342672413793
"9764","9764",2540,2543,2752,0.0834645669291339
"9765","9765",1090,1089,1089,-0.000917431192660551
"17137","17137",1090,1089,1089,-0.000917431192660551
"9767","9767",2972,2979,3058,0.0289367429340511
"9768","9768",2407,2407,2615,0.0864146240132946
"9769","9769",3137,3128,3080,-0.0181702263308894
"9770","9770",2312,2312,2311,-0.000432525951557093
"9771","9771",1226,1653,1653,0.348287112561175
"9772","9772",5784,6148,5971,0.0323305670816044
"9773","9773",2706,2671,2559,-0.0543237250554324
"9774","9774",1458,1458,1449,-0.00617283950617284
"9775","9775",1746,1734,1781,0.0200458190148912
"9776","9776",3894,3889,3769,-0.032100667693888
"9777","9777",3345,3025,3007,-0.101046337817638
"9778","9778",3397,3397,3243,-0.0453341183397115
"9779","9779",5222,5226,5220,-0.000382995021064726
"9780","9780",4292,3809,3809,-0.112534948741845
"9781","9781",3438,3352,3366,-0.0209424083769634
"9782","9782",4210,4211,4238,0.00665083135391924
"9783","9783",1140,1056,1056,-0.0736842105263158
"9784","9784",2286,2267,2356,0.0306211723534558
"9785","9785",8908,8500,8501,-0.0456892680736417
"9786","9786",1901,1906,1908,0.00368227248816412
"9787","9787",3170,3170,3169,-0.000315457413249211
"9788","9788",6337,6339,6333,-0.00063121350796907
"9789","9789",1584,1587,1591,0.00441919191919192
"9790","9790",3906,3707,3804,-0.0261136712749616
"9791","9791",3581,3631,3403,-0.0497067858140184
"9792","9792",1881,1881,1835,-0.024455077086656
"9794","9794",1894,1765,1916,0.0116156282998944
"9795","9795",1415,1415,1421,0.00424028268551237
"9796","9796",1446,1433,1430,-0.0110650069156293
"9797","9797",11550,11553,11400,-0.012987012987013
"9799","9799",3125,3125,3031,-0.03008
"9800","9800",3383,3366,3366,-0.0050251256281407
"9801","9801",968,969,1386,0.431818181818182
"9802","9802",1846,1846,1849,0.00162513542795233
"9803","9803",4286,4320,4257,-0.00676621558562762
"9804","9804",2500,2490,2469,-0.0124
"9805","9805",2282,2282,2491,0.0915863277826468
"9806","9806",4574,4571,4627,0.0115872321818977
"9807","9807",2827,2739,2736,-0.0321896002829855
"9808","9808",1412,1412,1407,-0.00354107648725212
"9809","9809",2927,2927,2900,-0.00922446190638879
"9810","9810",967,966,962,-0.00517063081695967
"9811","9811",5601,4524,4530,-0.19121585431173
"9812","9812",2820,2835,2832,0.00425531914893617
"9813","9813",1941,1930,1930,-0.00566718186501803
"9814","9814",1686,1684,1640,-0.0272835112692764
"9815","9815",2070,2070,2073,0.00144927536231884
"9816","9816",4493,4498,4482,-0.00244825283774761
"9817","9817",2885,2884,2884,-0.000346620450606586
"9818","9818",3665,3693,3734,0.0188267394270123
"9819","9819",2512,2495,2613,0.0402070063694267
"9820","9820",3657,3708,3613,-0.0120317199890621
"9821","9821",4665,4715,4717,0.0111468381564845
"9822","9822",1712,1712,1709,-0.00175233644859813
"9823","9823",8338,8293,8265,-0.00875509714559847
"9824","9824",2096,2145,2082,-0.0066793893129771
"9825","9825",1421,1711,1527,0.0745953553835327
"9826","9826",7086,7129,7095,0.0012701100762066
"9828","9828",4102,4103,4150,0.0117016089712335
"9829","9829",4655,4656,4656,0.000214822771213749
"9830","9830",2048,2051,1941,-0.05224609375
"17513","17513",2048,2051,1941,-0.05224609375
"9831","9831",2814,2813,2817,0.00106609808102345
"9833","9833",3169,3281,3279,0.0347112653834017
"9834","9834",1850,1855,1855,0.0027027027027027
"9835","9835",2397,2319,2266,-0.0546516478931998
"9836","9836",8011,7867,7793,-0.0272125826987892
"9837","9837",2612,2580,2578,-0.0130168453292496
"9839","9839",3330,3317,3319,-0.0033033033033033
"9840","9840",1023,1023,1012,-0.010752688172043
"9841","9841",4512,4513,4524,0.00265957446808511
"9842","9842",2695,2774,2715,0.00742115027829314
"9843","9843",3631,3640,3643,0.003304874690168
"9844","9844",2232,2480,2232,0
"9845","9845",3028,3028,3027,-0.000330250990752972
"9846","9846",2769,2765,2762,-0.0025279884434814
"9847","9847",2035,2035,2035,0
"9848","9848",2117,2112,1693,-0.200283419933869
"9849","9849",4301,4305,4284,-0.00395256916996047
"9850","9850",4596,4696,4718,0.0265448215839861
"9852","9852",3676,3918,3708,0.00870511425462459
"9853","9853",3703,3702,3653,-0.0135025654874426
"9854","9854",2854,2533,2643,-0.0739313244569026
"9855","9855",1457,1457,810,-0.444063143445436
"19827","19827",1457,1457,810,-0.444063143445436
"9856","9856",5034,5062,5011,-0.0045689312673818
"9857","9857",1175,1175,1175,0
"9858","9858",2464,2467,2467,0.00121753246753247
"9859","9859",3823,3823,3656,-0.0436829714883599
"9860","9860",1120,1120,1120,0
"9861","9861",2883,2864,2841,-0.0145681581685744
"9862","9862",3532,3618,3626,0.0266138165345413
"9863","9863",3824,3823,3699,-0.0326882845188285
"9864","9864",8573,8613,8250,-0.0376764259885688
"9865","9865",13318,13021,13054,-0.019822796215648
"9866","9866",4201,4182,3738,-0.1102118543204
"9867","9867",2174,2174,2169,-0.00229990800367985
"9868","9868",3833,3833,3822,-0.00286981476650143
"9869","9869",3269,3281,3241,-0.00856531049250535
"9870","9870",2259,2271,2390,0.0579902611775122
"9871","9871",5865,5865,5962,0.016538789428815
"9872","9872",3403,3226,3645,0.0711137231854246
"9873","9873",1194,1194,1194,0
"9874","9874",2389,2302,2280,-0.0456257848472164
"9875","9875",1403,1403,1403,0
"9876","9876",2049,2049,2020,-0.0141532454856027
"9877","9877",1279,1279,1386,0.0836591086786552
"9878","9878",3661,3661,3979,0.0868615132477465
"9879","9879",2602,2598,2602,0
"9880","9880",2936,2936,3162,0.0769754768392371
"9881","9881",2430,2451,2457,0.0111111111111111
"9882","9882",1099,1360,1626,0.479526842584167
"9883","9883",1448,1448,1455,0.00483425414364641
"9885","9885",2244,2244,2242,-0.00089126559714795
"9886","9886",2750,2762,2760,0.00363636363636364
"9887","9887",2208,2217,2501,0.132699275362319
"9888","9888",891,891,891,0
"9889","9889",8190,8181,8074,-0.0141636141636142
"9892","9892",2125,2124,2075,-0.0235294117647059
"9893","9893",1805,1803,1800,-0.00277008310249307
"9894","9894",2725,2725,2729,0.00146788990825688
"9896","9896",3788,3790,3779,-0.00237592397043295
"9898","9898",1818,1818,1818,0
"9900","9900",1743,1743,1733,-0.0057372346528973
"9901","9901",3848,3831,3719,-0.0335239085239085
"9902","9902",1483,1483,1483,0
"13175","13175",1483,1483,1483,0
"9903","9903",4122,4121,4126,0.000970402717127608
"9904","9904",3568,3505,3540,-0.007847533632287
"9905","9905",4786,4785,4834,0.0100292519849561
"9906","9906",3989,3989,3833,-0.0391075457508147
"9907","9907",2147,2136,2062,-0.03959012575687
"9908","9908",9204,9214,9216,0.00130378096479791
"9909","9909",1735,1628,1630,-0.0605187319884726
"15440","15440",1735,1628,1630,-0.0605187319884726
"9910","9910",2351,2351,2358,0.00297745640153126
"9911","9911",4097,4075,4067,-0.00732243104710764
"9912","9912",2319,2319,2319,0
"9913","9913",2619,2618,2657,0.0145093547155403
"9914","9914",2238,2240,2311,0.0326184092940125
"9915","9915",2337,2338,2420,0.0355156183140779
"9916","9916",4734,4733,4733,-0.000211237853823405
"9917","9917",2970,2975,3310,0.114478114478114
"9918","9918",2264,2264,2263,-0.000441696113074205
"9919","9919",2608,2610,2607,-0.000383435582822086
"9920","9920",2261,2260,2260,-0.000442282176028306
"9921","9921",1475,1475,1474,-0.000677966101694915
"9922","9922",9070,9077,9053,-0.00187431091510474
"9923","9923",3408,3405,3419,0.00322769953051643
"9924","9924",1982,1317,1326,-0.330978809283552
"9925","9925",2706,2706,2832,0.0465631929046563
"9926","9926",2916,2931,2902,-0.00480109739368999
"9927","9927",3637,3638,3751,0.0313445147099258
"9928","9928",3358,3358,3047,-0.0926146515783204
"9929","9929",1243,1130,1143,-0.080450522928399
"9930","9930",1009,1009,973,-0.0356788899900892
"9931","9931",4692,4582,4574,-0.0251491901108269
"9932","9932",1618,1585,1728,0.0679851668726823
"9933","9933",4269,4488,4839,0.133520730850316
"9934","9934",975,834,834,-0.144615384615385
"9935","9935",2047,2126,2134,0.0425012212994626
"9936","9936",7309,7122,7236,-0.00998768641401012
"9937","9937",2228,2239,2251,0.0103231597845601
"9939","9939",4092,3986,3795,-0.0725806451612903
"9940","9940",2524,2419,2448,-0.0301109350237718
"9941","9941",4146,3900,3893,-0.0610226724553787
"9942","9942",2249,2231,2231,-0.00800355713650511
"9943","9943",5394,5528,5504,0.0203930292918057
"9944","9944",2797,2796,2807,0.00357525920629246
"9945","9945",3578,3579,3522,-0.0156512017887088
"9946","9946",3068,3071,3166,0.0319426336375489
"9947","9947",5512,6097,6090,0.104862119013062
"9948","9948",2451,2451,2338,-0.0461036311709506
"9949","9949",6099,6100,6102,0.000491883915395967
"9950","9950",2255,2255,2317,0.0274944567627494
"9951","9951",1295,1295,1304,0.00694980694980695
"9952","9952",2113,2089,2052,-0.028868906767629
"9953","9953",950,950,950,0
"9954","9954",2359,2401,2872,0.217465027554048
"9955","9955",4495,4527,4264,-0.0513904338153504
"9956","9956",2877,2876,3854,0.339589850538756
"9957","9957",1964,1788,1788,-0.0896130346232179
"9958","9958",3316,3228,3227,-0.0268395657418577
"9959","9959",2662,2662,2825,0.0612321562734786
"9960","9960",4087,4087,4087,0
"9961","9961",2825,2825,2811,-0.00495575221238938
"9962","9962",3543,3467,3417,-0.0355630821337849
"9963","9963",3108,3129,3117,0.0028957528957529
"9965","9965",1030,1043,830,-0.194174757281553
"9966","9966",1236,1236,1236,0
"9967","9967",1283,1283,1283,0
"9968","9968",1642,1642,1642,0
"9969","9969",2380,2611,2573,0.0810924369747899
"9970","9970",8160,8159,8053,-0.0131127450980392
"9971","9971",5051,5263,5328,0.0548406256186894
"9972","9972",3181,3172,3121,-0.0188619930839359
"9973","9973",4728,4728,4612,-0.0245346869712352
"9974","9974",2427,2455,2174,-0.104243922538113
"9975","9975",1688,1705,1676,-0.00710900473933649
"9976","9976",8114,8135,8322,0.0256347054473749
"9977","9977",2389,2262,2262,-0.0531603181247384
"9978","9978",1745,2036,1776,0.0177650429799427
"9979","9979",1748,1752,1754,0.0034324942791762
"9980","9980",4182,3702,3677,-0.120755619320899
"9981","9981",6333,6229,6157,-0.0277909363650718
"9982","9982",1997,2125,2173,0.0881321982974462
"9983","9983",1928,2035,2035,0.0554979253112033
"9984","9984",1438,1437,1437,-0.000695410292072323
"9985","9985",2583,2795,2937,0.137049941927991
"9986","9986",1530,1686,1686,0.101960784313725
"9987","9987",4595,4402,4549,-0.0100108813928183
"9988","9988",2281,2701,2293,0.00526085050416484
"9989","9989",2166,2166,1866,-0.138504155124654
"9990","9990",2148,2148,2163,0.00698324022346369
"9991","9991",3363,3142,3136,-0.0674992566161166
"9992","9992",2641,2641,2807,0.0628549791745551
"9993","9993",4150,4126,3916,-0.0563855421686747
"9994","9994",1883,1798,1798,-0.0451407328730749
"9995","9995",1401,1401,1303,-0.0699500356887937
"16974","16974",1401,1401,1303,-0.0699500356887937
"9996","9996",4209,4198,4280,0.0168686148728914
"9997","9997",4074,4074,4074,0
"9998","9998",3862,3811,3814,-0.0124287933713102
"9999","9999",3020,3020,3019,-0.00033112582781457
"10000","10000",5201,5209,5265,0.0123053258988656
"10001","10001",4458,4454,4450,-0.00179452669358457
"10002","10002",2461,2460,2495,0.0138155221454693
"10003","10003",2053,2053,2034,-0.00925474914758889
"10004","10004",4652,4692,4637,-0.0032244196044712
"10005","10005",2043,2159,2247,0.0998531571218796
"10006","10006",1569,1604,1612,0.0274059910771192
"10007","10007",1514,1475,1475,-0.0257595772787318
"10008","10008",3180,3220,3198,0.00566037735849057
"10009","10009",5548,5548,5552,0.000720980533525595
"10010","10010",4602,4601,4602,0
"10011","10011",3576,3354,3262,-0.0878076062639821
"10012","10012",1215,1214,1214,-0.000823045267489712
"10013","10013",1337,1337,1380,0.0321615557217651
"10014","10014",3035,3035,3093,0.0191103789126853
"10015","10015",3574,3525,3703,0.036094012311136
"10016","10016",5156,5638,5630,0.0919317300232739
"10017","10017",3669,3696,3688,0.00517852275824475
"10019","10019",2432,2432,2063,-0.151726973684211
"10020","10020",2926,2787,2985,0.020164046479836
"10021","10021",5318,5288,5383,0.0122226400902595
"10022","10022",2383,2383,2384,0.000419639110365086
"10023","10023",5291,5380,5335,0.00831600831600832
"10024","10024",3642,3642,3642,0
"10025","10025",5021,5010,5003,-0.00358494323839873
"10026","10026",8496,8482,8525,0.00341337099811676
"10027","10027",1948,1949,1948,0
"10028","10028",2533,2533,2570,0.0146071851559416
"10029","10029",1801,1787,1835,0.0188784008883953
"10031","10031",1085,1085,1085,0
"10032","10032",2645,2645,2740,0.0359168241965974
"10033","10033",2791,2791,2777,-0.00501612325331422
"10034","10034",1918,1917,1911,-0.00364963503649635
"10035","10035",4317,3412,3381,-0.21681723419041
"10036","10036",1612,1608,1743,0.0812655086848635
"12257","12257",1612,1608,1743,0.0812655086848635
"10037","10037",3981,3506,1845,-0.53654860587792
"10038","10038",2269,2266,2084,-0.0815337152930806
"10039","10039",5405,5406,5295,-0.0203515263644773
"10040","10040",2859,2835,2835,-0.00839454354669465
"10041","10041",3136,3136,3179,0.0137117346938776
"10042","10042",2176,2176,2176,0
"10043","10043",2093,1989,1989,-0.0496894409937888
"10044","10044",4421,4421,4421,0
"10045","10045",4329,4328,4328,-0.000231000231000231
"10046","10046",3382,3379,3387,0.00147841513897102
"10047","10047",4695,4804,4796,0.0215122470713525
"10048","10048",1978,2097,1866,-0.0566228513650152
"10049","10049",1464,1464,1481,0.0116120218579235
"10050","10050",1013,1013,993,-0.0197433366238894
"10051","10051",839,839,839,0
"10052","10052",3737,3737,3643,-0.0251538667380252
"10053","10053",5521,5604,5743,0.0402101068646984
"10055","10055",2269,2235,2333,0.0282062582635522
"10056","10056",1158,1158,1104,-0.0466321243523316
"10057","10057",3769,3709,3803,0.00902096046696737
"10058","10058",2324,2239,2241,-0.0357142857142857
"10059","10059",2337,2357,2157,-0.0770218228498075
"10060","10060",1880,1891,1888,0.00425531914893617
"10061","10061",2334,2334,2299,-0.0149957155098543
"10062","10062",2321,2164,2182,-0.0598879793192589
"10063","10063",1300,1300,1301,0.000769230769230769
"10064","10064",1732,1732,1725,-0.00404157043879908
"10065","10065",3369,3369,3249,-0.0356188780053428
"10066","10066",967,967,968,0.00103412616339193
"10067","10067",2550,2550,2550,0
"10068","10068",2256,2256,2461,0.0908687943262411
"10069","10069",2741,2722,2726,-0.00547245530828165
"10070","10070",5867,5882,5920,0.00903357763763423
"10071","10071",2459,2442,2442,-0.00691337942252948
"10072","10072",1389,1399,1336,-0.0381569474442045
"10073","10073",847,967,967,0.141676505312869
"10074","10074",2139,2139,2150,0.00514258999532492
"10075","10075",1549,1548,1548,-0.000645577792123951
"10076","10076",3973,3973,3904,-0.0173672287943619
"10077","10077",2086,2086,2545,0.220038350910834
"10078","10078",5057,5055,5116,0.0116669962428317
"10080","10080",1302,1399,1353,0.0391705069124424
"10081","10081",4153,4153,4186,0.00794606308692511
"10082","10082",2921,2867,2911,-0.00342348510783978
"10083","10083",3090,3066,2721,-0.119417475728155
"10084","10084",9107,8244,7728,-0.151421983089931
"10085","10085",2686,2686,2904,0.0811615785554728
"10086","10086",3631,3604,3234,-0.109336270999725
"10087","10087",1310,1530,1416,0.0809160305343511
"10088","10088",4010,4005,3732,-0.0693266832917706
"10089","10089",2296,2386,2419,0.0535714285714286
"10090","10090",1501,1501,1642,0.0939373750832778
"10091","10091",3026,3047,3058,0.0105750165234633
"10092","10092",1154,1154,1154,0
"10093","10093",3018,2979,3004,-0.0046388336646786
"10095","10095",2383,2383,2351,-0.0134284515316828
"10096","10096",11202,10654,10527,-0.0602570969469738
"10097","10097",4818,4351,4447,-0.0770029057700291
"10098","10098",1640,1640,1513,-0.0774390243902439
"10099","10099",2456,2456,2456,0
"10100","10100",878,874,1248,0.421412300683371
"10101","10101",2176,2176,2176,0
"10102","10102",3735,3932,3962,0.0607764390896921
"10103","10103",5867,5867,5952,0.0144878131924322
"10104","10104",5801,6084,5422,-0.0653335631787623
"10105","10105",5391,5342,5315,-0.0140975700241143
"10106","10106",1745,1745,2182,0.250429799426934
"10107","10107",3690,3694,3673,-0.00460704607046071
"10108","10108",2822,2830,2829,0.00248051027639972
"10109","10109",1853,1853,1914,0.0329195898542903
"10110","10110",2043,2043,2117,0.0362212432697014
"10111","10111",4124,4006,4243,0.0288554801163919
"10112","10112",3199,3122,3118,-0.0253204126289465
"10113","10113",3031,2901,2889,-0.046849224678324
"10114","10114",2997,2987,2998,0.000333667000333667
"10115","10115",3341,3342,3295,-0.0137683328344807
"10116","10116",2663,2627,2627,-0.0135185880585805
"10117","10117",3164,3284,3174,0.00316055625790139
"10118","10118",2333,2333,2717,0.164594942134591
"10119","10119",1453,1453,1390,-0.0433585684790089
"10120","10120",3132,3135,3130,-0.000638569604086846
"10121","10121",3799,3756,3814,0.00394840747565149
"10123","10123",2973,2972,3132,0.053481331987891
"10124","10124",3125,3146,3034,-0.02912
"10125","10125",4478,4442,4195,-0.0631978561857972
"10126","10126",3417,3421,3561,0.0421422300263389
"10127","10127",3332,3245,3393,0.0183073229291717
"10128","10128",3106,3098,3092,-0.00450740502253703
"10129","10129",1583,1583,1582,-0.000631711939355654
"10130","10130",4514,4374,4699,0.040983606557377
"10131","10131",3211,3239,3178,-0.0102771722204921
"10132","10132",3880,3926,3970,0.0231958762886598
"10133","10133",2040,2040,2040,0
"10134","10134",3287,3286,3288,0.000304228780042592
"10135","10135",3463,3462,3354,-0.0314755991914525
"10136","10136",1570,1571,1528,-0.0267515923566879
"10137","10137",1054,1146,1140,0.0815939278937381
"10138","10138",2722,2724,2724,0.000734753857457752
"10139","10139",2418,2419,2419,0.000413564929693962
"10140","10140",4384,4643,4656,0.062043795620438
"10141","10141",2974,2973,2883,-0.0305985205110962
"10142","10142",5206,5185,5322,0.022281982328083
"10143","10143",1334,1334,1334,0
"10144","10144",3592,3440,3447,-0.0403674832962138
"10145","10145",3901,3899,3898,-0.000769033581133043
"10146","10146",4703,4329,4335,-0.0782479268551988
"10147","10147",2592,2595,2593,0.000385802469135802
"10148","10148",2756,2770,2762,0.00217706821480406
"10149","10149",1849,1849,1985,0.07355327203894
"10150","10150",2927,2927,2819,-0.0368978476255552
"10151","10151",5442,5541,5504,0.0113928702682837
"10152","10152",4578,3698,3617,-0.209916994320664
"10153","10153",4038,4038,4035,-0.000742942050520059
"10154","10154",4039,3988,3814,-0.0557068581332013
"10155","10155",3762,3775,4126,0.0967570441254652
"10156","10156",4560,4554,4613,0.0116228070175439
"10157","10157",1020,1020,1020,0
"10158","10158",3987,3950,3950,-0.00928016052169551
"10159","10159",3059,3048,2868,-0.0624387054593004
"10160","10160",1931,1931,1931,0
"10161","10161",6694,6593,6667,-0.00403346280250971
"10162","10162",1445,1432,1559,0.0788927335640138
"10163","10163",7874,7871,7855,-0.00241300482600965
"10164","10164",2074,2074,2051,-0.0110896817743491
"10166","10166",2541,2541,2541,0
"10167","10167",4605,4423,4665,0.0130293159609121
"10168","10168",2537,2537,2609,0.0283799763500197
"10169","10169",1875,1875,1875,0
"10170","10170",1993,1993,2055,0.0311088810837933
"10171","10171",3171,3171,3171,0
"10172","10172",4784,3574,3562,-0.255434782608696
"10174","10174",2053,2053,2055,0.000974184120798831
"10175","10175",4282,3823,4385,0.0240541802895843
"10176","10176",3344,3371,3429,0.0254186602870813
"10177","10177",2298,2297,2297,-0.000435161009573542
"13773","13773",2298,2297,2297,-0.000435161009573542
"10178","10178",3203,3203,3302,0.0309085232594443
"10179","10179",1831,1831,1814,-0.00928454396504642
"10180","10180",2405,2101,2391,-0.00582120582120582
"10181","10181",1243,1243,1243,0
"10183","10183",5411,5416,5549,0.0255036037700979
"10185","10185",2821,2818,2818,-0.0010634526763559
"10186","10186",2786,2605,2605,-0.064967695620962
"10187","10187",1369,1369,1369,0
"10188","10188",2051,2119,2180,0.0628961482203803
"10189","10189",4398,4391,4348,-0.011368804001819
"10190","10190",2753,2757,2645,-0.0392299309843807
"10191","10191",1482,1513,1517,0.0236167341430499
"10192","10192",4900,4892,4897,-0.000612244897959184
"10194","10194",1310,1991,1991,0.519847328244275
"10195","10195",728,728,777,0.0673076923076923
"10196","10196",1019,1019,1022,0.00294406280667321
"10197","10197",3098,3025,3007,-0.0293737895416398
"10198","10198",3415,3415,3391,-0.00702781844802343
"10199","10199",3114,3101,2741,-0.119781631342325
"10200","10200",3225,3051,3185,-0.0124031007751938
"10201","10201",5918,5921,5930,0.00202771206488679
"10202","10202",3359,3381,3262,-0.0288776421554034
"10203","10203",3631,3488,3763,0.036353621591848
"10204","10204",2052,1785,1849,-0.0989278752436647
"10205","10205",2690,2694,2380,-0.115241635687732
"10206","10206",2215,2239,2264,0.0221218961625282
"10207","10207",1720,1580,1486,-0.136046511627907
"10208","10208",5351,5355,5266,-0.0158848813305924
"10209","10209",2800,2803,2802,0.000714285714285714
"10210","10210",1928,1977,1990,0.0321576763485477
"10211","10211",1681,1681,1681,0
"10212","10212",1952,1952,1902,-0.0256147540983607
"10213","10213",1294,1705,1371,0.0595054095826893
"13520","13520",1294,1705,1371,0.0595054095826893
"10214","10214",1430,1430,1430,0
"10215","10215",3716,4523,4515,0.215016146393972
"10216","10216",3144,3236,3255,0.0353053435114504
"10217","10217",2142,2142,2075,-0.0312791783380019
"10218","10218",3234,3507,3558,0.100185528756957
"10219","10219",1649,1647,1455,-0.117647058823529
"10221","10221",1201,1201,1201,0
"10222","10222",2315,2024,2119,-0.0846652267818574
"10223","10223",2253,2253,2210,-0.0190856635596982
"10224","10224",2692,2692,2974,0.104754829123328
"10226","10226",3741,3619,3453,-0.0769847634322374
"10227","10227",1248,1248,1248,0
"10228","10228",1223,1226,1226,0.00245298446443173
"13838","13838",1223,1226,1226,0.00245298446443173
"10229","10229",1249,1249,1249,0
"10230","10230",3722,3722,3821,0.0265986029016658
"10231","10231",1108,1108,1099,-0.00812274368231047
"10232","10232",3588,3556,3610,0.00613154960981048
"10233","10233",4271,4271,4271,0
"10234","10234",3051,3053,3540,0.160275319567355
"10235","10235",1166,1027,1028,-0.118353344768439
"10236","10236",3653,2916,2729,-0.252942786750616
"10237","10237",5607,5394,5388,-0.0390583199571964
"10238","10238",1480,1434,1424,-0.0378378378378378
"10239","10239",2242,2130,2242,0
"10240","10240",3411,3480,3595,0.0539431251832307
"10241","10241",5634,5662,6016,0.0678026269080582
"10242","10242",3415,3417,3190,-0.0658857979502196
"10243","10243",3752,3781,3415,-0.089818763326226
"10244","10244",7191,7587,7515,0.0450563204005006
"10245","10245",1558,1557,1945,0.248395378690629
"10246","10246",3733,3445,3429,-0.0814358424859362
"10247","10247",3439,3444,3444,0.00145391102064554
"10248","10248",4467,4475,4288,-0.0400716364450414
"10249","10249",2159,2160,2125,-0.015748031496063
"10250","10250",3730,3730,3854,0.0332439678284182
"10251","10251",5405,5552,5123,-0.0521739130434783
"10252","10252",1793,1793,1793,0
"10253","10253",948,948,948,0
"10254","10254",4353,4353,4176,-0.0406616126809097
"10255","10255",3021,2991,2901,-0.0397219463753724
"10256","10256",953,1022,1002,0.0514165792235047
"18072","18072",953,1022,1002,0.0514165792235047
"10257","10257",2926,2926,2916,-0.00341763499658236
"10258","10258",4834,4836,4836,0.000413736036408771
"10259","10259",7854,7847,7861,0.00089126559714795
"10260","10260",2949,2947,2948,-0.000339097999321804
"10261","10261",1324,1168,1168,-0.117824773413897
"10262","10262",2894,3022,3023,0.0445749827228749
"10263","10263",3854,3847,3915,0.015827711468604
"10264","10264",1136,1136,1136,0
"10265","10265",3992,4008,4017,0.0062625250501002
"10266","10266",1349,1356,1356,0.00518902891030393
"10267","10267",5155,5046,4982,-0.0335596508244423
"10268","10268",2767,2767,2928,0.0581857607517167
"10269","10269",1426,1426,1473,0.0329593267882188
"10270","10270",2449,2649,2544,0.0387913434054716
"10271","10271",1671,1671,2048,0.225613405146619
"10272","10272",1769,1770,1770,0.000565291124929339
"10273","10273",3063,3062,3085,0.00718250081619327
"10274","10274",6501,6598,6428,-0.0112290416858945
"10275","10275",3819,3819,3911,0.0240900759361089
"10276","10276",2987,2880,2684,-0.101439571476398
"10277","10277",8261,8297,8217,-0.00532623169107856
"10279","10279",2740,2740,2571,-0.0616788321167883
"10964","10964",2740,2740,2571,-0.0616788321167883
"10280","10280",4897,4754,4799,-0.0200122523994282
"10281","10281",1566,1566,1566,0
"10282","10282",2268,2266,2267,-0.000440917107583774
"10283","10283",1526,1526,1483,-0.028178243774574
"10284","10284",3130,3130,3117,-0.00415335463258786
"10285","10285",2469,2469,2429,-0.0162008910490077
"10286","10286",3191,3191,3146,-0.0141021623315575
"10287","10287",1549,1549,1570,0.013557133634603
"14342","14342",1549,1549,1570,0.013557133634603
"10288","10288",941,941,941,0
"10289","10289",2276,2274,2167,-0.0478910369068541
"10290","10290",3606,3606,3189,-0.115640599001664
"10291","10291",1187,1187,1187,0
"10292","10292",2193,2197,2212,0.00866393068855449
"10293","10293",1692,1693,1692,0
"10294","10294",807,804,806,-0.00123915737298637
"10296","10296",3795,3795,4053,0.0679841897233202
"10297","10297",1716,1716,1691,-0.0145687645687646
"10298","10298",4260,4444,4440,0.0422535211267606
"10299","10299",1413,1412,1482,0.0488322717622081
"10300","10300",1573,1541,1541,-0.0203432930705658
"10301","10301",4443,4443,4443,0
"10302","10302",4275,4273,4215,-0.0140350877192982
"10303","10303",8052,8051,8044,-0.000993541977148535
"10304","10304",1606,1606,1644,0.0236612702366127
"10305","10305",1859,1814,1859,0
"10306","10306",5079,5122,5122,0.00846623351053357
"10307","10307",5092,5092,5181,0.0174783974862529
"10308","10308",766,766,766,0
"10309","10309",3596,3596,3476,-0.0333704115684093
"10310","10310",1266,1232,1551,0.225118483412322
"10311","10311",6223,6292,6261,0.0061063795596979
"10312","10312",2162,2164,2164,0.000925069380203515
"10313","10313",7020,6988,6677,-0.0488603988603989
"10314","10314",2584,2584,2444,-0.0541795665634675
"10315","10315",5599,4604,4633,-0.172530809073049
"10316","10316",6530,5600,5839,-0.105819295558959
"10317","10317",6020,6041,6027,0.00116279069767442
"10318","10318",6851,6613,6618,-0.034009633630127
"10319","10319",829,829,833,0.00482509047044632
"10320","10320",3915,3884,3810,-0.0268199233716475
"10321","10321",1628,1608,1544,-0.0515970515970516
"10322","10322",2190,2189,2189,-0.00045662100456621
"10323","10323",2780,2797,2262,-0.186330935251799
"10324","10324",6103,6069,6252,0.0244142225135179
"10325","10325",4013,4017,4023,0.0024919013207077
"10326","10326",1488,1485,1485,-0.00201612903225806
"10327","10327",4192,3996,4070,-0.0291030534351145
"10328","10328",2159,2416,2416,0.119036591014358
"10329","10329",746,819,857,0.148793565683646
"10330","10330",2733,2731,2724,-0.00329308452250274
"10331","10331",4904,4890,4786,-0.0240619902120718
"10332","10332",2457,2468,2454,-0.00122100122100122
"10333","10333",2502,2502,2502,0
"10334","10334",1178,1177,1173,-0.00424448217317487
"10335","10335",2291,2291,2295,0.00174596246180707
"10336","10336",6427,6430,5970,-0.0711062704216586
"10337","10337",3628,3615,2954,-0.185777287761852
"10338","10338",1586,1601,1587,0.000630517023959647
"10339","10339",2616,2619,3098,0.184250764525994
"10340","10340",533,533,506,-0.050656660412758
"10342","10342",1277,1276,994,-0.221613155833986
"19381","19381",1277,1276,994,-0.221613155833986
"10343","10343",4752,4752,4782,0.00631313131313131
"10344","10344",2884,2873,2880,-0.0013869625520111
"10346","10346",3785,3760,3780,-0.00132100396301189
"10347","10347",1479,1479,1427,-0.035158891142664
"10348","10348",1135,1275,1250,0.101321585903084
"10349","10349",1139,1150,1153,0.0122914837576822
"10350","10350",3383,3297,3298,-0.0251256281407035
"10351","10351",1692,1692,1692,0
"10352","10352",2504,2473,2109,-0.157747603833866
"10353","10353",3358,3359,3359,0.000297796307325789
"10354","10354",3032,3032,2861,-0.0563984168865435
"10355","10355",3328,3326,3548,0.0661057692307692
"10356","10356",1869,1986,1944,0.0401284109149278
"10357","10357",6019,6384,6318,0.0496760259179266
"10358","10358",2867,3031,3202,0.116846878269969
"10359","10359",3475,3491,3306,-0.0486330935251799
"10360","10360",1653,1655,1655,0.00120992135511192
"10361","10361",3238,3243,3142,-0.0296479308214948
"10362","10362",5734,5680,5191,-0.0946982908964074
"10363","10363",818,817,814,-0.00488997555012225
"10364","10364",3560,3535,3548,-0.00337078651685393
"10365","10365",2668,2767,2649,-0.00712143928035982
"10366","10366",2707,2707,2698,-0.00332471370520872
"10367","10367",1526,1526,1526,0
"10368","10368",1506,1471,1471,-0.0232403718459495
"10369","10369",916,916,916,0
"10370","10370",4053,4053,4053,0
"10371","10371",1325,1339,1578,0.190943396226415
"10372","10372",3203,2823,2840,-0.113331251951296
"10373","10373",1710,1710,1711,0.000584795321637427
"10374","10374",1638,1414,1413,-0.137362637362637
"10375","10375",6593,6843,7133,0.0819050508114667
"10376","10376",2089,2054,2035,-0.025849688846338
"10377","10377",3017,3138,3138,0.0401060656281074
"10378","10378",7309,7182,7272,-0.00506225201805993
"10379","10379",2191,2191,2191,0
"10380","10380",4846,4941,4803,-0.00887329756500206
"10381","10381",2529,2497,2435,-0.0371688414393041
"10382","10382",2347,2474,2438,0.0387729015764806
"10383","10383",976,975,959,-0.0174180327868852
"10384","10384",1313,1402,1400,0.0662604722010663
"10385","10385",7343,7336,7265,-0.010622361432657
"10386","10386",1411,1411,1408,-0.00212615166548547
"10387","10387",2503,2461,2442,-0.0243707550938873
"10388","10388",2561,2890,2554,-0.00273330730183522
"10389","10389",1989,1989,1842,-0.0739064856711916
"10390","10390",1079,932,1079,0
"10391","10391",1897,1955,1871,-0.0137058513442277
"10392","10392",4622,4573,4573,-0.0106014712245781
"10393","10393",1894,1880,1880,-0.00739176346356917
"10394","10394",3804,3806,4436,0.166140904311251
"10395","10395",3148,3268,3268,0.0381194409148666
"10396","10396",3602,3819,3419,-0.0508051082731816
"10397","10397",1227,1229,1242,0.0122249388753056
"10398","10398",3058,3006,3320,0.0856769130150425
"10399","10399",4454,4462,4238,-0.0484957341715312
"10400","10400",3550,3550,3551,0.00028169014084507
"10401","10401",2962,3022,3101,0.0469277515192438
"10403","10403",5419,5528,5619,0.0369071784462078
"10404","10404",4690,4690,4397,-0.0624733475479744
"10405","10405",4402,4405,4417,0.00340754202635166
"10406","10406",4352,4351,4447,0.0218290441176471
"10408","10408",1123,1243,1144,0.018699910952805
"10409","10409",2074,2046,2084,0.00482160077145612
"10410","10410",2629,2629,2629,0
"10411","10411",1759,1731,1730,-0.0164866401364412
"10412","10412",3120,3034,3050,-0.0224358974358974
"10413","10413",2753,2754,2744,-0.00326916091536506
"10414","10414",5965,5839,6102,0.0229673093042749
"10415","10415",2680,2619,2640,-0.0149253731343284
"10416","10416",2127,2127,2152,0.0117536436295252
"10417","10417",2861,2860,2760,-0.035302341838518
"10418","10418",1574,1528,1528,-0.0292249047013977
"10419","10419",1758,1758,1848,0.0511945392491468
"10420","10420",2820,2522,2525,-0.104609929078014
"10421","10421",1810,1811,1903,0.0513812154696133
"10422","10422",1509,1475,1476,-0.0218687872763419
"10423","10423",4672,4672,4731,0.0126284246575342
"10424","10424",3015,3015,2941,-0.0245439469320066
"10425","10425",849,849,953,0.122497055359246
"10426","10426",1955,1955,1947,-0.0040920716112532
"10427","10427",5397,5407,5371,-0.00481749119881416
"10428","10428",2899,2561,2661,-0.082097274922387
"10429","10429",3917,3818,3969,0.0132754659177942
"10430","10430",1078,1078,1108,0.0278293135435993
"10431","10431",3241,3268,3267,0.00802221536562789
"10432","10432",2682,2682,2626,-0.0208799403430276
"10433","10433",8320,8235,8211,-0.0131009615384615
"10434","10434",1223,1223,1227,0.00327064595257563
"10435","10435",3557,3557,3517,-0.0112454315434355
"10436","10436",2294,2292,2289,-0.0021795989537925
"10437","10437",3415,3552,3553,0.0404099560761347
"10438","10438",10191,10249,10009,-0.0178588951035227
"10440","10440",2750,2750,2649,-0.0367272727272727
"10441","10441",988,990,985,-0.00303643724696356
"10442","10442",1475,1475,1475,0
"10443","10443",2771,2862,2799,0.0101046553590761
"10444","10444",6638,6608,6748,0.0165712564025309
"10445","10445",2134,2124,2633,0.233833177132146
"10446","10446",3051,2936,2953,-0.0321206161914127
"10447","10447",1762,1762,1766,0.00227014755959137
"10448","10448",2509,2415,2935,0.169788760462336
"10449","10449",3830,3829,3812,-0.00469973890339426
"10450","10450",9784,9805,9289,-0.0505928045789043
"10451","10451",2821,2821,2821,0
"10452","10452",2083,2035,2073,-0.00480076812289966
"10453","10453",4434,4489,4515,0.0182679296346414
"10454","10454",4351,4354,4205,-0.0335555044817283
"10455","10455",1453,1453,1388,-0.0447350309704061
"10456","10456",2059,2057,2057,-0.000971345313258863
"10457","10457",3183,3473,3177,-0.00188501413760603
"10458","10458",2368,2368,2412,0.0185810810810811
"10459","10459",2166,2302,2178,0.00554016620498615
"10460","10460",5726,5698,6074,0.0607754104086622
"10461","10461",1913,1963,1882,-0.0162049137480397
"10462","10462",2180,2152,2152,-0.0128440366972477
"10464","10464",1605,1605,1492,-0.070404984423676
"10465","10465",6764,6764,6764,0
"10466","10466",2070,1932,1931,-0.0671497584541063
"10467","10467",2705,2704,2504,-0.0743068391866913
"10468","10468",4669,4551,4433,-0.0505461554936817
"10469","10469",7224,7169,7055,-0.0233942414174972
"10470","10470",4410,3743,3655,-0.171201814058957
"10471","10471",3113,3104,3101,-0.00385480244137488
"18051","18051",3113,3104,3101,-0.00385480244137488
"10472","10472",6430,7069,7037,0.0944012441679627
"10473","10473",3329,3499,3378,0.0147191348753379
"10474","10474",1585,1582,1756,0.10788643533123
"10475","10475",5227,5102,5131,-0.0183661756265544
"10476","10476",4080,4078,4167,0.0213235294117647
"10477","10477",2886,2882,2930,0.0152460152460152
"10478","10478",3364,3350,3417,0.0157550535077289
"10479","10479",3893,3893,3847,-0.0118160801438479
"10480","10480",7422,7449,7753,0.0445971436270547
"10481","10481",3825,3825,3908,0.0216993464052288
"10482","10482",3373,3441,3424,0.015120071153276
"10483","10483",2450,2450,2449,-0.000408163265306122
"10484","10484",3323,3269,3632,0.0929882636172134
"10485","10485",4168,4168,4243,0.0179942418426104
"10608","10608",4168,4168,4243,0.0179942418426104
"10486","10486",2300,2269,2323,0.01
"10487","10487",2038,1967,1968,-0.0343473994111874
"10488","10488",2611,2611,2611,0
"10489","10489",2975,2867,2847,-0.0430252100840336
"10490","10490",755,755,755,0
"10491","10491",2497,2497,2252,-0.0981177412895475
"10492","10492",1069,1069,1068,-0.000935453695042095
"10493","10493",1938,1990,1962,0.0123839009287926
"10494","10494",2034,2034,2034,0
"10495","10495",3640,3570,3389,-0.068956043956044
"10496","10496",4957,4819,4926,-0.0062537825297559
"10497","10497",2518,2035,1833,-0.272041302621128
"10498","10498",2236,2168,2197,-0.0174418604651163
"10499","10499",2241,2202,2247,0.00267737617135207
"10500","10500",3747,3896,3901,0.0410995463037096
"10501","10501",2041,2040,2039,-0.000979911807937286
"10502","10502",1969,2033,2705,0.373793803961402
"19493","19493",1969,2033,2705,0.373793803961402
"10503","10503",3234,3247,3255,0.00649350649350649
"10504","10504",1650,1693,1657,0.00424242424242424
"10505","10505",4716,4714,4894,0.03774385072095
"10506","10506",3753,3928,4026,0.0727418065547562
"10507","10507",3884,3899,3925,0.0105561277033986
"10508","10508",1621,1621,1592,-0.0178901912399753
"10509","10509",2493,2493,2492,-0.000401123144805455
"10510","10510",4511,4511,4633,0.0270450011084017
"10511","10511",2622,2610,2612,-0.003813882532418
"10512","10512",3874,3991,4111,0.0611770779556014
"10513","10513",6575,6706,6737,0.024638783269962
"10514","10514",1529,1647,1529,0
"10515","10515",2254,2252,2248,-0.00266193433895297
"10516","10516",933,933,1070,0.146838156484459
"10517","10517",3698,3456,3254,-0.120064899945917
"10518","10518",1625,1462,1373,-0.155076923076923
"10519","10519",3962,3963,3960,-0.000504795557799091
"10520","10520",2979,2919,2918,-0.0204766700234978
"10521","10521",1544,1459,1500,-0.0284974093264249
"10522","10522",4442,4442,4441,-0.000225123818099955
"10523","10523",1380,1909,1796,0.301449275362319
"10524","10524",4547,4565,4565,0.00395865405762041
"10525","10525",1650,1650,1579,-0.043030303030303
"10526","10526",1380,1379,1379,-0.00072463768115942
"10527","10527",2026,2026,2029,0.00148075024679171
"12999","12999",2026,2026,2029,0.00148075024679171
"17575","17575",2026,2026,2029,0.00148075024679171
"10528","10528",3283,3142,3144,-0.0423393237892172
"10529","10529",2026,2232,1937,-0.043928923988154
"10530","10530",2796,1910,2012,-0.280400572246066
"10531","10531",2144,2275,2245,0.0471082089552239
"10532","10532",1685,1685,1592,-0.0551928783382789
"10533","10533",5253,5203,5061,-0.0365505425471159
"10534","10534",1625,1625,1460,-0.101538461538462
"10535","10535",2347,2349,2349,0.000852151682999574
"10536","10536",2235,2235,2233,-0.000894854586129754
"10537","10537",4206,4206,4205,-0.000237755587256301
"10682","10682",4206,4206,4205,-0.000237755587256301
"10538","10538",4833,5146,4781,-0.01075936271467
"10539","10539",1758,1758,1762,0.00227531285551763
"13019","13019",1758,1758,1762,0.00227531285551763
"10540","10540",4379,4458,4371,-0.00182690111897694
"10541","10541",6741,6759,6697,-0.00652722148049251
"10542","10542",1690,1703,1710,0.0118343195266272
"10543","10543",2888,2887,3264,0.130193905817175
"10544","10544",1217,1216,1216,-0.000821692686935086
"10545","10545",2061,2151,2016,-0.0218340611353712
"10546","10546",3577,3117,3721,0.0402571987699189
"10547","10547",2684,2642,2641,-0.0160208643815201
"10548","10548",2248,2257,2199,-0.021797153024911
"10549","10549",839,791,791,-0.0572109654350417
"10550","10550",3227,3227,3227,0
"10551","10551",1622,1622,1624,0.00123304562268804
"10552","10552",1560,1652,1647,0.0557692307692308
"12439","12439",1560,1652,1647,0.0557692307692308
"10553","10553",5005,5035,5345,0.0679320679320679
"10554","10554",4948,4933,4900,-0.00970088924818108
"10555","10555",2885,3127,3207,0.111611785095321
"10556","10556",6451,6439,6499,0.00744070686715238
"10557","10557",6291,6286,6302,0.00174852964552535
"10558","10558",5412,5185,4929,-0.0892461197339246
"10559","10559",2299,2299,2279,-0.00869943453675511
"10560","10560",2099,2104,2104,0.00238208670795617
"14287","14287",2099,2104,2104,0.00238208670795617
"10561","10561",5125,4955,5186,0.0119024390243902
"10562","10562",1625,1625,1625,0
"10563","10563",1754,1669,1886,0.0752565564424173
"10564","10564",1745,1745,1737,-0.00458452722063037
"10565","10565",3326,3325,3383,0.0171377029464823
"10567","10567",3601,3569,3555,-0.0127742293807276
"10568","10568",1177,1176,1176,-0.000849617672047579
"10569","10569",4918,4923,5068,0.0305002033346889
"10570","10570",3911,3911,3910,-0.000255689082076195
"10571","10571",2268,2316,2314,0.0202821869488536
"10572","10572",3706,3636,3557,-0.04020507285483
"10573","10573",2208,2208,2148,-0.0271739130434783
"10574","10574",2937,2897,2935,-0.000680966973101805
"14822","14822",2937,2897,2935,-0.000680966973101805
"10575","10575",3039,3006,2963,-0.02500822639026
"10576","10576",5346,5345,5292,-0.0101010101010101
"10577","10577",5707,5687,5739,0.00560714911512178
"10578","10578",5481,5529,5305,-0.0321109286626528
"10579","10579",4613,4612,4458,-0.0336006936917407
"10580","10580",2304,2302,2302,-0.000868055555555556
"10581","10581",2719,2706,2714,-0.00183891136447223
"10582","10582",1958,1970,2372,0.21144024514811
"19356","19356",1958,1970,2372,0.21144024514811
"10583","10583",4027,4022,4022,-0.00124161907126893
"10584","10584",4195,4083,4210,0.00357568533969011
"10585","10585",9116,9099,8896,-0.0241333918385257
"10586","10586",1454,1598,1507,0.0364511691884457
"10587","10587",3839,3754,3736,-0.0268299036207346
"10588","10588",5628,5663,5666,0.00675195451314854
"10589","10589",1691,1690,1747,0.0331164991129509
"10590","10590",6918,6789,6795,-0.0177797051170859
"10591","10591",2259,2259,2492,0.103142983621071
"10592","10592",2863,2864,2862,-0.000349283967865875
"10593","10593",2613,2669,2649,0.0137772675086108
"10594","10594",2268,2268,2472,0.0899470899470899
"10595","10595",3201,3367,3201,0
"10596","10596",3256,3256,3269,0.00399262899262899
"10597","10597",850,850,850,0
"10598","10598",1385,1428,1527,0.102527075812274
"10599","10599",3151,3151,3151,0
"10600","10600",2692,2639,2648,-0.0163447251114413
"10601","10601",2548,2536,2128,-0.164835164835165
"10602","10602",5254,4925,4995,-0.0492957746478873
"10603","10603",3065,3066,2874,-0.0623164763458401
"10604","10604",1165,1165,1157,-0.00686695278969957
"10605","10605",1384,1384,1368,-0.0115606936416185
"10606","10606",2393,2392,2392,-0.000417885499373172
"10607","10607",5271,5300,5300,0.00550180231455132
"10609","10609",3365,3371,3458,0.0276374442793462
"10610","10610",5020,4508,4346,-0.134262948207171
"10611","10611",2697,2683,2682,-0.00556173526140156
"10612","10612",1455,1455,1454,-0.000687285223367698
"10613","10613",1873,1873,1874,0.000533902829684997
"10614","10614",1148,1148,1148,0
"10615","10615",2075,2075,2075,0
"10616","10616",1404,1404,1339,-0.0462962962962963
"10617","10617",1436,1434,1434,-0.00139275766016713
"10618","10618",1483,1483,1488,0.00337154416722859
"10619","10619",1243,1243,1242,-0.00080450522928399
"12428","12428",1243,1243,1242,-0.00080450522928399
"10620","10620",820,820,820,0
"10621","10621",1662,1638,1525,-0.0824308062575211
"10622","10622",2244,2245,2248,0.0017825311942959
"10623","10623",2292,2292,2347,0.0239965095986038
"10624","10624",4351,4345,4340,-0.0025281544472535
"10625","10625",2204,2204,2365,0.073049001814882
"10626","10626",2077,2078,2072,-0.00240731824747232
"13856","13856",2077,2078,2072,-0.00240731824747232
"10627","10627",5091,5093,5019,-0.0141426045963465
"10628","10628",2094,1536,1514,-0.276981852913085
"18253","18253",2094,1536,1514,-0.276981852913085
"10629","10629",5404,5390,5392,-0.00222057735011103
"10630","10630",3102,2748,2558,-0.175370728562218
"10631","10631",1756,2207,2322,0.322323462414579
"10632","10632",4078,4074,4371,0.0718489455615498
"10633","10633",2069,2158,1956,-0.0546157564040599
"10634","10634",2898,2898,2892,-0.0020703933747412
"10635","10635",1498,1562,1566,0.0453938584779706
"10636","10636",3687,3686,3686,-0.00027122321670735
"10637","10637",5053,4981,4980,-0.0144468632495547
"10638","10638",8196,8325,7798,-0.0485602733040508
"10639","10639",3768,3717,3720,-0.0127388535031847
"10640","10640",1531,1531,1622,0.0594382756368387
"10641","10641",1200,1172,1172,-0.0233333333333333
"10642","10642",2552,2670,2673,0.0474137931034483
"10643","10643",2127,2217,2576,0.211095439586272
"10644","10644",2400,2400,2348,-0.0216666666666667
"10645","10645",3045,2938,2748,-0.0975369458128079
"12821","12821",3045,2938,2748,-0.0975369458128079
"10646","10646",1735,1748,1746,0.00634005763688761
"10647","10647",10435,10510,9849,-0.0561571633924293
"10648","10648",4364,4329,4368,0.000916590284142988
"10649","10649",3224,3276,3198,-0.00806451612903226
"11935","11935",3224,3276,3198,-0.00806451612903226
"10650","10650",2517,2597,2597,0.0317838696861343
"10651","10651",2798,2796,2795,-0.00107219442458899
"10652","10652",2586,2954,2861,0.106341840680588
"10653","10653",1331,1331,1303,-0.0210368144252442
"10654","10654",2661,2703,2788,0.0477264186396092
"10655","10655",1456,1456,1456,0
"10656","10656",5402,5407,5528,0.0233246945575713
"10658","10658",2501,2430,2406,-0.037984806077569
"10659","10659",1335,1204,1204,-0.09812734082397
"10660","10660",2353,2469,2840,0.206969825754356
"10661","10661",2120,2120,2191,0.0334905660377358
"10662","10662",6285,6279,6279,-0.000954653937947494
"10663","10663",2170,2170,2179,0.00414746543778802
"10664","10664",3630,3628,3628,-0.000550964187327824
"10665","10665",1890,1890,1890,0
"10666","10666",3141,3306,3314,0.0550780006367399
"10667","10667",2480,2482,2478,-0.000806451612903226
"10668","10668",4995,4984,5047,0.0104104104104104
"10669","10669",1088,1088,1088,0
"10670","10670",7290,7049,6699,-0.0810699588477366
"10671","10671",4551,3831,3907,-0.141507361019556
"10672","10672",2218,2263,2713,0.223174030658251
"10673","10673",2369,2368,2368,-0.000422119037568594
"10674","10674",6067,6045,6105,0.00626339212131202
"10675","10675",2259,2256,2452,0.085436033643205
"10676","10676",3148,3147,3190,0.0133418043202033
"10677","10677",3255,3346,3466,0.0648233486943164
"10678","10678",5461,5455,5463,0.000366233290606116
"10679","10679",1891,1891,1924,0.017451084082496
"10680","10680",6092,6193,6184,0.0151017728168089
"10681","10681",3768,3768,3688,-0.0212314225053079
"10683","10683",875,965,965,0.102857142857143
"10684","10684",5749,5636,5785,0.00626195860149591
"10685","10685",1625,1625,1403,-0.136615384615385
"13087","13087",1625,1625,1403,-0.136615384615385
"10686","10686",3068,3068,2978,-0.0293350717079531
"10687","10687",3235,3236,3239,0.00123647604327666
"10688","10688",1864,1905,1730,-0.0718884120171674
"10689","10689",1396,1396,1396,0
"10690","10690",1587,1587,1587,0
"10691","10691",2643,2642,2767,0.0469163828982217
"10692","10692",2025,2025,2033,0.00395061728395062
"10693","10693",6841,6841,6844,0.000438532378307265
"10694","10694",2011,2011,2011,0
"10695","10695",2270,2271,2263,-0.00308370044052863
"18210","18210",2270,2271,2263,-0.00308370044052863
"10696","10696",2401,2401,2433,0.0133277800916285
"10697","10697",1911,1911,2079,0.0879120879120879
"10698","10698",2646,2649,2644,-0.000755857898715042
"10699","10699",1787,1816,1807,0.0111919418019026
"10700","10700",1907,1907,1906,-0.000524383848977452
"10701","10701",5345,5238,5049,-0.0553788587464921
"10702","10702",2852,2853,2864,0.00420757363253857
"10703","10703",7784,8416,7154,-0.0809352517985611
"10704","10704",1880,1956,1707,-0.0920212765957447
"10705","10705",3177,3033,2956,-0.0695624803273528
"10706","10706",6377,6425,6358,-0.00297945742512153
"10707","10707",2448,2444,2452,0.00163398692810458
"10708","10708",11221,11216,11396,0.0155957579538366
"10709","10709",5527,5529,5589,0.0112176587660575
"10710","10710",5297,5299,5281,-0.00302057768548235
"10711","10711",1637,1651,1656,0.0116065974343311
"10712","10712",6271,6268,5998,-0.0435337266783607
"10713","10713",4041,3994,4024,-0.00420687948527592
"10714","10714",2056,2055,2050,-0.00291828793774319
"10715","10715",2173,1880,1793,-0.174873446847676
"10716","10716",1587,1481,1470,-0.0737240075614367
"10717","10717",4202,4212,4072,-0.0309376487386959
"10718","10718",772,772,772,0
"10719","10719",1587,1590,1571,-0.0100819155639572
"10720","10720",3125,2897,2929,-0.06272
"10721","10721",3637,3638,3655,0.00494913390156723
"10722","10722",2546,2542,2622,0.0298507462686567
"16850","16850",2546,2542,2622,0.0298507462686567
"10723","10723",2067,2059,1897,-0.0822447992259313
"10724","10724",2510,2510,2587,0.0306772908366534
"10725","10725",3104,3104,3104,0
"10726","10726",8725,8738,8394,-0.0379369627507163
"10727","10727",9577,9578,9394,-0.0191082802547771
"10728","10728",2087,2079,2082,-0.00239578342117873
"10729","10729",3880,3806,3717,-0.0420103092783505
"10730","10730",4039,4031,4132,0.0230255013617232
"10731","10731",10431,10434,10438,0.000671076598600326
"10732","10732",2463,2463,2463,0
"10733","10733",7061,7062,7218,0.0222348109332956
"10734","10734",4248,4107,3895,-0.0830979284369115
"10735","10735",1730,1730,1730,0
"10736","10736",2920,2922,2690,-0.0787671232876712
"10737","10737",2100,2105,2105,0.00238095238095238
"10738","10738",3503,3503,3600,0.0276905509563232
"10739","10739",2561,2561,2560,-0.000390472471690746
"10740","10740",5310,5273,5380,0.0131826741996234
"10741","10741",2963,2963,2918,-0.015187310158623
"10742","10742",2767,2593,2505,-0.0946873870617998
"10743","10743",2312,2312,2312,0
"10744","10744",3616,3616,3607,-0.00248893805309735
"10745","10745",1484,1484,1484,0
"10746","10746",6820,6850,6850,0.00439882697947214
"10747","10747",2343,2330,2282,-0.0260349978659838
"10748","10748",2619,2623,2421,-0.0756013745704467
"10749","10749",1521,1521,1464,-0.0374753451676529
"10750","10750",1222,1222,1222,0
"10751","10751",4500,4457,4521,0.00466666666666667
"10752","10752",11591,10409,10322,-0.10948149426279
"10753","10753",1792,1804,1643,-0.0831473214285714
"10754","10754",3297,3298,3518,0.0670306339096148
"10755","10755",11216,11257,11277,0.00543865905848787
"10756","10756",2333,2333,2333,0
"10757","10757",3193,3194,3037,-0.048856874412778
"10758","10758",5888,5073,4090,-0.305366847826087
"10759","10759",2466,2493,2814,0.141119221411192
"10761","10761",3597,3593,3592,-0.00139004726160689
"10762","10762",5044,5015,5014,-0.00594766058683584
"10763","10763",4588,4588,4588,0
"10764","10764",1433,1433,1433,0
"10765","10765",7825,7781,7784,-0.00523961661341853
"10766","10766",1045,1067,1066,0.0200956937799043
"10767","10767",6378,5380,5387,-0.155377861398558
"10768","10768",3802,3802,3802,0
"10769","10769",2074,2004,1975,-0.0477338476374156
"10770","10770",4536,4535,4575,0.0085978835978836
"10771","10771",535,714,702,0.31214953271028
"10772","10772",6251,6222,5890,-0.0577507598784195
"10775","10775",2887,2884,2611,-0.0956009698649117
"10776","10776",4989,4280,4280,-0.142112647825215
"10777","10777",5193,5193,5193,0
"10778","10778",1945,1945,2228,0.145501285347044
"10779","10779",3011,3218,3461,0.149452009299236
"10780","10780",5249,4834,4753,-0.0944941893694037
"10781","10781",4232,4229,3888,-0.0812854442344045
"10782","10782",5650,5633,5859,0.0369911504424779
"10783","10783",6853,6832,6491,-0.0528235809134686
"10784","10784",4845,4726,4667,-0.0367389060887513
"10785","10785",2474,2475,2484,0.00404203718674212
"10786","10786",2343,2310,2310,-0.0140845070422535
"10787","10787",3378,3372,4114,0.217880402605092
"10788","10788",4140,4152,4162,0.00531400966183575
"10789","10789",2834,2848,2813,-0.00741002117148906
"10790","10790",1443,1439,1444,0.000693000693000693
"10791","10791",1060,1060,965,-0.089622641509434
"10792","10792",2891,2855,2935,0.0152196471809063
"10793","10793",2538,2505,2506,-0.0126083530338849
"10794","10794",3164,3191,3202,0.0120101137800253
"10795","10795",3609,3459,3244,-0.101136048766971
"10796","10796",3070,3070,2362,-0.230618892508143
"10797","10797",3067,3147,3145,0.0254320182588849
"10798","10798",6567,6577,6578,0.0016750418760469
"10799","10799",1884,1884,1885,0.000530785562632696
"10800","10800",4836,4835,4835,-0.000206782464846981
"10801","10801",2466,2699,2354,-0.0454176804541768
"10802","10802",2221,2221,2221,0
"10803","10803",2860,2860,2868,0.0027972027972028
"10804","10804",7005,6993,6648,-0.0509635974304069
"10805","10805",2903,2899,2792,-0.0382363072683431
"10806","10806",1839,1839,1839,0
"10807","10807",4728,4728,4752,0.0050761421319797
"10808","10808",4864,4774,4667,-0.0405016447368421
"10809","10809",3509,3551,3544,0.00997435166714164
"10810","10810",3573,3550,3747,0.0486985726280437
"10811","10811",1341,1341,1341,0
"10812","10812",2567,2567,2570,0.00116867939228672
"10813","10813",3649,3399,3033,-0.168813373526994
"10814","10814",1998,2008,1818,-0.0900900900900901
"18991","18991",1998,2008,1818,-0.0900900900900901
"10815","10815",4504,4503,4438,-0.0146536412078153
"10816","10816",2114,2110,2110,-0.00189214758751183
"10818","10818",794,794,783,-0.0138539042821159
"10819","10819",3622,3405,3560,-0.0171176145775814
"10820","10820",2456,2456,2470,0.00570032573289902
"10821","10821",3839,3829,4075,0.0614743422766345
"10822","10822",7537,7554,7227,-0.0411304232453231
"10823","10823",4765,4584,4586,-0.0375655823714586
"10824","10824",1795,1765,1768,-0.015041782729805
"10825","10825",4193,4232,4119,-0.0176484617219175
"12098","12098",4193,4232,4119,-0.0176484617219175
"10826","10826",1369,1364,1363,-0.0043827611395179
"10827","10827",1284,1284,1284,0
"10828","10828",3691,3695,2937,-0.204280682741804
"10829","10829",5407,4617,4623,-0.144997225818384
"10830","10830",2309,2296,2305,-0.00173235166738848
"15316","15316",2309,2296,2305,-0.00173235166738848
"10832","10832",6407,6553,6558,0.0235679725300453
"10833","10833",2525,2487,2540,0.00594059405940594
"10834","10834",2084,2080,2079,-0.00239923224568138
"10835","10835",2650,2650,2564,-0.0324528301886792
"10837","10837",2589,2591,2593,0.00154499806875241
"10839","10839",3258,2910,3290,0.0098219766728054
"10840","10840",2921,3027,2902,-0.00650462170489558
"10841","10841",937,937,934,-0.0032017075773746
"10842","10842",3644,3635,3654,0.00274423710208562
"10843","10843",3201,3201,3274,0.0228053733208372
"10844","10844",2418,2418,2877,0.189826302729529
"10845","10845",1410,1451,1451,0.0290780141843972
"10846","10846",4932,4909,4915,-0.00344687753446878
"10847","10847",3007,3008,2766,-0.0801463252411041
"10848","10848",2328,2401,2462,0.0575601374570447
"10849","10849",4123,3815,3729,-0.0955614843560514
"10850","10850",3644,3637,3621,-0.00631174533479693
"10851","10851",5096,5463,5657,0.110086342229199
"10852","10852",2776,2722,2722,-0.0194524495677233
"10853","10853",3494,3494,3552,0.0165998855180309
"10854","10854",1573,1573,1582,0.00572155117609663
"10855","10855",2670,2670,2416,-0.0951310861423221
"10856","10856",2510,2509,2511,0.000398406374501992
"10857","10857",3905,4082,3931,0.00665813060179257
"10858","10858",1655,1655,1677,0.0132930513595166
"10859","10859",4053,4053,4161,0.0266469282013323
"10860","10860",5029,4916,4980,-0.00974348777092861
"10861","10861",5585,5585,5752,0.0299015219337511
"10862","10862",2209,2202,2201,-0.00362154821186057
"10863","10863",6889,6750,6279,-0.0885469589200174
"10864","10864",6890,6764,6762,-0.018577648766328
"10865","10865",2722,2722,2722,0
"10866","10866",2299,2299,2168,-0.056981296215746
"10867","10867",3684,3684,3733,0.0133007600434311
"10868","10868",3805,3805,3684,-0.0318002628120894
"10869","10869",2790,2790,2788,-0.000716845878136201
"19334","19334",2790,2790,2788,-0.000716845878136201
"10870","10870",2413,2378,1765,-0.268545379196022
"10871","10871",6043,6083,5551,-0.0814165149760053
"10872","10872",4980,4720,5065,0.0170682730923695
"10873","10873",1749,1746,1688,-0.0348770726129217
"14415","14415",1749,1746,1688,-0.0348770726129217
"10874","10874",1107,1107,1107,0
"10875","10875",2037,2037,2315,0.136475208640157
"10876","10876",1095,943,943,-0.138812785388128
"10877","10877",3250,3223,3032,-0.0670769230769231
"10878","10878",837,813,813,-0.028673835125448
"10879","10879",2661,2661,2660,-0.000375798571965427
"10880","10880",1593,1593,1593,0
"10881","10881",1971,1971,1959,-0.0060882800608828
"10882","10882",4946,4953,4963,0.00343712090578245
"10883","10883",3610,3621,3626,0.00443213296398892
"10884","10884",927,927,904,-0.0248112189859763
"11823","11823",927,927,904,-0.0248112189859763
"10885","10885",2658,2658,2612,-0.017306245297216
"10886","10886",2846,3238,3109,0.0924104005621925
"10887","10887",3363,3389,3416,0.015759738328873
"10888","10888",5037,4905,4947,-0.0178677784395474
"10889","10889",1845,1782,1512,-0.180487804878049
"10891","10891",969,935,1577,0.627450980392157
"10892","10892",1803,1803,1765,-0.0210759844703272
"10893","10893",4589,4593,5047,0.099803878840706
"10894","10894",3570,3726,3386,-0.0515406162464986
"10895","10895",1571,1567,1517,-0.034373010821133
"10896","10896",1817,1825,1825,0.00440286186020914
"10897","10897",2105,2105,1863,-0.114964370546318
"10898","10898",5227,5198,5213,-0.00267840061220585
"10899","10899",2734,2739,2801,0.0245062179956108
"10900","10900",2876,2877,2879,0.00104311543810848
"10901","10901",9463,9781,9898,0.045968508929515
"10902","10902",4411,4412,4294,-0.0265245975969168
"10904","10904",6033,6077,6208,0.0290071274656058
"10905","10905",1474,1474,1474,0
"10906","10906",2776,2776,2775,-0.000360230547550432
"10907","10907",1616,1616,1616,0
"10908","10908",2663,2669,2680,0.0063837776943297
"10909","10909",2516,2519,2518,0.000794912559618442
"10910","10910",2870,2860,2468,-0.14006968641115
"10911","10911",4246,4274,4266,0.00471031559114461
"10912","10912",1630,1630,1623,-0.00429447852760736
"11753","11753",1630,1630,1623,-0.00429447852760736
"10913","10913",1915,1915,1956,0.0214099216710183
"10914","10914",6131,6088,6096,-0.00570869352471049
"10915","10915",2027,2022,2002,-0.0123334977799704
"10916","10916",5153,5157,5628,0.0921793130215409
"19096","19096",5153,5157,5628,0.0921793130215409
"10917","10917",3080,3048,2915,-0.0535714285714286
"10918","10918",1085,1085,1084,-0.000921658986175115
"10919","10919",2361,2354,2385,0.0101651842439644
"12337","12337",2361,2354,2385,0.0101651842439644
"10920","10920",1422,1421,1340,-0.0576652601969058
"10921","10921",4544,4417,4355,-0.0415933098591549
"10922","10922",4243,4037,4592,0.0822531227904784
"10923","10923",1607,1614,1656,0.030491599253267
"10924","10924",2734,2471,2568,-0.0607168983174835
"10925","10925",1430,1134,1654,0.156643356643357
"10926","10926",1867,1867,1951,0.0449919657204071
"10927","10927",1714,1715,1718,0.00233372228704784
"10928","10928",1180,1180,1170,-0.00847457627118644
"10929","10929",1681,1644,1718,0.0220107079119572
"10934","10934",1681,1644,1718,0.0220107079119572
"10930","10930",1509,1512,1512,0.00198807157057654
"10931","10931",2514,2529,2416,-0.0389817024661893
"10932","10932",2199,2199,2150,-0.0222828558435653
"10933","10933",6985,6984,7093,0.01546170365068
"10935","10935",7094,7082,7192,0.0138144911192557
"10936","10936",4621,4635,4644,0.00497727764553127
"10937","10937",4587,4681,4674,0.0189666448659254
"10938","10938",1641,1641,1641,0
"10939","10939",3839,4267,3973,0.0349049231570722
"10940","10940",5130,4901,5095,-0.00682261208576998
"10941","10941",1747,1747,1719,-0.0160274756725816
"10942","10942",3576,3577,3576,0
"10943","10943",1875,1876,1837,-0.0202666666666667
"10944","10944",2010,2010,1839,-0.0850746268656716
"10946","10946",3409,3369,3369,-0.0117336462305661
"10947","10947",1213,1213,1216,0.00247320692497939
"10948","10948",3726,3688,3607,-0.0319377348362856
"10949","10949",2105,2105,2135,0.0142517814726841
"10950","10950",2057,2276,2257,0.0972289742343218
"10951","10951",4732,4910,4670,-0.0131022823330516
"10952","10952",8013,8051,7813,-0.0249594409085236
"10953","10953",2639,2629,2632,-0.0026525198938992
"10954","10954",919,918,918,-0.00108813928182807
"17459","17459",919,918,918,-0.00108813928182807
"10955","10955",2689,2690,2655,-0.0126441056154704
"10956","10956",1471,1455,1420,-0.0346702923181509
"10958","10958",4505,4429,4428,-0.0170921198668147
"10959","10959",2233,2205,2217,-0.00716524854455889
"10960","10960",1083,980,972,-0.102493074792244
"10961","10961",2977,2902,2803,-0.0584481021162244
"10962","10962",1105,1104,884,-0.2
"10963","10963",2697,2691,2711,0.00519095291064145
"10965","10965",3296,3132,3030,-0.0807038834951456
"10966","10966",3253,3256,3295,0.0129111589302183
"10968","10968",4497,4502,4523,0.00578163219924394
"10969","10969",5219,5076,5104,-0.0220348725809542
"10970","10970",2453,2453,2554,0.0411740725642071
"10971","10971",3154,3154,3160,0.00190234622701332
"10972","10972",3622,3621,3628,0.00165654334621756
"10973","10973",1708,1704,1704,-0.00234192037470726
"10974","10974",2642,2642,2650,0.00302800908402725
"10975","10975",3941,3282,3255,-0.174067495559503
"10976","10976",2334,2334,2267,-0.0287060839760069
"10977","10977",4255,4256,4196,-0.0138660399529965
"10978","10978",2205,2204,2204,-0.000453514739229025
"10979","10979",8571,8560,8949,0.0441022051102555
"10980","10980",2855,2868,2857,0.000700525394045534
"10981","10981",1202,1202,1202,0
"10983","10983",2745,2752,2643,-0.0371584699453552
"10984","10984",3829,3458,3900,0.0185427004439802
"10985","10985",5425,5427,5527,0.0188018433179724
"10986","10986",2163,2163,2149,-0.00647249190938511
"10987","10987",3166,3168,3166,0
"10988","10988",3036,3051,3030,-0.00197628458498024
"10989","10989",2376,2395,2417,0.0172558922558923
"10990","10990",1710,1712,1727,0.00994152046783626
"10991","10991",1939,1944,1860,-0.0407426508509541
"10992","10992",2232,2196,1765,-0.209229390681004
"10993","10993",1905,1938,1828,-0.0404199475065617
"10994","10994",3299,3299,3312,0.00394058805698697
"10995","10995",4410,4502,4618,0.0471655328798186
"10996","10996",1879,1866,1869,-0.00532197977647685
"10997","10997",4159,3965,3949,-0.0504929069487858
"10998","10998",1870,1869,1921,0.0272727272727273
"17339","17339",1870,1869,1921,0.0272727272727273
"10999","10999",2559,2560,2565,0.00234466588511137
"11000","11000",2276,2450,2546,0.118629173989455
"11001","11001",2831,2825,2832,0.000353232073472271
"11002","11002",2970,2912,2912,-0.0195286195286195
"11003","11003",5246,4918,5200,-0.00876858558902021
"11004","11004",5893,6241,5809,-0.0142541998981843
"11005","11005",2413,2417,2418,0.00207210940737671
"14085","14085",2413,2417,2418,0.00207210940737671
"11006","11006",1674,1674,1616,-0.034647550776583
"11007","11007",3434,3433,2914,-0.151426907396622
"11008","11008",1859,1859,1738,-0.0650887573964497
"11009","11009",2667,2667,3616,0.355830521184852
"11010","11010",2894,2894,2725,-0.0583966827919834
"11011","11011",4909,4909,4754,-0.0315746587899776
"11012","11012",2393,2393,2357,-0.0150438779774342
"11016","11016",1734,1727,1728,-0.00346020761245675
"11017","11017",4274,4054,4092,-0.0425830603649977
"11018","11018",2952,2868,2838,-0.0386178861788618
"16864","16864",2952,2868,2838,-0.0386178861788618
"11019","11019",1949,1957,1957,0.00410466906105695
"11020","11020",1071,1068,1074,0.00280112044817927
"11021","11021",5486,5138,5065,-0.0767407947502734
"11022","11022",2326,2327,2397,0.030524505588994
"11023","11023",2660,2660,2621,-0.0146616541353383
"11024","11024",3764,3764,3890,0.0334750265674814
"11025","11025",1666,1764,1765,0.0594237695078031
"11026","11026",6230,5475,5475,-0.121187800963082
"11027","11027",2701,2704,2801,0.0370233246945576
"11028","11028",1817,1816,1547,-0.148596587782058
"11029","11029",7314,7259,7338,0.00328137817883511
"11030","11030",977,977,968,-0.00921187308085977
"11031","11031",1762,1762,1594,-0.0953461975028377
"11032","11032",2504,2505,2561,0.0227635782747604
"11033","11033",8421,8317,8304,-0.0138938368364802
"11034","11034",3663,3582,3719,0.0152880152880153
"11035","11035",3705,3651,3652,-0.0143049932523617
"11036","11036",3235,3235,3150,-0.0262751159196291
"11037","11037",9086,8988,8943,-0.0157384987893462
"11038","11038",2057,2057,2032,-0.0121536217792902
"11039","11039",6528,6124,6521,-0.00107230392156863
"11041","11041",1557,1557,1631,0.0475272960822094
"11042","11042",901,867,867,-0.0377358490566038
"11043","11043",2116,2195,2117,0.000472589792060492
"11044","11044",5864,5864,5874,0.00170532060027285
"11045","11045",1330,1299,1299,-0.0233082706766917
"16102","16102",1330,1299,1299,-0.0233082706766917
"11046","11046",2566,2586,2580,0.00545596258768511
"11047","11047",2374,2233,2283,-0.0383319292333614
"11048","11048",2144,2313,2315,0.0797574626865672
"11049","11049",1603,1603,1411,-0.119775421085465
"11050","11050",1756,1756,1755,-0.000569476082004556
"11051","11051",6801,6807,6137,-0.0976327010733716
"11052","11052",1561,1561,1561,0
"11053","11053",1995,1961,1958,-0.018546365914787
"16155","16155",1995,1961,1958,-0.018546365914787
"11054","11054",1970,1970,1964,-0.00304568527918782
"11055","11055",1968,1967,1967,-0.000508130081300813
"11056","11056",1842,1836,1835,-0.00380021715526602
"11057","11057",1849,1845,1829,-0.0108166576527853
"11058","11058",4904,4940,4940,0.00734094616639478
"11059","11059",2805,2805,2805,0
"11060","11060",1924,1924,1924,0
"11061","11061",3201,3182,3265,0.0199937519525148
"12492","12492",3201,3182,3265,0.0199937519525148
"11062","11062",1409,1409,1412,0.0021291696238467
"11063","11063",1620,1628,1785,0.101851851851852
"11064","11064",3886,3879,3895,0.00231600617601647
"11065","11065",2338,2316,2462,0.0530367835757057
"11066","11066",1999,1925,1880,-0.0595297648824412
"11067","11067",3097,3097,3104,0.00226025185663545
"11068","11068",985,985,985,0
"11069","11069",2094,2118,2119,0.0119388729703916
"11070","11070",2364,2364,2363,-0.000423011844331641
"11071","11071",2166,2161,2200,0.0156971375807941
"11072","11072",4774,4780,4634,-0.0293255131964809
"11073","11073",1611,1611,1611,0
"11074","11074",1599,1599,1599,0
"11075","11075",449,445,425,-0.0534521158129176
"11076","11076",4246,3948,3874,-0.0876118699952897
"11077","11077",8278,8315,8190,-0.0106305870983329
"11078","11078",1908,1909,1809,-0.0518867924528302
"11079","11079",2012,2016,2159,0.0730616302186879
"11080","11080",5391,5393,5617,0.0419217213874977
"11081","11081",1719,1723,1724,0.0029086678301338
"11082","11082",2207,2205,2208,0.000453103760761214
"11083","11083",1799,1805,1805,0.00333518621456365
"11084","11084",1137,1133,1024,-0.0993843447669305
"11085","11085",2688,2690,2691,0.00111607142857143
"11086","11086",2677,2680,2118,-0.208815838625327
"11087","11087",2816,2816,3031,0.0763494318181818
"11088","11088",2804,2748,2740,-0.0228245363766049
"11089","11089",4758,4806,5314,0.116855821773855
"11090","11090",11449,11209,11336,-0.00986985762948729
"11091","11091",2131,2131,2054,-0.0361332707648991
"11092","11092",2617,2618,2618,0.000382116927779901
"11094","11094",1828,1841,1813,-0.00820568927789934
"11095","11095",2743,2743,2277,-0.169886985052862
"11096","11096",1874,1874,1874,0
"11097","11097",7020,7504,7060,0.0056980056980057
"11098","11098",4159,4159,4157,-0.000480884828083674
"11099","11099",5365,5412,5553,0.0350419384902143
"11100","11100",9332,9055,8874,-0.049078439777111
"11101","11101",1828,2443,2438,0.333698030634573
"11102","11102",2561,2555,2526,-0.0136665365091761
"11103","11103",1507,1616,1615,0.0716655607166556
"11104","11104",1906,1906,1906,0
"11105","11105",2171,2199,2233,0.0285582680792262
"11106","11106",3519,3530,3434,-0.0241545893719807
"11107","11107",3829,4020,3896,0.0174980412640376
"11108","11108",3143,3143,3153,0.00318167356029271
"11109","11109",2885,3022,3022,0.0474870017331023
"11110","11110",2222,2212,2219,-0.00135013501350135
"11111","11111",2027,2026,2087,0.029600394671929
"11112","11112",3956,4041,4027,0.0179474216380182
"11113","11113",3060,3060,2984,-0.0248366013071895
"11114","11114",1561,1535,1533,-0.0179372197309417
"11154","11154",1561,1535,1533,-0.0179372197309417
"11115","11115",4507,4578,4552,0.00998446860439317
"11116","11116",1052,1052,1160,0.102661596958175
"11740","11740",1052,1052,1160,0.102661596958175
"11117","11117",1656,1652,1460,-0.118357487922705
"11118","11118",5391,5428,5425,0.00630680764236691
"11119","11119",3529,3529,3470,-0.0167186171720034
"11120","11120",1567,1639,1625,0.0370134014039566
"11121","11121",4493,4538,4355,-0.0307144446917427
"11122","11122",1781,1781,1780,-0.000561482313307131
"11123","11123",3316,3319,3325,0.00271411338962606
"11124","11124",4923,4924,4920,-0.000609384521633151
"11125","11125",1778,1779,1686,-0.0517435320584927
"11126","11126",1902,1919,2034,0.0694006309148265
"11127","11127",2019,2019,1976,-0.0212976721149084
"11128","11128",4172,4135,4135,-0.0088686481303931
"11129","11129",2266,2269,2275,0.00397175639894086
"11130","11130",2674,2674,2666,-0.00299177262528048
"11131","11131",2677,2677,2677,0
"11132","11132",2120,2124,2343,0.105188679245283
"11133","11133",1373,1372,1408,0.0254916241806264
"11134","11134",2335,2341,2189,-0.0625267665952891
"11135","11135",1982,1982,1980,-0.00100908173562059
"11136","11136",2103,2103,2106,0.0014265335235378
"11137","11137",3849,3892,3892,0.0111717329176409
"11138","11138",517,517,517,0
"11139","11139",1445,1446,1446,0.000692041522491349
"11140","11140",2156,2213,2007,-0.0691094619666048
"11141","11141",3695,3695,3707,0.00324763193504736
"11142","11142",2435,2377,2522,0.0357289527720739
"11143","11143",2232,1910,1719,-0.229838709677419
"11144","11144",1918,1921,1921,0.00156412930135558
"11145","11145",4917,4661,4736,-0.0368110636567012
"11146","11146",3248,3231,2970,-0.0855911330049261
"11148","11148",3087,3032,3125,0.0123096857790735
"11149","11149",1951,1951,1951,0
"11150","11150",4770,4769,4880,0.0230607966457023
"11151","11151",3423,3271,3265,-0.0461583406368682
"11153","11153",4371,4371,4465,0.021505376344086
"11155","11155",6648,6647,6890,0.0364019253910951
"11156","11156",1298,1403,1406,0.0832049306625578
"11157","11157",1842,1842,1842,0
"11158","11158",7296,7290,7289,-0.000959429824561403
"11159","11159",3627,3706,3664,0.0102012682657844
"11160","11160",5671,5673,5676,0.000881678716275789
"11161","11161",3124,3125,3115,-0.0028809218950064
"11163","11163",4644,5214,4953,0.0665374677002584
"11164","11164",8359,8520,8296,-0.00753678669697332
"11165","11165",2448,2448,2448,0
"11166","11166",2592,2592,2604,0.00462962962962963
"11167","11167",3374,3373,2515,-0.254593953764078
"11168","11168",4477,4477,4938,0.102970739334376
"11169","11169",883,883,935,0.0588901472253681
"11170","11170",1781,1781,1780,-0.000561482313307131
"11171","11171",2096,2097,2114,0.00858778625954199
"11172","11172",1735,1735,1712,-0.0132564841498559
"11173","11173",2013,2008,2022,0.00447093889716841
"11174","11174",1224,1226,1205,-0.0155228758169935
"11175","11175",2578,2632,2816,0.0923196276183088
"11176","11176",3086,2907,3011,-0.0243033052495139
"11177","11177",3815,3806,3800,-0.00393184796854522
"11178","11178",6191,6118,6117,-0.0119528347601357
"11179","11179",1909,1769,1788,-0.0633839706652698
"11180","11180",3029,3011,3157,0.0422581710135358
"11181","11181",2726,2726,2917,0.0700660308143801
"11182","11182",492,492,492,0
"11183","11183",1140,1140,1152,0.0105263157894737
"11184","11184",2508,2483,2215,-0.116826156299841
"11185","11185",2750,2765,2942,0.0698181818181818
"11186","11186",2455,1989,1901,-0.225661914460285
"11187","11187",6545,6545,6348,-0.0300993124522536
"11188","11188",1427,1427,1360,-0.0469516468114926
"14238","14238",1427,1427,1360,-0.0469516468114926
"11189","11189",2904,2817,2997,0.0320247933884297
"11190","11190",4130,3899,3875,-0.0617433414043584
"11191","11191",917,926,712,-0.223555070883315
"11192","11192",7003,7119,7343,0.048550621162359
"11193","11193",1318,1318,1318,0
"17855","17855",1318,1318,1318,0
"11194","11194",3072,3168,2738,-0.108723958333333
"11195","11195",2533,2533,2505,-0.0110540860639558
"11196","11196",2389,2662,2666,0.115948095437422
"11198","11198",4717,4471,4392,-0.0688997244011024
"11199","11199",2181,2181,2181,0
"11200","11200",964,950,784,-0.186721991701245
"15756","15756",964,950,784,-0.186721991701245
"11201","11201",1738,1765,1727,-0.00632911392405063
"11202","11202",1022,1022,1108,0.0841487279843444
"11203","11203",3923,3923,4027,0.0265103237318379
"11204","11204",3040,3040,2740,-0.0986842105263158
"11205","11205",3560,3681,3637,0.0216292134831461
"11206","11206",7669,7872,8063,0.0513756682748729
"11207","11207",2870,2841,2897,0.00940766550522648
"11208","11208",2576,2576,2454,-0.047360248447205
"11209","11209",2607,2633,2923,0.121212121212121
"11210","11210",3249,3250,3250,0.000307787011388119
"11211","11211",2051,2051,1988,-0.0307167235494881
"11212","11212",5093,5087,5072,-0.00412330649911643
"11213","11213",1875,1875,1877,0.00106666666666667
"11214","11214",3502,3504,3536,0.00970873786407767
"11215","11215",5244,5243,5246,0.0003813882532418
"11216","11216",2107,2105,1909,-0.0939724727100142
"11217","11217",4851,4393,5163,0.0643166357452072
"11218","11218",920,920,920,0
"11219","11219",3745,3744,3873,0.0341789052069426
"11220","11220",4859,4844,4774,-0.0174933113809426
"11221","11221",2200,2124,2200,0
"11222","11222",6183,6220,6320,0.022157528707747
"11223","11223",1297,1297,1297,0
"11224","11224",861,861,862,0.00116144018583043
"11225","11225",4183,4052,4001,-0.0435094429835047
"11226","11226",1323,1323,1323,0
"11227","11227",3203,3211,3228,0.00780518264127381
"11228","11228",3600,3568,3672,0.02
"11229","11229",2749,2701,2669,-0.0291014914514369
"11230","11230",3436,3125,3083,-0.102735739231665
"11231","11231",2208,2168,2332,0.0561594202898551
"11232","11232",3609,3717,3717,0.029925187032419
"11233","11233",3274,3274,3232,-0.0128283445326817
"11234","11234",3341,3341,3337,-0.0011972463334331
"11235","11235",4140,4140,4134,-0.00144927536231884
"11236","11236",4051,4051,4042,-0.00222167366082449
"11237","11237",8121,8186,8097,-0.00295530107129664
"11238","11238",3502,3502,3323,-0.0511136493432324
"11239","11239",3916,3916,3567,-0.0891215526046987
"11240","11240",2382,2381,2079,-0.1272040302267
"11241","11241",5311,5112,5074,-0.0446243645264545
"11242","11242",3734,3837,3774,0.0107123727905731
"11243","11243",2257,2257,2309,0.0230394328754985
"11244","11244",1000,1000,1000,0
"11672","11672",1000,1000,1000,0
"11245","11245",4585,4404,4403,-0.0396946564885496
"12572","12572",4585,4404,4403,-0.0396946564885496
"11246","11246",4272,4010,3819,-0.106039325842697
"11247","11247",5992,5903,5716,-0.0460614152202937
"11248","11248",2041,2041,2043,0.000979911807937286
"11249","11249",2458,2458,2628,0.0691619202603743
"11250","11250",1927,1919,1958,0.0160871821484172
"11251","11251",4155,3264,3345,-0.194945848375451
"11252","11252",1301,1313,1313,0.00922367409684858
"11253","11253",2847,2837,2810,-0.0129961362838075
"11254","11254",2480,2341,2334,-0.0588709677419355
"11255","11255",4565,4569,4488,-0.0168674698795181
"11256","11256",2619,2605,2526,-0.0355097365406644
"11257","11257",3586,3639,3915,0.0917456776352482
"11258","11258",3779,3759,3766,-0.00344006350886478
"11259","11259",3036,3036,3039,0.000988142292490119
"11260","11260",3035,2808,2831,-0.0672158154859967
"11261","11261",1587,1587,1587,0
"11262","11262",2874,2874,2871,-0.00104384133611691
"11263","11263",3521,3524,3519,-0.000568020448736154
"11264","11264",3851,3856,3856,0.00129836406128278
"11265","11265",3757,3802,3548,-0.0556294916156508
"11266","11266",4253,4236,4135,-0.0277451210909946
"11267","11267",2852,2852,2841,-0.00385694249649369
"11268","11268",3685,3662,3755,0.0189959294436906
"11269","11269",1230,1229,1264,0.0276422764227642
"11270","11270",7996,7403,7605,-0.0488994497248624
"11271","11271",3386,3386,3379,-0.00206733608978145
"11272","11272",3158,3135,3128,-0.00949968334388854
"11273","11273",3738,3738,3745,0.00187265917602996
"11274","11274",2634,2637,2635,0.000379650721336371
"11275","11275",2799,2799,2899,0.0357270453733476
"11277","11277",3943,3943,3923,-0.00507227998985544
"11278","11278",2619,2633,2576,-0.0164184803360061
"11279","11279",1379,1375,1475,0.069615663524293
"11280","11280",4478,4480,4453,-0.00558284948637785
"11281","11281",5211,5211,4657,-0.106313567453464
"11282","11282",5139,5089,5128,-0.00214049425958358
"11283","11283",3468,3349,3715,0.0712226066897347
"11284","11284",2393,1992,2013,-0.158796489761805
"11285","11285",2244,2241,2274,0.0133689839572193
"11286","11286",1419,1521,1516,0.0683579985905567
"18784","18784",1419,1521,1516,0.0683579985905567
"11287","11287",4674,5071,4559,-0.0246041934103552
"11288","11288",8918,8978,8545,-0.0418255214173582
"11289","11289",1827,1827,1827,0
"11290","11290",2551,2552,2561,0.00392003136025088
"11291","11291",4660,5028,5029,0.0791845493562232
"11292","11292",5485,5588,5585,0.0182315405651778
"11293","11293",2264,2264,2298,0.015017667844523
"11294","11294",3240,3250,3073,-0.0515432098765432
"11295","11295",3204,3203,3265,0.0190387016229713
"11296","11296",3188,3104,2899,-0.0906524466750314
"11297","11297",1646,1646,1656,0.00607533414337789
"11298","11298",1477,1448,1484,0.004739336492891
"11299","11299",1895,1895,1733,-0.0854881266490765
"11300","11300",5845,5848,5866,0.00359281437125748
"11301","11301",2803,2802,2761,-0.0149839457723867
"11302","11302",2483,2349,2155,-0.132098268223923
"11303","11303",1788,1788,1788,0
"11304","11304",2412,2413,2413,0.000414593698175788
"11305","11305",4241,4242,4309,0.0160339542560717
"11306","11306",2868,2868,2868,0
"11307","11307",8687,8551,8738,0.00587084148727984
"11308","11308",3378,3378,3564,0.0550621669626998
"11309","11309",4291,4291,4291,0
"11310","11310",3194,2933,2702,-0.154038822792736
"11311","11311",4306,4307,4632,0.0757083139804923
"11312","11312",839,797,797,-0.0500595947556615
"11313","11313",3672,3676,3864,0.0522875816993464
"11314","11314",3326,3159,3333,0.0021046301864101
"11315","11315",3104,3225,3069,-0.0112757731958763
"11316","11316",3578,3577,3577,-0.000279485746226942
"11317","11317",4923,4923,4922,-0.000203128173877717
"11319","11319",2068,2067,2053,-0.00725338491295938
"11320","11320",3058,3599,3241,0.0598430346631786
"11321","11321",3207,3116,2742,-0.144995322731525
"11322","11322",3047,3026,3025,-0.0072202166064982
"11323","11323",3488,3436,3436,-0.0149082568807339
"11324","11324",3347,3327,3406,0.0176277263220795
"11325","11325",3288,3288,3288,0
"11326","11326",1505,1514,1567,0.0411960132890365
"11327","11327",2682,2681,2681,-0.000372856077554064
"11328","11328",4143,3977,3855,-0.0695148443157133
"11329","11329",3986,3989,3975,-0.00275965880582037
"11330","11330",7119,7110,7153,0.00477595167860655
"11331","11331",3851,3882,3809,-0.0109062581147754
"11332","11332",1798,1954,1953,0.0862068965517241
"11333","11333",5561,5549,5566,0.000899118863513757
"11334","11334",3704,3704,3798,0.025377969762419
"11335","11335",4619,4454,4408,-0.0456808833080753
"11336","11336",5095,5096,5106,0.00215897939156035
"11337","11337",1864,1919,1867,0.00160944206008584
"11338","11338",2719,2719,2795,0.0279514527399779
"11339","11339",2239,2301,2303,0.0285841893702546
"11340","11340",4055,3771,3769,-0.0705302096177559
"11341","11341",2802,2802,2802,0
"11343","11343",2151,2151,2138,-0.00604370060437006
"11345","11345",3115,3116,3120,0.00160513643659711
"11346","11346",4096,4095,3964,-0.0322265625
"11347","11347",1042,1029,1000,-0.0403071017274472
"11348","11348",2447,2447,2455,0.00326930935839804
"11349","11349",1585,1572,1572,-0.0082018927444795
"11350","11350",2262,1600,1602,-0.291777188328912
"11351","11351",1438,1441,1640,0.140472878998609
"11352","11352",1684,1684,1758,0.0439429928741093
"11353","11353",3287,3329,3024,-0.0800121691512017
"11354","11354",2734,2734,2734,0
"11355","11355",2640,2640,2406,-0.0886363636363636
"11356","11356",4007,4007,4006,-0.000249563264287497
"11357","11357",3818,3816,3944,0.0330015715034049
"11358","11358",5143,5139,5049,-0.0182772700758312
"11359","11359",2428,2467,2226,-0.0831960461285008
"11360","11360",3432,3503,3522,0.0262237762237762
"11361","11361",5745,5644,5657,-0.0153176675369887
"11362","11362",2190,2176,2254,0.0292237442922374
"11363","11363",7381,7518,7279,-0.0138192656821569
"11364","11364",1373,1373,1370,-0.0021849963583394
"11365","11365",3510,3286,3299,-0.0601139601139601
"11366","11366",2253,2253,2253,0
"11367","11367",2116,2116,2047,-0.0326086956521739
"11368","11368",996,1000,817,-0.179718875502008
"11369","11369",4231,4251,4250,0.00449066414559206
"11370","11370",5779,5668,5368,-0.0711195708600104
"11371","11371",3755,3736,3763,0.00213049267643142
"11372","11372",2201,1925,1982,-0.0995002271694684
"11373","11373",2347,2347,2349,0.000852151682999574
"11374","11374",4211,4214,4410,0.0472571835668487
"11375","11375",4974,4973,4979,0.00100522718134298
"11376","11376",1472,1474,1596,0.0842391304347826
"11377","11377",2096,2096,2092,-0.00190839694656489
"11378","11378",1424,1424,1426,0.00140449438202247
"11380","11380",836,836,836,0
"11381","11381",2749,2755,2778,0.0105492906511459
"11382","11382",2722,2731,2701,-0.00771491550330639
"11383","11383",1193,1201,1207,0.0117351215423303
"11384","11384",1042,1042,956,-0.0825335892514395
"11385","11385",2041,2029,2128,0.0426261636452719
"11386","11386",2385,2384,2476,0.0381551362683438
"11387","11387",1980,2040,1454,-0.265656565656566
"11388","11388",2273,2273,2306,0.0145182578090629
"11389","11389",1491,1460,1489,-0.00134138162307176
"11390","11390",3726,3652,3772,0.0123456790123457
"11391","11391",1831,1831,1786,-0.0245767340251229
"11392","11392",2562,2561,2535,-0.0105386416861827
"11393","11393",1712,1712,1721,0.00525700934579439
"11394","11394",2805,2805,2201,-0.215329768270945
"11395","11395",2711,2543,2539,-0.0634452231648838
"11396","11396",1568,1568,1568,0
"17021","17021",1568,1568,1568,0
"11397","11397",2872,2669,2869,-0.00104456824512535
"11398","11398",1302,1302,1323,0.0161290322580645
"11399","11399",2129,2215,2221,0.0432127759511508
"11400","11400",3197,3201,3131,-0.0206443540819518
"11401","11401",2462,2423,2170,-0.118602761982128
"11402","11402",1333,1202,1248,-0.0637659414853713
"11403","11403",7350,6892,7762,0.0560544217687075
"11404","11404",10510,10508,10370,-0.0133206470028544
"11405","11405",4218,4280,4296,0.0184921763869132
"11406","11406",1619,1619,1619,0
"11407","11407",4254,4247,4812,0.131170662905501
"11408","11408",2011,2007,2007,-0.00198906016907011
"11409","11409",1475,1473,1120,-0.240677966101695
"11410","11410",1871,1855,1855,-0.0085515766969535
"11411","11411",2725,2724,2724,-0.00036697247706422
"11412","11412",2294,2294,2357,0.0274629468177855
"11413","11413",1551,1475,1551,0
"11414","11414",7929,7929,8038,0.0137470046664144
"11415","11415",4316,4316,4380,0.0148285449490269
"11416","11416",1479,1479,1481,0.00135226504394861
"11417","11417",1029,1030,880,-0.144800777453839
"11418","11418",1490,1490,1490,0
"11419","11419",2947,2947,2951,0.00135731252120801
"11420","11420",1921,1892,2054,0.0692347735554399
"11421","11421",5222,5220,5379,0.030065109153581
"11422","11422",1201,1158,811,-0.324729392173189
"18715","18715",1201,1158,811,-0.324729392173189
"11423","11423",2141,2141,2165,0.0112097150864082
"11424","11424",1492,1493,1468,-0.0160857908847185
"11425","11425",1612,882,886,-0.450372208436725
"11427","11427",3329,3330,3330,0.000300390507659958
"11428","11428",2983,2896,2515,-0.156889037881328
"11429","11429",2639,2635,2670,0.0117468738158393
"11430","11430",3202,2703,2962,-0.0749531542785759
"11431","11431",3502,3502,3513,0.00314106225014278
"11432","11432",3071,3071,3071,0
"11433","11433",2896,3025,2873,-0.00794198895027624
"11434","11434",4205,4205,4211,0.0014268727705113
"11435","11435",3115,3115,2856,-0.0831460674157303
"11436","11436",4339,4338,4338,-0.000230467849734962
"11437","11437",3926,3901,3885,-0.010443199184921
"11438","11438",6717,6706,6837,0.0178651183564091
"11439","11439",8077,8184,8167,0.0111427510214188
"11440","11440",1411,1424,1426,0.0106307583274274
"11441","11441",2522,2518,2516,-0.00237906423473434
"11442","11442",2844,2844,2845,0.000351617440225035
"11443","11443",2329,2330,2332,0.0012881064834693
"11444","11444",1278,1278,1272,-0.00469483568075117
"11445","11445",7040,6566,7082,0.00596590909090909
"11446","11446",7952,8325,7892,-0.00754527162977867
"11447","11447",2432,2212,2127,-0.125411184210526
"11449","11449",4579,4576,4496,-0.0181262284341559
"11450","11450",5601,5315,5698,0.0173183360114265
"11451","11451",2558,2605,2594,0.0140734949179046
"11452","11452",1864,1854,1870,0.00321888412017167
"11453","11453",1721,1670,1621,-0.0581057524694945
"11454","11454",1200,1172,1172,-0.0233333333333333
"11455","11455",3428,3434,3488,0.0175029171528588
"11456","11456",1211,1074,1074,-0.113129644921552
"11457","11457",3953,3953,3953,0
"11458","11458",3859,3859,4145,0.0741124643690075
"11459","11459",4705,4705,4745,0.00850159404888417
"11460","11460",2006,2006,2025,0.0094715852442672
"11461","11461",5370,5364,5598,0.0424581005586592
"11462","11462",1648,1648,1615,-0.0200242718446602
"11463","11463",1613,1609,1609,-0.00247985120892746
"11464","11464",2042,1858,1642,-0.19588638589618
"11465","11465",4273,4273,4282,0.0021062485373274
"11466","11466",2255,2088,2060,-0.0864745011086474
"18974","18974",2255,2088,2060,-0.0864745011086474
"11467","11467",7004,7204,7053,0.00699600228440891
"11469","11469",842,842,842,0
"11471","11471",3174,3567,3720,0.172022684310019
"11473","11473",4966,4995,5149,0.0368505839710028
"11474","11474",1261,1261,1400,0.110229976209358
"11475","11475",4953,4213,4213,-0.149404401372905
"11476","11476",1835,1833,1747,-0.0479564032697548
"11477","11477",3329,3326,3303,-0.00781015319915891
"11478","11478",887,887,887,0
"13450","13450",887,887,887,0
"11479","11479",2071,1923,1837,-0.112988894253984
"11480","11480",3016,3019,3029,0.00431034482758621
"11481","11481",2939,2940,2689,-0.0850629465804695
"11482","11482",1522,1524,1525,0.00197109067017083
"11483","11483",2852,3038,2814,-0.0133239831697055
"11484","11484",3386,3422,3267,-0.0351447135262847
"11485","11485",2368,2368,2369,0.000422297297297297
"11486","11486",2225,2225,2225,0
"11487","11487",3001,2977,2953,-0.015994668443852
"11488","11488",2937,2929,2800,-0.0466462376574736
"11489","11489",3230,3231,3231,0.000309597523219814
"11490","11490",4387,4460,4379,-0.00182356963756553
"11491","11491",4157,3764,3767,-0.0938176569641568
"11492","11492",1008,1010,1010,0.00198412698412698
"11493","11493",4214,4222,4158,-0.0132890365448505
"11495","11495",2672,2672,2717,0.0168413173652695
"11496","11496",1362,1362,1571,0.15345080763583
"11497","11497",2772,2772,2588,-0.0663780663780664
"19476","19476",2772,2772,2588,-0.0663780663780664
"11499","11499",1927,1925,1935,0.0041515308770109
"11500","11500",5745,6074,5978,0.0405570060922541
"11501","11501",4409,4408,4319,-0.0204127920163302
"11502","11502",2826,2829,2835,0.00318471337579618
"11504","11504",3057,3056,3058,0.000327118089630357
"11505","11505",2807,2826,2800,-0.00249376558603491
"11506","11506",1684,1684,1602,-0.0486935866983373
"11507","11507",2922,2747,2744,-0.0609171800136893
"11508","11508",2519,2519,2551,0.0127034537514887
"11509","11509",6092,6087,6095,0.000492449113591595
"11510","11510",1985,2024,1985,0
"11511","11511",2319,2315,2266,-0.0228546787408366
"11512","11512",3311,3311,3324,0.00392630625188765
"11513","11513",3469,3469,3478,0.00259440761026232
"11515","11515",3713,3716,3748,0.00942633988688392
"11516","11516",6573,6387,6455,-0.0179522288148486
"11517","11517",1781,1711,1507,-0.153846153846154
"11518","11518",4074,4081,4078,0.000981836033382425
"11519","11519",2297,2297,2298,0.00043535045711798
"11520","11520",1255,1315,1315,0.047808764940239
"11521","11521",4331,4260,4364,0.00761948741630109
"11522","11522",3020,3021,3019,-0.00033112582781457
"11523","11523",2508,2512,2513,0.00199362041467305
"15650","15650",2508,2512,2513,0.00199362041467305
"11524","11524",1626,1626,1715,0.0547355473554736
"11525","11525",3892,3852,3783,-0.0280061664953751
"11526","11526",3048,3048,3110,0.0203412073490814
"11527","11527",3474,3474,3467,-0.00201496833621186
"11528","11528",2425,2426,2424,-0.000412371134020619
"11529","11529",4153,4153,4362,0.0503250662171924
"11531","11531",5084,5176,5403,0.0627458693941778
"11532","11532",1892,1892,1892,0
"11533","11533",2535,2296,2288,-0.0974358974358974
"11534","11534",4251,4161,4240,-0.00258762644083745
"11535","11535",3286,3296,3189,-0.0295191722458917
"11536","11536",2642,2642,2650,0.00302800908402725
"11538","11538",1441,1441,1602,0.111727966689799
"11539","11539",1088,1088,1231,0.131433823529412
"13620","13620",1088,1088,1231,0.131433823529412
"15044","15044",1088,1088,1231,0.131433823529412
"11540","11540",1110,1108,1108,-0.0018018018018018
"11709","11709",1110,1108,1108,-0.0018018018018018
"11541","11541",1096,1097,1038,-0.0529197080291971
"11542","11542",1474,1897,1475,0.00067842605156038
"11543","11543",4929,4875,4876,-0.010752688172043
"11544","11544",904,858,888,-0.0176991150442478
"11545","11545",4471,4470,4470,-0.000223663609930664
"11546","11546",5174,5169,4917,-0.0496714340935446
"11547","11547",1297,1483,1483,0.143407864302236
"11548","11548",7441,6367,5977,-0.196747748958473
"11549","11549",3687,3597,3596,-0.0246813127203689
"11550","11550",5456,5328,5305,-0.0276759530791789
"11551","11551",1103,1103,1103,0
"11552","11552",3267,3234,3292,0.00765228037955311
"11553","11553",1420,1420,1420,0
"11554","11554",3840,3467,3552,-0.075
"11555","11555",3871,3878,4186,0.081374321880651
"11556","11556",2996,2992,3000,0.00133511348464619
"11557","11557",4835,4749,4917,0.0169596690796277
"11558","11558",2707,2706,2706,-0.00036941263391208
"11559","11559",627,784,888,0.416267942583732
"11560","11560",1983,1968,1939,-0.0221886031265759
"11561","11561",3575,3575,3669,0.0262937062937063
"11562","11562",2011,2011,2011,0
"11563","11563",8251,8292,8189,-0.0075142406980972
"11564","11564",4949,4956,4868,-0.0163669428167307
"11565","11565",451,814,458,0.0155210643015521
"11566","11566",2083,2048,2048,-0.0168026884301488
"11567","11567",3370,3373,3371,0.00029673590504451
"11568","11568",3546,3585,3495,-0.0143824027072758
"11569","11569",2304,2287,2184,-0.0520833333333333
"11570","11570",2489,2489,2469,-0.00803535556448373
"11571","11571",4294,4256,4252,-0.00978108989287378
"11572","11572",5429,5698,5671,0.044575428255664
"11573","11573",933,942,1139,0.220793140407288
"11574","11574",2297,2297,1915,-0.166303874619068
"11575","11575",5441,5446,5435,-0.00110273846719353
"11576","11576",676,677,677,0.0014792899408284
"11577","11577",3328,3327,3196,-0.0396634615384615
"11578","11578",4393,4391,4124,-0.0612337810152515
"11579","11579",2710,2695,2612,-0.0361623616236162
"11580","11580",3091,2361,2440,-0.210611452604335
"11581","11581",5576,5616,5850,0.0491391678622669
"11582","11582",2769,2761,2763,-0.00216684723726977
"11583","11583",2061,2061,2067,0.00291120815138282
"18616","18616",2061,2061,2067,0.00291120815138282
"11584","11584",2437,2436,2469,0.0131308986458761
"11585","11585",4259,4257,4256,-0.000704390702042733
"11586","11586",1628,1628,1646,0.0110565110565111
"11587","11587",1736,1663,1663,-0.0420506912442396
"11588","11588",2133,2406,2406,0.127988748241913
"11589","11589",3022,2931,2861,-0.0532759761747187
"11590","11590",3721,3720,3630,-0.0244557914539102
"11591","11591",999,1006,1006,0.00700700700700701
"11592","11592",3970,3966,3476,-0.124433249370277
"11593","11593",4985,3804,3541,-0.289669007021063
"11594","11594",5267,5303,5148,-0.0225935067400797
"11595","11595",1999,1198,1678,-0.160580290145073
"11596","11596",1538,1539,1539,0.000650195058517555
"11597","11597",1370,1370,1258,-0.0817518248175182
"15740","15740",1370,1370,1258,-0.0817518248175182
"11598","11598",4319,4040,4015,-0.0703866635795323
"11599","11599",4000,4000,3942,-0.0145
"11600","11600",1834,1756,1830,-0.00218102508178844
"11601","11601",7657,7660,7810,0.0199817160767925
"11602","11602",2918,2907,2908,-0.00342700479780672
"11603","11603",3676,3687,3712,0.00979325353645267
"11604","11604",2316,2382,2133,-0.0790155440414508
"11605","11605",6231,6164,6114,-0.0187770823302841
"11606","11606",3393,3424,3393,0
"11607","11607",1797,1810,1828,0.0172509738452977
"18063","18063",1797,1810,1828,0.0172509738452977
"11608","11608",2869,2869,2861,-0.00278842802370164
"11609","11609",3117,2946,3225,0.0346487006737247
"11610","11610",2461,2461,2456,-0.00203169443315725
"11611","11611",4707,4679,4686,-0.00446144040790312
"11612","11612",3047,3031,3016,-0.0101739415818838
"11613","11613",4660,4660,4674,0.00300429184549356
"11614","11614",3231,3225,3234,0.000928505106778087
"11615","11615",1331,1331,1593,0.196844477836213
"13008","13008",1331,1331,1593,0.196844477836213
"11616","11616",3524,3795,3371,-0.043416572077185
"11617","11617",6047,6056,6500,0.0749131800893005
"11618","11618",1481,1481,1473,-0.00540175557056043
"11619","11619",1473,1470,1888,0.28173794976239
"11620","11620",1403,1839,1401,-0.00142551674982181
"11621","11621",1430,1465,1443,0.00909090909090909
"11622","11622",2287,2292,2460,0.0756449497157849
"11623","11623",6192,6212,5905,-0.0463501291989664
"11624","11624",2729,2729,2729,0
"11625","11625",8214,8214,8224,0.00121743364986608
"11626","11626",1261,1242,1243,-0.014274385408406
"17450","17450",1261,1242,1243,-0.014274385408406
"11627","11627",2828,2828,2716,-0.0396039603960396
"11628","11628",2011,2197,2194,0.0909995027349577
"11629","11629",1870,1870,2007,0.0732620320855615
"11630","11630",2659,2664,2666,0.00263256863482512
"11631","11631",2338,2319,2274,-0.0273738237810094
"11632","11632",5482,5625,5571,0.0162349507479022
"11633","11633",1539,1435,1426,-0.0734243014944769
"11634","11634",1133,1133,1133,0
"11635","11635",3660,3631,3641,-0.00519125683060109
"11636","11636",2163,2163,2163,0
"11637","11637",2256,2256,2257,0.000443262411347518
"11638","11638",1667,1667,1829,0.0971805638872226
"11639","11639",1049,1084,1084,0.0333651096282174
"11640","11640",2059,2017,2037,-0.0106847984458475
"11641","11641",2776,2577,2776,0
"11643","11643",3504,3536,3175,-0.0938926940639269
"11644","11644",1132,1619,1211,0.0697879858657244
"19422","19422",1132,1619,1211,0.0697879858657244
"11645","11645",4413,4413,4413,0
"11646","11646",2148,2259,2447,0.139199255121043
"11647","11647",1771,2061,1771,0
"11648","11648",1919,1919,1917,-0.00104220948410631
"11649","11649",4840,4825,5056,0.0446280991735537
"11651","11651",1095,1095,1325,0.210045662100457
"11652","11652",4501,4474,4443,-0.012886025327705
"11654","11654",5668,5548,5540,-0.0225829216654905
"11655","11655",2332,1866,1857,-0.20368782161235
"11656","11656",2369,2369,2519,0.0633178556352891
"11658","11658",6011,6012,6094,0.0138080186325071
"11659","11659",1180,1180,1197,0.0144067796610169
"11660","11660",8103,8150,7923,-0.0222139948167345
"11661","11661",2028,2028,2030,0.000986193293885602
"11662","11662",909,909,909,0
"11663","11663",3346,3346,3347,0.000298864315600717
"11664","11664",2628,2628,2628,0
"11665","11665",2440,2440,2532,0.0377049180327869
"11666","11666",2381,2441,2461,0.0335993280134397
"11667","11667",2614,3006,2509,-0.040168324407039
"11668","11668",5138,5153,5127,-0.00214091086025691
"11669","11669",2123,2123,1643,-0.226095148374941
"11670","11670",1357,1480,1339,-0.0132645541635962
"11671","11671",1252,1253,1336,0.0670926517571885
"11673","11673",2641,2652,2644,0.0011359333585763
"11674","11674",4083,4046,3871,-0.0519226059270144
"11675","11675",4252,4368,4133,-0.0279868297271872
"11676","11676",4098,4005,4435,0.0822352367008297
"11677","11677",851,894,802,-0.0575793184488837
"11678","11678",1761,1886,1795,0.0193072118114708
"11679","11679",2505,2505,2505,0
"11680","11680",1651,1651,1655,0.00242277407631738
"11681","11681",2864,2864,2814,-0.0174581005586592
"11682","11682",2295,2332,2329,0.0148148148148148
"11683","11683",2059,2059,2061,0.000971345313258863
"11684","11684",3891,3892,3898,0.00179902338730404
"11685","11685",6455,6455,6402,-0.00821068938807126
"11686","11686",8723,8891,8491,-0.0265963544652069
"11687","11687",2573,2436,2538,-0.0136027982899339
"11688","11688",3330,3330,3330,0
"11689","11689",4019,4006,3994,-0.0062204528489674
"11690","11690",1753,1753,1703,-0.0285225328009127
"11691","11691",1244,1244,1249,0.00401929260450161
"11692","11692",1715,1715,1715,0
"11693","11693",2043,1703,1768,-0.134605971610377
"11694","11694",4542,4514,4517,-0.0055041831792162
"11695","11695",3143,3143,3117,-0.00827235125676106
"11696","11696",1857,1781,1781,-0.040926225094238
"11697","11697",4015,3845,3996,-0.00473225404732254
"11698","11698",3669,3002,2914,-0.205778141182884
"11699","11699",1314,1317,1293,-0.0159817351598174
"11700","11700",6162,6149,6381,0.0355404089581305
"11701","11701",2423,2407,2269,-0.0635575732562939
"14462","14462",2423,2407,2269,-0.0635575732562939
"11702","11702",3854,3854,3926,0.018681888946549
"11703","11703",5169,5131,5058,-0.0214741729541497
"11704","11704",4900,4901,4760,-0.0285714285714286
"11705","11705",2237,2239,2342,0.0469378632096558
"11706","11706",2561,2571,2573,0.00468566966028895
"11708","11708",1293,1151,1151,-0.109822119102862
"11710","11710",6264,6267,6212,-0.00830140485312899
"11711","11711",5182,5182,4917,-0.0511385565418757
"11712","11712",3118,1982,1820,-0.416292495189224
"11714","11714",2301,2246,2284,-0.00738809213385485
"11715","11715",1637,1637,1644,0.00427611484422724
"11716","11716",1412,1712,1699,0.203257790368272
"11717","11717",844,845,850,0.00710900473933649
"11718","11718",1470,1515,1209,-0.177551020408163
"11719","11719",1913,1913,1965,0.0271824359644537
"11720","11720",3650,3040,3025,-0.171232876712329
"11721","11721",1627,1686,1659,0.0196681007990166
"11722","11722",2380,2380,2962,0.24453781512605
"11723","11723",917,917,931,0.0152671755725191
"11724","11724",1925,1925,1911,-0.00727272727272727
"11725","11725",3386,3339,3386,0
"11726","11726",4790,4721,4761,-0.00605427974947808
"11727","11727",3579,3553,3546,-0.00922045264040235
"11728","11728",2456,2398,2398,-0.0236156351791531
"11729","11729",1692,1700,1700,0.00472813238770686
"11730","11730",453,453,453,0
"14205","14205",453,453,453,0
"11731","11731",3081,3082,3127,0.014930217461863
"11732","11732",6153,6153,6188,0.00568828213879408
"11733","11733",2216,2216,2240,0.0108303249097473
"11734","11734",3734,3734,3734,0
"11735","11735",2416,2416,2430,0.00579470198675497
"11736","11736",2164,1990,1990,-0.0804066543438078
"11737","11737",3449,3380,3395,-0.015656712090461
"11738","11738",7170,7166,7025,-0.0202231520223152
"11739","11739",2531,2540,2540,0.00355590675622284
"11741","11741",2236,2236,2252,0.00715563506261181
"11742","11742",1316,1316,1101,-0.163373860182371
"11743","11743",1650,1646,1651,0.000606060606060606
"11744","11744",3171,3241,3036,-0.0425733207190161
"11745","11745",2076,2076,2079,0.00144508670520231
"11746","11746",2160,2160,2160,0
"11747","11747",3553,3553,3553,0
"11748","11748",3532,3532,3374,-0.0447338618346546
"11749","11749",2301,2955,2985,0.297262059973924
"11750","11750",1601,1601,1604,0.0018738288569644
"11751","11751",2564,2563,2563,-0.000390015600624025
"11752","11752",5635,5544,5694,0.0104702750665484
"11754","11754",2273,2270,2499,0.0994280686317642
"11755","11755",2421,2421,2270,-0.0623709211069806
"11756","11756",3126,3126,3333,0.0662188099808061
"11757","11757",5832,5954,5674,-0.0270919067215364
"11758","11758",2279,2278,2282,0.00131636682755595
"11759","11759",1688,1686,1507,-0.107227488151659
"11760","11760",5952,6261,6149,0.0330981182795699
"11761","11761",3019,3019,2988,-0.0102683007618417
"11762","11762",1271,1272,1344,0.0574350904799371
"11764","11764",6274,6335,5888,-0.0615237488045904
"11765","11765",4214,4220,4138,-0.0180351210251542
"11766","11766",4852,4858,4379,-0.0974855729596043
"11767","11767",2882,2881,2881,-0.000346981263011797
"11768","11768",1367,1365,1368,0.000731528895391368
"11769","11769",2718,2719,2656,-0.0228108903605592
"11771","11771",4529,4519,4525,-0.000883197173769044
"13708","13708",4529,4519,4525,-0.000883197173769044
"11772","11772",3859,3820,3815,-0.0114019175952319
"11773","11773",2667,2660,2818,0.056617922759655
"11774","11774",2961,2961,2955,-0.00202634245187437
"11775","11775",5786,5822,5809,0.00397511234013135
"11776","11776",2220,2203,2278,0.0261261261261261
"11777","11777",1768,1768,1461,-0.173642533936652
"11778","11778",2747,2747,2778,0.0112850382235166
"11779","11779",4370,4147,4147,-0.0510297482837529
"11780","11780",2666,2524,2551,-0.0431357839459865
"11781","11781",1738,1731,1730,-0.0046029919447641
"11782","11782",1644,1644,1719,0.0456204379562044
"11783","11783",4522,4535,4525,0.000663423264042459
"11784","11784",2437,2676,2362,-0.0307755437012721
"11785","11785",1335,1337,1533,0.148314606741573
"14590","14590",1335,1337,1533,0.148314606741573
"11786","11786",1950,1950,1907,-0.022051282051282
"11787","11787",1251,1251,1251,0
"11788","11788",3846,3813,3775,-0.0184607384295372
"11789","11789",640,655,639,-0.0015625
"11790","11790",3090,3104,3328,0.0770226537216828
"11791","11791",2651,2651,2739,0.033195020746888
"11792","11792",2352,2352,2320,-0.0136054421768707
"11793","11793",1902,1901,1902,0
"11794","11794",2296,2158,2296,0
"11795","11795",5012,5012,5158,0.0291300877893057
"11796","11796",4032,3806,3800,-0.0575396825396825
"11797","11797",3211,3201,3213,0.000622858922454064
"11798","11798",11531,11261,11393,-0.0119677391379759
"11799","11799",7386,7385,8499,0.150690495532088
"11800","11800",2229,2228,2228,-0.000448631673396142
"11801","11801",3341,3261,3092,-0.0745285842562107
"11802","11802",1004,1096,1096,0.0916334661354582
"11803","11803",1998,1998,2004,0.003003003003003
"11804","11804",3941,3940,3953,0.00304491245876681
"11805","11805",4877,4877,4872,-0.00102522042239081
"11806","11806",5583,5344,5506,-0.0137918681712341
"11807","11807",2241,2240,2098,-0.0638107987505578
"11808","11808",7620,7600,7569,-0.00669291338582677
"11809","11809",3113,3118,3589,0.15290716350787
"11811","11811",8056,7933,8213,0.0194885799404171
"11812","11812",4503,4511,4517,0.00310903841883189
"11813","11813",5308,5302,5443,0.0254333082140166
"11814","11814",1553,1625,1851,0.191886670959433
"13281","13281",1553,1625,1851,0.191886670959433
"11815","11815",6210,6289,6136,-0.0119162640901771
"11816","11816",1863,1863,1861,-0.00107353730542136
"11817","11817",3029,3449,3041,0.00396170353251898
"11818","11818",2157,1627,1909,-0.114974501622624
"11819","11819",2977,2978,2993,0.00537453812562983
"11820","11820",1215,1215,1253,0.0312757201646091
"11821","11821",4517,4818,4621,0.0230241310604383
"11822","11822",3438,3473,3494,0.0162885398487493
"11824","11824",1815,1814,1814,-0.000550964187327824
"11825","11825",5167,5279,5765,0.115734468743952
"11826","11826",5265,5263,5212,-0.0100664767331434
"11827","11827",2888,2888,2888,0
"11828","11828",3050,3066,3067,0.00557377049180328
"11829","11829",2191,2191,2183,-0.00365130077590141
"11830","11830",3381,3466,3474,0.0275066548358474
"11831","11831",2049,2241,2225,0.0858955588091752
"11832","11832",2883,2890,2727,-0.0541103017689906
"11834","11834",2941,2929,2870,-0.0241414484869092
"11835","11835",3880,3877,3874,-0.00154639175257732
"11836","11836",2837,3219,2536,-0.106097990835389
"11837","11837",2207,2196,2489,0.127775260534662
"11838","11838",2974,2981,2989,0.00504371217215871
"11839","11839",8574,8568,8313,-0.0304408677396781
"11840","11840",5861,5086,5308,-0.0943524995734516
"11841","11841",1923,1824,1871,-0.0270410816432657
"11842","11842",2709,2708,2708,-0.000369139904023625
"11843","11843",2821,2829,2801,-0.00708968450903935
"11844","11844",2004,2004,2006,0.000998003992015968
"11845","11845",2484,2484,2466,-0.0072463768115942
"11846","11846",3014,3020,2932,-0.0272063702720637
"11847","11847",4015,3512,3331,-0.170361145703611
"11848","11848",2248,2248,2329,0.0360320284697509
"11849","11849",1741,1745,1734,-0.00402067777139575
"11850","11850",2511,2651,2569,0.0230983671843887
"11851","11851",3152,3167,3296,0.0456852791878173
"11852","11852",3861,3853,3853,-0.00207200207200207
"11853","11853",1768,1778,1775,0.00395927601809955
"11854","11854",2753,2764,2766,0.00472212132219397
"11855","11855",1912,1919,1945,0.0172594142259414
"11856","11856",1519,1519,1550,0.0204081632653061
"11857","11857",2399,2399,2413,0.00583576490204252
"11858","11858",4697,4585,4589,-0.0229934000425804
"11859","11859",3820,3819,3898,0.0204188481675393
"11860","11860",5275,5262,5388,0.0214218009478673
"11861","11861",3771,3899,3771,0
"11862","11862",2024,2056,2024,0
"11863","11863",852,852,852,0
"11864","11864",1347,1347,1347,0
"11865","11865",3495,3493,3502,0.00200286123032904
"11866","11866",2644,2659,2621,-0.00869894099848714
"11867","11867",1335,1335,1335,0
"18885","18885",1335,1335,1335,0
"11868","11868",3058,3005,3010,-0.0156965336821452
"11869","11869",1713,1713,1714,0.000583771161704612
"11870","11870",2457,2455,2247,-0.0854700854700855
"11871","11871",6533,6533,6696,0.0249502525639063
"11872","11872",4022,3964,3958,-0.0159124813525609
"11873","11873",6124,5871,6023,-0.0164924885695624
"11874","11874",1083,1082,1065,-0.0166204986149584
"11876","11876",2808,2808,2804,-0.00142450142450142
"11877","11877",5851,5703,5639,-0.036233122543155
"11879","11879",6987,6529,7273,0.0409331615858022
"11880","11880",1303,1302,1303,0
"11881","11881",4286,4285,4097,-0.0440970601959869
"11882","11882",3568,3568,3568,0
"11883","11883",1741,1726,1874,0.0763928776565192
"11884","11884",997,997,997,0
"11885","11885",879,880,880,0.00113765642775882
"11886","11886",1910,1913,1867,-0.0225130890052356
"11887","11887",2084,1938,2178,0.04510556621881
"11888","11888",2831,2795,2793,-0.0134228187919463
"11889","11889",3151,3151,3146,-0.00158679784195493
"11890","11890",3118,3119,3179,0.0195638229634381
"11891","11891",1723,1717,1581,-0.0824143934997098
"11892","11892",3235,3162,2981,-0.078516228748068
"11893","11893",1009,1024,1142,0.13181367690783
"11894","11894",2704,2928,2674,-0.011094674556213
"11895","11895",1872,1872,1872,0
"11896","11896",1683,1683,1683,0
"11897","11897",1531,1530,1558,0.0176355323318093
"11898","11898",3037,3025,3029,-0.00263417846559104
"11899","11899",3406,3405,3343,-0.0184967704051674
"11900","11900",552,552,552,0
"11901","11901",2307,2213,2213,-0.0407455570004335
"11902","11902",2657,2650,2655,-0.000752728641324802
"11903","11903",2503,2491,2494,-0.00359568517778666
"11904","11904",6646,6571,6371,-0.0413782726452001
"11905","11905",3643,3728,3758,0.0315673895141367
"11906","11906",1068,1068,1068,0
"11907","11907",3464,3502,3773,0.089203233256351
"11908","11908",5081,5447,5508,0.084038575083645
"11909","11909",3425,2984,3196,-0.0668613138686131
"11910","11910",3411,3433,3468,0.0167106420404573
"11911","11911",1133,1133,1012,-0.106796116504854
"11912","11912",7750,7772,7786,0.00464516129032258
"11913","11913",4370,4370,4245,-0.028604118993135
"11914","11914",3941,3941,4002,0.0154783049987313
"11915","11915",2538,2162,2426,-0.0441292356185973
"11916","11916",4982,4981,4981,-0.000200722601364914
"11917","11917",2101,2103,2102,0.000475963826749167
"19772","19772",2101,2103,2102,0.000475963826749167
"11918","11918",3471,3471,3559,0.0253529242293287
"11919","11919",2308,2181,2194,-0.0493934142114385
"11920","11920",3923,3929,3532,-0.099668620953352
"11921","11921",3254,3236,3048,-0.0633066994468347
"11922","11922",2158,2163,2163,0.00231696014828545
"11923","11923",3109,3109,3111,0.000643293663557414
"11924","11924",4436,4437,4401,-0.00788999098286745
"11925","11925",1695,1695,1788,0.0548672566371681
"11926","11926",4479,4479,4463,-0.00357222594329091
"11928","11928",3025,3025,3025,0
"11929","11929",1731,2354,1951,0.127094165222415
"11930","11930",1830,1831,1802,-0.0153005464480874
"11931","11931",8371,8334,8392,0.00250866085294469
"11932","11932",1696,1642,1643,-0.03125
"11933","11933",4154,4111,4185,0.00746268656716418
"11934","11934",8112,7954,7973,-0.0171351084812623
"11936","11936",10757,10772,10845,0.00818071953146788
"11937","11937",1310,1310,1338,0.0213740458015267
"11938","11938",2718,2718,2713,-0.00183958793230316
"11939","11939",2958,2957,2926,-0.0108181203515889
"11940","11940",3037,3038,3121,0.027658873888706
"11941","11941",3187,3115,3082,-0.0329463445246313
"11942","11942",6084,6084,6084,0
"11943","11943",1245,1245,1245,0
"11944","11944",1487,1487,1457,-0.0201748486886348
"11945","11945",6661,6611,6633,-0.00420357303708152
"11946","11946",3377,3382,3379,0.000592241634586911
"11947","11947",4204,4196,4196,-0.00190294957183635
"11949","11949",2054,2054,2058,0.00194741966893866
"11950","11950",2064,2235,2043,-0.0101744186046512
"11951","11951",2114,2115,2048,-0.0312204351939451
"11952","11952",2409,2749,2808,0.165628891656289
"11953","11953",2016,2055,2140,0.0615079365079365
"11954","11954",1165,1165,1170,0.00429184549356223
"11955","11955",2107,2107,2119,0.0056953013763645
"11956","11956",5370,5160,4643,-0.135381750465549
"11957","11957",1911,1911,1909,-0.0010465724751439
"11958","11958",7145,7145,7420,0.0384884534639608
"11959","11959",1025,1025,1071,0.0448780487804878
"11960","11960",2902,2853,2949,0.0161957270847691
"11961","11961",2831,2831,3003,0.0607559166372307
"11962","11962",1976,1937,1937,-0.0197368421052632
"11963","11963",2091,2089,2088,-0.00143472022955524
"11964","11964",2321,2321,2297,-0.010340370529944
"11965","11965",3715,3724,3726,0.00296096904441454
"11966","11966",1953,1953,1871,-0.0419866871479775
"11967","11967",2883,2882,2882,-0.000346860908775581
"11968","11968",4263,4271,4340,0.0180623973727422
"11969","11969",3791,3791,3795,0.00105513057240834
"11970","11970",2076,2078,2078,0.000963391136801541
"11971","11971",3973,3973,3972,-0.000251698968034231
"11972","11972",3201,3201,3201,0
"11974","11974",3132,2474,2443,-0.219987228607918
"11975","11975",1866,1866,1853,-0.00696677384780279
"11976","11976",2084,2193,2187,0.0494241842610365
"15759","15759",2084,2193,2187,0.0494241842610365
"11978","11978",2950,2950,3124,0.0589830508474576
"11979","11979",2004,2004,1957,-0.0234530938123752
"11980","11980",2745,2706,2977,0.0845173041894353
"11982","11982",3535,3529,3532,-0.000848656294200849
"11984","11984",3477,3477,3491,0.00402645959160196
"11985","11985",4030,4025,4030,0
"11987","11987",2542,2542,2543,0.0003933910306845
"11988","11988",4663,4666,4721,0.0124383444134677
"11991","11991",1359,1092,1096,-0.193524650478293
"11992","11992",2370,2370,2370,0
"11994","11994",4695,4719,4715,0.00425985090521832
"11995","11995",6115,6128,6239,0.0202780049059689
"11996","11996",1362,1362,1571,0.15345080763583
"11997","11997",4537,4562,4450,-0.0191756667401367
"11998","11998",2825,2824,2813,-0.00424778761061947
"11999","11999",6651,5966,6406,-0.0368365659299353
"12000","12000",2559,2572,2559,0
"12001","12001",3496,3811,3933,0.125
"12002","12002",2006,2007,1971,-0.0174476570289133
"12003","12003",10721,10484,11336,0.0573640518608339
"12004","12004",3943,3937,3937,-0.00152168399695663
"12005","12005",2812,2803,2737,-0.0266714082503556
"12006","12006",7888,7880,7893,0.000633874239350913
"12007","12007",3715,3716,3505,-0.0565275908479139
"12008","12008",1094,1094,1117,0.0210237659963437
"12009","12009",3461,3432,3468,0.00202253683906385
"12010","12010",3143,3037,3003,-0.044543429844098
"12011","12011",4671,4674,4519,-0.0325412117319632
"12012","12012",1888,1888,1928,0.0211864406779661
"12013","12013",3354,3344,3405,0.0152057245080501
"12014","12014",3807,3807,3828,0.00551615445232467
"12015","12015",1275,1277,1278,0.00235294117647059
"12016","12016",1290,1266,1266,-0.0186046511627907
"12017","12017",2483,2483,2483,0
"15661","15661",2483,2483,2483,0
"12018","12018",3036,3103,3094,0.0191040843214756
"12019","12019",1464,1466,1563,0.0676229508196721
"12020","12020",2607,2615,2613,0.00230149597238205
"12021","12021",3253,3253,3253,0
"12022","12022",4431,4549,4400,-0.00699616339426766
"12023","12023",5531,5499,5498,-0.00596637136141747
"12024","12024",3940,3948,4003,0.015989847715736
"12025","12025",1250,1461,1461,0.1688
"12026","12026",1693,1693,1862,0.099822799763733
"12027","12027",1776,1794,1678,-0.0551801801801802
"12028","12028",7250,7115,7077,-0.0238620689655172
"12029","12029",1953,1956,2077,0.0634920634920635
"12032","12032",2980,2987,2726,-0.0852348993288591
"12033","12033",2763,2763,2756,-0.00253347810351068
"12034","12034",1474,1463,1467,-0.00474898236092266
"12035","12035",1247,1243,1193,-0.0433039294306335
"12036","12036",5594,5581,5689,0.0169824812298892
"12037","12037",3689,3692,3692,0.000813228517213337
"12038","12038",1226,1220,1261,0.0285481239804241
"12039","12039",2815,2814,2813,-0.000710479573712256
"12040","12040",4069,4129,4212,0.0351437699680511
"12041","12041",4470,4471,4660,0.0425055928411633
"12042","12042",1945,1945,1945,0
"12043","12043",2785,2788,2577,-0.0746858168761221
"12044","12044",2644,2620,2103,-0.204614220877458
"12045","12045",1371,1371,1379,0.00583515681983953
"12046","12046",4292,4308,4269,-0.00535880708294501
"12047","12047",1492,1492,1492,0
"12048","12048",4168,4167,4163,-0.00119961612284069
"12049","12049",4507,4382,4368,-0.03084091413357
"12050","12050",4469,4469,4469,0
"19480","19480",4469,4469,4469,0
"12051","12051",5860,5708,5706,-0.0262798634812287
"12052","12052",5167,5325,5075,-0.0178053028836849
"12053","12053",1320,1320,1326,0.00454545454545455
"12054","12054",2044,2030,2085,0.0200587084148728
"12055","12055",1566,1566,1566,0
"12057","12057",3115,3081,3085,-0.00963081861958266
"12058","12058",1728,1732,1893,0.0954861111111111
"12059","12059",2008,2026,2008,0
"12060","12060",2108,2474,2479,0.175996204933586
"12061","12061",3342,3020,3023,-0.0954518252543387
"12062","12062",2795,2803,2752,-0.0153846153846154
"12063","12063",3747,3593,3532,-0.0573792367227115
"12064","12064",3529,3458,3033,-0.140549730801927
"12065","12065",4473,4473,4483,0.00223563603845294
"12066","12066",1731,1731,1735,0.00231080300404391
"12067","12067",3045,2713,2770,-0.090311986863711
"12068","12068",2720,2734,2563,-0.0577205882352941
"12071","12071",2214,2214,2214,0
"12072","12072",3602,3604,3642,0.0111049416990561
"12073","12073",2555,2559,2585,0.0117416829745597
"12074","12074",2185,2186,2081,-0.0475972540045767
"12075","12075",2622,2423,1911,-0.27116704805492
"12076","12076",3161,3158,3158,-0.000949066751028156
"12077","12077",1344,1161,1107,-0.176339285714286
"12078","12078",3252,3460,3456,0.0627306273062731
"12079","12079",853,859,834,-0.022274325908558
"12080","12080",6216,6147,6529,0.0503539253539254
"12081","12081",1583,1743,1742,0.100442198357549
"12082","12082",4837,4802,4958,0.0250155054786024
"12083","12083",3996,4335,3911,-0.0212712712712713
"12084","12084",1575,1573,1571,-0.00253968253968254
"12085","12085",5523,5527,5480,-0.0077856237552055
"12086","12086",7008,6558,6557,-0.0643550228310502
"12087","12087",3580,3508,3302,-0.0776536312849162
"12088","12088",1674,1674,1668,-0.003584229390681
"12090","12090",2211,2211,2835,0.282225237449118
"12091","12091",788,778,996,0.263959390862944
"12092","12092",3166,2905,3251,0.0268477574226153
"15065","15065",3166,2905,3251,0.0268477574226153
"12093","12093",2251,2251,2295,0.0195468680586406
"12094","12094",3671,3672,3997,0.088804140561155
"12095","12095",3376,3377,3314,-0.0183649289099526
"12096","12096",4567,3877,3849,-0.157214801839282
"12097","12097",4803,5022,4945,0.0295648552987716
"12099","12099",3699,3688,3686,-0.00351446336847797
"12100","12100",5348,5623,5640,0.0545998504113687
"12101","12101",1828,1828,1832,0.00218818380743982
"12102","12102",1574,1574,1544,-0.0190597204574333
"12103","12103",2330,2495,2495,0.0708154506437768
"18334","18334",2330,2495,2495,0.0708154506437768
"12104","12104",1495,1510,1614,0.0795986622073579
"12105","12105",6565,6539,6759,0.0295506473724296
"12106","12106",3845,3842,3977,0.0343302990897269
"12107","12107",3844,3843,3736,-0.0280957336108221
"12108","12108",5608,5565,5573,-0.00624108416547789
"12109","12109",1439,1589,1561,0.0847810979847116
"12110","12110",1686,1717,1679,-0.00415183867141162
"12111","12111",1782,1784,1755,-0.0151515151515152
"12112","12112",2708,2710,2354,-0.130723781388479
"12113","12113",871,862,846,-0.0287026406429392
"12114","12114",3753,3820,3820,0.0178523847588596
"12115","12115",1429,1429,1429,0
"12116","12116",5545,5722,5959,0.0746618575293057
"12117","12117",2595,2595,2570,-0.00963391136801541
"12118","12118",4629,4776,4647,0.00388852883992223
"12119","12119",3517,3516,3518,0.000284333238555587
"12120","12120",3467,3559,4312,0.243726564753389
"12121","12121",1342,1343,1343,0.000745156482861401
"12122","12122",2750,2750,2832,0.0298181818181818
"12123","12123",2448,2421,2487,0.0159313725490196
"12124","12124",2767,2739,2735,-0.0115648717022046
"12125","12125",6376,6375,6320,-0.00878293601003764
"12126","12126",2567,2569,2573,0.00233735878457343
"12127","12127",5303,4929,5534,0.0435602489157081
"12128","12128",1036,1033,948,-0.0849420849420849
"12129","12129",2896,2884,2862,-0.0117403314917127
"12130","12130",1978,2053,2077,0.0500505561172902
"15867","15867",1978,2053,2077,0.0500505561172902
"12131","12131",1218,1218,1420,0.165845648604269
"12132","12132",2152,2153,2152,0
"12133","12133",1998,1998,2009,0.00550550550550551
"12134","12134",2153,2153,2153,0
"12135","12135",2616,2617,2718,0.0389908256880734
"12136","12136",5093,5079,5274,0.0355389750638131
"12137","12137",2952,2915,2915,-0.0125338753387534
"12138","12138",3183,3155,3205,0.00691171850455545
"12139","12139",1471,1469,1577,0.0720598232494901
"12140","12140",4099,4094,4092,-0.0017077335935594
"12141","12141",2592,2592,2503,-0.0343364197530864
"12142","12142",1040,1040,1040,0
"12143","12143",1462,1462,1468,0.00410396716826265
"12144","12144",3819,3820,3863,0.0115213406650956
"12145","12145",2098,2098,2098,0
"12146","12146",1206,1206,1206,0
"12147","12147",2407,2427,2562,0.0643955130868301
"12148","12148",2112,2111,1912,-0.0946969696969697
"12149","12149",2242,2242,2235,-0.00312221231043711
"12150","12150",7317,7322,7263,-0.00738007380073801
"12151","12151",3456,3372,3616,0.0462962962962963
"12153","12153",1710,1710,1780,0.0409356725146199
"12154","12154",1747,1747,1747,0
"12155","12155",3159,3357,3049,-0.034821145932257
"12156","12156",2052,2052,2088,0.0175438596491228
"14283","14283",2052,2052,2088,0.0175438596491228
"12157","12157",1969,1983,1979,0.00507872016251905
"12158","12158",2268,2243,2304,0.0158730158730159
"12159","12159",4181,4180,4653,0.112891652714662
"12160","12160",4306,4220,4296,-0.002322340919647
"12161","12161",1654,1654,1669,0.0090689238210399
"12162","12162",2059,2059,2059,0
"12163","12163",3003,3003,3003,0
"12164","12164",3077,3130,2929,-0.0480987975300618
"12165","12165",2870,2870,2870,0
"12166","12166",1912,1925,1979,0.0350418410041841
"13552","13552",1912,1925,1979,0.0350418410041841
"12167","12167",6749,6276,4746,-0.296784708845755
"12168","12168",1872,1872,1872,0
"12169","12169",1625,1513,1513,-0.0689230769230769
"12170","12170",3317,3334,3280,-0.0111546578233343
"12171","12171",1815,1815,2035,0.121212121212121
"12172","12172",5573,5687,5438,-0.0242239368383277
"12174","12174",1545,1545,1609,0.0414239482200647
"12175","12175",3519,3518,2990,-0.150326797385621
"12176","12176",2842,2842,2930,0.0309641097818438
"12177","12177",1852,1856,1862,0.00539956803455724
"12178","12178",3498,3499,3382,-0.0331618067467124
"12179","12179",1910,1910,1910,0
"12180","12180",2845,2844,2846,0.000351493848857645
"12181","12181",1751,1568,1479,-0.155339805825243
"12182","12182",2199,2055,2068,-0.0595725329695316
"12183","12183",3179,3179,3144,-0.0110097514941806
"12184","12184",972,953,950,-0.0226337448559671
"12185","12185",1444,1444,1444,0
"12186","12186",2510,2510,2528,0.00717131474103586
"12187","12187",3710,3708,3693,-0.0045822102425876
"12188","12188",4160,4223,4238,0.01875
"12189","12189",1158,1158,1222,0.0552677029360967
"12190","12190",5873,5872,5888,0.00255406095692151
"12191","12191",1739,1739,1971,0.133410005750431
"12192","12192",4303,4473,4457,0.0357889844294678
"12193","12193",1883,1883,1883,0
"12194","12194",2204,2201,2423,0.0993647912885662
"12195","12195",2505,2514,2512,0.00279441117764471
"12196","12196",3266,3269,3271,0.00153092467850582
"12197","12197",5447,5481,5398,-0.00899577749219754
"12198","12198",3312,3277,3273,-0.0117753623188406
"12199","12199",1925,2109,2070,0.0753246753246753
"12200","12200",3888,3891,3608,-0.0720164609053498
"12201","12201",2872,4035,2718,-0.0536211699164345
"12202","12202",3938,4012,3908,-0.00761808024377857
"12203","12203",7491,7508,7368,-0.0164197036443732
"12204","12204",1875,1875,1894,0.0101333333333333
"12205","12205",3799,3774,3756,-0.0113187680968676
"12206","12206",4576,4456,4427,-0.0325611888111888
"12208","12208",2017,2010,1993,-0.0118988596926128
"12209","12209",1081,1055,1110,0.0268270120259019
"12210","12210",2573,2455,2453,-0.0466381655654878
"12211","12211",4100,4142,4096,-0.000975609756097561
"12212","12212",2293,2070,2022,-0.11818578281727
"12214","12214",4067,3885,4005,-0.0152446520776985
"12215","12215",2271,2271,2360,0.0391897842360194
"12216","12216",7145,7140,7138,-0.000979706088173548
"12217","12217",2828,2828,2878,0.0176803394625177
"12218","12218",3767,3724,3882,0.0305282718343509
"12219","12219",3473,3697,3537,0.0184278721566369
"12220","12220",4295,4299,4454,0.0370197904540163
"12221","12221",5620,5568,5790,0.0302491103202847
"12222","12222",1997,1996,1947,-0.0250375563345018
"12223","12223",9861,9721,9547,-0.0318426123111246
"12224","12224",1649,1649,1650,0.000606428138265616
"12225","12225",2665,2662,2663,-0.00075046904315197
"12226","12226",3490,3493,3357,-0.03810888252149
"12227","12227",3944,3947,3951,0.00177484787018256
"12228","12228",5758,5635,5912,0.0267453977075373
"12229","12229",4076,4135,4098,0.00539744847890088
"12230","12230",7391,7355,7434,0.00581788661886078
"12231","12231",2673,2666,2588,-0.0317994762439207
"12232","12232",1899,1803,1876,-0.0121116377040548
"14394","14394",1899,1803,1876,-0.0121116377040548
"12233","12233",2844,2807,2952,0.0379746835443038
"12234","12234",4175,4171,4161,-0.00335329341317365
"12235","12235",1878,1840,1840,-0.020234291799787
"12236","12236",1160,842,892,-0.231034482758621
"12237","12237",1856,1910,1905,0.0264008620689655
"12238","12238",5037,5229,5016,-0.00416914830256105
"12239","12239",4857,4904,4712,-0.0298538192299774
"12240","12240",3215,3209,3600,0.119751166407465
"12241","12241",1883,1828,1828,-0.0292087095061073
"12242","12242",3239,2742,2420,-0.252855819697437
"12243","12243",2912,2912,2987,0.0257554945054945
"12244","12244",2996,2999,2967,-0.00967957276368491
"12245","12245",4095,4095,4054,-0.01001221001221
"12246","12246",2377,2377,2340,-0.0155658392932268
"12247","12247",2272,2281,2262,-0.00440140845070423
"12248","12248",3464,3471,3456,-0.0023094688221709
"12249","12249",2493,2849,2456,-0.0148415563578018
"12250","12250",2451,2450,2291,-0.0652794777641779
"12251","12251",2465,2288,1912,-0.224340770791075
"12252","12252",5620,5691,5691,0.0126334519572954
"12253","12253",3535,3533,3422,-0.031966053748232
"12254","12254",1215,1215,1215,0
"12256","12256",1705,1705,1705,0
"12258","12258",1645,1645,1612,-0.0200607902735562
"12259","12259",4138,3940,3886,-0.0608989850169164
"12260","12260",2913,2913,2844,-0.023686920700309
"12261","12261",1457,1457,2078,0.426218256691833
"12262","12262",3548,3463,3459,-0.0250845546786922
"12263","12263",1432,1433,1433,0.000698324022346369
"12264","12264",8175,8166,8288,0.013822629969419
"12265","12265",1943,1589,1589,-0.182192485846629
"12266","12266",897,897,903,0.00668896321070234
"12267","12267",1705,1713,1713,0.00469208211143695
"12268","12268",2973,2985,3215,0.0813992600067272
"12269","12269",4573,4578,4572,-0.000218674830527006
"12270","12270",2068,2060,2067,-0.000483558994197292
"12271","12271",2040,2076,2076,0.0176470588235294
"12272","12272",1333,1333,1092,-0.1807951987997
"12273","12273",6399,6374,6502,0.0160962650414127
"12274","12274",2407,2467,2405,-0.000830909846281678
"12275","12275",4760,4760,4727,-0.0069327731092437
"12276","12276",3339,3337,3337,-0.000598981731057203
"12277","12277",4414,4414,4338,-0.0172179429089261
"12278","12278",3056,2968,2965,-0.0297774869109948
"12279","12279",1288,1298,1325,0.0287267080745342
"12280","12280",2739,2787,2888,0.054399415845199
"12281","12281",859,893,859,0
"12282","12282",4103,4103,4103,0
"12283","12283",1611,1611,1461,-0.0931098696461825
"14576","14576",1611,1611,1461,-0.0931098696461825
"12284","12284",2012,2012,2097,0.0422465208747515
"12285","12285",2442,2442,2208,-0.0958230958230958
"12286","12286",3948,3949,3943,-0.00126646403242148
"12287","12287",2387,2347,2347,-0.0167574361122748
"12288","12288",941,941,903,-0.0403825717321998
"12289","12289",2274,2274,2338,0.0281442392260334
"12290","12290",2882,2884,2883,0.000346981263011797
"12291","12291",2033,2012,1962,-0.0349237579931136
"12292","12292",1930,1933,1933,0.00155440414507772
"12293","12293",1947,1947,2133,0.0955315870570108
"12294","12294",2268,1391,1230,-0.457671957671958
"12295","12295",4080,4073,4200,0.0294117647058824
"12296","12296",3387,3490,3628,0.0711544139356363
"12297","12297",3276,3246,3274,-0.000610500610500611
"12298","12298",1855,1860,1943,0.0474393530997305
"15620","15620",1855,1860,1943,0.0474393530997305
"12299","12299",4287,4286,4292,0.00116631677163518
"12300","12300",5475,5440,5284,-0.0348858447488584
"12301","12301",9081,9069,9067,-0.00154168043167052
"12302","12302",2127,2127,2127,0
"12303","12303",6188,5948,5983,-0.0331286360698125
"12304","12304",4412,4412,4338,-0.0167724388032638
"12305","12305",1313,1409,1408,0.0723533891850724
"12306","12306",1942,1938,1938,-0.00205973223480947
"12307","12307",2116,2239,2099,-0.00803402646502836
"12308","12308",3849,3842,3518,-0.0859963626916082
"12309","12309",3251,3256,3184,-0.0206090433712704
"12310","12310",8668,8666,8729,0.00703737886479003
"12311","12311",4256,4635,4300,0.0103383458646617
"12312","12312",3494,3463,3454,-0.0114481969089868
"12313","12313",3716,3751,3572,-0.038751345532831
"12314","12314",4208,4202,4310,0.0242395437262357
"12315","12315",2754,2754,2891,0.0497458242556282
"12316","12316",2374,2375,2360,-0.0058972198820556
"12317","12317",2161,2160,2160,-0.000462748727441
"12318","12318",1676,1673,1638,-0.022673031026253
"12319","12319",3021,3019,3019,-0.00066203243958954
"12320","12320",6151,5638,5784,-0.0596650951064868
"12321","12321",1001,702,718,-0.282717282717283
"12322","12322",1817,1817,1817,0
"12323","12323",2850,2853,2785,-0.0228070175438597
"17383","17383",2850,2853,2785,-0.0228070175438597
"12324","12324",4029,3887,4035,0.00148920327624721
"12325","12325",813,1019,1019,0.253382533825338
"12326","12326",7537,7528,7306,-0.0306487992569988
"12327","12327",3334,3334,3107,-0.0680863827234553
"12328","12328",5520,5533,5630,0.0199275362318841
"12329","12329",2933,2936,3033,0.0340947834981248
"12330","12330",2006,2006,2000,-0.00299102691924227
"12331","12331",1152,1152,1813,0.573784722222222
"12332","12332",2287,2287,2280,-0.00306077831219939
"12333","12333",3829,3691,3948,0.0310786106032907
"12334","12334",2738,2549,2546,-0.0701241782322863
"12335","12335",1883,1648,1636,-0.1311736590547
"12336","12336",3500,3500,3555,0.0157142857142857
"12338","12338",1354,1354,1467,0.0834564254062038
"12339","12339",3668,3368,3242,-0.116139585605234
"12340","12340",10161,10212,10426,0.0260801102253715
"12341","12341",3261,3309,3310,0.0150260656240417
"12342","12342",3466,3428,3427,-0.0112521638776688
"12343","12343",2244,2244,2086,-0.0704099821746881
"12344","12344",6393,6412,6131,-0.0409823244173315
"12345","12345",2430,2430,2423,-0.00288065843621399
"12346","12346",1283,1283,1296,0.0101325019485581
"12347","12347",3567,3549,3644,0.0215867675918138
"12348","12348",3420,3427,3422,0.000584795321637427
"12349","12349",2781,2773,2803,0.00791082344480403
"12350","12350",986,922,922,-0.0649087221095335
"12351","12351",1632,1631,1632,0
"12352","12352",1500,1901,1501,0.000666666666666667
"12353","12353",1510,1510,1772,0.173509933774834
"12354","12354",2227,1537,1538,-0.309384822631343
"12355","12355",1245,1238,1187,-0.0465863453815261
"12356","12356",6153,5979,5790,-0.0589956118966358
"12357","12357",1838,1838,1838,0
"12358","12358",2646,2540,2524,-0.0461073318216175
"18790","18790",2646,2540,2524,-0.0461073318216175
"12359","12359",6521,6521,6439,-0.0125747584726269
"12360","12360",5326,5333,5367,0.0076980848666917
"12361","12361",3205,3203,2831,-0.116692667706708
"12362","12362",9750,9731,10381,0.0647179487179487
"12363","12363",915,919,916,0.00109289617486339
"12364","12364",1317,1317,1295,-0.0167046317388003
"12365","12365",1358,1317,1355,-0.00220913107511046
"12366","12366",2149,1880,1940,-0.0972545369939507
"12367","12367",762,809,793,0.0406824146981627
"12368","12368",5480,5432,5447,-0.00602189781021898
"12369","12369",2544,2517,2516,-0.0110062893081761
"12370","12370",1919,1912,1933,0.00729546638874414
"12371","12371",4032,4050,4192,0.0396825396825397
"12372","12372",4261,4255,4256,-0.00117343346632246
"12373","12373",2841,2824,2824,-0.00598380851812742
"12374","12374",2685,2701,2710,0.00931098696461825
"12375","12375",1771,1771,2001,0.12987012987013
"12376","12376",2195,2195,2195,0
"12377","12377",3076,3075,3063,-0.00422626788036411
"12378","12378",9379,9315,9283,-0.0102356327966734
"12379","12379",881,881,880,-0.00113507377979569
"14842","14842",881,881,880,-0.00113507377979569
"12380","12380",4481,4506,4425,-0.0124972104440973
"12381","12381",5231,5232,5461,0.0439686484419805
"12382","12382",4225,4225,4225,0
"12383","12383",2805,2788,3476,0.23921568627451
"12384","12384",9750,8970,9657,-0.00953846153846154
"12385","12385",7432,7347,7130,-0.0406350914962325
"12386","12386",3204,3417,3208,0.00124843945068664
"12387","12387",1383,1600,1268,-0.0831525668835864
"12388","12388",3275,3259,2861,-0.126412213740458
"12389","12389",2640,2639,2631,-0.00340909090909091
"12390","12390",1947,1947,1947,0
"12391","12391",2612,2578,2560,-0.0199081163859112
"12392","12392",6214,6216,6223,0.00144834245252655
"12393","12393",4866,4874,4877,0.00226058364159474
"12394","12394",2740,2663,2658,-0.0299270072992701
"12395","12395",2320,2320,2253,-0.0288793103448276
"12396","12396",3609,3580,3579,-0.00831255195344971
"12397","12397",1992,1992,2098,0.0532128514056225
"12398","12398",3520,3511,3443,-0.021875
"12399","12399",3235,3230,3877,0.198454404945904
"12400","12400",5569,5608,5743,0.0312443885796373
"12401","12401",3067,2984,3013,-0.0176067818715357
"12402","12402",2069,2069,2069,0
"12403","12403",5958,5958,5937,-0.00352467270896274
"12404","12404",11606,11613,11572,-0.00292951921419955
"12405","12405",1739,1666,1666,-0.0419781483611271
"12406","12406",4260,4067,4075,-0.0434272300469484
"18807","18807",4260,4067,4075,-0.0434272300469484
"12407","12407",1415,1416,1304,-0.0784452296819788
"12408","12408",2489,2881,2681,0.0771394134190438
"12409","12409",3845,3771,3567,-0.0723016905071521
"12410","12410",3872,3537,3287,-0.151084710743802
"12411","12411",1166,1166,1165,-0.000857632933104631
"12412","12412",3533,3533,3514,-0.00537786583639966
"12413","12413",3157,3152,3151,-0.00190053848590434
"12414","12414",2235,2235,2253,0.00805369127516779
"12415","12415",3774,3777,3749,-0.00662427133015368
"12416","12416",2104,2093,2273,0.0803231939163498
"12417","12417",2798,2797,2903,0.0375268048606147
"12418","12418",5271,5187,4755,-0.0978941377347752
"12419","12419",3386,3381,3395,0.00265800354400473
"12420","12420",3033,3033,3033,0
"12421","12421",3645,3984,3559,-0.0235939643347051
"12422","12422",1046,1046,1020,-0.0248565965583174
"12423","12423",2708,2702,2709,0.000369276218611521
"12424","12424",2144,2144,2144,0
"15122","15122",2144,2144,2144,0
"12425","12425",2381,2381,2368,-0.00545989080218396
"12426","12426",1779,2026,1733,-0.0258572231590781
"19308","19308",1779,2026,1733,-0.0258572231590781
"12427","12427",3795,3797,3822,0.00711462450592885
"12429","12429",1245,1248,1375,0.104417670682731
"12974","12974",1245,1248,1375,0.104417670682731
"12430","12430",4832,4768,5139,0.0635347682119205
"12431","12431",2796,2188,2353,-0.158440629470672
"12432","12432",3076,3112,3082,0.00195058517555267
"12433","12433",2097,1958,1763,-0.159275154983309
"12434","12434",4196,4176,4295,0.0235938989513823
"12435","12435",1461,1468,1549,0.0602327173169062
"12436","12436",2840,2729,2554,-0.100704225352113
"12437","12437",2300,2300,2200,-0.0434782608695652
"12438","12438",2978,2378,2698,-0.094022834116857
"12440","12440",1064,1053,1101,0.0347744360902256
"12441","12441",1101,1068,1101,0
"12442","12442",845,841,841,-0.00473372781065089
"12443","12443",1433,1433,1437,0.00279134682484299
"12444","12444",1732,1730,1521,-0.121824480369515
"12445","12445",1812,1813,1821,0.00496688741721854
"12446","12446",2777,2759,2759,-0.00648181490817429
"12447","12447",2263,2295,2254,-0.00397702165267344
"12448","12448",7376,7376,6887,-0.0662960954446855
"12449","12449",6125,5414,5367,-0.123755102040816
"12450","12450",1911,1906,1911,0
"12451","12451",3417,3381,3345,-0.0210711150131694
"12452","12452",3456,2955,2955,-0.144965277777778
"12453","12453",4309,4268,4213,-0.0222789510327222
"12454","12454",5095,5065,5088,-0.0013738959764475
"12456","12456",1627,1810,1655,0.0172095881991395
"12457","12457",2140,1136,1038,-0.514953271028037
"12458","12458",1866,1864,1864,-0.00107181136120043
"12459","12459",2736,3116,2729,-0.00255847953216374
"12460","12460",9578,10136,9916,0.0352892044268114
"12461","12461",5908,5805,6007,0.0167569397427217
"12462","12462",1328,1329,1329,0.000753012048192771
"12463","12463",1814,1827,1827,0.0071664829106946
"12464","12464",2006,1996,1968,-0.0189431704885344
"12465","12465",1683,1683,1683,0
"12466","12466",10355,10395,10252,-0.00994688556253018
"12467","12467",1986,1980,1980,-0.00302114803625378
"12468","12468",3264,3429,3435,0.0523897058823529
"12469","12469",2937,2953,2953,0.00544773578481444
"12470","12470",2495,2503,2586,0.0364729458917836
"12471","12471",3420,3422,3466,0.0134502923976608
"12472","12472",1875,1875,1875,0
"12473","12473",4011,3070,3045,-0.240837696335079
"12474","12474",2124,2125,2136,0.00564971751412429
"12475","12475",4052,4052,4052,0
"12476","12476",2539,2537,2539,0
"12477","12477",4305,4373,4266,-0.00905923344947735
"12478","12478",3844,4037,3782,-0.0161290322580645
"12479","12479",1959,1959,1738,-0.112812659520163
"12480","12480",1021,1100,1100,0.0773751224289912
"12481","12481",791,791,741,-0.0632111251580278
"12482","12482",3528,3522,3522,-0.00170068027210884
"12483","12483",2576,2569,2569,-0.00271739130434783
"12484","12484",2362,2362,2362,0
"12485","12485",4058,3867,3569,-0.120502710694924
"12486","12486",4671,4672,4674,0.000642260757867694
"12487","12487",3989,3984,4047,0.0145399849586362
"12488","12488",5419,5274,5289,-0.0239896659900351
"12489","12489",1550,1550,1468,-0.0529032258064516
"12490","12490",3034,3030,2929,-0.0346077785102175
"12491","12491",1335,1294,1293,-0.0314606741573034
"12493","12493",2865,2864,2999,0.0467713787085515
"12494","12494",3479,3571,3567,0.0252946248922104
"12495","12495",5350,5351,5352,0.000373831775700935
"12496","12496",1589,1589,1589,0
"12497","12497",5249,5259,5210,-0.0074299866641265
"12498","12498",3551,3666,3712,0.0453393410306956
"12499","12499",3270,3270,3024,-0.0752293577981651
"12500","12500",3791,3791,3788,-0.000791347929306252
"12501","12501",5273,4540,4539,-0.139199696567419
"12502","12502",2243,2239,2300,0.0254123941150245
"12503","12503",4329,4330,4328,-0.000231000231000231
"12504","12504",1612,1605,1607,-0.00310173697270471
"12505","12505",3047,3248,3302,0.0836888743025927
"12506","12506",1552,861,811,-0.477448453608247
"12507","12507",5088,5134,5101,0.00255503144654088
"12508","12508",4798,4798,4803,0.00104210087536474
"12509","12509",2075,2075,2003,-0.0346987951807229
"12510","12510",2149,2151,1937,-0.0986505351326198
"12511","12511",2662,2662,2688,0.00976709241172051
"12512","12512",3157,3413,3447,0.0918593601520431
"12513","12513",8414,8415,8426,0.00142619443784169
"12514","12514",4961,4946,5181,0.0443458980044346
"12515","12515",3936,3935,3938,0.000508130081300813
"12516","12516",3889,3920,3919,0.00771406531241964
"12517","12517",2912,2803,2928,0.00549450549450549
"19870","19870",2912,2803,2928,0.00549450549450549
"12518","12518",1171,1181,984,-0.159692570452605
"12519","12519",1199,1199,1199,0
"12520","12520",6364,6673,6389,0.00392834695160277
"12521","12521",3675,3697,3818,0.0389115646258503
"12523","12523",3809,3809,4302,0.129430296665792
"12524","12524",2145,2145,2145,0
"12525","12525",2504,2496,2331,-0.0690894568690096
"12526","12526",4586,4532,4718,0.0287832533798517
"12527","12527",2262,2262,2363,0.0446507515473033
"12528","12528",1905,1899,1857,-0.0251968503937008
"12529","12529",3299,3381,3381,0.0248560169748409
"12530","12530",1419,1420,1421,0.00140944326990839
"12531","12531",4568,4550,4644,0.0166374781085814
"12532","12532",2639,2639,2653,0.00530503978779841
"12533","12533",3104,2680,2766,-0.10889175257732
"12534","12534",6101,6101,6103,0.000327815112276676
"12535","12535",2949,2801,2801,-0.050186503899627
"12537","12537",2552,2553,2542,-0.00391849529780564
"12538","12538",3670,3698,3660,-0.00272479564032698
"12539","12539",3614,3615,3619,0.00138350857775318
"12540","12540",2193,2191,2104,-0.0405836753305974
"12541","12541",656,656,632,-0.0365853658536585
"12542","12542",1842,1842,2956,0.604777415852334
"12544","12544",1759,1759,1781,0.0125071063104036
"12545","12545",2869,2869,2976,0.0372952248170094
"12546","12546",2401,2393,3735,0.555601832569763
"12547","12547",2633,2626,2593,-0.0151917964299278
"12548","12548",1861,1895,1895,0.0182697474476088
"12549","12549",3441,3402,3486,0.013077593722755
"12550","12550",841,841,841,0
"12551","12551",4126,4311,4099,-0.00654386815317499
"12552","12552",2270,2270,2178,-0.0405286343612335
"12553","12553",1127,1127,1127,0
"12554","12554",3979,3984,3984,0.00125659713495853
"12555","12555",2229,2138,2239,0.00448631673396142
"12556","12556",3770,3761,3811,0.0108753315649867
"12557","12557",1273,1401,1240,-0.025923016496465
"12558","12558",3491,3593,3936,0.127470638785448
"12559","12559",3428,3421,3721,0.0854725787631272
"12560","12560",3454,3455,3455,0.000289519397799653
"12561","12561",2160,2288,2200,0.0185185185185185
"12562","12562",4211,4242,4354,0.0339586796485395
"12563","12563",2982,2997,2994,0.00402414486921529
"12564","12564",2258,2257,2257,-0.000442869796279894
"12565","12565",2389,2389,2358,-0.0129761406446212
"12566","12566",2452,1952,2144,-0.125611745513866
"12567","12567",2657,2676,2668,0.00414000752728641
"12568","12568",1698,1698,1698,0
"12569","12569",3581,3917,3340,-0.0672996369729126
"12570","12570",1654,1558,1563,-0.0550181378476421
"12571","12571",4172,4172,4346,0.0417066155321189
"12573","12573",3540,3540,3537,-0.000847457627118644
"12574","12574",3873,3792,3805,-0.0175574490059385
"12575","12575",6680,6711,6503,-0.026497005988024
"12577","12577",4683,4683,4683,0
"12578","12578",2189,2189,2008,-0.0826861580630425
"12579","12579",3437,3440,3374,-0.0183299389002037
"12580","12580",1113,1113,1052,-0.054806828391734
"12581","12581",1113,1269,1187,0.0664869721473495
"12582","12582",2560,2667,2661,0.039453125
"12583","12583",3715,3715,3764,0.0131897711978466
"12584","12584",9133,9157,8923,-0.0229935399102157
"12585","12585",1600,1600,1594,-0.00375
"12586","12586",7505,7501,7852,0.0462358427714857
"12587","12587",1750,1750,1750,0
"16101","16101",1750,1750,1750,0
"12588","12588",3927,4430,4433,0.128851540616246
"12589","12589",4520,4514,4412,-0.0238938053097345
"19388","19388",4520,4514,4412,-0.0238938053097345
"12590","12590",2030,2027,1994,-0.0177339901477833
"12591","12591",4123,4184,4102,-0.00509337860780985
"12592","12592",2754,2855,2909,0.0562817719680465
"12593","12593",2614,2709,2709,0.0363427697016067
"12594","12594",5988,6371,6296,0.051436205744823
"12595","12595",3053,3160,3160,0.0350474942679332
"12596","12596",2767,2865,2714,-0.0191543187567763
"12597","12597",1832,1880,1877,0.0245633187772926
"12598","12598",3015,3009,3029,0.00464344941956882
"12599","12599",1911,1807,1861,-0.0261643118785976
"12600","12600",3236,3406,3196,-0.0123609394313968
"12601","12601",4242,4243,3938,-0.0716643092880717
"12603","12603",1568,1468,1471,-0.0618622448979592
"12604","12604",5696,5693,5866,0.0298455056179775
"12605","12605",1722,1735,1974,0.146341463414634
"12606","12606",2995,3038,2925,-0.0233722871452421
"12607","12607",1072,1087,982,-0.083955223880597
"12608","12608",4329,4244,4168,-0.0371910371910372
"12609","12609",2271,2262,1982,-0.127256715103479
"12610","12610",1037,1008,1008,-0.0279652844744455
"12611","12611",1482,1493,1454,-0.0188933873144399
"12612","12612",2291,2291,2291,0
"12613","12613",1447,1538,1493,0.0317899101589496
"12614","12614",10224,10177,10182,-0.00410798122065728
"12615","12615",1537,1537,1673,0.088484059856864
"12616","12616",3490,3492,3490,0
"12617","12617",5247,5247,5295,0.00914808461978273
"12618","12618",2141,2200,2200,0.0275572162540869
"12619","12619",3324,3324,3324,0
"12620","12620",7067,7211,6971,-0.0135842648931654
"12621","12621",2492,2494,2511,0.00762439807383628
"12622","12622",3229,3227,3227,-0.00061938680706101
"12623","12623",1037,953,953,-0.0810028929604629
"12624","12624",5108,4991,5028,-0.0156617071260767
"12625","12625",2137,2136,2087,-0.0233972859148339
"12627","12627",984,1443,984,0
"12628","12628",3173,2836,2889,-0.0895052001260637
"12629","12629",3286,3278,3284,-0.000608642726719416
"12630","12630",3306,3346,2998,-0.0931639443436177
"13859","13859",3306,3346,2998,-0.0931639443436177
"12631","12631",5341,5341,5261,-0.0149784684516008
"12632","12632",2117,2117,2114,-0.00141709966934341
"12634","12634",5900,5896,6101,0.0340677966101695
"12635","12635",2873,2687,2685,-0.0654368256178211
"12636","12636",10029,9862,10099,0.00697975869977066
"12637","12637",3640,3708,3708,0.0186813186813187
"12639","12639",1444,1448,1054,-0.270083102493075
"12640","12640",4026,3870,3755,-0.0673124689518132
"12641","12641",2408,2408,2408,0
"12642","12642",1693,1693,1693,0
"12643","12643",3735,3735,3735,0
"12644","12644",4273,4197,4221,-0.0121694359934472
"12645","12645",4631,4507,4455,-0.0380047505938242
"12646","12646",3768,3768,3802,0.00902335456475584
"12647","12647",2157,2157,2157,0
"12648","12648",5158,5158,5188,0.00581620783249321
"12650","12650",1239,1239,1237,-0.00161420500403551
"12651","12651",1651,1651,1651,0
"12652","12652",2065,2250,2302,0.114769975786925
"12653","12653",2961,3394,3210,0.0840932117527862
"12654","12654",2818,3089,3191,0.13236337828247
"12655","12655",2165,2034,2221,0.0258660508083141
"12656","12656",2620,2763,2883,0.100381679389313
"12657","12657",2955,2987,2956,0.000338409475465313
"12658","12658",2363,2266,2392,0.0122725349132459
"12659","12659",5360,5673,5533,0.0322761194029851
"12660","12660",7385,7386,7326,-0.00798916723087339
"12661","12661",3481,3339,3740,0.0744039069232979
"12662","12662",1887,1887,1884,-0.00158982511923688
"12663","12663",1852,1852,1852,0
"12664","12664",6234,6161,6158,-0.0121912094963106
"12665","12665",1490,1289,1289,-0.13489932885906
"12666","12666",869,870,870,0.00115074798619102
"12667","12667",7638,7625,7633,-0.000654621628698612
"12668","12668",2851,2851,2848,-0.00105226236408278
"12670","12670",4832,4124,4132,-0.144867549668874
"12671","12671",2168,2171,2136,-0.014760147601476
"12672","12672",4041,4026,4012,-0.00717644147488245
"12673","12673",4340,4366,4369,0.00668202764976959
"12674","12674",9519,9542,9311,-0.0218510347725601
"12675","12675",3034,3034,2827,-0.0682267633487146
"12676","12676",4736,4737,4816,0.0168918918918919
"12677","12677",3535,3535,3718,0.0517680339462518
"12678","12678",4397,4075,4119,-0.0632249260859677
"15106","15106",4397,4075,4119,-0.0632249260859677
"12679","12679",3107,3109,3495,0.124879304795623
"12680","12680",1940,1940,1940,0
"12681","12681",3064,3059,3075,0.00359007832898172
"12682","12682",2707,2660,2639,-0.0251200591060214
"12684","12684",1976,1976,2163,0.0946356275303644
"12685","12685",5447,5603,5821,0.0686616486139159
"12687","12687",2578,2490,2490,-0.0341349883630721
"12688","12688",5153,5163,5052,-0.0196002328740539
"12690","12690",3350,3350,3280,-0.0208955223880597
"12691","12691",3009,3094,2982,-0.00897308075772682
"12692","12692",3588,3590,3590,0.000557413600891862
"12693","12693",3622,3861,3594,-0.00773053561568194
"12694","12694",2317,2480,2477,0.0690548122572292
"12695","12695",807,807,861,0.0669144981412639
"12696","12696",1796,1837,1782,-0.00779510022271715
"12697","12697",3258,3223,3361,0.0316144874155924
"12698","12698",1266,1266,1266,0
"12699","12699",5581,5615,5584,0.000537538075613689
"12700","12700",2368,2100,2100,-0.113175675675676
"12701","12701",3807,3807,3754,-0.0139217231415813
"12702","12702",2251,2249,2425,0.0772989782318969
"12703","12703",7448,7450,7433,-0.00201396348012889
"12704","12704",2029,2029,2029,0
"12705","12705",2829,3060,2850,0.00742311770943796
"12706","12706",3388,3383,3386,-0.000590318772136954
"12707","12707",2241,2121,1873,-0.164212405176261
"12709","12709",2302,2302,2122,-0.0781928757602085
"12710","12710",864,981,872,0.00925925925925926
"12711","12711",2200,2202,2242,0.0190909090909091
"12712","12712",1048,1048,991,-0.0543893129770992
"12713","12713",3357,3336,2935,-0.125707476913911
"12714","12714",697,692,692,-0.00717360114777618
"12715","12715",1157,1157,1105,-0.0449438202247191
"12716","12716",2285,2274,2089,-0.0857768052516411
"12717","12717",3456,3458,3443,-0.00376157407407407
"12718","12718",1796,1796,1903,0.0595768374164811
"12720","12720",2831,2776,2720,-0.0392087601554221
"12721","12721",4498,4501,4477,-0.00466874166296132
"12722","12722",6722,6721,6747,0.00371913121094912
"12723","12723",1356,1391,1348,-0.00589970501474926
"12724","12724",3835,3834,3522,-0.0816166883963494
"12725","12725",4192,4192,4179,-0.00310114503816794
"12726","12726",2225,2229,2079,-0.0656179775280899
"12727","12727",2702,2699,2630,-0.0266469282013323
"12728","12728",2394,2394,2397,0.0012531328320802
"12729","12729",5379,5382,5282,-0.0180330916527236
"12730","12730",4078,4082,4255,0.0434036292300147
"12731","12731",3578,3577,3538,-0.0111794298490777
"12732","12732",1718,1718,1933,0.125145518044237
"12733","12733",3740,3741,3742,0.00053475935828877
"12734","12734",5712,5710,5799,0.0152310924369748
"12735","12735",4255,4255,3769,-0.114218566392479
"12736","12736",595,595,616,0.0352941176470588
"12737","12737",1605,1795,1314,-0.181308411214953
"12738","12738",1968,1968,2253,0.144817073170732
"12739","12739",3214,3398,3005,-0.0650280024891101
"12740","12740",3341,3269,3262,-0.0236456150853038
"12741","12741",1602,1598,1603,0.000624219725343321
"12742","12742",3150,3150,3177,0.00857142857142857
"12743","12743",2180,2180,2173,-0.00321100917431193
"12744","12744",2107,2107,2148,0.0194589463692454
"12745","12745",1756,1756,1576,-0.10250569476082
"12746","12746",2220,2061,2046,-0.0783783783783784
"12747","12747",2119,2118,2125,0.00283152430391694
"12748","12748",1517,1404,1439,-0.0514172709294661
"12749","12749",2664,2690,2691,0.0101351351351351
"12750","12750",1205,1205,1188,-0.0141078838174274
"12751","12751",3139,3139,2928,-0.0672188595093979
"12752","12752",5946,5982,5868,-0.0131180625630676
"12753","12753",4508,4510,4607,0.021960958296362
"12754","12754",1260,1263,1263,0.00238095238095238
"12755","12755",3124,2968,3168,0.0140845070422535
"12756","12756",1872,1872,1826,-0.0245726495726496
"12757","12757",6115,6275,6188,0.0119378577269011
"12758","12758",1197,1197,1159,-0.0317460317460317
"12759","12759",1582,1572,1524,-0.0366624525916561
"12760","12760",3732,3730,3730,-0.000535905680600214
"12761","12761",1244,1222,1273,0.0233118971061093
"12762","12762",2668,2859,2662,-0.00224887556221889
"12763","12763",5580,5582,5597,0.00304659498207885
"12764","12764",1618,1618,1618,0
"12765","12765",4991,4868,4867,-0.0248447204968944
"12766","12766",1565,1565,1580,0.00958466453674121
"12767","12767",2127,2092,2037,-0.0423131170662905
"12768","12768",1119,1118,1101,-0.0160857908847185
"12769","12769",2137,2375,2218,0.0379036031820309
"12770","12770",1249,1303,1295,0.0368294635708567
"12771","12771",2777,2786,2778,0.000360100828231905
"12772","12772",1843,1843,1877,0.0184481823114487
"15387","15387",1843,1843,1877,0.0184481823114487
"12773","12773",5896,6191,5637,-0.0439280868385346
"12774","12774",2700,2700,2667,-0.0122222222222222
"12775","12775",2110,1623,1596,-0.243601895734597
"12776","12776",3481,3532,3445,-0.0103418557885665
"12777","12777",2073,1678,1678,-0.190545103714424
"12778","12778",3280,3280,3294,0.00426829268292683
"17849","17849",3280,3280,3294,0.00426829268292683
"12779","12779",3242,3241,3216,-0.00801974090067859
"12780","12780",4632,4620,4646,0.00302245250431779
"12781","12781",1671,1667,1579,-0.0550568521843208
"12782","12782",2340,2311,2295,-0.0192307692307692
"16345","16345",2340,2311,2295,-0.0192307692307692
"12783","12783",1463,1463,1463,0
"19313","19313",1463,1463,1463,0
"12784","12784",3393,3449,3512,0.0350722074860006
"12785","12785",2572,2530,2530,-0.0163297045101089
"12786","12786",1685,1685,1689,0.00237388724035608
"12787","12787",2414,2414,2302,-0.0463960231980116
"12788","12788",1673,1655,1655,-0.0107591153616258
"12789","12789",2334,2132,2132,-0.0865467009425878
"12790","12790",2843,2847,2995,0.0534646500175871
"12791","12791",1424,1424,1424,0
"12792","12792",3497,3497,3507,0.00285959393766085
"12793","12793",3711,3935,4029,0.0856911883589329
"12794","12794",6619,6919,6831,0.032029007402931
"12795","12795",4579,4707,4686,0.023367547499454
"12796","12796",3210,3211,3225,0.00467289719626168
"12797","12797",1644,1664,1824,0.109489051094891
"12798","12798",1819,1819,1806,-0.00714678394722375
"12799","12799",4063,4063,4290,0.0558700467634753
"12801","12801",2656,2658,2671,0.00564759036144578
"12802","12802",5146,5142,5358,0.0411970462495142
"12803","12803",4778,4673,4675,-0.0215571368773545
"12804","12804",2100,2042,2051,-0.0233333333333333
"12805","12805",2684,2684,2684,0
"12806","12806",2681,2679,2694,0.00484893696381947
"12807","12807",2100,2100,2108,0.00380952380952381
"12808","12808",3130,3360,3506,0.120127795527157
"12809","12809",903,903,868,-0.0387596899224806
"12810","12810",3403,3403,3403,0
"12811","12811",7203,7167,7463,0.0360960710814938
"12812","12812",2353,2335,2335,-0.00764980875478113
"12813","12813",2589,2591,2723,0.0517574353032059
"12814","12814",1746,1776,1818,0.0412371134020619
"12815","12815",2125,2126,1645,-0.225882352941176
"12816","12816",7439,7362,7392,-0.00631805350181476
"12817","12817",3834,3836,3754,-0.0208659363588941
"12818","12818",2344,2221,2217,-0.0541808873720137
"12819","12819",1992,2025,2014,0.0110441767068273
"12820","12820",4266,4551,4361,0.0222691045475856
"12822","12822",1364,1365,1572,0.152492668621701
"12823","12823",2860,2890,2881,0.00734265734265734
"12824","12824",2636,2573,2608,-0.0106221547799697
"12825","12825",6897,6885,6535,-0.0524865883717558
"12826","12826",3336,3336,3524,0.0563549160671463
"12827","12827",1770,2174,1813,0.0242937853107345
"12828","12828",7545,7567,7809,0.0349900596421471
"12829","12829",2682,2704,2704,0.00820283370618941
"12830","12830",839,851,851,0.0143027413587604
"12831","12831",4977,4990,4892,-0.0170785613823589
"12832","12832",2316,2419,2367,0.022020725388601
"12833","12833",1628,1628,1495,-0.0816953316953317
"12834","12834",3912,3973,4059,0.0375766871165644
"12835","12835",2058,2459,2459,0.194849368318756
"12837","12837",3032,3033,3046,0.00461741424802111
"12838","12838",1743,1735,1735,-0.00458978772231784
"12839","12839",3220,3218,3220,0
"12840","12840",2027,2167,2278,0.123828317710903
"12841","12841",1874,1874,1871,-0.0016008537886873
"12842","12842",2192,2297,2221,0.0132299270072993
"15853","15853",2192,2297,2221,0.0132299270072993
"12843","12843",1072,1072,1072,0
"12844","12844",3220,3233,3776,0.172670807453416
"12845","12845",2307,2529,2297,-0.00433463372345037
"12846","12846",1153,1153,1146,-0.00607111882046834
"12847","12847",2809,2809,2807,-0.000711997152011392
"12848","12848",5481,5376,5314,-0.0304688925378581
"12849","12849",1328,1406,1406,0.0587349397590361
"12850","12850",3139,3443,3367,0.0726345970054157
"12851","12851",2327,2292,2297,-0.0128921357971637
"12852","12852",2942,2944,2943,0.000339904826648538
"12854","12854",2719,2716,2716,-0.00110334681868334
"12855","12855",1819,1819,1875,0.0307861462341946
"12856","12856",2388,2387,2486,0.0410385259631491
"12857","12857",3918,3917,3695,-0.0569167942827973
"12858","12858",2037,1804,1803,-0.114874815905744
"12859","12859",1765,1681,1676,-0.0504249291784703
"12860","12860",941,914,914,-0.0286928799149841
"12861","12861",4956,4960,4991,0.00706214689265537
"12862","12862",8954,8954,8511,-0.0494750949296404
"12863","12863",3118,3086,3084,-0.0109044259140475
"12864","12864",3254,3345,3250,-0.00122925629993854
"12865","12865",4838,4836,4799,-0.00806118230673832
"12866","12866",3491,3491,3524,0.00945287883128043
"12867","12867",5093,5012,4714,-0.0744158649126252
"12868","12868",2296,2304,2196,-0.0435540069686411
"12869","12869",2552,2551,2229,-0.126567398119122
"12870","12870",3664,3662,3701,0.0100982532751092
"12871","12871",1519,1520,1520,0.000658327847267939
"12872","12872",2263,2385,2280,0.00751215201060539
"19061","19061",2263,2385,2280,0.00751215201060539
"12873","12873",7813,8083,8021,0.0266222961730449
"12874","12874",2999,3003,2950,-0.0163387795931977
"12875","12875",7608,7607,7517,-0.0119610935856993
"12876","12876",4311,4316,4348,0.00858269543029459
"12877","12877",4383,4281,3826,-0.127081907369382
"12878","12878",2299,2298,2021,-0.120922140060896
"12879","12879",2016,2260,2182,0.0823412698412698
"12880","12880",3764,3637,3866,0.0270988310308183
"12881","12881",7606,7638,7331,-0.0361556665790166
"12882","12882",4899,4933,4634,-0.0540926719738722
"12883","12883",7529,7718,7735,0.0273608712976491
"12884","12884",1633,1633,1680,0.0287813839559094
"12885","12885",3435,3520,3492,0.0165938864628821
"12886","12886",10290,10352,10356,0.00641399416909621
"12887","12887",2250,2229,2237,-0.00577777777777778
"12888","12888",5368,5312,5199,-0.0314828614008942
"12889","12889",1280,1281,1293,0.01015625
"12890","12890",3808,3809,3862,0.0141806722689076
"12891","12891",2007,2007,2007,0
"18989","18989",2007,2007,2007,0
"12892","12892",1853,1846,1705,-0.0798704803022126
"12893","12893",4115,4147,4149,0.00826245443499393
"12894","12894",3332,3335,3337,0.00150060024009604
"12895","12895",5756,5456,5534,-0.0385684503127172
"12896","12896",4875,4869,4871,-0.00082051282051282
"12897","12897",1883,1825,1825,-0.030801911842804
"12898","12898",1928,1919,1925,-0.00155601659751037
"12899","12899",2093,2093,2094,0.000477783086478739
"12900","12900",8058,8044,8106,0.00595681310498883
"12901","12901",3421,3670,3684,0.0768781058170126
"12902","12902",1554,1555,1570,0.0102960102960103
"12903","12903",1762,1762,1789,0.0153234960272418
"12904","12904",1258,1258,1258,0
"12905","12905",6849,6847,6894,0.00657030223390276
"12907","12907",3436,3436,3436,0
"12908","12908",6288,6319,6290,0.000318066157760814
"12910","12910",2960,2989,3047,0.0293918918918919
"12911","12911",3524,2830,2759,-0.217082860385925
"12912","12912",3096,3095,3090,-0.00193798449612403
"12913","12913",1703,1703,1703,0
"12914","12914",4093,4093,4093,0
"12915","12915",1541,1541,1225,-0.205061648280337
"12916","12916",4043,4027,4701,0.162750432846896
"12917","12917",4137,4134,4227,0.0217548948513416
"12918","12918",4427,4427,4427,0
"12919","12919",2676,2673,2610,-0.0246636771300448
"12920","12920",3441,3443,3439,-0.000581226387678001
"12921","12921",2593,2587,2690,0.0374084072502892
"12922","12922",1639,1508,1520,-0.0726052471018914
"12923","12923",2759,2822,2778,0.00688655309894889
"12924","12924",4962,5303,5338,0.0757758968158001
"12925","12925",1420,1420,1254,-0.116901408450704
"12926","12926",2737,2780,2781,0.0160759956156376
"12927","12927",2220,2263,2096,-0.0558558558558559
"12928","12928",4013,4012,3929,-0.0209319710939447
"12929","12929",2191,2192,2195,0.00182565038795071
"12930","12930",1212,1178,1178,-0.0280528052805281
"12931","12931",12108,11829,11810,-0.0246118268913115
"12932","12932",5519,5647,5703,0.0333393730748324
"12933","12933",2932,2910,3211,0.0951568894952251
"12934","12934",2575,2575,2574,-0.000388349514563107
"12936","12936",2023,1946,2023,0
"12937","12937",1909,1908,1943,0.0178103719224725
"15144","15144",1909,1908,1943,0.0178103719224725
"12938","12938",2175,2135,2097,-0.0358620689655172
"12939","12939",1700,1853,1828,0.0752941176470588
"12940","12940",4702,4793,4906,0.0433857932794555
"12941","12941",2230,2230,2255,0.0112107623318386
"12942","12942",3712,3671,3733,0.0056573275862069
"12943","12943",1702,1700,1700,-0.00117508813160987
"12945","12945",7096,7191,6974,-0.0171927846674183
"12946","12946",3387,3163,3178,-0.0617065249483319
"12947","12947",2025,2117,2086,0.0301234567901235
"12948","12948",2285,2286,2287,0.00087527352297593
"12950","12950",3626,3626,3619,-0.00193050193050193
"12951","12951",4096,4095,4090,-0.00146484375
"12952","12952",3147,3147,3033,-0.0362249761677788
"12953","12953",2479,2448,2080,-0.160951996772892
"12954","12954",1533,1543,1343,-0.123939986953686
"12955","12955",2119,2101,2101,-0.00849457291175083
"12956","12956",1802,1783,1501,-0.167036625971143
"12957","12957",4323,4323,4234,-0.0205875549387
"12958","12958",3046,3030,2911,-0.0443204202232436
"12959","12959",2047,2047,2047,0
"12960","12960",2570,2546,2651,0.0315175097276265
"12961","12961",1912,1908,1831,-0.0423640167364017
"12962","12962",5974,5979,5990,0.00267827251422832
"12963","12963",9010,9148,8755,-0.0283018867924528
"12964","12964",2024,2023,1961,-0.0311264822134387
"12965","12965",2504,2559,2532,0.0111821086261981
"12966","12966",3934,3240,3283,-0.165480427046263
"12967","12967",1710,1710,1709,-0.000584795321637427
"12968","12968",3903,3893,3839,-0.0163976428388419
"12969","12969",1764,1711,1905,0.0799319727891157
"12970","12970",3613,3613,3613,0
"12971","12971",2655,2690,2690,0.0131826741996234
"12972","12972",3430,3431,3453,0.00670553935860058
"12973","12973",2040,2039,2038,-0.000980392156862745
"12975","12975",1553,1553,1553,0
"12976","12976",1352,1083,1280,-0.0532544378698225
"12977","12977",7635,7714,7801,0.0217419777341192
"12978","12978",3151,3136,3605,0.144081244049508
"12979","12979",4275,4274,4274,-0.000233918128654971
"12980","12980",5726,5726,6123,0.0693328676213762
"12981","12981",2729,2729,2729,0
"12982","12982",5094,5094,5106,0.00235571260306243
"12983","12983",2986,2991,2946,-0.0133958472873409
"12984","12984",1792,1792,1800,0.00446428571428571
"12985","12985",3280,3273,3166,-0.0347560975609756
"12986","12986",1791,1847,2171,0.212171970965941
"12987","12987",3073,3071,2756,-0.103156524568825
"12988","12988",7262,7181,6804,-0.0630680253373726
"12989","12989",1940,1896,1831,-0.0561855670103093
"12990","12990",4077,4126,3691,-0.0946774589158695
"12991","12991",2202,2202,2198,-0.00181653042688465
"12992","12992",1382,1420,1625,0.175832127351664
"12993","12993",480,480,480,0
"12994","12994",1841,1841,1841,0
"12995","12995",4738,4569,4473,-0.0559307724778388
"12996","12996",4530,4548,4507,-0.00507726269315673
"12997","12997",3050,2954,2950,-0.0327868852459016
"12998","12998",2978,2977,3005,0.00906648757555406
"13000","13000",1659,1714,1838,0.107896323086197
"13001","13001",836,2406,2377,1.8433014354067
"13003","13003",3684,3684,3692,0.00217155266015201
"19905","19905",3684,3684,3692,0.00217155266015201
"13004","13004",8087,8029,7730,-0.0441449239520218
"13005","13005",2330,2373,2396,0.0283261802575107
"13006","13006",765,765,723,-0.0549019607843137
"13007","13007",1577,1577,1577,0
"13009","13009",4989,5280,5279,0.0581278813389457
"13010","13010",2506,2396,2378,-0.0510774142059058
"13011","13011",2783,2812,3480,0.250449155587496
"13012","13012",1821,1821,1234,-0.322350356946733
"13013","13013",5446,5446,5462,0.00293793609988983
"13014","13014",3490,3489,3489,-0.000286532951289398
"13015","13015",1437,1437,1509,0.0501043841336117
"13017","13017",2502,2514,2381,-0.048361310951239
"13018","13018",6647,6645,6645,-0.0003008876184745
"13020","13020",1462,1501,1501,0.0266757865937072
"13021","13021",2319,2292,2292,-0.0116429495472186
"13022","13022",8618,8519,8552,-0.00765838941749826
"13023","13023",3418,3423,3409,-0.00263311878291398
"13024","13024",6008,6185,6183,0.0291278295605859
"13025","13025",3007,3011,3219,0.0705021616228799
"13026","13026",7315,7316,7214,-0.0138072453861928
"13027","13027",4077,4080,4214,0.0336031395634045
"13028","13028",1693,1779,1779,0.0507974010632014
"13029","13029",4926,4923,4915,-0.0022330491270808
"13030","13030",4693,4699,4696,0.000639249946729171
"13031","13031",5224,5224,5223,-0.000191424196018377
"13032","13032",3699,3699,3685,-0.00378480670451473
"13033","13033",1401,1467,1283,-0.0842255531763026
"13034","13034",969,1262,1262,0.302373581011352
"13035","13035",1833,1833,1827,-0.00327332242225859
"13036","13036",2779,2776,2808,0.0104354084202951
"13037","13037",5795,5795,5805,0.00172562553925798
"13038","13038",5487,5552,5348,-0.0253326043375251
"13039","13039",5571,5581,5611,0.0071800394902172
"13040","13040",3088,3094,3043,-0.0145725388601036
"13041","13041",6174,6160,6059,-0.018626498218335
"13042","13042",918,918,909,-0.00980392156862745
"13043","13043",2697,2699,2917,0.0815721171672228
"13044","13044",837,837,837,0
"13045","13045",1983,1840,2008,0.0126071608673727
"13046","13046",2515,2419,2602,0.0345924453280318
"13047","13047",3306,3306,3265,-0.0124016938898972
"13048","13048",1435,1309,1309,-0.0878048780487805
"13049","13049",3276,3258,2750,-0.160561660561661
"13050","13050",2625,2994,2697,0.0274285714285714
"13051","13051",2427,2427,2455,0.011536876802637
"13052","13052",2489,2475,2475,-0.00562474889513861
"13053","13053",4324,4295,4331,0.00161887141535615
"13054","13054",1946,1946,1888,-0.0298047276464543
"13055","13055",1657,1657,1544,-0.068195534097767
"13056","13056",8037,7983,8028,-0.00111982082866741
"13057","13057",2989,2991,2992,0.00100368016058883
"13058","13058",3000,2930,3296,0.0986666666666667
"13059","13059",1429,1428,1413,-0.0111966410076977
"13060","13060",946,946,945,-0.00105708245243129
"13061","13061",1375,1375,1375,0
"13062","13062",2713,2713,2611,-0.037596756358275
"13063","13063",7278,7285,7270,-0.00109920307776862
"13064","13064",1620,1620,1618,-0.00123456790123457
"13065","13065",4928,4932,5385,0.0927353896103896
"13066","13066",5231,5197,5257,0.00497036895431084
"13067","13067",9049,9040,8892,-0.0173499834235827
"13068","13068",2220,2228,2224,0.0018018018018018
"13069","13069",3164,3092,2888,-0.0872313527180784
"13070","13070",6161,6151,5605,-0.0902450900827788
"13071","13071",1275,1275,1275,0
"13072","13072",1028,816,1023,-0.00486381322957198
"13073","13073",4415,4413,4299,-0.0262740656851642
"13074","13074",3028,2210,2720,-0.101717305151915
"13075","13075",2524,2490,2489,-0.0138668779714739
"13077","13077",1604,1603,1529,-0.0467581047381546
"13078","13078",4114,4274,4614,0.121536217792902
"13079","13079",2191,2166,2256,0.029666818804199
"18271","18271",2191,2166,2256,0.029666818804199
"13080","13080",2663,2635,2797,0.0503191888847165
"13081","13081",5400,4753,4878,-0.0966666666666667
"13082","13082",5535,4827,4738,-0.143992773261066
"13083","13083",2969,3125,2891,-0.0262714718760525
"13084","13084",1116,1116,1081,-0.0313620071684588
"19256","19256",1116,1116,1081,-0.0313620071684588
"13085","13085",2254,2274,2278,0.0106477373558119
"13086","13086",1392,1393,1353,-0.0280172413793103
"13088","13088",1381,1381,1475,0.0680666183924692
"13090","13090",4175,4173,4175,0
"13091","13091",3357,3352,3321,-0.0107238605898123
"13092","13092",2685,2683,2704,0.00707635009310987
"13093","13093",5758,5750,5847,0.0154567558179924
"13094","13094",1909,1847,1846,-0.0330015715034049
"13095","13095",1364,1365,1370,0.00439882697947214
"13096","13096",2060,2054,2055,-0.00242718446601942
"17693","17693",2060,2054,2055,-0.00242718446601942
"13097","13097",2419,2172,2163,-0.105828854898718
"13098","13098",1044,1044,1044,0
"13100","13100",1956,1964,1993,0.0189161554192229
"13101","13101",2140,2141,2140,0
"13102","13102",3862,3824,4106,0.0631796996374935
"13103","13103",2732,2568,2709,-0.00841874084919473
"13104","13104",2513,2510,2507,-0.00238758456028651
"13105","13105",1148,1148,1148,0
"13106","13106",5048,5048,5203,0.0307052297939778
"13107","13107",1537,1509,1509,-0.0182173064411191
"13108","13108",2994,2923,2926,-0.0227120908483634
"13109","13109",4670,4797,4798,0.0274089935760171
"13110","13110",2043,1984,1984,-0.0288790993636809
"13111","13111",2934,2948,2973,0.0132924335378323
"13112","13112",7046,7044,7092,0.00652852682372978
"13113","13113",3793,3769,3796,0.00079093066174532
"13114","13114",2092,2092,2091,-0.000478011472275335
"13115","13115",1780,1750,1647,-0.0747191011235955
"13116","13116",2877,2871,2855,-0.00764685436218283
"13117","13117",1638,1638,1638,0
"13934","13934",1638,1638,1638,0
"13118","13118",3190,3192,3554,0.1141065830721
"13119","13119",1378,1378,1378,0
"13120","13120",3477,3447,3373,-0.0299108426804717
"13121","13121",2581,2687,2579,-0.000774893452150329
"13122","13122",2943,2940,2947,0.00135915732246007
"13123","13123",1228,1228,1227,-0.000814332247557003
"13124","13124",4017,4016,4026,0.00224047796863331
"13125","13125",1864,1864,1864,0
"13126","13126",2425,2425,2465,0.0164948453608247
"13127","13127",1613,1613,1617,0.00247985120892746
"13128","13128",5445,5085,5118,-0.0600550964187328
"13129","13129",6401,6510,6254,-0.0229651616934854
"13130","13130",6949,7117,7115,0.0238883292560081
"13131","13131",2627,2627,2627,0
"13133","13133",9110,9224,9060,-0.00548847420417124
"13134","13134",2541,2541,2406,-0.0531286894923259
"13135","13135",1972,1974,1986,0.00709939148073022
"13136","13136",3058,3058,3178,0.039241334205363
"13137","13137",2200,2201,2201,0.000454545454545455
"13138","13138",2717,2717,2321,-0.145748987854251
"13140","13140",2087,1812,1822,-0.126976521322472
"13141","13141",3715,3746,3933,0.0586810228802153
"13142","13142",1587,1587,1899,0.196597353497164
"13143","13143",780,970,1044,0.338461538461538
"13144","13144",2761,2872,2617,-0.0521550162984426
"13145","13145",2179,2178,2606,0.195961450206517
"14418","14418",2179,2178,2606,0.195961450206517
"13146","13146",1630,1601,1624,-0.00368098159509202
"13147","13147",3812,3812,3827,0.00393494228751312
"13148","13148",2945,2945,2799,-0.0495755517826825
"13150","13150",1721,1721,1721,0
"13151","13151",1917,1813,1900,-0.00886802295253
"13152","13152",2155,2155,2154,-0.000464037122969838
"13153","13153",910,910,910,0
"13154","13154",2490,2813,2813,0.129718875502008
"13155","13155",2228,2127,2109,-0.053411131059246
"13156","13156",2998,2922,2940,-0.019346230820547
"13157","13157",2777,2809,2813,0.0129636298163486
"13158","13158",3803,3564,3537,-0.0699447804364975
"13159","13159",3354,3398,3434,0.0238521168753727
"13160","13160",2065,2065,2162,0.0469733656174334
"13161","13161",3035,3019,3019,-0.00527182866556837
"13162","13162",1755,1755,1756,0.00056980056980057
"13163","13163",1239,1239,1242,0.00242130750605327
"13164","13164",2345,2155,2156,-0.0805970149253731
"13165","13165",1264,1262,1262,-0.00158227848101266
"13166","13166",2927,2927,3011,0.0286983259309874
"13168","13168",4107,4088,3685,-0.102751400048697
"13169","13169",1319,1429,1429,0.0833965125094769
"13170","13170",3936,3923,4200,0.0670731707317073
"13171","13171",1541,1630,1528,-0.00843608046722907
"13172","13172",2149,2149,2084,-0.0302466263378315
"13173","13173",1623,1623,1623,0
"13176","13176",2623,2623,2661,0.0144872283644682
"13177","13177",3996,3999,3999,0.000750750750750751
"13178","13178",1035,1035,1344,0.298550724637681
"13179","13179",1651,1651,1651,0
"13180","13180",5763,5682,5832,0.0119729307652264
"13181","13181",2739,2799,2799,0.0219058050383352
"13182","13182",3327,3328,3330,0.000901713255184851
"13183","13183",1664,1664,1595,-0.0414663461538462
"13184","13184",2546,2144,2649,0.0404556166535742
"13185","13185",2172,2018,2403,0.106353591160221
"13186","13186",2968,2968,2923,-0.0151617250673854
"13188","13188",3313,3313,2933,-0.114699667974645
"13189","13189",6602,6468,6447,-0.0234777340199939
"13190","13190",996,996,996,0
"13191","13191",1918,1918,1950,0.0166840458811262
"13192","13192",9751,9747,9559,-0.0196902881755717
"13193","13193",2380,2289,2285,-0.0399159663865546
"13194","13194",3384,3384,3384,0
"13195","13195",4875,4875,4875,0
"13196","13196",3188,3187,2999,-0.0592848180677541
"13197","13197",2173,2143,2117,-0.0257708237459733
"13198","13198",2271,2257,2179,-0.0405107881990313
"13199","13199",1975,1975,1975,0
"13200","13200",3377,3370,3370,-0.00207284572105419
"13201","13201",1225,1179,1179,-0.0375510204081633
"13202","13202",5992,5839,5838,-0.0257009345794393
"13203","13203",2126,2125,2129,0.00141110065851364
"13204","13204",1671,1503,1566,-0.0628366247755835
"13205","13205",1871,1884,1885,0.00748262960983431
"13206","13206",1409,1409,1591,0.1291696238467
"13207","13207",2320,2325,2429,0.0469827586206897
"13208","13208",2255,2218,2532,0.122838137472284
"13209","13209",4013,4014,3952,-0.015200598056317
"13210","13210",3228,3231,3011,-0.0672242874845105
"13211","13211",1656,753,1525,-0.0791062801932367
"13212","13212",1688,1707,1707,0.0112559241706161
"13213","13213",4520,4503,4450,-0.0154867256637168
"13214","13214",2488,2477,2488,0
"13215","13215",2201,2201,2201,0
"13216","13216",2796,2796,2796,0
"13217","13217",2357,2357,2264,-0.0394569367840475
"13218","13218",904,893,904,0
"13219","13219",4827,4813,4709,-0.0244458255645328
"13220","13220",3674,3773,3677,0.000816548720740337
"13221","13221",2847,2847,2847,0
"13222","13222",1503,1465,1354,-0.0991350632069195
"13223","13223",3907,3835,3834,-0.0186844125927822
"13224","13224",2368,2365,2500,0.0557432432432432
"13225","13225",2179,2205,2504,0.149150986691143
"13226","13226",3348,3343,3535,0.0558542413381123
"13228","13228",3338,3342,3675,0.100958657878969
"13229","13229",3474,3474,3472,-0.000575705238917674
"13230","13230",2226,2429,2227,0.000449236298292902
"13232","13232",4535,4532,4201,-0.0736493936052922
"13233","13233",2147,2123,1682,-0.216581276199348
"13234","13234",938,938,953,0.0159914712153518
"13235","13235",1330,1335,1339,0.00676691729323308
"13236","13236",4899,4895,4894,-0.00102061645233721
"13237","13237",3246,3262,3164,-0.0252618607516944
"13238","13238",2629,2622,2963,0.127044503613541
"13239","13239",1433,1433,1433,0
"13241","13241",1360,1359,1359,-0.000735294117647059
"13242","13242",1583,1562,1097,-0.307012002526848
"13243","13243",2295,2325,2364,0.0300653594771242
"13244","13244",2590,2589,2625,0.0135135135135135
"13245","13245",925,925,924,-0.00108108108108108
"13246","13246",2030,2030,2027,-0.00147783251231527
"13248","13248",804,804,804,0
"13249","13249",3513,3515,3074,-0.124964417876459
"13250","13250",1292,1292,1278,-0.0108359133126935
"13251","13251",1502,1443,1443,-0.0392809587217044
"13252","13252",1215,1215,1315,0.0823045267489712
"13253","13253",10393,10366,10479,0.00827480034638699
"13254","13254",3343,3343,3307,-0.0107687705653605
"13255","13255",1315,1315,1315,0
"13256","13256",1646,1649,1679,0.020048602673147
"13257","13257",4923,4924,4923,0
"13258","13258",4189,4158,4137,-0.0124134638338506
"13259","13259",2288,2288,2255,-0.0144230769230769
"13260","13260",3256,3255,3194,-0.019041769041769
"13261","13261",6295,6426,6457,0.0257347100873709
"13262","13262",6854,6842,6754,-0.0145900204260286
"13263","13263",2499,2499,2394,-0.0420168067226891
"13264","13264",2870,2877,2834,-0.0125435540069686
"13265","13265",2357,2356,2093,-0.112006788290199
"13266","13266",1804,1708,1647,-0.0870288248337029
"13267","13267",4576,4576,4576,0
"13268","13268",3090,3090,3159,0.0223300970873786
"13269","13269",1443,1379,1374,-0.0478170478170478
"13270","13270",3099,3098,3153,0.0174249757986447
"13271","13271",3101,2975,2917,-0.0593356981618833
"13272","13272",1359,1359,1359,0
"13273","13273",3036,3034,2525,-0.168313570487484
"13274","13274",2086,2112,1861,-0.107861936720997
"13275","13275",3025,3112,3012,-0.00429752066115702
"13276","13276",4366,4363,4426,0.0137425561154375
"13277","13277",2046,2080,2138,0.0449657869012708
"13278","13278",3840,3771,3905,0.0169270833333333
"13279","13279",1953,1953,1966,0.00665642601126472
"13280","13280",2172,2172,2172,0
"13282","13282",5985,6013,6287,0.0504594820384294
"13283","13283",4556,4393,4389,-0.0366549604916594
"13284","13284",3049,3048,3109,0.0196785831420138
"13285","13285",883,934,918,0.0396375990939977
"13286","13286",2060,2060,2061,0.000485436893203883
"13287","13287",6743,6782,6857,0.0169064214741213
"13288","13288",3252,3252,3440,0.0578105781057811
"13289","13289",2521,2520,2520,-0.000396667988893296
"13290","13290",2586,2586,2415,-0.0661252900232019
"13291","13291",2859,2929,3916,0.369709688702343
"13292","13292",1629,1629,1629,0
"13293","13293",2744,2744,2750,0.0021865889212828
"13294","13294",3199,3211,3310,0.0346983432322601
"13295","13295",2788,2788,2473,-0.112984218077475
"13296","13296",4542,4674,4530,-0.00264200792602378
"13297","13297",3012,3032,3146,0.0444887118193891
"13298","13298",2977,2939,2939,-0.0127645280483708
"13299","13299",4341,4340,4340,-0.000230361667818475
"13300","13300",1358,1359,1442,0.0618556701030928
"13301","13301",1464,1464,1502,0.0259562841530055
"13302","13302",762,743,743,-0.0249343832020997
"13303","13303",1456,1456,1384,-0.0494505494505494
"13304","13304",8496,8251,8307,-0.0222457627118644
"13305","13305",3144,3144,3346,0.0642493638676845
"13306","13306",2507,2507,2536,0.0115676106900678
"13307","13307",2180,2178,2248,0.0311926605504587
"13310","13310",1057,1057,1057,0
"13311","13311",1921,1920,1920,-0.000520562207183758
"13312","13312",3260,3265,3165,-0.0291411042944785
"13313","13313",3464,3450,3464,0
"13314","13314",1772,1636,1504,-0.151241534988713
"13315","13315",2973,3170,3176,0.0682811974436596
"13316","13316",2421,2410,2417,-0.00165220983064849
"13317","13317",1643,1643,1643,0
"13318","13318",1962,1962,1935,-0.0137614678899083
"13319","13319",2063,2063,1997,-0.0319922443044111
"13320","13320",2543,2543,2506,-0.0145497443963822
"13321","13321",5382,5066,5066,-0.0587142326272761
"13323","13323",1540,1540,1540,0
"13325","13325",5673,5698,5992,0.0562312709324872
"13326","13326",4724,4725,4725,0.000211685012701101
"13327","13327",1957,1937,1824,-0.0679611650485437
"13328","13328",2098,2098,2098,0
"13330","13330",4819,4824,4820,0.000207511931936086
"13331","13331",2634,2632,2620,-0.00531511009870919
"13332","13332",3149,3117,3273,0.0393775801841855
"13333","13333",1738,1738,1738,0
"13334","13334",1640,1642,1678,0.0231707317073171
"13335","13335",3005,3345,3397,0.13044925124792
"13336","13336",3529,3498,3552,0.00651742703315387
"13337","13337",1384,1384,1389,0.00361271676300578
"13338","13338",3382,3382,3382,0
"13339","13339",2053,2053,2053,0
"13340","13340",1713,1713,1713,0
"13341","13341",4336,4691,4696,0.0830258302583026
"13342","13342",4348,4349,4066,-0.0648574057037719
"13343","13343",1227,1227,1180,-0.0383048084759576
"13344","13344",2904,2907,2881,-0.00792011019283747
"13345","13345",1345,1345,1345,0
"13346","13346",4836,4840,4840,0.000827129859387924
"13347","13347",6548,6565,6621,0.0111484422724496
"13348","13348",3831,3958,3844,0.00339336987731663
"13349","13349",3079,3081,2695,-0.124715816823644
"13350","13350",6725,6685,6571,-0.0228996282527881
"13351","13351",1976,2014,1768,-0.105263157894737
"13352","13352",2492,2492,2475,-0.00682182985553772
"13353","13353",2173,2174,2174,0.000460193281178095
"13354","13354",1641,1641,1659,0.0109689213893967
"13355","13355",2942,2944,2920,-0.00747790618626785
"13356","13356",1317,1317,1352,0.0265755504935459
"13357","13357",2264,2265,2265,0.000441696113074205
"13358","13358",3910,3897,3890,-0.0051150895140665
"13359","13359",2091,2091,2092,0.000478240076518412
"13360","13360",6989,7121,7217,0.0326226928029761
"13361","13361",4703,4704,4636,-0.0142462258133107
"13362","13362",1697,1704,1708,0.00648202710665881
"13363","13363",2985,3019,3025,0.0134003350083752
"13364","13364",1274,1261,1270,-0.00313971742543171
"13365","13365",1165,1166,1283,0.101287553648069
"13366","13366",977,982,982,0.00511770726714432
"13367","13367",3989,3994,3960,-0.00726999247931812
"13368","13368",2863,2863,2862,-0.000349283967865875
"13369","13369",1531,1745,1744,0.139124755062051
"13370","13370",2257,2257,2119,-0.0611431103234382
"13371","13371",3666,3666,3666,0
"13372","13372",3108,3107,3120,0.00386100386100386
"13373","13373",2146,2142,2170,0.0111835973904939
"13374","13374",2049,1951,1952,-0.0473401659346022
"13375","13375",5160,5086,4929,-0.0447674418604651
"13376","13376",2286,2264,2410,0.0542432195975503
"13377","13377",3339,3473,2987,-0.105420784666068
"13378","13378",2404,2404,2397,-0.00291181364392679
"13379","13379",2347,2347,2473,0.0536855560289732
"13380","13380",1908,1910,1910,0.0010482180293501
"13381","13381",1180,1181,1144,-0.0305084745762712
"13382","13382",2636,2636,2636,0
"13383","13383",2833,2852,2603,-0.0811860218849276
"13384","13384",2167,1900,2163,-0.00184586986617443
"13385","13385",1089,1092,1092,0.00275482093663912
"17354","17354",1089,1092,1092,0.00275482093663912
"13386","13386",1005,1005,1148,0.14228855721393
"13387","13387",2264,2264,2289,0.0110424028268551
"13388","13388",5107,5107,5266,0.0311337380066575
"13389","13389",1524,1528,1422,-0.0669291338582677
"13390","13390",809,813,902,0.11495673671199
"13391","13391",3665,3529,3593,-0.0196452933151432
"13392","13392",925,925,925,0
"13393","13393",2966,2958,2767,-0.067093728927849
"13394","13394",3746,4066,4065,0.0851575013347571
"13395","13395",4397,3689,3712,-0.155788037298158
"13396","13396",2432,2432,2448,0.00657894736842105
"13397","13397",2600,2537,2859,0.0996153846153846
"13398","13398",3080,3086,3233,0.0496753246753247
"13399","13399",2634,2634,2798,0.0622627182991648
"13400","13400",5108,5075,5109,0.000195771339075959
"13401","13401",3501,3500,3157,-0.0982576406740931
"13402","13402",3349,3354,3352,0.000895789787996417
"13403","13403",1927,1709,1535,-0.203425012973534
"13404","13404",2997,2979,3258,0.0870870870870871
"13405","13405",4942,4960,4554,-0.0785107244030757
"13406","13406",3281,3259,3262,-0.00579091740323072
"13407","13407",4184,4142,4143,-0.00979923518164436
"13408","13408",2281,2344,2279,-0.000876808417360807
"13409","13409",1175,1158,1158,-0.014468085106383
"13410","13410",6679,6666,6667,-0.00179667614912412
"13411","13411",2428,2359,2563,0.0556013179571664
"13413","13413",4944,4255,4285,-0.1332928802589
"13414","13414",1046,1046,1019,-0.0258126195028681
"13415","13415",755,763,940,0.245033112582781
"15992","15992",755,763,940,0.245033112582781
"13416","13416",2318,2178,2164,-0.0664365832614323
"13417","13417",7416,7442,7495,0.0106526429341963
"13418","13418",5706,5695,5609,-0.0169996494917631
"13419","13419",1994,2014,1997,0.00150451354062187
"13420","13420",2260,2260,2260,0
"15984","15984",2260,2260,2260,0
"13421","13421",1299,1299,1299,0
"13423","13423",1814,1814,2045,0.127342888643881
"13424","13424",1605,1605,1631,0.0161993769470405
"13425","13425",1878,1878,1842,-0.0191693290734824
"13426","13426",2206,2206,2193,-0.00589301903898459
"13427","13427",1444,1445,1436,-0.00554016620498615
"13428","13428",1343,1343,1542,0.148175725986597
"13429","13429",1525,1525,1488,-0.0242622950819672
"13430","13430",1835,1806,1837,0.00108991825613079
"14125","14125",1835,1806,1837,0.00108991825613079
"13431","13431",1944,1944,1944,0
"13432","13432",5687,5653,5956,0.0473008616142078
"13433","13433",2754,2770,2773,0.00689905591866376
"13435","13435",4607,4608,4588,-0.00412415888864771
"13436","13436",1524,1524,1525,0.000656167979002625
"13437","13437",3357,3357,3361,0.0011915400655347
"13438","13438",2445,2333,2334,-0.045398773006135
"13439","13439",754,754,754,0
"13440","13440",1969,1977,2003,0.0172676485525648
"13441","13441",1508,1508,1510,0.0013262599469496
"13442","13442",2718,2776,2995,0.101913171449595
"13443","13443",2632,2608,2786,0.0585106382978723
"13444","13444",2397,2393,2449,0.0216937838965373
"13445","13445",4922,4962,5048,0.0255993498577814
"13447","13447",3686,3667,3743,0.0154639175257732
"13448","13448",1721,1721,1754,0.0191748983149332
"13449","13449",2916,2916,2915,-0.000342935528120713
"13451","13451",3451,3451,3451,0
"13452","13452",3109,3109,3109,0
"13453","13453",2597,2595,2296,-0.115902964959569
"13454","13454",3051,2961,2703,-0.114060963618486
"13455","13455",3452,3452,3466,0.00405561993047509
"13456","13456",1550,1516,1522,-0.0180645161290323
"13457","13457",3793,3793,3712,-0.0213551278671236
"13458","13458",3637,3648,3661,0.00659884520208963
"13459","13459",3863,3706,3711,-0.039347657261196
"13460","13460",2072,2072,1980,-0.0444015444015444
"13461","13461",6410,6455,6325,-0.0132605304212168
"13462","13462",3317,3348,3263,-0.0162797708772988
"13463","13463",1540,1534,1534,-0.0038961038961039
"13464","13464",8095,7941,8001,-0.0116121062384188
"13466","13466",3839,3840,3837,-0.000520969002344361
"19492","19492",3839,3840,3837,-0.000520969002344361
"13467","13467",3240,3116,2957,-0.0873456790123457
"13468","13468",1973,1973,1967,-0.00304105423213381
"13469","13469",4590,4590,4590,0
"13470","13470",4209,4237,4232,0.00546448087431694
"13471","13471",6544,6547,6563,0.00290342298288509
"13472","13472",4307,4158,3898,-0.0949616902716508
"13473","13473",2461,2466,2439,-0.00893945550589191
"13474","13474",2254,2257,1681,-0.254214729370009
"13475","13475",1704,1718,1718,0.00821596244131455
"13476","13476",2517,2511,2511,-0.00238379022646007
"13477","13477",1136,1136,1073,-0.0554577464788732
"13478","13478",2447,2377,2308,-0.0568042501021659
"13479","13479",2285,2619,2348,0.0275711159737418
"13480","13480",4092,4077,4051,-0.010019550342131
"13481","13481",1015,1067,1067,0.0512315270935961
"13482","13482",2150,2238,2237,0.0404651162790698
"13483","13483",3539,3423,3539,0
"13484","13484",2007,1813,2037,0.0149476831091181
"13485","13485",1418,1418,1418,0
"13486","13486",3006,3004,2809,-0.0655355954757152
"13487","13487",1799,1798,1798,-0.000555864369093941
"13488","13488",2853,2853,2853,0
"13489","13489",2456,2455,2364,-0.0374592833876222
"13490","13490",6149,6393,5721,-0.0696048137908603
"13491","13491",3842,3841,3867,0.00650702758979698
"13492","13492",14160,14183,13991,-0.0119350282485876
"13493","13493",6702,6724,6721,0.00283497463443748
"13494","13494",1995,1961,1964,-0.0155388471177945
"13495","13495",2020,2018,2209,0.0935643564356436
"13496","13496",1462,1459,1459,-0.00205198358413133
"13497","13497",2480,2462,2740,0.104838709677419
"13498","13498",2258,2218,2160,-0.0434012400354296
"13499","13499",6465,6454,6546,0.0125290023201856
"13500","13500",3371,3335,3334,-0.0109759715218036
"13501","13501",4052,4053,4062,0.00246791707798618
"13502","13502",1834,1816,1757,-0.0419847328244275
"13503","13503",1548,1548,1548,0
"13504","13504",2772,2787,2970,0.0714285714285714
"13505","13505",2836,2640,2721,-0.0405500705218618
"13506","13506",2722,2777,2725,0.00110213078618663
"13507","13507",5292,5398,5049,-0.0459183673469388
"13508","13508",2491,2601,2606,0.0461661983139302
"13509","13509",2828,2828,2920,0.0325318246110325
"13510","13510",3763,3531,3647,-0.0308264682434228
"13511","13511",1298,1287,1287,-0.00847457627118644
"13512","13512",3996,3996,3996,0
"13513","13513",2330,2329,2338,0.00343347639484979
"13514","13514",2469,2472,2472,0.00121506682867558
"13515","13515",2447,2447,2447,0
"13516","13516",5424,5393,5243,-0.0333702064896755
"13517","13517",2135,2135,2125,-0.00468384074941452
"13518","13518",4517,4517,4554,0.0081912773965021
"13519","13519",4883,4906,4662,-0.0452590620520172
"13521","13521",5604,5625,5866,0.0467523197715917
"13522","13522",1610,1602,1590,-0.0124223602484472
"13523","13523",3324,3325,3324,0
"13524","13524",4859,4821,5170,0.0640049392879193
"13525","13525",10346,10356,10224,-0.0117919969070172
"13526","13526",1502,1504,1504,0.00133155792276964
"13527","13527",5481,5488,5348,-0.0242656449553001
"13528","13528",3095,3091,3088,-0.00226171243941842
"13529","13529",1972,1280,1297,-0.342292089249493
"13530","13530",10918,10800,10424,-0.0452463821212676
"13531","13531",3494,3494,3437,-0.0163136805953062
"13532","13532",2313,2313,2313,0
"13533","13533",2470,2397,2397,-0.0295546558704453
"13534","13534",3506,3507,3360,-0.0416428978893326
"13535","13535",3355,3409,3198,-0.046795827123696
"14640","14640",3355,3409,3198,-0.046795827123696
"13536","13536",2172,2172,2172,0
"13537","13537",5371,5341,5344,-0.00502699683485384
"13538","13538",10627,10624,10653,0.0024465982873812
"13539","13539",3341,3347,3346,0.00149655791679138
"13540","13540",6792,6623,6536,-0.0376914016489988
"13541","13541",2721,2727,2722,0.000367511944138185
"13542","13542",2487,2487,2481,-0.00241254523522316
"13543","13543",5947,5946,5841,-0.0178241129981503
"13544","13544",3727,3759,3719,-0.00214649852428226
"13545","13545",2500,2501,2501,4e-04
"13546","13546",2336,2336,2354,0.00770547945205479
"13548","13548",3668,3668,3880,0.0577971646673937
"13549","13549",1916,1916,1915,-0.000521920668058455
"13550","13550",966,978,978,0.0124223602484472
"13551","13551",5094,5085,5267,0.0339615233608166
"13553","13553",4211,4211,4204,-0.00166231298978865
"13554","13554",4494,4489,4693,0.0442812639074321
"13555","13555",2007,2130,2117,0.0548081714000997
"13556","13556",2095,2088,2167,0.0343675417661098
"13557","13557",4857,4758,4801,-0.0115297508750257
"13558","13558",2821,2821,2907,0.0304856433888692
"13559","13559",1564,1563,1563,-0.000639386189258312
"13560","13560",2146,2164,2110,-0.0167753960857409
"13561","13561",2360,2363,2360,0
"13562","13562",2965,2965,2965,0
"13563","13563",2122,2122,2120,-0.000942507068803016
"13564","13564",1735,1767,1732,-0.00172910662824207
"13565","13565",5416,5356,5253,-0.030096011816839
"13566","13566",3229,3201,3201,-0.00867141529885413
"13567","13567",1704,1704,1704,0
"13568","13568",829,829,829,0
"13570","13570",1337,1261,1337,0
"13571","13571",1304,1304,1305,0.000766871165644172
"13572","13572",2335,2345,2345,0.00428265524625268
"13573","13573",5226,5227,5411,0.0353999234596249
"13574","13574",2467,2397,2264,-0.0822861775435752
"13575","13575",5750,5713,5961,0.036695652173913
"17477","17477",5750,5713,5961,0.036695652173913
"13576","13576",2203,2201,2174,-0.0131638674534725
"13577","13577",2751,2744,2743,-0.00290803344238459
"13578","13578",2933,2933,2933,0
"13579","13579",2373,2373,2511,0.0581542351453856
"13580","13580",5799,5803,5913,0.0196585618210036
"13581","13581",2540,2332,2375,-0.0649606299212598
"13582","13582",2155,2152,2127,-0.0129930394431555
"13583","13583",1152,1155,1166,0.0121527777777778
"13584","13584",4418,3752,3706,-0.161158895427795
"13585","13585",8116,8078,8419,0.037333661902415
"13586","13586",3513,3513,3084,-0.122117847993168
"13587","13587",3459,3459,2613,-0.24457935819601
"13588","13588",2609,2608,2659,0.0191644308164048
"13589","13589",2645,2824,2800,0.0586011342155009
"13590","13590",2949,2929,3063,0.0386571719226857
"13591","13591",4590,4500,4876,0.0623093681917211
"13592","13592",1550,1550,1550,0
"13593","13593",2877,2877,2786,-0.0316301703163017
"13594","13594",954,954,954,0
"13595","13595",4006,4006,4107,0.0252121817274089
"13596","13596",4531,4532,4356,-0.0386228205694107
"13597","13597",3039,3031,3047,0.00263244488318526
"13598","13598",2087,2101,2233,0.0699568758984188
"13599","13599",2250,2250,2261,0.00488888888888889
"13600","13600",2251,2250,2320,0.0306530430919591
"13601","13601",1979,1979,1876,-0.0520464881253158
"13602","13602",11919,11955,11650,-0.0225690074670694
"13603","13603",4516,4493,4493,-0.00509300265721878
"13605","13605",3403,3365,3080,-0.0949162503673229
"13606","13606",5306,4875,4505,-0.150961176027139
"13607","13607",1928,1928,1928,0
"13608","13608",1346,1346,1457,0.0824665676077266
"13609","13609",1493,1496,1458,-0.0234427327528466
"13610","13610",1630,1540,1473,-0.096319018404908
"13611","13611",2550,2550,2550,0
"13612","13612",2006,1884,1881,-0.0623130608175474
"13613","13613",2534,2534,2534,0
"13614","13614",4306,4306,4257,-0.0113794705062703
"13615","13615",2736,2770,2779,0.0157163742690058
"13616","13616",2408,2374,2370,-0.01578073089701
"13617","13617",3503,3502,3367,-0.03882386525835
"13618","13618",1113,1113,1113,0
"13619","13619",3787,3787,4143,0.0940058093477687
"13621","13621",4437,4598,4443,0.00135226504394861
"13622","13622",1526,1544,1567,0.026867627785059
"13623","13623",3750,3751,3737,-0.00346666666666667
"13624","13624",4318,4433,4205,-0.0261695229272811
"13625","13625",3845,3946,3901,0.0145643693107932
"13626","13626",2031,2032,2032,0.000492368291482029
"13627","13627",7940,7872,7527,-0.0520151133501259
"13628","13628",3067,3067,3067,0
"13629","13629",3504,3504,3461,-0.0122716894977169
"13630","13630",1884,1567,1595,-0.153397027600849
"13631","13631",6798,6824,6998,0.0294204177699323
"13632","13632",4300,4270,4380,0.0186046511627907
"13633","13633",6294,6383,6177,-0.0185891325071497
"13634","13634",1959,1959,1861,-0.0500255232261358
"13635","13635",2970,2997,2684,-0.0962962962962963
"13636","13636",5885,5784,5785,-0.0169923534409516
"13637","13637",2158,2158,2268,0.0509731232622799
"13638","13638",2326,2326,2277,-0.0210662080825451
"13639","13639",1874,1873,1731,-0.076307363927428
"13640","13640",1879,1855,1856,-0.0122405534858968
"13641","13641",3506,3536,3531,0.00713063320022818
"13642","13642",1626,1626,1634,0.00492004920049201
"13643","13643",1939,1927,1927,-0.00618875709128417
"13644","13644",906,906,906,0
"13645","13645",6234,6387,6625,0.0627205646454925
"13646","13646",1133,1048,1334,0.177405119152692
"13647","13647",4429,4445,4445,0.00361255362384285
"13648","13648",3001,3001,2748,-0.0843052315894702
"13649","13649",4737,4735,4770,0.00696643445218493
"13650","13650",1472,1472,1583,0.0754076086956522
"13651","13651",1940,1940,2041,0.0520618556701031
"13652","13652",2252,1900,1891,-0.160301953818828
"13653","13653",3659,3659,3662,0.000819896146488112
"13654","13654",3999,3994,3993,-0.00150037509377344
"13655","13655",1258,1258,1354,0.0763116057233704
"13656","13656",3130,3142,3155,0.00798722044728434
"13657","13657",2704,2700,2601,-0.0380917159763314
"13658","13658",789,832,752,-0.0468948035487959
"13659","13659",1763,1637,1678,-0.0482132728304027
"13660","13660",1719,1719,1696,-0.0133798720186155
"13661","13661",2860,4073,3883,0.357692307692308
"13662","13662",9064,9064,9025,-0.0043027360988526
"13663","13663",3242,3242,3227,-0.00462677359654534
"13664","13664",1352,1352,1441,0.0658284023668639
"13666","13666",1127,1127,1090,-0.0328305235137533
"13667","13667",2778,2778,2778,0
"13668","13668",2922,2922,2892,-0.0102669404517454
"13669","13669",4844,4844,4958,0.0235342691990091
"13670","13670",4156,4068,3881,-0.0661693936477382
"13672","13672",2755,2424,2390,-0.132486388384755
"13673","13673",2814,2812,2850,0.0127931769722814
"13674","13674",729,717,717,-0.0164609053497942
"13675","13675",1994,1993,1811,-0.0917753259779338
"13676","13676",4471,4571,4371,-0.0223663609930664
"13677","13677",3242,3440,3119,-0.0379395434916718
"13678","13678",3813,3932,3764,-0.012850773669027
"13679","13679",3722,3704,3407,-0.084631918323482
"13680","13680",2358,2369,2474,0.0491942324003393
"13681","13681",1015,1009,1016,0.000985221674876847
"13682","13682",8074,8147,8141,0.00829824126826852
"13683","13683",1938,2214,2215,0.142930856553148
"13684","13684",2223,2194,2194,-0.0130454340980657
"13685","13685",2993,2962,2961,-0.0106916137654527
"13686","13686",2639,2639,2609,-0.0113679424024252
"13687","13687",1917,1917,1853,-0.0333854981742306
"13688","13688",1919,1919,1957,0.0198019801980198
"13689","13689",1870,1870,1870,0
"13690","13690",2793,2793,2781,-0.00429645542427497
"13692","13692",3160,3158,2808,-0.111392405063291
"13693","13693",1939,1718,1718,-0.11397627643115
"13694","13694",2698,2689,3363,0.246478873239437
"13695","13695",2212,2212,2316,0.0470162748643761
"13696","13696",2213,2212,2213,0
"13697","13697",2684,2685,2572,-0.0417287630402385
"13698","13698",1486,1486,1488,0.00134589502018843
"13699","13699",1169,1165,1164,-0.00427715996578272
"13700","13700",4618,4636,4413,-0.0443915114768298
"13701","13701",1906,1915,1993,0.0456453305351521
"15799","15799",1906,1915,1993,0.0456453305351521
"13702","13702",3360,3360,3360,0
"13703","13703",3675,3219,3030,-0.175510204081633
"13704","13704",2275,2284,2240,-0.0153846153846154
"13705","13705",1127,1417,1127,0
"13706","13706",2040,2040,2048,0.00392156862745098
"13707","13707",2328,2324,2324,-0.00171821305841924
"13709","13709",5143,5038,5034,-0.0211938557262298
"13710","13710",4063,4272,4267,0.0502092050209205
"13711","13711",2079,2038,2038,-0.0197210197210197
"13712","13712",3099,3475,3454,0.114553081639238
"13713","13713",2595,2578,2542,-0.0204238921001927
"13714","13714",2002,2013,1994,-0.003996003996004
"13715","13715",2207,2218,2238,0.0140462165835976
"13716","13716",3079,3077,3077,-0.000649561545956479
"13717","13717",5846,5846,5820,-0.00444748546014369
"13718","13718",4310,4310,4316,0.00139211136890951
"13719","13719",5895,5895,5878,-0.00288379983036472
"13720","13720",6630,6710,6757,0.0191553544494721
"13721","13721",5137,5145,4991,-0.0284212575433132
"13722","13722",1661,1661,1661,0
"13723","13723",4081,4092,4217,0.0333251654006371
"13724","13724",2454,2454,2452,-0.000814995925020375
"13725","13725",13464,13798,13418,-0.00341651812240048
"13726","13726",1642,1642,1642,0
"13727","13727",2408,2653,2276,-0.0548172757475083
"13728","13728",2845,2910,3066,0.0776801405975395
"13729","13729",4875,4923,5006,0.0268717948717949
"13730","13730",1851,2014,2335,0.261480280929227
"13731","13731",2498,2498,2514,0.00640512409927942
"13732","13732",1711,1698,1698,-0.0075978959672706
"13733","13733",3744,3746,3618,-0.0336538461538462
"13734","13734",1475,1476,1435,-0.0271186440677966
"13735","13735",1326,1326,1273,-0.0399698340874811
"13736","13736",3795,3795,3795,0
"13737","13737",3357,3762,3509,0.0452785224903187
"13738","13738",2123,2122,2123,0
"13739","13739",13141,12750,13154,0.000989270222966289
"13740","13740",1471,1472,1502,0.0210740992522094
"13741","13741",3059,3016,3080,0.0068649885583524
"13742","13742",2851,2851,2823,-0.00982111539810593
"13743","13743",1101,1101,1105,0.0036330608537693
"15313","15313",1101,1101,1105,0.0036330608537693
"13744","13744",2349,2349,2308,-0.0174542358450404
"13745","13745",1210,1098,1099,-0.0917355371900826
"13746","13746",1579,1498,1671,0.058264724509183
"13747","13747",4456,4454,4457,0.000224416517055655
"13748","13748",4169,3871,3907,-0.0628448069081314
"13749","13749",3739,3724,3725,-0.00374431666220915
"13750","13750",1186,1186,1290,0.0876897133220911
"13751","13751",3445,3403,3544,0.0287373004354136
"13752","13752",4195,4195,4416,0.0526817640047676
"13753","13753",902,902,902,0
"13754","13754",2289,2289,2293,0.0017474879860201
"13755","13755",2562,2566,2545,-0.00663544106167057
"13756","13756",1869,1897,1897,0.0149812734082397
"13757","13757",1947,1936,1564,-0.196712891628146
"13759","13759",4239,4099,3805,-0.102382637414485
"13760","13760",2477,2552,2552,0.0302785627775535
"13761","13761",948,1116,1105,0.165611814345992
"13762","13762",1448,1448,1649,0.138812154696133
"13763","13763",5608,5824,5848,0.0427960057061341
"13764","13764",1084,1079,1079,-0.00461254612546125
"13765","13765",2161,2167,2314,0.0708005552984729
"13766","13766",1816,1819,1511,-0.16795154185022
"13767","13767",1672,1646,1646,-0.0155502392344498
"13768","13768",2526,2877,2576,0.0197941409342835
"13769","13769",4601,4601,4601,0
"13770","13770",1864,1932,1869,0.00268240343347639
"13771","13771",1984,1984,1984,0
"13772","13772",3131,3118,3214,0.0265091025231555
"15734","15734",3131,3118,3214,0.0265091025231555
"17232","17232",3131,3118,3214,0.0265091025231555
"13774","13774",1448,1448,1450,0.00138121546961326
"13775","13775",3206,3334,3330,0.0386774797255147
"13776","13776",5143,5072,5316,0.0336379545012639
"13777","13777",3326,3326,3562,0.0709561034275406
"13778","13778",11613,10409,10470,-0.0984241797985017
"13779","13779",6653,6655,6505,-0.0222456034871487
"13780","13780",3609,3555,3556,-0.0146855084510945
"13781","13781",1144,1196,1197,0.0463286713286713
"13782","13782",1832,1752,1546,-0.156113537117904
"13783","13783",4321,4321,4200,-0.0280027771349225
"13784","13784",3087,3086,3087,0
"13785","13785",3230,3250,3356,0.0390092879256966
"13786","13786",2901,3027,3027,0.0434332988624612
"13788","13788",2956,2954,2981,0.0084573748308525
"13789","13789",1895,1883,1854,-0.0216358839050132
"13790","13790",1810,1818,1819,0.00497237569060773
"13791","13791",2585,2585,2585,0
"13792","13792",1643,1643,1642,-0.000608642726719416
"13793","13793",3219,3221,3226,0.00217458838148493
"13795","13795",2786,2762,2836,0.0179468772433597
"13796","13796",4735,4736,4736,0.000211193241816262
"13797","13797",3440,3440,3440,0
"13798","13798",2352,2569,2345,-0.00297619047619048
"13799","13799",7041,7040,6901,-0.0198835392699901
"13800","13800",2558,2575,2397,-0.0629397967161845
"13801","13801",6376,6376,6191,-0.0290150564617315
"13802","13802",4717,4745,4796,0.016747933008268
"13803","13803",2237,2237,2395,0.0706303084488154
"13804","13804",2530,2530,2533,0.00118577075098814
"13805","13805",3952,3889,3999,0.0118927125506073
"13806","13806",5685,6061,5984,0.05259454705365
"13807","13807",1846,1862,1858,0.00650054171180932
"13808","13808",2201,2202,2201,0
"13809","13809",2748,2750,2782,0.012372634643377
"13810","13810",2056,2056,2056,0
"13812","13812",6929,7276,6495,-0.0626353009092221
"13813","13813",1429,1429,1423,-0.00419874037788663
"13814","13814",5506,5612,5796,0.0526698147475481
"13815","13815",2265,2057,1997,-0.11832229580574
"13816","13816",2787,2787,2787,0
"13817","13817",4431,4431,4444,0.00293387497178966
"13818","13818",2357,2292,2292,-0.027577428935087
"13819","13819",1412,1412,1412,0
"13820","13820",3709,3270,3270,-0.118360744135886
"13821","13821",5627,5017,5180,-0.0794384218944375
"13822","13822",2479,2483,2377,-0.0411456232351755
"13823","13823",1699,1792,1817,0.0694526191877575
"13824","13824",2930,2930,2434,-0.169283276450512
"13825","13825",2386,2385,1809,-0.241827326068734
"13826","13826",1570,1678,1674,0.0662420382165605
"13827","13827",3191,3178,3071,-0.0376057662174867
"13828","13828",2693,2688,2681,-0.00445599702933531
"13829","13829",2138,2106,2677,0.252104770813845
"13830","13830",1681,1682,1527,-0.0916121356335515
"13831","13831",1812,1812,1723,-0.0491169977924945
"13832","13832",6172,6170,6172,0
"13833","13833",1833,1826,1833,0
"13835","13835",1901,1882,1710,-0.100473435034193
"13836","13836",1567,1579,1692,0.0797702616464582
"13837","13837",8072,8086,8088,0.00198216055500496
"13839","13839",3046,3043,3061,0.00492449113591596
"13840","13840",2867,2975,2877,0.00348796651552145
"13841","13841",2597,2401,2458,-0.0535232961108972
"13843","13843",4764,4730,4650,-0.0239294710327456
"13844","13844",2827,3194,2941,0.0403254333215423
"13845","13845",6069,6112,6078,0.00148294611962432
"13846","13846",3521,3522,3523,0.000568020448736154
"13847","13847",3197,3189,3203,0.00187675946199562
"13848","13848",3454,3167,3183,-0.0784597568037058
"13849","13849",2502,2502,2443,-0.0235811350919265
"13850","13850",2062,2060,1768,-0.142580019398642
"13851","13851",2263,2451,2242,-0.00927971718957137
"13852","13852",1768,1769,1768,0
"13853","13853",1808,1810,1806,-0.00110619469026549
"18309","18309",1808,1810,1806,-0.00110619469026549
"13854","13854",6002,5950,5985,-0.0028323892035988
"13855","13855",2618,2587,2832,0.0817417876241406
"13857","13857",1594,1594,1594,0
"13858","13858",2090,2090,2093,0.00143540669856459
"13860","13860",2217,2217,2215,-0.0009021199819576
"13861","13861",3105,3105,3300,0.0628019323671498
"13862","13862",2132,1982,1980,-0.0712945590994371
"13863","13863",3361,3591,3681,0.0952097590002975
"13864","13864",3525,3192,3189,-0.0953191489361702
"13865","13865",2502,2502,2085,-0.166666666666667
"13866","13866",3602,4139,3369,-0.0646862853970017
"13867","13867",5585,5586,5590,0.000895255147717099
"13869","13869",3886,3889,3697,-0.0486361296963459
"13870","13870",5751,5783,5783,0.00556424969570509
"13871","13871",3493,3518,3758,0.0758660177497853
"13872","13872",1788,1788,1788,0
"13873","13873",1313,1313,1313,0
"13874","13874",2632,2632,2542,-0.0341945288753799
"13875","13875",2930,3239,3276,0.118088737201365
"13876","13876",4500,4496,4499,-0.000222222222222222
"13877","13877",3192,3195,3195,0.00093984962406015
"13878","13878",3511,3248,3463,-0.0136713187126175
"13879","13879",1922,1922,1923,0.000520291363163372
"13880","13880",5521,5507,6256,0.133128056511502
"13881","13881",7616,7614,7768,0.0199579831932773
"13882","13882",3100,3100,3100,0
"13883","13883",4861,4860,4905,0.00905163546595351
"13884","13884",1804,1804,1796,-0.00443458980044346
"13885","13885",2082,2093,2104,0.010566762728146
"13886","13886",2553,2547,2514,-0.0152761457109283
"13887","13887",3467,3464,3598,0.0377848283818864
"13888","13888",1638,1912,2090,0.275946275946276
"13889","13889",4491,4387,4369,-0.0271654419951013
"13890","13890",2228,2188,2096,-0.059245960502693
"13891","13891",3767,3769,3748,-0.00504380143350146
"13892","13892",4115,4057,4057,-0.0140947752126367
"13893","13893",2121,2121,2115,-0.00282885431400283
"13894","13894",5950,5950,5921,-0.00487394957983193
"13895","13895",1360,1314,1314,-0.0338235294117647
"13896","13896",1127,1099,1149,0.0195208518189885
"13897","13897",3292,3292,3291,-0.000303766707168894
"13898","13898",2296,2280,2280,-0.00696864111498258
"13899","13899",1732,1699,1781,0.0282909930715935
"13900","13900",5199,4472,4469,-0.140411617618773
"13901","13901",3816,4091,3773,-0.0112683438155136
"13902","13902",1300,1451,1451,0.116153846153846
"13903","13903",2263,2263,2217,-0.0203269995581087
"13904","13904",3435,3407,3864,0.124890829694323
"13905","13905",2164,2112,1945,-0.101201478743068
"13906","13906",2425,2425,2426,0.000412371134020619
"13907","13907",1914,1914,1868,-0.0240334378265413
"13908","13908",9729,10086,10124,0.0406002672422654
"13909","13909",3219,3219,3112,-0.0332401366884126
"13910","13910",4888,4731,4772,-0.0237315875613748
"13911","13911",2214,2214,2232,0.00813008130081301
"13912","13912",2752,2940,2892,0.0508720930232558
"13913","13913",1879,1879,1942,0.0335284725918042
"13914","13914",2276,2221,2178,-0.0430579964850615
"13915","13915",7589,7536,7745,0.020556067993148
"13916","13916",1677,1674,1674,-0.00178890876565295
"13917","13917",8032,7224,6841,-0.14828187250996
"13918","13918",5113,5027,4842,-0.0530021513788383
"13919","13919",6056,6321,6329,0.0450792602377807
"13920","13920",2701,2701,2685,-0.00592373195112921
"13921","13921",2046,2046,2046,0
"13922","13922",3922,3922,3707,-0.0548189699133095
"13923","13923",2715,2715,2820,0.0386740331491713
"13924","13924",1224,1224,1166,-0.0473856209150327
"13925","13925",3124,3124,2882,-0.0774647887323944
"13926","13926",2566,2688,2688,0.0475448168355417
"13927","13927",2976,3003,2840,-0.0456989247311828
"13928","13928",1111,1111,1112,0.0009000900090009
"13929","13929",3359,3534,3535,0.0523965465912474
"13930","13930",4400,4117,4564,0.0372727272727273
"13931","13931",3197,3197,3173,-0.00750703784798248
"13932","13932",2784,2784,2773,-0.00395114942528736
"13933","13933",3449,3375,3351,-0.0284140330530589
"13935","13935",2846,2849,2713,-0.0467322557976107
"13936","13936",3616,2928,2928,-0.190265486725664
"13937","13937",3165,3168,3140,-0.00789889415481832
"13938","13938",3025,3025,3004,-0.00694214876033058
"13939","13939",2186,2186,2185,-0.000457456541628545
"13940","13940",2915,2916,2832,-0.0284734133790738
"13941","13941",1460,1701,1698,0.163013698630137
"13942","13942",11308,11192,11784,0.0420940926777503
"13943","13943",1769,2028,2033,0.149236856981345
"13944","13944",1712,1712,2194,0.281542056074766
"13945","13945",4372,4374,4374,0.000457456541628545
"13946","13946",1426,1383,1194,-0.162692847124825
"13947","13947",4219,4237,4234,0.00355534486845224
"13948","13948",2602,2616,2745,0.0549577248270561
"13950","13950",5819,6355,5816,-0.000515552500429627
"13951","13951",2142,2142,2119,-0.0107376283846872
"13952","13952",3681,3540,3391,-0.0787829394186362
"13953","13953",10618,10618,10628,0.000941796948577887
"13955","13955",1560,1560,1723,0.104487179487179
"13956","13956",3329,3325,3004,-0.0976269149894863
"13957","13957",2107,2154,2255,0.0702420503084955
"13958","13958",5812,5818,5836,0.00412938747419133
"13959","13959",3178,3178,2508,-0.210824417872876
"13960","13960",5335,5152,5152,-0.0343017806935333
"13961","13961",3918,3915,3787,-0.0334354262378765
"13962","13962",1610,1601,1607,-0.00186335403726708
"15813","15813",1610,1601,1607,-0.00186335403726708
"13964","13964",4681,4679,4966,0.0608844264046144
"13965","13965",4739,4754,4493,-0.0519096855876767
"13966","13966",2638,2647,2666,0.0106141015921152
"13967","13967",3162,3003,2985,-0.055977229601518
"13968","13968",2683,2690,2690,0.00260901975400671
"13969","13969",2102,2104,2105,0.00142721217887726
"13970","13970",3495,3495,3561,0.0188841201716738
"13971","13971",1454,1463,1463,0.0061898211829436
"13973","13973",5871,6237,6285,0.0705160960654062
"13974","13974",4172,4173,4496,0.0776605944391179
"13975","13975",5316,5310,5319,0.000564334085778781
"13976","13976",2199,2198,2198,-0.00045475216007276
"13977","13977",3200,3200,3169,-0.0096875
"13978","13978",1556,1546,1564,0.0051413881748072
"13979","13979",1441,1447,1445,0.00277585010409438
"13980","13980",3430,3130,3249,-0.0527696793002915
"13981","13981",2880,2880,2880,0
"13982","13982",3845,3876,4033,0.0488946684005202
"13983","13983",4236,4236,4240,0.000944287063267233
"13984","13984",6363,6347,6278,-0.0133584787050134
"13985","13985",2860,2916,2918,0.0202797202797203
"13986","13986",2342,2340,2301,-0.0175064047822374
"13988","13988",4905,4859,4853,-0.0106014271151886
"13989","13989",3853,3904,4029,0.0456786919283675
"13990","13990",1591,1480,1535,-0.0351979886863608
"13991","13991",7528,7192,6969,-0.0742561105207226
"13992","13992",2417,2416,2375,-0.0173769135291684
"13993","13993",1142,1142,1119,-0.0201401050788091
"13994","13994",4898,4487,4402,-0.10126582278481
"13995","13995",3956,3925,3979,0.00581395348837209
"13996","13996",1155,1157,1161,0.00519480519480519
"13997","13997",4636,4529,4523,-0.024374460742019
"13998","13998",9922,9211,9164,-0.0763958879258214
"13999","13999",1673,1671,1421,-0.150627615062762
"14000","14000",1632,1632,1625,-0.00428921568627451
"14001","14001",1532,1791,1583,0.033289817232376
"14002","14002",1698,1678,1589,-0.0641931684334511
"14003","14003",2835,2772,2770,-0.0229276895943563
"14004","14004",4095,4095,4095,0
"14006","14006",2849,2825,2098,-0.263601263601264
"14007","14007",6014,5869,5869,-0.0241104090455604
"14008","14008",1377,1377,1374,-0.00217864923747277
"14009","14009",1538,1538,1538,0
"14010","14010",9020,8263,8265,-0.0837028824833703
"14011","14011",2402,2592,2443,0.0170691090757702
"14012","14012",4042,4046,3704,-0.0836219693221178
"14014","14014",3114,3114,3150,0.0115606936416185
"18660","18660",3114,3114,3150,0.0115606936416185
"14015","14015",4518,4517,4521,0.000664010624169987
"14016","14016",11368,11490,11299,-0.00606966924700915
"14017","14017",6538,6542,6993,0.069593147751606
"14018","14018",3617,3644,3681,0.0176942217307161
"14019","14019",6114,6115,6034,-0.0130847235852143
"14020","14020",1247,1247,1469,0.178027265437049
"14021","14021",964,964,964,0
"14022","14022",2822,2598,2708,-0.040396881644224
"14023","14023",3918,3971,4161,0.0620214395099541
"14024","14024",2861,2862,2833,-0.00978678783642083
"14025","14025",3474,3474,3525,0.0146804835924007
"14028","14028",1391,1391,1340,-0.0366642703091301
"14030","14030",3876,3670,4425,0.141640866873065
"14031","14031",1894,1894,1874,-0.0105596620908131
"14032","14032",2412,2542,2485,0.0302653399668325
"14033","14033",1834,1834,2083,0.13576881134133
"14034","14034",11604,11489,11432,-0.0148224750086177
"14035","14035",3005,3097,3149,0.0479201331114809
"14036","14036",2311,1581,1515,-0.344439636520987
"14037","14037",4208,4212,4289,0.0192490494296578
"14038","14038",8468,8741,8518,0.00590458195559754
"14039","14039",2356,2356,2444,0.0373514431239389
"14040","14040",2328,2328,2337,0.0038659793814433
"14041","14041",854,854,944,0.105386416861827
"14042","14042",2432,2432,2168,-0.108552631578947
"14043","14043",2630,2630,2631,0.000380228136882129
"14044","14044",1293,1292,1306,0.0100541376643465
"14045","14045",816,1042,757,-0.0723039215686275
"14046","14046",3211,3211,3181,-0.00934288383681096
"14047","14047",1617,1612,1574,-0.0265924551638837
"14048","14048",4387,4389,4621,0.0533394118987919
"14049","14049",1836,1834,1766,-0.0381263616557734
"14050","14050",3932,3932,3932,0
"14051","14051",2201,2201,2315,0.0517946388005452
"14052","14052",2682,2682,2666,-0.00596569724086503
"14053","14053",2105,2049,2023,-0.0389548693586698
"14054","14054",4873,4853,4831,-0.0086189205828032
"14055","14055",2685,2684,2733,0.017877094972067
"14056","14056",3276,3783,3282,0.00183150183150183
"14057","14057",1940,1882,1882,-0.0298969072164948
"14058","14058",5690,5681,5528,-0.0284710017574692
"14059","14059",1495,1495,1493,-0.00133779264214047
"14060","14060",1153,1153,1153,0
"14061","14061",1274,1274,1279,0.00392464678178964
"14062","14062",6996,7004,6968,-0.00400228702115495
"14064","14064",1716,1714,1714,-0.00116550116550117
"14065","14065",2840,2840,2845,0.00176056338028169
"14066","14066",2808,2808,2807,-0.000356125356125356
"14067","14067",3156,3156,3291,0.0427756653992395
"14068","14068",3622,3534,2986,-0.175593594699061
"14069","14069",3374,2644,2652,-0.213989330171903
"14070","14070",2753,2670,2671,-0.0297856883399927
"14071","14071",2490,2490,2617,0.051004016064257
"14072","14072",1123,1182,1186,0.056099732858415
"14073","14073",1747,1954,1841,0.0538065254722381
"14074","14074",6869,6731,6729,-0.0203814237880332
"14075","14075",1598,1600,1654,0.0350438047559449
"14076","14076",2656,2658,2663,0.0026355421686747
"14077","14077",1192,1192,1192,0
"14078","14078",4754,4679,4631,-0.0258729490954985
"14079","14079",3257,3257,3294,0.0113601473748849
"14080","14080",2682,2890,2738,0.0208799403430276
"14081","14081",1846,1892,1891,0.0243770314192849
"14082","14082",1620,1446,1440,-0.111111111111111
"14083","14083",6445,6284,6178,-0.0414274631497285
"14084","14084",8909,8776,8798,-0.012459310809294
"14086","14086",1990,1990,1966,-0.0120603015075377
"14087","14087",2860,2863,2825,-0.0122377622377622
"14088","14088",2449,2450,2474,0.0102082482645978
"14089","14089",1798,1931,1931,0.0739710789766407
"14090","14090",3410,3059,3057,-0.103519061583578
"14091","14091",9963,10102,10255,0.0293084412325605
"14092","14092",3171,3171,3182,0.00346893724377168
"14093","14093",2037,2036,1867,-0.0834560628375061
"14094","14094",1234,1234,1076,-0.128038897893031
"14095","14095",3093,3208,2959,-0.0433236340122858
"14096","14096",10670,10695,10495,-0.0164011246485473
"14097","14097",11365,10328,10257,-0.0974923009238891
"14098","14098",777,885,764,-0.0167310167310167
"14099","14099",3043,3043,2907,-0.0446927374301676
"14100","14100",2702,2392,2640,-0.0229459659511473
"14101","14101",2890,2345,2353,-0.185813148788927
"14102","14102",2668,2668,2667,-0.000374812593703148
"14103","14103",1452,1452,1423,-0.0199724517906336
"14105","14105",1975,2013,1972,-0.00151898734177215
"14106","14106",2650,2656,2605,-0.0169811320754717
"14107","14107",1575,1575,1725,0.0952380952380952
"14108","14108",5030,5030,5030,0
"14109","14109",1754,1754,1605,-0.0849486887115165
"14111","14111",2548,2505,2624,0.0298273155416013
"14112","14112",4621,4388,4363,-0.0558320709803073
"14113","14113",1427,1427,1427,0
"14114","14114",4263,4214,4213,-0.0117288294628196
"14115","14115",3515,3518,3450,-0.0184921763869132
"14116","14116",1198,1192,1193,-0.00417362270450751
"14117","14117",4481,4479,4489,0.00178531577772819
"14118","14118",4371,4198,4192,-0.0409517272935255
"14119","14119",1306,1306,1306,0
"14120","14120",932,990,990,0.0622317596566524
"14121","14121",5454,5423,5440,-0.00256692335900257
"14122","14122",1399,1399,1399,0
"14123","14123",1176,1176,1176,0
"14124","14124",7716,7653,7669,-0.0060912389839295
"14126","14126",3176,3169,3108,-0.0214105793450882
"14127","14127",4467,4202,4150,-0.0709648533691516
"14128","14128",1682,1684,1682,0
"14129","14129",1551,1550,1550,-0.000644745325596389
"14130","14130",2243,2210,2210,-0.0147124386981721
"14131","14131",1502,1502,1212,-0.193075898801598
"14132","14132",9349,9453,9422,0.00780832174564124
"14133","14133",2321,2321,2245,-0.032744506678156
"14134","14134",3686,3832,3834,0.0401519262072708
"14135","14135",5729,5720,5481,-0.0432885320300227
"14136","14136",7300,7471,7436,0.0186301369863014
"14137","14137",3068,3068,3068,0
"14138","14138",3104,3104,3099,-0.00161082474226804
"14139","14139",8191,8155,8163,-0.00341838603345135
"14140","14140",1390,1388,1408,0.0129496402877698
"14141","14141",1696,1667,1667,-0.0170990566037736
"14142","14142",6345,6366,6281,-0.010086682427108
"14143","14143",5835,5846,5844,0.00154241645244216
"14144","14144",3097,3320,3109,0.00387471746851792
"14146","14146",1346,1246,1246,-0.0742942050520059
"14147","14147",3400,3395,3362,-0.0111764705882353
"14148","14148",3519,3522,3320,-0.0565501562944018
"14149","14149",1361,1361,1361,0
"14150","14150",583,784,567,-0.0274442538593482
"14151","14151",1814,1798,1798,-0.00882028665931643
"14152","14152",1098,1098,1098,0
"14153","14153",1505,1505,1684,0.118936877076412
"14154","14154",1866,1834,1836,-0.0160771704180064
"14155","14155",1553,1570,1622,0.0444301352221507
"14156","14156",1887,2190,2183,0.156862745098039
"14157","14157",1255,1273,1274,0.0151394422310757
"14158","14158",2712,2712,2709,-0.00110619469026549
"14159","14159",2273,2271,2266,-0.00307963044434668
"14160","14160",2836,2836,2802,-0.0119887165021157
"14161","14161",6929,6932,6930,0.000144320969836917
"14163","14163",4346,4427,4400,0.0124252185918086
"14164","14164",1669,1665,1522,-0.0880766926303176
"14165","14165",1183,1183,1836,0.551986475063398
"14166","14166",1187,1328,1327,0.117944397641112
"14167","14167",1767,1767,1766,-0.000565930956423316
"14168","14168",3384,3375,3223,-0.0475768321513002
"14169","14169",3874,3877,3879,0.00129065565307176
"14170","14170",1034,1008,1008,-0.0251450676982592
"14171","14171",1372,1374,1374,0.00145772594752187
"14172","14172",8890,8890,8892,0.000224971878515186
"14173","14173",5966,5965,6308,0.0573248407643312
"14174","14174",1647,1647,1648,0.000607164541590771
"14175","14175",1856,1859,1821,-0.0188577586206897
"14176","14176",1838,1845,1845,0.00380848748639826
"14177","14177",2467,2467,2467,0
"14178","14178",2365,2109,2107,-0.109090909090909
"14179","14179",2203,2204,2205,0.000907852927825692
"14180","14180",3015,2414,2676,-0.112437810945274
"14181","14181",1670,1659,1677,0.00419161676646707
"14182","14182",2224,2202,2173,-0.022931654676259
"14183","14183",2220,2317,2327,0.0481981981981982
"14184","14184",3184,3057,3028,-0.0489949748743719
"14185","14185",2541,2462,2426,-0.0452577725304998
"14186","14186",1614,1402,1303,-0.19268897149938
"14187","14187",969,969,1024,0.0567595459236326
"14188","14188",862,862,862,0
"14189","14189",3441,3501,3509,0.019761697181052
"14190","14190",3355,3322,3318,-0.0110283159463487
"14191","14191",2836,2804,2805,-0.0109308885754584
"14192","14192",2174,2168,2191,0.0078196872125115
"14193","14193",1700,1700,1628,-0.0423529411764706
"14194","14194",1273,1267,1516,0.190887666928515
"14195","14195",2576,2576,2760,0.0714285714285714
"14196","14196",3211,3216,3095,-0.0361258175023357
"14197","14197",2864,2832,2832,-0.0111731843575419
"14198","14198",3409,3409,3409,0
"14199","14199",2446,2446,2447,0.000408830744071954
"14200","14200",4893,4881,4870,-0.0047005926834253
"14201","14201",1878,1878,1882,0.00212992545260916
"14202","14202",2947,2876,2836,-0.0376654224635222
"14203","14203",4942,4942,4872,-0.0141643059490085
"14204","14204",5444,5447,5447,0.000551065393093314
"14206","14206",2181,2135,2277,0.0440165061898212
"14207","14207",3267,3288,3286,0.00581573308846036
"14208","14208",4164,4134,4135,-0.00696445725264169
"14209","14209",3046,3023,3050,0.00131319763624425
"14210","14210",2161,2161,2137,-0.011105969458584
"14211","14211",1995,1995,1657,-0.169423558897243
"14212","14212",2016,2024,2101,0.0421626984126984
"14213","14213",1141,1141,1309,0.147239263803681
"14214","14214",4896,4898,4898,0.000408496732026144
"14215","14215",3812,3734,3435,-0.0988982161594963
"14216","14216",2866,2824,3038,0.0600139567341242
"14217","14217",3073,3314,3039,-0.0110641067360885
"14219","14219",4273,4273,4215,-0.0135736016849988
"14220","14220",3193,3193,3196,0.000939555277168807
"14221","14221",2458,2096,2099,-0.146053702196908
"14222","14222",3152,3150,3152,0
"14223","14223",2992,2994,2863,-0.0431149732620321
"14224","14224",1429,1464,1464,0.0244926522043387
"14225","14225",3820,3820,3820,0
"14227","14227",1963,1747,1843,-0.0611309220580744
"14228","14228",1367,1369,1449,0.0599853694220922
"14229","14229",971,971,971,0
"14230","14230",1191,1130,1141,-0.0419815281276238
"14231","14231",1614,1608,1643,0.0179677819083024
"14232","14232",3169,3157,3169,0
"14233","14233",2436,2591,2600,0.0673234811165846
"14234","14234",2621,2610,2610,-0.00419687142312095
"14235","14235",2658,2658,2658,0
"14236","14236",5428,4651,4491,-0.172623434045689
"14237","14237",1480,1480,1480,0
"14239","14239",4973,5009,4896,-0.0154836115021114
"14241","14241",5726,5727,5169,-0.0972755850506462
"14242","14242",2877,2876,2913,0.0125130344108446
"14243","14243",1758,1562,1978,0.12514220705347
"14244","14244",2060,2200,2200,0.0679611650485437
"14245","14245",1433,1277,1328,-0.0732728541521284
"14246","14246",1296,1296,1297,0.000771604938271605
"14247","14247",4895,4916,4840,-0.0112359550561798
"14248","14248",3291,3293,3293,0.000607718018839259
"14249","14249",5362,5638,5263,-0.0184632599776203
"14250","14250",2060,2059,2059,-0.000485436893203883
"14251","14251",1967,1893,2086,0.0604982206405694
"14252","14252",1646,1655,1637,-0.0054678007290401
"14253","14253",3576,3595,3594,0.00503355704697987
"14254","14254",1967,1991,1966,-0.000508388408744281
"14255","14255",1377,1377,1377,0
"14256","14256",2742,2605,2605,-0.049963530269876
"14257","14257",2854,2853,2843,-0.00385423966362999
"14258","14258",6458,6451,6193,-0.0410343759677919
"14259","14259",1499,1499,1512,0.00867244829886591
"14260","14260",1558,1443,1520,-0.024390243902439
"14261","14261",2413,2435,2650,0.098217985909656
"14262","14262",1238,1245,1245,0.00565428109854604
"14263","14263",1367,1367,1383,0.0117044623262619
"14264","14264",4157,4162,4162,0.00120279047389945
"14265","14265",1809,1809,1883,0.0409065782200111
"14266","14266",3532,3669,3540,0.00226500566251416
"14267","14267",1566,1566,1411,-0.098978288633461
"14268","14268",3741,3741,3747,0.00160384923817161
"14269","14269",2501,2546,2516,0.00599760095961615
"14270","14270",1862,1862,1862,0
"19248","19248",1862,1862,1862,0
"14271","14271",1239,1231,1238,-0.000807102502017756
"14272","14272",2333,2333,2341,0.00342906129447064
"14273","14273",1604,1604,1645,0.0255610972568579
"14274","14274",4576,4574,4377,-0.0434877622377622
"14275","14275",2370,2369,2276,-0.039662447257384
"14276","14276",2486,2486,2543,0.0229283990345937
"14277","14277",1369,1370,1370,0.000730460189919649
"14278","14278",4452,4457,4468,0.00359389038634322
"14279","14279",7195,7217,7212,0.00236275191104934
"14280","14280",2455,2486,2726,0.110386965376782
"14281","14281",1795,1796,2029,0.130362116991643
"14282","14282",3573,3571,3544,-0.00811642877134061
"14284","14284",3154,3156,2690,-0.14711477488903
"14285","14285",3024,3399,3030,0.00198412698412698
"14286","14286",1769,1769,1769,0
"14288","14288",4184,4357,4294,0.0262906309751434
"14289","14289",2731,2731,2731,0
"14290","14290",2132,1898,2086,-0.0215759849906191
"14291","14291",2253,2187,2163,-0.0399467376830892
"14294","14294",2770,2780,2944,0.0628158844765343
"14295","14295",4068,4067,3983,-0.0208947885939036
"14296","14296",1171,1171,1172,0.00085397096498719
"14297","14297",3924,3324,3523,-0.102191641182467
"14298","14298",4745,5086,4747,0.000421496311907271
"14299","14299",5394,5387,5387,-0.00129773822766036
"14300","14300",2494,2494,2527,0.0132317562149158
"14301","14301",3276,3202,3168,-0.032967032967033
"17148","17148",3276,3202,3168,-0.032967032967033
"14302","14302",2790,2896,2771,-0.00681003584229391
"14303","14303",1125,1545,1137,0.0106666666666667
"14304","14304",1757,1757,1786,0.016505406943654
"14305","14305",1344,1344,1346,0.00148809523809524
"14306","14306",5470,5601,5468,-0.00036563071297989
"14307","14307",2354,2354,2356,0.000849617672047579
"14308","14308",5526,5547,5336,-0.0343829171190735
"14309","14309",3712,3690,3750,0.0102370689655172
"14310","14310",3618,3608,3670,0.0143725815367606
"14311","14311",1552,1552,1550,-0.00128865979381443
"14312","14312",4631,4595,4633,0.000431872165838912
"14313","14313",2290,2287,2288,-0.000873362445414847
"14314","14314",1891,1891,1890,-0.000528820729772607
"14315","14315",3211,3211,3211,0
"14316","14316",906,906,909,0.0033112582781457
"14317","14317",10547,10570,10508,-0.00369773395278278
"14318","14318",1933,1932,2009,0.0393171236420072
"14319","14319",6877,6745,6396,-0.0699432892249527
"14320","14320",1222,1290,1290,0.0556464811783961
"14321","14321",2478,2489,2500,0.00887812752219532
"14322","14322",4318,4394,4400,0.0189902732746642
"14323","14323",4143,4144,4140,-0.000724112961622013
"14324","14324",2253,2257,2302,0.0217487794052375
"14325","14325",1374,1290,1290,-0.0611353711790393
"14326","14326",2216,2216,2215,-0.000451263537906137
"14328","14328",4751,4700,4645,-0.0223110924015997
"14329","14329",2543,2560,2505,-0.0149429807314196
"14330","14330",7819,7820,7569,-0.0319733981327536
"14331","14331",1647,1647,1654,0.0042501517911354
"14332","14332",8169,8001,7830,-0.0414983474109438
"14333","14333",4579,4276,4536,-0.0093906966586591
"14334","14334",2303,2301,2374,0.0308293530178029
"14335","14335",1623,1639,1641,0.011090573012939
"14336","14336",5119,5127,5083,-0.00703262355928892
"14337","14337",1237,1237,1237,0
"14338","14338",3509,3509,3503,-0.00170988885722428
"14339","14339",2533,2533,2528,-0.0019739439399921
"14340","14340",1270,1270,1269,-0.00078740157480315
"14341","14341",2338,2342,2152,-0.0795551753635586
"14343","14343",1382,1380,1380,-0.00144717800289436
"14344","14344",2144,2144,2145,0.000466417910447761
"14345","14345",3711,3742,3713,0.000538938291565616
"14346","14346",2316,2316,2316,0
"17728","17728",2316,2316,2316,0
"14347","14347",1448,1467,1453,0.00345303867403315
"14348","14348",3626,3586,3585,-0.0113072255929399
"14349","14349",1974,2070,2069,0.0481256332320162
"14350","14350",4467,4437,4439,-0.0062681889411238
"14351","14351",4522,4523,4552,0.00663423264042459
"14352","14352",3863,3860,3878,0.00388299249288118
"14353","14353",7592,7820,7864,0.035827186512118
"14355","14355",3420,3593,3692,0.0795321637426901
"14356","14356",1112,1112,1113,0.000899280575539568
"14357","14357",2319,2319,2319,0
"14358","14358",2487,2487,2486,-0.000402090872537193
"14359","14359",5526,5526,5254,-0.0492218602967789
"14360","14360",6569,6529,6527,-0.00639366722484396
"14361","14361",1958,1958,1817,-0.0720122574055158
"14362","14362",6557,5587,5542,-0.154796400793046
"14363","14363",561,561,546,-0.0267379679144385
"14364","14364",3423,3398,3398,-0.00730353491089687
"14365","14365",3500,3500,3439,-0.0174285714285714
"14366","14366",1085,1085,1136,0.0470046082949309
"14367","14367",1286,1206,1205,-0.0629860031104199
"14369","14369",2078,2055,2181,0.0495668912415784
"14370","14370",7458,7474,7095,-0.0486725663716814
"14371","14371",7152,7124,6850,-0.0422259507829978
"14372","14372",982,974,976,-0.00610997963340122
"14373","14373",3958,3958,3957,-0.000252652854977261
"14375","14375",2616,2616,2616,0
"14376","14376",3823,3823,3540,-0.074025634318598
"14377","14377",2085,2133,2016,-0.0330935251798561
"14378","14378",1194,1194,1127,-0.0561139028475712
"14379","14379",3415,3412,3476,0.0178623718887262
"14380","14380",2137,2155,2158,0.00982686008423023
"14381","14381",5444,4985,5467,0.00422483468038207
"14383","14383",1814,1810,1810,-0.00220507166482911
"14384","14384",1833,1833,1934,0.055100927441353
"14385","14385",7430,7521,7503,0.0098250336473755
"14386","14386",2457,2516,2474,0.00691900691900692
"14736","14736",2457,2516,2474,0.00691900691900692
"14387","14387",3395,3363,3308,-0.0256259204712813
"14388","14388",629,627,628,-0.00158982511923688
"14389","14389",5489,5487,5221,-0.0488249225724176
"14390","14390",5667,5665,5681,0.00247044291512264
"14391","14391",7773,7942,7237,-0.068956644796089
"14392","14392",2896,2902,2931,0.012085635359116
"14393","14393",2279,2174,2140,-0.0609916630100921
"14395","14395",4702,4491,4499,-0.0431731178222033
"14396","14396",2728,2728,2616,-0.0410557184750733
"14397","14397",3215,3343,3600,0.119751166407465
"14398","14398",1453,1462,1531,0.0536820371644873
"14399","14399",1751,1751,1816,0.0371216447744146
"14400","14400",3534,3506,3564,0.00848896434634975
"14401","14401",1088,1092,1028,-0.0551470588235294
"14402","14402",2868,2869,3177,0.107740585774059
"14403","14403",4739,4721,4615,-0.0261658577759021
"14404","14404",4464,4451,4328,-0.0304659498207885
"14405","14405",5242,5367,5445,0.0387256772224342
"14406","14406",1767,1650,1818,0.0288624787775891
"14407","14407",4206,4161,4141,-0.0154541131716595
"14408","14408",1430,1430,1430,0
"14411","14411",1578,1578,1609,0.0196451204055767
"14412","14412",5644,5641,5790,0.0258681785967399
"14414","14414",3499,3502,3502,0.000857387825092884
"14416","14416",5620,5608,5607,-0.00231316725978648
"14417","14417",1266,1269,1269,0.0023696682464455
"14420","14420",2250,2246,2246,-0.00177777777777778
"14421","14421",1606,1606,2001,0.245952677459527
"14422","14422",4320,4320,4302,-0.00416666666666667
"14423","14423",2176,2175,2172,-0.00183823529411765
"14424","14424",2673,2704,2759,0.0321735877291433
"14425","14425",2407,2407,2407,0
"14426","14426",1664,1664,1645,-0.0114182692307692
"14429","14429",1976,1978,1978,0.00101214574898785
"14430","14430",1352,1352,1352,0
"14431","14431",4349,4349,4221,-0.0294320533455967
"14432","14432",2746,2733,2580,-0.0604515659140568
"14433","14433",4185,4185,4035,-0.03584229390681
"14434","14434",1974,1973,2013,0.0197568389057751
"14435","14435",2083,2086,2080,-0.0014402304368699
"14436","14436",3035,3038,3027,-0.00263591433278418
"14437","14437",2402,2402,2283,-0.0495420482930891
"14438","14438",4071,4072,4042,-0.00712355686563498
"14439","14439",6300,6086,6408,0.0171428571428571
"14440","14440",9386,9420,9662,0.0294054975495419
"14442","14442",2458,2022,1638,-0.333604556550041
"14443","14443",2302,2305,2306,0.00173761946133797
"14858","14858",2302,2305,2306,0.00173761946133797
"14444","14444",1245,1245,1205,-0.0321285140562249
"15190","15190",1245,1245,1205,-0.0321285140562249
"16674","16674",1245,1245,1205,-0.0321285140562249
"14445","14445",1286,1283,1283,-0.00233281493001555
"14446","14446",1435,1432,1390,-0.0313588850174216
"14447","14447",2561,2561,2439,-0.047637641546271
"14448","14448",1620,1620,1613,-0.00432098765432099
"14449","14449",3556,3658,3554,-0.000562429696287964
"14450","14450",4021,4016,4113,0.0228798806267098
"14451","14451",1705,1705,1753,0.0281524926686217
"14452","14452",2667,2639,2669,0.000749906261717285
"14454","14454",2456,2434,2434,-0.00895765472312704
"14455","14455",1097,1097,1097,0
"14456","14456",1685,1685,1685,0
"14457","14457",3984,3983,4129,0.0363955823293173
"14458","14458",2690,2681,2643,-0.0174721189591078
"14459","14459",2251,2182,2118,-0.0590848511772546
"14460","14460",1402,1410,1410,0.00570613409415121
"14461","14461",2181,2181,2109,-0.0330123796423659
"14463","14463",3723,3757,3799,0.0204136449100188
"14464","14464",3520,3520,3492,-0.00795454545454545
"14465","14465",3401,3544,3537,0.0399882387533078
"14539","14539",3401,3544,3537,0.0399882387533078
"14466","14466",3882,3786,3896,0.00360638845955693
"14467","14467",1719,1586,1366,-0.205351948807446
"14468","14468",2833,3165,3045,0.0748323332156724
"14469","14469",2761,2761,2746,-0.00543281419775444
"14470","14470",2603,2592,2592,-0.00422589320015367
"14471","14471",2864,2859,2921,0.0199022346368715
"14472","14472",4305,4304,4063,-0.0562137049941928
"14473","14473",1594,1594,1592,-0.00125470514429109
"14474","14474",1544,1544,1540,-0.00259067357512953
"14475","14475",2713,2644,2698,-0.00552893475856985
"14477","14477",1832,1832,2072,0.131004366812227
"14478","14478",3086,2926,2901,-0.059948152948801
"14480","14480",4491,4491,4404,-0.01937207748831
"14482","14482",2156,2156,2157,0.000463821892393321
"14483","14483",2388,2385,2439,0.021356783919598
"14484","14484",4007,3718,4074,0.0167207387072623
"14485","14485",3136,3047,3067,-0.0220025510204082
"14486","14486",939,939,983,0.0468583599574015
"14487","14487",2978,2978,2409,-0.191067830758899
"14488","14488",2412,2412,2412,0
"14489","14489",3637,3427,3501,-0.0373934561451746
"14490","14490",1851,1966,1851,0
"14491","14491",3063,2405,2377,-0.223963434541299
"14492","14492",4618,4616,4622,0.00086617583369424
"14493","14493",1702,1702,1524,-0.104582843713279
"14494","14494",3783,3770,3755,-0.00740153317472905
"14495","14495",2469,2469,2411,-0.0234912920210612
"14496","14496",2381,2381,2414,0.0138597228055439
"14497","14497",1602,1445,1445,-0.0980024968789014
"14498","14498",2955,2955,2950,-0.00169204737732657
"14500","14500",2259,2226,2212,-0.0208056662239929
"14501","14501",2293,2293,2240,-0.0231138246838203
"14502","14502",1634,1634,1627,-0.00428396572827417
"14503","14503",933,932,924,-0.00964630225080386
"14504","14504",3613,3590,3744,0.0362579573761417
"14505","14505",2092,2080,2031,-0.0291586998087954
"14506","14506",3609,3609,3479,-0.0360210584649487
"14507","14507",1956,1956,1913,-0.0219836400817996
"14508","14508",1001,1179,1188,0.186813186813187
"14509","14509",4368,4367,4547,0.0409798534798535
"14510","14510",2889,2878,2853,-0.0124610591900312
"14511","14511",2534,2534,2524,-0.00394632991318074
"14512","14512",2593,2593,2458,-0.0520632472040108
"14513","14513",4329,4323,4332,0.000693000693000693
"14514","14514",4644,4633,4452,-0.041343669250646
"14515","14515",7770,7774,7909,0.0178893178893179
"14516","14516",2266,2180,2184,-0.0361871138570168
"14517","14517",3331,3245,3057,-0.0822575803062144
"14519","14519",3508,3472,3462,-0.0131128848346636
"14521","14521",3069,3073,3078,0.00293255131964809
"14522","14522",3780,3056,2991,-0.208730158730159
"14523","14523",2931,2931,2949,0.00614124872057318
"14524","14524",2524,2524,2499,-0.00990491283676704
"14525","14525",2390,2378,2554,0.0686192468619247
"14526","14526",1288,1311,1287,-0.00077639751552795
"14527","14527",4478,4311,4392,-0.0192050022331398
"14528","14528",1916,1968,1968,0.0271398747390397
"14530","14530",1997,1997,2075,0.0390585878818227
"14531","14531",6835,6927,7003,0.02457937088515
"14532","14532",1771,1771,1783,0.00677583286278938
"14533","14533",5293,5321,5453,0.0302286038163612
"14534","14534",4548,4162,4168,-0.0835532102022867
"14535","14535",2376,2234,2364,-0.00505050505050505
"14536","14536",1890,1890,1738,-0.0804232804232804
"14537","14537",2550,2512,2551,0.000392156862745098
"14538","14538",2807,2807,2462,-0.122907018168864
"19898","19898",2807,2807,2462,-0.122907018168864
"14540","14540",2319,2319,2477,0.068132815868909
"14541","14541",4136,4136,4136,0
"14542","14542",3302,3168,3166,-0.0411871592973955
"14543","14543",1635,1635,1642,0.00428134556574924
"14544","14544",1154,1136,1128,-0.0225303292894281
"14545","14545",1636,1636,1636,0
"14546","14546",2305,2305,2257,-0.020824295010846
"14547","14547",3802,3798,4012,0.0552340873224619
"14548","14548",3875,3892,3851,-0.00619354838709677
"14549","14549",3105,3108,3105,0
"14550","14550",5433,5359,5359,-0.0136204675133444
"14551","14551",3468,3468,3226,-0.0697808535178777
"14552","14552",5276,5481,5591,0.0597043214556482
"14553","14553",2072,2213,2208,0.0656370656370656
"14554","14554",1638,1637,1654,0.00976800976800977
"14555","14555",1765,1765,1653,-0.0634560906515581
"14556","14556",2411,2411,2503,0.0381584404811282
"14557","14557",1382,1382,1382,0
"14558","14558",1469,1469,1473,0.00272294077603812
"14559","14559",1097,1096,1096,-0.000911577028258888
"14560","14560",3541,3541,3540,-0.000282406099971759
"14561","14561",4191,4185,4170,-0.00501073729420186
"14562","14562",4411,4305,4289,-0.0276581274087509
"14563","14563",2744,2753,2829,0.0309766763848397
"14564","14564",2858,2858,2854,-0.00139958012596221
"14565","14565",5534,5834,5820,0.0516805204192266
"14566","14566",2069,2030,1723,-0.167230546157564
"14567","14567",4185,4261,4408,0.0532855436081243
"14569","14569",3963,3963,3864,-0.0249810749432248
"14570","14570",4609,4610,4961,0.0763723150357995
"14571","14571",2999,2999,3003,0.00133377792597533
"14572","14572",6628,6031,6626,-0.000301750150875075
"14573","14573",3574,3574,3538,-0.0100727476217124
"14574","14574",2083,2106,2004,-0.0379260681709073
"18521","18521",2083,2106,2004,-0.0379260681709073
"14575","14575",2930,2930,3135,0.0699658703071672
"14577","14577",1714,1714,1714,0
"14578","14578",2146,2168,2189,0.0200372786579683
"14579","14579",755,755,755,0
"14580","14580",6030,6029,5976,-0.00895522388059702
"14581","14581",7089,7023,6997,-0.0129778530117083
"14582","14582",1048,1046,1046,-0.00190839694656489
"14583","14583",7548,7545,7668,0.0158982511923688
"14584","14584",6757,6501,6628,-0.0190913127127423
"14585","14585",949,1100,964,0.0158061116965227
"14586","14586",2678,3334,3334,0.244958924570575
"14587","14587",4434,4639,4647,0.0480378890392422
"14588","14588",1686,1686,1895,0.123962040332147
"14589","14589",4863,4828,4981,0.0242648570841045
"14591","14591",2797,2764,2733,-0.0228816589202717
"14592","14592",1730,1729,1758,0.0161849710982659
"19496","19496",1730,1729,1758,0.0161849710982659
"14593","14593",3065,3356,3266,0.06557911908646
"14594","14594",1706,1694,1668,-0.022274325908558
"14595","14595",3065,3065,3044,-0.00685154975530179
"14596","14596",1711,1708,1901,0.11104617182934
"14597","14597",3976,3816,3618,-0.0900402414486922
"14598","14598",4217,4075,4302,0.0201565093668485
"14599","14599",4504,4503,4505,0.00022202486678508
"14600","14600",1764,1763,1763,-0.000566893424036281
"14601","14601",2339,2336,2290,-0.0209491235570757
"14602","14602",5769,5814,5327,-0.0766163979892529
"14603","14603",2148,2117,2089,-0.0274674115456238
"14604","14604",2815,2924,2741,-0.0262877442273535
"14605","14605",3548,3551,3317,-0.0651071025930101
"14606","14606",3399,3400,3272,-0.0373639305678141
"14607","14607",2042,1998,2065,0.0112634671890304
"14609","14609",2422,2625,2625,0.0838150289017341
"14610","14610",1140,1140,948,-0.168421052631579
"14611","14611",2863,2854,2854,-0.00314355571079287
"14612","14612",2396,2384,2381,-0.00626043405676127
"17766","17766",2396,2384,2381,-0.00626043405676127
"14613","14613",3131,3131,3210,0.0252315554136059
"14614","14614",3314,3352,3351,0.0111647555823778
"14615","14615",1653,1670,1670,0.0102843315184513
"14616","14616",2971,2974,2981,0.00336587007741501
"14617","14617",3271,3285,3213,-0.0177315805564048
"14618","14618",2626,2594,2540,-0.0327494287890328
"14619","14619",2207,2205,2172,-0.0158586316266425
"14620","14620",7656,7568,7583,-0.0095350052246604
"14621","14621",7844,7715,7656,-0.0239673635900051
"14622","14622",1321,1321,1321,0
"14623","14623",4693,4264,4300,-0.0837417430215214
"14624","14624",3309,3309,3309,0
"14625","14625",1693,1665,1666,-0.0159480212640284
"14626","14626",1845,1957,1957,0.0607046070460705
"14627","14627",1874,1934,2016,0.0757737459978655
"14628","14628",4449,4237,4177,-0.0611373342324118
"14629","14629",1449,1449,1800,0.242236024844721
"14630","14630",2415,2414,2386,-0.012008281573499
"14631","14631",5120,5124,5138,0.003515625
"14632","14632",867,867,1241,0.431372549019608
"14633","14633",1822,1823,1823,0.000548847420417124
"14634","14634",1849,1849,1848,-0.000540832882639265
"14635","14635",3829,3835,3710,-0.0310786106032907
"14637","14637",1570,1570,1570,0
"14638","14638",2517,2517,2286,-0.0917759237187128
"14639","14639",12345,12297,12114,-0.0187120291616039
"14641","14641",5426,5445,5391,-0.00645042388499816
"14642","14642",6455,6463,6692,0.0367157242447715
"14643","14643",2459,2472,2468,0.00366002440016267
"14644","14644",1834,1799,1799,-0.0190839694656489
"14645","14645",2325,2325,2325,0
"14646","14646",3027,2834,2811,-0.0713577799801784
"14647","14647",2555,2557,2560,0.00195694716242661
"14648","14648",1512,1500,1498,-0.00925925925925926
"14649","14649",3656,3665,3664,0.00218818380743982
"14650","14650",3488,3552,3499,0.00315366972477064
"14651","14651",2227,2220,2221,-0.00269420745397396
"14652","14652",3422,3415,3412,-0.00292226767971946
"14653","14653",4875,4619,4706,-0.0346666666666667
"14654","14654",2181,2179,2179,-0.000917010545621275
"14655","14655",1459,1375,1324,-0.0925291295407814
"14656","14656",6094,6122,5866,-0.0374138496882179
"14658","14658",1555,1341,1409,-0.0938906752411576
"14660","14660",5944,5946,5956,0.00201884253028264
"14661","14661",3925,3963,3638,-0.0731210191082803
"14662","14662",2661,2904,2902,0.0905674558436678
"14663","14663",2018,2185,1969,-0.0242814667988107
"14664","14664",1511,1565,1499,-0.00794176042356056
"14665","14665",1458,1458,1458,0
"14666","14666",1864,1927,2145,0.150751072961373
"14667","14667",3299,3619,3090,-0.0633525310700212
"14668","14668",3915,3915,3915,0
"14669","14669",3654,3785,3779,0.0342090859332239
"14670","14670",3949,3932,3853,-0.0243099518865536
"14671","14671",4316,4316,4316,0
"14672","14672",3642,3642,3641,-0.000274574409665019
"14673","14673",2128,2118,2073,-0.0258458646616541
"14674","14674",2516,2602,2670,0.06120826709062
"14675","14675",4079,4010,3999,-0.0196126501593528
"14676","14676",2046,2183,2183,0.0669599217986315
"14677","14677",2411,2417,2417,0.0024885939444214
"14678","14678",2796,2795,2806,0.00357653791130186
"14679","14679",2366,2361,2835,0.198224852071006
"14680","14680",10416,10551,10237,-0.0171850998463902
"14681","14681",2246,2270,2409,0.072573463935886
"14682","14682",3058,3057,3044,-0.00457815565729235
"14683","14683",2694,2700,2700,0.0022271714922049
"14684","14684",1759,2633,2625,0.492325184764071
"14685","14685",596,752,2105,2.53187919463087
"14686","14686",2012,1924,1898,-0.0566600397614314
"14687","14687",7011,7060,6681,-0.047068891741549
"14688","14688",2037,2318,2320,0.138929798723613
"14689","14689",2156,2305,2477,0.148886827458256
"14690","14690",733,939,975,0.330150068212824
"14691","14691",1563,1491,1568,0.00319897632757518
"14692","14692",7771,7753,7843,0.00926521683181058
"14693","14693",3222,3222,3235,0.00403476101800124
"14694","14694",2427,2463,2463,0.0148331273176761
"14695","14695",4308,4312,4122,-0.0431754874651811
"14696","14696",1183,1183,1286,0.0870667793744717
"14697","14697",4037,4001,3808,-0.0567252910577161
"14698","14698",3313,3408,3211,-0.0307878056142469
"14699","14699",2980,2979,2968,-0.00402684563758389
"14700","14700",4729,4785,5059,0.0697821949672235
"14701","14701",1541,1539,1665,0.0804672290720311
"14702","14702",2837,2921,2914,0.0271413464927741
"14703","14703",2912,2899,2843,-0.0236950549450549
"14704","14704",2647,2647,2681,0.0128447298828863
"14705","14705",1728,1728,1725,-0.00173611111111111
"14706","14706",1928,1928,1928,0
"14707","14707",5863,5751,5905,0.0071635681391779
"14708","14708",5401,5401,5534,0.0246250694315867
"14709","14709",3073,3030,2968,-0.0341685649202733
"14710","14710",1705,1663,1618,-0.0510263929618768
"14712","14712",8646,9209,8436,-0.0242886884108258
"14713","14713",2725,2725,2725,0
"18597","18597",2725,2725,2725,0
"14715","14715",2297,2272,2272,-0.0108837614279495
"14717","14717",4039,4041,4085,0.0113889576627878
"14718","14718",3939,3939,3589,-0.0888550393500889
"14719","14719",1709,1740,1656,-0.0310122878876536
"14720","14720",1269,1269,1440,0.134751773049645
"14722","14722",9528,9464,9196,-0.0348446683459278
"14723","14723",1242,1278,1278,0.0289855072463768
"14724","14724",3050,2656,2566,-0.158688524590164
"14725","14725",2308,2309,2309,0.000433275563258232
"14726","14726",3274,3269,3275,0.00030543677458766
"14727","14727",2488,2716,2716,0.0916398713826367
"14728","14728",1975,1975,1913,-0.0313924050632911
"14729","14729",5453,5459,5393,-0.0110031175499725
"14731","14731",2927,2925,2925,-0.000683293474547318
"14732","14732",4044,3801,3455,-0.145647873392681
"14733","14733",7716,7293,7204,-0.0663556246759979
"14734","14734",763,763,888,0.163826998689384
"14735","14735",1794,1802,1802,0.00445930880713489
"14737","14737",6488,6398,6399,-0.0137176325524044
"14738","14738",1196,1196,1195,-0.000836120401337793
"14739","14739",1419,1422,1421,0.00140944326990839
"14740","14740",1734,1722,1722,-0.0069204152249135
"14741","14741",3309,3313,3379,0.0211544273194319
"14742","14742",1458,1458,1448,-0.00685871056241427
"14743","14743",881,888,889,0.00908059023836549
"14744","14744",2525,2525,2694,0.0669306930693069
"14745","14745",2710,2689,2745,0.0129151291512915
"14746","14746",3321,3241,3540,0.0659439927732611
"14747","14747",4502,4494,4501,-0.00022212350066637
"14748","14748",1839,1837,1835,-0.00217509516041327
"14749","14749",2073,2074,2076,0.00144717800289436
"14750","14750",2902,3006,2902,0
"14751","14751",2125,2314,1993,-0.0621176470588235
"14752","14752",2136,2033,2021,-0.0538389513108614
"14753","14753",1373,1536,1536,0.118718135469774
"14755","14755",5202,5202,5313,0.0213379469434833
"14756","14756",7881,7873,8082,0.0255043776170537
"14757","14757",5448,5423,4991,-0.0838839941262849
"14758","14758",2314,2334,2340,0.0112359550561798
"14759","14759",1839,1826,1955,0.0630777596519848
"14760","14760",1500,1500,1406,-0.0626666666666667
"14761","14761",8081,8117,7857,-0.0277193416656354
"14762","14762",2030,2025,2009,-0.0103448275862069
"14763","14763",3164,3166,3166,0.000632111251580278
"14764","14764",1510,1510,1510,0
"14765","14765",10670,10631,10463,-0.0194001874414246
"14766","14766",5418,5417,5445,0.00498338870431894
"14767","14767",3811,3826,3819,0.00209918656520598
"14768","14768",1138,1138,2128,0.869947275922671
"14769","14769",3757,3752,3652,-0.0279478307159968
"14770","14770",4674,4676,4715,0.0087719298245614
"14771","14771",831,831,831,0
"14772","14772",2909,2818,2818,-0.0312822275696115
"14773","14773",1788,1788,1669,-0.0665548098434005
"14774","14774",1033,1033,1033,0
"14775","14775",2474,2512,2513,0.0157639450282943
"14776","14776",4221,4221,4419,0.046908315565032
"14777","14777",2036,1671,2025,-0.00540275049115914
"14778","14778",3868,3869,3869,0.000258531540847983
"14779","14779",1740,1740,1740,0
"14780","14780",2486,2347,2573,0.0349959774738536
"14781","14781",5024,4894,4683,-0.0678742038216561
"14783","14783",1233,1233,1225,-0.0064882400648824
"14784","14784",2807,2815,2808,0.000356252226576416
"14785","14785",2205,2204,2322,0.0530612244897959
"14786","14786",2867,2858,2863,-0.00139518660620858
"14787","14787",6318,5563,5560,-0.119974675530231
"14788","14788",6406,6468,6582,0.0274742428972838
"14789","14789",2670,2666,2688,0.00674157303370787
"14790","14790",1356,1407,1403,0.0346607669616519
"14791","14791",4262,4262,3979,-0.0664007508212107
"14792","14792",2572,2568,2634,0.0241057542768274
"14793","14793",3707,3707,3705,-0.000539519827353655
"14794","14794",4472,4469,4563,0.0203488372093023
"14795","14795",1519,1255,1379,-0.0921658986175115
"14796","14796",2867,2959,2823,-0.0153470526682944
"14797","14797",2004,2009,2009,0.00249500998003992
"14798","14798",1333,1361,1361,0.0210052513128282
"14799","14799",1895,1895,1895,0
"14800","14800",3428,3394,3380,-0.014002333722287
"14801","14801",8754,8434,8429,-0.0371258853095728
"14802","14802",1248,1250,1283,0.0280448717948718
"14803","14803",3224,3191,3191,-0.0102357320099256
"14804","14804",1641,1641,1641,0
"14805","14805",1660,1663,1788,0.0771084337349398
"14806","14806",7694,7691,8000,0.0397712503249285
"14807","14807",1351,1351,1288,-0.0466321243523316
"14808","14808",6904,6760,6732,-0.0249130938586327
"14809","14809",1597,1596,1600,0.00187852222917971
"14810","14810",2342,2483,2452,0.0469684030742955
"14811","14811",2404,2383,2425,0.00873544093178037
"14812","14812",2767,2767,3274,0.183230936031803
"14813","14813",2693,2693,2775,0.0304493130337913
"14815","14815",1838,1839,1620,-0.11860718171926
"14816","14816",2744,2768,2787,0.0156705539358601
"14817","14817",2365,2092,2370,0.00211416490486258
"14818","14818",3008,3008,3008,0
"14819","14819",3802,4010,3800,-0.000526038926880589
"14820","14820",1527,1521,1610,0.054354944335298
"14821","14821",3576,3540,3540,-0.0100671140939597
"14823","14823",2164,2106,2251,0.0402033271719039
"14824","14824",6173,6042,6104,-0.0111777093795561
"14825","14825",4477,4477,4547,0.0156354701809247
"14826","14826",1965,1826,1805,-0.0814249363867685
"14827","14827",3813,3775,3745,-0.017833726724364
"14828","14828",841,841,841,0
"14829","14829",7259,6836,6626,-0.087202093952335
"14830","14830",3825,3788,3773,-0.0135947712418301
"14831","14831",3897,3914,3515,-0.0980241211188093
"14832","14832",6797,6718,6680,-0.0172134765337649
"14833","14833",3002,2725,2908,-0.0313124583610926
"14834","14834",2813,2804,2905,0.032705296836118
"14835","14835",1751,1702,1702,-0.0279840091376356
"14836","14836",1909,1923,1924,0.00785751702462022
"14837","14837",2341,2467,2467,0.0538231524989321
"14838","14838",4611,4611,4569,-0.00910865322055953
"14839","14839",2737,2665,2664,-0.0266715381804896
"14840","14840",2436,2435,2548,0.0459770114942529
"14841","14841",2383,2383,2368,-0.00629458665547629
"14843","14843",4205,4129,4165,-0.00951248513674197
"14844","14844",2439,1972,1970,-0.192291922919229
"14845","14845",7460,6834,6694,-0.102680965147453
"14846","14846",3289,3297,3255,-0.0103374885983582
"14847","14847",1591,3181,3180,0.998742928975487
"14848","14848",4417,4417,4399,-0.00407516413855558
"14849","14849",2549,2552,2514,-0.0137308748528835
"14850","14850",3458,3850,3808,0.101214574898785
"14851","14851",2252,2252,2194,-0.0257548845470693
"14852","14852",3906,3862,3762,-0.0368663594470046
"14853","14853",2736,3128,2753,0.00621345029239766
"14854","14854",5951,5884,5990,0.00655352041673668
"14855","14855",2384,2383,2383,-0.000419463087248322
"14856","14856",3790,3797,3799,0.00237467018469657
"14857","14857",3573,3586,3614,0.0114749510215505
"14859","14859",1891,2135,2135,0.129032258064516
"14860","14860",2740,2642,2656,-0.0306569343065693
"14861","14861",3642,3643,3649,0.00192202086765513
"14862","14862",9917,10011,9798,-0.0119995966522134
"14863","14863",1363,1363,1601,0.17461482024945
"14864","14864",1558,1464,1344,-0.137355584082157
"14865","14865",2055,2159,2054,-0.00048661800486618
"14866","14866",2242,2332,2242,0
"14867","14867",1806,1864,1881,0.0415282392026578
"14868","14868",3144,3574,3487,0.109096692111959
"14869","14869",3331,3334,3413,0.0246172320624437
"14870","14870",2453,2450,2270,-0.0746025275173257
"14871","14871",5397,5400,5351,-0.00852325365944043
"14872","14872",5289,5288,5296,0.00132350160710909
"14873","14873",1763,1801,1799,0.0204197390811117
"14874","14874",3391,3221,3366,-0.00737245650250664
"14875","14875",9535,9684,9393,-0.0148925013109596
"14876","14876",1188,1176,1176,-0.0101010101010101
"14877","14877",1059,1059,971,-0.0830972615675165
"14878","14878",2577,2584,2584,0.0027163368257664
"14879","14879",2189,2440,2443,0.116034719049794
"14880","14880",3987,3881,3917,-0.017557060446451
"14881","14881",7078,7240,7384,0.0432325515682396
"14882","14882",1845,1845,1941,0.0520325203252033
"14883","14883",6273,6301,6491,0.0347521122270046
"14884","14884",2373,2377,2377,0.00168563000421408
"14885","14885",5374,5384,5391,0.00316337923334574
"14886","14886",5182,5074,5075,-0.020648398301814
"14887","14887",1996,1996,1987,-0.00450901803607214
"14888","14888",5159,4703,5609,0.0872262066291917
"14889","14889",3990,3914,3915,-0.018796992481203
"14890","14890",2066,2038,2015,-0.0246853823814134
"14891","14891",4330,4246,4245,-0.0196304849884527
"14892","14892",2995,3029,3029,0.0113522537562604
"14893","14893",1770,1773,1700,-0.0395480225988701
"14894","14894",2502,2503,2525,0.00919264588329336
"14895","14895",2188,1980,1940,-0.113345521023766
"14896","14896",2474,2474,2572,0.0396119644300728
"14897","14897",3216,3219,3093,-0.0382462686567164
"14898","14898",3173,3161,3149,-0.00756381972896313
"14899","14899",6145,6222,6463,0.0517493897477624
"14901","14901",5411,5314,4935,-0.0879689521345408
"14903","14903",1925,2022,2023,0.0509090909090909
"14904","14904",1715,1715,1716,0.000583090379008746
"14905","14905",3297,3296,3298,0.000303306035790112
"14906","14906",2810,2930,2930,0.0427046263345196
"14907","14907",5970,5970,5672,-0.0499162479061977
"14908","14908",1751,1695,1697,-0.0308395202741291
"14909","14909",3074,3142,3639,0.183799609629148
"14910","14910",1700,1701,1929,0.134705882352941
"14911","14911",1229,1229,1282,0.0431244914564687
"14912","14912",3008,3003,3042,0.0113031914893617
"14913","14913",2905,2906,2908,0.00103270223752151
"14914","14914",2342,2342,2345,0.00128095644748079
"14915","14915",1695,1703,1696,0.000589970501474926
"14916","14916",2168,2168,2085,-0.0382841328413284
"14917","14917",1921,1880,1880,-0.0213430504945341
"14918","14918",3544,3500,3516,-0.00790067720090293
"14919","14919",3272,2703,2617,-0.20018337408313
"14920","14920",2736,2736,2896,0.0584795321637427
"14921","14921",3388,3388,3342,-0.0135773317591499
"14922","14922",1609,1609,1610,0.000621504039776259
"14923","14923",2186,2175,2170,-0.00731930466605672
"14924","14924",3349,3223,3326,-0.00686772170797253
"14925","14925",2794,2837,2836,0.0150322118826056
"14926","14926",4972,4967,4878,-0.0189058728881738
"14927","14927",2437,2202,2368,-0.0283135002051703
"14928","14928",2445,2445,2064,-0.155828220858896
"14929","14929",4308,4259,4287,-0.00487465181058496
"14930","14930",6504,6504,6500,-0.000615006150061501
"14931","14931",2834,2842,2801,-0.0116443189837685
"14932","14932",4049,4052,4050,0.000246974561620153
"14933","14933",2619,2637,2637,0.00687285223367698
"14934","14934",1865,1865,1690,-0.0938337801608579
"14935","14935",1019,1029,1033,0.013738959764475
"14936","14936",2270,2270,2268,-0.000881057268722467
"14937","14937",2677,2825,2933,0.095629435935749
"14938","14938",1132,1132,1177,0.0397526501766784
"14939","14939",1854,1854,1854,0
"14940","14940",3425,3425,3267,-0.0461313868613139
"14942","14942",1693,1694,1694,0.000590667454223272
"14943","14943",2787,2788,2751,-0.0129171151776103
"14944","14944",1332,1332,1317,-0.0112612612612613
"14945","14945",3339,3322,3440,0.0302485774183887
"14946","14946",2624,2624,2603,-0.00800304878048781
"14948","14948",1590,1589,1588,-0.00125786163522013
"14949","14949",1229,1229,1186,-0.0349877949552482
"14950","14950",2698,2697,2745,0.0174203113417346
"14951","14951",4449,4453,4460,0.0024724657226343
"14952","14952",1453,1441,1480,0.018582243633861
"14953","14953",1988,2080,1921,-0.0337022132796781
"14954","14954",4280,4148,4340,0.014018691588785
"14955","14955",3081,3081,3053,-0.00908795845504706
"14956","14956",6453,6445,6453,0
"14957","14957",7159,7158,6765,-0.0550356194999302
"14958","14958",1333,1333,2323,0.742685671417854
"14959","14959",4583,4534,4634,0.0111280820423304
"14960","14960",2597,2597,3009,0.158644589911436
"14961","14961",2371,2371,2372,0.000421762969211303
"14962","14962",3476,3477,3445,-0.00891829689298044
"14963","14963",4112,4149,4058,-0.0131322957198444
"14964","14964",7942,7956,7952,0.0012591286829514
"14965","14965",1791,1791,1791,0
"14966","14966",1184,1184,1184,0
"14967","14967",2909,2910,2898,-0.00378136816775524
"15750","15750",2909,2910,2898,-0.00378136816775524
"14968","14968",4800,4890,4700,-0.0208333333333333
"14969","14969",3502,3555,3756,0.0725299828669332
"14970","14970",2654,2651,2367,-0.108138658628485
"14971","14971",3815,3815,3781,-0.00891218872870249
"14973","14973",1901,1946,1950,0.0257759074171489
"14974","14974",3679,3678,3716,0.0100570807284588
"14975","14975",2190,2240,2240,0.0228310502283105
"14976","14976",1708,1708,1537,-0.100117096018735
"14977","14977",2570,2569,2684,0.0443579766536965
"14978","14978",1396,1432,1441,0.0322349570200573
"14979","14979",2525,2524,2518,-0.00277227722772277
"14980","14980",2693,2537,2533,-0.0594132937244709
"14981","14981",7303,7409,7521,0.0298507462686567
"14982","14982",6237,6124,6065,-0.0275773609106942
"14983","14983",2472,2472,2472,0
"14984","14984",4792,4792,4735,-0.0118948247078464
"14985","14985",1843,1843,1844,0.000542593597395551
"14986","14986",3899,3900,3899,0
"14987","14987",3362,3481,3651,0.0859607376561571
"14988","14988",3414,3338,3345,-0.0202108963093146
"14989","14989",2347,2342,2365,0.00766936514699617
"14990","14990",3851,3946,3863,0.00311607374707868
"14991","14991",3236,3287,3591,0.109703337453646
"14992","14992",1268,1268,1333,0.0512618296529968
"14993","14993",4857,4724,4668,-0.0389129092032119
"14994","14994",3353,3369,3362,0.0026841634357292
"14995","14995",1479,1479,1468,-0.00743745774171738
"14996","14996",1597,1597,1734,0.0857858484658735
"14997","14997",1229,1229,1171,-0.0471928397070789
"14998","14998",2289,2288,2321,0.0139799038881608
"14999","14999",3272,3157,3092,-0.0550122249388753
"15000","15000",3160,3159,2529,-0.199683544303797
"15001","15001",8066,7970,7827,-0.0296305479791718
"15003","15003",2786,2789,2596,-0.0681981335247667
"15004","15004",2655,2655,2655,0
"15005","15005",1253,1253,1253,0
"15006","15006",2423,2465,2185,-0.0982253404869996
"15007","15007",1944,1944,1944,0
"15008","15008",5451,5306,5350,-0.0185287103283801
"15009","15009",2566,2566,2566,0
"15010","15010",1493,1428,1370,-0.0823844608171467
"15011","15011",2941,2939,2790,-0.0513430805848351
"15012","15012",4431,4350,4350,-0.018280297901151
"15013","15013",884,881,924,0.0452488687782805
"15014","15014",3371,3371,3362,-0.00266983091070899
"15015","15015",3052,3020,3010,-0.0137614678899083
"15016","15016",3297,3297,3301,0.00121322414316045
"15017","15017",1750,1750,1768,0.0102857142857143
"15018","15018",5135,5133,4878,-0.0500486854917235
"15019","15019",3818,3817,3926,0.0282870612886328
"15020","15020",2552,2550,2576,0.00940438871473354
"15021","15021",1145,1145,1145,0
"15022","15022",4123,4191,4188,0.0157652195003638
"15023","15023",3848,3848,3834,-0.00363825363825364
"15024","15024",3084,2276,2241,-0.273346303501945
"15025","15025",5249,5464,5300,0.00971613640693465
"15026","15026",2844,2861,2863,0.00668073136427567
"15027","15027",1385,1385,1344,-0.0296028880866426
"15028","15028",2536,2531,2563,0.0106466876971609
"15029","15029",2898,2951,2951,0.0182884748102139
"15030","15030",4247,4712,4499,0.0593360018836826
"15031","15031",3182,3182,3182,0
"16197","16197",3182,3182,3182,0
"15032","15032",7273,7029,6920,-0.0485356799120033
"15033","15033",3454,3455,3392,-0.0179502026635785
"15034","15034",3882,3882,4139,0.0662029881504379
"15035","15035",1888,1761,1761,-0.0672669491525424
"15036","15036",1274,1274,1291,0.0133437990580848
"15038","15038",1456,1456,1255,-0.138049450549451
"15039","15039",2700,2700,2568,-0.0488888888888889
"15040","15040",2347,2353,2356,0.00383468257349808
"15041","15041",2912,2912,2912,0
"15042","15042",1304,1304,1304,0
"15043","15043",2596,2439,2439,-0.0604776579352851
"15045","15045",3030,3030,3033,0.00099009900990099
"15046","15046",1669,1669,1611,-0.0347513481126423
"15047","15047",2052,2114,2153,0.0492202729044834
"15048","15048",3091,3092,3551,0.148819152377871
"15049","15049",2032,2032,2035,0.00147637795275591
"15050","15050",4110,3401,3334,-0.188807785888078
"15051","15051",2806,2806,2841,0.0124732715609408
"15052","15052",4061,4158,4119,0.0142821965033243
"15053","15053",2670,2671,2670,0
"15054","15054",940,940,941,0.00106382978723404
"15056","15056",875,875,904,0.0331428571428571
"15057","15057",2441,2435,2435,-0.00245800901269971
"15058","15058",1083,1083,994,-0.0821791320406279
"15059","15059",3973,3867,3854,-0.0299521771960735
"15060","15060",1876,1874,1874,-0.00106609808102345
"15061","15061",1713,1540,1570,-0.0834792761237595
"15062","15062",1278,1301,1200,-0.0610328638497653
"15063","15063",1121,1121,1121,0
"15064","15064",5571,5571,5582,0.00197451085980973
"15066","15066",3305,3218,3082,-0.0674735249621785
"15067","15067",6795,6793,6809,0.00206033848417954
"15068","15068",3379,3486,3486,0.03166617342409
"15069","15069",15835,15779,15675,-0.0101041995579413
"15071","15071",4605,4604,4607,0.000434310532030402
"15072","15072",6100,6100,6100,0
"15073","15073",1901,2028,2025,0.0652288269331931
"15074","15074",2856,3041,3142,0.100140056022409
"15075","15075",2081,2214,1925,-0.074963959634791
"15076","15076",4174,4503,3901,-0.0654048873981792
"15077","15077",3200,3202,3202,0.000625
"15078","15078",2926,2966,2521,-0.138414217361586
"15079","15079",1673,1408,1671,-0.00119545726240287
"15080","15080",6653,6564,6747,0.0141289643769728
"15081","15081",4114,3897,3614,-0.121536217792902
"15082","15082",1469,1469,1478,0.00612661674608577
"15083","15083",5710,5594,5844,0.0234676007005254
"15084","15084",2529,2494,2439,-0.0355871886120996
"15085","15085",2522,2571,2719,0.0781126090404441
"15086","15086",3059,2990,3158,0.0323635174893756
"15087","15087",4408,4407,4501,0.0210980036297641
"15088","15088",2136,2163,2185,0.022940074906367
"15089","15089",2491,2566,2562,0.0285026093938177
"15091","15091",4359,4316,3999,-0.0825877494838266
"15092","15092",4104,4255,4274,0.0414230019493177
"15093","15093",1269,1174,1182,-0.0685579196217494
"15094","15094",1141,1131,1139,-0.00175284837861525
"15095","15095",1434,1434,1435,0.000697350069735007
"15096","15096",6200,5634,5655,-0.0879032258064516
"15097","15097",1680,1725,1731,0.0303571428571429
"15098","15098",2324,2490,2340,0.00688468158347676
"15100","15100",3709,3710,3722,0.00350498786734969
"15101","15101",2020,2021,2021,0.000495049504950495
"15102","15102",1707,1839,2042,0.196250732278852
"15103","15103",1789,1789,1789,0
"18897","18897",1789,1789,1789,0
"15104","15104",4534,4332,2932,-0.353330392589325
"15105","15105",1142,1142,1650,0.444833625218914
"15107","15107",2434,2435,2539,0.043138866064092
"15108","15108",751,751,751,0
"15109","15109",5467,5467,5596,0.0235961221876715
"15110","15110",4470,4469,4462,-0.00178970917225951
"15111","15111",1530,1530,1530,0
"15112","15112",4477,4477,4477,0
"15113","15113",4370,4370,3322,-0.239816933638444
"15114","15114",7013,7144,6888,-0.0178240410665906
"15115","15115",3573,3890,3563,-0.00279876854184159
"15116","15116",4836,4681,4683,-0.0316377171215881
"15117","15117",9383,8974,9497,0.0121496323137589
"15118","15118",2352,2352,2352,0
"15119","15119",4017,4189,3973,-0.0109534478466517
"15120","15120",2245,2245,2457,0.0944320712694877
"15121","15121",1424,1468,1461,0.0259831460674157
"15123","15123",4341,4695,4515,0.0400829302004147
"15124","15124",1865,2024,1781,-0.0450402144772118
"15125","15125",5905,5933,6229,0.0548687552921253
"15126","15126",2203,2084,2218,0.00680889695869269
"15127","15127",5651,5645,5480,-0.0302601309502743
"15128","15128",3203,3248,3363,0.0499531689041524
"15129","15129",5268,5268,5270,0.000379650721336371
"15130","15130",3547,3547,3547,0
"15131","15131",1174,835,647,-0.448892674616695
"15132","15132",2060,2052,2052,-0.00388349514563107
"15133","15133",1421,1421,1421,0
"16229","16229",1421,1421,1421,0
"15134","15134",2140,2136,2568,0.2
"15135","15135",2237,2267,2315,0.0348681269557443
"15136","15136",4195,4259,4585,0.0929678188319428
"15137","15137",2181,2158,2115,-0.0302613480055021
"15138","15138",2319,2328,2572,0.109098749460975
"15139","15139",2411,2118,1853,-0.23143923683119
"15140","15140",1440,1548,1595,0.107638888888889
"15142","15142",2041,2032,2020,-0.0102890739833415
"15143","15143",2742,2812,2820,0.0284463894967177
"15145","15145",942,1053,989,0.0498938428874735
"15146","15146",4180,4111,4125,-0.0131578947368421
"15147","15147",2438,2438,2438,0
"15148","15148",4075,4075,4075,0
"15149","15149",1950,1866,1830,-0.0615384615384615
"15150","15150",3732,3732,3758,0.00696677384780279
"15151","15151",2806,2700,2694,-0.0399144689950107
"15152","15152",1969,1972,1971,0.00101574403250381
"15153","15153",3129,3132,3139,0.00319590923617769
"15154","15154",1715,1815,1727,0.00699708454810496
"18627","18627",1715,1815,1727,0.00699708454810496
"15155","15155",2934,2665,2669,-0.0903203817314247
"15156","15156",2139,2139,2239,0.0467508181393174
"15157","15157",1502,1502,1434,-0.0452729693741678
"15158","15158",3433,3440,3378,-0.0160209729099913
"15159","15159",4970,4946,4705,-0.0533199195171026
"15160","15160",3088,3088,3087,-0.000323834196891192
"15161","15161",2083,2082,2085,0.000960153624579933
"15162","15162",1617,1612,1615,-0.00123685837971552
"15163","15163",1523,1523,1484,-0.025607353906763
"15164","15164",4043,4127,4127,0.0207766510017314
"15165","15165",2094,2094,2099,0.00238777459407832
"15166","15166",3053,3142,3230,0.0579757615460203
"15167","15167",1842,1845,1847,0.00271444082519001
"15168","15168",3064,3060,3060,-0.00130548302872063
"15169","15169",4119,4133,4140,0.00509832483612527
"15170","15170",7688,7682,7705,0.00221123829344433
"15171","15171",1804,1805,1916,0.0620842572062084
"15172","15172",1792,1780,1536,-0.142857142857143
"15173","15173",7343,7371,7119,-0.0305052430886559
"15174","15174",7043,7070,7097,0.00766718727814852
"15175","15175",2733,2726,2679,-0.0197585071350165
"15176","15176",1458,1458,1457,-0.000685871056241427
"15177","15177",1868,1868,1798,-0.0374732334047109
"15178","15178",3174,3171,3275,0.0318210459987398
"15179","15179",1962,1961,1692,-0.137614678899083
"15180","15180",2441,2441,2441,0
"15181","15181",1577,1604,1579,0.00126823081800888
"15182","15182",3175,3192,3073,-0.0321259842519685
"15183","15183",3650,3642,3579,-0.0194520547945205
"15184","15184",3909,3882,3890,-0.0048605781529803
"15186","15186",2103,2103,2158,0.0261531145981931
"15187","15187",3299,3095,3093,-0.0624431645953319
"15188","15188",3028,3153,3101,0.024108322324967
"15189","15189",2426,2426,2345,-0.0333882934872218
"15191","15191",9997,10046,10072,0.00750225067520256
"15192","15192",2216,2216,2231,0.00676895306859206
"15193","15193",2329,2329,2329,0
"15194","15194",1674,1513,1772,0.0585424133811231
"15195","15195",4598,4626,4549,-0.010656807307525
"15196","15196",1402,1402,1404,0.0014265335235378
"15197","15197",3659,3659,3665,0.00163979229297622
"15198","15198",1628,1602,1571,-0.035012285012285
"15199","15199",799,799,710,-0.111389236545682
"15200","15200",4379,4190,5333,0.217857958438
"15201","15201",4795,4796,4834,0.00813347236704901
"15202","15202",3139,3164,2817,-0.102580439630456
"15203","15203",1386,1386,1332,-0.038961038961039
"15204","15204",9071,8905,8937,-0.0147723514496748
"15205","15205",3031,3029,2834,-0.0649950511382382
"15206","15206",1230,1230,1193,-0.0300813008130081
"15207","15207",2640,2640,2641,0.000378787878787879
"15208","15208",1937,1940,1874,-0.0325245224574084
"15209","15209",3019,3055,3055,0.0119244783040742
"15210","15210",1830,1800,1829,-0.000546448087431694
"15214","15214",4030,4032,3906,-0.0307692307692308
"15215","15215",10532,10483,10292,-0.0227876946448918
"15216","15216",7269,7269,7315,0.00632824322465263
"15217","15217",2015,2015,1996,-0.00942928039702233
"15218","15218",4446,3440,3541,-0.203553756185335
"15219","15219",2639,2675,2610,-0.010989010989011
"15220","15220",3232,3276,3201,-0.00959158415841584
"15221","15221",4484,4344,4347,-0.0305530776092774
"15222","15222",1377,1348,1342,-0.0254175744371823
"15223","15223",1296,1296,1227,-0.0532407407407407
"15224","15224",1625,1619,1640,0.00923076923076923
"15225","15225",3004,3004,3869,0.287949400798935
"15226","15226",4292,4294,4523,0.0538210624417521
"15227","15227",2920,2927,2872,-0.0164383561643836
"15228","15228",3398,3398,3100,-0.0876986462625074
"15229","15229",6224,6435,6439,0.0345437017994859
"15230","15230",4250,4248,4245,-0.00117647058823529
"15231","15231",2879,2845,2843,-0.0125043417853421
"15232","15232",1561,1557,1558,-0.00192184497117233
"15233","15233",2979,3036,3193,0.071836186639812
"15234","15234",1969,1919,2133,0.0832910106653123
"15235","15235",2292,2292,2009,-0.12347294938918
"15236","15236",1442,1177,1440,-0.0013869625520111
"15237","15237",1298,1298,1198,-0.0770416024653313
"15238","15238",1956,1956,1951,-0.00255623721881391
"15239","15239",1583,1582,1583,0
"15240","15240",3198,3198,3039,-0.049718574108818
"15241","15241",1304,1275,1312,0.00613496932515337
"15242","15242",1590,1592,1605,0.00943396226415094
"15243","15243",5162,5173,5354,0.0371948857032158
"15244","15244",3330,3329,3227,-0.0309309309309309
"15245","15245",1197,1198,1190,-0.00584795321637427
"15246","15246",2294,2294,2255,-0.0170008718395815
"15247","15247",4329,4524,4346,0.00392700392700393
"15248","15248",1016,1034,1055,0.0383858267716535
"15249","15249",1032,1044,1044,0.0116279069767442
"15250","15250",2317,2009,2019,-0.128614587829089
"15251","15251",4085,3853,3413,-0.164504283965728
"15252","15252",2349,2349,2349,0
"15253","15253",4832,5042,5027,0.0403559602649007
"15254","15254",3729,3712,3918,0.0506838294448914
"15255","15255",1267,1371,1460,0.152328334648777
"15256","15256",3000,3000,3000,0
"15257","15257",5265,5265,5265,0
"15258","15258",3750,3750,3711,-0.0104
"15259","15259",2366,2366,2379,0.00549450549450549
"15260","15260",5128,5118,5118,-0.00195007800312012
"15261","15261",1997,1997,2001,0.00200300450676014
"15262","15262",2330,2325,2325,-0.00214592274678112
"15263","15263",2560,2566,2699,0.054296875
"15264","15264",1848,1842,1735,-0.0611471861471861
"15265","15265",4136,4216,4037,-0.023936170212766
"15266","15266",1628,1707,1617,-0.00675675675675676
"15267","15267",2247,2247,2248,0.000445037828215398
"15268","15268",1101,1101,1101,0
"15269","15269",7123,7081,7181,0.00814263652955216
"15270","15270",2368,2372,2385,0.00717905405405405
"15271","15271",1514,1514,1514,0
"15272","15272",4190,3957,3903,-0.0684964200477327
"15274","15274",4880,5170,4928,0.00983606557377049
"15275","15275",2697,2693,2207,-0.181683351872451
"15276","15276",3771,3802,3801,0.00795544948289578
"15277","15277",1846,1846,1846,0
"15278","15278",2048,2048,2012,-0.017578125
"15279","15279",3387,3384,3383,-0.00118098612341305
"15280","15280",1335,1337,2015,0.50936329588015
"15281","15281",1370,1370,1294,-0.0554744525547445
"15283","15283",1878,1878,1867,-0.00585729499467519
"15284","15284",1844,1844,1854,0.00542299349240781
"15285","15285",2846,3022,2558,-0.101194659170766
"15286","15286",4243,4242,4242,-0.000235682300259251
"15287","15287",1909,1890,1890,-0.00995285489785228
"15288","15288",2450,2450,2470,0.00816326530612245
"15289","15289",2052,2052,2047,-0.00243664717348928
"15290","15290",4909,4854,4785,-0.0252597270319821
"15291","15291",2205,2205,2219,0.00634920634920635
"15292","15292",669,665,859,0.284005979073244
"15294","15294",1834,1834,1838,0.00218102508178844
"15295","15295",1005,1005,1124,0.118407960199005
"15296","15296",2118,2117,2406,0.135977337110482
"15297","15297",2922,2922,2700,-0.0759753593429158
"15298","15298",553,553,517,-0.0650994575045208
"15299","15299",1804,1803,1611,-0.106984478935698
"15300","15300",2011,2011,1903,-0.0537046245648931
"15301","15301",2290,2292,1970,-0.139737991266376
"15302","15302",4206,4123,3949,-0.0611031859248692
"15303","15303",1317,1323,1322,0.00379650721336371
"15304","15304",2890,2890,3318,0.148096885813149
"15305","15305",1661,1666,1611,-0.0301023479831427
"15306","15306",3612,3614,3702,0.0249169435215947
"15307","15307",4999,5631,5479,0.0960192038407681
"15308","15308",5782,5780,5781,-0.000172950536146662
"15309","15309",1962,1962,1856,-0.054026503567788
"15310","15310",3500,3503,3493,-0.002
"15311","15311",1653,1625,1904,0.151845130066546
"15312","15312",5129,5139,5136,0.00136478845778904
"15314","15314",2733,2734,2733,0
"15315","15315",5324,5387,5169,-0.0291134485349361
"15317","15317",2120,2114,2016,-0.0490566037735849
"15318","15318",3779,3648,3545,-0.061921143159566
"15319","15319",7950,7949,7930,-0.00251572327044025
"15320","15320",4815,4824,4559,-0.0531671858774663
"15321","15321",2380,2372,2372,-0.00336134453781513
"15322","15322",2392,2380,2476,0.0351170568561873
"15323","15323",5896,5912,5855,-0.00695386702849389
"15324","15324",2174,2173,2173,-0.000459981600735971
"15325","15325",9439,9435,9513,0.00783981353956987
"15326","15326",3480,3477,3798,0.0913793103448276
"15327","15327",9490,9532,9420,-0.00737618545837724
"15328","15328",2034,2029,2030,-0.00196656833824975
"15969","15969",2034,2029,2030,-0.00196656833824975
"15329","15329",1479,1479,1475,-0.00270453008789723
"15330","15330",6439,6457,6444,0.000776518092871564
"15331","15331",1386,1266,1258,-0.0923520923520924
"18019","18019",1386,1266,1258,-0.0923520923520924
"15332","15332",2173,2172,2457,0.130694891854579
"15333","15333",2474,2469,2841,0.148342764753436
"15334","15334",4046,4073,4128,0.0202669303015324
"15335","15335",4951,4942,5037,0.0173702282367199
"15336","15336",2166,2164,2165,-0.000461680517082179
"19939","19939",2166,2164,2165,-0.000461680517082179
"15337","15337",4002,4001,3998,-0.000999500249875062
"15338","15338",2361,2234,2122,-0.101228293096146
"15339","15339",5765,6078,5963,0.0343451864700781
"15340","15340",2898,2926,3144,0.0848861283643892
"15341","15341",6788,6788,6733,-0.00810253388332351
"15342","15342",3103,3077,3068,-0.0112794070254592
"15343","15343",2568,2412,2412,-0.0607476635514019
"15344","15344",2443,2407,2156,-0.117478510028653
"15345","15345",5133,5135,5143,0.00194817845314631
"15346","15346",1755,1791,1791,0.0205128205128205
"15347","15347",6052,5923,5925,-0.0209847984137475
"15348","15348",4753,4754,4769,0.00336629497159689
"15349","15349",1636,1636,1615,-0.0128361858190709
"15350","15350",3100,3088,3328,0.0735483870967742
"15351","15351",2355,2355,2241,-0.0484076433121019
"15352","15352",2069,2069,2069,0
"15353","15353",1664,1681,1681,0.0102163461538462
"15354","15354",2258,2258,2347,0.0394154118689105
"15355","15355",2129,2129,1974,-0.0728041333959605
"15356","15356",5367,5366,5375,0.00149059064654369
"15357","15357",3171,3171,3338,0.0526647745190792
"15358","15358",4133,4204,4866,0.177353012339705
"15359","15359",3080,3080,3115,0.0113636363636364
"15360","15360",1244,1244,1244,0
"15361","15361",3263,3327,3670,0.124731841863316
"15362","15362",5890,5821,5831,-0.0100169779286927
"15363","15363",2247,2247,2163,-0.0373831775700935
"15364","15364",1314,1314,1332,0.0136986301369863
"15365","15365",1628,1671,1669,0.0251842751842752
"15366","15366",4473,4491,4491,0.00402414486921529
"15367","15367",2265,2269,2416,0.0666666666666667
"15368","15368",1562,1563,1576,0.0089628681177977
"15369","15369",2759,2750,2515,-0.0884378397970279
"15370","15370",6476,6558,6353,-0.0189932056825201
"15371","15371",3054,3054,3054,0
"15372","15372",1741,1742,1742,0.000574382538770821
"15373","15373",1474,1562,1752,0.188602442333786
"15374","15374",2152,2120,2130,-0.0102230483271375
"15375","15375",2687,2683,2774,0.0323781168589505
"15376","15376",4246,4246,4243,-0.000706547338671691
"15377","15377",4978,4974,4798,-0.0361591000401768
"15378","15378",2363,2365,2361,-0.000846381718154888
"15379","15379",3877,3879,3808,-0.0177972659272633
"15380","15380",4444,4445,4482,0.00855085508550855
"15381","15381",4106,4067,4066,-0.00974184120798831
"15382","15382",3824,3824,3898,0.0193514644351464
"15383","15383",3194,3193,3245,0.0159674389480276
"15384","15384",2505,2505,2505,0
"15385","15385",3671,3670,3700,0.00789975483519477
"15386","15386",1821,1745,1754,-0.0367929708951126
"15388","15388",2918,2907,3481,0.192940370116518
"15389","15389",1696,1700,1701,0.00294811320754717
"15390","15390",5605,5339,6012,0.0726137377341659
"15391","15391",3795,3799,3821,0.00685111989459816
"15392","15392",4244,4237,4216,-0.00659754948162111
"15393","15393",937,937,937,0
"15394","15394",2761,3856,3514,0.272727272727273
"15395","15395",7454,7730,7777,0.0433324389589482
"15396","15396",2858,2724,2782,-0.026592022393282
"15397","15397",3371,3366,3366,-0.00148323939483833
"15398","15398",7158,7150,7160,0.000279407655769768
"15399","15399",2913,3123,3122,0.07174733951253
"15401","15401",6796,6779,7039,0.0357563272513243
"15402","15402",5264,4908,5212,-0.00987841945288754
"15403","15403",2190,2190,2181,-0.00410958904109589
"15404","15404",1366,1380,1379,0.00951683748169839
"15405","15405",5986,6068,5623,-0.0606414968259272
"15406","15406",6223,5475,5479,-0.119556484010927
"15407","15407",1636,1636,1640,0.00244498777506112
"15408","15408",2347,2347,2347,0
"15409","15409",2413,2506,2501,0.0364691255698301
"15410","15410",4151,4172,4013,-0.033245001204529
"15411","15411",1273,1273,1273,0
"15412","15412",5318,5318,5265,-0.00996615268898082
"15413","15413",2672,2666,2663,-0.00336826347305389
"15414","15414",3775,3774,3776,0.000264900662251656
"15415","15415",9696,9692,9948,0.025990099009901
"15416","15416",3258,3254,3229,-0.0089011663597299
"15417","15417",4763,4763,4739,-0.00503884106655469
"15418","15418",1740,1716,1768,0.0160919540229885
"15419","15419",2389,2390,2486,0.0406027626622018
"15420","15420",2644,2656,2668,0.00907715582450832
"15421","15421",1594,1785,1587,-0.00439146800501882
"15422","15422",2489,2341,2334,-0.0622740056247489
"15423","15423",3748,3741,3771,0.00613660618996798
"15424","15424",3557,3557,2575,-0.276075344391341
"15425","15425",2458,2265,2266,-0.0781122864117168
"15427","15427",2197,2428,2430,0.106053709604005
"15428","15428",2270,2395,2199,-0.0312775330396476
"15429","15429",2286,2376,2376,0.0393700787401575
"15430","15430",2743,2743,2746,0.001093693036821
"15431","15431",1651,1591,1527,-0.0751059963658389
"15432","15432",1414,1414,1414,0
"15433","15433",3108,2701,3065,-0.0138352638352638
"15434","15434",4770,4608,4709,-0.0127882599580713
"15435","15435",2445,2405,2304,-0.0576687116564417
"15436","15436",6024,6159,6273,0.0413346613545817
"15437","15437",2761,2760,2753,-0.00289750090546903
"15438","15438",1684,1684,1571,-0.0671021377672209
"15439","15439",1634,1635,1602,-0.0195838433292534
"15441","15441",974,1018,1148,0.17864476386037
"15442","15442",2275,2275,2269,-0.00263736263736264
"15443","15443",3630,3844,3733,0.0283746556473829
"15444","15444",2830,2761,2780,-0.0176678445229682
"15445","15445",1932,1956,1865,-0.0346790890269151
"15446","15446",4437,4406,4304,-0.0299752084741943
"15447","15447",777,768,707,-0.0900900900900901
"15448","15448",1342,1343,1392,0.03725782414307
"15449","15449",2447,2447,2447,0
"15451","15451",1519,1491,1587,0.0447662936142199
"15452","15452",2776,2706,2697,-0.0284582132564841
"15453","15453",1366,1366,1357,-0.00658857979502196
"15454","15454",2319,2321,2321,0.00086244070720138
"15455","15455",5753,5753,5857,0.0180775247696854
"15456","15456",2407,2526,2164,-0.100955546323224
"15457","15457",3523,3663,3693,0.0482543286971331
"15458","15458",2539,2538,2500,-0.0153603781016148
"15459","15459",3185,3181,3482,0.0932496075353218
"15460","15460",6034,6017,6344,0.0513755386145177
"15461","15461",713,776,713,0
"15462","15462",3195,3199,3214,0.00594679186228482
"15463","15463",6602,6572,6577,-0.00378673129354741
"15464","15464",3254,3258,3245,-0.00276582667486171
"15465","15465",4801,4810,4758,-0.00895646740262445
"15466","15466",2722,3012,2722,0
"15467","15467",3813,3814,3805,-0.002098085496984
"15468","15468",2425,2425,2429,0.00164948453608247
"15469","15469",616,616,616,0
"15470","15470",8978,8949,8712,-0.0296279795054578
"15471","15471",2195,1698,1592,-0.274715261958998
"15472","15472",1444,1448,1448,0.00277008310249307
"15473","15473",6366,6366,6230,-0.021363493559535
"15474","15474",5133,5194,5207,0.0144165205532827
"15475","15475",1276,1276,1285,0.00705329153605016
"15476","15476",2355,2256,2314,-0.0174097664543524
"15477","15477",1526,1526,1561,0.0229357798165138
"15478","15478",2465,2491,2463,-0.000811359026369168
"15479","15479",6297,6294,6117,-0.028585040495474
"15480","15480",4913,4909,4764,-0.0303277020150621
"15481","15481",2251,2237,2229,-0.0097734340293203
"15482","15482",788,788,987,0.25253807106599
"15483","15483",3002,2440,2681,-0.10692871419054
"15484","15484",3790,3713,3932,0.037467018469657
"15485","15485",6504,6504,6748,0.0375153751537515
"15486","15486",3645,3699,4181,0.147050754458162
"15487","15487",1130,1130,1130,0
"15488","15488",4270,4270,4372,0.0238875878220141
"15489","15489",3283,3291,3206,-0.023454157782516
"15490","15490",2272,2340,2340,0.0299295774647887
"15491","15491",1911,1911,1897,-0.00732600732600733
"15492","15492",3291,3285,3296,0.00151929504709815
"15493","15493",1283,1143,1562,0.217459080280592
"15495","15495",2840,3084,2970,0.0457746478873239
"15496","15496",2642,2649,2651,0.00340651021953066
"15497","15497",1599,1599,2181,0.363977485928705
"15498","15498",6520,6556,6398,-0.0187116564417178
"15499","15499",2165,2167,2098,-0.0309468822170901
"15500","15500",3740,3740,3717,-0.00614973262032086
"15501","15501",4829,4344,4306,-0.108303996686685
"15502","15502",780,917,747,-0.0423076923076923
"15503","15503",1515,1612,1643,0.0844884488448845
"15505","15505",2629,2629,2698,0.0262457208063903
"15506","15506",3651,3601,3660,0.00246507806080526
"15507","15507",1788,1863,1815,0.0151006711409396
"15508","15508",1187,1247,1247,0.050547598989048
"15509","15509",1080,1080,1034,-0.0425925925925926
"15510","15510",2161,2004,2004,-0.0726515502082369
"15511","15511",3109,3107,2963,-0.0469604374396912
"15512","15512",5848,5692,5692,-0.0266757865937072
"15513","15513",2490,2816,2556,0.0265060240963855
"15514","15514",2782,2784,2783,0.000359453630481668
"15515","15515",3130,3095,3100,-0.00958466453674121
"15516","15516",2135,2135,2135,0
"15517","15517",2572,2596,2536,-0.0139968895800933
"15518","15518",1125,1134,1332,0.184
"15519","15519",2847,3038,3216,0.129610115911486
"15520","15520",4581,4971,4903,0.0702903296223532
"15521","15521",2751,2743,2379,-0.135223555070883
"15522","15522",3432,3437,3455,0.0067016317016317
"15523","15523",12951,12783,12630,-0.024785730831596
"15524","15524",5645,5679,5705,0.0106288751107174
"15525","15525",2366,2367,2278,-0.0371935756551141
"15526","15526",2511,2512,2549,0.0151334129828753
"15527","15527",3975,3975,3973,-0.00050314465408805
"15528","15528",3825,3821,4088,0.0687581699346405
"15529","15529",820,820,814,-0.00731707317073171
"15530","15530",768,768,796,0.0364583333333333
"15531","15531",6609,6609,6690,0.0122560145256468
"15532","15532",3601,3601,3266,-0.0930297139683421
"15533","15533",2636,2635,2524,-0.0424886191198786
"15534","15534",2747,2826,2834,0.0316709137240626
"15535","15535",2802,2660,2623,-0.0638829407566024
"15536","15536",6602,6565,6599,-0.000454407755225689
"15537","15537",2775,2772,2857,0.0295495495495495
"15539","15539",3417,3631,3390,-0.00790166812993854
"15540","15540",3566,3566,3575,0.00252383623107123
"15541","15541",2130,2130,2130,0
"15542","15542",3572,3572,3595,0.00643896976483763
"15543","15543",1288,1288,1298,0.0077639751552795
"15544","15544",3412,3761,3663,0.0735638921453693
"15545","15545",3934,3862,3840,-0.0238942552109812
"15546","15546",841,854,854,0.0154577883472057
"15547","15547",1767,1768,2298,0.300509337860781
"15548","15548",2245,2160,2167,-0.0347438752783964
"15549","15549",1759,1298,1297,-0.262649232518476
"15550","15550",4391,4406,4361,-0.00683215668412662
"15551","15551",4190,4170,4166,-0.00572792362768496
"15553","15553",3760,3686,3802,0.0111702127659574
"15554","15554",2927,2861,2861,-0.0225486846600615
"15555","15555",2400,2366,2467,0.0279166666666667
"15556","15556",1253,1256,1221,-0.0255387071029529
"15557","15557",9263,9509,9255,-0.000863651084961676
"15558","15558",2748,2755,2711,-0.0134643377001456
"15559","15559",3559,3558,3565,0.00168586681652149
"15560","15560",2888,2888,2864,-0.00831024930747922
"15561","15561",2166,2166,1887,-0.128808864265928
"15562","15562",1599,1599,1599,0
"15563","15563",6345,6362,6155,-0.0299448384554768
"15564","15564",3967,3967,3969,0.000504159314343333
"15565","15565",3030,2859,2854,-0.0580858085808581
"15566","15566",2578,2584,2597,0.0073700543056633
"15567","15567",3041,3041,2922,-0.0391318645182506
"15568","15568",2695,2695,2683,-0.00445269016697588
"15569","15569",1749,1749,1522,-0.129788450543168
"17712","17712",1749,1749,1522,-0.129788450543168
"15570","15570",6113,6097,6147,0.00556191722558482
"15571","15571",2478,2469,2434,-0.0177562550443906
"15572","15572",2289,2287,2287,-0.000873743993010048
"15573","15573",5596,5597,5814,0.0389563974267334
"15574","15574",3310,3310,3310,0
"15575","15575",1373,1373,1528,0.112891478514202
"15576","15576",2280,2338,2178,-0.0447368421052632
"15577","15577",6174,6206,6283,0.017654680919987
"15578","15578",2293,2217,2217,-0.033144352376799
"15579","15579",2539,2538,2538,-0.000393855848759354
"15580","15580",3425,3425,3563,0.0402919708029197
"15581","15581",1733,1733,1813,0.0461627236006924
"16801","16801",1733,1733,1813,0.0461627236006924
"18857","18857",1733,1733,1813,0.0461627236006924
"15582","15582",2984,3166,3161,0.0593163538873995
"15583","15583",1631,1631,1631,0
"15584","15584",2080,2048,1935,-0.0697115384615385
"15585","15585",2276,2276,2276,0
"15586","15586",1968,2158,1970,0.00101626016260163
"15587","15587",1821,1820,1829,0.00439319055464031
"15588","15588",2358,2141,2028,-0.139949109414758
"15589","15589",1427,1427,1381,-0.0322354590049054
"15590","15590",1491,1491,1494,0.00201207243460765
"15591","15591",515,515,515,0
"15592","15592",4621,4540,4618,-0.000649210127677992
"15593","15593",4644,4643,4641,-0.000645994832041344
"15594","15594",2768,3371,2833,0.0234826589595376
"15595","15595",1910,1917,1921,0.00575916230366492
"15596","15596",2255,2200,2293,0.0168514412416851
"15597","15597",1641,1614,1627,-0.00853138330286411
"15598","15598",2877,2897,2868,-0.00312825860271116
"15599","15599",2594,2590,2650,0.0215882806476484
"15601","15601",10384,10319,10600,0.0208012326656394
"15602","15602",3349,3140,3139,-0.0627052851597492
"15603","15603",4401,4392,4388,-0.00295387411951829
"15604","15604",2748,2427,2427,-0.116812227074236
"15605","15605",1217,1217,1222,0.00410846343467543
"15606","15606",4158,3778,3436,-0.173641173641174
"15607","15607",2885,2892,2834,-0.0176776429809359
"15608","15608",4615,4613,4370,-0.0530877573131094
"15609","15609",2581,2579,2582,0.000387446726075165
"15610","15610",4176,4176,4235,0.0141283524904215
"15611","15611",3069,3069,3069,0
"15612","15612",1626,1627,1629,0.0018450184501845
"15613","15613",1940,1850,1986,0.0237113402061856
"15614","15614",2683,2549,2548,-0.050316809541558
"15615","15615",2151,2009,1919,-0.107856810785681
"15616","15616",2314,2310,2327,0.00561797752808989
"15617","15617",2200,2200,2246,0.0209090909090909
"15618","15618",3202,3202,3202,0
"15619","15619",2596,2593,1926,-0.25808936825886
"15621","15621",1705,1686,1686,-0.0111436950146628
"15622","15622",3563,3652,3674,0.0311535223126579
"15624","15624",1544,1551,1549,0.00323834196891192
"15625","15625",1516,1516,1623,0.0705804749340369
"15626","15626",4533,4533,4479,-0.0119126406353408
"15627","15627",5372,5377,5462,0.0167535368577811
"15628","15628",4297,4296,4296,-0.000232720502676286
"15629","15629",3045,2525,2500,-0.178981937602627
"15630","15630",1532,1532,1624,0.0600522193211488
"15631","15631",3336,3339,3583,0.0740407673860911
"15632","15632",1884,1882,1348,-0.284501061571125
"15633","15633",6638,6624,6702,0.00964145827056342
"15634","15634",2115,2116,2112,-0.00141843971631206
"15635","15635",6250,6248,5906,-0.05504
"15636","15636",5746,5738,5747,0.000174034110685694
"15637","15637",966,966,966,0
"15638","15638",1219,1219,1225,0.00492206726825267
"15640","15640",1392,1392,1313,-0.0567528735632184
"15641","15641",1538,1986,1653,0.0747724317295189
"15642","15642",3418,3432,3424,0.00175541252194266
"15643","15643",1447,1434,1425,-0.0152038700760194
"15644","15644",4570,4570,4548,-0.00481400437636762
"15645","15645",2077,1937,2065,-0.00577756379393356
"15646","15646",2311,2311,2274,-0.016010385114669
"15647","15647",1259,1262,1216,-0.034154090548054
"15648","15648",2174,2172,2124,-0.0229990800367985
"15649","15649",1876,1876,1854,-0.011727078891258
"15651","15651",1971,2284,2284,0.158802638254693
"15652","15652",2122,2123,2123,0.000471253534401508
"15653","15653",2163,2170,2170,0.00323624595469256
"15654","15654",2214,2214,2214,0
"15655","15655",10810,10452,11169,0.0332099907493062
"15656","15656",5254,5255,5336,0.0156071564522269
"15657","15657",4430,4431,4411,-0.00428893905191874
"15658","15658",2515,2515,2436,-0.0314115308151093
"15659","15659",3778,3737,3753,-0.00661725780836421
"15660","15660",7825,7824,8073,0.0316932907348243
"15662","15662",2142,2258,2226,0.0392156862745098
"15663","15663",3849,3849,3849,0
"15664","15664",1937,2065,2226,0.149199793495096
"15665","15665",9475,9519,9507,0.00337730870712401
"15666","15666",2328,2328,2328,0
"15667","15667",4083,4077,3881,-0.0494734264021553
"15668","15668",1752,1752,1752,0
"15670","15670",3799,3799,3683,-0.0305343511450382
"15671","15671",1009,935,952,-0.0564915758176412
"15672","15672",1549,1524,1540,-0.00581020012911556
"15673","15673",4018,4021,4023,0.00124440019910403
"15674","15674",3776,3826,3834,0.0153601694915254
"15675","15675",1612,1612,1615,0.00186104218362283
"19202","19202",1612,1612,1615,0.00186104218362283
"15676","15676",4601,4578,4028,-0.124538143881765
"15677","15677",3835,3835,3749,-0.0224250325945241
"15678","15678",1096,1090,1134,0.0346715328467153
"15679","15679",3325,3324,3324,-0.000300751879699248
"15680","15680",1728,1728,1683,-0.0260416666666667
"15681","15681",3611,3611,3605,-0.00166158958737192
"15682","15682",4296,4180,4106,-0.0442271880819367
"15683","15683",2307,2302,2298,-0.00390117035110533
"15684","15684",7198,7215,6966,-0.0322311753264796
"15685","15685",4758,4785,4785,0.00567465321563682
"15686","15686",4744,4520,4491,-0.0533305227655987
"15688","15688",1841,1813,1786,-0.0298750678978816
"15689","15689",1657,1657,2112,0.274592637296319
"15690","15690",3396,3395,3341,-0.0161955241460542
"15691","15691",2360,2245,2247,-0.0478813559322034
"15692","15692",5732,5753,5753,0.00366364270760642
"15693","15693",4309,4265,4287,-0.00510559294499884
"15694","15694",1934,1934,2070,0.0703205791106515
"15695","15695",1304,1307,1307,0.00230061349693252
"15696","15696",2348,2350,2090,-0.109880749574106
"15697","15697",2640,2640,2654,0.0053030303030303
"15698","15698",2533,2551,2457,-0.03000394788788
"15699","15699",2296,2311,2271,-0.0108885017421603
"15700","15700",1634,1634,1670,0.02203182374541
"15702","15702",1326,1325,1267,-0.0444947209653092
"15703","15703",5235,5228,5216,-0.00362941738299905
"15704","15704",1057,1057,1050,-0.00662251655629139
"15705","15705",2361,2361,2450,0.0376958915713681
"15706","15706",1161,1048,1077,-0.0723514211886305
"15707","15707",1734,1443,1356,-0.217993079584775
"15708","15708",7132,6945,7127,-0.000701065619742008
"15709","15709",2910,2560,2232,-0.232989690721649
"15710","15710",1289,1289,1289,0
"15711","15711",2309,2309,2308,-0.00043308791684712
"15712","15712",4617,4613,4411,-0.044617717132337
"16378","16378",4617,4613,4411,-0.044617717132337
"15713","15713",2966,3298,3018,0.0175320296695887
"15714","15714",990,990,989,-0.00101010101010101
"15715","15715",3014,2995,3014,0
"15716","15716",3640,3714,3713,0.0200549450549451
"15717","15717",4771,4783,4768,-0.00062879899392161
"15718","15718",2136,2136,2136,0
"15719","15719",2833,2823,2823,-0.00352982703847511
"15720","15720",2962,2960,2959,-0.00101282916948008
"15722","15722",1331,1331,1325,-0.00450788880540947
"15723","15723",2985,2910,2900,-0.0284757118927973
"15724","15724",1490,1489,1547,0.038255033557047
"15725","15725",1522,1522,1522,0
"15726","15726",7207,7200,7216,0.0012487859025947
"15727","15727",3299,2978,3167,-0.0400121248863292
"16098","16098",3299,2978,3167,-0.0400121248863292
"15728","15728",5955,5645,5780,-0.0293870696893367
"15729","15729",2860,2872,2654,-0.072027972027972
"15730","15730",6427,6454,6815,0.060370312743115
"15731","15731",3947,3947,3946,-0.000253356979984799
"15733","15733",1489,1474,1482,-0.00470114170584285
"15735","15735",5269,5460,5499,0.0436515467830708
"15736","15736",2176,2230,2438,0.120404411764706
"15737","15737",2991,2991,2900,-0.0304246071547977
"15738","15738",7111,7164,7079,-0.00450007031359865
"15739","15739",4616,4629,4621,0.00108318890814558
"15741","15741",3718,3718,3713,-0.00134480903711673
"15742","15742",1877,2243,1862,-0.0079914757591902
"15743","15743",2494,2494,2457,-0.0148356054530874
"15744","15744",3258,3258,3508,0.0767341927562922
"15745","15745",10451,10594,10433,-0.00172232322265812
"15746","15746",5902,5893,5964,0.010504913588614
"15747","15747",3928,3677,3283,-0.164205702647658
"15748","15748",3922,3915,3925,0.000764915859255482
"15749","15749",2464,2434,2434,-0.0121753246753247
"15751","15751",3818,3665,3600,-0.0570979570455736
"15752","15752",3828,3520,3877,0.0128004179728318
"15753","15753",3990,3901,3713,-0.0694235588972431
"15754","15754",8403,8138,7868,-0.0636677377127216
"15755","15755",2143,2143,2143,0
"15757","15757",5114,5113,5073,-0.00801720766523269
"15758","15758",3075,2915,2950,-0.040650406504065
"15760","15760",5310,5209,5241,-0.0129943502824859
"15761","15761",11276,11796,11058,-0.0193330968428521
"15762","15762",1063,1064,1241,0.167450611476952
"15763","15763",1004,1088,949,-0.0547808764940239
"15764","15764",3403,3254,3512,0.0320305612694681
"15765","15765",3110,3106,3110,0
"15766","15766",3697,3693,3693,-0.00108195834460373
"15767","15767",1633,1661,1660,0.0165339865278628
"15768","15768",8808,9135,8903,0.0107856494096276
"15769","15769",3354,3236,3296,-0.0172927847346452
"15770","15770",2117,2006,2116,-0.000472366556447804
"15771","15771",3229,3230,3229,0
"15772","15772",5458,5458,5266,-0.0351777207768413
"15773","15773",2059,2065,2065,0.00291403593977659
"15774","15774",5685,5702,5712,0.00474934036939314
"15775","15775",7698,7577,7639,-0.00766432839698623
"15776","15776",2034,2034,2038,0.00196656833824975
"15777","15777",3743,3745,3711,-0.00854929201175528
"15778","15778",2384,2606,2509,0.0524328859060403
"15779","15779",2068,2068,2069,0.000483558994197292
"15780","15780",2206,2206,2226,0.00906618313689937
"15781","15781",1882,1883,1887,0.0026567481402763
"15782","15782",3714,3714,3745,0.00834679590737749
"15783","15783",3567,3569,3522,-0.0126156433978133
"15784","15784",4490,4346,4346,-0.0320712694877506
"15785","15785",5756,5760,5766,0.00173731758165393
"15786","15786",3721,3729,3707,-0.00376242945444773
"15787","15787",2036,2037,1872,-0.0805500982318271
"15788","15788",1608,1467,1470,-0.0858208955223881
"15789","15789",5206,5189,5118,-0.0169035728006147
"15790","15790",2795,2793,2686,-0.0389982110912343
"15791","15791",6608,6606,6542,-0.00998789346246973
"15792","15792",4075,3537,3534,-0.132760736196319
"15793","15793",2781,2782,2768,-0.00467457749011147
"15794","15794",2360,2360,1995,-0.154661016949153
"15795","15795",5058,5060,5464,0.0802688809806247
"15796","15796",1921,1921,1945,0.0124934929724102
"15797","15797",1871,1848,1772,-0.0529128808123998
"15798","15798",4490,4636,4511,0.00467706013363029
"15801","15801",5187,5184,5190,0.000578368999421631
"15803","15803",5246,5373,5263,0.00324056423942051
"15804","15804",1669,1668,1642,-0.0161773517076093
"15805","15805",2156,2156,2156,0
"15806","15806",2519,2538,2533,0.0055577610162763
"15808","15808",4415,4408,4405,-0.00226500566251416
"15809","15809",1749,1791,1856,0.061177815894797
"15810","15810",4188,4495,4395,0.0494269340974212
"15811","15811",6962,6970,7227,0.0380637747773628
"15812","15812",3863,3726,3726,-0.0354646647683148
"15814","15814",3601,3617,3505,-0.026659261316301
"15815","15815",1924,1925,1941,0.00883575883575884
"15816","15816",4029,4012,3954,-0.0186150409530901
"15817","15817",5960,5674,5767,-0.0323825503355705
"15818","15818",1606,1696,1699,0.0579078455790785
"16896","16896",1606,1696,1699,0.0579078455790785
"15819","15819",3578,3543,3790,0.0592509782001118
"15820","15820",2562,2655,2671,0.0425448868071819
"15821","15821",2468,2483,2469,0.000405186385737439
"15822","15822",2036,2036,2038,0.000982318271119843
"15823","15823",3257,3256,3206,-0.0156585815167332
"15824","15824",1114,1113,1113,-0.000897666068222621
"15825","15825",2411,2409,2470,0.0244711737868105
"15826","15826",1862,1756,1755,-0.0574650912996778
"15827","15827",4500,4495,4555,0.0122222222222222
"15828","15828",1789,1789,1789,0
"15829","15829",1235,1217,1206,-0.0234817813765182
"15830","15830",4354,4352,4209,-0.0333027101515848
"15831","15831",3717,3717,3862,0.0390099542641916
"15832","15832",2766,2766,2690,-0.0274765003615329
"15833","15833",1879,1879,1879,0
"15834","15834",7117,7005,7024,-0.0130673036391738
"15835","15835",5468,5468,4987,-0.087966349670812
"15836","15836",2528,2528,2535,0.00276898734177215
"15837","15837",2734,2727,2727,-0.00256035113386979
"15838","15838",2179,2175,2174,-0.00229463056447912
"15839","15839",4101,4101,4101,0
"15840","15840",1409,1409,1413,0.0028388928317956
"15841","15841",2836,2989,2839,0.00105782792665726
"15842","15842",3834,3656,3862,0.00730307772561294
"15869","15869",3834,3656,3862,0.00730307772561294
"15843","15843",3519,3468,3474,-0.0127877237851662
"15844","15844",9728,9274,8970,-0.0779194078947368
"15845","15845",1492,1487,1487,-0.00335120643431635
"15846","15846",6691,6695,6693,0.000298908982214916
"15847","15847",4384,3978,3976,-0.0930656934306569
"15848","15848",3078,3084,3084,0.00194931773879142
"15849","15849",5659,5699,5700,0.00724509630676798
"15850","15850",2539,2535,2613,0.0291453328081922
"15851","15851",2090,2098,2161,0.0339712918660287
"15852","15852",3946,3905,3795,-0.0382665990876837
"15854","15854",2419,2418,2418,-0.000413393964448119
"15855","15855",1763,1729,1752,-0.00623936471922859
"15856","15856",7419,7286,7288,-0.0176573662218628
"15857","15857",2044,1917,2029,-0.0073385518590998
"15858","15858",2092,2048,2025,-0.0320267686424474
"15859","15859",798,798,798,0
"15860","15860",3851,3715,4074,0.0579070371332122
"15861","15861",1865,1891,1893,0.0150134048257373
"15863","15863",2091,2091,1848,-0.116212338593974
"15864","15864",2792,2704,2556,-0.0845272206303725
"15865","15865",1969,1969,1733,-0.119857795835449
"15866","15866",2284,2404,2472,0.0823117338003503
"15868","15868",4789,4876,4900,0.0231781165170182
"15870","15870",3966,4226,3867,-0.0249621785173979
"15871","15871",3837,3835,3729,-0.0281469898358092
"15872","15872",1928,1928,1928,0
"15873","15873",1261,1261,1261,0
"15874","15874",3866,4178,4190,0.0838075530263839
"15875","15875",3058,3058,2897,-0.052648790058862
"15876","15876",6480,6432,6072,-0.062962962962963
"15878","15878",1582,1580,1547,-0.0221238938053097
"15879","15879",2827,2827,2828,0.000353731871241599
"15880","15880",2861,2870,2955,0.0328556448794128
"15881","15881",2815,2819,2858,0.0152753108348135
"15882","15882",1111,1111,1112,0.0009000900090009
"15883","15883",2721,2629,2630,-0.0334435869165748
"15884","15884",3726,3033,3040,-0.184111647879764
"15885","15885",1112,1112,1112,0
"15886","15886",2040,2040,2070,0.0147058823529412
"15887","15887",5215,5214,5146,-0.0132310642377756
"15888","15888",2897,2822,2776,-0.0417673455298585
"15889","15889",1585,1585,1584,-0.000630914826498423
"15890","15890",3954,3954,4002,0.0121396054628225
"15891","15891",1110,1048,1045,-0.0585585585585586
"19117","19117",1110,1048,1045,-0.0585585585585586
"15892","15892",3938,3912,3896,-0.01066531234129
"15893","15893",3172,3173,3041,-0.0412988650693569
"15894","15894",6137,6024,6025,-0.0182499592634838
"15895","15895",3685,3770,3736,0.0138398914518318
"15896","15896",3544,3544,3499,-0.0126975169300226
"15897","15897",2259,2205,2205,-0.0239043824701195
"15898","15898",2074,2122,2091,0.00819672131147541
"15899","15899",4650,4635,4647,-0.000645161290322581
"15900","15900",3581,3581,3580,-0.000279251605696733
"15901","15901",4283,4280,4666,0.0894233014242354
"15902","15902",2981,2995,3003,0.00738007380073801
"15905","15905",3793,3831,3826,0.00870023727919852
"15906","15906",1153,1355,1482,0.285342584562012
"19424","19424",1153,1355,1482,0.285342584562012
"15907","15907",2645,2645,2659,0.00529300567107751
"15908","15908",3787,3786,3665,-0.0322154739899657
"15909","15909",7236,7237,6740,-0.0685461580983969
"15910","15910",3347,3349,3469,0.0364505527337915
"15911","15911",1614,1470,1482,-0.0817843866171004
"15912","15912",2844,2930,3016,0.060478199718706
"15913","15913",2147,2008,1824,-0.150442477876106
"15914","15914",1808,1958,1801,-0.0038716814159292
"15915","15915",4181,4045,3997,-0.0440086103802918
"15916","15916",2507,2507,2507,0
"15917","15917",1413,1413,1417,0.00283085633404105
"15918","15918",2094,2092,2221,0.0606494746895893
"15919","15919",849,849,856,0.00824499411071849
"15920","15920",942,940,866,-0.0806794055201698
"15921","15921",2407,2368,2367,-0.0166181969256336
"15922","15922",3731,3580,3392,-0.0908603591530421
"15923","15923",1695,1749,1889,0.114454277286136
"15924","15924",4668,4679,4532,-0.0291345329905741
"15925","15925",5332,6038,5832,0.0937734433608402
"15926","15926",2806,2778,2869,0.0224518888096935
"15927","15927",2413,2414,2414,0.000414421881475342
"15928","15928",7614,7687,7315,-0.0392697662201208
"15929","15929",2318,2318,2280,-0.0163934426229508
"15930","15930",774,774,767,-0.00904392764857881
"15932","15932",4864,4860,4864,0
"15933","15933",3030,3030,3030,0
"15934","15934",4369,4358,4492,0.0281528953994049
"15935","15935",4052,4240,4259,0.0510858835143139
"15937","15937",1879,1879,1882,0.00159659393294305
"15938","15938",2116,2142,2176,0.0283553875236295
"15939","15939",1120,1120,1416,0.264285714285714
"15940","15940",4303,4283,4471,0.0390425284685103
"15941","15941",4239,4243,4222,-0.00401037980655815
"15942","15942",5111,5111,5125,0.00273918998239092
"15943","15943",8076,8078,7991,-0.0105250123823675
"15944","15944",975,921,922,-0.0543589743589744
"15945","15945",2535,2548,2547,0.00473372781065089
"15946","15946",7520,7600,7602,0.0109042553191489
"15947","15947",1117,1120,1120,0.0026857654431513
"15948","15948",4618,4964,4916,0.0645300996102209
"15949","15949",2182,2184,2188,0.00274977085242896
"17012","17012",2182,2184,2188,0.00274977085242896
"15950","15950",9783,9876,9908,0.0127772666871103
"15951","15951",1448,1450,1311,-0.0946132596685083
"15952","15952",3603,3670,3617,0.00388565084651679
"15953","15953",4312,4258,4474,0.037569573283859
"15954","15954",5698,5286,5279,-0.0735345735345735
"15955","15955",2838,2838,2838,0
"15956","15956",6445,6419,6382,-0.00977501939487975
"15957","15957",3635,3635,3636,0.000275103163686382
"15958","15958",3328,3328,2948,-0.114182692307692
"15959","15959",1563,1562,1457,-0.0678182981445937
"15960","15960",3264,3194,3212,-0.0159313725490196
"15961","15961",5924,5798,5934,0.00168804861580013
"15962","15962",2311,2315,2311,0
"15963","15963",1669,1672,1538,-0.0784901138406231
"15964","15964",1370,1369,1369,-0.00072992700729927
"15965","15965",2463,2457,2603,0.0568412505075112
"15966","15966",2223,2247,2274,0.0229419703103914
"15967","15967",6291,6286,6297,0.000953743443013829
"15968","15968",2252,2252,2575,0.143428063943162
"15970","15970",2462,2425,2388,-0.0300568643379366
"15971","15971",3218,3273,3277,0.0183343691733996
"15972","15972",2072,2065,2065,-0.00337837837837838
"15974","15974",1522,1533,1470,-0.0341655716162943
"15975","15975",4278,4275,4331,0.0123889668069191
"15976","15976",1416,1416,1416,0
"15977","15977",2339,2339,1952,-0.165455322787516
"15978","15978",3710,3321,3666,-0.0118598382749326
"15979","15979",4393,4393,4393,0
"15980","15980",1102,1102,1097,-0.00453720508166969
"15982","15982",1309,1311,1359,0.0381970970206264
"15983","15983",1886,1886,1839,-0.0249204665959703
"15985","15985",1723,1724,1724,0.000580383052814858
"15986","15986",1723,1723,1481,-0.140452698781196
"15987","15987",2566,2566,2512,-0.0210444271239283
"15988","15988",3446,3434,3427,-0.00551363900174115
"15989","15989",4954,4954,4956,0.00040371417036738
"15990","15990",7970,8093,7935,-0.00439146800501882
"15991","15991",3134,3134,2988,-0.0465858328015316
"15993","15993",3364,3367,3353,-0.00326991676575505
"15995","15995",3475,3486,3493,0.00517985611510791
"15996","15996",1410,1410,1290,-0.0851063829787234
"15997","15997",3020,2502,2700,-0.105960264900662
"15998","15998",898,898,898,0
"15999","15999",1998,1815,1761,-0.118618618618619
"16000","16000",6502,6530,6600,0.0150722854506306
"16001","16001",1374,1374,1374,0
"16002","16002",1099,1099,1151,0.0473157415832575
"16003","16003",6263,6218,6234,-0.00463036883282772
"16004","16004",1224,1254,1238,0.011437908496732
"16005","16005",4423,4178,4336,-0.0196699073027357
"16006","16006",4276,4015,4015,-0.0610383536014967
"16007","16007",1688,1688,1688,0
"16008","16008",3643,3645,3432,-0.0579192972824595
"16009","16009",8079,7960,8031,-0.00594132937244708
"16010","16010",3456,3455,2924,-0.153935185185185
"16011","16011",1811,1802,1802,-0.00496963003865268
"16012","16012",2751,2751,2563,-0.0683387858960378
"16013","16013",1850,1868,1868,0.00972972972972973
"16014","16014",2859,2913,2891,0.0111927247289262
"16015","16015",5964,5858,5860,-0.0174379610999329
"16016","16016",2158,2168,2170,0.00556070435588508
"16017","16017",3677,3320,3450,-0.0617351101441392
"16018","16018",2964,3173,3152,0.0634278002699055
"16019","16019",3056,3011,3024,-0.0104712041884817
"16020","16020",2456,2408,2548,0.0374592833876222
"16021","16021",2696,2674,2675,-0.0077893175074184
"16022","16022",3586,3585,3603,0.00474065811489124
"16023","16023",1480,1480,1359,-0.0817567567567568
"16024","16024",1462,1462,1526,0.0437756497948016
"16025","16025",8119,8271,8161,0.00517305086833354
"16026","16026",8683,8683,8729,0.00529770816538063
"16027","16027",2056,2056,1777,-0.135700389105058
"16028","16028",2619,2619,2642,0.0087819778541428
"16029","16029",2529,2818,2811,0.111506524317912
"16030","16030",1080,1080,1079,-0.000925925925925926
"16031","16031",1456,1454,1455,-0.000686813186813187
"16032","16032",5303,4478,4529,-0.145955119743541
"16033","16033",10420,10418,10111,-0.0296545105566219
"16034","16034",2185,2185,2161,-0.0109839816933638
"16035","16035",3478,3283,3201,-0.0796434732604945
"16036","16036",3372,3336,3334,-0.0112692763938316
"16037","16037",5268,5260,4930,-0.0641609719058466
"16038","16038",5099,5099,5106,0.00137281819964699
"16039","16039",1443,1443,1548,0.0727650727650728
"16040","16040",5598,5637,5330,-0.0478742408002858
"16041","16041",2879,2881,2882,0.00104202848211184
"16042","16042",2818,2820,2820,0.0007097232079489
"16043","16043",3832,3830,3851,0.00495824634655532
"16044","16044",2120,2120,2055,-0.0306603773584906
"16045","16045",3079,3236,3265,0.0604092237739526
"16046","16046",3201,3201,3102,-0.0309278350515464
"19650","19650",3201,3201,3102,-0.0309278350515464
"16047","16047",5238,5248,5359,0.0231004200076365
"16048","16048",2754,2779,2775,0.00762527233115468
"16049","16049",1576,1576,1581,0.00317258883248731
"16050","16050",1867,1867,1867,0
"16051","16051",2958,2962,3171,0.0720081135902637
"16052","16052",5315,5323,5726,0.0773283160865475
"16053","16053",3944,4070,4008,0.0162271805273834
"16054","16054",3467,3519,3361,-0.0305739832708393
"16055","16055",3009,3009,3050,0.0136257892987704
"16056","16056",5716,5847,5851,0.0236179146256123
"16057","16057",3577,3708,3708,0.0366228683254124
"16058","16058",2266,2269,2239,-0.0119152691968226
"16059","16059",2857,2846,2780,-0.0269513475673784
"16060","16060",1893,1893,2069,0.0929741151611199
"16061","16061",2140,2142,2146,0.00280373831775701
"16063","16063",1786,1821,1839,0.0296752519596865
"16956","16956",1786,1821,1839,0.0296752519596865
"16064","16064",4629,4611,4605,-0.00518470511989631
"16065","16065",3196,3190,3193,-0.000938673341677096
"16066","16066",4322,4319,4319,-0.000694123091161499
"16067","16067",987,987,1466,0.485309017223911
"16068","16068",2821,2818,2818,-0.0010634526763559
"16069","16069",3309,3331,3327,0.00543970988213962
"16070","16070",7423,7422,7381,-0.00565808972113701
"16071","16071",4274,4388,4437,0.0381375760411792
"16072","16072",4352,4294,4287,-0.0149356617647059
"16073","16073",3694,3691,3690,-0.00108283703302653
"16074","16074",2666,2667,2620,-0.0172543135783946
"16075","16075",4652,4702,4611,-0.0088134135855546
"16076","16076",4153,4137,4146,-0.00168552853359018
"16077","16077",1347,1397,1385,0.0282108389012621
"16078","16078",3327,3348,3348,0.00631199278629396
"16079","16079",2207,2243,2155,-0.0235613955595831
"16080","16080",2833,2715,2802,-0.0109424638192729
"16081","16081",1562,1562,1619,0.0364916773367478
"16082","16082",1360,1343,1360,0
"16083","16083",1798,1783,1789,-0.0050055617352614
"16084","16084",4883,4893,4885,0.000409584271963957
"16085","16085",3481,3483,3499,0.00517092789428325
"16086","16086",1479,1245,1387,-0.0622041920216362
"16087","16087",5825,5821,6238,0.0709012875536481
"16088","16088",1718,1714,1624,-0.0547147846332945
"16089","16089",2487,2482,2482,-0.00201045436268597
"16090","16090",3169,3169,3176,0.00220889870621647
"16091","16091",2392,2568,2399,0.00292642140468227
"16092","16092",2822,3231,2980,0.0559886605244507
"16093","16093",7052,6888,6673,-0.0537436188315372
"16095","16095",1756,1761,1861,0.0597949886104784
"16096","16096",1383,1383,1383,0
"16097","16097",805,805,805,0
"16099","16099",2764,2764,2522,-0.0875542691751085
"16103","16103",4359,3917,3729,-0.144528561596696
"16104","16104",4244,4218,4228,-0.00377002827521206
"16105","16105",2368,2368,2374,0.00253378378378378
"16106","16106",1676,1736,1598,-0.0465393794749403
"16107","16107",6796,6811,6856,0.00882872277810477
"16108","16108",2963,2859,2864,-0.0334120823489706
"16109","16109",2841,2841,2900,0.0207673354452658
"16110","16110",1892,1892,1892,0
"16112","16112",1944,1944,1945,0.00051440329218107
"16113","16113",3864,3300,3464,-0.10351966873706
"16114","16114",2992,2992,3008,0.0053475935828877
"16115","16115",4000,4287,4278,0.0695
"16116","16116",2090,1930,1929,-0.0770334928229665
"16117","16117",2802,2661,2836,0.0121341898643826
"16118","16118",2675,2675,2664,-0.00411214953271028
"16119","16119",1859,1912,1942,0.0446476600322754
"16120","16120",4756,5043,4853,0.0203952901597982
"16121","16121",2003,2210,2204,0.100349475786321
"16122","16122",2210,2187,2334,0.0561085972850679
"16123","16123",3073,3073,3136,0.020501138952164
"16124","16124",4552,4711,4622,0.015377855887522
"16125","16125",1949,1949,1949,0
"16127","16127",2736,2740,2740,0.00146198830409357
"16128","16128",4524,4506,4594,0.015473032714412
"16129","16129",1891,1906,1927,0.0190375462718139
"16130","16130",2375,2390,2338,-0.0155789473684211
"16131","16131",1877,1981,1982,0.0559403303143314
"16132","16132",1732,1590,1590,-0.081986143187067
"16133","16133",6976,6965,6912,-0.00917431192660551
"16134","16134",5521,5393,5340,-0.0327839159572541
"16135","16135",3233,3159,3342,0.0337148159604083
"16136","16136",2923,2839,2875,-0.0164214847759152
"16137","16137",3989,3996,3996,0.00175482577086989
"16138","16138",3046,3200,2992,-0.0177281680892974
"16139","16139",6385,5695,5699,-0.107439310884886
"16140","16140",3620,3621,3608,-0.00331491712707182
"16141","16141",3554,3554,3539,-0.00422059651097355
"16142","16142",2172,2172,2172,0
"16143","16143",3316,3319,3342,0.00784077201447527
"16144","16144",5801,5785,5583,-0.0375797276331667
"16145","16145",1697,1695,1670,-0.0159104301708898
"16146","16146",1291,1292,1233,-0.0449264136328428
"18993","18993",1291,1292,1233,-0.0449264136328428
"16147","16147",2613,2611,2610,-0.00114810562571757
"16149","16149",3370,3335,3278,-0.027299703264095
"16150","16150",3878,3919,3975,0.0250128932439402
"16151","16151",4624,4618,4618,-0.00129757785467128
"16152","16152",1622,2175,1399,-0.137484586929716
"16153","16153",3361,3330,3190,-0.050877714965784
"16154","16154",1010,961,985,-0.0247524752475248
"16156","16156",3808,3699,3808,0
"16157","16157",4090,4099,4067,-0.00562347188264059
"16158","16158",4604,4558,4580,-0.0052128583840139
"16160","16160",2855,2946,2817,-0.0133099824868651
"16161","16161",2372,2367,2259,-0.0476391231028668
"16162","16162",1611,1611,1633,0.0136561142147734
"16163","16163",4139,4139,4174,0.00845614882821938
"16164","16164",1534,1414,1313,-0.144067796610169
"16271","16271",1534,1414,1313,-0.144067796610169
"16165","16165",3385,3369,3514,0.038109305760709
"16166","16166",3206,3168,2871,-0.104491578290705
"16167","16167",4282,4283,4296,0.00326950023353573
"16168","16168",2536,2567,2565,0.0114353312302839
"16169","16169",2471,2507,2425,-0.018615944961554
"16170","16170",1438,1409,1409,-0.0201668984700974
"16171","16171",2088,2144,2130,0.0201149425287356
"16172","16172",2343,2343,2016,-0.139564660691421
"16173","16173",1843,1359,1331,-0.277807921866522
"16174","16174",1066,1066,1164,0.0919324577861163
"16177","16177",3103,3109,3114,0.00354495649371576
"16178","16178",4498,4596,4208,-0.0644730991551801
"16179","16179",2645,2654,2730,0.0321361058601134
"16180","16180",2523,2523,2456,-0.0265556876734047
"16181","16181",5099,4992,5030,-0.013532065110806
"16182","16182",4206,4207,4012,-0.0461245839277223
"16183","16183",2635,2639,2561,-0.0280834914611006
"16184","16184",4352,4353,4353,0.000229779411764706
"16185","16185",2080,2080,2024,-0.0269230769230769
"16186","16186",2377,2377,2377,0
"16187","16187",3283,3567,3568,0.0868108437404813
"16188","16188",1461,1460,1463,0.00136892539356605
"16189","16189",5909,6041,6081,0.0291081401252327
"16190","16190",5352,5353,5313,-0.00728699551569507
"16191","16191",1312,1313,1313,0.00076219512195122
"16192","16192",2704,2704,2494,-0.0776627218934911
"16193","16193",1197,1200,1200,0.0025062656641604
"16194","16194",1907,1908,1835,-0.0377556371263765
"16195","16195",2262,2262,2275,0.00574712643678161
"16196","16196",2465,2466,3580,0.452332657200811
"16198","16198",5853,5829,5840,-0.00222108320519392
"16199","16199",3164,3164,3165,0.000316055625790139
"16200","16200",2625,2616,2616,-0.00342857142857143
"16201","16201",3933,3941,3893,-0.0101703534197813
"16202","16202",1110,1126,1139,0.0261261261261261
"16203","16203",2635,2634,3000,0.138519924098672
"16204","16204",3873,3889,3873,0
"16205","16205",5706,5815,5633,-0.0127935506484402
"16206","16206",3666,3498,3534,-0.0360065466448445
"16207","16207",2494,2493,2551,0.0228548516439455
"16208","16208",1646,1644,1604,-0.0255164034021871
"16209","16209",2056,2056,2055,-0.000486381322957198
"16210","16210",1941,1677,1676,-0.136527563111798
"16211","16211",5327,5328,5568,0.0452412239534447
"16212","16212",1901,1909,1902,0.000526038926880589
"16213","16213",1692,1692,1692,0
"16214","16214",1933,1932,1969,0.0186239006725297
"16215","16215",3593,3549,3558,-0.00974116337322572
"16216","16216",1825,1823,1823,-0.0010958904109589
"16217","16217",4075,4056,4099,0.00588957055214724
"16218","16218",3137,3136,3572,0.138667516735735
"16219","16219",3080,3080,3153,0.0237012987012987
"16220","16220",4729,4729,5098,0.0780291816451681
"16221","16221",2104,2104,1776,-0.155893536121673
"16222","16222",3172,3171,3104,-0.021437578814628
"16223","16223",707,707,707,0
"16224","16224",2005,1720,1989,-0.00798004987531172
"16225","16225",3619,3539,3546,-0.0201713180436585
"16226","16226",2308,2326,2326,0.00779896013864818
"16227","16227",2535,2534,2465,-0.0276134122287968
"16228","16228",2252,2178,2088,-0.0728241563055062
"16230","16230",2526,2528,2427,-0.0391923990498812
"16231","16231",1304,1304,1299,-0.00383435582822086
"16232","16232",2399,2395,2316,-0.0345977490621092
"16233","16233",2164,2055,2096,-0.0314232902033272
"16235","16235",2937,2940,3066,0.0439223697650664
"16236","16236",3093,2948,3083,-0.00323310701584222
"16237","16237",2181,1883,1886,-0.135259055479138
"16238","16238",1661,1661,1622,-0.0234798314268513
"16239","16239",4623,4618,4551,-0.0155743024010383
"16240","16240",1865,1964,1929,0.0343163538873995
"16241","16241",1967,1967,1967,0
"16242","16242",1761,1759,1752,-0.00511073253833049
"16243","16243",3191,3275,3275,0.0263240363522407
"16244","16244",5872,5900,6239,0.0625
"16245","16245",7585,8146,7589,0.000527356624917601
"16246","16246",2140,2140,2143,0.0014018691588785
"16247","16247",1162,1163,1173,0.00946643717728055
"16248","16248",3528,3416,3499,-0.00821995464852608
"16249","16249",6613,6636,6911,0.0450627551791925
"16250","16250",1945,1940,2020,0.038560411311054
"16251","16251",4165,4440,4217,0.012484993997599
"16252","16252",3631,3679,3517,-0.031396309556596
"16253","16253",7671,7756,7728,0.00743058271411811
"16254","16254",3173,3173,3122,-0.0160731169240466
"16255","16255",4293,4290,4184,-0.0253901700442581
"16256","16256",1650,1650,1648,-0.00121212121212121
"16257","16257",2869,2761,2754,-0.040083652840711
"16258","16258",3489,3489,3407,-0.0235024362281456
"16259","16259",6031,6098,6193,0.0268612170452661
"16260","16260",1591,1591,1858,0.16781898177247
"16261","16261",1786,1785,1784,-0.00111982082866741
"16262","16262",3093,3091,2902,-0.0617523440025865
"16264","16264",3536,3563,3474,-0.0175339366515837
"16265","16265",2726,2726,2726,0
"16266","16266",2754,2797,2693,-0.0221496005809731
"16267","16267",3008,3284,2992,-0.00531914893617021
"16268","16268",4964,4964,5097,0.0267929089443997
"16269","16269",2441,2441,2441,0
"16270","16270",1182,1370,1350,0.142131979695431
"16272","16272",8851,8841,8839,-0.00135577900802169
"16273","16273",2989,2992,2972,-0.00568752091000335
"16274","16274",3365,3482,3365,0
"16275","16275",5844,5880,5905,0.0104380561259411
"16276","16276",2406,2407,2399,-0.0029093931837074
"16277","16277",1824,1820,1822,-0.00109649122807018
"16278","16278",2076,2064,1944,-0.0635838150289017
"16279","16279",3366,3334,3633,0.0793226381461676
"16280","16280",4141,4141,4723,0.140545761893263
"16281","16281",1828,1828,1830,0.00109409190371991
"16282","16282",3410,3410,3489,0.0231671554252199
"16283","16283",1133,1127,1051,-0.0723742277140335
"16284","16284",2543,2543,2539,-0.00157294534014943
"16285","16285",3063,3063,3074,0.00359125040809664
"16286","16286",2696,2681,2682,-0.00519287833827893
"16287","16287",2945,2645,2808,-0.0465195246179966
"16288","16288",1421,1421,1374,-0.0330752990851513
"16290","16290",2611,2727,2628,0.00651091535810034
"16291","16291",3170,3174,3174,0.00126182965299685
"16292","16292",1069,1111,1106,0.0346117867165575
"16293","16293",2710,2710,2784,0.0273062730627306
"16294","16294",2803,3010,3004,0.0717088833392793
"16295","16295",3743,3532,3532,-0.0563718942025114
"16296","16296",2278,2281,2277,-0.000438981562774363
"16297","16297",2194,2192,2191,-0.00136736554238833
"16298","16298",1160,1160,1098,-0.053448275862069
"16299","16299",8162,8167,8072,-0.0110267091399167
"16300","16300",4278,4281,4289,0.00257129499766246
"16301","16301",1968,1924,2023,0.0279471544715447
"16302","16302",2669,2603,2539,-0.0487073810415886
"16303","16303",2799,3042,2436,-0.129689174705252
"16304","16304",2070,1988,1956,-0.0550724637681159
"16305","16305",1435,1539,1463,0.0195121951219512
"16306","16306",2543,2543,2602,0.0232009437672041
"16307","16307",1559,1678,1667,0.0692751763951251
"16308","16308",2621,2621,2622,0.000381533765738268
"16309","16309",7941,8305,8305,0.0458380556604962
"16310","16310",3372,2682,2977,-0.117141162514828
"16311","16311",2151,2151,2160,0.00418410041841004
"16312","16312",3849,3853,3853,0.00103923096908288
"16313","16313",1728,1728,1720,-0.00462962962962963
"16314","16314",1976,1961,1961,-0.00759109311740891
"16315","16315",1584,1585,1556,-0.0176767676767677
"16316","16316",1756,1787,2064,0.175398633257403
"16317","16317",550,550,555,0.00909090909090909
"16318","16318",2182,2182,2181,-0.000458295142071494
"16319","16319",1385,1400,1313,-0.051985559566787
"16320","16320",3959,3959,3959,0
"16321","16321",2278,2637,2053,-0.0987708516242318
"16322","16322",5378,5371,5581,0.037746374116772
"16323","16323",1600,1600,1387,-0.133125
"16324","16324",2511,2693,2892,0.151732377538829
"16325","16325",3472,3492,3475,0.000864055299539171
"16326","16326",3733,3733,3731,-0.000535762121618002
"16327","16327",1898,1898,1899,0.000526870389884088
"16329","16329",3173,3259,3066,-0.0337220296249606
"16330","16330",3174,3177,3178,0.00126023944549464
"16331","16331",2116,2116,2116,0
"16332","16332",3539,3538,3757,0.0615993218423283
"16333","16333",2063,1783,1636,-0.206980126030053
"16335","16335",1571,1443,1554,-0.0108211330362826
"16336","16336",1481,1505,1530,0.0330857528696826
"16338","16338",2123,2123,2135,0.00565237870937353
"16339","16339",1707,1710,1710,0.00175746924428822
"16340","16340",1914,1914,1913,-0.000522466039707419
"16341","16341",4716,4717,4698,-0.00381679389312977
"16342","16342",2026,1837,2644,0.305034550839092
"16343","16343",2142,2393,2120,-0.0102707749766573
"16344","16344",2162,2162,2164,0.000925069380203515
"16346","16346",1326,1323,1324,-0.00150829562594268
"16347","16347",8136,7816,7803,-0.040929203539823
"16348","16348",4908,4948,4939,0.00631621841890791
"16349","16349",1724,1724,1724,0
"16350","16350",1446,1448,1454,0.00553250345781466
"16351","16351",2063,2065,2065,0.000969461948618517
"16352","16352",1843,1843,1843,0
"16353","16353",2036,2010,1921,-0.056483300589391
"16354","16354",4232,4061,3891,-0.0805765595463138
"16355","16355",3452,3451,3332,-0.0347624565469293
"16356","16356",2057,2060,2063,0.00291686922702965
"16357","16357",3849,3839,3818,-0.00805404001039231
"16358","16358",2582,2582,2598,0.00619674670797831
"16359","16359",2114,2114,2005,-0.0515610217596973
"16360","16360",4144,3795,3796,-0.083976833976834
"16361","16361",1193,1152,1186,-0.00586756077116513
"16362","16362",2772,2772,2772,0
"16363","16363",5819,5816,5935,0.0199346966832789
"16364","16364",1786,1786,1786,0
"16365","16365",1526,1264,1214,-0.204456094364351
"16366","16366",1716,1697,1822,0.0617715617715618
"16367","16367",2544,2544,2536,-0.00314465408805031
"16368","16368",2706,2706,2708,0.00073909830007391
"16369","16369",856,856,856,0
"16370","16370",2439,2440,2438,-0.000410004100041
"16371","16371",7752,7758,7745,-0.000902992776057792
"16372","16372",3342,3222,3207,-0.040394973070018
"16373","16373",2657,2657,2593,-0.0240873165223937
"16374","16374",3006,2979,3047,0.0136393878908849
"16375","16375",3589,3618,3648,0.016439119531903
"16376","16376",3428,3423,4186,0.221120186697783
"16377","16377",2822,2822,2821,-0.000354358610914245
"16379","16379",2862,2473,2818,-0.0153738644304682
"16380","16380",1989,1989,2018,0.0145801910507793
"16381","16381",4331,4325,4359,0.00646501962595244
"16382","16382",3193,3584,3585,0.122768556216724
"16383","16383",3085,3085,3826,0.240194489465154
"16384","16384",873,873,873,0
"16385","16385",11318,11344,11393,0.00662661247570242
"16386","16386",1567,1825,1825,0.16464582003829
"16387","16387",2775,2775,2777,0.000720720720720721
"16388","16388",2640,2648,2631,-0.00340909090909091
"16389","16389",3319,3300,3330,0.00331425128050618
"16390","16390",2167,2167,2167,0
"16391","16391",1501,1514,1514,0.00866089273817455
"16953","16953",1501,1514,1514,0.00866089273817455
"16392","16392",2443,2442,2176,-0.109291854277528
"16393","16393",2295,2221,2221,-0.0322440087145969
"16394","16394",6141,6116,6136,-0.000814199641752158
"16395","16395",2797,2798,2767,-0.0107257776188774
"16396","16396",3433,3433,3434,0.000291290416545296
"16397","16397",1533,1533,1530,-0.00195694716242661
"16398","16398",2090,2092,2092,0.000956937799043062
"16399","16399",1344,1344,1926,0.433035714285714
"16400","16400",5220,4945,5074,-0.0279693486590038
"16401","16401",2244,2401,2399,0.0690730837789661
"16402","16402",4928,4928,4942,0.00284090909090909
"16403","16403",8287,8287,8144,-0.0172559430433209
"16404","16404",2636,2607,2789,0.0580424886191199
"16405","16405",3678,3638,3637,-0.011147362697118
"16406","16406",7874,7614,7794,-0.0101600203200406
"16407","16407",2384,2384,2084,-0.125838926174497
"16408","16408",5153,5145,5267,0.0221230351251698
"16409","16409",2133,2062,2062,-0.03328645100797
"16410","16410",1400,1401,1388,-0.00857142857142857
"16411","16411",4779,4777,5067,0.0602636534839925
"16412","16412",1487,1835,1691,0.137188971082717
"16413","16413",3028,3027,2526,-0.165785997357992
"16414","16414",3492,3463,4356,0.247422680412371
"16415","16415",1206,1206,1009,-0.16334991708126
"16416","16416",6091,6127,6359,0.0439993432933837
"16417","16417",1623,1623,1612,-0.00677757239679606
"16418","16418",3521,3520,3268,-0.0718545867651235
"16419","16419",4040,3999,4022,-0.00445544554455446
"16420","16420",7011,7041,6950,-0.00870061332192269
"16421","16421",2017,2019,2543,0.26078334159643
"16422","16422",1999,2000,1881,-0.0590295147573787
"16423","16423",2150,1983,2190,0.0186046511627907
"16424","16424",2746,2746,2747,0.000364166059723234
"16425","16425",1547,1719,1720,0.111829347123465
"19816","19816",1547,1719,1720,0.111829347123465
"16426","16426",1948,1948,1920,-0.0143737166324435
"16427","16427",2750,2631,2632,-0.0429090909090909
"16428","16428",6076,6164,5973,-0.0169519420671494
"16429","16429",2110,2090,2135,0.0118483412322275
"16430","16430",1184,1108,1108,-0.0641891891891892
"16431","16431",3187,3177,3174,-0.00407907122685911
"16432","16432",7480,7522,7480,0
"16433","16433",4605,4696,4720,0.0249728555917481
"16434","16434",5158,4954,4933,-0.0436215587436991
"16435","16435",2878,2876,3074,0.0681028492008339
"16436","16436",2233,2390,2391,0.070756829377519
"16437","16437",5900,5961,5711,-0.0320338983050847
"16438","16438",2198,2198,2196,-0.000909918107370337
"16439","16439",4585,4638,4799,0.0466739367502726
"16440","16440",2566,2858,3054,0.190179267342167
"16441","16441",2480,2480,2382,-0.0395161290322581
"16442","16442",2568,2568,2568,0
"16443","16443",2170,2205,2205,0.0161290322580645
"16444","16444",5462,5462,5712,0.0457707799340901
"16445","16445",3127,3127,3270,0.045730732331308
"16446","16446",1077,1233,1233,0.144846796657382
"16447","16447",1947,1950,1950,0.00154083204930663
"16448","16448",3317,3319,3563,0.0741634006632499
"16449","16449",2750,2750,2750,0
"16450","16450",4723,5091,5235,0.108405674359517
"16451","16451",2239,2239,2190,-0.0218847699866012
"16452","16452",1332,1622,1360,0.021021021021021
"16529","16529",1332,1622,1360,0.021021021021021
"16453","16453",2459,2723,2743,0.115494103294022
"16454","16454",2410,2447,2087,-0.13402489626556
"16455","16455",6404,6421,6159,-0.0382573391630231
"16456","16456",2826,2903,2869,0.0152158527954706
"16457","16457",3857,3856,3512,-0.0894477573243453
"16458","16458",2669,2648,2657,-0.00449606594230049
"16459","16459",1315,1315,1421,0.0806083650190114
"16460","16460",1102,1102,1125,0.0208711433756806
"16461","16461",5011,4995,4995,-0.0031929754540012
"16462","16462",1764,1960,1236,-0.299319727891156
"16463","16463",2512,2512,2490,-0.00875796178343949
"16464","16464",2934,2934,2931,-0.00102249488752556
"16465","16465",2838,2838,2848,0.00352360817477097
"16466","16466",2958,3049,3820,0.291413116970926
"16467","16467",4589,4592,4591,0.000435824798431031
"19020","19020",4589,4592,4591,0.000435824798431031
"16468","16468",3206,3262,3262,0.0174672489082969
"16469","16469",1148,1148,1154,0.00522648083623693
"16470","16470",2570,2603,2533,-0.0143968871595331
"16471","16471",1306,1169,1146,-0.122511485451761
"16472","16472",1882,1882,1884,0.00106269925611052
"16473","16473",2843,2846,2846,0.00105522335561027
"16474","16474",1725,1751,1539,-0.107826086956522
"16475","16475",1374,1343,1220,-0.112081513828239
"16476","16476",4342,4107,4042,-0.0690925840626439
"16477","16477",1655,1984,1809,0.0930513595166163
"16478","16478",3688,3688,3621,-0.0181670281995662
"16479","16479",1578,1587,1587,0.00570342205323194
"16480","16480",2377,2377,2378,0.000420698359276399
"16481","16481",3275,3202,3191,-0.0256488549618321
"16482","16482",1534,1534,1490,-0.0286831812255541
"16483","16483",1928,1928,1927,-0.000518672199170124
"16484","16484",11593,11393,11143,-0.0388165272146985
"16485","16485",1237,1237,1237,0
"16486","16486",1079,1079,907,-0.159406858202039
"16487","16487",3562,3599,3705,0.0401459854014599
"16488","16488",4913,4915,4454,-0.0934256055363322
"16489","16489",7758,7684,7683,-0.00966744006187162
"16490","16490",3632,3560,3509,-0.0338656387665198
"16491","16491",3726,3440,3714,-0.00322061191626409
"16492","16492",2398,2386,2358,-0.0166805671392827
"16493","16493",5230,5231,5247,0.00325047801147228
"16494","16494",2846,2847,2889,0.0151089248067463
"16495","16495",2243,2243,2273,0.0133749442710655
"16496","16496",3375,3387,3654,0.0826666666666667
"16497","16497",3255,3256,3340,0.0261136712749616
"16499","16499",5729,5698,5902,0.0301972421015884
"16500","16500",910,909,1006,0.105494505494505
"16501","16501",2564,2849,2847,0.110374414976599
"16502","16502",4176,4189,4110,-0.0158045977011494
"16503","16503",1400,1400,1409,0.00642857142857143
"16504","16504",4204,4305,4025,-0.0425784966698382
"16505","16505",3022,2846,2926,-0.0317670416942422
"16506","16506",1717,1718,1800,0.0483401281304601
"16507","16507",3153,3154,3146,-0.00222010783380907
"16508","16508",1774,1774,1791,0.00958286358511838
"16509","16509",2679,2687,2520,-0.0593505039193729
"16510","16510",3692,3311,3620,-0.019501625135428
"16511","16511",6408,6688,6691,0.0441635455680399
"16513","16513",900,900,900,0
"16514","16514",2898,2895,2894,-0.00138026224982747
"16515","16515",2288,2288,2350,0.0270979020979021
"16516","16516",1902,1649,1727,-0.0920084121976866
"16517","16517",3544,3544,3410,-0.0378103837471783
"16518","16518",2047,2041,2147,0.0488519785051295
"16519","16519",4820,4820,5446,0.129875518672199
"16520","16520",3412,3412,3417,0.00146541617819461
"16521","16521",1341,1331,1402,0.0454884414615958
"16522","16522",3320,3062,3190,-0.0391566265060241
"16523","16523",987,985,994,0.00709219858156028
"16524","16524",3004,2977,2978,-0.00865512649800266
"16525","16525",1885,1885,1600,-0.151193633952255
"16526","16526",3954,3954,3954,0
"16527","16527",5096,5096,5197,0.0198194662480377
"16528","16528",1543,1543,1543,0
"16530","16530",1504,1337,1388,-0.0771276595744681
"16531","16531",7723,7722,7677,-0.00595623462385084
"16532","16532",8142,8140,7559,-0.0716040284942275
"16533","16533",5135,5106,5114,-0.00408958130477118
"16534","16534",1355,1355,1359,0.0029520295202952
"16535","16535",5226,5226,5225,-0.000191350937619594
"16536","16536",9175,9159,9164,-0.00119891008174387
"16537","16537",1303,1321,1321,0.0138142747505756
"16538","16538",2156,2155,2155,-0.000463821892393321
"16539","16539",1943,1943,1943,0
"16540","16540",6564,6556,6572,0.0012187690432663
"16541","16541",1866,1867,1838,-0.015005359056806
"16542","16542",1761,1700,1701,-0.0340715502555366
"16543","16543",2671,2665,2543,-0.0479221265443654
"16544","16544",1416,1322,1340,-0.0536723163841808
"16545","16545",1528,1527,1527,-0.000654450261780105
"16546","16546",1704,1704,1693,-0.00645539906103286
"16547","16547",5024,4990,5034,0.00199044585987261
"16548","16548",5190,5202,5267,0.0148362235067437
"16549","16549",2453,2453,2455,0.000815328169588259
"16550","16550",2626,2626,2623,-0.00114242193450114
"16551","16551",3932,4022,4020,0.0223804679552391
"16552","16552",2490,2490,2490,0
"16553","16553",2137,2137,1986,-0.0706598034627983
"16554","16554",2261,2260,2330,0.0305174701459531
"16555","16555",5353,5352,5246,-0.0199887913319634
"16556","16556",1385,1385,1385,0
"16557","16557",3381,3748,3039,-0.101153504880213
"16558","16558",3829,3882,3748,-0.0211543483938365
"16559","16559",1751,1751,2800,0.599086236436322
"16560","16560",1710,1710,1710,0
"16561","16561",1519,1521,1630,0.0730743910467413
"16562","16562",2912,2914,2745,-0.0573489010989011
"16563","16563",6218,6273,6855,0.102444515921518
"16564","16564",5682,5680,5579,-0.0181274199225625
"16565","16565",2818,2808,2808,-0.0035486160397445
"16566","16566",2353,2379,2408,0.023374415639609
"16567","16567",3774,3803,4102,0.0869104398516163
"16568","16568",4789,4983,4724,-0.013572770933389
"16569","16569",2604,2604,2602,-0.000768049155145929
"16570","16570",3612,3331,3367,-0.0678294573643411
"16571","16571",2646,2777,2793,0.0555555555555556
"16572","16572",2851,2850,2825,-0.00911960715538408
"16573","16573",3833,3763,3810,-0.006000521784503
"16574","16574",2093,1839,1842,-0.119923554706163
"16575","16575",4678,4669,4753,0.0160324925181702
"16576","16576",2763,2672,2606,-0.0568222946073109
"16577","16577",4228,4228,4235,0.00165562913907285
"16578","16578",1128,1128,1127,-0.000886524822695035
"16579","16579",1299,1296,1258,-0.031562740569669
"16580","16580",1971,1667,1704,-0.135464231354642
"16581","16581",1310,1310,1310,0
"16582","16582",2935,2930,2929,-0.0020442930153322
"16583","16583",2409,2449,2449,0.016604400166044
"16584","16584",4596,4590,4589,-0.0015230635335074
"16585","16585",2716,2716,2798,0.0301914580265096
"16586","16586",1414,1414,1414,0
"17751","17751",1414,1414,1414,0
"16587","16587",1642,1642,1668,0.0158343483556638
"16588","16588",4215,4178,4215,0
"16589","16589",3636,4004,3735,0.0272277227722772
"16590","16590",3244,3246,3169,-0.0231196054254007
"16592","16592",2969,2969,2979,0.00336813742000674
"16593","16593",4593,4372,4423,-0.0370128456346614
"16594","16594",4679,4674,4698,0.00406069673007053
"16595","16595",10753,10634,10330,-0.0393378592020831
"16596","16596",2646,2646,2482,-0.0619803476946334
"16597","16597",1753,1753,1751,-0.00114090131203651
"16598","16598",3262,3281,3395,0.0407725321888412
"16599","16599",2550,2532,2533,-0.00666666666666667
"16600","16600",2172,2172,2149,-0.0105893186003683
"16601","16601",4735,4604,4584,-0.0318901795142555
"16602","16602",3207,3235,3354,0.0458372310570627
"16603","16603",759,759,759,0
"16604","16604",3286,3286,3393,0.0325623858794887
"16605","16605",2762,2768,2832,0.0253439536567705
"16606","16606",3309,3232,3141,-0.0507706255666364
"16607","16607",3512,3509,3454,-0.0165148063781321
"16608","16608",6033,6045,6109,0.0125973810707774
"16609","16609",3162,3163,3285,0.038899430740038
"16611","16611",4605,4603,4773,0.0364820846905537
"16612","16612",5187,5140,5170,-0.00327742433005591
"16613","16613",1065,1065,1065,0
"16614","16614",4227,3931,3863,-0.0861130825644665
"16615","16615",1882,1882,1568,-0.166843783209352
"16616","16616",3657,3658,3633,-0.00656275635767022
"16617","16617",11634,11577,11289,-0.0296544610624033
"16618","16618",3451,3453,3570,0.0344827586206897
"16619","16619",1837,1684,1837,0
"16620","16620",3154,2696,3165,0.00348763474952441
"16621","16621",3490,3514,3661,0.0489971346704871
"16622","16622",2140,2032,1982,-0.0738317757009346
"16623","16623",2039,2040,2040,0.000490436488474743
"16624","16624",1190,1190,1485,0.247899159663866
"16625","16625",1705,1705,1705,0
"16626","16626",4723,4724,4632,-0.0192674147787423
"16627","16627",2897,2886,2605,-0.100793924749741
"16628","16628",1493,1492,1556,0.0421969189551239
"16629","16629",3412,3412,3703,0.0852872215709261
"16630","16630",1406,1406,1407,0.000711237553342817
"16631","16631",3896,3896,3775,-0.0310574948665298
"16633","16633",1297,1297,1297,0
"16635","16635",5679,6277,5702,0.00405000880436697
"16637","16637",1690,1690,1681,-0.00532544378698225
"16638","16638",2653,2277,2242,-0.1549189596683
"16639","16639",1685,1685,1749,0.0379821958456973
"16640","16640",3405,3322,3050,-0.104258443465492
"16641","16641",4244,4244,4245,0.000235626767200754
"16642","16642",1915,1915,1646,-0.140469973890339
"16643","16643",3532,3544,3590,0.0164212910532276
"16644","16644",12950,12990,12847,-0.00795366795366795
"16645","16645",1550,1564,1653,0.0664516129032258
"16646","16646",4627,4642,4670,0.00929327858223471
"16647","16647",2733,2733,2733,0
"16648","16648",3409,3409,3409,0
"16649","16649",2988,3111,3023,0.0117135207496653
"18932","18932",2988,3111,3023,0.0117135207496653
"16650","16650",974,1081,1081,0.109856262833676
"16651","16651",2499,2499,2502,0.00120048019207683
"16652","16652",4153,4154,4037,-0.0279316156994943
"16653","16653",7708,7676,7239,-0.060845874416191
"16655","16655",3277,3277,3231,-0.0140372291730241
"16656","16656",3132,3132,4122,0.316091954022989
"16657","16657",4937,4939,5156,0.0443589224225238
"16658","16658",2467,2466,2264,-0.0822861775435752
"16659","16659",4107,4107,4108,0.000243486729973216
"16660","16660",1418,1418,1448,0.0211565585331453
"16661","16661",1700,1673,1688,-0.00705882352941176
"16662","16662",3206,3218,3221,0.00467872738615097
"16664","16664",2766,2769,2813,0.0169920462762111
"16665","16665",861,894,894,0.0383275261324042
"16666","16666",4195,4195,4195,0
"16667","16667",1373,1373,1377,0.00291332847778587
"16668","16668",1085,1085,1085,0
"16669","16669",1339,1349,1009,-0.246452576549664
"16670","16670",2519,2495,2487,-0.0127034537514887
"16671","16671",2870,2824,2824,-0.0160278745644599
"16672","16672",2650,2650,3100,0.169811320754717
"16673","16673",1338,1338,1338,0
"16675","16675",1363,1363,1330,-0.0242112986060161
"16676","16676",2309,2320,2322,0.00563014291901256
"16677","16677",1639,1639,1639,0
"16678","16678",2032,2032,2078,0.0226377952755906
"16679","16679",2081,2093,2093,0.00576645843344546
"16680","16680",1806,1806,2183,0.20874861572536
"16681","16681",6881,6915,6939,0.00842900741171341
"16682","16682",5580,5588,5568,-0.0021505376344086
"16684","16684",1437,1274,1482,0.0313152400835073
"16685","16685",2152,2152,2148,-0.00185873605947955
"16686","16686",4350,4441,4416,0.0151724137931034
"16687","16687",5713,5709,5309,-0.070715911079993
"16688","16688",1929,1810,1884,-0.0233281493001555
"16689","16689",2621,2621,2622,0.000381533765738268
"16690","16690",2727,2757,2459,-0.0982764943160983
"16691","16691",1971,2261,2050,0.0400811770674784
"16692","16692",4950,4934,4953,0.000606060606060606
"16693","16693",2521,2486,2485,-0.0142800476001587
"16694","16694",1884,1860,1836,-0.0254777070063694
"16695","16695",3985,3778,3994,0.00225846925972396
"16696","16696",460,447,530,0.152173913043478
"16697","16697",2784,2771,2832,0.0172413793103448
"16698","16698",1060,1060,1035,-0.0235849056603774
"16699","16699",3551,3558,3558,0.00197127569698676
"16700","16700",2812,2663,2524,-0.102418207681366
"16701","16701",3198,3394,3251,0.0165728580362727
"16702","16702",1782,1782,1729,-0.0297418630751964
"16703","16703",2384,2441,2063,-0.134647651006711
"16704","16704",3055,2970,3009,-0.0150572831423895
"16705","16705",2613,2617,2629,0.00612323000382702
"16706","16706",1289,1291,1024,-0.205585725368503
"16707","16707",3139,3139,3132,-0.00223000955718382
"16708","16708",2685,2685,2959,0.102048417132216
"16709","16709",1115,1102,1115,0
"18315","18315",1115,1102,1115,0
"19322","19322",1115,1102,1115,0
"16710","16710",6326,6179,6192,-0.0211824217515017
"16711","16711",3443,3592,3605,0.0470519895440023
"16712","16712",1999,2036,2036,0.0185092546273137
"16713","16713",11705,11700,11607,-0.00837249038872277
"16714","16714",3590,3538,3640,0.0139275766016713
"16715","16715",2040,1998,1996,-0.0215686274509804
"16716","16716",6218,5985,5792,-0.0685107751688646
"16717","16717",2032,2032,2065,0.016240157480315
"16718","16718",2219,2226,2122,-0.0437133844073907
"16719","16719",3235,3235,3231,-0.00123647604327666
"16720","16720",3199,3204,3350,0.0472022507033448
"16721","16721",3206,3206,3171,-0.0109170305676856
"16722","16722",1289,1283,1283,-0.00465477114041893
"16723","16723",2673,2636,2712,0.0145903479236813
"16724","16724",1650,1650,1650,0
"16725","16725",983,983,982,-0.00101729399796541
"16726","16726",4604,4601,4609,0.00108601216333623
"16727","16727",3071,2813,2835,-0.076847932269619
"16728","16728",2521,2521,2546,0.00991669972233241
"16729","16729",1288,1303,1332,0.0341614906832298
"16730","16730",3371,3318,2887,-0.14357757342035
"16731","16731",1890,1890,1890,0
"16732","16732",2309,2316,2394,0.0368124729320052
"16733","16733",3900,3931,3804,-0.0246153846153846
"16734","16734",2198,2198,2198,0
"16735","16735",2971,3131,2948,-0.00774150117805453
"16736","16736",1681,1676,1676,-0.00297441998810232
"16737","16737",11643,11682,11526,-0.010048956454522
"16738","16738",2485,2341,2475,-0.00402414486921529
"16739","16739",1810,1867,1933,0.0679558011049724
"16740","16740",1812,1812,1813,0.000551876379690949
"16741","16741",2421,2421,2530,0.0450227178851714
"16742","16742",2664,3092,2949,0.106981981981982
"16743","16743",1037,1037,1104,0.0646094503375121
"16744","16744",1658,1656,1656,-0.00120627261761158
"17947","17947",1658,1656,1656,-0.00120627261761158
"16745","16745",1599,1603,1681,0.0512820512820513
"16746","16746",4729,4725,4720,-0.00190315077183337
"16747","16747",5155,5188,4895,-0.0504364694471387
"16748","16748",5058,5071,5070,0.00237247924080664
"16749","16749",3094,3423,3095,0.000323206205559147
"16750","16750",1927,1926,1826,-0.0524130773222626
"16753","16753",4674,4670,4747,0.0156183140778776
"16754","16754",3647,3647,3386,-0.0715656704140389
"16755","16755",2510,2506,2911,0.159760956175299
"16756","16756",3327,3327,3202,-0.0375713856327021
"16757","16757",1673,1673,1673,0
"16758","16758",1702,1690,1699,-0.00176263219741481
"19338","19338",1702,1690,1699,-0.00176263219741481
"16760","16760",1843,1841,1857,0.00759631036353771
"16761","16761",3386,3386,3480,0.0277613703484938
"16762","16762",1914,1914,1914,0
"16763","16763",1596,1596,1608,0.0075187969924812
"16764","16764",1008,999,997,-0.0109126984126984
"16766","16766",3602,3442,3777,0.0485841199333703
"16767","16767",2589,2583,2607,0.00695249130938586
"16769","16769",2536,2536,2536,0
"16770","16770",1653,1706,1733,0.0483968542044767
"16771","16771",1987,1929,1879,-0.054353296426774
"16772","16772",5046,5046,5046,0
"16773","16773",1716,1673,1673,-0.0250582750582751
"16774","16774",3538,3540,3533,-0.00141322781232335
"16775","16775",2700,2739,2740,0.0148148148148148
"16776","16776",4939,4944,4946,0.00141729094958494
"16777","16777",2147,2163,2134,-0.00605496040987424
"16778","16778",4942,4832,4856,-0.0174018615944962
"16779","16779",8855,8835,8700,-0.0175042348955392
"16781","16781",2703,2697,2849,0.0540140584535701
"16782","16782",5794,5925,5964,0.0293406972730411
"16783","16783",2283,2547,2546,0.115199299167762
"16784","16784",3582,4043,4021,0.122557230597432
"16785","16785",5299,5316,5369,0.0132100396301189
"16786","16786",1193,1193,880,-0.262363788767812
"16787","16787",1787,1786,1791,0.00223838836038053
"16788","16788",5917,5918,5922,0.000845022815616022
"16789","16789",3180,3053,3159,-0.00660377358490566
"16790","16790",1042,1042,1042,0
"16791","16791",818,818,765,-0.0647921760391198
"16792","16792",5336,5108,5124,-0.0397301349325337
"16793","16793",1803,1749,1750,-0.0293954520244038
"16794","16794",883,883,883,0
"16795","16795",4062,4060,4105,0.0105859182668636
"16796","16796",2560,2441,2498,-0.02421875
"16797","16797",3467,3467,3537,0.0201903663109316
"16798","16798",3115,3120,2891,-0.0719101123595506
"16800","16800",3142,3151,3147,0.00159134309357097
"16802","16802",2188,2197,2075,-0.0516453382084095
"16803","16803",4336,4348,4348,0.00276752767527675
"16804","16804",6567,6600,6871,0.0462920663925689
"16805","16805",2724,2897,2929,0.0752569750367107
"16806","16806",1622,1661,1618,-0.00246609124537608
"18735","18735",1622,1661,1618,-0.00246609124537608
"16807","16807",1298,1298,1258,-0.0308166409861325
"16808","16808",9621,9890,9876,0.026504521359526
"16809","16809",1946,1946,1917,-0.0149023638232271
"16810","16810",5870,5870,5865,-0.000851788756388416
"16811","16811",3748,3811,4156,0.108858057630736
"16812","16812",2033,2033,1812,-0.108706345302509
"16813","16813",3767,3759,3729,-0.0100876028670029
"16814","16814",2194,2189,2188,-0.00273473108477666
"16815","16815",8642,8636,8614,-0.00323999074288359
"16816","16816",5556,5615,5043,-0.0923326133909287
"16817","16817",3921,3549,4285,0.0928334608518235
"16818","16818",2651,2914,2877,0.0852508487363259
"16820","16820",2829,2829,2829,0
"16821","16821",3208,3208,3208,0
"16822","16822",2475,2477,1909,-0.228686868686869
"16823","16823",4557,4561,4969,0.0904103576914637
"16824","16824",4542,4535,4599,0.0125495376486129
"16825","16825",4511,4706,4625,0.0252715584127688
"16826","16826",1753,1867,1707,-0.0262407301768397
"16827","16827",2540,2539,2659,0.0468503937007874
"16828","16828",10168,10286,10348,0.0177025963808025
"16829","16829",1546,1546,1252,-0.190168175937904
"16830","16830",1967,1967,1970,0.00152516522623284
"16831","16831",1752,1752,1758,0.00342465753424658
"16832","16832",2498,2498,2500,0.000800640512409928
"16833","16833",2168,2168,2272,0.0479704797047971
"16835","16835",2087,2088,2025,-0.0297077144226162
"16836","16836",8385,8647,8428,0.00512820512820513
"16837","16837",3433,3433,3382,-0.0148558112438101
"16838","16838",3164,3164,3087,-0.0243362831858407
"16839","16839",1968,1968,1930,-0.0193089430894309
"16840","16840",2563,2766,2855,0.11392898946547
"16842","16842",1796,1796,1853,0.0317371937639198
"16843","16843",2217,2217,2215,-0.0009021199819576
"16844","16844",5597,5495,5240,-0.0637841700911202
"16845","16845",5514,5514,5518,0.000725426187885383
"16846","16846",889,902,902,0.0146231721034871
"16847","16847",2476,2499,2518,0.0169628432956381
"16848","16848",1461,1420,1461,0
"16849","16849",5213,5213,5418,0.0393247650105505
"16851","16851",1814,1817,1816,0.00110253583241455
"16852","16852",2989,2989,2983,-0.00200736032117765
"16853","16853",9099,9124,8873,-0.0248378942740961
"16854","16854",1374,1485,1368,-0.00436681222707424
"16855","16855",2956,2956,2894,-0.0209742895805142
"16856","16856",5219,5156,5270,0.00977198697068404
"16857","16857",2986,2955,3111,0.0418620227729404
"19792","19792",2986,2955,3111,0.0418620227729404
"16858","16858",1636,1636,1847,0.128973105134474
"16859","16859",1859,1859,1782,-0.0414201183431953
"16860","16860",2752,2753,2755,0.00109011627906977
"16861","16861",3960,3960,3925,-0.00883838383838384
"16862","16862",3581,3691,3683,0.0284836637810667
"16865","16865",3037,3038,3038,0.00032927230819888
"16866","16866",2157,2127,2148,-0.00417246175243394
"16867","16867",3815,3820,3820,0.00131061598951507
"16868","16868",3419,3424,3424,0.00146241591108511
"16869","16869",2025,1931,1875,-0.0740740740740741
"16870","16870",4507,4367,4329,-0.0394941202573774
"16871","16871",7763,7850,7653,-0.0141697797243334
"16872","16872",2327,2327,2289,-0.0163300386764074
"16873","16873",4289,4296,4268,-0.00489624621123805
"16874","16874",1331,1331,1296,-0.0262960180315552
"16875","16875",2463,2455,2439,-0.0097442143727162
"16876","16876",2501,2503,2501,0
"16877","16877",4860,4993,4879,0.00390946502057613
"16878","16878",5327,5327,3885,-0.270696452036794
"16879","16879",1993,1818,1911,-0.0411440040140492
"16880","16880",3686,3684,3654,-0.00868149755832881
"16882","16882",3489,3489,3491,0.00057323015190599
"16883","16883",3317,3315,3318,0.000301477238468496
"16884","16884",1250,1237,1234,-0.0128
"16885","16885",3923,3781,3840,-0.0211572775936783
"16886","16886",2418,2402,2305,-0.0467328370554177
"16887","16887",1012,1011,1025,0.0128458498023715
"16888","16888",1698,1663,1668,-0.0176678445229682
"16889","16889",1472,1477,1457,-0.0101902173913043
"16890","16890",2386,2386,2207,-0.0750209555741827
"16891","16891",2495,2501,2725,0.0921843687374749
"16892","16892",1904,1904,1904,0
"16893","16893",2517,2524,2527,0.00397298371076679
"16895","16895",1931,1899,1862,-0.0357327809425168
"16897","16897",2769,2736,2747,-0.00794510653665583
"16898","16898",2716,2709,2710,-0.00220913107511046
"16899","16899",3605,3561,4752,0.318169209431345
"16900","16900",3128,3141,3383,0.0815217391304348
"16901","16901",4173,4176,4232,0.0141385094656123
"16902","16902",2274,2274,2307,0.0145118733509235
"16903","16903",2198,2200,2200,0.000909918107370337
"16904","16904",3669,3669,3670,0.000272553829381303
"16906","16906",2435,2437,2413,-0.00903490759753593
"16907","16907",1881,1881,2029,0.0786815523657629
"16908","16908",5729,5731,3925,-0.314889160411939
"16909","16909",4668,4668,4570,-0.0209940017137961
"16910","16910",1285,1285,1285,0
"16912","16912",6896,6896,6988,0.0133410672853828
"16913","16913",7346,7342,7133,-0.0289953716308195
"16914","16914",2734,2731,2849,0.0420629114850037
"16915","16915",3636,3601,3578,-0.015951595159516
"16916","16916",4834,5390,5222,0.0802647910633016
"16917","16917",1495,1581,2048,0.369899665551839
"16918","16918",2132,2132,2132,0
"16919","16919",1947,1995,2030,0.0426296866974833
"16920","16920",1224,1239,1322,0.0800653594771242
"16921","16921",4470,4470,4470,0
"16922","16922",3154,3149,3147,-0.00221940393151554
"16923","16923",5573,5581,5669,0.0172259106405886
"16924","16924",2535,2528,2528,-0.00276134122287968
"16925","16925",3212,2787,2813,-0.124221668742217
"16926","16926",2482,2482,2485,0.00120870265914585
"16927","16927",4148,4115,3888,-0.0626808100289296
"16928","16928",2984,2984,3239,0.085455764075067
"16929","16929",3205,3208,3273,0.021216848673947
"16931","16931",3622,3665,2990,-0.17448923246825
"16932","16932",4939,4772,5041,0.0206519538368091
"16933","16933",7337,7495,7502,0.0224887556221889
"16934","16934",1824,1735,1776,-0.0263157894736842
"16935","16935",2328,2328,2331,0.00128865979381443
"16936","16936",2818,2818,2818,0
"16937","16937",1997,1997,1959,-0.0190285428142213
"16938","16938",1661,1659,1552,-0.0656231186032511
"16939","16939",2144,2104,1939,-0.0956156716417911
"16940","16940",5506,5382,5578,0.0130766436614602
"16941","16941",2373,2373,2371,-0.000842815002107038
"16942","16942",4218,3962,4063,-0.0367472735893789
"16943","16943",2469,2637,2636,0.0676387201296071
"16944","16944",6212,5503,5489,-0.116387636831938
"16945","16945",4814,4814,4821,0.00145409223099294
"16946","16946",925,925,925,0
"16947","16947",2228,2228,2329,0.0453321364452424
"16948","16948",5793,5185,5188,-0.104436388745037
"16949","16949",8697,8695,8766,0.00793377026560883
"16951","16951",7195,6737,6826,-0.0512856150104239
"16952","16952",4848,4759,4572,-0.0569306930693069
"16954","16954",3712,3712,3814,0.0274784482758621
"16955","16955",1360,1360,1360,0
"19485","19485",1360,1360,1360,0
"16957","16957",3784,3788,3794,0.00264270613107822
"16958","16958",2225,2191,2179,-0.0206741573033708
"16959","16959",2270,2268,2269,-0.000440528634361233
"16960","16960",3205,3207,3207,0.00062402496099844
"16961","16961",3667,2595,2478,-0.324243250613581
"16962","16962",3281,3280,3281,0
"16963","16963",2643,2673,2736,0.0351872871736663
"16964","16964",1917,1917,1917,0
"16965","16965",4351,4220,4190,-0.0370029878188922
"16966","16966",6569,6569,6638,0.0105038818693865
"16967","16967",2289,2303,2331,0.018348623853211
"16968","16968",2589,2671,2670,0.0312862108922364
"16969","16969",2269,2243,2270,0.000440722785368004
"16970","16970",1854,1854,1854,0
"16971","16971",1727,1734,1739,0.00694846554719166
"16972","16972",2834,2834,3023,0.0666901905434016
"16973","16973",1096,1095,1095,-0.000912408759124088
"16975","16975",2981,3004,2903,-0.0261657162026166
"16976","16976",1381,1381,1327,-0.0391020999275887
"16977","16977",3504,4003,3429,-0.0214041095890411
"16978","16978",7076,6957,7140,0.00904465799886942
"16979","16979",2726,2720,2715,-0.00403521643433602
"16980","16980",3135,3098,3388,0.0807017543859649
"16981","16981",8051,7829,8047,-0.000496832691591107
"16982","16982",2861,3296,2729,-0.0461377140859839
"16983","16983",3253,3157,3197,-0.0172148785736243
"16984","16984",8923,8939,9333,0.0459486719713101
"16985","16985",5357,5344,5421,0.0119469852529401
"16986","16986",1295,1290,1273,-0.016988416988417
"16987","16987",1976,1976,1983,0.00354251012145749
"16988","16988",3156,3157,3157,0.000316856780735108
"16989","16989",5947,5937,5713,-0.0393475702034639
"16990","16990",3683,3682,3723,0.0108607113765952
"16991","16991",2227,2085,2098,-0.0579254602604401
"16992","16992",4944,4931,4930,-0.00283171521035599
"16993","16993",3189,3187,3186,-0.000940733772342427
"16994","16994",2314,2383,2381,0.0289541918755402
"16995","16995",4935,4941,5101,0.0336372847011145
"16996","16996",1582,1580,1466,-0.0733249051833123
"16998","16998",3444,3447,3327,-0.0339721254355401
"16999","16999",4810,4817,4842,0.00665280665280665
"17000","17000",3669,3723,4047,0.103025347506132
"17001","17001",2869,2868,2868,-0.000348553502962705
"17002","17002",4496,4486,4479,-0.00378113879003559
"17003","17003",2098,2098,2259,0.0767397521448999
"17004","17004",5101,5079,5139,0.00744951970201921
"17005","17005",1683,1683,1719,0.0213903743315508
"17007","17007",3597,3526,3525,-0.0200166805671393
"17008","17008",4630,4631,4631,0.000215982721382289
"17009","17009",3543,3102,3092,-0.127293254304262
"17010","17010",8701,8737,8470,-0.0265486725663717
"17011","17011",2323,2325,2586,0.113215669393026
"17013","17013",3241,3078,3347,0.0327059549521753
"17014","17014",2793,2787,2795,0.000716075904045829
"17015","17015",2575,2486,2482,-0.0361165048543689
"17016","17016",2860,2951,2920,0.020979020979021
"17017","17017",2400,2400,2236,-0.0683333333333333
"17018","17018",1948,1919,1651,-0.152464065708419
"17019","17019",6679,6313,6235,-0.0664770175175925
"17020","17020",3507,3399,3440,-0.0191046478471628
"17022","17022",1686,1686,1419,-0.158362989323843
"17023","17023",1516,1516,1516,0
"17024","17024",4318,4428,4428,0.0254747568318666
"17025","17025",5739,5740,5732,-0.00121972469071267
"17026","17026",1560,1560,1560,0
"17027","17027",8943,9178,8845,-0.0109582914010958
"17028","17028",2991,2915,2857,-0.0448010698762956
"17029","17029",2311,2311,2314,0.00129813933362181
"17030","17030",2785,2842,2966,0.0649910233393178
"17032","17032",4504,4504,4504,0
"17033","17033",5204,5207,5261,0.0109531129900077
"17034","17034",3351,3244,3057,-0.0877350044762757
"17035","17035",2686,2684,2798,0.0416976917349218
"17036","17036",1986,1996,1958,-0.014098690835851
"17037","17037",5325,5294,5559,0.043943661971831
"17038","17038",2537,2525,2631,0.0370516357903035
"17039","17039",2874,2874,2915,0.0142658315935978
"17040","17040",5377,5377,5343,-0.00632322856611493
"17041","17041",7747,7794,7538,-0.0269781851039112
"17042","17042",1679,1679,1659,-0.0119118522930316
"17043","17043",2688,2687,2684,-0.00148809523809524
"17044","17044",3492,3493,3493,0.000286368843069874
"17045","17045",4162,4162,4505,0.0824123017779913
"17046","17046",12824,12990,12737,-0.0067841547099189
"17047","17047",1478,1479,1480,0.0013531799729364
"17048","17048",1574,1741,1536,-0.0241423125794155
"17049","17049",1524,1525,1519,-0.00328083989501312
"17050","17050",4308,4469,4469,0.037372330547818
"17051","17051",8142,8146,8159,0.0020879390813068
"17052","17052",2516,2554,2516,0
"17053","17053",3230,3230,3210,-0.00619195046439629
"17054","17054",5676,5627,5695,0.00334742776603242
"17055","17055",1715,1740,1965,0.145772594752187
"17056","17056",1226,1229,1229,0.00244698205546493
"17057","17057",7322,7173,7292,-0.00409724119093144
"17058","17058",2007,2215,2118,0.0553064275037369
"17059","17059",4053,4056,4029,-0.00592153960029608
"17060","17060",2640,2640,2511,-0.0488636363636364
"17061","17061",6763,6920,6838,0.011089753068165
"17062","17062",1913,1913,1884,-0.0151594354417146
"17063","17063",2564,2567,2472,-0.0358814352574103
"17064","17064",1910,1909,1872,-0.0198952879581152
"17065","17065",3291,3259,3551,0.0790033424491036
"17066","17066",8959,8912,8836,-0.0137292108494252
"17067","17067",1830,2053,1819,-0.00601092896174863
"17068","17068",2759,2938,2696,-0.0228343602754621
"17069","17069",2255,2211,2447,0.0851441241685144
"17070","17070",2034,2034,2034,0
"17071","17071",2344,2392,2455,0.0473549488054607
"17072","17072",4508,4494,4551,0.00953859804791482
"17073","17073",2368,2367,2367,-0.000422297297297297
"17074","17074",3486,3480,3638,0.0436029833620195
"17075","17075",1692,1895,1743,0.0301418439716312
"17076","17076",3152,3153,3160,0.00253807106598985
"17077","17077",4149,4144,3798,-0.0845986984815618
"17078","17078",2202,2202,2202,0
"17079","17079",3493,3467,3077,-0.119095333524191
"17080","17080",3259,3278,3379,0.0368211107701749
"17081","17081",3396,3425,3409,0.00382803297997644
"17082","17082",12054,12146,12860,0.0668657706985233
"17083","17083",1220,1220,1219,-0.000819672131147541
"17084","17084",1244,1244,1132,-0.090032154340836
"17085","17085",1422,1417,1310,-0.0787623066104079
"17086","17086",4890,4849,5099,0.0427402862985685
"17087","17087",2982,2982,2698,-0.0952380952380952
"17089","17089",2350,2350,2350,0
"17090","17090",2391,2391,2425,0.014219991635299
"17091","17091",1597,1597,1597,0
"17092","17092",1257,1221,1221,-0.0286396181384248
"17093","17093",1411,1410,1410,-0.00070871722182849
"17094","17094",3167,3167,3273,0.0334701610356805
"17095","17095",624,624,624,0
"17096","17096",3600,3580,3544,-0.0155555555555556
"17097","17097",3949,3948,3948,-0.000253228665484933
"17098","17098",5729,5739,5296,-0.0755803805201606
"17099","17099",3258,3259,3259,0.000306936771025169
"17100","17100",3652,3296,3380,-0.0744797371303395
"17101","17101",1472,1704,1472,0
"17102","17102",2568,2491,2491,-0.0299844236760125
"17103","17103",2320,2319,2387,0.0288793103448276
"17104","17104",3965,4004,3961,-0.00100882723833544
"17105","17105",1275,1275,1275,0
"17106","17106",3075,3042,2701,-0.121626016260163
"17107","17107",1162,1162,852,-0.266781411359725
"17108","17108",1518,1518,1520,0.00131752305665349
"17109","17109",1731,1731,1727,-0.00231080300404391
"17110","17110",3211,3211,3111,-0.0311429461227032
"17111","17111",3061,3061,3054,-0.00228683436785364
"17112","17112",9320,9304,9490,0.0182403433476395
"17113","17113",2024,2061,2092,0.033596837944664
"17115","17115",3837,3765,3767,-0.0182434193380245
"17116","17116",11155,11028,11118,-0.00331689825190498
"17117","17117",8994,9062,9034,0.0044474093840338
"17118","17118",840,840,918,0.0928571428571429
"17119","17119",904,908,908,0.00442477876106195
"17120","17120",2074,2070,2131,0.0274831243972999
"17121","17121",3077,3324,3435,0.116347091322717
"17122","17122",6858,6954,6961,0.0150189559638379
"17123","17123",6570,6573,6070,-0.076103500761035
"17124","17124",3601,3595,3426,-0.0485976117745071
"17125","17125",3179,3171,3172,-0.00220195029883611
"17126","17126",4091,4100,3997,-0.0229772671718406
"17127","17127",1133,1114,999,-0.118270079435128
"17128","17128",5633,4947,5392,-0.0427835966625244
"17129","17129",7002,7041,6605,-0.0566980862610683
"17130","17130",1475,1475,1479,0.00271186440677966
"17131","17131",3494,3493,3303,-0.0546651402404121
"17132","17132",3781,3782,3765,-0.00423168473948691
"17133","17133",1149,1149,1167,0.0156657963446475
"17134","17134",1429,1429,1400,-0.0202939118264521
"17135","17135",3578,3760,3739,0.0449972051425377
"17136","17136",2066,2066,2060,-0.00290416263310745
"17138","17138",3800,3741,3609,-0.0502631578947368
"17139","17139",2196,2248,2167,-0.0132058287795993
"17140","17140",3569,3656,3666,0.0271784813673298
"17141","17141",2193,2193,2193,0
"17142","17142",1426,1330,1269,-0.110098176718093
"17143","17143",4894,4874,4873,-0.00429096853289743
"17144","17144",5114,5088,5086,-0.00547516621040282
"17145","17145",3096,3068,3068,-0.00904392764857881
"17146","17146",2663,2329,2387,-0.103642508449118
"17147","17147",1859,1859,1860,0.000537923614846692
"17149","17149",6406,6420,6415,0.00140493287542929
"17150","17150",4183,4185,4221,0.00908438919435812
"17151","17151",5095,5096,4972,-0.0241413150147203
"17153","17153",5656,5655,5569,-0.0153818953323904
"17154","17154",2460,2462,2565,0.0426829268292683
"17155","17155",3357,3383,3159,-0.0589812332439678
"17156","17156",5158,5172,5389,0.0447848003101977
"17157","17157",4217,4216,4252,0.00829973915105525
"17158","17158",1643,1643,1544,-0.0602556299452222
"17159","17159",1758,1702,1913,0.0881683731513083
"17160","17160",1838,1836,1835,-0.00163220892274211
"17161","17161",5058,5044,5045,-0.0025701858442072
"17162","17162",1124,1124,1124,0
"17163","17163",1102,1102,1065,-0.0335753176043557
"17164","17164",1318,1319,1319,0.000758725341426404
"17165","17165",2608,2578,2128,-0.184049079754601
"17166","17166",3158,3158,3034,-0.039265357821406
"17167","17167",2927,2919,2940,0.00444140758455757
"17168","17168",3496,3495,3524,0.0080091533180778
"17169","17169",4087,4092,4124,0.00905309517983851
"17170","17170",8957,8942,8700,-0.0286926426258792
"17171","17171",1411,1415,1430,0.0134656272147413
"17172","17172",4425,4419,4425,0
"17173","17173",3767,3769,3773,0.00159277940005309
"17174","17174",2225,2225,2189,-0.0161797752808989
"17175","17175",3611,3595,3741,0.0360011077263916
"19080","19080",3611,3595,3741,0.0360011077263916
"17176","17176",3060,3010,3010,-0.0163398692810458
"17177","17177",9072,9072,9015,-0.00628306878306878
"17178","17178",4894,4580,4581,-0.0639558643236616
"17179","17179",6789,6601,6715,-0.0108999852702902
"17180","17180",2802,2802,3067,0.0945753033547466
"17181","17181",2241,2219,2214,-0.0120481927710843
"17182","17182",1820,1819,1818,-0.0010989010989011
"17183","17183",2394,2393,2393,-0.000417710944026733
"17184","17184",3949,3979,3874,-0.01899214991137
"17185","17185",7267,7388,7116,-0.020778863354892
"17187","17187",1944,1946,1958,0.00720164609053498
"17188","17188",1874,1838,2146,0.145144076840982
"17189","17189",3447,3447,3447,0
"17190","17190",2685,2785,3047,0.134823091247672
"17191","17191",1902,1951,1728,-0.0914826498422713
"17192","17192",3042,3046,2885,-0.0516107823800131
"17193","17193",1312,1366,1584,0.207317073170732
"17194","17194",6825,6793,6806,-0.00278388278388278
"17195","17195",1481,1459,1459,-0.0148548278190412
"17197","17197",7116,7116,7200,0.0118043844856661
"17198","17198",2316,2316,2347,0.0133851468048359
"17199","17199",7351,7366,7447,0.0130594476941913
"17200","17200",1730,1730,1791,0.0352601156069364
"17201","17201",3140,3226,2839,-0.095859872611465
"17202","17202",3456,3934,3688,0.0671296296296296
"17203","17203",904,985,904,0
"17204","17204",2960,2960,2848,-0.0378378378378378
"17205","17205",5294,5294,5301,0.00132225160559124
"17206","17206",9599,9597,9601,0.000208355036983019
"17207","17207",1698,1698,1700,0.00117785630153121
"17208","17208",6843,6756,7018,0.0255735788396902
"17209","17209",6165,6158,6170,0.0008110300081103
"17210","17210",6107,6150,6014,-0.0152284263959391
"17211","17211",3671,2803,2803,-0.236447834377554
"17213","17213",4199,3852,3798,-0.0954989283162658
"17214","17214",1599,1599,1599,0
"17215","17215",2041,2044,1766,-0.134737873591377
"17216","17216",1885,1885,1788,-0.0514588859416446
"17217","17217",3434,3444,3444,0.0029120559114735
"17218","17218",4177,4147,4147,-0.00718218817333014
"17220","17220",3127,3052,3113,-0.00447713463383435
"17221","17221",5369,5313,5313,-0.0104302477183833
"17222","17222",2209,2152,2159,-0.0226346763241286
"17223","17223",2841,2841,2759,-0.0288630763815558
"17224","17224",2536,2495,2495,-0.0161671924290221
"17225","17225",5496,5771,5740,0.0443959243085881
"17226","17226",1351,1075,1170,-0.133974833456699
"17227","17227",3464,3465,3483,0.00548498845265589
"17228","17228",2653,2727,2623,-0.0113079532604599
"17229","17229",1247,978,978,-0.215717722534082
"17230","17230",3527,3527,3511,-0.00453643322937341
"17231","17231",3828,3822,3803,-0.00653082549634274
"17233","17233",2707,2707,2834,0.0469154045068341
"17234","17234",1394,1394,1394,0
"17235","17235",2602,2602,2602,0
"17236","17236",3519,3519,3385,-0.0380789997158284
"17237","17237",931,931,1177,0.264232008592911
"17238","17238",3594,3594,3476,-0.0328324986087924
"17240","17240",7003,6999,6978,-0.00356989861487934
"17241","17241",2296,2296,2311,0.00653310104529617
"17242","17242",3296,2791,2691,-0.183555825242718
"17243","17243",5053,5064,4990,-0.012467840886602
"17245","17245",3489,3484,3091,-0.114072800229292
"17246","17246",4623,4697,4697,0.0160069219121782
"17247","17247",2415,2446,2475,0.0248447204968944
"17248","17248",2051,1985,2103,0.0253534861043393
"17249","17249",5568,5568,5563,-0.000897988505747126
"17250","17250",3160,3159,3159,-0.000316455696202532
"17251","17251",3661,3624,3655,-0.00163889647637258
"17252","17252",11332,11434,11061,-0.0239145781856689
"17254","17254",2468,2468,2467,-0.000405186385737439
"17255","17255",3814,3777,3719,-0.0249082328264289
"17256","17256",3251,3252,3239,-0.0036911719470932
"17257","17257",1594,1594,1538,-0.0351317440401506
"17258","17258",1705,1700,1690,-0.00879765395894428
"17259","17259",2332,2332,2342,0.00428816466552316
"17260","17260",1345,1774,1342,-0.00223048327137546
"17261","17261",2373,2373,2377,0.00168563000421408
"17262","17262",7514,7515,7525,0.00146393398988555
"17263","17263",7805,7844,7787,-0.00230621396540679
"17264","17264",1516,1516,1440,-0.050131926121372
"17265","17265",2746,2746,2745,-0.000364166059723234
"17266","17266",4002,4624,4625,0.155672163918041
"17267","17267",2675,2568,2483,-0.0717757009345794
"17268","17268",7356,7317,7317,-0.00530179445350734
"17269","17269",4582,4352,4242,-0.0742034046268005
"17270","17270",1206,1209,1225,0.0157545605306799
"17271","17271",3829,3687,2843,-0.257508487855837
"17272","17272",2785,2965,2973,0.0675044883303411
"17273","17273",1675,1657,1657,-0.0107462686567164
"17274","17274",2014,2350,2046,0.015888778550149
"17275","17275",3450,3439,3442,-0.00231884057971014
"17276","17276",1933,1934,1934,0.000517330574236937
"17277","17277",5954,5955,5784,-0.0285522337924085
"17278","17278",3229,2990,3112,-0.0362341282130691
"17279","17279",2298,2298,2210,-0.0382941688424717
"17280","17280",3976,3976,3983,0.00176056338028169
"17281","17281",3110,3005,2989,-0.0389067524115756
"17282","17282",1755,1753,1849,0.0535612535612536
"17283","17283",1454,1454,1454,0
"17284","17284",2417,2418,2010,-0.16839056681837
"17285","17285",1855,1855,1855,0
"17286","17286",2968,2968,3018,0.0168463611859838
"17287","17287",5310,5309,5753,0.0834274952919021
"17288","17288",2416,2416,2167,-0.103062913907285
"17289","17289",5319,5174,5075,-0.0458732844519647
"17290","17290",1108,1114,1166,0.0523465703971119
"17292","17292",4769,4769,4769,0
"17293","17293",4020,3879,3925,-0.0236318407960199
"17294","17294",4088,4077,4083,-0.00122309197651663
"17295","17295",1820,1820,1869,0.0269230769230769
"17296","17296",1326,1454,1330,0.00301659125188537
"17297","17297",2800,2800,2752,-0.0171428571428571
"17298","17298",3879,3879,3669,-0.0541376643464811
"17299","17299",1317,1308,1317,0
"17301","17301",2095,2094,2094,-0.000477326968973747
"17302","17302",2498,2421,2411,-0.0348278622898319
"17303","17303",1388,1388,1394,0.00432276657060519
"17304","17304",2509,2509,2504,-0.00199282582702272
"17305","17305",2386,2386,2425,0.0163453478625314
"17306","17306",829,829,870,0.0494571773220748
"17366","17366",829,829,870,0.0494571773220748
"17307","17307",3160,3160,3285,0.0395569620253165
"17308","17308",2646,2646,2708,0.0234315948601663
"17309","17309",11996,12051,11982,-0.00116705568522841
"17310","17310",2112,2112,2112,0
"17311","17311",6602,6603,6583,-0.00287791578309603
"17312","17312",3050,2915,2800,-0.0819672131147541
"17313","17313",2726,2936,2894,0.0616287600880411
"17314","17314",2079,2079,2099,0.00962000962000962
"17315","17315",1916,1858,1857,-0.0307933194154489
"17316","17316",1286,1286,1487,0.156298600311042
"17317","17317",1216,1218,1219,0.00246710526315789
"17318","17318",1912,1912,1905,-0.00366108786610879
"17319","17319",3371,3371,3670,0.0886977158113319
"17320","17320",1917,1915,1909,-0.00417318727177882
"18275","18275",1917,1915,1909,-0.00417318727177882
"17321","17321",4660,4658,4654,-0.00128755364806867
"17322","17322",4162,4162,3863,-0.0718404613166747
"17323","17323",3132,3132,3225,0.0296934865900383
"17325","17325",4969,4960,4940,-0.00583618434292614
"17326","17326",4217,4217,3951,-0.0630780175480199
"17327","17327",3112,3112,3113,0.00032133676092545
"17328","17328",3410,3471,3230,-0.0527859237536657
"17329","17329",1227,1085,1085,-0.115729421352893
"17330","17330",1529,1529,1746,0.141922825376063
"17331","17331",2004,2004,2004,0
"17332","17332",5192,5015,5034,-0.0304314329738059
"17333","17333",2508,2508,2616,0.0430622009569378
"17334","17334",2317,2186,2085,-0.100129477772982
"17335","17335",1613,1613,1613,0
"17336","17336",1220,1220,1251,0.0254098360655738
"17337","17337",2039,2058,2045,0.00294261893084846
"17340","17340",1822,1822,1584,-0.130625686059276
"17341","17341",1798,1798,1725,-0.0406006674082314
"17342","17342",2965,2963,2964,-0.000337268128161889
"17343","17343",1652,1554,1554,-0.0593220338983051
"17344","17344",3009,3009,3015,0.00199401794616152
"17345","17345",1683,1516,1677,-0.0035650623885918
"17346","17346",2424,2420,2336,-0.0363036303630363
"17347","17347",1939,1938,1938,-0.000515729757607014
"17348","17348",3201,2979,2859,-0.106841611996251
"17349","17349",2449,2431,2405,-0.0179665169456921
"17350","17350",4998,4825,4734,-0.0528211284513806
"17351","17351",2756,2752,2868,0.0406386066763425
"17352","17352",4005,4002,4256,0.0626716604244694
"17353","17353",1546,1546,1439,-0.0692108667529107
"17355","17355",4337,4337,4356,0.00438090846207056
"17356","17356",1627,1521,1661,0.0208973570989551
"17357","17357",1528,836,810,-0.469895287958115
"17358","17358",4855,4855,5396,0.111431513903193
"17359","17359",3622,3609,3598,-0.00662617338487024
"17360","17360",1485,1484,1468,-0.0114478114478114
"17361","17361",2091,2090,2091,0
"17362","17362",2198,2193,2163,-0.0159235668789809
"17363","17363",2603,2603,2603,0
"17364","17364",1882,1893,1694,-0.099893730074389
"17365","17365",1063,1060,1060,-0.00282220131702728
"17367","17367",4396,4362,4362,-0.00773430391264786
"17368","17368",2002,2002,1916,-0.042957042957043
"17369","17369",3121,3211,3210,0.0285165011214354
"17370","17370",2758,2757,2480,-0.100797679477883
"17371","17371",2274,2274,1958,-0.13896218117854
"17372","17372",3469,3468,3279,-0.0547708273277602
"17373","17373",2565,2565,2551,-0.00545808966861598
"17374","17374",4659,4658,3944,-0.153466409100665
"17375","17375",4860,4862,4949,0.0183127572016461
"17376","17376",1548,1548,1534,-0.00904392764857881
"17377","17377",9652,9645,9758,0.0109821798590966
"17378","17378",2704,2682,2638,-0.0244082840236686
"17379","17379",1567,1566,1569,0.00127632418634333
"17380","17380",2388,2436,2646,0.108040201005025
"17381","17381",2066,2066,2066,0
"17382","17382",2181,2229,2229,0.0220082530949106
"17384","17384",6570,6569,6576,0.00091324200913242
"17385","17385",1674,1673,1871,0.11768219832736
"17386","17386",2226,2224,2224,-0.000898472596585804
"17387","17387",2966,2966,2498,-0.157788267026298
"17388","17388",1805,2086,2086,0.155678670360111
"17389","17389",2317,1996,1973,-0.148467846353043
"17391","17391",1297,1296,1296,-0.000771010023130301
"17392","17392",1618,1750,1846,0.140914709517923
"17394","17394",3817,3864,3940,0.0322242598899659
"17395","17395",2753,2753,2753,0
"17396","17396",2269,2136,2085,-0.0810929925077127
"17397","17397",2542,2637,2638,0.037765538945712
"17398","17398",2372,2374,2224,-0.0623946037099494
"17399","17399",782,861,862,0.10230179028133
"17400","17400",2996,2996,2995,-0.000333778371161549
"17401","17401",3758,3762,3842,0.0223523150612028
"17402","17402",1871,1837,1733,-0.0737573490112239
"17403","17403",1577,1586,1705,0.0811667723525682
"17404","17404",2029,2031,2031,0.00098570724494825
"17405","17405",1965,1965,1969,0.00203562340966921
"17406","17406",4030,4029,4103,0.0181141439205955
"17407","17407",1863,1863,1863,0
"17408","17408",2984,2988,2973,-0.00368632707774799
"17409","17409",3750,4004,3475,-0.0733333333333333
"17410","17410",2352,2351,2351,-0.000425170068027211
"17411","17411",2276,2241,2249,-0.0118629173989455
"17412","17412",2298,2298,2165,-0.0578764142732811
"17413","17413",2673,2673,2696,0.00860456416011972
"17414","17414",1362,1359,1370,0.00587371512481645
"17415","17415",4099,4323,4000,-0.0241522322517687
"17416","17416",2681,2513,2542,-0.051846325997762
"17417","17417",2540,2520,2619,0.0311023622047244
"17418","17418",5096,5099,5001,-0.0186420722135008
"17419","17419",4423,4573,4421,-0.000452181777074384
"17420","17420",1030,1030,1030,0
"17421","17421",5144,5143,5074,-0.0136080870917574
"17422","17422",1650,1645,1652,0.00121212121212121
"17423","17423",1987,1986,1992,0.00251635631605435
"17424","17424",5461,5464,5536,0.0137337483977294
"17425","17425",3230,3229,3337,0.0331269349845201
"17426","17426",1259,1259,1323,0.0508339952343129
"17427","17427",2396,2414,2514,0.0492487479131886
"18248","18248",2396,2414,2514,0.0492487479131886
"17428","17428",2096,2096,2114,0.00858778625954199
"17429","17429",1005,1005,1005,0
"17430","17430",4151,4205,4063,-0.021199710913033
"17431","17431",2134,2174,2260,0.0590440487347704
"17432","17432",2693,2198,2096,-0.221685852209432
"17433","17433",3942,3453,3454,-0.123795027904617
"17434","17434",2580,2610,2737,0.0608527131782946
"17436","17436",9077,9077,8992,-0.00936432742095406
"17437","17437",2138,2428,2161,0.0107577174929841
"17438","17438",1984,1984,1990,0.0030241935483871
"17440","17440",2043,2043,2043,0
"17441","17441",4394,4546,4334,-0.0136549840691853
"17442","17442",5764,5889,5746,-0.00312283136710618
"17443","17443",1436,1436,1402,-0.0236768802228412
"17444","17444",3866,3577,3560,-0.0791515778582514
"17445","17445",1722,1829,1412,-0.180023228803717
"17446","17446",5199,4909,4820,-0.0728986343527601
"17447","17447",2657,2742,2729,0.0270982310876929
"17448","17448",1305,1305,1305,0
"17449","17449",4181,3981,3812,-0.0882563979909113
"17451","17451",1989,1978,2005,0.00804424333836098
"17452","17452",3667,3672,3767,0.0272702481592582
"17453","17453",923,925,925,0.00216684723726977
"17454","17454",1438,1438,1439,0.000695410292072323
"17455","17455",5099,5111,4919,-0.035301039419494
"17456","17456",1879,1879,1824,-0.0292708887706227
"17457","17457",2319,2340,2340,0.00905562742561449
"17458","17458",5026,5021,4733,-0.0582968563469956
"17460","17460",3461,3377,3537,0.0219589713955504
"17461","17461",4169,4169,4215,0.0110338210602063
"17462","17462",3253,3255,3225,-0.00860743928681217
"17463","17463",3793,3762,3901,0.0284735038228315
"17464","17464",6647,7195,6957,0.0466375808635475
"17465","17465",2778,2602,2586,-0.0691144708423326
"17466","17466",3665,3665,3659,-0.00163710777626194
"17467","17467",1315,1321,1321,0.00456273764258555
"17468","17468",1423,1423,1431,0.005621925509487
"17469","17469",4806,4943,4960,0.0320432792342905
"17470","17470",2241,2244,2230,-0.00490852298081214
"17471","17471",2113,2316,2120,0.00331282536677709
"17472","17472",5644,5577,5357,-0.0508504606661942
"17473","17473",1983,1983,1999,0.00806858295511851
"17474","17474",4043,4103,4237,0.0479841701706653
"17475","17475",4569,4605,4519,-0.0109433136353688
"17476","17476",977,874,874,-0.105424769703173
"17478","17478",4197,4107,4112,-0.0202525613533476
"17479","17479",2268,2268,2268,0
"17480","17480",4925,4925,4713,-0.0430456852791878
"17481","17481",2000,1999,1700,-0.15
"17482","17482",1738,1738,1584,-0.0886075949367089
"17483","17483",6740,6736,6687,-0.00786350148367953
"17484","17484",1460,1466,1465,0.00342465753424658
"17485","17485",2138,2138,2311,0.0809167446211412
"17486","17486",2163,2163,2009,-0.0711974110032362
"17487","17487",2826,2741,2741,-0.0300778485491861
"17488","17488",9344,8880,8841,-0.0538313356164384
"17489","17489",3431,3429,3064,-0.106965899154765
"17490","17490",1110,1110,901,-0.188288288288288
"17491","17491",2803,2801,2974,0.0610060649304317
"17492","17492",1716,1625,1625,-0.053030303030303
"17493","17493",1792,1791,1771,-0.01171875
"17494","17494",3791,3765,3760,-0.0081772619361646
"17495","17495",1122,1127,1107,-0.0133689839572193
"17497","17497",2285,1976,2317,0.0140043763676149
"17498","17498",1492,1492,1502,0.00670241286863271
"17499","17499",3665,3659,3659,-0.00163710777626194
"17500","17500",1792,1793,1829,0.0206473214285714
"17501","17501",1805,1805,1899,0.0520775623268698
"17502","17502",5090,4695,4693,-0.0779960707269155
"17503","17503",1412,1416,1416,0.0028328611898017
"17504","17504",1875,1893,1863,-0.0064
"17506","17506",1699,1699,1712,0.00765155974102413
"17507","17507",783,783,783,0
"17508","17508",3247,3251,3274,0.00831536803202957
"17509","17509",1861,1855,1920,0.0317033852767329
"17510","17510",4589,4536,4561,-0.00610154717803443
"17511","17511",1312,1277,1306,-0.00457317073170732
"17512","17512",2452,2452,2452,0
"17514","17514",3809,3963,3940,0.0343922289314781
"17515","17515",4010,4010,4063,0.013216957605985
"17516","17516",1392,1391,1562,0.122126436781609
"17517","17517",2630,2630,2626,-0.00152091254752852
"17518","17518",1401,1380,1413,0.00856531049250535
"17519","17519",2572,2416,2610,0.0147744945567652
"17520","17520",2859,2793,2715,-0.0503672612801679
"17521","17521",3077,3052,3140,0.0204744881377966
"17522","17522",3534,3736,3540,0.00169779286926995
"17523","17523",3591,3591,3591,0
"17526","17526",1249,1249,1249,0
"17528","17528",1630,1619,1517,-0.0693251533742331
"17529","17529",2537,2537,2538,0.000394166338194718
"17530","17530",2855,2855,2899,0.0154115586690018
"17531","17531",2089,2069,1870,-0.104834849210148
"17532","17532",2661,2657,2657,-0.00150319428786171
"17533","17533",2339,2012,2309,-0.0128259940145361
"17534","17534",2341,2342,2339,-0.000854335753951303
"17535","17535",4313,4311,4314,0.000231857175979597
"17536","17536",1899,1899,1845,-0.028436018957346
"17537","17537",2429,2432,2431,0.000823384108686702
"17538","17538",1393,1393,1334,-0.0423546302943288
"17539","17539",7108,7120,7076,-0.00450196961170512
"17540","17540",1757,1757,1769,0.00682982356289129
"17541","17541",3264,3238,3257,-0.00214460784313726
"17542","17542",2118,1518,1821,-0.140226628895184
"17544","17544",3408,3408,3454,0.0134976525821596
"17545","17545",3921,4007,4172,0.0640142820709003
"17546","17546",2047,2049,2049,0.000977039570102589
"17547","17547",1810,1810,1810,0
"17548","17548",4810,5087,5054,0.0507276507276507
"17549","17549",4472,4472,4744,0.0608228980322004
"17550","17550",1972,2080,1932,-0.0202839756592292
"17551","17551",2399,2426,2024,-0.15631513130471
"17553","17553",1363,1363,1363,0
"17554","17554",3193,3193,2973,-0.0689007203257125
"17555","17555",10024,10246,10105,0.0080806065442937
"17556","17556",3672,3426,3451,-0.0601851851851852
"17557","17557",3692,3720,3702,0.00270855904658722
"17558","17558",3323,3311,3318,-0.00150466445982546
"17559","17559",6827,6794,6940,0.0165519261754797
"17560","17560",1630,1738,1658,0.0171779141104294
"17561","17561",1928,1928,1831,-0.0503112033195021
"17562","17562",1648,1651,1613,-0.0212378640776699
"17563","17563",3385,3385,3461,0.0224519940915805
"17564","17564",1396,1396,1396,0
"17565","17565",4404,4046,4926,0.118528610354223
"17566","17566",5835,5801,6025,0.0325621251071123
"17567","17567",5949,5874,5867,-0.0137838292149941
"17568","17568",1307,1307,1266,-0.0313695485845448
"17569","17569",1846,1845,1622,-0.121343445287107
"17570","17570",6429,6380,6379,-0.00777725929382486
"17571","17571",3451,3548,3422,-0.00840336134453781
"17572","17572",3344,3310,3313,-0.00927033492822966
"17576","17576",3769,3769,3760,-0.0023879013000796
"17577","17577",2434,2434,2434,0
"17578","17578",1271,1059,1059,-0.166797797010228
"17579","17579",2119,2226,1730,-0.183577159037282
"17580","17580",4512,4568,4562,0.0110815602836879
"17581","17581",2114,1848,1852,-0.123935666982025
"17582","17582",3625,3585,3582,-0.0118620689655172
"17583","17583",2384,2384,2464,0.0335570469798658
"17584","17584",2677,2674,2798,0.0451998505790063
"17585","17585",1696,1698,1698,0.00117924528301887
"17586","17586",2602,2608,2608,0.00230591852421214
"17587","17587",1604,1604,1560,-0.027431421446384
"17588","17588",3685,3686,3685,0
"17589","17589",10319,10275,10288,-0.00300416707045256
"17590","17590",2667,2634,2955,0.107986501687289
"17591","17591",7148,7031,7140,-0.00111919418019026
"17592","17592",2263,2263,2242,-0.00927971718957137
"17593","17593",3997,4159,4123,0.031523642732049
"17594","17594",2156,2156,2168,0.00556586270871985
"17595","17595",1905,1905,1905,0
"17596","17596",5418,5149,5076,-0.0631229235880399
"17597","17597",1111,1113,1147,0.0324032403240324
"17598","17598",2309,2311,2307,-0.00086617583369424
"17599","17599",3479,3479,3503,0.00689853406151193
"17600","17600",2124,2124,1799,-0.1530131826742
"17601","17601",4690,4685,4650,-0.00852878464818763
"17602","17602",1917,1917,1917,0
"17603","17603",1141,1141,1141,0
"17604","17604",3736,3736,3736,0
"17605","17605",3967,3964,4003,0.00907486765817998
"17606","17606",1931,1931,1512,-0.216986017607457
"17607","17607",2101,2066,2080,-0.00999524036173251
"17608","17608",1142,1190,1174,0.0280210157618214
"17609","17609",1405,1405,1405,0
"17610","17610",3950,3491,4096,0.0369620253164557
"17611","17611",2515,2514,2524,0.00357852882703777
"17612","17612",2012,2012,2016,0.00198807157057654
"17613","17613",4992,5124,4914,-0.015625
"17614","17614",2196,2196,2296,0.0455373406193078
"17615","17615",1349,1350,1326,-0.0170496664195701
"17616","17616",6028,6027,6045,0.00282017252820173
"17617","17617",2272,2567,2279,0.00308098591549296
"17618","17618",2431,2430,2326,-0.0431921020156314
"17619","17619",9044,8978,8710,-0.0369305616983636
"17620","17620",2639,2639,2330,-0.117089806744979
"17621","17621",6711,6519,6911,0.0298018179108926
"17622","17622",1130,1130,1129,-0.000884955752212389
"17623","17623",1321,1263,1266,-0.0416351249053747
"17624","17624",6250,6249,5748,-0.08032
"17625","17625",3186,3115,2991,-0.0612052730696798
"17626","17626",2674,2638,2637,-0.0138369483919222
"17627","17627",3942,3922,3972,0.0076103500761035
"17628","17628",2259,2259,2248,-0.00486941124391324
"17629","17629",2019,1873,1872,-0.0728083209509658
"17630","17630",2106,2130,2130,0.0113960113960114
"17631","17631",5438,5691,5516,0.0143435086428834
"17632","17632",2254,2301,2284,0.0133096716947649
"17634","17634",2986,3029,2991,0.00167448091091762
"17635","17635",2178,2176,2189,0.00505050505050505
"17636","17636",3999,3967,3957,-0.0105026256564141
"17637","17637",3423,3423,3381,-0.0122699386503067
"17638","17638",2270,2269,2269,-0.000440528634361233
"17640","17640",2204,2204,2212,0.00362976406533575
"17641","17641",2075,2075,2075,0
"17642","17642",1591,1591,1567,-0.0150848522941546
"17643","17643",4691,4232,4880,0.0402899168620763
"17644","17644",2635,2597,2597,-0.0144212523719165
"17645","17645",2267,2267,2417,0.0661667401852669
"17646","17646",6014,6002,6072,0.00964416361822414
"17647","17647",1241,1216,1187,-0.0435132957292506
"17648","17648",4072,4072,4099,0.00663064833005894
"17650","17650",1703,1701,1702,-0.000587199060481503
"17651","17651",3145,3145,3154,0.00286168521462639
"17652","17652",2062,2062,2062,0
"17653","17653",1047,1050,1050,0.00286532951289398
"17655","17655",3485,3485,3487,0.000573888091822095
"17656","17656",4096,4096,4259,0.039794921875
"17657","17657",548,548,532,-0.0291970802919708
"17658","17658",2318,2529,2487,0.0729076790336497
"17659","17659",4980,4980,5088,0.0216867469879518
"17660","17660",3254,3350,3345,0.0279655808236017
"17661","17661",1557,1124,1098,-0.294797687861272
"17662","17662",3175,3174,3696,0.164094488188976
"17663","17663",6657,6668,6380,-0.0416103349857293
"17664","17664",3287,3275,3272,-0.00456343170063888
"17665","17665",4554,4554,4623,0.0151515151515152
"17666","17666",2121,2126,2126,0.00235737859500236
"17667","17667",1998,1998,1999,0.0005005005005005
"17668","17668",3516,3524,3535,0.00540386803185438
"17669","17669",914,914,914,0
"17670","17670",2396,2539,2566,0.0709515859766277
"17671","17671",4281,4279,4262,-0.0044382153702406
"17672","17672",1505,1505,1510,0.00332225913621262
"17673","17673",2805,2805,2798,-0.00249554367201426
"17674","17674",1264,1265,1291,0.0213607594936709
"17675","17675",1061,1061,1325,0.248821866163996
"17676","17676",3581,3570,3624,0.0120078190449595
"17677","17677",3752,3680,3664,-0.023454157782516
"17678","17678",6311,5154,5140,-0.185549041356362
"17679","17679",2784,2784,2824,0.014367816091954
"17680","17680",778,778,778,0
"17683","17683",4161,4161,3949,-0.0509492910358087
"17684","17684",2501,2246,2246,-0.101959216313475
"17685","17685",617,617,617,0
"17686","17686",2543,2427,2635,0.0361777428234369
"17687","17687",2351,2351,2351,0
"17688","17688",2092,2092,2055,-0.0176864244741874
"17690","17690",1485,1471,1470,-0.0101010101010101
"17851","17851",1485,1471,1470,-0.0101010101010101
"17691","17691",2377,2376,2346,-0.0130416491375684
"17692","17692",5928,6278,5777,-0.025472334682861
"17694","17694",2634,2544,2419,-0.0816249050873197
"17695","17695",1647,1644,2204,0.338190649666059
"17696","17696",1835,1835,1843,0.00435967302452316
"17697","17697",2589,2590,2590,0.000386249517188104
"17698","17698",1106,1065,1106,0
"17699","17699",3349,3350,3405,0.0167214093759331
"17700","17700",3240,3213,3279,0.012037037037037
"17701","17701",2782,2791,2800,0.00647016534867002
"17702","17702",2848,2601,2567,-0.0986657303370786
"17703","17703",1893,1893,1893,0
"17704","17704",3618,3593,3590,-0.00773908236594804
"17705","17705",1994,1994,1729,-0.132898696088265
"17706","17706",2250,2319,2319,0.0306666666666667
"17707","17707",2833,2831,2893,0.0211789622308507
"17708","17708",3038,2774,2777,-0.0859117840684661
"17709","17709",3356,3213,3024,-0.098927294398093
"17710","17710",1018,1018,1018,0
"17711","17711",1593,1570,1583,-0.00627746390458255
"17713","17713",6560,6558,6557,-0.000457317073170732
"17714","17714",5676,5673,5439,-0.0417547568710359
"17715","17715",5067,5223,5019,-0.00947306098283008
"17716","17716",1518,1518,1518,0
"17717","17717",1916,1917,2142,0.117954070981211
"17718","17718",1002,1002,1002,0
"17719","17719",4906,4998,5014,0.022013860578883
"17720","17720",2493,2493,2493,0
"17721","17721",4092,4189,4780,0.168132942326491
"17722","17722",1791,1787,2004,0.11892797319933
"17723","17723",2039,2041,1782,-0.126042177538009
"17724","17724",7134,7141,7147,0.00182225960190636
"17725","17725",3582,3582,3580,-0.000558347292015634
"17726","17726",2272,2273,2323,0.0224471830985916
"17727","17727",4620,4537,4550,-0.0151515151515152
"17729","17729",2755,2756,2430,-0.117967332123412
"17730","17730",4411,4826,4376,-0.00793470868283836
"17731","17731",1432,1438,1432,0
"17732","17732",4598,4599,4695,0.0210961287516311
"17733","17733",4981,4420,4431,-0.110419594458944
"17734","17734",1459,1441,1454,-0.00342700479780672
"17735","17735",1733,1733,1863,0.0750144258511252
"17736","17736",3062,3080,3080,0.00587851077726976
"17737","17737",1766,1529,1529,-0.134201585503964
"17738","17738",2424,2684,1939,-0.200082508250825
"17739","17739",1554,1554,1701,0.0945945945945946
"17740","17740",2603,2571,2521,-0.0315021129466001
"17741","17741",2246,2244,2244,-0.000890471950133571
"17742","17742",1116,1115,1509,0.352150537634409
"17743","17743",2044,1797,1759,-0.139432485322896
"17744","17744",1375,1376,1501,0.0916363636363636
"17745","17745",5130,5698,5134,0.000779727095516569
"17746","17746",2332,2332,2374,0.0180102915951973
"17747","17747",1914,1838,1948,0.0177638453500522
"17748","17748",3176,3176,3205,0.00913098236775819
"17749","17749",3704,3659,3593,-0.0299676025917927
"17750","17750",4794,4509,4587,-0.0431789737171464
"17752","17752",2927,2966,2775,-0.0519303040655962
"17753","17753",4612,4614,4615,0.000650477016478751
"17754","17754",2030,2030,1984,-0.0226600985221675
"17755","17755",3170,3213,3101,-0.0217665615141956
"17756","17756",2454,2454,2454,0
"17757","17757",3155,3154,3154,-0.000316957210776545
"17758","17758",3263,3258,3265,0.000612932883849218
"17759","17759",985,1088,1038,0.0538071065989848
"17760","17760",1787,1747,1717,-0.0391717963066592
"17761","17761",1845,1417,1421,-0.229810298102981
"17762","17762",2370,2370,2369,-0.000421940928270042
"17763","17763",2319,2319,2225,-0.0405347132384649
"17764","17764",1660,1818,1686,0.0156626506024096
"17765","17765",1956,2024,2028,0.0368098159509202
"17767","17767",2015,2015,2015,0
"17768","17768",3608,3611,3610,0.000554323725055432
"17769","17769",2244,2228,2025,-0.0975935828877005
"17770","17770",1668,1680,1681,0.00779376498800959
"17771","17771",6712,6706,6593,-0.0177294398092968
"17772","17772",10345,10400,10392,0.00454325761237313
"17773","17773",2017,2017,2027,0.00495785820525533
"17775","17775",3314,3049,3314,0
"17776","17776",3814,3814,3634,-0.0471945464079706
"17777","17777",2167,2167,2167,0
"17778","17778",1632,1632,1632,0
"17779","17779",4871,4752,4969,0.0201190720591254
"17780","17780",2114,1822,1788,-0.154210028382214
"17781","17781",2494,2494,2593,0.0396952686447474
"17782","17782",1853,1853,1857,0.00215866162978953
"17784","17784",1781,1782,1782,0.000561482313307131
"17785","17785",2424,2424,2424,0
"17786","17786",3777,3588,3479,-0.0788985967699232
"17787","17787",3822,3859,3862,0.010465724751439
"17788","17788",6955,6938,7181,0.0324946081955428
"17789","17789",1921,1921,1881,-0.0208224882873503
"17790","17790",6583,6485,6543,-0.00607625702567219
"17792","17792",2115,2115,2167,0.0245862884160757
"17793","17793",5668,5670,5670,0.000352858151023289
"17794","17794",2765,2659,2609,-0.0564195298372514
"17795","17795",1362,1292,1305,-0.0418502202643172
"17796","17796",3187,3188,3243,0.01757138374647
"17797","17797",1490,1479,1339,-0.101342281879195
"17798","17798",4296,4322,4102,-0.0451582867783985
"17799","17799",1694,1694,1750,0.0330578512396694
"17800","17800",3472,3398,3734,0.0754608294930876
"17801","17801",2930,2903,2907,-0.00784982935153584
"17802","17802",1923,1907,1532,-0.203328133125325
"17803","17803",4460,4178,4154,-0.068609865470852
"17804","17804",4517,4517,4517,0
"17805","17805",3181,3182,3208,0.00848789688777114
"17807","17807",4811,4811,5005,0.0403242569112451
"17808","17808",2646,2965,2744,0.037037037037037
"17809","17809",1721,1727,1727,0.00348634514816967
"17810","17810",3457,3585,3247,-0.0607463118310674
"17811","17811",1124,1124,1127,0.00266903914590747
"17812","17812",3542,3542,3544,0.000564652738565782
"17813","17813",4075,3944,4203,0.0314110429447853
"17814","17814",2158,2158,2157,-0.00046339202965709
"17815","17815",3083,3024,3024,-0.0191372040220564
"17816","17816",2095,2095,2147,0.0248210023866348
"17817","17817",882,900,900,0.0204081632653061
"17818","17818",6666,6889,6689,0.00345034503450345
"17819","17819",2365,2365,2593,0.0964059196617336
"17820","17820",2448,2430,2635,0.0763888888888889
"17821","17821",3974,3975,4161,0.0470558631102164
"17822","17822",2184,2184,2016,-0.0769230769230769
"17823","17823",4133,4095,3974,-0.0384708444229373
"17824","17824",1562,1562,1549,-0.00832266325224072
"17825","17825",2911,2903,2793,-0.0405358983167296
"17826","17826",4626,4835,4505,-0.0261565067012538
"17827","17827",5162,5079,4917,-0.0474622239442077
"17828","17828",2108,2152,2152,0.0208728652751423
"17829","17829",2334,2364,2344,0.00428449014567267
"17830","17830",3628,3628,3629,0.000275633958103638
"17831","17831",1856,1856,1819,-0.0199353448275862
"17832","17832",4479,3779,3775,-0.1571779415048
"17833","17833",4096,4096,4129,0.008056640625
"17834","17834",2297,2418,2418,0.0526774053112756
"17835","17835",2883,2883,2780,-0.0357266736038848
"17836","17836",2679,2587,2289,-0.145576707726764
"17837","17837",2538,2538,2538,0
"17838","17838",2741,2667,2672,-0.0251732944180956
"17839","17839",4258,4259,4258,0
"17840","17840",1333,1339,1325,-0.00600150037509377
"17841","17841",1945,1944,2152,0.106426735218509
"17842","17842",1473,1474,1474,0.000678886625933469
"17843","17843",3815,2989,2901,-0.239580602883355
"17845","17845",3386,3300,3216,-0.0502067336089781
"17846","17846",4409,4351,4171,-0.0539804944431844
"17847","17847",1003,983,851,-0.151545363908275
"17848","17848",2278,2276,2278,0
"17850","17850",4891,4920,5159,0.0547945205479452
"17852","17852",1387,1387,1387,0
"17853","17853",3603,3607,3604,0.000277546489036914
"17854","17854",4663,4564,4935,0.0583315462148831
"17856","17856",1056,996,996,-0.0568181818181818
"17857","17857",2711,2771,2774,0.0232386573220214
"17858","17858",2057,2057,2056,-0.000486144871171609
"17859","17859",5167,5025,4717,-0.0870911554093284
"17860","17860",2356,2359,2371,0.00636672325976231
"17861","17861",4231,3867,3804,-0.100921767903569
"17862","17862",2622,2865,2709,0.0331807780320366
"17863","17863",1200,1203,1203,0.0025
"17864","17864",2964,2992,3129,0.055668016194332
"17865","17865",2561,2561,2428,-0.0519328387348692
"17866","17866",2093,1969,2107,0.00668896321070234
"17867","17867",6445,6457,6469,0.00372381691233514
"17868","17868",1472,1487,1399,-0.0495923913043478
"17869","17869",1520,1509,1557,0.0243421052631579
"17870","17870",5645,5714,5666,0.00372010628875111
"17871","17871",1704,1722,1714,0.00586854460093897
"17872","17872",4080,4071,4005,-0.0183823529411765
"17873","17873",4025,3106,3064,-0.238757763975155
"17874","17874",1961,2058,2021,0.0305966343702193
"17875","17875",6223,5565,5584,-0.102683593122288
"17877","17877",2774,2791,2670,-0.0374909877433309
"17878","17878",7309,7328,7403,0.0128608564783144
"17879","17879",2459,2459,2542,0.0337535583570557
"17880","17880",4859,4829,4845,-0.0028812512862729
"17881","17881",1026,1167,1167,0.137426900584795
"17882","17882",957,969,1010,0.0553814002089864
"17883","17883",3938,3851,3786,-0.0385982732351447
"17884","17884",3042,3021,3004,-0.012491781722551
"17885","17885",5953,6022,5488,-0.0781118763648581
"17886","17886",1590,1590,1552,-0.0238993710691824
"17887","17887",1856,1894,1892,0.0193965517241379
"17888","17888",2578,2578,2583,0.00193948797517455
"17889","17889",1531,1531,1524,-0.00457217504898759
"17890","17890",2762,2764,2766,0.00144822592324403
"17891","17891",3677,3671,3585,-0.025020397062823
"17973","17973",3677,3671,3585,-0.025020397062823
"17892","17892",3535,3538,3684,0.0421499292786421
"17893","17893",2872,2878,2904,0.011142061281337
"17894","17894",911,929,952,0.0450054884742042
"17895","17895",1334,1334,1334,0
"17896","17896",3488,3852,3699,0.060493119266055
"17898","17898",4753,4761,4822,0.0145171470650116
"17899","17899",1486,1486,1537,0.0343203230148048
"17900","17900",3469,3482,3631,0.0466993369847218
"17901","17901",7565,7564,7624,0.0077990746860542
"17902","17902",2677,2676,2518,-0.0593948449757191
"17903","17903",3239,3295,3209,-0.00926211793763507
"17904","17904",5375,5382,5326,-0.00911627906976744
"17905","17905",2299,2302,2293,-0.00260983036102653
"17906","17906",952,952,952,0
"17907","17907",897,897,895,-0.00222965440356745
"17908","17908",1457,1457,1461,0.00274536719286205
"17909","17909",5530,5514,5550,0.00361663652802893
"17910","17910",5794,5835,5688,-0.0182947877114256
"17911","17911",2192,2193,2197,0.00228102189781022
"17912","17912",2943,2944,2944,0.000339789330615019
"17913","17913",1187,987,1189,0.0016849199663016
"17914","17914",2914,2855,2761,-0.0525051475634866
"17915","17915",5727,5735,6177,0.0785751702462022
"17916","17916",6980,6984,6940,-0.00573065902578797
"17917","17917",4700,4672,4670,-0.00638297872340425
"17918","17918",3366,3366,3403,0.0109922756981581
"17919","17919",2302,2352,2352,0.0217202432667246
"17920","17920",3120,3120,3181,0.0195512820512821
"17921","17921",3251,3196,3365,0.0350661334973854
"17922","17922",3205,3204,3264,0.018408736349454
"17923","17923",3836,3896,3954,0.0307612095933264
"17924","17924",4271,4416,4376,0.0245844064621868
"17925","17925",1317,1317,1317,0
"17926","17926",7836,7836,7566,-0.0344563552833078
"17927","17927",5086,5070,5086,0
"17928","17928",1565,1565,1565,0
"17930","17930",1567,1567,1567,0
"17931","17931",3023,3026,3058,0.0115779027456169
"17932","17932",2369,2347,2373,0.00168847615027438
"17933","17933",3684,3625,3624,-0.0162866449511401
"17934","17934",2036,2032,2170,0.0658153241650295
"17935","17935",1975,1978,2050,0.0379746835443038
"17936","17936",2952,2923,2920,-0.010840108401084
"17937","17937",2194,2194,1984,-0.0957155879671832
"17938","17938",3210,3212,3214,0.00124610591900312
"17939","17939",4413,4337,3888,-0.118966689326988
"17940","17940",2409,2402,2332,-0.0319634703196347
"17941","17941",4371,4371,4416,0.0102951269732327
"17942","17942",1960,1766,1963,0.00153061224489796
"17943","17943",1987,1990,2675,0.346250629089079
"17944","17944",4858,4839,5107,0.0512556607657472
"17945","17945",1771,1767,1767,-0.00225861095426313
"17946","17946",3956,3922,3794,-0.0409504550050556
"17948","17948",2471,2471,2406,-0.0263051396195872
"17949","17949",3105,3105,2707,-0.128180354267311
"17950","17950",4162,4002,4005,-0.037722248918789
"17951","17951",5880,5904,5796,-0.0142857142857143
"17952","17952",8034,8126,8117,0.0103310928553647
"17953","17953",2825,2846,2838,0.00460176991150442
"17954","17954",2704,2705,2829,0.0462278106508876
"17955","17955",2027,2247,2235,0.102614701529354
"17956","17956",4444,4447,4659,0.0483798379837984
"17957","17957",3352,3473,3473,0.0360978520286396
"17958","17958",1912,1909,1908,-0.00209205020920502
"17959","17959",2152,2189,2150,-0.000929368029739777
"17960","17960",1699,1687,1687,-0.00706297822248381
"17961","17961",1627,1664,1960,0.204671173939766
"19576","19576",1627,1664,1960,0.204671173939766
"17962","17962",2614,2614,2303,-0.118974751338944
"17963","17963",2197,1535,1534,-0.301775147928994
"17964","17964",6086,6143,6129,0.00706539599079855
"17965","17965",3376,3376,3430,0.0159952606635071
"17967","17967",2116,2116,2115,-0.000472589792060492
"17968","17968",7995,7998,7995,0
"17969","17969",1642,1635,1635,-0.00426309378806334
"17970","17970",5809,5758,5743,-0.0113616801514891
"17971","17971",760,761,761,0.00131578947368421
"17972","17972",2766,2765,2230,-0.193781634128706
"17974","17974",1947,1957,1954,0.00359527478171546
"17976","17976",6187,6389,6188,0.000161629222563439
"17977","17977",2695,2694,2740,0.0166975881261596
"17978","17978",2438,2410,2515,0.0315832649712879
"17979","17979",2421,2422,2419,-0.000826104915324246
"17980","17980",5077,4922,4948,-0.025408705928698
"17981","17981",5296,5084,5032,-0.0498489425981873
"17982","17982",2801,2799,3016,0.0767583006069261
"17983","17983",7805,7525,7415,-0.0499679692504805
"17984","17984",3556,3685,3613,0.016029246344207
"17985","17985",1852,1851,1863,0.00593952483801296
"17986","17986",3516,3516,3515,-0.000284414106939704
"17987","17987",1773,1774,1774,0.000564015792442188
"17988","17988",921,921,921,0
"17989","17989",2473,2479,2500,0.0109179134654266
"17990","17990",3788,3785,3799,0.0029039070749736
"17991","17991",1334,1334,1334,0
"17992","17992",1695,1721,1713,0.0106194690265487
"17993","17993",1175,1175,1175,0
"17994","17994",1913,1917,1910,-0.00156821745948772
"17995","17995",1633,1559,1426,-0.126760563380282
"17996","17996",7990,7964,8086,0.0120150187734668
"17997","17997",2989,2989,3000,0.00368016058882569
"17998","17998",1921,1958,2255,0.173867777199375
"17999","17999",1239,1233,1233,-0.00484261501210654
"18000","18000",5460,5450,5552,0.0168498168498168
"18001","18001",2355,2355,2355,0
"18002","18002",2976,3027,3033,0.0191532258064516
"18003","18003",9259,9201,9241,-0.00194405443352414
"18004","18004",4240,4196,4128,-0.0264150943396226
"18005","18005",3625,3625,3601,-0.00662068965517241
"18006","18006",2531,2531,2530,-0.000395100750691426
"18007","18007",1326,1210,1210,-0.0874811463046757
"18008","18008",3455,2923,2926,-0.153111432706223
"18009","18009",4103,4087,3776,-0.0796977821106507
"18010","18010",10272,10176,10579,0.0298870716510903
"18011","18011",6319,6321,6375,0.00886216173445165
"18012","18012",1053,1053,865,-0.178537511870845
"18013","18013",2425,2425,2454,0.0119587628865979
"18014","18014",1866,1875,1701,-0.0884244372990354
"18015","18015",3053,3198,3354,0.0985915492957746
"18016","18016",5435,5439,5440,0.000919963201471941
"18017","18017",2913,2914,2908,-0.0017164435290079
"18018","18018",3562,3562,3576,0.00393037619314992
"18020","18020",3393,3442,3435,0.0123784261715296
"18021","18021",2474,2474,2377,-0.0392077607113985
"18022","18022",11480,11476,11823,0.0298780487804878
"18023","18023",4669,4666,4390,-0.0597558363675305
"18024","18024",2226,2225,2214,-0.00539083557951483
"18025","18025",8283,8287,8177,-0.0127972956658216
"18026","18026",2488,2496,2496,0.00321543408360129
"18027","18027",3690,3671,3278,-0.111653116531165
"18029","18029",7305,7265,6794,-0.0699520876112252
"18030","18030",6534,6522,6812,0.0425466789103153
"18031","18031",2686,2689,2699,0.00483991064780342
"18032","18032",4255,4252,4230,-0.00587544065804935
"18033","18033",7197,7052,7271,0.0102820619702654
"18034","18034",3794,4121,3894,0.0263574064312072
"18035","18035",1329,1298,1298,-0.0233258088788563
"18036","18036",3442,3436,3533,0.02643811737362
"18037","18037",2032,2032,2033,0.000492125984251968
"18038","18038",4011,4030,3947,-0.0159561206681626
"18039","18039",2903,2975,2769,-0.0461591457113331
"18040","18040",6286,6252,6252,-0.00540884505249761
"18041","18041",2300,2730,2382,0.0356521739130435
"18042","18042",2046,2046,1998,-0.0234604105571848
"18043","18043",7817,7873,7900,0.0106178840987591
"18044","18044",1926,1920,1968,0.0218068535825545
"18045","18045",2091,2093,2102,0.00526064084170253
"18046","18046",2178,2152,2166,-0.00550964187327824
"18047","18047",3292,3292,3293,0.000303766707168894
"18048","18048",7010,6754,6881,-0.0184022824536377
"18049","18049",2426,2426,2384,-0.0173124484748557
"18050","18050",3069,3070,3069,0
"18052","18052",1082,1082,1039,-0.0397412199630314
"18053","18053",5182,5195,5224,0.00810497877267464
"18054","18054",7210,7748,6978,-0.0321775312066574
"18055","18055",2148,2143,2141,-0.00325884543761639
"18056","18056",2708,2708,2708,0
"18057","18057",1669,1725,1690,0.0125823846614739
"18058","18058",3941,3668,3743,-0.0502410555696524
"18059","18059",2988,3031,3031,0.0143908969210174
"18060","18060",6503,6387,6217,-0.0439797016761495
"18061","18061",1586,1586,1586,0
"18062","18062",988,1048,1036,0.048582995951417
"18064","18064",4147,4160,4149,0.00048227634434531
"18065","18065",4670,4670,4622,-0.0102783725910064
"18066","18066",7142,7460,7643,0.0701484178101372
"18067","18067",3019,3056,3056,0.0122557138125207
"18069","18069",1971,1971,1971,0
"18070","18070",6027,5814,6214,0.0310270449643272
"18071","18071",4113,4115,4105,-0.00194505227327984
"18073","18073",845,868,1095,0.29585798816568
"18074","18074",3509,3509,3738,0.0652607580507267
"18075","18075",4017,3938,3945,-0.0179238237490665
"18077","18077",914,914,914,0
"18078","18078",1987,1987,1987,0
"18079","18079",2812,2810,2810,-0.000711237553342817
"18080","18080",6399,6399,6435,0.00562587904360056
"18081","18081",3623,3681,3707,0.0231852056306928
"18082","18082",3874,3879,3881,0.00180691791430046
"18083","18083",2118,2115,2021,-0.0457979225684608
"18085","18085",5873,5874,5832,-0.00698109994891878
"18086","18086",2658,2684,2664,0.00225733634311512
"18087","18087",1775,1770,1862,0.0490140845070423
"18089","18089",1434,1437,1454,0.0139470013947001
"18090","18090",7317,7284,7157,-0.02186688533552
"18091","18091",1089,1088,1088,-0.000918273645546373
"18092","18092",1070,1070,1070,0
"18363","18363",1070,1070,1070,0
"18093","18093",2162,2164,2143,-0.0087881591119334
"18094","18094",3740,3730,4083,0.0917112299465241
"18095","18095",3460,3219,3283,-0.0511560693641619
"18096","18096",1366,1377,1201,-0.120790629575403
"18097","18097",2009,2008,1717,-0.145345943255351
"18099","18099",2597,2597,2608,0.00423565652676165
"18100","18100",2922,2802,2736,-0.0636550308008214
"18101","18101",2526,2485,2254,-0.107680126682502
"18102","18102",3531,3512,3493,-0.010761823845936
"18103","18103",2151,2151,2151,0
"18104","18104",1269,1269,1269,0
"18105","18105",985,985,1477,0.499492385786802
"18106","18106",4337,4341,4403,0.0152178925524556
"18107","18107",1352,1353,1353,0.000739644970414201
"18108","18108",400,400,335,-0.1625
"18110","18110",5048,5065,4681,-0.07270206022187
"18111","18111",2442,2442,2472,0.0122850122850123
"18112","18112",1184,1184,1209,0.0211148648648649
"18113","18113",1543,1543,1543,0
"18114","18114",2684,2684,2684,0
"18115","18115",5043,5040,5072,0.00575054531033115
"18116","18116",2763,2762,2762,-0.000361925443358668
"18117","18117",3743,3716,3716,-0.00721346513491851
"18118","18118",2288,2206,2139,-0.0651223776223776
"18119","18119",785,785,785,0
"18120","18120",3375,3367,3376,0.000296296296296296
"18121","18121",3464,3514,2869,-0.171766743648961
"18122","18122",1416,1084,936,-0.338983050847458
"18123","18123",2968,2716,2721,-0.0832210242587601
"18124","18124",6089,6076,6076,-0.0021349975365413
"18125","18125",3795,3795,3746,-0.0129117259552042
"18126","18126",9200,9142,9133,-0.00728260869565217
"18127","18127",3881,3885,3884,0.000772996650347848
"18128","18128",1066,1066,1066,0
"18129","18129",3047,3042,3040,-0.00229734164752215
"18130","18130",787,835,819,0.0406607369758577
"18131","18131",1768,1746,1489,-0.157805429864253
"18132","18132",2709,2801,2795,0.0317460317460317
"18133","18133",3271,2867,2850,-0.128706817487007
"18134","18134",1161,1157,998,-0.140396210163652
"18135","18135",3061,3116,3116,0.01796798431885
"18136","18136",2879,2879,2879,0
"18137","18137",1407,1402,1402,-0.00355366027007818
"18138","18138",1999,2114,2032,0.0165082541270635
"18139","18139",3479,3483,3177,-0.0868065536073584
"18140","18140",2882,2882,2846,-0.0124913254684247
"18141","18141",3679,3674,3945,0.0723022560478391
"18441","18441",3679,3674,3945,0.0723022560478391
"18142","18142",1198,1198,1202,0.00333889816360601
"18143","18143",2571,2571,2589,0.00700116686114352
"18144","18144",1492,1492,1625,0.089142091152815
"18145","18145",1146,1146,1194,0.0418848167539267
"18146","18146",5005,4861,4884,-0.0241758241758242
"18147","18147",3225,3232,3236,0.00341085271317829
"18148","18148",5409,5470,5477,0.0125716398594934
"18149","18149",3229,3220,3220,-0.00278724063177454
"18150","18150",4568,4561,4746,0.0389667250437828
"18151","18151",1768,1729,1651,-0.0661764705882353
"18152","18152",3501,3501,3327,-0.0497000856898029
"18153","18153",1591,1591,1591,0
"18154","18154",4805,4646,4620,-0.0385015608740895
"18155","18155",1909,1885,2481,0.299633315872184
"18156","18156",4781,4795,4793,0.00250993516000837
"18157","18157",1870,1768,1768,-0.0545454545454545
"18158","18158",5346,5344,5345,-0.000187055742611298
"18159","18159",9934,10066,10128,0.019528890678478
"18160","18160",5255,5231,5231,-0.00456707897240723
"18161","18161",2733,2733,2778,0.0164654226125137
"18162","18162",1062,1062,1083,0.019774011299435
"18163","18163",2760,2758,2468,-0.105797101449275
"18164","18164",3492,3351,3502,0.00286368843069874
"18165","18165",3152,3150,3247,0.0301395939086294
"18166","18166",1694,1691,1699,0.00295159386068477
"18167","18167",3027,3027,3006,-0.00693756194251734
"18168","18168",1704,1703,1890,0.109154929577465
"18169","18169",2323,2323,2327,0.00172191132156694
"18170","18170",3054,3071,3057,0.000982318271119843
"18171","18171",5578,5558,5114,-0.0831839368949444
"18172","18172",2746,3056,2641,-0.0382374362709395
"18173","18173",2212,2143,2143,-0.0311934900542495
"18174","18174",2696,2672,2579,-0.0433976261127596
"18175","18175",3966,3813,4006,0.0100857286938981
"18177","18177",2280,2280,2348,0.0298245614035088
"18178","18178",2637,2637,2644,0.00265453166477057
"18179","18179",1754,1754,1755,0.000570125427594071
"18180","18180",1346,1335,1364,0.0133729569093611
"18181","18181",7603,7376,7823,0.0289359463369722
"18182","18182",4849,4850,4965,0.0239224582388121
"18183","18183",742,832,832,0.121293800539084
"18184","18184",3545,3509,3592,0.0132581100141044
"18185","18185",1249,1249,1249,0
"18186","18186",2127,2452,2452,0.152797367183827
"18187","18187",6859,6846,6703,-0.0227438402099431
"18188","18188",6853,7030,6929,0.0110900335619437
"18189","18189",2791,2797,2790,-0.000358294518093873
"18190","18190",1963,1923,1975,0.00611309220580744
"18191","18191",8517,8539,8250,-0.0313490665727369
"18193","18193",5315,5315,5315,0
"18194","18194",3275,3208,3278,0.000916030534351145
"18195","18195",1951,1951,1951,0
"18196","18196",1344,1344,1343,-0.000744047619047619
"18197","18197",5279,5258,5266,-0.00246258761129002
"18198","18198",1916,1919,1936,0.0104384133611691
"18199","18199",3743,3874,3953,0.056104728827144
"18200","18200",2760,2760,2547,-0.0771739130434783
"18201","18201",2953,2939,3255,0.102268879105994
"18202","18202",4290,4283,4241,-0.0114219114219114
"18203","18203",1265,1420,1492,0.179446640316206
"18204","18204",8279,8237,8334,0.00664331440995289
"18205","18205",3819,3820,3625,-0.0507986383870123
"18207","18207",2795,2570,2546,-0.089087656529517
"18208","18208",5665,5764,5903,0.0420123565754634
"18209","18209",2421,2421,2415,-0.00247831474597274
"18211","18211",2989,3000,3394,0.135496821679491
"18212","18212",3067,2812,2730,-0.109879360939028
"18213","18213",3869,3862,3855,-0.00361850607392091
"18214","18214",3073,3073,3069,-0.00130165961601041
"18215","18215",1116,1040,1116,0
"18216","18216",2735,2715,2743,0.00292504570383912
"18217","18217",2683,2683,2419,-0.0983973164368245
"18218","18218",2966,2969,3002,0.0121375590020229
"18219","18219",1811,1813,1813,0.00110436223081171
"18220","18220",4890,4899,3142,-0.357464212678937
"18221","18221",4891,4889,4906,0.00306685749335514
"18222","18222",1646,1646,1592,-0.0328068043742406
"18223","18223",1298,1298,1298,0
"18224","18224",2059,2046,2048,-0.00534239922292375
"18225","18225",5247,5084,5092,-0.0295406899180484
"18226","18226",1742,1757,1831,0.0510907003444317
"18227","18227",3990,3558,3399,-0.14812030075188
"18228","18228",1192,1192,1002,-0.159395973154362
"18229","18229",3270,3559,3411,0.0431192660550459
"18230","18230",1411,1411,1581,0.120481927710843
"18231","18231",4371,4556,4383,0.00274536719286205
"18232","18232",3211,3211,3169,-0.0130800373715353
"18233","18233",3960,3993,4060,0.0252525252525253
"18234","18234",3471,3006,3557,0.0247767214059349
"18235","18235",9080,9238,9226,0.016079295154185
"18236","18236",7178,7177,7279,0.0140707718027306
"18237","18237",1178,1164,1166,-0.0101867572156197
"18239","18239",1010,1010,1010,0
"18240","18240",2488,2488,2562,0.0297427652733119
"18241","18241",2552,2552,2598,0.018025078369906
"18242","18242",3804,3761,3865,0.0160357518401682
"18243","18243",2225,2225,1951,-0.12314606741573
"18244","18244",2072,2073,1995,-0.0371621621621622
"18245","18245",4149,4143,4217,0.0163894914437214
"18246","18246",5016,5016,4999,-0.00338915470494418
"18247","18247",2361,2361,2361,0
"18249","18249",2960,2626,2612,-0.117567567567568
"18250","18250",2727,2727,2781,0.0198019801980198
"18251","18251",3487,3583,3616,0.0369945511901348
"18252","18252",9851,9807,9762,-0.00903461577504822
"18254","18254",1960,1958,2027,0.0341836734693878
"18396","18396",1960,1958,2027,0.0341836734693878
"18255","18255",843,843,843,0
"18256","18256",5667,5666,5661,-0.00105876124933827
"18257","18257",11150,11163,11122,-0.00251121076233184
"18258","18258",977,978,965,-0.0122824974411464
"18259","18259",2546,2461,2341,-0.0805184603299293
"18261","18261",4644,4639,4462,-0.0391903531438415
"18262","18262",4005,3960,4003,-0.000499375780274657
"18263","18263",2447,2533,2533,0.0351450756027789
"18264","18264",7293,7293,7210,-0.0113807760866584
"18265","18265",6250,6250,6252,0.00032
"18266","18266",2561,2512,2505,-0.0218664584146818
"18268","18268",4599,4599,4876,0.0602304848880191
"18269","18269",3963,3867,3830,-0.0335604340146354
"18270","18270",1668,1668,1672,0.00239808153477218
"18272","18272",2008,2008,2008,0
"18273","18273",5586,5530,5586,0
"18274","18274",2720,2720,2720,0
"18277","18277",3892,3873,3360,-0.136690647482014
"18278","18278",5400,4104,4070,-0.246296296296296
"18279","18279",3255,3206,3075,-0.0552995391705069
"18280","18280",3232,3232,3245,0.00402227722772277
"18281","18281",994,982,731,-0.264587525150905
"18282","18282",7979,7929,7827,-0.0190500062664494
"18283","18283",2440,2421,2365,-0.0307377049180328
"18284","18284",2853,2846,2710,-0.0501226778829302
"18285","18285",2507,2510,2510,0.00119664938173115
"18287","18287",4746,4743,4752,0.00126422250316056
"18289","18289",3720,3720,3756,0.00967741935483871
"18290","18290",2717,2719,2719,0.000736105999263894
"18291","18291",3343,3334,3687,0.102901585402333
"18292","18292",3101,3157,3163,0.0199935504675911
"18294","18294",1944,1952,1964,0.0102880658436214
"18295","18295",1821,1746,1746,-0.0411861614497529
"18296","18296",2304,2303,2240,-0.0277777777777778
"18297","18297",2309,2302,2302,-0.00303161541792984
"18298","18298",3833,3833,3755,-0.0203495956170102
"18299","18299",2603,2969,3157,0.212831348444103
"18300","18300",2635,2630,2629,-0.00227703984819734
"18301","18301",3223,3221,3203,-0.00620539869686627
"18302","18302",1748,1748,1778,0.017162471395881
"18303","18303",4169,4060,4187,0.00431758215399376
"18304","18304",4224,4225,4282,0.0137310606060606
"18305","18305",1605,1558,1558,-0.0292834890965732
"18306","18306",2424,2432,2528,0.0429042904290429
"18307","18307",1743,1742,1630,-0.0648307515777395
"18308","18308",2715,2699,2699,-0.00589318600368324
"18310","18310",3168,3168,3168,0
"18311","18311",6013,5964,5815,-0.0329286545817396
"18312","18312",2052,2071,2067,0.00730994152046784
"18313","18313",2593,2593,2643,0.0192826841496336
"18314","18314",1936,1992,1929,-0.00361570247933884
"18317","18317",3545,3621,3621,0.0214386459802539
"18318","18318",5428,5403,5517,0.0163964627855564
"18319","18319",9538,9525,9510,-0.0029356259173831
"18320","18320",3622,3912,3623,0.000276090557702927
"18321","18321",4262,3758,3757,-0.118488972313468
"18322","18322",1813,1813,1817,0.00220628792057364
"18323","18323",2256,2256,2191,-0.0288120567375887
"18324","18324",2533,2231,2231,-0.119226213975523
"18325","18325",2984,2927,3084,0.0335120643431635
"18326","18326",4006,4011,4041,0.00873689465801298
"18327","18327",1402,1402,1379,-0.0164051355206847
"18328","18328",1657,1670,1672,0.00905250452625226
"18329","18329",4519,4519,4472,-0.0104005310909493
"18330","18330",1510,1509,1444,-0.0437086092715232
"18331","18331",7733,7611,7575,-0.0204319151687573
"18332","18332",1681,1681,1713,0.0190362879238548
"18335","18335",3027,3022,3021,-0.00198216055500496
"18336","18336",4754,4773,4826,0.0151451409339504
"18337","18337",2273,2292,2273,0
"18338","18338",1637,1636,1636,-0.000610873549175321
"18339","18339",3306,2576,2584,-0.218390804597701
"18340","18340",2993,2994,2997,0.00133645172068159
"18341","18341",6973,7152,6616,-0.0511974759787753
"18342","18342",2162,2246,2161,-0.000462534690101758
"18343","18343",3683,3755,3869,0.0505023079011675
"18344","18344",2074,2074,2053,-0.0101253616200579
"18345","18345",4135,4503,4416,0.067956469165659
"18346","18346",2490,2936,2798,0.123694779116466
"18347","18347",2147,2147,2162,0.00698649278062413
"18348","18348",3091,3091,2899,-0.0621158201229376
"18349","18349",1889,1813,1865,-0.0127051349920593
"18350","18350",10646,10746,10658,0.00112718391884276
"18351","18351",2824,2794,2825,0.000354107648725212
"18352","18352",3593,3584,3606,0.00361814639576955
"18353","18353",2007,2006,2006,-0.00049825610363727
"18354","18354",2552,2458,2458,-0.036833855799373
"18355","18355",2940,2621,2626,-0.106802721088435
"18356","18356",985,1065,1119,0.136040609137056
"18357","18357",3160,3160,3260,0.0316455696202532
"18358","18358",4422,4470,4960,0.121664405246495
"18359","18359",4063,3592,3591,-0.116170317499385
"18360","18360",1284,1386,1284,0
"18361","18361",6200,6223,6409,0.0337096774193548
"18362","18362",3122,3105,3113,-0.00288276745675849
"18364","18364",1940,1941,1974,0.0175257731958763
"18365","18365",3702,3702,3672,-0.00810372771474878
"18366","18366",10391,10411,10394,0.000288711384852276
"18367","18367",2365,2365,2353,-0.00507399577167019
"18368","18368",1598,1595,1786,0.117647058823529
"18369","18369",1591,1591,1591,0
"18370","18370",1893,1878,1923,0.0158478605388273
"18371","18371",5621,4882,4787,-0.148372175769436
"18372","18372",3180,3170,3185,0.00157232704402516
"18373","18373",1632,1631,1666,0.0208333333333333
"18374","18374",1022,954,974,-0.0469667318982387
"18375","18375",3702,3702,3705,0.000810372771474878
"18376","18376",2113,2197,2069,-0.0208234737340274
"18377","18377",2537,2537,2551,0.00551832873472605
"18378","18378",1387,1399,1418,0.0223503965392934
"18379","18379",6003,6004,5808,-0.0324837581209395
"18380","18380",1066,984,1019,-0.0440900562851782
"18381","18381",4535,4453,4823,0.0635060639470783
"18382","18382",2224,2565,2164,-0.026978417266187
"18383","18383",2146,2143,1893,-0.11789375582479
"18384","18384",2806,2755,2785,-0.00748396293656451
"18385","18385",3594,3595,3571,-0.00639955481357819
"18386","18386",2958,2727,3051,0.0314401622718053
"18387","18387",1365,1498,1736,0.271794871794872
"18388","18388",4505,4469,4477,-0.00621531631520533
"18389","18389",4838,4838,4855,0.00351384869780901
"18390","18390",1805,1806,1806,0.000554016620498615
"18391","18391",2392,2375,2762,0.154682274247492
"18392","18392",3952,4201,4215,0.0665485829959514
"18393","18393",2199,2163,2163,-0.0163710777626194
"18394","18394",1362,1361,1744,0.280469897209985
"18395","18395",1880,1876,1996,0.0617021276595745
"18397","18397",2022,2036,2105,0.0410484668644906
"18398","18398",2007,2007,2011,0.00199302441454908
"18399","18399",3365,3363,3263,-0.0303120356612184
"18400","18400",2644,2645,2649,0.0018910741301059
"18401","18401",4298,3527,3534,-0.177757096323872
"18402","18402",2995,2630,2628,-0.122537562604341
"18403","18403",4163,4162,3865,-0.0715829930338698
"18404","18404",3877,3886,3925,0.0123807067320093
"18405","18405",3101,3101,3122,0.00677200902934537
"18406","18406",1938,1959,1998,0.0309597523219814
"18407","18407",2705,2709,2803,0.0362292051756007
"18408","18408",5919,5920,6045,0.0212873796249366
"18409","18409",2040,2041,2040,0
"18410","18410",1377,1391,1392,0.0108932461873638
"18412","18412",4792,4522,4572,-0.0459098497495826
"18413","18413",2694,2694,2756,0.0230141054194506
"18414","18414",6000,6048,6265,0.0441666666666667
"18415","18415",4053,3518,3745,-0.075993091537133
"18416","18416",6363,6364,6369,0.000942951438000943
"18417","18417",1132,1055,1132,0
"18418","18418",3251,3251,3279,0.00861273454321747
"18419","18419",1181,1181,1181,0
"18420","18420",1434,1450,1569,0.0941422594142259
"18421","18421",5888,5886,5877,-0.00186820652173913
"18422","18422",6333,6348,6161,-0.0271593241749566
"18423","18423",7022,6826,6812,-0.0299060096838508
"18425","18425",3138,3138,3064,-0.0235818992989165
"18426","18426",8216,7685,7940,-0.0335929892891918
"18427","18427",843,843,693,-0.177935943060498
"18428","18428",1939,1942,1833,-0.0546673543063435
"18429","18429",3593,3431,3429,-0.0456443083774005
"18430","18430",1981,1980,2019,0.0191822311963655
"18431","18431",3805,3986,4419,0.161366622864652
"18432","18432",4640,4230,4205,-0.09375
"18433","18433",2129,2097,2097,-0.0150305307656177
"18434","18434",949,949,948,-0.00105374077976818
"18435","18435",9209,8085,8083,-0.122271690737322
"18436","18436",1735,1735,1735,0
"18437","18437",2249,2233,2233,-0.00711427301022677
"18438","18438",1768,1272,1183,-0.330882352941176
"18439","18439",6079,5976,5536,-0.0893239019575588
"18440","18440",3253,3253,3251,-0.000614817091915155
"18442","18442",1283,1283,1283,0
"18443","18443",3268,3264,3263,-0.00152998776009792
"18444","18444",5000,5007,4909,-0.0182
"18445","18445",2017,1763,1766,-0.124442240951909
"18446","18446",2145,2021,2021,-0.0578088578088578
"18447","18447",3291,3204,3185,-0.0322090549984807
"18448","18448",3666,3660,3659,-0.00190943807965085
"18449","18449",3391,3391,3400,0.00265408434090239
"18450","18450",3299,3289,3301,0.000606244316459533
"18451","18451",6862,6863,6802,-0.00874380647041679
"18452","18452",2192,2139,2142,-0.0228102189781022
"18453","18453",2384,2384,2384,0
"18454","18454",3451,3451,3433,-0.00521587945523037
"18455","18455",5315,5441,5454,0.0261523988711195
"18456","18456",2450,2448,2465,0.00612244897959184
"18457","18457",4857,4849,4643,-0.0440601194152769
"18458","18458",2759,2756,2330,-0.155491119971004
"18459","18459",5348,5348,5104,-0.0456245325355273
"18460","18460",3128,3098,3341,0.0680946291560102
"18461","18461",2936,2936,2894,-0.0143051771117166
"18462","18462",1749,1749,2263,0.29388221841052
"18463","18463",1448,1448,1477,0.0200276243093923
"18464","18464",938,938,926,-0.0127931769722814
"18465","18465",2465,2470,2923,0.18580121703854
"18467","18467",3445,3445,3424,-0.00609579100145138
"18468","18468",11340,11344,11366,0.00229276895943563
"18469","18469",2080,2028,1916,-0.0788461538461538
"18470","18470",1435,1465,1468,0.0229965156794425
"18471","18471",2030,2030,2030,0
"18473","18473",1150,1150,1144,-0.00521739130434783
"18474","18474",1169,1170,1170,0.000855431993156544
"18475","18475",3784,3784,3789,0.00132135306553911
"18476","18476",2668,2669,2668,0
"18477","18477",5477,5477,5301,-0.0321343801351105
"18478","18478",4532,4563,4564,0.00706090026478376
"18479","18479",1803,1803,1867,0.0354963948973932
"18480","18480",2609,2609,2609,0
"18481","18481",10860,10844,10791,-0.00635359116022099
"18482","18482",1274,1274,1274,0
"18483","18483",2815,2192,2494,-0.114031971580817
"18484","18484",6820,6847,7044,0.0328445747800587
"18485","18485",1899,2184,1894,-0.00263296471827278
"18486","18486",5279,5267,5407,0.024247016480394
"18487","18487",3744,3745,4122,0.100961538461538
"18488","18488",4021,4028,4033,0.0029843322556578
"18489","18489",1427,1427,1427,0
"18490","18490",2005,2005,1910,-0.0473815461346633
"18491","18491",2873,2873,2873,0
"18492","18492",1580,1579,1563,-0.0107594936708861
"18493","18493",2886,2884,3023,0.0474705474705475
"18494","18494",12203,12237,12042,-0.0131934770138491
"18495","18495",1459,1459,1448,-0.00753941055517478
"18496","18496",2617,2617,2617,0
"18497","18497",7261,7411,7183,-0.0107423219942157
"18498","18498",2601,2590,2490,-0.0426758938869665
"18499","18499",1102,1102,1095,-0.00635208711433757
"18500","18500",1420,1434,1434,0.00985915492957747
"18501","18501",7692,8000,8084,0.0509620384815393
"18502","18502",3160,3191,3120,-0.0126582278481013
"18503","18503",1098,1098,1582,0.4408014571949
"18504","18504",2725,2725,2734,0.00330275229357798
"18505","18505",1677,1677,1677,0
"18506","18506",3271,3271,3272,0.00030571690614491
"18507","18507",2484,2507,2415,-0.0277777777777778
"18508","18508",2152,1996,1966,-0.0864312267657993
"18509","18509",3947,4195,4288,0.0863947301748163
"18510","18510",3676,3408,3409,-0.0726332970620239
"18511","18511",2937,2940,2940,0.00102145045965271
"18512","18512",2282,2282,2282,0
"18513","18513",1799,1786,1948,0.0828237909949972
"18514","18514",6722,6672,6633,-0.0132401071109789
"18515","18515",5984,5855,5796,-0.0314171122994652
"18518","18518",1480,1480,1458,-0.0148648648648649
"18519","18519",2063,2095,1911,-0.0736791080950073
"18520","18520",6266,6269,6269,0.0004787743376955
"18522","18522",1751,1751,1870,0.0679611650485437
"18523","18523",4625,4625,4630,0.00108108108108108
"18524","18524",3469,3469,3396,-0.02104352839435
"18525","18525",5140,5144,5124,-0.00311284046692607
"18526","18526",2009,2009,1981,-0.0139372822299652
"18527","18527",1616,1628,1630,0.00866336633663366
"18528","18528",6016,6015,5907,-0.0181183510638298
"18529","18529",2020,1993,2024,0.00198019801980198
"18530","18530",3877,3873,3808,-0.0177972659272633
"18531","18531",4807,4809,4771,-0.00748907842729353
"18532","18532",10126,10109,9815,-0.0307130159984199
"18533","18533",1088,1088,1088,0
"18534","18534",3919,3944,3940,0.00535850982393468
"18535","18535",2220,2221,2623,0.181531531531532
"18536","18536",2854,2794,2815,-0.0136650315346882
"18537","18537",1911,1873,1900,-0.00575614861329147
"18538","18538",2750,2750,2463,-0.104363636363636
"18539","18539",3334,3150,3012,-0.0965806838632274
"18540","18540",1769,1986,1872,0.0582249858677219
"18541","18541",1654,1654,1654,0
"18542","18542",6212,6281,6284,0.0115904700579523
"18543","18543",940,940,897,-0.0457446808510638
"18544","18544",3182,3182,3195,0.00408548082966688
"18545","18545",4266,4266,4385,0.0278949835911861
"18546","18546",3015,3015,2961,-0.017910447761194
"18547","18547",1601,1561,1561,-0.0249843847595253
"18548","18548",2454,2497,2387,-0.0273023634881826
"18549","18549",2240,2789,1816,-0.189285714285714
"18550","18550",6831,6806,6643,-0.027521592738984
"18551","18551",1775,1775,1798,0.0129577464788732
"18552","18552",2849,2739,2798,-0.0179010179010179
"18554","18554",4185,4184,4262,0.0183990442054958
"18555","18555",3950,3874,3882,-0.0172151898734177
"18556","18556",1494,1496,1497,0.00200803212851406
"18557","18557",815,815,941,0.154601226993865
"18558","18558",3482,3303,3722,0.0689259046524986
"18559","18559",3113,3112,2977,-0.0436877610022486
"18560","18560",3927,3924,4553,0.159409218232748
"18561","18561",538,538,544,0.0111524163568773
"18562","18562",3719,3714,3819,0.0268889486421081
"18563","18563",995,967,997,0.00201005025125628
"18564","18564",3217,3207,3178,-0.0121230960522226
"18565","18565",4309,4416,4378,0.0160129960547691
"18566","18566",4001,4000,4000,-0.000249937515621095
"18567","18567",3406,3401,3335,-0.0208455666470934
"18568","18568",1356,1356,1350,-0.00442477876106195
"18569","18569",2239,2226,2218,-0.00937918713711478
"18570","18570",3140,3131,3127,-0.00414012738853503
"18571","18571",2288,2288,2288,0
"18572","18572",3742,3737,3659,-0.0221806520577231
"18573","18573",1683,1683,1683,0
"18574","18574",2141,2145,2227,0.0401681457262961
"18575","18575",2418,2419,2417,-0.000413564929693962
"18576","18576",5540,4960,5564,0.00433212996389892
"18577","18577",4457,4456,4457,0
"18578","18578",5629,5555,5385,-0.0433469532776692
"18579","18579",2804,2713,2704,-0.0356633380884451
"18580","18580",2465,2465,2489,0.00973630831643002
"18581","18581",1930,1926,1926,-0.00207253886010363
"18582","18582",2059,2059,2077,0.00874210781932977
"18583","18583",2203,2136,1892,-0.141171130276895
"18584","18584",3832,3826,3763,-0.0180062630480167
"18585","18585",4067,4069,4069,0.00049176297024834
"18586","18586",7847,7197,7202,-0.0821970179686504
"18587","18587",2718,2614,2587,-0.0481972038263429
"18588","18588",2095,2235,2164,0.0329355608591885
"18589","18589",1693,1693,1695,0.00118133490844654
"18590","18590",1669,1665,1664,-0.00299580587177951
"18591","18591",4002,4215,4215,0.0532233883058471
"18592","18592",1569,1569,1609,0.0254939451880178
"18593","18593",1530,1530,1629,0.0647058823529412
"18594","18594",8882,8779,8422,-0.0517901373564513
"18595","18595",2049,2049,2049,0
"18596","18596",1979,1977,1959,-0.0101061141990905
"18598","18598",1261,1245,1293,0.0253766851704996
"18599","18599",5542,5532,5779,0.0427643450018044
"18600","18600",5546,5540,5703,0.0283086909484313
"18601","18601",1915,1915,1945,0.0156657963446475
"18602","18602",4139,4267,4270,0.031650157042764
"18603","18603",4745,4760,4781,0.00758693361433087
"18604","18604",2431,2143,2143,-0.118469765528589
"18605","18605",2247,2247,2569,0.143302180685358
"18606","18606",2870,2794,2760,-0.0383275261324042
"18607","18607",2058,2057,1984,-0.0359572400388727
"18608","18608",3154,3154,3154,0
"18609","18609",2249,2053,2062,-0.0831480658070253
"18610","18610",1781,1782,1782,0.000561482313307131
"18611","18611",2127,2211,2605,0.224729666196521
"18612","18612",3480,3456,3205,-0.0790229885057471
"18613","18613",2810,2810,2809,-0.000355871886120996
"18615","18615",8779,8775,8639,-0.0159471465998405
"18617","18617",1984,1995,2003,0.00957661290322581
"18618","18618",4546,4546,4510,-0.00791904971403432
"18619","18619",1859,1980,1977,0.0634749865519096
"18620","18620",3437,3488,3285,-0.0442246144893803
"18621","18621",2532,2530,2423,-0.0430489731437599
"18622","18622",2283,2401,2402,0.0521243977222952
"18623","18623",5366,5353,5546,0.033544539694372
"18624","18624",938,938,952,0.0149253731343284
"18626","18626",4346,4306,4209,-0.0315232397606995
"18628","18628",2708,2730,2730,0.00812407680945347
"18629","18629",3747,3738,3761,0.00373632239124633
"18630","18630",2976,2976,3068,0.0309139784946237
"18631","18631",2703,2703,2703,0
"18632","18632",2683,2764,2824,0.0525531121878494
"18633","18633",3052,3052,3052,0
"18634","18634",3383,3387,3548,0.0487732781554833
"18635","18635",1273,1273,1273,0
"18636","18636",2483,2483,2482,-0.000402738622633911
"18638","18638",5847,5841,5916,0.0118009235505387
"18640","18640",3273,3327,3332,0.0180262755881454
"18641","18641",5087,5082,5071,-0.00314527226263023
"18642","18642",7009,7008,6611,-0.0567841346839777
"18643","18643",2616,2765,2771,0.0592507645259939
"18644","18644",1842,1842,1844,0.001085776330076
"18646","18646",4134,4134,4078,-0.0135462022254475
"18647","18647",3943,4036,3880,-0.0159776819680446
"18648","18648",2258,2258,2428,0.0752878653675819
"18649","18649",4028,4028,4036,0.00198609731876862
"18650","18650",1074,1064,1184,0.102420856610801
"18651","18651",1240,1242,1242,0.00161290322580645
"18652","18652",5328,5178,5020,-0.0578078078078078
"18653","18653",2124,2124,2122,-0.000941619585687382
"18654","18654",7073,7072,7077,0.000565530892124982
"18655","18655",5167,5148,5128,-0.00754790013547513
"18656","18656",8150,8005,7620,-0.0650306748466258
"18657","18657",2784,2792,2780,-0.0014367816091954
"18658","18658",2393,2320,2301,-0.0384454659423318
"18659","18659",7078,7080,7311,0.0329189036450975
"18661","18661",3221,3224,3247,0.00807202732070786
"18662","18662",1875,1716,1716,-0.0848
"18663","18663",3112,3004,3005,-0.0343830334190231
"18664","18664",2130,2125,1913,-0.1018779342723
"18665","18665",2315,2305,2264,-0.0220302375809935
"18666","18666",932,932,1016,0.0901287553648069
"18667","18667",1698,1692,1556,-0.0836277974087161
"18668","18668",2983,2984,2977,-0.00201139792155548
"18669","18669",5639,5611,5664,0.00443341017910977
"18670","18670",4066,4017,4066,0
"18671","18671",2662,2682,2783,0.0454545454545455
"18672","18672",7519,7535,7633,0.0151615906370528
"18673","18673",4518,4486,4590,0.0159362549800797
"18674","18674",2746,2736,2521,-0.0819373634377276
"18675","18675",658,658,732,0.112462006079027
"18676","18676",6105,6103,6159,0.00884520884520885
"18677","18677",3087,3221,3014,-0.0236475542597992
"18678","18678",535,535,535,0
"18679","18679",1193,1391,1217,0.0201173512154233
"18680","18680",3137,3281,3195,0.0184890022314313
"18681","18681",1727,1708,1685,-0.0243196294151708
"18682","18682",4927,4974,5480,0.112238684798052
"18683","18683",5970,5972,5978,0.00134003350083752
"18684","18684",1893,1893,1893,0
"18685","18685",2884,2818,2924,0.013869625520111
"18686","18686",4289,4289,4303,0.00326416414082537
"18687","18687",1972,1971,1970,-0.00101419878296146
"18688","18688",3077,3080,2935,-0.046148846278843
"18689","18689",2496,2485,2483,-0.00520833333333333
"18690","18690",2526,2425,2424,-0.0403800475059382
"18691","18691",1728,1728,1728,0
"18692","18692",2517,2517,2560,0.0170838299562972
"18693","18693",2888,2888,2787,-0.0349722991689751
"18694","18694",2510,2642,2614,0.0414342629482072
"18695","18695",1384,1575,1377,-0.00505780346820809
"18696","18696",3490,3490,3490,0
"18697","18697",1678,1541,1539,-0.0828367103694875
"18698","18698",2701,2701,2256,-0.164753794890781
"18699","18699",3326,3210,3443,0.0351773902585688
"18700","18700",2124,2124,2124,0
"18701","18701",2149,2154,2114,-0.0162866449511401
"18702","18702",3859,3863,4171,0.0808499611298264
"18703","18703",1620,1481,1479,-0.087037037037037
"18704","18704",9586,9474,9492,-0.00980596703525975
"18705","18705",918,918,857,-0.0664488017429194
"18706","18706",3210,3212,3391,0.056386292834891
"18707","18707",2554,2554,2554,0
"18708","18708",5675,5736,5658,-0.00299559471365639
"18709","18709",3179,3151,3123,-0.0176156023906889
"18710","18710",1414,1414,1423,0.00636492220650637
"18711","18711",5978,6143,6145,0.0279357644697223
"18712","18712",1860,1785,1813,-0.0252688172043011
"18713","18713",3754,3752,3763,0.00239744272775706
"18714","18714",3037,3036,3048,0.00362199539018769
"18716","18716",4020,4245,3717,-0.0753731343283582
"18717","18717",3309,3309,3234,-0.0226654578422484
"18718","18718",2678,2678,2677,-0.000373412994772218
"18719","18719",1285,1286,1255,-0.0233463035019455
"18720","18720",1351,1351,1386,0.0259067357512953
"18721","18721",3928,3980,3980,0.0132382892057026
"18722","18722",3010,3024,3017,0.00232558139534884
"18723","18723",1193,1215,1189,-0.00335289186923722
"18724","18724",2921,2914,2914,-0.00239643957548785
"18725","18725",3461,3461,3324,-0.0395839352788211
"18726","18726",3201,3208,3447,0.0768509840674789
"18727","18727",2924,2925,2925,0.000341997264021888
"18728","18728",1994,1981,1953,-0.0205616850551655
"18729","18729",2518,2518,2683,0.0655281969817315
"18730","18730",3968,3966,3968,0
"18731","18731",2416,2421,2420,0.00165562913907285
"18732","18732",4889,4891,4888,-0.000204540805890775
"18733","18733",2592,2678,2654,0.0239197530864198
"18734","18734",2784,2786,2681,-0.0369971264367816
"18736","18736",2435,2212,2026,-0.167967145790554
"18737","18737",3362,3364,3565,0.0603807257584771
"18738","18738",2742,2747,2749,0.0025528811086798
"18739","18739",2899,2900,3095,0.0676095205243187
"18740","18740",3002,3002,3002,0
"18741","18741",1764,1764,2754,0.561224489795918
"18742","18742",2071,2071,2015,-0.0270400772573636
"18743","18743",3083,2999,3008,-0.024326954265326
"18744","18744",2427,2427,2458,0.0127729707457767
"18745","18745",2208,2141,2141,-0.0303442028985507
"18746","18746",2602,2530,2523,-0.0303612605687932
"18747","18747",4904,4906,4805,-0.0201876019575856
"18748","18748",4829,4829,4827,-0.000414164423276041
"18749","18749",3194,3195,3194,0
"18750","18750",8556,7872,7895,-0.0772557269752221
"18751","18751",3391,3383,3383,-0.00235918608080212
"18752","18752",2192,2155,2157,-0.0159671532846715
"18753","18753",2152,2152,2134,-0.00836431226765799
"18754","18754",2323,2285,2323,0
"18755","18755",2428,2428,2428,0
"18756","18756",2885,2886,2329,-0.192720970537262
"18758","18758",1346,1345,1349,0.00222882615156018
"18759","18759",5881,5921,5691,-0.0323074307090631
"18760","18760",2107,2034,2035,-0.034171808258187
"18761","18761",2443,2455,2464,0.00859598853868195
"18762","18762",1738,1738,1738,0
"18763","18763",3348,3304,3331,-0.00507765830346475
"18764","18764",3995,4069,4039,0.0110137672090113
"18765","18765",1154,947,782,-0.322357019064125
"18766","18766",3201,3143,3141,-0.0187441424554827
"18767","18767",4141,4051,4210,0.0166626418739435
"18768","18768",3057,3061,3065,0.00261694471704285
"18769","18769",1957,1954,2049,0.0470107307102708
"18770","18770",6465,6400,5342,-0.173704563031709
"18771","18771",1635,1629,1627,-0.00489296636085627
"18772","18772",4921,4915,4814,-0.0217435480593375
"18773","18773",1865,1865,1820,-0.0241286863270777
"18774","18774",4288,4288,4288,0
"18775","18775",2973,2949,2949,-0.00807265388496468
"18776","18776",6524,6267,6271,-0.0387798896382587
"18777","18777",2145,2074,2032,-0.0526806526806527
"18778","18778",2487,2487,2392,-0.0381986328910334
"18779","18779",2364,2364,2353,-0.00465313028764805
"18780","18780",401,401,401,0
"18781","18781",1685,1685,1685,0
"18782","18782",3466,3628,3328,-0.0398153491055972
"18783","18783",2515,2515,2646,0.0520874751491054
"18785","18785",3449,3447,3432,-0.00492896491736735
"18786","18786",2060,2066,1895,-0.0800970873786408
"18787","18787",1479,1485,1485,0.00405679513184584
"18788","18788",2806,2806,2806,0
"18789","18789",2176,2176,2117,-0.0271139705882353
"18791","18791",4548,4441,4442,-0.0233069481090589
"18792","18792",2360,2360,2496,0.0576271186440678
"18793","18793",3452,3454,3465,0.00376593279258401
"18794","18794",2059,2059,2059,0
"18795","18795",1829,1757,1397,-0.236194641880809
"18796","18796",4942,4893,4757,-0.037434237150951
"18797","18797",3331,3348,3352,0.00630441308916241
"18799","18799",1407,1350,1123,-0.201847903340441
"18800","18800",3776,3812,3812,0.00953389830508475
"18801","18801",4489,4198,4199,-0.0646023613276899
"18802","18802",3074,3077,3109,0.0113858165256994
"18803","18803",1926,1919,1921,-0.00259605399792316
"18804","18804",2316,2316,2167,-0.0643350604490501
"18805","18805",2363,2364,2301,-0.0262378332628015
"18806","18806",4573,4573,4573,0
"18808","18808",1574,1574,1541,-0.0209656925031766
"18809","18809",2290,2290,2293,0.00131004366812227
"18810","18810",1262,1313,1272,0.00792393026941363
"18811","18811",1964,1963,1966,0.0010183299389002
"18812","18812",4716,4719,4619,-0.020568278201866
"18813","18813",1248,1210,1156,-0.0737179487179487
"18814","18814",5589,5750,5750,0.0288065843621399
"18815","18815",2504,2502,2502,-0.000798722044728434
"18816","18816",2701,2829,2801,0.0370233246945576
"18817","18817",2778,2677,2779,0.000359971202303816
"18818","18818",4506,4498,4873,0.0814469596094097
"18819","18819",3940,3941,3909,-0.00786802030456853
"18820","18820",3114,3112,3115,0.000321130378933847
"18821","18821",2372,2289,2271,-0.0425801011804385
"18822","18822",3841,3843,3843,0.000520697734964853
"18823","18823",1626,1627,1715,0.0547355473554736
"18824","18824",6232,6231,6328,0.0154043645699615
"18825","18825",3422,3422,3412,-0.00292226767971946
"18826","18826",1399,1398,1400,0.000714796283059328
"18827","18827",3756,3716,3624,-0.0351437699680511
"18828","18828",4078,4075,4217,0.0340853359489946
"18829","18829",3381,3378,3378,-0.000887311446317658
"18830","18830",2511,2480,2482,-0.0115491835921943
"18831","18831",2014,2014,2014,0
"18832","18832",2741,2741,2753,0.00437796424662532
"18833","18833",3352,3361,3350,-0.000596658711217184
"18834","18834",1661,1985,1648,-0.0078266104756171
"19290","19290",1661,1985,1648,-0.0078266104756171
"18835","18835",2755,2776,3178,0.153539019963702
"18836","18836",5257,5284,5369,0.0213049267643142
"18837","18837",1355,1355,1936,0.428782287822878
"18838","18838",4394,4397,4393,-0.000227583067819754
"18839","18839",6345,6305,6036,-0.0486997635933806
"18840","18840",4925,3510,3461,-0.297258883248731
"18841","18841",2497,2240,2239,-0.103323988786544
"18842","18842",6117,6118,6073,-0.00719306849762956
"18843","18843",2178,2237,2214,0.0165289256198347
"18844","18844",2209,2521,2743,0.241738343141693
"18845","18845",2403,2403,2507,0.0432792342904702
"18846","18846",2179,2174,2173,-0.00275355667737494
"18847","18847",2335,2336,2319,-0.00685224839400428
"18848","18848",4093,4087,4078,-0.00366479354996335
"18849","18849",4976,4971,4977,0.00020096463022508
"18850","18850",4086,4071,3958,-0.0313264806656877
"18851","18851",3808,3779,3780,-0.00735294117647059
"18852","18852",4220,4165,4193,-0.00639810426540284
"18853","18853",2342,2342,2349,0.00298889837745517
"18854","18854",2743,2765,2699,-0.016040831206708
"18855","18855",2927,3010,2965,0.012982576016399
"18856","18856",3240,3240,3334,0.0290123456790123
"18858","18858",2093,2093,1946,-0.0702341137123746
"18859","18859",3908,3918,3884,-0.00614124872057318
"18860","18860",5255,5122,5074,-0.0344433872502379
"18861","18861",2866,2568,2731,-0.0471039776692254
"18862","18862",6101,6101,5429,-0.110145877724963
"18863","18863",928,928,1033,0.113146551724138
"18864","18864",4039,4041,3962,-0.0190641247833622
"18865","18865",942,942,968,0.0276008492569002
"18866","18866",1757,1687,1716,-0.0233352305065452
"18867","18867",2133,2113,1726,-0.190811064228786
"18868","18868",4676,3537,4067,-0.130239520958084
"18869","18869",2918,2907,2914,-0.00137080191912269
"18870","18870",1882,1719,1860,-0.0116896918172157
"18871","18871",3693,3695,3708,0.00406173842404549
"18872","18872",3094,3094,3088,-0.00193923723335488
"18873","18873",12247,11943,12242,-0.000408263248142402
"18874","18874",1502,1502,1502,0
"18875","18875",2927,2934,2803,-0.0423641954219337
"18876","18876",5772,6633,5483,-0.0500693000693001
"18877","18877",3731,3708,3659,-0.0192977753953364
"18878","18878",4545,4549,4500,-0.0099009900990099
"18879","18879",4319,4298,4303,-0.00370456124102802
"18880","18880",1966,2152,2152,0.0946083418107833
"18881","18881",4262,4261,4442,0.0422336931018301
"18882","18882",2595,2643,2645,0.0192678227360308
"18883","18883",1833,1833,1840,0.00381887615930169
"18884","18884",2662,2628,2721,0.0221637866265965
"18886","18886",5091,4814,5029,-0.012178353957965
"18887","18887",3563,3492,3486,-0.0216110019646365
"18888","18888",4895,4986,5214,0.0651685393258427
"18889","18889",1587,1589,1589,0.00126023944549464
"18890","18890",1806,1540,1799,-0.00387596899224806
"18891","18891",3637,3637,4378,0.203739345614517
"18892","18892",2442,2442,2231,-0.0864045864045864
"18893","18893",2673,2538,2689,0.00598578376356154
"18894","18894",4379,4338,4583,0.0465859785339119
"18895","18895",1217,2834,2832,1.32703368940016
"18896","18896",6196,7094,6284,0.0142027114267269
"18898","18898",3473,3472,3345,-0.0368557443132738
"18899","18899",4976,4964,4938,-0.00763665594855305
"18900","18900",3240,3215,3215,-0.00771604938271605
"18901","18901",2766,2667,2713,-0.0191612436731743
"18902","18902",2037,2037,2081,0.0216003927344134
"18903","18903",1300,1300,1134,-0.127692307692308
"18904","18904",3269,3497,3506,0.0724992352401346
"18905","18905",4802,4802,4767,-0.00728862973760933
"18906","18906",1379,1379,1379,0
"18907","18907",2819,2773,2773,-0.0163178432068109
"18908","18908",2000,2000,2000,0
"18909","18909",3258,3258,3282,0.00736648250460405
"18910","18910",1859,1859,1859,0
"18911","18911",5117,5368,5300,0.0357631424662888
"18912","18912",4316,4170,4352,0.00834105653382762
"18913","18913",2997,2997,2997,0
"18914","18914",7092,7090,7090,-0.000282007896221094
"18915","18915",1856,1857,1916,0.0323275862068966
"18916","18916",2262,2297,2297,0.015473032714412
"18917","18917",2591,2582,2588,-0.00115785411038209
"18918","18918",3118,3118,3473,0.113855035279025
"18919","18919",1640,1639,1650,0.00609756097560976
"18920","18920",1903,1612,1709,-0.10194429847609
"18921","18921",4156,4271,4222,0.0158806544754572
"18922","18922",6219,6226,6381,0.0260492040520984
"18924","18924",3970,3614,3539,-0.108564231738035
"18926","18926",4333,4333,4329,-0.000923147934456497
"18927","18927",4722,5231,4890,0.0355781448538755
"18928","18928",4945,4918,4745,-0.0404448938321537
"18929","18929",1573,1562,1512,-0.0387794024157661
"18930","18930",2148,2310,2310,0.0754189944134078
"18931","18931",1986,2752,2359,0.187814702920443
"18933","18933",2087,2087,2029,-0.0277910876856732
"18934","18934",4573,4530,4547,-0.00568554559370216
"18935","18935",5005,5005,5095,0.017982017982018
"18936","18936",4849,4623,4450,-0.0822850072179831
"18937","18937",2931,2931,3019,0.0300238826339133
"18938","18938",2172,2173,2135,-0.0170349907918969
"18939","18939",2465,2468,2491,0.0105476673427992
"18940","18940",1582,1581,1581,-0.000632111251580278
"18941","18941",7962,7989,8211,0.0312735493594574
"18942","18942",4170,4083,4098,-0.0172661870503597
"18943","18943",3076,3071,2834,-0.0786736020806242
"18944","18944",1960,1960,1959,-0.000510204081632653
"18945","18945",2771,2771,2771,0
"18946","18946",948,948,910,-0.040084388185654
"18947","18947",2542,2539,2832,0.114083398898505
"18948","18948",1927,1927,1875,-0.0269849507005708
"18949","18949",3865,3833,3894,0.007503234152652
"18950","18950",1691,1680,1679,-0.00709639266706091
"18951","18951",1303,1303,1087,-0.165771297006907
"18952","18952",984,984,984,0
"18953","18953",3902,3902,3872,-0.00768836494105587
"18954","18954",1453,1453,1476,0.0158293186510668
"18955","18955",1257,1229,1247,-0.00795544948289578
"18956","18956",2387,2387,2387,0
"18957","18957",3499,3485,3692,0.0551586167476422
"18958","18958",3616,3597,3599,-0.00470132743362832
"18959","18959",1972,1972,2087,0.058316430020284
"18960","18960",1527,1528,1530,0.00196463654223969
"18961","18961",3234,3234,3250,0.00494743351886209
"18962","18962",5375,5375,5374,-0.000186046511627907
"18963","18963",4757,4407,4811,0.0113516922430103
"18964","18964",2780,2837,2820,0.0143884892086331
"18965","18965",1956,1956,1846,-0.0562372188139059
"18966","18966",2623,2379,2256,-0.139916126572627
"18967","18967",8459,8453,8630,0.0202151554557276
"18968","18968",3133,3126,3210,0.024577082668369
"18969","18969",5093,5089,4982,-0.0217946200667583
"18970","18970",1639,1527,1527,-0.0683343502135449
"18971","18971",6955,6912,7059,0.0149532710280374
"18972","18972",1705,1705,1705,0
"18973","18973",3953,3924,3923,-0.00758917278016696
"18975","18975",2081,2081,2081,0
"18976","18976",3805,3805,3864,0.0155059132720105
"18977","18977",4664,4839,4841,0.0379502572898799
"18978","18978",2241,2239,2241,0
"18979","18979",1670,1714,1707,0.0221556886227545
"18980","18980",6569,6566,6234,-0.0509971076267316
"18981","18981",3346,3801,3416,0.0209205020920502
"18982","18982",2924,2921,2915,-0.00307797537619699
"18983","18983",5447,5442,5275,-0.031577014870571
"18984","18984",1807,1806,1478,-0.182069728832319
"18985","18985",2949,2937,3000,0.017293997965412
"18986","18986",2192,2193,2263,0.0323905109489051
"18987","18987",3177,3177,3416,0.0752282027069563
"18988","18988",1052,1052,1011,-0.0389733840304183
"18990","18990",2505,2505,2518,0.00518962075848303
"18992","18992",2491,2491,2591,0.0401445202729827
"18994","18994",1832,1918,1918,0.046943231441048
"18995","18995",5488,5488,5296,-0.0349854227405248
"18996","18996",2154,2154,2091,-0.0292479108635097
"18997","18997",2585,2585,2549,-0.013926499032882
"18998","18998",5732,5736,5733,0.000174459176552687
"18999","18999",2984,2984,2605,-0.12701072386059
"19000","19000",4759,3777,3743,-0.213490229039714
"19001","19001",1815,1815,2664,0.467768595041322
"19002","19002",1281,1281,1362,0.063231850117096
"19003","19003",2655,2636,2646,-0.00338983050847458
"19004","19004",2371,2281,2106,-0.111767186840995
"19005","19005",3018,2964,2964,-0.0178926441351889
"19006","19006",2075,2106,2029,-0.0221686746987952
"19007","19007",2636,2636,2569,-0.0254172989377845
"19008","19008",2994,3051,3330,0.112224448897796
"19009","19009",1067,1220,1244,0.165885660731022
"19010","19010",1229,1227,1229,0
"19011","19011",5052,5032,5160,0.0213776722090261
"19012","19012",2450,2496,2401,-0.02
"19013","19013",1438,1438,1438,0
"19014","19014",6543,6539,6376,-0.0255234601864588
"19015","19015",2275,2318,2406,0.0575824175824176
"19016","19016",2592,2670,2581,-0.00424382716049383
"19017","19017",5103,5121,5095,-0.00156770527140898
"19019","19019",3149,3147,3146,-0.000952683391552874
"19021","19021",5694,5171,5153,-0.0950122936424306
"19022","19022",2826,2826,2758,-0.0240622788393489
"19023","19023",2841,2851,2935,0.033086941217881
"19024","19024",3809,3809,3809,0
"19025","19025",9868,10079,9459,-0.0414471017430077
"19027","19027",4210,4213,4213,0.000712589073634204
"19028","19028",2834,2841,2870,0.0127028934368384
"19029","19029",1749,1980,1980,0.132075471698113
"19030","19030",1797,1766,1786,-0.00612131329994435
"19031","19031",2053,1395,1368,-0.3336580613736
"19032","19032",2990,2989,2883,-0.0357859531772575
"19033","19033",2738,2738,2744,0.00219138056975895
"19034","19034",1801,1967,1967,0.0921710161021655
"19035","19035",8239,6779,6816,-0.172715135331958
"19036","19036",7313,7286,7287,-0.00355531245726788
"19037","19037",7812,7819,7818,0.000768049155145929
"19038","19038",4324,4351,4253,-0.0164199814986124
"19039","19039",3181,3181,3164,-0.00534423137378183
"19040","19040",3318,3336,3587,0.0810729355033152
"19041","19041",4671,4667,4481,-0.040676514664954
"19042","19042",4126,4126,4374,0.060106640814348
"19043","19043",2695,2791,2785,0.0333951762523191
"19044","19044",1794,1795,1795,0.000557413600891862
"19045","19045",7221,7211,7019,-0.0279739648248165
"19046","19046",1538,1538,1817,0.181404421326398
"19047","19047",1082,1080,1082,0
"19048","19048",2925,2641,2918,-0.00239316239316239
"19049","19049",3099,3318,3233,0.0432397547595999
"19050","19050",4108,4102,3996,-0.0272638753651412
"19051","19051",3170,3011,3006,-0.0517350157728707
"19052","19052",1507,1423,1423,-0.0557398805573988
"19053","19053",5357,5363,5357,0
"19054","19054",2712,2712,2533,-0.0660029498525074
"19055","19055",697,697,694,-0.00430416068866571
"19056","19056",4407,4407,4417,0.0022691173133651
"19057","19057",4061,4061,4291,0.0566362964786998
"19058","19058",4253,4253,4244,-0.00211615330355044
"19059","19059",5978,5973,6006,0.00468384074941452
"19060","19060",5800,6137,5836,0.00620689655172414
"19062","19062",3615,3614,3600,-0.004149377593361
"19063","19063",4071,4160,4169,0.0240727094080079
"19064","19064",2707,2651,2651,-0.0206871074990765
"19065","19065",1541,1566,1566,0.0162232316677482
"19066","19066",3598,3598,3563,-0.00972762645914397
"19067","19067",3671,3615,3615,-0.0152546989921002
"19068","19068",1556,1556,1750,0.124678663239075
"19069","19069",2607,2649,2642,0.0134253931722286
"19070","19070",2584,2584,2408,-0.0681114551083591
"19072","19072",7398,7367,7583,0.0250067585834009
"19073","19073",2500,2500,2634,0.0536
"19074","19074",1786,1787,1813,0.0151175811870101
"19075","19075",3019,3019,3050,0.0102683007618417
"19076","19076",1615,1615,1615,0
"19077","19077",6562,6480,6480,-0.0124961901859189
"19078","19078",6049,6052,6148,0.0163663415440569
"19079","19079",2535,2535,2645,0.0433925049309665
"19081","19081",2525,2525,2524,-0.000396039603960396
"19082","19082",1385,1385,1385,0
"19083","19083",3645,3645,3486,-0.0436213991769547
"19084","19084",2362,2288,2213,-0.063082133784928
"19085","19085",3451,3450,3560,0.0315850478122283
"19086","19086",1486,1485,1397,-0.0598923283983849
"19087","19087",772,772,762,-0.0129533678756477
"19088","19088",2468,2467,2467,-0.000405186385737439
"19089","19089",2626,2648,2611,-0.00571210967250571
"19091","19091",3489,3489,3614,0.0358268844941244
"19092","19092",6601,6594,6811,0.031813361611877
"19093","19093",3963,3963,3958,-0.00126167045167802
"19094","19094",974,936,750,-0.229979466119097
"19095","19095",3814,3385,3293,-0.136601992658626
"19097","19097",3340,3295,3340,0
"19098","19098",2700,2686,2686,-0.00518518518518519
"19099","19099",2484,2499,2447,-0.0148953301127214
"19100","19100",2758,2762,2758,0
"19101","19101",2279,1798,1798,-0.21105748135147
"19102","19102",5708,5694,5739,0.00543097407147863
"19103","19103",2103,2103,2152,0.0233000475511175
"19104","19104",4547,4547,4441,-0.0233120738948757
"19105","19105",4424,4424,4423,-0.000226039783001808
"19106","19106",2546,2566,2406,-0.0549882168106834
"19107","19107",1819,1819,1819,0
"19108","19108",2001,2079,2021,0.00999500249875063
"19109","19109",2257,2687,2719,0.204696499778467
"19110","19110",940,940,939,-0.00106382978723404
"19111","19111",1363,1363,1363,0
"19112","19112",3079,3079,2734,-0.112049366677493
"19113","19113",3160,2663,2511,-0.205379746835443
"19115","19115",1392,1392,1393,0.000718390804597701
"19116","19116",6235,6218,6266,0.004971932638332
"19118","19118",2847,2673,2645,-0.0709518791710572
"19119","19119",1506,1506,1506,0
"19120","19120",5542,5542,5645,0.0185853482497293
"19121","19121",5625,5610,5608,-0.00302222222222222
"19122","19122",3927,3916,3863,-0.0162974280621339
"19123","19123",9512,9474,9135,-0.0396341463414634
"19124","19124",11607,11061,10399,-0.104075127078487
"19125","19125",5464,5465,5451,-0.0023792093704246
"19126","19126",2601,2595,2748,0.0565167243367935
"19127","19127",3612,3615,3577,-0.00968992248062015
"19128","19128",2652,2662,2663,0.00414781297134238
"19129","19129",5857,5858,5980,0.0210005122076148
"19130","19130",1326,1300,1238,-0.0663650075414781
"19131","19131",3448,3445,3308,-0.0406032482598608
"19132","19132",1115,1121,1150,0.031390134529148
"19133","19133",2262,2262,2261,-0.000442086648983201
"19134","19134",3065,2926,3513,0.146166394779772
"19135","19135",1531,1531,1525,-0.00391900718484651
"19136","19136",2640,2640,3509,0.329166666666667
"19137","19137",5994,6032,5978,-0.00266933600266934
"19138","19138",1497,1497,1497,0
"19139","19139",2880,3104,2884,0.00138888888888889
"19140","19140",5482,5482,5166,-0.0576431959139
"19141","19141",2472,2470,2475,0.00121359223300971
"19142","19142",3280,3254,3253,-0.00823170731707317
"19143","19143",5099,5099,5028,-0.0139242988821338
"19144","19144",2033,2033,2033,0
"19145","19145",1780,1745,1694,-0.048314606741573
"19146","19146",3915,3917,4384,0.119795657726692
"19147","19147",2317,2317,2320,0.00129477772982305
"19148","19148",2258,2258,2258,0
"19149","19149",1918,1839,1837,-0.0422314911366006
"19150","19150",5173,5130,5137,-0.0069592112893872
"19151","19151",2384,2388,2237,-0.0616610738255034
"19152","19152",2172,2117,2117,-0.0253222836095764
"19153","19153",2816,2816,2816,0
"19154","19154",2672,2672,2756,0.031437125748503
"19155","19155",3161,3165,2907,-0.0803543182537172
"19156","19156",2920,3164,2648,-0.0931506849315069
"19157","19157",4892,4892,4906,0.00286181520850368
"19158","19158",3698,3698,3718,0.00540832882639264
"19159","19159",2200,2200,1976,-0.101818181818182
"19160","19160",4525,4525,4659,0.0296132596685083
"19161","19161",3646,3715,3839,0.0529347229840922
"19162","19162",3231,3220,3220,-0.00340451872485299
"19164","19164",3163,3163,2822,-0.107809042048688
"19165","19165",6246,6142,6408,0.0259365994236311
"19167","19167",3457,3470,3821,0.10529360717385
"19168","19168",2015,1687,1523,-0.244168734491315
"19169","19169",1947,1947,1939,-0.00410888546481767
"19170","19170",1135,1135,1136,0.000881057268722467
"19862","19862",1135,1135,1136,0.000881057268722467
"19171","19171",1881,1877,1692,-0.100478468899522
"19172","19172",2838,2755,2787,-0.0179704016913319
"19173","19173",3869,3841,3841,-0.00723701214784182
"19174","19174",2681,2611,2611,-0.0261096605744125
"19175","19175",1620,1591,1577,-0.0265432098765432
"19176","19176",2043,2044,2091,0.0234948604992658
"19177","19177",1806,1846,1849,0.0238095238095238
"19178","19178",2581,2581,2581,0
"19179","19179",1363,1365,1328,-0.0256786500366838
"19180","19180",4596,4596,4597,0.000217580504786771
"19181","19181",2751,2751,2751,0
"19182","19182",2666,2666,2664,-0.000750187546886722
"19183","19183",5216,5191,5158,-0.0111196319018405
"19184","19184",2596,2648,2493,-0.0396764252696456
"19185","19185",4392,4392,4397,0.0011384335154827
"19186","19186",2266,2265,2265,-0.000441306266548985
"19187","19187",4991,5244,4969,-0.00440793428170707
"19188","19188",1429,1429,1417,-0.00839748075577327
"19189","19189",4972,4972,5083,0.0223250201126307
"19190","19190",2918,2917,3049,0.044893762851268
"19191","19191",1203,1203,1210,0.0058187863674148
"19192","19192",4215,4219,4408,0.0457888493475682
"19194","19194",3984,3984,4000,0.00401606425702811
"19195","19195",6971,6260,6208,-0.109453450007173
"19196","19196",3493,3493,3507,0.00400801603206413
"19197","19197",3680,3679,3647,-0.00896739130434783
"19198","19198",3313,3313,3253,-0.0181104738907335
"19199","19199",1878,1878,1669,-0.111288604898829
"19200","19200",2550,2550,2550,0
"19201","19201",1693,1428,1441,-0.148848198464265
"19203","19203",1757,1773,1780,0.0130904951622083
"19204","19204",1443,1440,1433,-0.00693000693000693
"19205","19205",2725,2725,2722,-0.00110091743119266
"19206","19206",1868,1869,1869,0.000535331905781585
"19207","19207",3470,3630,3454,-0.00461095100864553
"19208","19208",1461,1461,1456,-0.00342231348391513
"19209","19209",2617,2601,2950,0.127244936950707
"19210","19210",2558,2558,2527,-0.0121188428459734
"19211","19211",3823,3825,3789,-0.0088935391054146
"19212","19212",3441,3749,3750,0.0897994768962511
"19213","19213",4881,4883,5253,0.0762138905961893
"19214","19214",958,1114,1844,0.924843423799583
"19215","19215",3138,3139,3102,-0.011472275334608
"19216","19216",1480,1480,1939,0.310135135135135
"19217","19217",5471,5465,5479,0.00146225552915372
"19218","19218",5266,5265,5487,0.0419673376376757
"19219","19219",3064,3064,3133,0.0225195822454308
"19220","19220",5285,5221,5013,-0.0514664143803217
"19221","19221",2352,2343,2343,-0.0038265306122449
"19222","19222",2139,2139,2135,-0.0018700327255727
"19223","19223",1568,1568,1568,0
"19224","19224",2269,2269,2269,0
"19225","19225",4433,4425,4459,0.00586510263929619
"19226","19226",1707,1706,1706,-0.000585823081429408
"19227","19227",1294,1294,1294,0
"19228","19228",2169,1817,1817,-0.162286768095897
"19229","19229",3373,3634,3259,-0.0337978061073229
"19230","19230",2389,2389,2389,0
"19231","19231",2433,2459,3000,0.233045622688039
"19232","19232",4727,4727,4664,-0.0133276919822297
"19233","19233",3525,3525,3562,0.0104964539007092
"19234","19234",4398,4398,4399,0.00022737608003638
"19235","19235",2114,2018,2018,-0.0454115421002838
"19236","19236",1914,1917,1935,0.0109717868338558
"19237","19237",2244,2244,2240,-0.0017825311942959
"19238","19238",6207,6284,6549,0.055099081681972
"19239","19239",2913,2913,2860,-0.0181943014074837
"19240","19240",3022,3117,3028,0.00198544010589014
"19241","19241",2549,2517,2504,-0.0176539819537073
"19242","19242",2537,2537,2508,-0.0114308238076468
"19243","19243",3660,3576,3686,0.00710382513661202
"19244","19244",5177,4920,5041,-0.0262700405640332
"19245","19245",5016,4330,4584,-0.0861244019138756
"19246","19246",4042,4422,4491,0.111083621969322
"19247","19247",5105,5105,5088,-0.00333006856023506
"19249","19249",5088,5104,5021,-0.0131682389937107
"19250","19250",1698,1700,1700,0.00117785630153121
"19251","19251",1977,1980,2459,0.243803743045018
"19252","19252",1655,1655,1655,0
"19253","19253",5360,5399,5405,0.0083955223880597
"19254","19254",7438,7424,7408,-0.00403334229631621
"19255","19255",3869,3885,3892,0.00594468855001292
"19257","19257",4928,4929,4928,0
"19258","19258",2164,2163,2186,0.0101663585951941
"19259","19259",4670,4694,4694,0.00513918629550321
"19260","19260",3811,4111,3968,0.0411965363421674
"19261","19261",4617,4593,4568,-0.01061295213342
"19262","19262",4161,4266,4021,-0.0336457582311944
"19263","19263",2704,2704,2696,-0.0029585798816568
"19265","19265",5043,5047,5042,-0.000198294665873488
"19266","19266",4002,4033,3692,-0.0774612693653173
"19267","19267",6650,5375,5406,-0.187067669172932
"19268","19268",3706,3646,3645,-0.0164597949271452
"19269","19269",1996,1997,1997,0.000501002004008016
"19270","19270",1441,1285,1123,-0.220680083275503
"19271","19271",3175,2854,2854,-0.101102362204724
"19272","19272",2340,2233,2046,-0.125641025641026
"19273","19273",8336,7599,7618,-0.0861324376199616
"19275","19275",3982,3956,3945,-0.00929181315921647
"19276","19276",2205,2205,2212,0.00317460317460317
"19277","19277",3650,3650,3739,0.0243835616438356
"19278","19278",12155,12158,11846,-0.0254216371863431
"19279","19279",3172,2963,2967,-0.0646279949558638
"19280","19280",1005,1005,1005,0
"19281","19281",3791,4252,3450,-0.0899498812978106
"19282","19282",2450,2581,2347,-0.0420408163265306
"19283","19283",1249,1256,1257,0.00640512409927942
"19284","19284",1776,1791,1774,-0.00112612612612613
"19285","19285",3180,3222,3079,-0.0317610062893082
"19286","19286",1334,1336,1317,-0.012743628185907
"19287","19287",2957,2927,2836,-0.0409198512005411
"19288","19288",6237,6302,6020,-0.0347923681257015
"19289","19289",1386,1870,1869,0.348484848484849
"19291","19291",4279,4278,4278,-0.000233699462491236
"19292","19292",3312,3312,3185,-0.0383454106280193
"19293","19293",3616,3303,3299,-0.0876659292035398
"19294","19294",888,871,871,-0.0191441441441441
"19295","19295",6498,6544,6599,0.0155432440751
"19296","19296",1526,1534,2092,0.370904325032765
"19297","19297",2542,2542,2553,0.0043273013375295
"19298","19298",4054,3864,3610,-0.109521460286137
"19299","19299",5774,5855,5849,0.0129892622099065
"19300","19300",956,956,956,0
"19301","19301",3856,3839,3841,-0.00389004149377593
"19302","19302",5627,5530,5528,-0.0175937444464191
"19303","19303",3599,3580,3236,-0.100861350375104
"19304","19304",6625,6627,6385,-0.0362264150943396
"19305","19305",2209,2136,2180,-0.0131281122679946
"19306","19306",1967,1967,1967,0
"19307","19307",1740,3678,2659,0.52816091954023
"19309","19309",1810,1810,1667,-0.0790055248618785
"19310","19310",2997,2996,2893,-0.0347013680347014
"19312","19312",2382,2385,2349,-0.0138539042821159
"19314","19314",2735,2662,2654,-0.0296160877513711
"19315","19315",1491,1515,1540,0.0328638497652582
"19316","19316",2118,2118,2139,0.00991501416430595
"19317","19317",3463,3463,3524,0.017614784868611
"19318","19318",4668,4121,3998,-0.143530419880034
"19319","19319",1815,1815,1815,0
"19320","19320",7752,7367,7239,-0.0661764705882353
"19321","19321",2204,2204,2088,-0.0526315789473684
"19323","19323",3124,3123,3121,-0.000960307298335467
"19324","19324",4534,4584,4644,0.0242611380679312
"19325","19325",1646,1647,1480,-0.100850546780073
"19326","19326",5503,5507,5352,-0.0274395784117754
"19327","19327",4893,4531,4618,-0.0562027386061721
"19328","19328",3010,2927,2928,-0.0272425249169435
"19329","19329",2306,2484,2262,-0.0190806591500434
"19330","19330",3175,3183,3076,-0.0311811023622047
"19331","19331",1631,1631,1631,0
"19332","19332",2677,2677,2672,-0.0018677624206201
"19333","19333",2102,2017,2027,-0.0356803044719315
"19335","19335",3130,3131,3104,-0.00830670926517572
"19336","19336",2006,2283,1896,-0.0548354935194417
"19337","19337",1998,2015,1934,-0.032032032032032
"19339","19339",5398,5400,5400,0.000370507595405706
"19340","19340",3119,3122,3122,0.000961846745751844
"19341","19341",1868,1871,1702,-0.088865096359743
"19342","19342",2529,2529,2529,0
"19343","19343",2653,2652,2652,-0.000376931775348662
"19344","19344",1372,1372,1390,0.0131195335276968
"19345","19345",1364,1364,1383,0.0139296187683284
"19346","19346",2734,2735,2737,0.00109729334308705
"19347","19347",7581,6901,6969,-0.0807281361297982
"19348","19348",2055,1947,2215,0.0778588807785888
"19349","19349",1100,1100,1414,0.285454545454545
"19350","19350",2600,2556,2556,-0.0169230769230769
"19351","19351",1828,1854,1854,0.0142231947483589
"19352","19352",6338,6266,6200,-0.0217734301041338
"19353","19353",4519,4518,4721,0.0447001549015269
"19354","19354",1419,1419,1508,0.0627202255109232
"19357","19357",1719,1846,1846,0.0738801628853985
"19358","19358",1707,1707,1769,0.0363210310486233
"19360","19360",2809,2809,2820,0.00391598433606266
"19361","19361",2704,2704,2690,-0.00517751479289941
"19362","19362",2929,2934,2933,0.00136565380675999
"19363","19363",2835,2829,2778,-0.0201058201058201
"19364","19364",1929,1946,1946,0.00881285640228098
"19365","19365",5837,5580,5655,-0.0311804008908686
"19366","19366",2922,2938,2988,0.0225872689938398
"19367","19367",965,965,965,0
"19368","19368",2625,2625,2625,0
"19369","19369",1861,1827,2105,0.131112305212251
"19370","19370",2342,2342,2396,0.0230572160546541
"19371","19371",3445,3450,3429,-0.004644412191582
"19372","19372",4895,4898,4773,-0.024923391215526
"19373","19373",2898,2889,2868,-0.010351966873706
"19374","19374",4557,4557,4328,-0.0502523590081194
"19375","19375",3412,2631,2611,-0.234759671746776
"19376","19376",3343,3341,3390,0.0140592282381095
"19377","19377",2730,2716,2707,-0.00842490842490842
"19378","19378",1386,1386,1239,-0.106060606060606
"19379","19379",2253,2152,2152,-0.0448291167332446
"19380","19380",4137,4150,4142,0.00120860526951898
"19382","19382",4437,4493,4612,0.0394410637818346
"19383","19383",4743,4743,4739,-0.000843348091924942
"19384","19384",2349,2349,2349,0
"19385","19385",4148,4182,4150,0.000482160077145612
"19386","19386",4797,4544,4545,-0.0525328330206379
"19387","19387",3734,4088,3655,-0.0211569362613819
"19389","19389",2537,2524,2565,0.0110366574694521
"19390","19390",4728,4597,4546,-0.0384940778341794
"19391","19391",2632,2632,2569,-0.023936170212766
"19392","19392",8015,8018,8017,0.000249532127261385
"19393","19393",3645,3660,3468,-0.048559670781893
"19394","19394",2932,2884,2885,-0.0160300136425648
"19395","19395",6076,6057,6059,-0.00279789335088874
"19396","19396",2033,2033,2024,-0.0044269552385637
"19397","19397",2674,2677,2690,0.00598354525056096
"19398","19398",2922,2926,3073,0.0516769336071184
"19399","19399",2698,2484,2002,-0.257968865826538
"19400","19400",2096,2090,1894,-0.0963740458015267
"19401","19401",1043,1043,1058,0.0143815915627996
"19402","19402",4056,4056,3943,-0.0278599605522682
"19403","19403",1284,1181,1180,-0.0809968847352025
"19404","19404",2329,2400,2400,0.0304851867754401
"19405","19405",3652,3654,3601,-0.0139649507119387
"19406","19406",4061,4063,4262,0.0494951982270377
"19407","19407",2952,3117,3117,0.0558943089430894
"19408","19408",1570,2137,1950,0.24203821656051
"19409","19409",5932,5870,5641,-0.049055967633176
"19410","19410",2963,2962,2334,-0.21228484643942
"19411","19411",5523,5493,5494,-0.00525076950932464
"19412","19412",807,807,807,0
"19413","19413",3810,3810,3758,-0.0136482939632546
"19414","19414",2872,2873,3024,0.052924791086351
"19415","19415",2240,2240,2241,0.000446428571428571
"19416","19416",1407,1377,1396,-0.007818052594172
"19417","19417",997,998,940,-0.0571715145436309
"19418","19418",5393,5408,5436,0.00797329872056369
"19419","19419",1858,2047,2047,0.101722282023681
"19420","19420",2312,2312,2278,-0.0147058823529412
"19421","19421",2229,2159,2366,0.0614625392552714
"19423","19423",6143,6138,5785,-0.0582777144717565
"19425","19425",3047,3052,3052,0.00164095831965868
"19427","19427",2425,2452,2062,-0.149690721649485
"19428","19428",7428,7463,7714,0.0385029617662897
"19429","19429",2327,2009,2009,-0.136656639449936
"19430","19430",4704,4594,4584,-0.0255102040816327
"19431","19431",5172,5191,5186,0.00270688321732405
"19432","19432",2204,2204,2233,0.0131578947368421
"19433","19433",1517,1518,1518,0.000659195781147001
"19434","19434",2868,2849,3047,0.0624128312412831
"19435","19435",3088,3087,3090,0.000647668393782383
"19436","19436",2254,2252,2657,0.178793256433008
"19437","19437",1007,982,1027,0.0198609731876862
"19438","19438",6549,6142,5919,-0.0961978928080623
"19439","19439",2099,2098,2111,0.00571700809909481
"19440","19440",1982,1981,1798,-0.0928355196770938
"19441","19441",3052,2931,3060,0.00262123197903014
"19442","19442",1527,1527,1096,-0.282252783235102
"19443","19443",3399,3640,3200,-0.0585466313621653
"19444","19444",4227,4227,4260,0.0078069552874379
"19445","19445",1562,1562,1562,0
"19446","19446",9892,9840,9420,-0.0477153255155681
"19447","19447",2901,2900,2939,0.0130989314029645
"19448","19448",3872,3878,3878,0.0015495867768595
"19449","19449",3952,3986,3945,-0.00177125506072874
"19450","19450",4295,4290,4297,0.000465657741559953
"19451","19451",3022,3014,3014,-0.00264725347452019
"19453","19453",1265,1488,1538,0.215810276679842
"19454","19454",5199,5177,5238,0.00750144258511252
"19455","19455",4597,4594,4480,-0.0254513813356537
"19456","19456",978,978,977,-0.00102249488752556
"19457","19457",2346,2093,2126,-0.0937766410912191
"19458","19458",1548,1548,1547,-0.000645994832041344
"19459","19459",2630,2630,2665,0.0133079847908745
"19460","19460",2213,2212,2212,-0.000451875282422052
"19461","19461",1169,1253,1237,0.058169375534645
"19462","19462",1519,1522,1552,0.021724818959842
"19463","19463",2171,2187,2172,0.000460617227084293
"19464","19464",1211,1330,1344,0.109826589595376
"19467","19467",3460,3876,3449,-0.00317919075144509
"19468","19468",1625,1611,1655,0.0184615384615385
"19469","19469",2254,2254,2284,0.0133096716947649
"19470","19470",4497,3708,3837,-0.146764509673115
"19471","19471",1982,1982,1980,-0.00100908173562059
"19472","19472",2174,2178,2179,0.00229990800367985
"19473","19473",3526,3532,3520,-0.00170164492342598
"19474","19474",5098,5085,5377,0.0547273440564927
"19475","19475",1743,1655,1680,-0.036144578313253
"19477","19477",3250,3252,3253,0.000923076923076923
"19478","19478",7962,8180,8048,0.0108013062044712
"19479","19479",2007,1975,1751,-0.127553562531141
"19481","19481",6539,6531,6747,0.0318091451292246
"19482","19482",5881,5882,5805,-0.0129229722836252
"19483","19483",2872,2783,2141,-0.254526462395543
"19484","19484",3737,3728,3730,-0.00187316028900187
"19486","19486",2916,2943,2759,-0.053840877914952
"19487","19487",2333,2593,2593,0.111444492070296
"19488","19488",3209,2987,3126,-0.0258647553755064
"19489","19489",5284,5092,5095,-0.0357683573050719
"19490","19490",1935,1935,1928,-0.00361757105943152
"19491","19491",5126,5392,5467,0.0665236051502146
"19494","19494",2408,2408,2412,0.00166112956810631
"19497","19497",2156,2147,2160,0.00185528756957328
"19498","19498",5435,5447,5615,0.0331186752529899
"19499","19499",4806,4356,4169,-0.132542655014565
"19500","19500",1847,2001,1984,0.0741743367623173
"19501","19501",9202,9093,8997,-0.022277765703108
"19502","19502",4731,4728,4877,0.030860283238216
"19503","19503",2712,2712,2710,-0.000737463126843658
"19505","19505",2977,2760,2790,-0.0628149143432986
"19506","19506",2486,2486,2639,0.0615446500402253
"19507","19507",1780,1781,1781,0.000561797752808989
"19508","19508",5219,5218,5256,0.00708948074343744
"19509","19509",4289,4237,4159,-0.0303100955933784
"19510","19510",1372,1415,1097,-0.200437317784257
"19511","19511",835,840,1124,0.346107784431138
"19512","19512",1818,1847,1838,0.011001100110011
"19513","19513",3688,3115,3145,-0.147234273318872
"19514","19514",1763,1762,1761,-0.00113442994895065
"19515","19515",1313,1603,1335,0.0167555217060168
"19516","19516",2458,2435,2012,-0.181448331977217
"19517","19517",3139,3031,3034,-0.0334501433577572
"19519","19519",4324,4180,4314,-0.00231267345050879
"19521","19521",2073,2073,2052,-0.0101302460202605
"19522","19522",3207,3264,3537,0.10289990645463
"19523","19523",5050,4912,5039,-0.00217821782178218
"19524","19524",5634,5536,5219,-0.0736599219027334
"19525","19525",8144,8127,7792,-0.0432220039292731
"19526","19526",3553,3537,3537,-0.00450323670137912
"19527","19527",6686,6617,6576,-0.0164522883637451
"19528","19528",10573,10689,10274,-0.0282795800624232
"19529","19529",3334,2972,3371,0.0110977804439112
"19530","19530",3184,3179,3198,0.00439698492462312
"19531","19531",3045,3045,3084,0.012807881773399
"19532","19532",6810,6810,6810,0
"19533","19533",5071,4758,4725,-0.0682311181226583
"19534","19534",2292,2293,2268,-0.0104712041884817
"19535","19535",1521,1549,1532,0.00723208415516108
"19536","19536",1978,1938,1938,-0.0202224469160768
"19537","19537",3882,3892,3972,0.0231839258114374
"19539","19539",2131,1401,1401,-0.342562177381511
"19540","19540",1651,1650,1699,0.0290732889158086
"19541","19541",4078,4080,3834,-0.0598332515939186
"19542","19542",2073,2073,2572,0.240713941148095
"19543","19543",1796,1765,1951,0.0863028953229399
"19544","19544",5153,5191,5193,0.00776246846497186
"19545","19545",6115,6115,5994,-0.0197874080130826
"19546","19546",8338,8342,8344,0.000719597025665627
"19547","19547",6610,6606,6603,-0.0010590015128593
"19548","19548",8767,9084,8956,0.0215581156610015
"19549","19549",2141,1878,1267,-0.408220457730033
"19550","19550",1730,1656,1523,-0.119653179190751
"19551","19551",3201,3200,3208,0.00218681661980631
"19552","19552",1746,1746,1741,-0.00286368843069874
"19553","19553",7916,7938,8690,0.0977766548762001
"19554","19554",2178,2178,2124,-0.0247933884297521
"19555","19555",4255,4250,4249,-0.00141010575793184
"19556","19556",1790,1848,1858,0.0379888268156425
"19557","19557",2005,2059,1994,-0.00548628428927681
"19558","19558",3918,3918,3994,0.0193976518631955
"19559","19559",3207,3207,3206,-0.000311817898347365
"19561","19561",2675,2675,2312,-0.135700934579439
"19562","19562",5143,5322,5040,-0.0200272214660704
"19563","19563",1168,1168,1168,0
"19564","19564",4366,4366,4364,-0.000458085203847916
"19565","19565",9463,9464,9453,-0.00105674733171299
"19566","19566",970,987,975,0.00515463917525773
"19567","19567",3407,3111,3085,-0.094511300264162
"19568","19568",2821,2853,2854,0.0116979794399149
"19569","19569",4010,4010,3972,-0.00947630922693267
"19570","19570",1834,1909,1909,0.0408942202835333
"19571","19571",2856,2974,2869,0.00455182072829132
"19572","19572",2048,2049,2051,0.00146484375
"19573","19573",2819,2819,2821,0.000709471443774388
"19574","19574",5661,5664,5689,0.00494612259318142
"19575","19575",7570,7094,7994,0.0560105680317041
"19577","19577",5161,5292,5271,0.0213136988955629
"19578","19578",4835,4839,4849,0.00289555325749741
"19579","19579",4039,4114,3919,-0.0297103243377074
"19580","19580",6194,6472,6477,0.0456893768162738
"19581","19581",1642,1613,1599,-0.0261875761266748
"19582","19582",8396,8373,8367,-0.00345402572653645
"19583","19583",1719,1719,1718,-0.00058173356602676
"19584","19584",5310,5384,5383,0.0137476459510358
"19585","19585",4339,4038,4049,-0.066835676423139
"19586","19586",2636,2569,2502,-0.050834597875569
"19587","19587",2072,2072,1987,-0.041023166023166
"19588","19588",8832,8829,8721,-0.0125679347826087
"19589","19589",1292,1292,1292,0
"19590","19590",1326,1428,1378,0.0392156862745098
"19591","19591",2261,2262,2262,0.000442282176028306
"19592","19592",5007,5392,5700,0.138406231276213
"19593","19593",4418,4381,4156,-0.0593028519692168
"19594","19594",5531,5472,5472,-0.0106671487976858
"19595","19595",2272,2334,2095,-0.0779049295774648
"19596","19596",4317,4203,4041,-0.0639332870048645
"19597","19597",844,844,844,0
"19598","19598",1632,1556,1588,-0.0269607843137255
"19599","19599",7039,6665,6678,-0.0512856939906237
"19600","19600",6398,6281,6440,0.00656455142231947
"19601","19601",4304,4231,3992,-0.0724907063197026
"19602","19602",1467,1408,1439,-0.0190865712338105
"19603","19603",1730,1730,1686,-0.0254335260115607
"19604","19604",1500,1422,1440,-0.04
"19605","19605",2389,2569,2440,0.0213478442863123
"19606","19606",858,858,858,0
"19607","19607",2148,2112,2267,0.0554003724394786
"19608","19608",5697,5607,5697,0
"19609","19609",1941,1940,1940,-0.000515198351365276
"19610","19610",1398,1398,1412,0.0100143061516452
"19611","19611",6128,6099,5949,-0.029210182767624
"19612","19612",3736,3730,4508,0.206638115631692
"19613","19613",3994,3985,3985,-0.00225338007010516
"19614","19614",2729,2726,2924,0.071454745327959
"19615","19615",3032,3035,3106,0.0244063324538259
"19617","19617",1619,1619,1619,0
"19618","19618",2369,1987,1965,-0.170536091177712
"19621","19621",9232,9235,9345,0.0122400346620451
"19622","19622",4036,4189,4298,0.0649157581764123
"19623","19623",1725,1725,1669,-0.032463768115942
"19624","19624",5648,5694,5358,-0.0513456090651558
"19625","19625",1247,1247,1247,0
"19626","19626",1591,1794,1592,0.000628535512256443
"19627","19627",2574,2627,2715,0.0547785547785548
"19629","19629",2323,2323,2324,0.000430477830391735
"19630","19630",1225,1148,1146,-0.0644897959183673
"19631","19631",4988,4972,4959,-0.00581395348837209
"19632","19632",1534,1534,1534,0
"19633","19633",1155,1156,1251,0.0831168831168831
"19634","19634",986,999,999,0.013184584178499
"19635","19635",1797,1797,1797,0
"19636","19636",4921,4921,4651,-0.0548668969721601
"19637","19637",3209,3227,3275,0.0205671548769087
"19638","19638",4001,4002,4064,0.015746063484129
"19639","19639",1124,1134,1134,0.00889679715302491
"19640","19640",5776,5753,5336,-0.0761772853185596
"19641","19641",8571,7728,7724,-0.098821607747054
"19642","19642",1641,1638,1638,-0.00182815356489945
"19643","19643",5802,5819,5823,0.00361944157187177
"19644","19644",1608,1616,1639,0.0192786069651741
"19645","19645",3571,3436,3408,-0.0456454774572949
"19646","19646",5432,5311,5302,-0.0239322533136966
"19647","19647",2804,2804,2232,-0.203994293865906
"19648","19648",1606,1603,1604,-0.0012453300124533
"19649","19649",1120,1216,1101,-0.0169642857142857
"19651","19651",2835,2838,2805,-0.0105820105820106
"19652","19652",1179,1179,1185,0.00508905852417303
"19653","19653",4723,4622,4167,-0.117721786999788
"19654","19654",3790,3790,3793,0.00079155672823219
"19655","19655",4305,4308,4385,0.0185830429732869
"19656","19656",2181,2181,2181,0
"19657","19657",2560,2560,2758,0.07734375
"19658","19658",2756,2656,2657,-0.0359216255442671
"19659","19659",2465,2354,2462,-0.00121703853955375
"19660","19660",1365,1379,1409,0.0322344322344322
"19661","19661",4336,4451,4460,0.0285977859778598
"19662","19662",2255,2255,2309,0.0239467849223947
"19663","19663",7049,7045,6830,-0.0310682366293091
"19664","19664",1164,1162,1164,0
"19665","19665",5926,5892,5899,-0.0045561930475869
"19666","19666",5604,5765,5549,-0.00981441827266238
"19667","19667",3397,3981,3473,0.0223726817780394
"19668","19668",2203,2238,2238,0.0158874262369496
"19669","19669",3823,3823,3823,0
"19670","19670",7522,7492,7535,0.00172826375963839
"19671","19671",3696,3696,3833,0.0370670995670996
"19672","19672",4679,4670,4606,-0.015601624278692
"19673","19673",2246,2254,2262,0.00712377560106857
"19674","19674",2155,2271,2158,0.00139211136890951
"19675","19675",2995,2995,3023,0.00934891485809683
"19676","19676",5162,5227,5302,0.0271212708252615
"19677","19677",3126,3154,2904,-0.0710172744721689
"19678","19678",6064,6054,6034,-0.00494722955145119
"19679","19679",3063,3281,3193,0.0424420502775057
"19680","19680",2891,2888,2887,-0.0013836042891733
"19681","19681",3670,3953,3953,0.0771117166212534
"19682","19682",4847,5023,5008,0.0332164225293996
"19683","19683",1525,1818,1832,0.201311475409836
"19684","19684",1366,1366,1366,0
"19685","19685",2249,2249,2242,-0.00311249444197421
"19686","19686",3529,3435,3515,-0.00396712949844148
"19687","19687",3964,3878,3974,0.00252270433905146
"19688","19688",6261,6262,6261,0
"19689","19689",1682,1682,1818,0.0808561236623068
"19690","19690",1368,1311,1311,-0.0416666666666667
"19691","19691",1563,1562,1569,0.00383877159309021
"19692","19692",4203,4200,4191,-0.00285510349750178
"19693","19693",1866,1864,1864,-0.00107181136120043
"19694","19694",2562,2439,2424,-0.053864168618267
"19695","19695",1732,1731,1868,0.0785219399538106
"19696","19696",3639,3646,3649,0.00274800769442154
"19697","19697",2691,2691,2693,0.000743218134522482
"19698","19698",6673,6673,6679,0.000899145811479095
"19699","19699",2004,2010,2014,0.00499001996007984
"19700","19700",1299,1299,2554,0.96612779060816
"19701","19701",3200,3196,3201,0.0003125
"19702","19702",3357,3135,3109,-0.0738754840631516
"19704","19704",2027,2031,2093,0.0325604341391219
"19705","19705",1722,1694,1694,-0.016260162601626
"19706","19706",9465,9337,9426,-0.00412044374009509
"19707","19707",2653,2361,2425,-0.0859404447794949
"19708","19708",1747,1629,1426,-0.183743560389239
"19709","19709",2349,2349,2349,0
"19710","19710",1335,1154,1341,0.00449438202247191
"19711","19711",6828,6776,6846,0.00263620386643234
"19713","19713",3144,3011,2736,-0.129770992366412
"19714","19714",2159,2003,1943,-0.100046317739694
"19715","19715",1141,1141,1141,0
"19716","19716",5318,5477,5264,-0.010154193305754
"19717","19717",5296,5296,5295,-0.000188821752265861
"19718","19718",4652,4654,4692,0.00859845227858985
"19719","19719",4817,4817,4816,-0.000207598090097571
"19720","19720",2129,2144,2140,0.00516674495068107
"19721","19721",3126,3125,3269,0.045745361484325
"19722","19722",1701,1728,1727,0.0152851263962375
"19723","19723",1584,1575,1543,-0.0258838383838384
"19724","19724",1903,1904,1792,-0.0583289542827115
"19725","19725",5588,5569,5743,0.0277380100214746
"19726","19726",1393,1253,1354,-0.0279971284996411
"19728","19728",1931,1369,1613,-0.16468151216986
"19729","19729",977,977,937,-0.0409416581371546
"19730","19730",3160,3245,3117,-0.0136075949367089
"19731","19731",3771,3765,3830,0.0156457173163617
"19732","19732",1514,1512,1400,-0.0752972258916777
"19733","19733",3117,3117,3117,0
"19734","19734",3364,3430,3469,0.0312128418549346
"19735","19735",4827,4826,4838,0.00227884814584628
"19737","19737",3004,3004,3005,0.00033288948069241
"19738","19738",2105,2105,2181,0.036104513064133
"19739","19739",968,968,968,0
"19740","19740",3473,3365,3109,-0.104808522890872
"19741","19741",5632,5524,5569,-0.0111860795454545
"19742","19742",3665,3656,3761,0.026193724420191
"19743","19743",2638,2653,2641,0.00113722517058378
"19744","19744",2906,3232,2970,0.0220233998623537
"19745","19745",3320,3320,3541,0.066566265060241
"19746","19746",3467,3467,3289,-0.0513412171906547
"19747","19747",2612,2604,2604,-0.00306278713629403
"19748","19748",2773,2773,2637,-0.0490443562928237
"19749","19749",1473,1473,1263,-0.142566191446029
"19750","19750",3569,3753,3753,0.0515550574390586
"19751","19751",5338,5338,5224,-0.0213563132259273
"19752","19752",1069,1027,1009,-0.0561272217025257
"19753","19753",1938,1939,2063,0.064499484004128
"19754","19754",2477,2478,2573,0.0387565603552685
"19755","19755",1427,1424,1420,-0.00490539593552908
"19756","19756",1439,1439,1439,0
"19757","19757",2662,2633,2790,0.048084147257701
"19758","19758",3436,3436,3446,0.00291036088474971
"19759","19759",2762,2764,2769,0.00253439536567705
"19760","19760",2087,2079,2080,-0.00335409678965022
"19761","19761",2057,2057,2181,0.0602819640252795
"19762","19762",2659,2659,2659,0
"19764","19764",1069,1035,1035,-0.0318054256314312
"19765","19765",1773,1755,1751,-0.0124083474337281
"19766","19766",2795,2797,2797,0.000715563506261181
"19767","19767",1836,1851,1830,-0.00326797385620915
"19768","19768",2390,2389,2158,-0.097071129707113
"19769","19769",641,754,754,0.176287051482059
"19770","19770",6701,6702,6757,0.0083569616475153
"19771","19771",3056,3056,3056,0
"19773","19773",1808,1808,1808,0
"19774","19774",6059,6059,6088,0.0047862683611157
"19775","19775",4422,4427,4386,-0.00814111261872456
"19776","19776",1244,1368,1410,0.133440514469453
"19777","19777",1206,1258,1306,0.0829187396351575
"19778","19778",1491,1491,1487,-0.00268276324614353
"19779","19779",2191,2191,2191,0
"19780","19780",5690,5230,5714,0.00421792618629174
"19781","19781",5448,5318,5267,-0.033223201174743
"19782","19782",3202,3196,3191,-0.00343535290443473
"19783","19783",4900,4839,4763,-0.0279591836734694
"19784","19784",9512,9550,9481,-0.00325904121110177
"19785","19785",1772,1772,1597,-0.0987584650112867
"19786","19786",3960,3960,3770,-0.047979797979798
"19787","19787",3447,3375,3379,-0.0197272991006672
"19788","19788",2071,2288,2174,0.0497344278126509
"19789","19789",2696,2696,2698,0.000741839762611276
"19790","19790",3934,3874,3969,0.00889679715302491
"19791","19791",5076,5070,4815,-0.0514184397163121
"19793","19793",3663,3880,3887,0.0611520611520611
"19794","19794",2367,2367,2367,0
"19795","19795",2112,2117,2126,0.00662878787878788
"19796","19796",10095,10120,10154,0.00584447746409113
"19797","19797",2078,2089,2008,-0.0336862367661213
"19798","19798",4590,4825,4483,-0.0233115468409586
"19799","19799",3073,2237,2283,-0.257077774162057
"19800","19800",3180,3175,3168,-0.00377358490566038
"19801","19801",2566,2853,2564,-0.000779423226812159
"19802","19802",3862,3847,3966,0.0269290523045054
"19803","19803",2159,2007,2007,-0.0704029643353404
"19804","19804",2285,2285,2285,0
"19805","19805",1244,1244,1244,0
"19806","19806",6932,6972,6828,-0.015002885170225
"19807","19807",4250,4247,4247,-0.000705882352941177
"19808","19808",4427,4243,4312,-0.0259769595662977
"19809","19809",2318,2318,2315,-0.00129421915444349
"19810","19810",5292,5278,5192,-0.018896447467876
"19811","19811",6728,6641,6655,-0.0108501783590963
"19812","19812",1581,1601,1639,0.036685641998735
"19813","19813",2499,2498,2092,-0.162865146058423
"19814","19814",1660,1662,1487,-0.10421686746988
"19815","19815",7468,7146,6974,-0.066148901981789
"19817","19817",3129,3653,3465,0.10738255033557
"19818","19818",2319,2319,2136,-0.0789133247089263
"19819","19819",4221,4376,4676,0.107794361525705
"19820","19820",1333,1333,1403,0.0525131282820705
"19821","19821",2891,2890,2943,0.0179868557592529
"19822","19822",3761,3900,3760,-0.000265886732252061
"19824","19824",2932,2932,2933,0.00034106412005457
"19825","19825",5665,5665,5663,-0.000353045013239188
"19826","19826",2603,2470,2482,-0.0464848252016904
"19828","19828",4516,4486,4487,-0.00642161204605846
"19829","19829",4503,4570,4516,0.00288696424605818
"19830","19830",4586,3909,4103,-0.105320540776276
"19831","19831",1329,1329,1354,0.018811136192626
"19832","19832",2024,2023,2043,0.00938735177865613
"19833","19833",8330,8067,7855,-0.0570228091236495
"19834","19834",1168,1168,1056,-0.0958904109589041
"19835","19835",5388,5389,5460,0.0133630289532294
"19837","19837",2356,2351,1871,-0.205857385398981
"19839","19839",2423,2423,2623,0.0825423029302517
"19840","19840",2148,2148,2148,0
"19841","19841",1824,1826,1795,-0.0158991228070175
"19842","19842",4750,4777,5054,0.064
"19843","19843",4967,4984,4702,-0.0533521240185222
"19844","19844",2155,2181,2142,-0.00603248259860789
"19845","19845",5380,5382,5323,-0.0105947955390335
"19846","19846",2783,2782,2750,-0.0118577075098814
"19847","19847",4185,4184,4233,0.0114695340501792
"19848","19848",2134,2152,1864,-0.126522961574508
"19849","19849",2211,2211,2520,0.139755766621438
"19850","19850",2620,2536,3209,0.224809160305344
"19851","19851",1564,1564,1401,-0.104219948849105
"19852","19852",2571,2176,2174,-0.154414624659665
"19853","19853",808,808,808,0
"19854","19854",1428,1335,1335,-0.0651260504201681
"19855","19855",2754,2754,2982,0.0827886710239651
"19856","19856",3444,3440,3447,0.000871080139372822
"19857","19857",6451,6468,6517,0.0102309719423345
"19858","19858",2914,2963,2825,-0.0305422100205903
"19859","19859",3455,3483,3855,0.115774240231548
"19860","19860",2003,2003,2035,0.0159760359460809
"19861","19861",10323,10320,10099,-0.021699118473312
"19863","19863",1665,1665,1664,-0.000600600600600601
"19864","19864",3724,3718,3717,-0.0018796992481203
"19865","19865",5421,4896,4844,-0.106437926581811
"19866","19866",1133,1133,1134,0.00088261253309797
"19867","19867",3714,3795,3943,0.0616585891222402
"19868","19868",3476,3476,3576,0.0287686996547756
"19869","19869",3496,3496,3362,-0.0383295194508009
"19871","19871",2984,2436,2303,-0.228217158176944
"19872","19872",10710,10714,11026,0.0295051353874883
"19873","19873",3578,3578,3578,0
"19874","19874",1178,1215,1172,-0.00509337860780985
"19875","19875",4814,4062,4068,-0.154964686331533
"19876","19876",3164,3164,3253,0.0281289506953224
"19877","19877",2386,2385,2464,0.0326906957250629
"19878","19878",3719,3719,3728,0.00242000537778973
"19879","19879",8153,8218,7641,-0.0627989697044033
"19880","19880",2566,2565,2776,0.0818394388152767
"19881","19881",2656,2658,2669,0.00489457831325301
"19882","19882",1903,1903,1903,0
"19883","19883",4083,4083,4093,0.00244917952485917
"19884","19884",3824,3820,3854,0.00784518828451883
"19885","19885",3472,3464,3471,-0.000288018433179724
"19886","19886",2590,2590,2586,-0.00154440154440154
"19887","19887",2314,2313,2299,-0.00648228176318064
"19888","19888",2387,2384,2384,-0.00125680770842061
"19889","19889",2744,2776,2781,0.0134839650145773
"19890","19890",4006,4009,4106,0.0249625561657514
"19891","19891",2486,2481,2088,-0.160096540627514
"19892","19892",3278,3278,3281,0.000915192190359976
"19893","19893",4169,4168,4250,0.0194291196929719
"19894","19894",2191,2191,2206,0.00684618895481515
"19895","19895",9684,9074,9454,-0.0237505163155721
"19896","19896",6125,6129,6103,-0.00359183673469388
"19897","19897",2291,2292,2014,-0.12090790048014
"19899","19899",1371,1371,1668,0.216630196936543
"19900","19900",3195,3352,3310,0.0359937402190923
"19902","19902",863,863,863,0
"19903","19903",3934,3803,3752,-0.0462633451957295
"19904","19904",1513,1794,1794,0.185723727693325
"19906","19906",2061,2064,2064,0.00145560407569141
"19907","19907",3356,3384,3282,-0.0220500595947557
"19908","19908",3696,3703,3731,0.00946969696969697
"19909","19909",980,970,969,-0.0112244897959184
"19910","19910",2597,2599,2599,0.000770119368502118
"19911","19911",4287,4196,4196,-0.0212269652437602
"19912","19912",4412,4413,4414,0.000453309156844968
"19913","19913",1128,1128,1128,0
"19915","19915",1618,1619,1619,0.000618046971569839
"19916","19916",3500,3498,3407,-0.0265714285714286
"19917","19917",3750,3753,3727,-0.00613333333333333
"19918","19918",3370,3442,3367,-0.000890207715133531
"19919","19919",1811,1811,1811,0
"19920","19920",2203,2201,2201,-0.000907852927825692
"19921","19921",2566,2571,2558,-0.00311769290724864
"19922","19922",1737,1712,1722,-0.00863557858376511
"19924","19924",1518,1086,1087,-0.283926218708827
"19925","19925",1877,1816,1881,0.00213106020245072
"19926","19926",1034,1053,1046,0.011605415860735
"19927","19927",2330,2186,2199,-0.0562231759656652
"19928","19928",2627,2642,2544,-0.0315949752569471
"19929","19929",1944,1944,1947,0.00154320987654321
"19930","19930",2567,2535,2567,0
"19931","19931",10409,10409,10252,-0.0150831011624556
"19932","19932",6494,6409,5936,-0.0859254696643055
"19933","19933",2014,2015,2004,-0.00496524329692155
"19935","19935",4508,4526,4557,0.0108695652173913
"19936","19936",2562,2562,2129,-0.169008587041374
"19937","19937",2648,2649,2649,0.000377643504531722
"19938","19938",817,818,818,0.00122399020807834
"19940","19940",1087,1087,1087,0
"19941","19941",1586,1591,1591,0.00315258511979823
"19943","19943",2549,2515,2520,-0.0113770105923892
"19944","19944",1279,1283,1986,0.552775605942142
"19945","19945",2777,2699,2685,-0.0331292761973353
"19946","19946",2891,2891,2983,0.0318228986509858
"19947","19947",5802,5789,5751,-0.00879007238883144
"19948","19948",4529,4810,4592,0.0139103554868624
"19949","19949",2218,2452,2145,-0.0329125338142471
"19950","19950",2343,2355,2314,-0.0123772940674349
"19951","19951",2518,2513,2513,-0.00198570293884035
"19952","19952",3832,3335,3217,-0.160490605427975
"19953","19953",3539,3539,3538,-0.000282565696524442
"19954","19954",2977,2976,3066,0.0298958683238159
"19955","19955",3783,3785,3846,0.0166534496431404
"19956","19956",2668,2668,2705,0.0138680659670165
"19957","19957",2750,2750,2690,-0.0218181818181818
"19958","19958",6171,6136,6180,0.00145843461351483
"19959","19959",1925,1926,1925,0
"19960","19960",2899,2754,2678,-0.0762331838565022
"19961","19961",9131,9218,9745,0.0672434563574636
"19962","19962",1233,1233,1233,0
"19963","19963",2139,2183,2179,0.018700327255727
"19964","19964",1708,1708,1795,0.0509367681498829
"19965","19965",2054,2058,2187,0.0647517039922103
"19966","19966",3923,3923,3496,-0.108845271475911
"19967","19967",2290,2565,2178,-0.0489082969432314
"19968","19968",4364,4422,4488,0.0284142988084326
"19969","19969",1282,1282,1282,0
"19970","19970",1245,1245,1349,0.0835341365461847
"19971","19971",9666,9689,9436,-0.0237947444651355
"19972","19972",827,827,838,0.0133010882708585
"19973","19973",3119,3100,3336,0.06957358127605
"19974","19974",2472,2651,2371,-0.0408576051779935
"19975","19975",2661,2587,2568,-0.0349492671927847
"19976","19976",5796,5795,5572,-0.0386473429951691
"19977","19977",2648,2648,2597,-0.0192598187311178
"19978","19978",2408,2463,2628,0.0913621262458472
"19979","19979",7534,7500,7150,-0.050968940801699
"19980","19980",2639,2768,2760,0.0458507010231148
"19981","19981",4781,4782,4806,0.00522903158335076
"19982","19982",2777,2923,2777,0
"19983","19983",7002,6997,6995,-0.000999714367323622
"19984","19984",2166,2166,2170,0.00184672206832872
"19985","19985",3079,3079,3132,0.0172133809678467
"19986","19986",2624,2595,2597,-0.0102896341463415
"19987","19987",1588,1421,1467,-0.0761964735516373
"19989","19989",9721,9383,9298,-0.0435140417652505
"19990","19990",2544,2548,2518,-0.0102201257861635
"19991","19991",2450,2450,2429,-0.00857142857142857
"19993","19993",7313,7374,7136,-0.0242034732667852
"19994","19994",2171,2171,2187,0.00736987563334869
"19995","19995",4244,3925,4262,0.00424128180961357
"19996","19996",4642,4582,4729,0.0187419215855235
"19998","19998",1902,1902,1902,0
"19999","19999",2143,2143,2140,-0.00139990667288847
"20000","20000",5635,5666,5713,0.0138420585625555
