{
"type": "FeatureCollection",
"name": "lod1",
"crs": { "type": "name", "properties": { "name": "urn:ogc:def:crs:OGC:1.3:CRS84" } },
"features": [
{ "type": "Feature", "properties": { "tile": "europe/w045_n65_w040_n60" }, "geometry": { "type": "Polygon", "coordinates": [ [ [ -40.0, 60.0 ], [ -40.0, 65.0 ], [ -45.0, 65.0 ], [ -45.0, 60.0 ], [ -40.0, 60.0 ] ] ] } },
{ "type": "Feature", "properties": { "tile": "europe/e035_n45_e040_n40" }, "geometry": { "type": "Polygon", "coordinates": [ [ [ 40.0, 40.0 ], [ 40.0, 45.0 ], [ 35.0, 45.0 ], [ 35.0, 40.0 ], [ 40.0, 40.0 ] ] ] } },
{ "type": "Feature", "properties": { "tile": "europe/e045_n55_e050_n50" }, "geometry": { "type": "Polygon", "coordinates": [ [ [ 50.0, 50.0 ], [ 50.0, 55.0 ], [ 45.0, 55.0 ], [ 45.0, 50.0 ], [ 50.0, 50.0 ] ] ] } },
{ "type": "Feature", "properties": { "tile": "europe/e010_n50_e015_n45" }, "geometry": { "type": "Polygon", "coordinates": [ [ [ 15.0, 45.0 ], [ 15.0, 50.0 ], [ 10.0, 50.0 ], [ 10.0, 45.0 ], [ 15.0, 45.0 ] ] ] } },
{ "type": "Feature", "properties": { "tile": "europe/e030_n45_e035_n40" }, "geometry": { "type": "Polygon", "coordinates": [ [ [ 35.0, 40.0 ], [ 35.0, 45.0 ], [ 30.0, 45.0 ], [ 30.0, 40.0 ], [ 35.0, 40.0 ] ] ] } },
{ "type": "Feature", "properties": { "tile": "europe/e005_n60_e010_n55" }, "geometry": { "type": "Polygon", "coordinates": [ [ [ 10.0, 55.0 ], [ 10.0, 60.0 ], [ 5.0, 60.0 ], [ 5.0, 55.0 ], [ 10.0, 55.0 ] ] ] } },
{ "type": "Feature", "properties": { "tile": "europe/e055_n45_e060_n40" }, "geometry": { "type": "Polygon", "coordinates": [ [ [ 60.0, 40.0 ], [ 60.0, 45.0 ], [ 55.0, 45.0 ], [ 55.0, 40.0 ], [ 60.0, 40.0 ] ] ] } },
{ "type": "Feature", "properties": { "tile": "europe/e025_n75_e030_n70" }, "geometry": { "type": "Polygon", "coordinates": [ [ [ 30.0, 70.0 ], [ 30.0, 75.0 ], [ 25.0, 75.0 ], [ 25.0, 70.0 ], [ 30.0, 70.0 ] ] ] } },
{ "type": "Feature", "properties": { "tile": "europe/e030_n60_e035_n55" }, "geometry": { "type": "Polygon", "coordinates": [ [ [ 35.0, 55.0 ], [ 35.0, 60.0 ], [ 30.0, 60.0 ], [ 30.0, 55.0 ], [ 35.0, 55.0 ] ] ] } },
{ "type": "Feature", "properties": { "tile": "europe/e000_n60_e005_n55" }, "geometry": { "type": "Polygon", "coordinates": [ [ [ 5.0, 55.0 ], [ 5.0, 60.0 ], [ 0.0, 60.0 ], [ 0.0, 55.0 ], [ 5.0, 55.0 ] ] ] } },
{ "type": "Feature", "properties": { "tile": "europe/e045_n70_e050_n65" }, "geometry": { "type": "Polygon", "coordinates": [ [ [ 50.0, 65.0 ], [ 50.0, 70.0 ], [ 45.0, 70.0 ], [ 45.0, 65.0 ], [ 50.0, 65.0 ] ] ] } },
{ "type": "Feature", "properties": { "tile": "europe/e010_n70_e015_n65" }, "geometry": { "type": "Polygon", "coordinates": [ [ [ 15.0, 65.0 ], [ 15.0, 70.0 ], [ 10.0, 70.0 ], [ 10.0, 65.0 ], [ 15.0, 65.0 ] ] ] } },
{ "type": "Feature", "properties": { "tile": "europe/e035_n60_e040_n55" }, "geometry": { "type": "Polygon", "coordinates": [ [ [ 40.0, 55.0 ], [ 40.0, 60.0 ], [ 35.0, 60.0 ], [ 35.0, 55.0 ], [ 40.0, 55.0 ] ] ] } },
{ "type": "Feature", "properties": { "tile": "europe/e040_n65_e045_n60" }, "geometry": { "type": "Polygon", "coordinates": [ [ [ 45.0, 60.0 ], [ 45.0, 65.0 ], [ 40.0, 65.0 ], [ 40.0, 60.0 ], [ 45.0, 60.0 ] ] ] } },
{ "type": "Feature", "properties": { "tile": "europe/e025_n60_e030_n55" }, "geometry": { "type": "Polygon", "coordinates": [ [ [ 30.0, 55.0 ], [ 30.0, 60.0 ], [ 25.0, 60.0 ], [ 25.0, 55.0 ], [ 30.0, 55.0 ] ] ] } },
{ "type": "Feature", "properties": { "tile": "europe/e050_n65_e055_n60" }, "geometry": { "type": "Polygon", "coordinates": [ [ [ 55.0, 60.0 ], [ 55.0, 65.0 ], [ 50.0, 65.0 ], [ 50.0, 60.0 ], [ 55.0, 60.0 ] ] ] } },
{ "type": "Feature", "properties": { "tile": "europe/w010_n60_w005_n55" }, "geometry": { "type": "Polygon", "coordinates": [ [ [ -5.0, 55.0 ], [ -5.0, 60.0 ], [ -10.0, 60.0 ], [ -10.0, 55.0 ], [ -5.0, 55.0 ] ] ] } },
{ "type": "Feature", "properties": { "tile": "europe/w015_n65_w010_n60" }, "geometry": { "type": "Polygon", "coordinates": [ [ [ -10.0, 60.0 ], [ -10.0, 65.0 ], [ -15.0, 65.0 ], [ -15.0, 60.0 ], [ -10.0, 60.0 ] ] ] } },
{ "type": "Feature", "properties": { "tile": "europe/w005_n45_e000_n40" }, "geometry": { "type": "Polygon", "coordinates": [ [ [ 0.0, 40.0 ], [ 0.0, 45.0 ], [ -5.0, 45.0 ], [ -5.0, 40.0 ], [ 0.0, 40.0 ] ] ] } },
{ "type": "Feature", "properties": { "tile": "europe/e030_n50_e035_n45" }, "geometry": { "type": "Polygon", "coordinates": [ [ [ 35.0, 45.0 ], [ 35.0, 50.0 ], [ 30.0, 50.0 ], [ 30.0, 45.0 ], [ 35.0, 45.0 ] ] ] } },
{ "type": "Feature", "properties": { "tile": "europe/e030_n75_e035_n70" }, "geometry": { "type": "Polygon", "coordinates": [ [ [ 35.0, 70.0 ], [ 35.0, 75.0 ], [ 30.0, 75.0 ], [ 30.0, 70.0 ], [ 35.0, 70.0 ] ] ] } },
{ "type": "Feature", "properties": { "tile": "europe/w005_n55_e000_n50" }, "geometry": { "type": "Polygon", "coordinates": [ [ [ 0.0, 50.0 ], [ 0.0, 55.0 ], [ -5.0, 55.0 ], [ -5.0, 50.0 ], [ 0.0, 50.0 ] ] ] } },
{ "type": "Feature", "properties": { "tile": "europe/w020_n65_w015_n60" }, "geometry": { "type": "Polygon", "coordinates": [ [ [ -15.0, 60.0 ], [ -15.0, 65.0 ], [ -20.0, 65.0 ], [ -20.0, 60.0 ], [ -15.0, 60.0 ] ] ] } },
{ "type": "Feature", "properties": { "tile": "europe/w005_n50_e000_n45" }, "geometry": { "type": "Polygon", "coordinates": [ [ [ 0.0, 45.0 ], [ 0.0, 50.0 ], [ -5.0, 50.0 ], [ -5.0, 45.0 ], [ 0.0, 45.0 ] ] ] } },
{ "type": "Feature", "properties": { "tile": "europe/e055_n60_e060_n55" }, "geometry": { "type": "Polygon", "coordinates": [ [ [ 60.0, 55.0 ], [ 60.0, 60.0 ], [ 55.0, 60.0 ], [ 55.0, 55.0 ], [ 60.0, 55.0 ] ] ] } },
{ "type": "Feature", "properties": { "tile": "europe/e035_n50_e040_n45" }, "geometry": { "type": "Polygon", "coordinates": [ [ [ 40.0, 45.0 ], [ 40.0, 50.0 ], [ 35.0, 50.0 ], [ 35.0, 45.0 ], [ 40.0, 45.0 ] ] ] } },
{ "type": "Feature", "properties": { "tile": "europe/w005_n65_e000_n60" }, "geometry": { "type": "Polygon", "coordinates": [ [ [ 0.0, 60.0 ], [ 0.0, 65.0 ], [ -5.0, 65.0 ], [ -5.0, 60.0 ], [ 0.0, 60.0 ] ] ] } },
{ "type": "Feature", "properties": { "tile": "europe/e025_n55_e030_n50" }, "geometry": { "type": "Polygon", "coordinates": [ [ [ 30.0, 50.0 ], [ 30.0, 55.0 ], [ 25.0, 55.0 ], [ 25.0, 50.0 ], [ 30.0, 50.0 ] ] ] } },
{ "type": "Feature", "properties": { "tile": "europe/e015_n65_e020_n60" }, "geometry": { "type": "Polygon", "coordinates": [ [ [ 20.0, 60.0 ], [ 20.0, 65.0 ], [ 15.0, 65.0 ], [ 15.0, 60.0 ], [ 20.0, 60.0 ] ] ] } },
{ "type": "Feature", "properties": { "tile": "europe/e020_n55_e025_n50" }, "geometry": { "type": "Polygon", "coordinates": [ [ [ 25.0, 50.0 ], [ 25.0, 55.0 ], [ 20.0, 55.0 ], [ 20.0, 50.0 ], [ 25.0, 50.0 ] ] ] } },
{ "type": "Feature", "properties": { "tile": "europe/e055_n50_e060_n45" }, "geometry": { "type": "Polygon", "coordinates": [ [ [ 60.0, 45.0 ], [ 60.0, 50.0 ], [ 55.0, 50.0 ], [ 55.0, 45.0 ], [ 60.0, 45.0 ] ] ] } },
{ "type": "Feature", "properties": { "tile": "europe/e050_n45_e055_n40" }, "geometry": { "type": "Polygon", "coordinates": [ [ [ 55.0, 40.0 ], [ 55.0, 45.0 ], [ 50.0, 45.0 ], [ 50.0, 40.0 ], [ 55.0, 40.0 ] ] ] } },
{ "type": "Feature", "properties": { "tile": "europe/w015_n70_w010_n65" }, "geometry": { "type": "Polygon", "coordinates": [ [ [ -10.0, 65.0 ], [ -10.0, 70.0 ], [ -15.0, 70.0 ], [ -15.0, 65.0 ], [ -10.0, 65.0 ] ] ] } },
{ "type": "Feature", "properties": { "tile": "europe/e015_n75_e020_n70" }, "geometry": { "type": "Polygon", "coordinates": [ [ [ 20.0, 70.0 ], [ 20.0, 75.0 ], [ 15.0, 75.0 ], [ 15.0, 70.0 ], [ 20.0, 70.0 ] ] ] } },
{ "type": "Feature", "properties": { "tile": "europe/e030_n55_e035_n50" }, "geometry": { "type": "Polygon", "coordinates": [ [ [ 35.0, 50.0 ], [ 35.0, 55.0 ], [ 30.0, 55.0 ], [ 30.0, 50.0 ], [ 35.0, 50.0 ] ] ] } },
{ "type": "Feature", "properties": { "tile": "europe/e005_n45_e010_n40" }, "geometry": { "type": "Polygon", "coordinates": [ [ [ 10.0, 40.0 ], [ 10.0, 45.0 ], [ 5.0, 45.0 ], [ 5.0, 40.0 ], [ 10.0, 40.0 ] ] ] } },
{ "type": "Feature", "properties": { "tile": "europe/e035_n65_e040_n60" }, "geometry": { "type": "Polygon", "coordinates": [ [ [ 40.0, 60.0 ], [ 40.0, 65.0 ], [ 35.0, 65.0 ], [ 35.0, 60.0 ], [ 40.0, 60.0 ] ] ] } },
{ "type": "Feature", "properties": { "tile": "europe/e025_n45_e030_n40" }, "geometry": { "type": "Polygon", "coordinates": [ [ [ 30.0, 40.0 ], [ 30.0, 45.0 ], [ 25.0, 45.0 ], [ 25.0, 40.0 ], [ 30.0, 40.0 ] ] ] } },
{ "type": "Feature", "properties": { "tile": "europe/e015_n60_e020_n55" }, "geometry": { "type": "Polygon", "coordinates": [ [ [ 20.0, 55.0 ], [ 20.0, 60.0 ], [ 15.0, 60.0 ], [ 15.0, 55.0 ], [ 20.0, 55.0 ] ] ] } },
{ "type": "Feature", "properties": { "tile": "europe/e045_n60_e050_n55" }, "geometry": { "type": "Polygon", "coordinates": [ [ [ 50.0, 55.0 ], [ 50.0, 60.0 ], [ 45.0, 60.0 ], [ 45.0, 55.0 ], [ 50.0, 55.0 ] ] ] } },
{ "type": "Feature", "properties": { "tile": "europe/e020_n50_e025_n45" }, "geometry": { "type": "Polygon", "coordinates": [ [ [ 25.0, 45.0 ], [ 25.0, 50.0 ], [ 20.0, 50.0 ], [ 20.0, 45.0 ], [ 25.0, 45.0 ] ] ] } },
{ "type": "Feature", "properties": { "tile": "europe/e020_n60_e025_n55" }, "geometry": { "type": "Polygon", "coordinates": [ [ [ 25.0, 55.0 ], [ 25.0, 60.0 ], [ 20.0, 60.0 ], [ 20.0, 55.0 ], [ 25.0, 55.0 ] ] ] } },
{ "type": "Feature", "properties": { "tile": "europe/w010_n50_w005_n45" }, "geometry": { "type": "Polygon", "coordinates": [ [ [ -5.0, 45.0 ], [ -5.0, 50.0 ], [ -10.0, 50.0 ], [ -10.0, 45.0 ], [ -5.0, 45.0 ] ] ] } },
{ "type": "Feature", "properties": { "tile": "europe/w015_n55_w010_n50" }, "geometry": { "type": "Polygon", "coordinates": [ [ [ -10.0, 50.0 ], [ -10.0, 55.0 ], [ -15.0, 55.0 ], [ -15.0, 50.0 ], [ -10.0, 50.0 ] ] ] } },
{ "type": "Feature", "properties": { "tile": "europe/e040_n55_e045_n50" }, "geometry": { "type": "Polygon", "coordinates": [ [ [ 45.0, 50.0 ], [ 45.0, 55.0 ], [ 40.0, 55.0 ], [ 40.0, 50.0 ], [ 45.0, 50.0 ] ] ] } },
{ "type": "Feature", "properties": { "tile": "europe/e020_n65_e025_n60" }, "geometry": { "type": "Polygon", "coordinates": [ [ [ 25.0, 60.0 ], [ 25.0, 65.0 ], [ 20.0, 65.0 ], [ 20.0, 60.0 ], [ 25.0, 60.0 ] ] ] } },
{ "type": "Feature", "properties": { "tile": "europe/w010_n55_w005_n50" }, "geometry": { "type": "Polygon", "coordinates": [ [ [ -5.0, 50.0 ], [ -5.0, 55.0 ], [ -10.0, 55.0 ], [ -10.0, 50.0 ], [ -5.0, 50.0 ] ] ] } },
{ "type": "Feature", "properties": { "tile": "europe/e000_n55_e005_n50" }, "geometry": { "type": "Polygon", "coordinates": [ [ [ 5.0, 50.0 ], [ 5.0, 55.0 ], [ 0.0, 55.0 ], [ 0.0, 50.0 ], [ 5.0, 50.0 ] ] ] } },
{ "type": "Feature", "properties": { "tile": "europe/e010_n45_e015_n40" }, "geometry": { "type": "Polygon", "coordinates": [ [ [ 15.0, 40.0 ], [ 15.0, 45.0 ], [ 10.0, 45.0 ], [ 10.0, 40.0 ], [ 15.0, 40.0 ] ] ] } },
{ "type": "Feature", "properties": { "tile": "europe/e050_n50_e055_n45" }, "geometry": { "type": "Polygon", "coordinates": [ [ [ 55.0, 45.0 ], [ 55.0, 50.0 ], [ 50.0, 50.0 ], [ 50.0, 45.0 ], [ 55.0, 45.0 ] ] ] } },
{ "type": "Feature", "properties": { "tile": "europe/e010_n55_e015_n50" }, "geometry": { "type": "Polygon", "coordinates": [ [ [ 15.0, 50.0 ], [ 15.0, 55.0 ], [ 10.0, 55.0 ], [ 10.0, 50.0 ], [ 15.0, 50.0 ] ] ] } },
{ "type": "Feature", "properties": { "tile": "europe/e020_n70_e025_n65" }, "geometry": { "type": "Polygon", "coordinates": [ [ [ 25.0, 65.0 ], [ 25.0, 70.0 ], [ 20.0, 70.0 ], [ 20.0, 65.0 ], [ 25.0, 65.0 ] ] ] } },
{ "type": "Feature", "properties": { "tile": "europe/e030_n65_e035_n60" }, "geometry": { "type": "Polygon", "coordinates": [ [ [ 35.0, 60.0 ], [ 35.0, 65.0 ], [ 30.0, 65.0 ], [ 30.0, 60.0 ], [ 35.0, 60.0 ] ] ] } },
{ "type": "Feature", "properties": { "tile": "europe/e050_n70_e055_n65" }, "geometry": { "type": "Polygon", "coordinates": [ [ [ 55.0, 65.0 ], [ 55.0, 70.0 ], [ 50.0, 70.0 ], [ 50.0, 65.0 ], [ 55.0, 65.0 ] ] ] } },
{ "type": "Feature", "properties": { "tile": "europe/e040_n60_e045_n55" }, "geometry": { "type": "Polygon", "coordinates": [ [ [ 45.0, 55.0 ], [ 45.0, 60.0 ], [ 40.0, 60.0 ], [ 40.0, 55.0 ], [ 45.0, 55.0 ] ] ] } },
{ "type": "Feature", "properties": { "tile": "europe/e010_n60_e015_n55" }, "geometry": { "type": "Polygon", "coordinates": [ [ [ 15.0, 55.0 ], [ 15.0, 60.0 ], [ 10.0, 60.0 ], [ 10.0, 55.0 ], [ 15.0, 55.0 ] ] ] } },
{ "type": "Feature", "properties": { "tile": "europe/e005_n50_e010_n45" }, "geometry": { "type": "Polygon", "coordinates": [ [ [ 10.0, 45.0 ], [ 10.0, 50.0 ], [ 5.0, 50.0 ], [ 5.0, 45.0 ], [ 10.0, 45.0 ] ] ] } },
{ "type": "Feature", "properties": { "tile": "europe/e015_n70_e020_n65" }, "geometry": { "type": "Polygon", "coordinates": [ [ [ 20.0, 65.0 ], [ 20.0, 70.0 ], [ 15.0, 70.0 ], [ 15.0, 65.0 ], [ 20.0, 65.0 ] ] ] } },
{ "type": "Feature", "properties": { "tile": "europe/e045_n65_e050_n60" }, "geometry": { "type": "Polygon", "coordinates": [ [ [ 50.0, 60.0 ], [ 50.0, 65.0 ], [ 45.0, 65.0 ], [ 45.0, 60.0 ], [ 50.0, 60.0 ] ] ] } },
{ "type": "Feature", "properties": { "tile": "europe/e050_n55_e055_n50" }, "geometry": { "type": "Polygon", "coordinates": [ [ [ 55.0, 50.0 ], [ 55.0, 55.0 ], [ 50.0, 55.0 ], [ 50.0, 50.0 ], [ 55.0, 50.0 ] ] ] } },
{ "type": "Feature", "properties": { "tile": "europe/e025_n70_e030_n65" }, "geometry": { "type": "Polygon", "coordinates": [ [ [ 30.0, 65.0 ], [ 30.0, 70.0 ], [ 25.0, 70.0 ], [ 25.0, 65.0 ], [ 30.0, 65.0 ] ] ] } },
{ "type": "Feature", "properties": { "tile": "europe/w025_n65_w020_n60" }, "geometry": { "type": "Polygon", "coordinates": [ [ [ -20.0, 60.0 ], [ -20.0, 65.0 ], [ -25.0, 65.0 ], [ -25.0, 60.0 ], [ -20.0, 60.0 ] ] ] } },
{ "type": "Feature", "properties": { "tile": "europe/e055_n65_e060_n60" }, "geometry": { "type": "Polygon", "coordinates": [ [ [ 60.0, 60.0 ], [ 60.0, 65.0 ], [ 55.0, 65.0 ], [ 55.0, 60.0 ], [ 60.0, 60.0 ] ] ] } },
{ "type": "Feature", "properties": { "tile": "europe/e055_n75_e060_n70" }, "geometry": { "type": "Polygon", "coordinates": [ [ [ 60.0, 70.0 ], [ 60.0, 75.0 ], [ 55.0, 75.0 ], [ 55.0, 70.0 ], [ 60.0, 70.0 ] ] ] } },
{ "type": "Feature", "properties": { "tile": "europe/e040_n50_e045_n45" }, "geometry": { "type": "Polygon", "coordinates": [ [ [ 45.0, 45.0 ], [ 45.0, 50.0 ], [ 40.0, 50.0 ], [ 40.0, 45.0 ], [ 45.0, 45.0 ] ] ] } },
{ "type": "Feature", "properties": { "tile": "europe/e020_n75_e025_n70" }, "geometry": { "type": "Polygon", "coordinates": [ [ [ 25.0, 70.0 ], [ 25.0, 75.0 ], [ 20.0, 75.0 ], [ 20.0, 70.0 ], [ 25.0, 70.0 ] ] ] } },
{ "type": "Feature", "properties": { "tile": "europe/w010_n45_w005_n40" }, "geometry": { "type": "Polygon", "coordinates": [ [ [ -5.0, 40.0 ], [ -5.0, 45.0 ], [ -10.0, 45.0 ], [ -10.0, 40.0 ], [ -5.0, 40.0 ] ] ] } },
{ "type": "Feature", "properties": { "tile": "europe/e015_n55_e020_n50" }, "geometry": { "type": "Polygon", "coordinates": [ [ [ 20.0, 50.0 ], [ 20.0, 55.0 ], [ 15.0, 55.0 ], [ 15.0, 50.0 ], [ 20.0, 50.0 ] ] ] } },
{ "type": "Feature", "properties": { "tile": "europe/e010_n65_e015_n60" }, "geometry": { "type": "Polygon", "coordinates": [ [ [ 15.0, 60.0 ], [ 15.0, 65.0 ], [ 10.0, 65.0 ], [ 10.0, 60.0 ], [ 15.0, 60.0 ] ] ] } },
{ "type": "Feature", "properties": { "tile": "europe/e035_n70_e040_n65" }, "geometry": { "type": "Polygon", "coordinates": [ [ [ 40.0, 65.0 ], [ 40.0, 70.0 ], [ 35.0, 70.0 ], [ 35.0, 65.0 ], [ 40.0, 65.0 ] ] ] } },
{ "type": "Feature", "properties": { "tile": "europe/e050_n75_e055_n70" }, "geometry": { "type": "Polygon", "coordinates": [ [ [ 55.0, 70.0 ], [ 55.0, 75.0 ], [ 50.0, 75.0 ], [ 50.0, 70.0 ], [ 55.0, 70.0 ] ] ] } },
{ "type": "Feature", "properties": { "tile": "europe/e005_n55_e010_n50" }, "geometry": { "type": "Polygon", "coordinates": [ [ [ 10.0, 50.0 ], [ 10.0, 55.0 ], [ 5.0, 55.0 ], [ 5.0, 50.0 ], [ 10.0, 50.0 ] ] ] } },
{ "type": "Feature", "properties": { "tile": "europe/e030_n70_e035_n65" }, "geometry": { "type": "Polygon", "coordinates": [ [ [ 35.0, 65.0 ], [ 35.0, 70.0 ], [ 30.0, 70.0 ], [ 30.0, 65.0 ], [ 35.0, 65.0 ] ] ] } },
{ "type": "Feature", "properties": { "tile": "europe/w025_n70_w020_n65" }, "geometry": { "type": "Polygon", "coordinates": [ [ [ -20.0, 65.0 ], [ -20.0, 70.0 ], [ -25.0, 70.0 ], [ -25.0, 65.0 ], [ -20.0, 65.0 ] ] ] } },
{ "type": "Feature", "properties": { "tile": "europe/e040_n70_e045_n65" }, "geometry": { "type": "Polygon", "coordinates": [ [ [ 45.0, 65.0 ], [ 45.0, 70.0 ], [ 40.0, 70.0 ], [ 40.0, 65.0 ], [ 45.0, 65.0 ] ] ] } },
{ "type": "Feature", "properties": { "tile": "europe/w005_n60_e000_n55" }, "geometry": { "type": "Polygon", "coordinates": [ [ [ 0.0, 55.0 ], [ 0.0, 60.0 ], [ -5.0, 60.0 ], [ -5.0, 55.0 ], [ 0.0, 55.0 ] ] ] } },
{ "type": "Feature", "properties": { "tile": "europe/e055_n55_e060_n50" }, "geometry": { "type": "Polygon", "coordinates": [ [ [ 60.0, 50.0 ], [ 60.0, 55.0 ], [ 55.0, 55.0 ], [ 55.0, 50.0 ], [ 60.0, 50.0 ] ] ] } },
{ "type": "Feature", "properties": { "tile": "europe/e040_n45_e045_n40" }, "geometry": { "type": "Polygon", "coordinates": [ [ [ 45.0, 40.0 ], [ 45.0, 45.0 ], [ 40.0, 45.0 ], [ 40.0, 40.0 ], [ 45.0, 40.0 ] ] ] } },
{ "type": "Feature", "properties": { "tile": "europe/e045_n50_e050_n45" }, "geometry": { "type": "Polygon", "coordinates": [ [ [ 50.0, 45.0 ], [ 50.0, 50.0 ], [ 45.0, 50.0 ], [ 45.0, 45.0 ], [ 50.0, 45.0 ] ] ] } },
{ "type": "Feature", "properties": { "tile": "europe/e025_n50_e030_n45" }, "geometry": { "type": "Polygon", "coordinates": [ [ [ 30.0, 45.0 ], [ 30.0, 50.0 ], [ 25.0, 50.0 ], [ 25.0, 45.0 ], [ 30.0, 45.0 ] ] ] } },
{ "type": "Feature", "properties": { "tile": "europe/e055_n70_e060_n65" }, "geometry": { "type": "Polygon", "coordinates": [ [ [ 60.0, 65.0 ], [ 60.0, 70.0 ], [ 55.0, 70.0 ], [ 55.0, 65.0 ], [ 60.0, 65.0 ] ] ] } },
{ "type": "Feature", "properties": { "tile": "europe/w010_n65_w005_n60" }, "geometry": { "type": "Polygon", "coordinates": [ [ [ -5.0, 60.0 ], [ -5.0, 65.0 ], [ -10.0, 65.0 ], [ -10.0, 60.0 ], [ -5.0, 60.0 ] ] ] } },
{ "type": "Feature", "properties": { "tile": "europe/w020_n70_w015_n65" }, "geometry": { "type": "Polygon", "coordinates": [ [ [ -15.0, 65.0 ], [ -15.0, 70.0 ], [ -20.0, 70.0 ], [ -20.0, 65.0 ], [ -15.0, 65.0 ] ] ] } },
{ "type": "Feature", "properties": { "tile": "europe/e025_n65_e030_n60" }, "geometry": { "type": "Polygon", "coordinates": [ [ [ 30.0, 60.0 ], [ 30.0, 65.0 ], [ 25.0, 65.0 ], [ 25.0, 60.0 ], [ 30.0, 60.0 ] ] ] } },
{ "type": "Feature", "properties": { "tile": "europe/e000_n65_e005_n60" }, "geometry": { "type": "Polygon", "coordinates": [ [ [ 5.0, 60.0 ], [ 5.0, 65.0 ], [ 0.0, 65.0 ], [ 0.0, 60.0 ], [ 5.0, 60.0 ] ] ] } },
{ "type": "Feature", "properties": { "tile": "europe/e020_n45_e025_n40" }, "geometry": { "type": "Polygon", "coordinates": [ [ [ 25.0, 40.0 ], [ 25.0, 45.0 ], [ 20.0, 45.0 ], [ 20.0, 40.0 ], [ 25.0, 40.0 ] ] ] } },
{ "type": "Feature", "properties": { "tile": "europe/e000_n50_e005_n45" }, "geometry": { "type": "Polygon", "coordinates": [ [ [ 5.0, 45.0 ], [ 5.0, 50.0 ], [ 0.0, 50.0 ], [ 0.0, 45.0 ], [ 5.0, 45.0 ] ] ] } },
{ "type": "Feature", "properties": { "tile": "europe/e045_n45_e050_n40" }, "geometry": { "type": "Polygon", "coordinates": [ [ [ 50.0, 40.0 ], [ 50.0, 45.0 ], [ 45.0, 45.0 ], [ 45.0, 40.0 ], [ 50.0, 40.0 ] ] ] } },
{ "type": "Feature", "properties": { "tile": "europe/e000_n45_e005_n40" }, "geometry": { "type": "Polygon", "coordinates": [ [ [ 5.0, 40.0 ], [ 5.0, 45.0 ], [ 0.0, 45.0 ], [ 0.0, 40.0 ], [ 5.0, 40.0 ] ] ] } },
{ "type": "Feature", "properties": { "tile": "europe/e015_n50_e020_n45" }, "geometry": { "type": "Polygon", "coordinates": [ [ [ 20.0, 45.0 ], [ 20.0, 50.0 ], [ 15.0, 50.0 ], [ 15.0, 45.0 ], [ 20.0, 45.0 ] ] ] } },
{ "type": "Feature", "properties": { "tile": "europe/e005_n65_e010_n60" }, "geometry": { "type": "Polygon", "coordinates": [ [ [ 10.0, 60.0 ], [ 10.0, 65.0 ], [ 5.0, 65.0 ], [ 5.0, 60.0 ], [ 10.0, 60.0 ] ] ] } },
{ "type": "Feature", "properties": { "tile": "europe/e015_n45_e020_n40" }, "geometry": { "type": "Polygon", "coordinates": [ [ [ 20.0, 40.0 ], [ 20.0, 45.0 ], [ 15.0, 45.0 ], [ 15.0, 40.0 ], [ 20.0, 40.0 ] ] ] } },
{ "type": "Feature", "properties": { "tile": "europe/e050_n60_e055_n55" }, "geometry": { "type": "Polygon", "coordinates": [ [ [ 55.0, 55.0 ], [ 55.0, 60.0 ], [ 50.0, 60.0 ], [ 50.0, 55.0 ], [ 55.0, 55.0 ] ] ] } },
{ "type": "Feature", "properties": { "tile": "europe/e035_n55_e040_n50" }, "geometry": { "type": "Polygon", "coordinates": [ [ [ 40.0, 50.0 ], [ 40.0, 55.0 ], [ 35.0, 55.0 ], [ 35.0, 50.0 ], [ 40.0, 50.0 ] ] ] } },
{ "type": "Feature", "properties": { "tile": "asiaeast/e145_n20_e150_n15" }, "geometry": { "type": "Polygon", "coordinates": [ [ [ 150.0, 15.0 ], [ 150.0, 20.0 ], [ 145.0, 20.0 ], [ 145.0, 15.0 ], [ 150.0, 15.0 ] ] ] } },
{ "type": "Feature", "properties": { "tile": "asiaeast/e115_n35_e120_n30" }, "geometry": { "type": "Polygon", "coordinates": [ [ [ 120.0, 30.0 ], [ 120.0, 35.0 ], [ 115.0, 35.0 ], [ 115.0, 30.0 ], [ 120.0, 30.0 ] ] ] } },
{ "type": "Feature", "properties": { "tile": "asiaeast/e110_n45_e115_n40" }, "geometry": { "type": "Polygon", "coordinates": [ [ [ 115.0, 40.0 ], [ 115.0, 45.0 ], [ 110.0, 45.0 ], [ 110.0, 40.0 ], [ 115.0, 40.0 ] ] ] } },
{ "type": "Feature", "properties": { "tile": "asiaeast/e155_n10_e160_n05" }, "geometry": { "type": "Polygon", "coordinates": [ [ [ 160.0, 5.0 ], [ 160.0, 10.0 ], [ 155.0, 10.0 ], [ 155.0, 5.0 ], [ 160.0, 5.0 ] ] ] } },
{ "type": "Feature", "properties": { "tile": "asiaeast/e120_n65_e125_n60" }, "geometry": { "type": "Polygon", "coordinates": [ [ [ 125.0, 60.0 ], [ 125.0, 65.0 ], [ 120.0, 65.0 ], [ 120.0, 60.0 ], [ 125.0, 60.0 ] ] ] } },
{ "type": "Feature", "properties": { "tile": "asiaeast/e130_n10_e135_n05" }, "geometry": { "type": "Polygon", "coordinates": [ [ [ 135.0, 5.0 ], [ 135.0, 10.0 ], [ 130.0, 10.0 ], [ 130.0, 5.0 ], [ 135.0, 5.0 ] ] ] } },
{ "type": "Feature", "properties": { "tile": "asiaeast/e145_n50_e150_n45" }, "geometry": { "type": "Polygon", "coordinates": [ [ [ 150.0, 45.0 ], [ 150.0, 50.0 ], [ 145.0, 50.0 ], [ 145.0, 45.0 ], [ 150.0, 45.0 ] ] ] } },
{ "type": "Feature", "properties": { "tile": "asiaeast/e150_n65_e155_n60" }, "geometry": { "type": "Polygon", "coordinates": [ [ [ 155.0, 60.0 ], [ 155.0, 65.0 ], [ 150.0, 65.0 ], [ 150.0, 60.0 ], [ 155.0, 60.0 ] ] ] } },
{ "type": "Feature", "properties": { "tile": "asiaeast/e125_n35_e130_n30" }, "geometry": { "type": "Polygon", "coordinates": [ [ [ 130.0, 30.0 ], [ 130.0, 35.0 ], [ 125.0, 35.0 ], [ 125.0, 30.0 ], [ 130.0, 30.0 ] ] ] } },
{ "type": "Feature", "properties": { "tile": "asiaeast/e140_n10_e145_n05" }, "geometry": { "type": "Polygon", "coordinates": [ [ [ 145.0, 5.0 ], [ 145.0, 10.0 ], [ 140.0, 10.0 ], [ 140.0, 5.0 ], [ 145.0, 5.0 ] ] ] } },
{ "type": "Feature", "properties": { "tile": "asiaeast/e165_n65_e170_n60" }, "geometry": { "type": "Polygon", "coordinates": [ [ [ 170.0, 60.0 ], [ 170.0, 65.0 ], [ 165.0, 65.0 ], [ 165.0, 60.0 ], [ 170.0, 60.0 ] ] ] } },
{ "type": "Feature", "properties": { "tile": "asiaeast/e140_n65_e145_n60" }, "geometry": { "type": "Polygon", "coordinates": [ [ [ 145.0, 60.0 ], [ 145.0, 65.0 ], [ 140.0, 65.0 ], [ 140.0, 60.0 ], [ 145.0, 60.0 ] ] ] } },
{ "type": "Feature", "properties": { "tile": "asiaeast/e110_n35_e115_n30" }, "geometry": { "type": "Polygon", "coordinates": [ [ [ 115.0, 30.0 ], [ 115.0, 35.0 ], [ 110.0, 35.0 ], [ 110.0, 30.0 ], [ 115.0, 30.0 ] ] ] } },
{ "type": "Feature", "properties": { "tile": "asiaeast/e140_n55_e145_n50" }, "geometry": { "type": "Polygon", "coordinates": [ [ [ 145.0, 50.0 ], [ 145.0, 55.0 ], [ 140.0, 55.0 ], [ 140.0, 50.0 ], [ 145.0, 50.0 ] ] ] } },
{ "type": "Feature", "properties": { "tile": "asiaeast/e135_n45_e140_n40" }, "geometry": { "type": "Polygon", "coordinates": [ [ [ 140.0, 40.0 ], [ 140.0, 45.0 ], [ 135.0, 45.0 ], [ 135.0, 40.0 ], [ 140.0, 40.0 ] ] ] } },
{ "type": "Feature", "properties": { "tile": "asiaeast/e150_n50_e155_n45" }, "geometry": { "type": "Polygon", "coordinates": [ [ [ 155.0, 45.0 ], [ 155.0, 50.0 ], [ 150.0, 50.0 ], [ 150.0, 45.0 ], [ 155.0, 45.0 ] ] ] } },
{ "type": "Feature", "properties": { "tile": "asiaeast/e175_n70_e180_n65" }, "geometry": { "type": "Polygon", "coordinates": [ [ [ 180.0, 65.0 ], [ 180.0, 70.0 ], [ 175.0, 70.0 ], [ 175.0, 65.0 ], [ 180.0, 65.0 ] ] ] } },
{ "type": "Feature", "properties": { "tile": "asiaeast/e155_n65_e160_n60" }, "geometry": { "type": "Polygon", "coordinates": [ [ [ 160.0, 60.0 ], [ 160.0, 65.0 ], [ 155.0, 65.0 ], [ 155.0, 60.0 ], [ 160.0, 60.0 ] ] ] } },
{ "type": "Feature", "properties": { "tile": "asiaeast/e115_n45_e120_n40" }, "geometry": { "type": "Polygon", "coordinates": [ [ [ 120.0, 40.0 ], [ 120.0, 45.0 ], [ 115.0, 45.0 ], [ 115.0, 40.0 ], [ 120.0, 40.0 ] ] ] } },
{ "type": "Feature", "properties": { "tile": "asiaeast/e160_n65_e165_n60" }, "geometry": { "type": "Polygon", "coordinates": [ [ [ 165.0, 60.0 ], [ 165.0, 65.0 ], [ 160.0, 65.0 ], [ 160.0, 60.0 ], [ 165.0, 60.0 ] ] ] } },
{ "type": "Feature", "properties": { "tile": "asiaeast/e155_n70_e160_n65" }, "geometry": { "type": "Polygon", "coordinates": [ [ [ 160.0, 65.0 ], [ 160.0, 70.0 ], [ 155.0, 70.0 ], [ 155.0, 65.0 ], [ 160.0, 65.0 ] ] ] } },
{ "type": "Feature", "properties": { "tile": "asiaeast/e115_n10_e120_n05" }, "geometry": { "type": "Polygon", "coordinates": [ [ [ 120.0, 5.0 ], [ 120.0, 10.0 ], [ 115.0, 10.0 ], [ 115.0, 5.0 ], [ 120.0, 5.0 ] ] ] } },
{ "type": "Feature", "properties": { "tile": "asiaeast/e140_n30_e145_n25" }, "geometry": { "type": "Polygon", "coordinates": [ [ [ 145.0, 25.0 ], [ 145.0, 30.0 ], [ 140.0, 30.0 ], [ 140.0, 25.0 ], [ 145.0, 25.0 ] ] ] } },
{ "type": "Feature", "properties": { "tile": "asiaeast/e120_n25_e125_n20" }, "geometry": { "type": "Polygon", "coordinates": [ [ [ 125.0, 20.0 ], [ 125.0, 25.0 ], [ 120.0, 25.0 ], [ 120.0, 20.0 ], [ 125.0, 20.0 ] ] ] } },
{ "type": "Feature", "properties": { "tile": "asiaeast/e135_n55_e140_n50" }, "geometry": { "type": "Polygon", "coordinates": [ [ [ 140.0, 50.0 ], [ 140.0, 55.0 ], [ 135.0, 55.0 ], [ 135.0, 50.0 ], [ 140.0, 50.0 ] ] ] } },
{ "type": "Feature", "properties": { "tile": "asiaeast/e165_n60_e170_n55" }, "geometry": { "type": "Polygon", "coordinates": [ [ [ 170.0, 55.0 ], [ 170.0, 60.0 ], [ 165.0, 60.0 ], [ 165.0, 55.0 ], [ 170.0, 55.0 ] ] ] } },
{ "type": "Feature", "properties": { "tile": "asiaeast/e120_n40_e125_n35" }, "geometry": { "type": "Polygon", "coordinates": [ [ [ 125.0, 35.0 ], [ 125.0, 40.0 ], [ 120.0, 40.0 ], [ 120.0, 35.0 ], [ 125.0, 35.0 ] ] ] } },
{ "type": "Feature", "properties": { "tile": "asiaeast/e115_n70_e120_n65" }, "geometry": { "type": "Polygon", "coordinates": [ [ [ 120.0, 65.0 ], [ 120.0, 70.0 ], [ 115.0, 70.0 ], [ 115.0, 65.0 ], [ 120.0, 65.0 ] ] ] } },
{ "type": "Feature", "properties": { "tile": "asiaeast/e125_n40_e130_n35" }, "geometry": { "type": "Polygon", "coordinates": [ [ [ 130.0, 35.0 ], [ 130.0, 40.0 ], [ 125.0, 40.0 ], [ 125.0, 35.0 ], [ 130.0, 35.0 ] ] ] } },
{ "type": "Feature", "properties": { "tile": "asiaeast/e110_n15_e115_n10" }, "geometry": { "type": "Polygon", "coordinates": [ [ [ 115.0, 10.0 ], [ 115.0, 15.0 ], [ 110.0, 15.0 ], [ 110.0, 10.0 ], [ 115.0, 10.0 ] ] ] } },
{ "type": "Feature", "properties": { "tile": "asiaeast/e120_n35_e125_n30" }, "geometry": { "type": "Polygon", "coordinates": [ [ [ 125.0, 30.0 ], [ 125.0, 35.0 ], [ 120.0, 35.0 ], [ 120.0, 30.0 ], [ 125.0, 30.0 ] ] ] } },
{ "type": "Feature", "properties": { "tile": "asiaeast/e140_n45_e145_n40" }, "geometry": { "type": "Polygon", "coordinates": [ [ [ 145.0, 40.0 ], [ 145.0, 45.0 ], [ 140.0, 45.0 ], [ 140.0, 40.0 ], [ 145.0, 40.0 ] ] ] } },
{ "type": "Feature", "properties": { "tile": "asiaeast/e130_n35_e135_n30" }, "geometry": { "type": "Polygon", "coordinates": [ [ [ 135.0, 30.0 ], [ 135.0, 35.0 ], [ 130.0, 35.0 ], [ 130.0, 30.0 ], [ 135.0, 30.0 ] ] ] } },
{ "type": "Feature", "properties": { "tile": "asiaeast/e115_n75_e120_n70" }, "geometry": { "type": "Polygon", "coordinates": [ [ [ 120.0, 70.0 ], [ 120.0, 75.0 ], [ 115.0, 75.0 ], [ 115.0, 70.0 ], [ 120.0, 70.0 ] ] ] } },
{ "type": "Feature", "properties": { "tile": "asiaeast/e125_n45_e130_n40" }, "geometry": { "type": "Polygon", "coordinates": [ [ [ 130.0, 40.0 ], [ 130.0, 45.0 ], [ 125.0, 45.0 ], [ 125.0, 40.0 ], [ 130.0, 40.0 ] ] ] } },
{ "type": "Feature", "properties": { "tile": "asiaeast/e110_n20_e115_n15" }, "geometry": { "type": "Polygon", "coordinates": [ [ [ 115.0, 15.0 ], [ 115.0, 20.0 ], [ 110.0, 20.0 ], [ 110.0, 15.0 ], [ 115.0, 15.0 ] ] ] } },
{ "type": "Feature", "properties": { "tile": "asiaeast/e120_n10_e125_n05" }, "geometry": { "type": "Polygon", "coordinates": [ [ [ 125.0, 5.0 ], [ 125.0, 10.0 ], [ 120.0, 10.0 ], [ 120.0, 5.0 ], [ 125.0, 5.0 ] ] ] } },
{ "type": "Feature", "properties": { "tile": "asiaeast/e125_n30_e130_n25" }, "geometry": { "type": "Polygon", "coordinates": [ [ [ 130.0, 25.0 ], [ 130.0, 30.0 ], [ 125.0, 30.0 ], [ 125.0, 25.0 ], [ 130.0, 25.0 ] ] ] } },
{ "type": "Feature", "properties": { "tile": "asiaeast/e130_n50_e135_n45" }, "geometry": { "type": "Polygon", "coordinates": [ [ [ 135.0, 45.0 ], [ 135.0, 50.0 ], [ 130.0, 50.0 ], [ 130.0, 45.0 ], [ 135.0, 45.0 ] ] ] } },
{ "type": "Feature", "properties": { "tile": "asiaeast/e115_n55_e120_n50" }, "geometry": { "type": "Polygon", "coordinates": [ [ [ 120.0, 50.0 ], [ 120.0, 55.0 ], [ 115.0, 55.0 ], [ 115.0, 50.0 ], [ 120.0, 50.0 ] ] ] } },
{ "type": "Feature", "properties": { "tile": "asiaeast/e135_n35_e140_n30" }, "geometry": { "type": "Polygon", "coordinates": [ [ [ 140.0, 30.0 ], [ 140.0, 35.0 ], [ 135.0, 35.0 ], [ 135.0, 30.0 ], [ 140.0, 30.0 ] ] ] } },
{ "type": "Feature", "properties": { "tile": "asiaeast/e120_n60_e125_n55" }, "geometry": { "type": "Polygon", "coordinates": [ [ [ 125.0, 55.0 ], [ 125.0, 60.0 ], [ 120.0, 60.0 ], [ 120.0, 55.0 ], [ 125.0, 55.0 ] ] ] } },
{ "type": "Feature", "properties": { "tile": "asiaeast/e115_n20_e120_n15" }, "geometry": { "type": "Polygon", "coordinates": [ [ [ 120.0, 15.0 ], [ 120.0, 20.0 ], [ 115.0, 20.0 ], [ 115.0, 15.0 ], [ 120.0, 15.0 ] ] ] } },
{ "type": "Feature", "properties": { "tile": "asiaeast/e170_n75_e175_n70" }, "geometry": { "type": "Polygon", "coordinates": [ [ [ 175.0, 70.0 ], [ 175.0, 75.0 ], [ 170.0, 75.0 ], [ 170.0, 70.0 ], [ 175.0, 70.0 ] ] ] } },
{ "type": "Feature", "properties": { "tile": "asiaeast/e145_n65_e150_n60" }, "geometry": { "type": "Polygon", "coordinates": [ [ [ 150.0, 60.0 ], [ 150.0, 65.0 ], [ 145.0, 65.0 ], [ 145.0, 60.0 ], [ 150.0, 60.0 ] ] ] } },
{ "type": "Feature", "properties": { "tile": "asiaeast/e125_n50_e130_n45" }, "geometry": { "type": "Polygon", "coordinates": [ [ [ 130.0, 45.0 ], [ 130.0, 50.0 ], [ 125.0, 50.0 ], [ 125.0, 45.0 ], [ 130.0, 45.0 ] ] ] } },
{ "type": "Feature", "properties": { "tile": "asiaeast/e135_n40_e140_n35" }, "geometry": { "type": "Polygon", "coordinates": [ [ [ 140.0, 35.0 ], [ 140.0, 40.0 ], [ 135.0, 40.0 ], [ 135.0, 35.0 ], [ 140.0, 35.0 ] ] ] } },
{ "type": "Feature", "properties": { "tile": "asiaeast/e115_n40_e120_n35" }, "geometry": { "type": "Polygon", "coordinates": [ [ [ 120.0, 35.0 ], [ 120.0, 40.0 ], [ 115.0, 40.0 ], [ 115.0, 35.0 ], [ 120.0, 35.0 ] ] ] } },
{ "type": "Feature", "properties": { "tile": "asiaeast/e120_n45_e125_n40" }, "geometry": { "type": "Polygon", "coordinates": [ [ [ 125.0, 40.0 ], [ 125.0, 45.0 ], [ 120.0, 45.0 ], [ 120.0, 40.0 ], [ 125.0, 40.0 ] ] ] } },
{ "type": "Feature", "properties": { "tile": "asiaeast/e135_n10_e140_n05" }, "geometry": { "type": "Polygon", "coordinates": [ [ [ 140.0, 5.0 ], [ 140.0, 10.0 ], [ 135.0, 10.0 ], [ 135.0, 5.0 ], [ 140.0, 5.0 ] ] ] } },
{ "type": "Feature", "properties": { "tile": "asiaeast/e145_n45_e150_n40" }, "geometry": { "type": "Polygon", "coordinates": [ [ [ 150.0, 40.0 ], [ 150.0, 45.0 ], [ 145.0, 45.0 ], [ 145.0, 40.0 ], [ 150.0, 40.0 ] ] ] } },
{ "type": "Feature", "properties": { "tile": "asiaeast/e130_n40_e135_n35" }, "geometry": { "type": "Polygon", "coordinates": [ [ [ 135.0, 35.0 ], [ 135.0, 40.0 ], [ 130.0, 40.0 ], [ 130.0, 35.0 ], [ 135.0, 35.0 ] ] ] } },
{ "type": "Feature", "properties": { "tile": "asiaeast/e125_n25_e130_n20" }, "geometry": { "type": "Polygon", "coordinates": [ [ [ 130.0, 20.0 ], [ 130.0, 25.0 ], [ 125.0, 25.0 ], [ 125.0, 20.0 ], [ 130.0, 20.0 ] ] ] } },
{ "type": "Feature", "properties": { "tile": "asiaeast/e140_n75_e145_n70" }, "geometry": { "type": "Polygon", "coordinates": [ [ [ 145.0, 70.0 ], [ 145.0, 75.0 ], [ 140.0, 75.0 ], [ 140.0, 70.0 ], [ 145.0, 70.0 ] ] ] } },
{ "type": "Feature", "properties": { "tile": "asiaeast/e115_n25_e120_n20" }, "geometry": { "type": "Polygon", "coordinates": [ [ [ 120.0, 20.0 ], [ 120.0, 25.0 ], [ 115.0, 25.0 ], [ 115.0, 20.0 ], [ 120.0, 20.0 ] ] ] } },
{ "type": "Feature", "properties": { "tile": "asiaeast/e120_n55_e125_n50" }, "geometry": { "type": "Polygon", "coordinates": [ [ [ 125.0, 50.0 ], [ 125.0, 55.0 ], [ 120.0, 55.0 ], [ 120.0, 50.0 ], [ 125.0, 50.0 ] ] ] } },
{ "type": "Feature", "properties": { "tile": "asiaeast/e135_n75_e140_n70" }, "geometry": { "type": "Polygon", "coordinates": [ [ [ 140.0, 70.0 ], [ 140.0, 75.0 ], [ 135.0, 75.0 ], [ 135.0, 70.0 ], [ 140.0, 70.0 ] ] ] } },
{ "type": "Feature", "properties": { "tile": "asiaeast/e145_n10_e150_n05" }, "geometry": { "type": "Polygon", "coordinates": [ [ [ 150.0, 5.0 ], [ 150.0, 10.0 ], [ 145.0, 10.0 ], [ 145.0, 5.0 ], [ 150.0, 5.0 ] ] ] } },
{ "type": "Feature", "properties": { "tile": "asiaeast/e150_n75_e155_n70" }, "geometry": { "type": "Polygon", "coordinates": [ [ [ 155.0, 70.0 ], [ 155.0, 75.0 ], [ 150.0, 75.0 ], [ 150.0, 70.0 ], [ 155.0, 70.0 ] ] ] } },
{ "type": "Feature", "properties": { "tile": "asiaeast/e140_n70_e145_n65" }, "geometry": { "type": "Polygon", "coordinates": [ [ [ 145.0, 65.0 ], [ 145.0, 70.0 ], [ 140.0, 70.0 ], [ 140.0, 65.0 ], [ 145.0, 65.0 ] ] ] } },
{ "type": "Feature", "properties": { "tile": "asiaeast/e160_n10_e165_n05" }, "geometry": { "type": "Polygon", "coordinates": [ [ [ 165.0, 5.0 ], [ 165.0, 10.0 ], [ 160.0, 10.0 ], [ 160.0, 5.0 ], [ 165.0, 5.0 ] ] ] } },
{ "type": "Feature", "properties": { "tile": "asiaeast/e135_n60_e140_n55" }, "geometry": { "type": "Polygon", "coordinates": [ [ [ 140.0, 55.0 ], [ 140.0, 60.0 ], [ 135.0, 60.0 ], [ 135.0, 55.0 ], [ 140.0, 55.0 ] ] ] } },
{ "type": "Feature", "properties": { "tile": "asiaeast/e130_n75_e135_n70" }, "geometry": { "type": "Polygon", "coordinates": [ [ [ 135.0, 70.0 ], [ 135.0, 75.0 ], [ 130.0, 75.0 ], [ 130.0, 70.0 ], [ 135.0, 70.0 ] ] ] } },
{ "type": "Feature", "properties": { "tile": "asiaeast/e135_n70_e140_n65" }, "geometry": { "type": "Polygon", "coordinates": [ [ [ 140.0, 65.0 ], [ 140.0, 70.0 ], [ 135.0, 70.0 ], [ 135.0, 65.0 ], [ 140.0, 65.0 ] ] ] } },
{ "type": "Feature", "properties": { "tile": "asiaeast/e110_n55_e115_n50" }, "geometry": { "type": "Polygon", "coordinates": [ [ [ 115.0, 50.0 ], [ 115.0, 55.0 ], [ 110.0, 55.0 ], [ 110.0, 50.0 ], [ 115.0, 50.0 ] ] ] } },
{ "type": "Feature", "properties": { "tile": "asiaeast/e120_n75_e125_n70" }, "geometry": { "type": "Polygon", "coordinates": [ [ [ 125.0, 70.0 ], [ 125.0, 75.0 ], [ 120.0, 75.0 ], [ 120.0, 70.0 ], [ 125.0, 70.0 ] ] ] } },
{ "type": "Feature", "properties": { "tile": "asiaeast/e110_n40_e115_n35" }, "geometry": { "type": "Polygon", "coordinates": [ [ [ 115.0, 35.0 ], [ 115.0, 40.0 ], [ 110.0, 40.0 ], [ 110.0, 35.0 ], [ 115.0, 35.0 ] ] ] } },
{ "type": "Feature", "properties": { "tile": "asiaeast/e125_n65_e130_n60" }, "geometry": { "type": "Polygon", "coordinates": [ [ [ 130.0, 60.0 ], [ 130.0, 65.0 ], [ 125.0, 65.0 ], [ 125.0, 60.0 ], [ 130.0, 60.0 ] ] ] } },
{ "type": "Feature", "properties": { "tile": "asiaeast/e110_n75_e115_n70" }, "geometry": { "type": "Polygon", "coordinates": [ [ [ 115.0, 70.0 ], [ 115.0, 75.0 ], [ 110.0, 75.0 ], [ 110.0, 70.0 ], [ 115.0, 70.0 ] ] ] } },
{ "type": "Feature", "properties": { "tile": "asiaeast/e115_n65_e120_n60" }, "geometry": { "type": "Polygon", "coordinates": [ [ [ 120.0, 60.0 ], [ 120.0, 65.0 ], [ 115.0, 65.0 ], [ 115.0, 60.0 ], [ 120.0, 60.0 ] ] ] } },
{ "type": "Feature", "properties": { "tile": "asiaeast/e125_n70_e130_n65" }, "geometry": { "type": "Polygon", "coordinates": [ [ [ 130.0, 65.0 ], [ 130.0, 70.0 ], [ 125.0, 70.0 ], [ 125.0, 65.0 ], [ 130.0, 65.0 ] ] ] } },
{ "type": "Feature", "properties": { "tile": "asiaeast/e115_n15_e120_n10" }, "geometry": { "type": "Polygon", "coordinates": [ [ [ 120.0, 10.0 ], [ 120.0, 15.0 ], [ 115.0, 15.0 ], [ 115.0, 10.0 ], [ 120.0, 10.0 ] ] ] } },
{ "type": "Feature", "properties": { "tile": "asiaeast/e125_n55_e130_n50" }, "geometry": { "type": "Polygon", "coordinates": [ [ [ 130.0, 50.0 ], [ 130.0, 55.0 ], [ 125.0, 55.0 ], [ 125.0, 50.0 ], [ 130.0, 50.0 ] ] ] } },
{ "type": "Feature", "properties": { "tile": "asiaeast/e150_n60_e155_n55" }, "geometry": { "type": "Polygon", "coordinates": [ [ [ 155.0, 55.0 ], [ 155.0, 60.0 ], [ 150.0, 60.0 ], [ 150.0, 55.0 ], [ 155.0, 55.0 ] ] ] } },
{ "type": "Feature", "properties": { "tile": "asiaeast/e155_n55_e160_n50" }, "geometry": { "type": "Polygon", "coordinates": [ [ [ 160.0, 50.0 ], [ 160.0, 55.0 ], [ 155.0, 55.0 ], [ 155.0, 50.0 ], [ 160.0, 50.0 ] ] ] } },
{ "type": "Feature", "properties": { "tile": "asiaeast/e120_n70_e125_n65" }, "geometry": { "type": "Polygon", "coordinates": [ [ [ 125.0, 65.0 ], [ 125.0, 70.0 ], [ 120.0, 70.0 ], [ 120.0, 65.0 ], [ 125.0, 65.0 ] ] ] } },
{ "type": "Feature", "properties": { "tile": "asiaeast/e130_n70_e135_n65" }, "geometry": { "type": "Polygon", "coordinates": [ [ [ 135.0, 65.0 ], [ 135.0, 70.0 ], [ 130.0, 70.0 ], [ 130.0, 65.0 ], [ 135.0, 65.0 ] ] ] } },
{ "type": "Feature", "properties": { "tile": "asiaeast/e120_n30_e125_n25" }, "geometry": { "type": "Polygon", "coordinates": [ [ [ 125.0, 25.0 ], [ 125.0, 30.0 ], [ 120.0, 30.0 ], [ 120.0, 25.0 ], [ 125.0, 25.0 ] ] ] } },
{ "type": "Feature", "properties": { "tile": "asiaeast/e140_n50_e145_n45" }, "geometry": { "type": "Polygon", "coordinates": [ [ [ 145.0, 45.0 ], [ 145.0, 50.0 ], [ 140.0, 50.0 ], [ 140.0, 45.0 ], [ 145.0, 45.0 ] ] ] } },
{ "type": "Feature", "properties": { "tile": "asiaeast/e150_n10_e155_n05" }, "geometry": { "type": "Polygon", "coordinates": [ [ [ 155.0, 5.0 ], [ 155.0, 10.0 ], [ 150.0, 10.0 ], [ 150.0, 5.0 ], [ 155.0, 5.0 ] ] ] } },
{ "type": "Feature", "properties": { "tile": "asiaeast/e120_n20_e125_n15" }, "geometry": { "type": "Polygon", "coordinates": [ [ [ 125.0, 15.0 ], [ 125.0, 20.0 ], [ 120.0, 20.0 ], [ 120.0, 15.0 ], [ 125.0, 15.0 ] ] ] } },
{ "type": "Feature", "properties": { "tile": "asiaeast/e125_n75_e130_n70" }, "geometry": { "type": "Polygon", "coordinates": [ [ [ 130.0, 70.0 ], [ 130.0, 75.0 ], [ 125.0, 75.0 ], [ 125.0, 70.0 ], [ 130.0, 70.0 ] ] ] } },
{ "type": "Feature", "properties": { "tile": "asiaeast/e145_n15_e150_n10" }, "geometry": { "type": "Polygon", "coordinates": [ [ [ 150.0, 10.0 ], [ 150.0, 15.0 ], [ 145.0, 15.0 ], [ 145.0, 10.0 ], [ 150.0, 10.0 ] ] ] } },
{ "type": "Feature", "properties": { "tile": "asiaeast/e160_n55_e165_n50" }, "geometry": { "type": "Polygon", "coordinates": [ [ [ 165.0, 50.0 ], [ 165.0, 55.0 ], [ 160.0, 55.0 ], [ 160.0, 50.0 ], [ 165.0, 50.0 ] ] ] } },
{ "type": "Feature", "properties": { "tile": "asiaeast/e170_n55_e175_n50" }, "geometry": { "type": "Polygon", "coordinates": [ [ [ 175.0, 50.0 ], [ 175.0, 55.0 ], [ 170.0, 55.0 ], [ 170.0, 50.0 ], [ 175.0, 50.0 ] ] ] } },
{ "type": "Feature", "properties": { "tile": "asiaeast/e130_n45_e135_n40" }, "geometry": { "type": "Polygon", "coordinates": [ [ [ 135.0, 40.0 ], [ 135.0, 45.0 ], [ 130.0, 45.0 ], [ 130.0, 40.0 ], [ 135.0, 40.0 ] ] ] } },
{ "type": "Feature", "properties": { "tile": "asiaeast/e135_n65_e140_n60" }, "geometry": { "type": "Polygon", "coordinates": [ [ [ 140.0, 60.0 ], [ 140.0, 65.0 ], [ 135.0, 65.0 ], [ 135.0, 60.0 ], [ 140.0, 60.0 ] ] ] } },
{ "type": "Feature", "properties": { "tile": "asiaeast/e110_n50_e115_n45" }, "geometry": { "type": "Polygon", "coordinates": [ [ [ 115.0, 45.0 ], [ 115.0, 50.0 ], [ 110.0, 50.0 ], [ 110.0, 45.0 ], [ 115.0, 45.0 ] ] ] } },
{ "type": "Feature", "properties": { "tile": "asiaeast/e170_n70_e175_n65" }, "geometry": { "type": "Polygon", "coordinates": [ [ [ 175.0, 65.0 ], [ 175.0, 70.0 ], [ 170.0, 70.0 ], [ 170.0, 65.0 ], [ 175.0, 65.0 ] ] ] } },
{ "type": "Feature", "properties": { "tile": "asiaeast/e160_n70_e165_n65" }, "geometry": { "type": "Polygon", "coordinates": [ [ [ 165.0, 65.0 ], [ 165.0, 70.0 ], [ 160.0, 70.0 ], [ 160.0, 65.0 ], [ 165.0, 65.0 ] ] ] } },
{ "type": "Feature", "properties": { "tile": "asiaeast/e135_n25_e140_n20" }, "geometry": { "type": "Polygon", "coordinates": [ [ [ 140.0, 20.0 ], [ 140.0, 25.0 ], [ 135.0, 25.0 ], [ 135.0, 20.0 ], [ 140.0, 20.0 ] ] ] } },
{ "type": "Feature", "properties": { "tile": "asiaeast/e165_n70_e170_n65" }, "geometry": { "type": "Polygon", "coordinates": [ [ [ 170.0, 65.0 ], [ 170.0, 70.0 ], [ 165.0, 70.0 ], [ 165.0, 65.0 ], [ 170.0, 65.0 ] ] ] } },
{ "type": "Feature", "properties": { "tile": "asiaeast/e110_n65_e115_n60" }, "geometry": { "type": "Polygon", "coordinates": [ [ [ 115.0, 60.0 ], [ 115.0, 65.0 ], [ 110.0, 65.0 ], [ 110.0, 60.0 ], [ 115.0, 60.0 ] ] ] } },
{ "type": "Feature", "properties": { "tile": "asiaeast/e130_n60_e135_n55" }, "geometry": { "type": "Polygon", "coordinates": [ [ [ 135.0, 55.0 ], [ 135.0, 60.0 ], [ 130.0, 60.0 ], [ 130.0, 55.0 ], [ 135.0, 55.0 ] ] ] } },
{ "type": "Feature", "properties": { "tile": "asiaeast/e165_n10_e170_n05" }, "geometry": { "type": "Polygon", "coordinates": [ [ [ 170.0, 5.0 ], [ 170.0, 10.0 ], [ 165.0, 10.0 ], [ 165.0, 5.0 ], [ 170.0, 5.0 ] ] ] } },
{ "type": "Feature", "properties": { "tile": "asiaeast/e115_n30_e120_n25" }, "geometry": { "type": "Polygon", "coordinates": [ [ [ 120.0, 25.0 ], [ 120.0, 30.0 ], [ 115.0, 30.0 ], [ 115.0, 25.0 ], [ 120.0, 25.0 ] ] ] } },
{ "type": "Feature", "properties": { "tile": "asiaeast/e155_n60_e160_n55" }, "geometry": { "type": "Polygon", "coordinates": [ [ [ 160.0, 55.0 ], [ 160.0, 60.0 ], [ 155.0, 60.0 ], [ 155.0, 55.0 ], [ 160.0, 55.0 ] ] ] } },
{ "type": "Feature", "properties": { "tile": "asiaeast/e110_n70_e115_n65" }, "geometry": { "type": "Polygon", "coordinates": [ [ [ 115.0, 65.0 ], [ 115.0, 70.0 ], [ 110.0, 70.0 ], [ 110.0, 65.0 ], [ 115.0, 65.0 ] ] ] } },
{ "type": "Feature", "properties": { "tile": "asiaeast/e130_n65_e135_n60" }, "geometry": { "type": "Polygon", "coordinates": [ [ [ 135.0, 60.0 ], [ 135.0, 65.0 ], [ 130.0, 65.0 ], [ 130.0, 60.0 ], [ 135.0, 60.0 ] ] ] } },
{ "type": "Feature", "properties": { "tile": "asiaeast/e130_n55_e135_n50" }, "geometry": { "type": "Polygon", "coordinates": [ [ [ 135.0, 50.0 ], [ 135.0, 55.0 ], [ 130.0, 55.0 ], [ 130.0, 50.0 ], [ 135.0, 50.0 ] ] ] } },
{ "type": "Feature", "properties": { "tile": "asiaeast/e120_n50_e125_n45" }, "geometry": { "type": "Polygon", "coordinates": [ [ [ 125.0, 45.0 ], [ 125.0, 50.0 ], [ 120.0, 50.0 ], [ 120.0, 45.0 ], [ 125.0, 45.0 ] ] ] } },
{ "type": "Feature", "properties": { "tile": "asiaeast/e140_n25_e145_n20" }, "geometry": { "type": "Polygon", "coordinates": [ [ [ 145.0, 20.0 ], [ 145.0, 25.0 ], [ 140.0, 25.0 ], [ 140.0, 20.0 ], [ 145.0, 20.0 ] ] ] } },
{ "type": "Feature", "properties": { "tile": "asiaeast/e110_n60_e115_n55" }, "geometry": { "type": "Polygon", "coordinates": [ [ [ 115.0, 55.0 ], [ 115.0, 60.0 ], [ 110.0, 60.0 ], [ 110.0, 55.0 ], [ 115.0, 55.0 ] ] ] } },
{ "type": "Feature", "properties": { "tile": "asiaeast/e125_n60_e130_n55" }, "geometry": { "type": "Polygon", "coordinates": [ [ [ 130.0, 55.0 ], [ 130.0, 60.0 ], [ 125.0, 60.0 ], [ 125.0, 55.0 ], [ 130.0, 55.0 ] ] ] } },
{ "type": "Feature", "properties": { "tile": "asiaeast/e160_n60_e165_n55" }, "geometry": { "type": "Polygon", "coordinates": [ [ [ 165.0, 55.0 ], [ 165.0, 60.0 ], [ 160.0, 60.0 ], [ 160.0, 55.0 ], [ 165.0, 55.0 ] ] ] } },
{ "type": "Feature", "properties": { "tile": "asiaeast/e115_n50_e120_n45" }, "geometry": { "type": "Polygon", "coordinates": [ [ [ 120.0, 45.0 ], [ 120.0, 50.0 ], [ 115.0, 50.0 ], [ 115.0, 45.0 ], [ 120.0, 45.0 ] ] ] } },
{ "type": "Feature", "properties": { "tile": "asiaeast/e160_n15_e165_n10" }, "geometry": { "type": "Polygon", "coordinates": [ [ [ 165.0, 10.0 ], [ 165.0, 15.0 ], [ 160.0, 15.0 ], [ 160.0, 10.0 ], [ 165.0, 10.0 ] ] ] } },
{ "type": "Feature", "properties": { "tile": "asiaeast/e145_n75_e150_n70" }, "geometry": { "type": "Polygon", "coordinates": [ [ [ 150.0, 70.0 ], [ 150.0, 75.0 ], [ 145.0, 75.0 ], [ 145.0, 70.0 ], [ 150.0, 70.0 ] ] ] } },
{ "type": "Feature", "properties": { "tile": "asiaeast/e120_n15_e125_n10" }, "geometry": { "type": "Polygon", "coordinates": [ [ [ 125.0, 10.0 ], [ 125.0, 15.0 ], [ 120.0, 15.0 ], [ 120.0, 10.0 ], [ 125.0, 10.0 ] ] ] } },
{ "type": "Feature", "properties": { "tile": "asiaeast/e170_n10_e175_n05" }, "geometry": { "type": "Polygon", "coordinates": [ [ [ 175.0, 5.0 ], [ 175.0, 10.0 ], [ 170.0, 10.0 ], [ 170.0, 5.0 ], [ 175.0, 5.0 ] ] ] } },
{ "type": "Feature", "properties": { "tile": "asiaeast/e110_n10_e115_n05" }, "geometry": { "type": "Polygon", "coordinates": [ [ [ 115.0, 5.0 ], [ 115.0, 10.0 ], [ 110.0, 10.0 ], [ 110.0, 5.0 ], [ 115.0, 5.0 ] ] ] } },
{ "type": "Feature", "properties": { "tile": "asiaeast/e140_n40_e145_n35" }, "geometry": { "type": "Polygon", "coordinates": [ [ [ 145.0, 35.0 ], [ 145.0, 40.0 ], [ 140.0, 40.0 ], [ 140.0, 35.0 ], [ 145.0, 35.0 ] ] ] } },
{ "type": "Feature", "properties": { "tile": "asiaeast/e110_n30_e115_n25" }, "geometry": { "type": "Polygon", "coordinates": [ [ [ 115.0, 25.0 ], [ 115.0, 30.0 ], [ 110.0, 30.0 ], [ 110.0, 25.0 ], [ 115.0, 25.0 ] ] ] } },
{ "type": "Feature", "properties": { "tile": "asiaeast/e145_n70_e150_n65" }, "geometry": { "type": "Polygon", "coordinates": [ [ [ 150.0, 65.0 ], [ 150.0, 70.0 ], [ 145.0, 70.0 ], [ 145.0, 65.0 ], [ 150.0, 65.0 ] ] ] } },
{ "type": "Feature", "properties": { "tile": "asiaeast/e125_n15_e130_n10" }, "geometry": { "type": "Polygon", "coordinates": [ [ [ 130.0, 10.0 ], [ 130.0, 15.0 ], [ 125.0, 15.0 ], [ 125.0, 10.0 ], [ 130.0, 10.0 ] ] ] } },
{ "type": "Feature", "properties": { "tile": "asiaeast/e135_n50_e140_n45" }, "geometry": { "type": "Polygon", "coordinates": [ [ [ 140.0, 45.0 ], [ 140.0, 50.0 ], [ 135.0, 50.0 ], [ 135.0, 45.0 ], [ 140.0, 45.0 ] ] ] } },
{ "type": "Feature", "properties": { "tile": "asiaeast/e140_n60_e145_n55" }, "geometry": { "type": "Polygon", "coordinates": [ [ [ 145.0, 55.0 ], [ 145.0, 60.0 ], [ 140.0, 60.0 ], [ 140.0, 55.0 ], [ 145.0, 55.0 ] ] ] } },
{ "type": "Feature", "properties": { "tile": "asiaeast/e150_n70_e155_n65" }, "geometry": { "type": "Polygon", "coordinates": [ [ [ 155.0, 65.0 ], [ 155.0, 70.0 ], [ 150.0, 70.0 ], [ 150.0, 65.0 ], [ 155.0, 65.0 ] ] ] } },
{ "type": "Feature", "properties": { "tile": "asiaeast/e145_n60_e150_n55" }, "geometry": { "type": "Polygon", "coordinates": [ [ [ 150.0, 55.0 ], [ 150.0, 60.0 ], [ 145.0, 60.0 ], [ 145.0, 55.0 ], [ 150.0, 55.0 ] ] ] } },
{ "type": "Feature", "properties": { "tile": "asiaeast/e175_n65_e180_n60" }, "geometry": { "type": "Polygon", "coordinates": [ [ [ 180.0, 60.0 ], [ 180.0, 65.0 ], [ 175.0, 65.0 ], [ 175.0, 60.0 ], [ 180.0, 60.0 ] ] ] } },
{ "type": "Feature", "properties": { "tile": "asiaeast/e115_n60_e120_n55" }, "geometry": { "type": "Polygon", "coordinates": [ [ [ 120.0, 55.0 ], [ 120.0, 60.0 ], [ 115.0, 60.0 ], [ 115.0, 55.0 ], [ 120.0, 55.0 ] ] ] } },
{ "type": "Feature", "properties": { "tile": "asiaeast/e170_n65_e175_n60" }, "geometry": { "type": "Polygon", "coordinates": [ [ [ 175.0, 60.0 ], [ 175.0, 65.0 ], [ 170.0, 65.0 ], [ 170.0, 60.0 ], [ 175.0, 60.0 ] ] ] } },
{ "type": "Feature", "properties": { "tile": "asiaeast/e165_n15_e170_n10" }, "geometry": { "type": "Polygon", "coordinates": [ [ [ 170.0, 10.0 ], [ 170.0, 15.0 ], [ 165.0, 15.0 ], [ 165.0, 10.0 ], [ 170.0, 10.0 ] ] ] } },
{ "type": "Feature", "properties": { "tile": "asiaeast/e125_n10_e130_n05" }, "geometry": { "type": "Polygon", "coordinates": [ [ [ 130.0, 5.0 ], [ 130.0, 10.0 ], [ 125.0, 10.0 ], [ 125.0, 5.0 ], [ 130.0, 5.0 ] ] ] } },
{ "type": "Feature", "properties": { "tile": "asiaeast/e110_n25_e115_n20" }, "geometry": { "type": "Polygon", "coordinates": [ [ [ 115.0, 20.0 ], [ 115.0, 25.0 ], [ 110.0, 25.0 ], [ 110.0, 20.0 ], [ 115.0, 20.0 ] ] ] } },
{ "type": "Feature", "properties": { "tile": "asiaeast/e135_n15_e140_n10" }, "geometry": { "type": "Polygon", "coordinates": [ [ [ 140.0, 10.0 ], [ 140.0, 15.0 ], [ 135.0, 15.0 ], [ 135.0, 10.0 ], [ 140.0, 10.0 ] ] ] } },
{ "type": "Feature", "properties": { "tile": "asiaeast/e140_n15_e145_n10" }, "geometry": { "type": "Polygon", "coordinates": [ [ [ 145.0, 10.0 ], [ 145.0, 15.0 ], [ 140.0, 15.0 ], [ 140.0, 10.0 ], [ 145.0, 10.0 ] ] ] } },
{ "type": "Feature", "properties": { "tile": "asiaeast/e130_n30_e135_n25" }, "geometry": { "type": "Polygon", "coordinates": [ [ [ 135.0, 25.0 ], [ 135.0, 30.0 ], [ 130.0, 30.0 ], [ 130.0, 25.0 ], [ 135.0, 25.0 ] ] ] } },
{ "type": "Feature", "properties": { "tile": "southamerica/w060_s25_w055_s30" }, "geometry": { "type": "Polygon", "coordinates": [ [ [ -55.0, -30.0 ], [ -55.0, -25.0 ], [ -60.0, -25.0 ], [ -60.0, -30.0 ], [ -55.0, -30.0 ] ] ] } },
{ "type": "Feature", "properties": { "tile": "southamerica/w060_n05_w055_n00" }, "geometry": { "type": "Polygon", "coordinates": [ [ [ -55.0, 0.0 ], [ -55.0, 5.0 ], [ -60.0, 5.0 ], [ -60.0, 0.0 ], [ -55.0, 0.0 ] ] ] } },
{ "type": "Feature", "properties": { "tile": "southamerica/w075_s45_w070_s50" }, "geometry": { "type": "Polygon", "coordinates": [ [ [ -70.0, -50.0 ], [ -70.0, -45.0 ], [ -75.0, -45.0 ], [ -75.0, -50.0 ], [ -70.0, -50.0 ] ] ] } },
{ "type": "Feature", "properties": { "tile": "southamerica/w075_s10_w070_s15" }, "geometry": { "type": "Polygon", "coordinates": [ [ [ -70.0, -15.0 ], [ -70.0, -10.0 ], [ -75.0, -10.0 ], [ -75.0, -15.0 ], [ -70.0, -15.0 ] ] ] } },
{ "type": "Feature", "properties": { "tile": "southamerica/w065_s30_w060_s35" }, "geometry": { "type": "Polygon", "coordinates": [ [ [ -60.0, -35.0 ], [ -60.0, -30.0 ], [ -65.0, -30.0 ], [ -65.0, -35.0 ], [ -60.0, -35.0 ] ] ] } },
{ "type": "Feature", "properties": { "tile": "southamerica/w035_s05_w030_s10" }, "geometry": { "type": "Polygon", "coordinates": [ [ [ -30.0, -10.0 ], [ -30.0, -5.0 ], [ -35.0, -5.0 ], [ -35.0, -10.0 ], [ -30.0, -10.0 ] ] ] } },
{ "type": "Feature", "properties": { "tile": "southamerica/w065_s50_w060_s55" }, "geometry": { "type": "Polygon", "coordinates": [ [ [ -60.0, -55.0 ], [ -60.0, -50.0 ], [ -65.0, -50.0 ], [ -65.0, -55.0 ], [ -60.0, -55.0 ] ] ] } },
{ "type": "Feature", "properties": { "tile": "southamerica/w075_s35_w070_s40" }, "geometry": { "type": "Polygon", "coordinates": [ [ [ -70.0, -40.0 ], [ -70.0, -35.0 ], [ -75.0, -35.0 ], [ -75.0, -40.0 ], [ -70.0, -40.0 ] ] ] } },
{ "type": "Feature", "properties": { "tile": "southamerica/w070_s40_w065_s45" }, "geometry": { "type": "Polygon", "coordinates": [ [ [ -65.0, -45.0 ], [ -65.0, -40.0 ], [ -70.0, -40.0 ], [ -70.0, -45.0 ], [ -65.0, -45.0 ] ] ] } },
{ "type": "Feature", "properties": { "tile": "southamerica/w060_n15_w055_n10" }, "geometry": { "type": "Polygon", "coordinates": [ [ [ -55.0, 10.0 ], [ -55.0, 15.0 ], [ -60.0, 15.0 ], [ -60.0, 10.0 ], [ -55.0, 10.0 ] ] ] } },
{ "type": "Feature", "properties": { "tile": "southamerica/w040_s15_w035_s20" }, "geometry": { "type": "Polygon", "coordinates": [ [ [ -35.0, -20.0 ], [ -35.0, -15.0 ], [ -40.0, -15.0 ], [ -40.0, -20.0 ], [ -35.0, -20.0 ] ] ] } },
{ "type": "Feature", "properties": { "tile": "southamerica/w065_s25_w060_s30" }, "geometry": { "type": "Polygon", "coordinates": [ [ [ -60.0, -30.0 ], [ -60.0, -25.0 ], [ -65.0, -25.0 ], [ -65.0, -30.0 ], [ -60.0, -30.0 ] ] ] } },
{ "type": "Feature", "properties": { "tile": "southamerica/w095_n00_w090_s05" }, "geometry": { "type": "Polygon", "coordinates": [ [ [ -90.0, -5.0 ], [ -90.0, 0.0 ], [ -95.0, 0.0 ], [ -95.0, -5.0 ], [ -90.0, -5.0 ] ] ] } },
{ "type": "Feature", "properties": { "tile": "southamerica/w075_n00_w070_s05" }, "geometry": { "type": "Polygon", "coordinates": [ [ [ -70.0, -5.0 ], [ -70.0, 0.0 ], [ -75.0, 0.0 ], [ -75.0, -5.0 ], [ -70.0, -5.0 ] ] ] } },
{ "type": "Feature", "properties": { "tile": "southamerica/w060_n10_w055_n05" }, "geometry": { "type": "Polygon", "coordinates": [ [ [ -55.0, 5.0 ], [ -55.0, 10.0 ], [ -60.0, 10.0 ], [ -60.0, 5.0 ], [ -55.0, 5.0 ] ] ] } },
{ "type": "Feature", "properties": { "tile": "southamerica/w060_s05_w055_s10" }, "geometry": { "type": "Polygon", "coordinates": [ [ [ -55.0, -10.0 ], [ -55.0, -5.0 ], [ -60.0, -5.0 ], [ -60.0, -10.0 ], [ -55.0, -10.0 ] ] ] } },
{ "type": "Feature", "properties": { "tile": "southamerica/w060_n00_w055_s05" }, "geometry": { "type": "Polygon", "coordinates": [ [ [ -55.0, -5.0 ], [ -55.0, 0.0 ], [ -60.0, 0.0 ], [ -60.0, -5.0 ], [ -55.0, -5.0 ] ] ] } },
{ "type": "Feature", "properties": { "tile": "southamerica/w065_s20_w060_s25" }, "geometry": { "type": "Polygon", "coordinates": [ [ [ -60.0, -25.0 ], [ -60.0, -20.0 ], [ -65.0, -20.0 ], [ -65.0, -25.0 ], [ -60.0, -25.0 ] ] ] } },
{ "type": "Feature", "properties": { "tile": "southamerica/w060_s20_w055_s25" }, "geometry": { "type": "Polygon", "coordinates": [ [ [ -55.0, -25.0 ], [ -55.0, -20.0 ], [ -60.0, -20.0 ], [ -60.0, -25.0 ], [ -55.0, -25.0 ] ] ] } },
{ "type": "Feature", "properties": { "tile": "southamerica/w080_s05_w075_s10" }, "geometry": { "type": "Polygon", "coordinates": [ [ [ -75.0, -10.0 ], [ -75.0, -5.0 ], [ -80.0, -5.0 ], [ -80.0, -10.0 ], [ -75.0, -10.0 ] ] ] } },
{ "type": "Feature", "properties": { "tile": "southamerica/w065_s15_w060_s20" }, "geometry": { "type": "Polygon", "coordinates": [ [ [ -60.0, -20.0 ], [ -60.0, -15.0 ], [ -65.0, -15.0 ], [ -65.0, -20.0 ], [ -60.0, -20.0 ] ] ] } },
{ "type": "Feature", "properties": { "tile": "southamerica/w050_s05_w045_s10" }, "geometry": { "type": "Polygon", "coordinates": [ [ [ -45.0, -10.0 ], [ -45.0, -5.0 ], [ -50.0, -5.0 ], [ -50.0, -10.0 ], [ -45.0, -10.0 ] ] ] } },
{ "type": "Feature", "properties": { "tile": "southamerica/w070_n00_w065_s05" }, "geometry": { "type": "Polygon", "coordinates": [ [ [ -65.0, -5.0 ], [ -65.0, 0.0 ], [ -70.0, 0.0 ], [ -70.0, -5.0 ], [ -65.0, -5.0 ] ] ] } },
{ "type": "Feature", "properties": { "tile": "southamerica/w065_n00_w060_s05" }, "geometry": { "type": "Polygon", "coordinates": [ [ [ -60.0, -5.0 ], [ -60.0, 0.0 ], [ -65.0, 0.0 ], [ -65.0, -5.0 ], [ -60.0, -5.0 ] ] ] } },
{ "type": "Feature", "properties": { "tile": "southamerica/w055_s10_w050_s15" }, "geometry": { "type": "Polygon", "coordinates": [ [ [ -50.0, -15.0 ], [ -50.0, -10.0 ], [ -55.0, -10.0 ], [ -55.0, -15.0 ], [ -50.0, -15.0 ] ] ] } },
{ "type": "Feature", "properties": { "tile": "southamerica/w045_s20_w040_s25" }, "geometry": { "type": "Polygon", "coordinates": [ [ [ -40.0, -25.0 ], [ -40.0, -20.0 ], [ -45.0, -20.0 ], [ -45.0, -25.0 ], [ -40.0, -25.0 ] ] ] } },
{ "type": "Feature", "properties": { "tile": "southamerica/w080_s10_w075_s15" }, "geometry": { "type": "Polygon", "coordinates": [ [ [ -75.0, -15.0 ], [ -75.0, -10.0 ], [ -80.0, -10.0 ], [ -80.0, -15.0 ], [ -75.0, -15.0 ] ] ] } },
{ "type": "Feature", "properties": { "tile": "southamerica/w065_s10_w060_s15" }, "geometry": { "type": "Polygon", "coordinates": [ [ [ -60.0, -15.0 ], [ -60.0, -10.0 ], [ -65.0, -10.0 ], [ -65.0, -15.0 ], [ -60.0, -15.0 ] ] ] } },
{ "type": "Feature", "properties": { "tile": "southamerica/w070_s15_w065_s20" }, "geometry": { "type": "Polygon", "coordinates": [ [ [ -65.0, -20.0 ], [ -65.0, -15.0 ], [ -70.0, -15.0 ], [ -70.0, -20.0 ], [ -65.0, -20.0 ] ] ] } },
{ "type": "Feature", "properties": { "tile": "southamerica/w075_s05_w070_s10" }, "geometry": { "type": "Polygon", "coordinates": [ [ [ -70.0, -10.0 ], [ -70.0, -5.0 ], [ -75.0, -5.0 ], [ -75.0, -10.0 ], [ -70.0, -10.0 ] ] ] } },
{ "type": "Feature", "properties": { "tile": "southamerica/w075_n15_w070_n10" }, "geometry": { "type": "Polygon", "coordinates": [ [ [ -70.0, 10.0 ], [ -70.0, 15.0 ], [ -75.0, 15.0 ], [ -75.0, 10.0 ], [ -70.0, 10.0 ] ] ] } },
{ "type": "Feature", "properties": { "tile": "southamerica/w070_n15_w065_n10" }, "geometry": { "type": "Polygon", "coordinates": [ [ [ -65.0, 10.0 ], [ -65.0, 15.0 ], [ -70.0, 15.0 ], [ -70.0, 10.0 ], [ -65.0, 10.0 ] ] ] } },
{ "type": "Feature", "properties": { "tile": "southamerica/w050_s25_w045_s30" }, "geometry": { "type": "Polygon", "coordinates": [ [ [ -45.0, -30.0 ], [ -45.0, -25.0 ], [ -50.0, -25.0 ], [ -50.0, -30.0 ], [ -45.0, -30.0 ] ] ] } },
{ "type": "Feature", "properties": { "tile": "southamerica/w070_n05_w065_n00" }, "geometry": { "type": "Polygon", "coordinates": [ [ [ -65.0, 0.0 ], [ -65.0, 5.0 ], [ -70.0, 5.0 ], [ -70.0, 0.0 ], [ -65.0, 0.0 ] ] ] } },
{ "type": "Feature", "properties": { "tile": "southamerica/w050_s15_w045_s20" }, "geometry": { "type": "Polygon", "coordinates": [ [ [ -45.0, -20.0 ], [ -45.0, -15.0 ], [ -50.0, -15.0 ], [ -50.0, -20.0 ], [ -45.0, -20.0 ] ] ] } },
{ "type": "Feature", "properties": { "tile": "southamerica/w085_n15_w080_n10" }, "geometry": { "type": "Polygon", "coordinates": [ [ [ -80.0, 10.0 ], [ -80.0, 15.0 ], [ -85.0, 15.0 ], [ -85.0, 10.0 ], [ -80.0, 10.0 ] ] ] } },
{ "type": "Feature", "properties": { "tile": "southamerica/w070_s05_w065_s10" }, "geometry": { "type": "Polygon", "coordinates": [ [ [ -65.0, -10.0 ], [ -65.0, -5.0 ], [ -70.0, -5.0 ], [ -70.0, -10.0 ], [ -65.0, -10.0 ] ] ] } },
{ "type": "Feature", "properties": { "tile": "southamerica/w085_n10_w080_n05" }, "geometry": { "type": "Polygon", "coordinates": [ [ [ -80.0, 5.0 ], [ -80.0, 10.0 ], [ -85.0, 10.0 ], [ -85.0, 5.0 ], [ -80.0, 5.0 ] ] ] } },
{ "type": "Feature", "properties": { "tile": "southamerica/w045_s10_w040_s15" }, "geometry": { "type": "Polygon", "coordinates": [ [ [ -40.0, -15.0 ], [ -40.0, -10.0 ], [ -45.0, -10.0 ], [ -45.0, -15.0 ], [ -40.0, -15.0 ] ] ] } },
{ "type": "Feature", "properties": { "tile": "southamerica/w075_s20_w070_s25" }, "geometry": { "type": "Polygon", "coordinates": [ [ [ -70.0, -25.0 ], [ -70.0, -20.0 ], [ -75.0, -20.0 ], [ -75.0, -25.0 ], [ -70.0, -25.0 ] ] ] } },
{ "type": "Feature", "properties": { "tile": "southamerica/w070_s45_w065_s50" }, "geometry": { "type": "Polygon", "coordinates": [ [ [ -65.0, -50.0 ], [ -65.0, -45.0 ], [ -70.0, -45.0 ], [ -70.0, -50.0 ], [ -65.0, -50.0 ] ] ] } },
{ "type": "Feature", "properties": { "tile": "southamerica/w065_s35_w060_s40" }, "geometry": { "type": "Polygon", "coordinates": [ [ [ -60.0, -40.0 ], [ -60.0, -35.0 ], [ -65.0, -35.0 ], [ -65.0, -40.0 ], [ -60.0, -40.0 ] ] ] } },
{ "type": "Feature", "properties": { "tile": "southamerica/w080_n15_w075_n10" }, "geometry": { "type": "Polygon", "coordinates": [ [ [ -75.0, 10.0 ], [ -75.0, 15.0 ], [ -80.0, 15.0 ], [ -80.0, 10.0 ], [ -75.0, 10.0 ] ] ] } },
{ "type": "Feature", "properties": { "tile": "southamerica/w070_s35_w065_s40" }, "geometry": { "type": "Polygon", "coordinates": [ [ [ -65.0, -40.0 ], [ -65.0, -35.0 ], [ -70.0, -35.0 ], [ -70.0, -40.0 ], [ -65.0, -40.0 ] ] ] } },
{ "type": "Feature", "properties": { "tile": "southamerica/w055_s05_w050_s10" }, "geometry": { "type": "Polygon", "coordinates": [ [ [ -50.0, -10.0 ], [ -50.0, -5.0 ], [ -55.0, -5.0 ], [ -55.0, -10.0 ], [ -50.0, -10.0 ] ] ] } },
{ "type": "Feature", "properties": { "tile": "southamerica/w075_s40_w070_s45" }, "geometry": { "type": "Polygon", "coordinates": [ [ [ -70.0, -45.0 ], [ -70.0, -40.0 ], [ -75.0, -40.0 ], [ -75.0, -45.0 ], [ -70.0, -45.0 ] ] ] } },
{ "type": "Feature", "properties": { "tile": "southamerica/w060_s35_w055_s40" }, "geometry": { "type": "Polygon", "coordinates": [ [ [ -55.0, -40.0 ], [ -55.0, -35.0 ], [ -60.0, -35.0 ], [ -60.0, -40.0 ], [ -55.0, -40.0 ] ] ] } },
{ "type": "Feature", "properties": { "tile": "southamerica/w080_s45_w075_s50" }, "geometry": { "type": "Polygon", "coordinates": [ [ [ -75.0, -50.0 ], [ -75.0, -45.0 ], [ -80.0, -45.0 ], [ -80.0, -50.0 ], [ -75.0, -50.0 ] ] ] } },
{ "type": "Feature", "properties": { "tile": "southamerica/w090_n00_w085_s05" }, "geometry": { "type": "Polygon", "coordinates": [ [ [ -85.0, -5.0 ], [ -85.0, 0.0 ], [ -90.0, 0.0 ], [ -90.0, -5.0 ], [ -85.0, -5.0 ] ] ] } },
{ "type": "Feature", "properties": { "tile": "southamerica/w075_s25_w070_s30" }, "geometry": { "type": "Polygon", "coordinates": [ [ [ -70.0, -30.0 ], [ -70.0, -25.0 ], [ -75.0, -25.0 ], [ -75.0, -30.0 ], [ -70.0, -30.0 ] ] ] } },
{ "type": "Feature", "properties": { "tile": "southamerica/w080_n10_w075_n05" }, "geometry": { "type": "Polygon", "coordinates": [ [ [ -75.0, 5.0 ], [ -75.0, 10.0 ], [ -80.0, 10.0 ], [ -80.0, 5.0 ], [ -75.0, 5.0 ] ] ] } },
{ "type": "Feature", "properties": { "tile": "southamerica/w045_s05_w040_s10" }, "geometry": { "type": "Polygon", "coordinates": [ [ [ -40.0, -10.0 ], [ -40.0, -5.0 ], [ -45.0, -5.0 ], [ -45.0, -10.0 ], [ -40.0, -10.0 ] ] ] } },
{ "type": "Feature", "properties": { "tile": "southamerica/w055_s30_w050_s35" }, "geometry": { "type": "Polygon", "coordinates": [ [ [ -50.0, -35.0 ], [ -50.0, -30.0 ], [ -55.0, -30.0 ], [ -55.0, -35.0 ], [ -50.0, -35.0 ] ] ] } },
{ "type": "Feature", "properties": { "tile": "southamerica/w085_n05_w080_n00" }, "geometry": { "type": "Polygon", "coordinates": [ [ [ -80.0, 0.0 ], [ -80.0, 5.0 ], [ -85.0, 5.0 ], [ -85.0, 0.0 ], [ -80.0, 0.0 ] ] ] } },
{ "type": "Feature", "properties": { "tile": "southamerica/w055_s25_w050_s30" }, "geometry": { "type": "Polygon", "coordinates": [ [ [ -50.0, -30.0 ], [ -50.0, -25.0 ], [ -55.0, -25.0 ], [ -55.0, -30.0 ], [ -50.0, -30.0 ] ] ] } },
{ "type": "Feature", "properties": { "tile": "southamerica/w060_s50_w055_s55" }, "geometry": { "type": "Polygon", "coordinates": [ [ [ -55.0, -55.0 ], [ -55.0, -50.0 ], [ -60.0, -50.0 ], [ -60.0, -55.0 ], [ -55.0, -55.0 ] ] ] } },
{ "type": "Feature", "properties": { "tile": "southamerica/w045_s15_w040_s20" }, "geometry": { "type": "Polygon", "coordinates": [ [ [ -40.0, -20.0 ], [ -40.0, -15.0 ], [ -45.0, -15.0 ], [ -45.0, -20.0 ], [ -40.0, -20.0 ] ] ] } },
{ "type": "Feature", "properties": { "tile": "southamerica/w065_s40_w060_s45" }, "geometry": { "type": "Polygon", "coordinates": [ [ [ -60.0, -45.0 ], [ -60.0, -40.0 ], [ -65.0, -40.0 ], [ -65.0, -45.0 ], [ -60.0, -45.0 ] ] ] } },
{ "type": "Feature", "properties": { "tile": "southamerica/w070_s10_w065_s15" }, "geometry": { "type": "Polygon", "coordinates": [ [ [ -65.0, -15.0 ], [ -65.0, -10.0 ], [ -70.0, -10.0 ], [ -70.0, -15.0 ], [ -65.0, -15.0 ] ] ] } },
{ "type": "Feature", "properties": { "tile": "southamerica/w075_n10_w070_n05" }, "geometry": { "type": "Polygon", "coordinates": [ [ [ -70.0, 5.0 ], [ -70.0, 10.0 ], [ -75.0, 10.0 ], [ -75.0, 5.0 ], [ -70.0, 5.0 ] ] ] } },
{ "type": "Feature", "properties": { "tile": "southamerica/w055_s15_w050_s20" }, "geometry": { "type": "Polygon", "coordinates": [ [ [ -50.0, -20.0 ], [ -50.0, -15.0 ], [ -55.0, -15.0 ], [ -55.0, -20.0 ], [ -50.0, -20.0 ] ] ] } },
{ "type": "Feature", "properties": { "tile": "southamerica/w055_n00_w050_s05" }, "geometry": { "type": "Polygon", "coordinates": [ [ [ -50.0, -5.0 ], [ -50.0, 0.0 ], [ -55.0, 0.0 ], [ -55.0, -5.0 ], [ -50.0, -5.0 ] ] ] } },
{ "type": "Feature", "properties": { "tile": "southamerica/w090_n10_w085_n05" }, "geometry": { "type": "Polygon", "coordinates": [ [ [ -85.0, 5.0 ], [ -85.0, 10.0 ], [ -90.0, 10.0 ], [ -90.0, 5.0 ], [ -85.0, 5.0 ] ] ] } },
{ "type": "Feature", "properties": { "tile": "southamerica/w075_n05_w070_n00" }, "geometry": { "type": "Polygon", "coordinates": [ [ [ -70.0, 0.0 ], [ -70.0, 5.0 ], [ -75.0, 5.0 ], [ -75.0, 0.0 ], [ -70.0, 0.0 ] ] ] } },
{ "type": "Feature", "properties": { "tile": "southamerica/w085_s05_w080_s10" }, "geometry": { "type": "Polygon", "coordinates": [ [ [ -80.0, -10.0 ], [ -80.0, -5.0 ], [ -85.0, -5.0 ], [ -85.0, -10.0 ], [ -80.0, -10.0 ] ] ] } },
{ "type": "Feature", "properties": { "tile": "southamerica/w040_s10_w035_s15" }, "geometry": { "type": "Polygon", "coordinates": [ [ [ -35.0, -15.0 ], [ -35.0, -10.0 ], [ -40.0, -10.0 ], [ -40.0, -15.0 ], [ -35.0, -15.0 ] ] ] } },
{ "type": "Feature", "properties": { "tile": "southamerica/w070_s50_w065_s55" }, "geometry": { "type": "Polygon", "coordinates": [ [ [ -65.0, -55.0 ], [ -65.0, -50.0 ], [ -70.0, -50.0 ], [ -70.0, -55.0 ], [ -65.0, -55.0 ] ] ] } },
{ "type": "Feature", "properties": { "tile": "southamerica/w065_s05_w060_s10" }, "geometry": { "type": "Polygon", "coordinates": [ [ [ -60.0, -10.0 ], [ -60.0, -5.0 ], [ -65.0, -5.0 ], [ -65.0, -10.0 ], [ -60.0, -10.0 ] ] ] } },
{ "type": "Feature", "properties": { "tile": "southamerica/w070_n10_w065_n05" }, "geometry": { "type": "Polygon", "coordinates": [ [ [ -65.0, 5.0 ], [ -65.0, 10.0 ], [ -70.0, 10.0 ], [ -70.0, 5.0 ], [ -65.0, 5.0 ] ] ] } },
{ "type": "Feature", "properties": { "tile": "southamerica/w055_n05_w050_n00" }, "geometry": { "type": "Polygon", "coordinates": [ [ [ -50.0, 0.0 ], [ -50.0, 5.0 ], [ -55.0, 5.0 ], [ -55.0, 0.0 ], [ -50.0, 0.0 ] ] ] } },
{ "type": "Feature", "properties": { "tile": "southamerica/w060_s30_w055_s35" }, "geometry": { "type": "Polygon", "coordinates": [ [ [ -55.0, -35.0 ], [ -55.0, -30.0 ], [ -60.0, -30.0 ], [ -60.0, -35.0 ], [ -55.0, -35.0 ] ] ] } },
{ "type": "Feature", "properties": { "tile": "southamerica/w085_n00_w080_s05" }, "geometry": { "type": "Polygon", "coordinates": [ [ [ -80.0, -5.0 ], [ -80.0, 0.0 ], [ -85.0, 0.0 ], [ -85.0, -5.0 ], [ -80.0, -5.0 ] ] ] } },
{ "type": "Feature", "properties": { "tile": "southamerica/w050_n05_w045_n00" }, "geometry": { "type": "Polygon", "coordinates": [ [ [ -45.0, 0.0 ], [ -45.0, 5.0 ], [ -50.0, 5.0 ], [ -50.0, 0.0 ], [ -45.0, 0.0 ] ] ] } },
{ "type": "Feature", "properties": { "tile": "southamerica/w070_s30_w065_s35" }, "geometry": { "type": "Polygon", "coordinates": [ [ [ -65.0, -35.0 ], [ -65.0, -30.0 ], [ -70.0, -30.0 ], [ -70.0, -35.0 ], [ -65.0, -35.0 ] ] ] } },
{ "type": "Feature", "properties": { "tile": "southamerica/w080_n00_w075_s05" }, "geometry": { "type": "Polygon", "coordinates": [ [ [ -75.0, -5.0 ], [ -75.0, 0.0 ], [ -80.0, 0.0 ], [ -80.0, -5.0 ], [ -75.0, -5.0 ] ] ] } },
{ "type": "Feature", "properties": { "tile": "southamerica/w095_n15_w090_n10" }, "geometry": { "type": "Polygon", "coordinates": [ [ [ -90.0, 10.0 ], [ -90.0, 15.0 ], [ -95.0, 15.0 ], [ -95.0, 10.0 ], [ -90.0, 10.0 ] ] ] } },
{ "type": "Feature", "properties": { "tile": "southamerica/w045_n00_w040_s05" }, "geometry": { "type": "Polygon", "coordinates": [ [ [ -40.0, -5.0 ], [ -40.0, 0.0 ], [ -45.0, 0.0 ], [ -45.0, -5.0 ], [ -40.0, -5.0 ] ] ] } },
{ "type": "Feature", "properties": { "tile": "southamerica/w035_n00_w030_s05" }, "geometry": { "type": "Polygon", "coordinates": [ [ [ -30.0, -5.0 ], [ -30.0, 0.0 ], [ -35.0, 0.0 ], [ -35.0, -5.0 ], [ -30.0, -5.0 ] ] ] } },
{ "type": "Feature", "properties": { "tile": "southamerica/w080_s15_w075_s20" }, "geometry": { "type": "Polygon", "coordinates": [ [ [ -75.0, -20.0 ], [ -75.0, -15.0 ], [ -80.0, -15.0 ], [ -80.0, -20.0 ], [ -75.0, -20.0 ] ] ] } },
{ "type": "Feature", "properties": { "tile": "southamerica/w070_s20_w065_s25" }, "geometry": { "type": "Polygon", "coordinates": [ [ [ -65.0, -25.0 ], [ -65.0, -20.0 ], [ -70.0, -20.0 ], [ -70.0, -25.0 ], [ -65.0, -25.0 ] ] ] } },
{ "type": "Feature", "properties": { "tile": "southamerica/w070_s25_w065_s30" }, "geometry": { "type": "Polygon", "coordinates": [ [ [ -65.0, -30.0 ], [ -65.0, -25.0 ], [ -70.0, -25.0 ], [ -70.0, -30.0 ], [ -65.0, -30.0 ] ] ] } },
{ "type": "Feature", "properties": { "tile": "southamerica/w075_s30_w070_s35" }, "geometry": { "type": "Polygon", "coordinates": [ [ [ -70.0, -35.0 ], [ -70.0, -30.0 ], [ -75.0, -30.0 ], [ -75.0, -35.0 ], [ -70.0, -35.0 ] ] ] } },
{ "type": "Feature", "properties": { "tile": "southamerica/w050_n00_w045_s05" }, "geometry": { "type": "Polygon", "coordinates": [ [ [ -45.0, -5.0 ], [ -45.0, 0.0 ], [ -50.0, 0.0 ], [ -50.0, -5.0 ], [ -45.0, -5.0 ] ] ] } },
{ "type": "Feature", "properties": { "tile": "southamerica/w040_n00_w035_s05" }, "geometry": { "type": "Polygon", "coordinates": [ [ [ -35.0, -5.0 ], [ -35.0, 0.0 ], [ -40.0, 0.0 ], [ -40.0, -5.0 ], [ -35.0, -5.0 ] ] ] } },
{ "type": "Feature", "properties": { "tile": "southamerica/w050_s10_w045_s15" }, "geometry": { "type": "Polygon", "coordinates": [ [ [ -45.0, -15.0 ], [ -45.0, -10.0 ], [ -50.0, -10.0 ], [ -50.0, -15.0 ], [ -45.0, -15.0 ] ] ] } },
{ "type": "Feature", "properties": { "tile": "southamerica/w060_s15_w055_s20" }, "geometry": { "type": "Polygon", "coordinates": [ [ [ -55.0, -20.0 ], [ -55.0, -15.0 ], [ -60.0, -15.0 ], [ -60.0, -20.0 ], [ -55.0, -20.0 ] ] ] } },
{ "type": "Feature", "properties": { "tile": "southamerica/w080_s50_w075_s55" }, "geometry": { "type": "Polygon", "coordinates": [ [ [ -75.0, -55.0 ], [ -75.0, -50.0 ], [ -80.0, -50.0 ], [ -80.0, -55.0 ], [ -75.0, -55.0 ] ] ] } },
{ "type": "Feature", "properties": { "tile": "southamerica/w075_s50_w070_s55" }, "geometry": { "type": "Polygon", "coordinates": [ [ [ -70.0, -55.0 ], [ -70.0, -50.0 ], [ -75.0, -50.0 ], [ -75.0, -55.0 ], [ -70.0, -55.0 ] ] ] } },
{ "type": "Feature", "properties": { "tile": "southamerica/w065_n05_w060_n00" }, "geometry": { "type": "Polygon", "coordinates": [ [ [ -60.0, 0.0 ], [ -60.0, 5.0 ], [ -65.0, 5.0 ], [ -65.0, 0.0 ], [ -60.0, 0.0 ] ] ] } },
{ "type": "Feature", "properties": { "tile": "southamerica/w050_s20_w045_s25" }, "geometry": { "type": "Polygon", "coordinates": [ [ [ -45.0, -25.0 ], [ -45.0, -20.0 ], [ -50.0, -20.0 ], [ -50.0, -25.0 ], [ -45.0, -25.0 ] ] ] } },
{ "type": "Feature", "properties": { "tile": "southamerica/w040_s05_w035_s10" }, "geometry": { "type": "Polygon", "coordinates": [ [ [ -35.0, -10.0 ], [ -35.0, -5.0 ], [ -40.0, -5.0 ], [ -40.0, -10.0 ], [ -35.0, -10.0 ] ] ] } },
{ "type": "Feature", "properties": { "tile": "southamerica/w030_s20_w025_s25" }, "geometry": { "type": "Polygon", "coordinates": [ [ [ -25.0, -25.0 ], [ -25.0, -20.0 ], [ -30.0, -20.0 ], [ -30.0, -25.0 ], [ -25.0, -25.0 ] ] ] } },
{ "type": "Feature", "properties": { "tile": "southamerica/w055_s20_w050_s25" }, "geometry": { "type": "Polygon", "coordinates": [ [ [ -50.0, -25.0 ], [ -50.0, -20.0 ], [ -55.0, -20.0 ], [ -55.0, -25.0 ], [ -50.0, -25.0 ] ] ] } },
{ "type": "Feature", "properties": { "tile": "southamerica/w065_n10_w060_n05" }, "geometry": { "type": "Polygon", "coordinates": [ [ [ -60.0, 5.0 ], [ -60.0, 10.0 ], [ -65.0, 10.0 ], [ -65.0, 5.0 ], [ -60.0, 5.0 ] ] ] } },
{ "type": "Feature", "properties": { "tile": "southamerica/w075_s15_w070_s20" }, "geometry": { "type": "Polygon", "coordinates": [ [ [ -70.0, -20.0 ], [ -70.0, -15.0 ], [ -75.0, -15.0 ], [ -75.0, -20.0 ], [ -70.0, -20.0 ] ] ] } },
{ "type": "Feature", "properties": { "tile": "southamerica/w065_n15_w060_n10" }, "geometry": { "type": "Polygon", "coordinates": [ [ [ -60.0, 10.0 ], [ -60.0, 15.0 ], [ -65.0, 15.0 ], [ -65.0, 10.0 ], [ -60.0, 10.0 ] ] ] } },
{ "type": "Feature", "properties": { "tile": "southamerica/w080_n05_w075_n00" }, "geometry": { "type": "Polygon", "coordinates": [ [ [ -75.0, 0.0 ], [ -75.0, 5.0 ], [ -80.0, 5.0 ], [ -80.0, 0.0 ], [ -75.0, 0.0 ] ] ] } },
{ "type": "Feature", "properties": { "tile": "southamerica/w070_s55_w065_s60" }, "geometry": { "type": "Polygon", "coordinates": [ [ [ -65.0, -60.0 ], [ -65.0, -55.0 ], [ -70.0, -55.0 ], [ -70.0, -60.0 ], [ -65.0, -60.0 ] ] ] } },
{ "type": "Feature", "properties": { "tile": "southamerica/w090_n15_w085_n10" }, "geometry": { "type": "Polygon", "coordinates": [ [ [ -85.0, 10.0 ], [ -85.0, 15.0 ], [ -90.0, 15.0 ], [ -90.0, 10.0 ], [ -85.0, 10.0 ] ] ] } },
{ "type": "Feature", "properties": { "tile": "southamerica/w055_n10_w050_n05" }, "geometry": { "type": "Polygon", "coordinates": [ [ [ -50.0, 5.0 ], [ -50.0, 10.0 ], [ -55.0, 10.0 ], [ -55.0, 5.0 ], [ -50.0, 5.0 ] ] ] } },
{ "type": "Feature", "properties": { "tile": "southamerica/w060_s10_w055_s15" }, "geometry": { "type": "Polygon", "coordinates": [ [ [ -55.0, -15.0 ], [ -55.0, -10.0 ], [ -60.0, -10.0 ], [ -60.0, -15.0 ], [ -55.0, -15.0 ] ] ] } },
{ "type": "Feature", "properties": { "tile": "asiawest/e090_n75_e095_n70" }, "geometry": { "type": "Polygon", "coordinates": [ [ [ 95.0, 70.0 ], [ 95.0, 75.0 ], [ 90.0, 75.0 ], [ 90.0, 70.0 ], [ 95.0, 70.0 ] ] ] } },
{ "type": "Feature", "properties": { "tile": "asiawest/e075_n15_e080_n10" }, "geometry": { "type": "Polygon", "coordinates": [ [ [ 80.0, 10.0 ], [ 80.0, 15.0 ], [ 75.0, 15.0 ], [ 75.0, 10.0 ], [ 80.0, 10.0 ] ] ] } },
{ "type": "Feature", "properties": { "tile": "asiawest/e090_n30_e095_n25" }, "geometry": { "type": "Polygon", "coordinates": [ [ [ 95.0, 25.0 ], [ 95.0, 30.0 ], [ 90.0, 30.0 ], [ 90.0, 25.0 ], [ 95.0, 25.0 ] ] ] } },
{ "type": "Feature", "properties": { "tile": "asiawest/e075_n10_e080_n05" }, "geometry": { "type": "Polygon", "coordinates": [ [ [ 80.0, 5.0 ], [ 80.0, 10.0 ], [ 75.0, 10.0 ], [ 75.0, 5.0 ], [ 80.0, 5.0 ] ] ] } },
{ "type": "Feature", "properties": { "tile": "asiawest/e085_n55_e090_n50" }, "geometry": { "type": "Polygon", "coordinates": [ [ [ 90.0, 50.0 ], [ 90.0, 55.0 ], [ 85.0, 55.0 ], [ 85.0, 50.0 ], [ 90.0, 50.0 ] ] ] } },
{ "type": "Feature", "properties": { "tile": "asiawest/e080_n35_e085_n30" }, "geometry": { "type": "Polygon", "coordinates": [ [ [ 85.0, 30.0 ], [ 85.0, 35.0 ], [ 80.0, 35.0 ], [ 80.0, 30.0 ], [ 85.0, 30.0 ] ] ] } },
{ "type": "Feature", "properties": { "tile": "asiawest/e065_n30_e070_n25" }, "geometry": { "type": "Polygon", "coordinates": [ [ [ 70.0, 25.0 ], [ 70.0, 30.0 ], [ 65.0, 30.0 ], [ 65.0, 25.0 ], [ 70.0, 25.0 ] ] ] } },
{ "type": "Feature", "properties": { "tile": "asiawest/e095_n30_e100_n25" }, "geometry": { "type": "Polygon", "coordinates": [ [ [ 100.0, 25.0 ], [ 100.0, 30.0 ], [ 95.0, 30.0 ], [ 95.0, 25.0 ], [ 100.0, 25.0 ] ] ] } },
{ "type": "Feature", "properties": { "tile": "asiawest/e065_n70_e070_n65" }, "geometry": { "type": "Polygon", "coordinates": [ [ [ 70.0, 65.0 ], [ 70.0, 70.0 ], [ 65.0, 70.0 ], [ 65.0, 65.0 ], [ 70.0, 65.0 ] ] ] } },
{ "type": "Feature", "properties": { "tile": "asiawest/e070_n55_e075_n50" }, "geometry": { "type": "Polygon", "coordinates": [ [ [ 75.0, 50.0 ], [ 75.0, 55.0 ], [ 70.0, 55.0 ], [ 70.0, 50.0 ], [ 75.0, 50.0 ] ] ] } },
{ "type": "Feature", "properties": { "tile": "asiawest/e085_n25_e090_n20" }, "geometry": { "type": "Polygon", "coordinates": [ [ [ 90.0, 20.0 ], [ 90.0, 25.0 ], [ 85.0, 25.0 ], [ 85.0, 20.0 ], [ 90.0, 20.0 ] ] ] } },
{ "type": "Feature", "properties": { "tile": "asiawest/e080_n25_e085_n20" }, "geometry": { "type": "Polygon", "coordinates": [ [ [ 85.0, 20.0 ], [ 85.0, 25.0 ], [ 80.0, 25.0 ], [ 80.0, 20.0 ], [ 85.0, 20.0 ] ] ] } },
{ "type": "Feature", "properties": { "tile": "asiawest/e090_n25_e095_n20" }, "geometry": { "type": "Polygon", "coordinates": [ [ [ 95.0, 20.0 ], [ 95.0, 25.0 ], [ 90.0, 25.0 ], [ 90.0, 20.0 ], [ 95.0, 20.0 ] ] ] } },
{ "type": "Feature", "properties": { "tile": "asiawest/e085_n20_e090_n15" }, "geometry": { "type": "Polygon", "coordinates": [ [ [ 90.0, 15.0 ], [ 90.0, 20.0 ], [ 85.0, 20.0 ], [ 85.0, 15.0 ], [ 90.0, 15.0 ] ] ] } },
{ "type": "Feature", "properties": { "tile": "asiawest/e070_n65_e075_n60" }, "geometry": { "type": "Polygon", "coordinates": [ [ [ 75.0, 60.0 ], [ 75.0, 65.0 ], [ 70.0, 65.0 ], [ 70.0, 60.0 ], [ 75.0, 60.0 ] ] ] } },
{ "type": "Feature", "properties": { "tile": "asiawest/e090_n65_e095_n60" }, "geometry": { "type": "Polygon", "coordinates": [ [ [ 95.0, 60.0 ], [ 95.0, 65.0 ], [ 90.0, 65.0 ], [ 90.0, 60.0 ], [ 95.0, 60.0 ] ] ] } },
{ "type": "Feature", "properties": { "tile": "asiawest/e100_n75_e105_n70" }, "geometry": { "type": "Polygon", "coordinates": [ [ [ 105.0, 70.0 ], [ 105.0, 75.0 ], [ 100.0, 75.0 ], [ 100.0, 70.0 ], [ 105.0, 70.0 ] ] ] } },
{ "type": "Feature", "properties": { "tile": "asiawest/e095_n40_e100_n35" }, "geometry": { "type": "Polygon", "coordinates": [ [ [ 100.0, 35.0 ], [ 100.0, 40.0 ], [ 95.0, 40.0 ], [ 95.0, 35.0 ], [ 100.0, 35.0 ] ] ] } },
{ "type": "Feature", "properties": { "tile": "asiawest/e075_n65_e080_n60" }, "geometry": { "type": "Polygon", "coordinates": [ [ [ 80.0, 60.0 ], [ 80.0, 65.0 ], [ 75.0, 65.0 ], [ 75.0, 60.0 ], [ 80.0, 60.0 ] ] ] } },
{ "type": "Feature", "properties": { "tile": "asiawest/e065_n55_e070_n50" }, "geometry": { "type": "Polygon", "coordinates": [ [ [ 70.0, 50.0 ], [ 70.0, 55.0 ], [ 65.0, 55.0 ], [ 65.0, 50.0 ], [ 70.0, 50.0 ] ] ] } },
{ "type": "Feature", "properties": { "tile": "asiawest/e085_n65_e090_n60" }, "geometry": { "type": "Polygon", "coordinates": [ [ [ 90.0, 60.0 ], [ 90.0, 65.0 ], [ 85.0, 65.0 ], [ 85.0, 60.0 ], [ 90.0, 60.0 ] ] ] } },
{ "type": "Feature", "properties": { "tile": "asiawest/e095_n70_e100_n65" }, "geometry": { "type": "Polygon", "coordinates": [ [ [ 100.0, 65.0 ], [ 100.0, 70.0 ], [ 95.0, 70.0 ], [ 95.0, 65.0 ], [ 100.0, 65.0 ] ] ] } },
{ "type": "Feature", "properties": { "tile": "asiawest/e085_n45_e090_n40" }, "geometry": { "type": "Polygon", "coordinates": [ [ [ 90.0, 40.0 ], [ 90.0, 45.0 ], [ 85.0, 45.0 ], [ 85.0, 40.0 ], [ 90.0, 40.0 ] ] ] } },
{ "type": "Feature", "properties": { "tile": "asiawest/e075_n20_e080_n15" }, "geometry": { "type": "Polygon", "coordinates": [ [ [ 80.0, 15.0 ], [ 80.0, 20.0 ], [ 75.0, 20.0 ], [ 75.0, 15.0 ], [ 80.0, 15.0 ] ] ] } },
{ "type": "Feature", "properties": { "tile": "asiawest/e060_n55_e065_n50" }, "geometry": { "type": "Polygon", "coordinates": [ [ [ 65.0, 50.0 ], [ 65.0, 55.0 ], [ 60.0, 55.0 ], [ 60.0, 50.0 ], [ 65.0, 50.0 ] ] ] } },
{ "type": "Feature", "properties": { "tile": "asiawest/e085_n75_e090_n70" }, "geometry": { "type": "Polygon", "coordinates": [ [ [ 90.0, 70.0 ], [ 90.0, 75.0 ], [ 85.0, 75.0 ], [ 85.0, 70.0 ], [ 90.0, 70.0 ] ] ] } },
{ "type": "Feature", "properties": { "tile": "asiawest/e090_n10_e095_n05" }, "geometry": { "type": "Polygon", "coordinates": [ [ [ 95.0, 5.0 ], [ 95.0, 10.0 ], [ 90.0, 10.0 ], [ 90.0, 5.0 ], [ 95.0, 5.0 ] ] ] } },
{ "type": "Feature", "properties": { "tile": "asiawest/e060_n65_e065_n60" }, "geometry": { "type": "Polygon", "coordinates": [ [ [ 65.0, 60.0 ], [ 65.0, 65.0 ], [ 60.0, 65.0 ], [ 60.0, 60.0 ], [ 65.0, 60.0 ] ] ] } },
{ "type": "Feature", "properties": { "tile": "asiawest/e075_n70_e080_n65" }, "geometry": { "type": "Polygon", "coordinates": [ [ [ 80.0, 65.0 ], [ 80.0, 70.0 ], [ 75.0, 70.0 ], [ 75.0, 65.0 ], [ 80.0, 65.0 ] ] ] } },
{ "type": "Feature", "properties": { "tile": "asiawest/e100_n60_e105_n55" }, "geometry": { "type": "Polygon", "coordinates": [ [ [ 105.0, 55.0 ], [ 105.0, 60.0 ], [ 100.0, 60.0 ], [ 100.0, 55.0 ], [ 105.0, 55.0 ] ] ] } },
{ "type": "Feature", "properties": { "tile": "asiawest/e070_n45_e075_n40" }, "geometry": { "type": "Polygon", "coordinates": [ [ [ 75.0, 40.0 ], [ 75.0, 45.0 ], [ 70.0, 45.0 ], [ 70.0, 40.0 ], [ 75.0, 40.0 ] ] ] } },
{ "type": "Feature", "properties": { "tile": "asiawest/e075_n45_e080_n40" }, "geometry": { "type": "Polygon", "coordinates": [ [ [ 80.0, 40.0 ], [ 80.0, 45.0 ], [ 75.0, 45.0 ], [ 75.0, 40.0 ], [ 80.0, 40.0 ] ] ] } },
{ "type": "Feature", "properties": { "tile": "asiawest/e060_n45_e065_n40" }, "geometry": { "type": "Polygon", "coordinates": [ [ [ 65.0, 40.0 ], [ 65.0, 45.0 ], [ 60.0, 45.0 ], [ 60.0, 40.0 ], [ 65.0, 40.0 ] ] ] } },
{ "type": "Feature", "properties": { "tile": "asiawest/e070_n35_e075_n30" }, "geometry": { "type": "Polygon", "coordinates": [ [ [ 75.0, 30.0 ], [ 75.0, 35.0 ], [ 70.0, 35.0 ], [ 70.0, 30.0 ], [ 75.0, 30.0 ] ] ] } },
{ "type": "Feature", "properties": { "tile": "asiawest/e090_n60_e095_n55" }, "geometry": { "type": "Polygon", "coordinates": [ [ [ 95.0, 55.0 ], [ 95.0, 60.0 ], [ 90.0, 60.0 ], [ 90.0, 55.0 ], [ 95.0, 55.0 ] ] ] } },
{ "type": "Feature", "properties": { "tile": "asiawest/e075_n40_e080_n35" }, "geometry": { "type": "Polygon", "coordinates": [ [ [ 80.0, 35.0 ], [ 80.0, 40.0 ], [ 75.0, 40.0 ], [ 75.0, 35.0 ], [ 80.0, 35.0 ] ] ] } },
{ "type": "Feature", "properties": { "tile": "asiawest/e060_n60_e065_n55" }, "geometry": { "type": "Polygon", "coordinates": [ [ [ 65.0, 55.0 ], [ 65.0, 60.0 ], [ 60.0, 60.0 ], [ 60.0, 55.0 ], [ 65.0, 55.0 ] ] ] } },
{ "type": "Feature", "properties": { "tile": "asiawest/e085_n50_e090_n45" }, "geometry": { "type": "Polygon", "coordinates": [ [ [ 90.0, 45.0 ], [ 90.0, 50.0 ], [ 85.0, 50.0 ], [ 85.0, 45.0 ], [ 90.0, 45.0 ] ] ] } },
{ "type": "Feature", "properties": { "tile": "asiawest/e080_n60_e085_n55" }, "geometry": { "type": "Polygon", "coordinates": [ [ [ 85.0, 55.0 ], [ 85.0, 60.0 ], [ 80.0, 60.0 ], [ 80.0, 55.0 ], [ 85.0, 55.0 ] ] ] } },
{ "type": "Feature", "properties": { "tile": "asiawest/e090_n40_e095_n35" }, "geometry": { "type": "Polygon", "coordinates": [ [ [ 95.0, 35.0 ], [ 95.0, 40.0 ], [ 90.0, 40.0 ], [ 90.0, 35.0 ], [ 95.0, 35.0 ] ] ] } },
{ "type": "Feature", "properties": { "tile": "asiawest/e095_n20_e100_n15" }, "geometry": { "type": "Polygon", "coordinates": [ [ [ 100.0, 15.0 ], [ 100.0, 20.0 ], [ 95.0, 20.0 ], [ 95.0, 15.0 ], [ 100.0, 15.0 ] ] ] } },
{ "type": "Feature", "properties": { "tile": "asiawest/e085_n30_e090_n25" }, "geometry": { "type": "Polygon", "coordinates": [ [ [ 90.0, 25.0 ], [ 90.0, 30.0 ], [ 85.0, 30.0 ], [ 85.0, 25.0 ], [ 90.0, 25.0 ] ] ] } },
{ "type": "Feature", "properties": { "tile": "asiawest/e095_n15_e100_n10" }, "geometry": { "type": "Polygon", "coordinates": [ [ [ 100.0, 10.0 ], [ 100.0, 15.0 ], [ 95.0, 15.0 ], [ 95.0, 10.0 ], [ 100.0, 10.0 ] ] ] } },
{ "type": "Feature", "properties": { "tile": "asiawest/e100_n25_e105_n20" }, "geometry": { "type": "Polygon", "coordinates": [ [ [ 105.0, 20.0 ], [ 105.0, 25.0 ], [ 100.0, 25.0 ], [ 100.0, 20.0 ], [ 105.0, 20.0 ] ] ] } },
{ "type": "Feature", "properties": { "tile": "asiawest/e065_n75_e070_n70" }, "geometry": { "type": "Polygon", "coordinates": [ [ [ 70.0, 70.0 ], [ 70.0, 75.0 ], [ 65.0, 75.0 ], [ 65.0, 70.0 ], [ 70.0, 70.0 ] ] ] } },
{ "type": "Feature", "properties": { "tile": "asiawest/e070_n40_e075_n35" }, "geometry": { "type": "Polygon", "coordinates": [ [ [ 75.0, 35.0 ], [ 75.0, 40.0 ], [ 70.0, 40.0 ], [ 70.0, 35.0 ], [ 75.0, 35.0 ] ] ] } },
{ "type": "Feature", "properties": { "tile": "asiawest/e075_n35_e080_n30" }, "geometry": { "type": "Polygon", "coordinates": [ [ [ 80.0, 30.0 ], [ 80.0, 35.0 ], [ 75.0, 35.0 ], [ 75.0, 30.0 ], [ 80.0, 30.0 ] ] ] } },
{ "type": "Feature", "properties": { "tile": "asiawest/e080_n10_e085_n05" }, "geometry": { "type": "Polygon", "coordinates": [ [ [ 85.0, 5.0 ], [ 85.0, 10.0 ], [ 80.0, 10.0 ], [ 80.0, 5.0 ], [ 85.0, 5.0 ] ] ] } },
{ "type": "Feature", "properties": { "tile": "asiawest/e100_n70_e105_n65" }, "geometry": { "type": "Polygon", "coordinates": [ [ [ 105.0, 65.0 ], [ 105.0, 70.0 ], [ 100.0, 70.0 ], [ 100.0, 65.0 ], [ 105.0, 65.0 ] ] ] } },
{ "type": "Feature", "properties": { "tile": "asiawest/e095_n60_e100_n55" }, "geometry": { "type": "Polygon", "coordinates": [ [ [ 100.0, 55.0 ], [ 100.0, 60.0 ], [ 95.0, 60.0 ], [ 95.0, 55.0 ], [ 100.0, 55.0 ] ] ] } },
{ "type": "Feature", "properties": { "tile": "asiawest/e100_n55_e105_n50" }, "geometry": { "type": "Polygon", "coordinates": [ [ [ 105.0, 50.0 ], [ 105.0, 55.0 ], [ 100.0, 55.0 ], [ 100.0, 50.0 ], [ 105.0, 50.0 ] ] ] } },
{ "type": "Feature", "properties": { "tile": "asiawest/e080_n75_e085_n70" }, "geometry": { "type": "Polygon", "coordinates": [ [ [ 85.0, 70.0 ], [ 85.0, 75.0 ], [ 80.0, 75.0 ], [ 80.0, 70.0 ], [ 85.0, 70.0 ] ] ] } },
{ "type": "Feature", "properties": { "tile": "asiawest/e070_n20_e075_n15" }, "geometry": { "type": "Polygon", "coordinates": [ [ [ 75.0, 15.0 ], [ 75.0, 20.0 ], [ 70.0, 20.0 ], [ 70.0, 15.0 ], [ 75.0, 15.0 ] ] ] } },
{ "type": "Feature", "properties": { "tile": "asiawest/e105_n70_e110_n65" }, "geometry": { "type": "Polygon", "coordinates": [ [ [ 110.0, 65.0 ], [ 110.0, 70.0 ], [ 105.0, 70.0 ], [ 105.0, 65.0 ], [ 110.0, 65.0 ] ] ] } },
{ "type": "Feature", "properties": { "tile": "asiawest/e065_n50_e070_n45" }, "geometry": { "type": "Polygon", "coordinates": [ [ [ 70.0, 45.0 ], [ 70.0, 50.0 ], [ 65.0, 50.0 ], [ 65.0, 45.0 ], [ 70.0, 45.0 ] ] ] } },
{ "type": "Feature", "properties": { "tile": "asiawest/e095_n65_e100_n60" }, "geometry": { "type": "Polygon", "coordinates": [ [ [ 100.0, 60.0 ], [ 100.0, 65.0 ], [ 95.0, 65.0 ], [ 95.0, 60.0 ], [ 100.0, 60.0 ] ] ] } },
{ "type": "Feature", "properties": { "tile": "asiawest/e095_n25_e100_n20" }, "geometry": { "type": "Polygon", "coordinates": [ [ [ 100.0, 20.0 ], [ 100.0, 25.0 ], [ 95.0, 25.0 ], [ 95.0, 20.0 ], [ 100.0, 20.0 ] ] ] } },
{ "type": "Feature", "properties": { "tile": "asiawest/e100_n30_e105_n25" }, "geometry": { "type": "Polygon", "coordinates": [ [ [ 105.0, 25.0 ], [ 105.0, 30.0 ], [ 100.0, 30.0 ], [ 100.0, 25.0 ], [ 105.0, 25.0 ] ] ] } },
{ "type": "Feature", "properties": { "tile": "asiawest/e070_n15_e075_n10" }, "geometry": { "type": "Polygon", "coordinates": [ [ [ 75.0, 10.0 ], [ 75.0, 15.0 ], [ 70.0, 15.0 ], [ 70.0, 10.0 ], [ 75.0, 10.0 ] ] ] } },
{ "type": "Feature", "properties": { "tile": "asiawest/e070_n60_e075_n55" }, "geometry": { "type": "Polygon", "coordinates": [ [ [ 75.0, 55.0 ], [ 75.0, 60.0 ], [ 70.0, 60.0 ], [ 70.0, 55.0 ], [ 75.0, 55.0 ] ] ] } },
{ "type": "Feature", "properties": { "tile": "asiawest/e085_n60_e090_n55" }, "geometry": { "type": "Polygon", "coordinates": [ [ [ 90.0, 55.0 ], [ 90.0, 60.0 ], [ 85.0, 60.0 ], [ 85.0, 55.0 ], [ 90.0, 55.0 ] ] ] } },
{ "type": "Feature", "properties": { "tile": "asiawest/e060_n30_e065_n25" }, "geometry": { "type": "Polygon", "coordinates": [ [ [ 65.0, 25.0 ], [ 65.0, 30.0 ], [ 60.0, 30.0 ], [ 60.0, 25.0 ], [ 65.0, 25.0 ] ] ] } },
{ "type": "Feature", "properties": { "tile": "asiawest/e085_n70_e090_n65" }, "geometry": { "type": "Polygon", "coordinates": [ [ [ 90.0, 65.0 ], [ 90.0, 70.0 ], [ 85.0, 70.0 ], [ 85.0, 65.0 ], [ 90.0, 65.0 ] ] ] } },
{ "type": "Feature", "properties": { "tile": "asiawest/e105_n15_e110_n10" }, "geometry": { "type": "Polygon", "coordinates": [ [ [ 110.0, 10.0 ], [ 110.0, 15.0 ], [ 105.0, 15.0 ], [ 105.0, 10.0 ], [ 110.0, 10.0 ] ] ] } },
{ "type": "Feature", "properties": { "tile": "asiawest/e060_n40_e065_n35" }, "geometry": { "type": "Polygon", "coordinates": [ [ [ 65.0, 35.0 ], [ 65.0, 40.0 ], [ 60.0, 40.0 ], [ 60.0, 35.0 ], [ 65.0, 35.0 ] ] ] } },
{ "type": "Feature", "properties": { "tile": "asiawest/e090_n70_e095_n65" }, "geometry": { "type": "Polygon", "coordinates": [ [ [ 95.0, 65.0 ], [ 95.0, 70.0 ], [ 90.0, 70.0 ], [ 90.0, 65.0 ], [ 95.0, 65.0 ] ] ] } },
{ "type": "Feature", "properties": { "tile": "asiawest/e105_n20_e110_n15" }, "geometry": { "type": "Polygon", "coordinates": [ [ [ 110.0, 15.0 ], [ 110.0, 20.0 ], [ 105.0, 20.0 ], [ 105.0, 15.0 ], [ 110.0, 15.0 ] ] ] } },
{ "type": "Feature", "properties": { "tile": "asiawest/e100_n15_e105_n10" }, "geometry": { "type": "Polygon", "coordinates": [ [ [ 105.0, 10.0 ], [ 105.0, 15.0 ], [ 100.0, 15.0 ], [ 100.0, 10.0 ], [ 105.0, 10.0 ] ] ] } },
{ "type": "Feature", "properties": { "tile": "asiawest/e065_n65_e070_n60" }, "geometry": { "type": "Polygon", "coordinates": [ [ [ 70.0, 60.0 ], [ 70.0, 65.0 ], [ 65.0, 65.0 ], [ 65.0, 60.0 ], [ 70.0, 60.0 ] ] ] } },
{ "type": "Feature", "properties": { "tile": "asiawest/e090_n45_e095_n40" }, "geometry": { "type": "Polygon", "coordinates": [ [ [ 95.0, 40.0 ], [ 95.0, 45.0 ], [ 90.0, 45.0 ], [ 90.0, 40.0 ], [ 95.0, 40.0 ] ] ] } },
{ "type": "Feature", "properties": { "tile": "asiawest/e070_n50_e075_n45" }, "geometry": { "type": "Polygon", "coordinates": [ [ [ 75.0, 45.0 ], [ 75.0, 50.0 ], [ 70.0, 50.0 ], [ 70.0, 45.0 ], [ 75.0, 45.0 ] ] ] } },
{ "type": "Feature", "properties": { "tile": "asiawest/e060_n70_e065_n65" }, "geometry": { "type": "Polygon", "coordinates": [ [ [ 65.0, 65.0 ], [ 65.0, 70.0 ], [ 60.0, 70.0 ], [ 60.0, 65.0 ], [ 65.0, 65.0 ] ] ] } },
{ "type": "Feature", "properties": { "tile": "asiawest/e105_n65_e110_n60" }, "geometry": { "type": "Polygon", "coordinates": [ [ [ 110.0, 60.0 ], [ 110.0, 65.0 ], [ 105.0, 65.0 ], [ 105.0, 60.0 ], [ 110.0, 60.0 ] ] ] } },
{ "type": "Feature", "properties": { "tile": "asiawest/e100_n45_e105_n40" }, "geometry": { "type": "Polygon", "coordinates": [ [ [ 105.0, 40.0 ], [ 105.0, 45.0 ], [ 100.0, 45.0 ], [ 100.0, 40.0 ], [ 105.0, 40.0 ] ] ] } },
{ "type": "Feature", "properties": { "tile": "asiawest/e080_n15_e085_n10" }, "geometry": { "type": "Polygon", "coordinates": [ [ [ 85.0, 10.0 ], [ 85.0, 15.0 ], [ 80.0, 15.0 ], [ 80.0, 10.0 ], [ 85.0, 10.0 ] ] ] } },
{ "type": "Feature", "properties": { "tile": "asiawest/e080_n55_e085_n50" }, "geometry": { "type": "Polygon", "coordinates": [ [ [ 85.0, 50.0 ], [ 85.0, 55.0 ], [ 80.0, 55.0 ], [ 80.0, 50.0 ], [ 85.0, 50.0 ] ] ] } },
{ "type": "Feature", "properties": { "tile": "asiawest/e095_n35_e100_n30" }, "geometry": { "type": "Polygon", "coordinates": [ [ [ 100.0, 30.0 ], [ 100.0, 35.0 ], [ 95.0, 35.0 ], [ 95.0, 30.0 ], [ 100.0, 30.0 ] ] ] } },
{ "type": "Feature", "properties": { "tile": "asiawest/e105_n25_e110_n20" }, "geometry": { "type": "Polygon", "coordinates": [ [ [ 110.0, 20.0 ], [ 110.0, 25.0 ], [ 105.0, 25.0 ], [ 105.0, 20.0 ], [ 110.0, 20.0 ] ] ] } },
{ "type": "Feature", "properties": { "tile": "asiawest/e060_n50_e065_n45" }, "geometry": { "type": "Polygon", "coordinates": [ [ [ 65.0, 45.0 ], [ 65.0, 50.0 ], [ 60.0, 50.0 ], [ 60.0, 45.0 ], [ 65.0, 45.0 ] ] ] } },
{ "type": "Feature", "properties": { "tile": "asiawest/e105_n75_e110_n70" }, "geometry": { "type": "Polygon", "coordinates": [ [ [ 110.0, 70.0 ], [ 110.0, 75.0 ], [ 105.0, 75.0 ], [ 105.0, 70.0 ], [ 110.0, 70.0 ] ] ] } },
{ "type": "Feature", "properties": { "tile": "asiawest/e090_n55_e095_n50" }, "geometry": { "type": "Polygon", "coordinates": [ [ [ 95.0, 50.0 ], [ 95.0, 55.0 ], [ 90.0, 55.0 ], [ 90.0, 50.0 ], [ 95.0, 50.0 ] ] ] } },
{ "type": "Feature", "properties": { "tile": "asiawest/e105_n50_e110_n45" }, "geometry": { "type": "Polygon", "coordinates": [ [ [ 110.0, 45.0 ], [ 110.0, 50.0 ], [ 105.0, 50.0 ], [ 105.0, 45.0 ], [ 110.0, 45.0 ] ] ] } },
{ "type": "Feature", "properties": { "tile": "asiawest/e080_n70_e085_n65" }, "geometry": { "type": "Polygon", "coordinates": [ [ [ 85.0, 65.0 ], [ 85.0, 70.0 ], [ 80.0, 70.0 ], [ 80.0, 65.0 ], [ 85.0, 65.0 ] ] ] } },
{ "type": "Feature", "properties": { "tile": "asiawest/e070_n75_e075_n70" }, "geometry": { "type": "Polygon", "coordinates": [ [ [ 75.0, 70.0 ], [ 75.0, 75.0 ], [ 70.0, 75.0 ], [ 70.0, 70.0 ], [ 75.0, 70.0 ] ] ] } },
{ "type": "Feature", "properties": { "tile": "asiawest/e105_n35_e110_n30" }, "geometry": { "type": "Polygon", "coordinates": [ [ [ 110.0, 30.0 ], [ 110.0, 35.0 ], [ 105.0, 35.0 ], [ 105.0, 30.0 ], [ 110.0, 30.0 ] ] ] } },
{ "type": "Feature", "properties": { "tile": "asiawest/e090_n35_e095_n30" }, "geometry": { "type": "Polygon", "coordinates": [ [ [ 95.0, 30.0 ], [ 95.0, 35.0 ], [ 90.0, 35.0 ], [ 90.0, 30.0 ], [ 95.0, 30.0 ] ] ] } },
{ "type": "Feature", "properties": { "tile": "asiawest/e080_n45_e085_n40" }, "geometry": { "type": "Polygon", "coordinates": [ [ [ 85.0, 40.0 ], [ 85.0, 45.0 ], [ 80.0, 45.0 ], [ 80.0, 40.0 ], [ 85.0, 40.0 ] ] ] } },
{ "type": "Feature", "properties": { "tile": "asiawest/e070_n30_e075_n25" }, "geometry": { "type": "Polygon", "coordinates": [ [ [ 75.0, 25.0 ], [ 75.0, 30.0 ], [ 70.0, 30.0 ], [ 70.0, 25.0 ], [ 75.0, 25.0 ] ] ] } },
{ "type": "Feature", "properties": { "tile": "asiawest/e065_n40_e070_n35" }, "geometry": { "type": "Polygon", "coordinates": [ [ [ 70.0, 35.0 ], [ 70.0, 40.0 ], [ 65.0, 40.0 ], [ 65.0, 35.0 ], [ 70.0, 35.0 ] ] ] } },
{ "type": "Feature", "properties": { "tile": "asiawest/e100_n50_e105_n45" }, "geometry": { "type": "Polygon", "coordinates": [ [ [ 105.0, 45.0 ], [ 105.0, 50.0 ], [ 100.0, 50.0 ], [ 100.0, 45.0 ], [ 105.0, 45.0 ] ] ] } },
{ "type": "Feature", "properties": { "tile": "asiawest/e080_n20_e085_n15" }, "geometry": { "type": "Polygon", "coordinates": [ [ [ 85.0, 15.0 ], [ 85.0, 20.0 ], [ 80.0, 20.0 ], [ 80.0, 15.0 ], [ 85.0, 15.0 ] ] ] } },
{ "type": "Feature", "properties": { "tile": "asiawest/e080_n65_e085_n60" }, "geometry": { "type": "Polygon", "coordinates": [ [ [ 85.0, 60.0 ], [ 85.0, 65.0 ], [ 80.0, 65.0 ], [ 80.0, 60.0 ], [ 85.0, 60.0 ] ] ] } },
{ "type": "Feature", "properties": { "tile": "asiawest/e090_n50_e095_n45" }, "geometry": { "type": "Polygon", "coordinates": [ [ [ 95.0, 45.0 ], [ 95.0, 50.0 ], [ 90.0, 50.0 ], [ 90.0, 45.0 ], [ 95.0, 45.0 ] ] ] } },
{ "type": "Feature", "properties": { "tile": "asiawest/e070_n25_e075_n20" }, "geometry": { "type": "Polygon", "coordinates": [ [ [ 75.0, 20.0 ], [ 75.0, 25.0 ], [ 70.0, 25.0 ], [ 70.0, 20.0 ], [ 75.0, 20.0 ] ] ] } },
{ "type": "Feature", "properties": { "tile": "asiawest/e105_n40_e110_n35" }, "geometry": { "type": "Polygon", "coordinates": [ [ [ 110.0, 35.0 ], [ 110.0, 40.0 ], [ 105.0, 40.0 ], [ 105.0, 35.0 ], [ 110.0, 35.0 ] ] ] } },
{ "type": "Feature", "properties": { "tile": "asiawest/e065_n25_e070_n20" }, "geometry": { "type": "Polygon", "coordinates": [ [ [ 70.0, 20.0 ], [ 70.0, 25.0 ], [ 65.0, 25.0 ], [ 65.0, 20.0 ], [ 70.0, 20.0 ] ] ] } },
{ "type": "Feature", "properties": { "tile": "asiawest/e085_n40_e090_n35" }, "geometry": { "type": "Polygon", "coordinates": [ [ [ 90.0, 35.0 ], [ 90.0, 40.0 ], [ 85.0, 40.0 ], [ 85.0, 35.0 ], [ 90.0, 35.0 ] ] ] } },
{ "type": "Feature", "properties": { "tile": "asiawest/e100_n10_e105_n05" }, "geometry": { "type": "Polygon", "coordinates": [ [ [ 105.0, 5.0 ], [ 105.0, 10.0 ], [ 100.0, 10.0 ], [ 100.0, 5.0 ], [ 105.0, 5.0 ] ] ] } },
{ "type": "Feature", "properties": { "tile": "asiawest/e070_n10_e075_n05" }, "geometry": { "type": "Polygon", "coordinates": [ [ [ 75.0, 5.0 ], [ 75.0, 10.0 ], [ 70.0, 10.0 ], [ 70.0, 5.0 ], [ 75.0, 5.0 ] ] ] } },
{ "type": "Feature", "properties": { "tile": "asiawest/e065_n35_e070_n30" }, "geometry": { "type": "Polygon", "coordinates": [ [ [ 70.0, 30.0 ], [ 70.0, 35.0 ], [ 65.0, 35.0 ], [ 65.0, 30.0 ], [ 70.0, 30.0 ] ] ] } },
{ "type": "Feature", "properties": { "tile": "asiawest/e080_n50_e085_n45" }, "geometry": { "type": "Polygon", "coordinates": [ [ [ 85.0, 45.0 ], [ 85.0, 50.0 ], [ 80.0, 50.0 ], [ 80.0, 45.0 ], [ 85.0, 45.0 ] ] ] } },
{ "type": "Feature", "properties": { "tile": "asiawest/e080_n40_e085_n35" }, "geometry": { "type": "Polygon", "coordinates": [ [ [ 85.0, 35.0 ], [ 85.0, 40.0 ], [ 80.0, 40.0 ], [ 80.0, 35.0 ], [ 85.0, 35.0 ] ] ] } },
{ "type": "Feature", "properties": { "tile": "asiawest/e105_n10_e110_n05" }, "geometry": { "type": "Polygon", "coordinates": [ [ [ 110.0, 5.0 ], [ 110.0, 10.0 ], [ 105.0, 10.0 ], [ 105.0, 5.0 ], [ 110.0, 5.0 ] ] ] } },
{ "type": "Feature", "properties": { "tile": "asiawest/e090_n15_e095_n10" }, "geometry": { "type": "Polygon", "coordinates": [ [ [ 95.0, 10.0 ], [ 95.0, 15.0 ], [ 90.0, 15.0 ], [ 90.0, 10.0 ], [ 95.0, 10.0 ] ] ] } },
{ "type": "Feature", "properties": { "tile": "asiawest/e105_n60_e110_n55" }, "geometry": { "type": "Polygon", "coordinates": [ [ [ 110.0, 55.0 ], [ 110.0, 60.0 ], [ 105.0, 60.0 ], [ 105.0, 55.0 ], [ 110.0, 55.0 ] ] ] } },
{ "type": "Feature", "properties": { "tile": "asiawest/e075_n75_e080_n70" }, "geometry": { "type": "Polygon", "coordinates": [ [ [ 80.0, 70.0 ], [ 80.0, 75.0 ], [ 75.0, 75.0 ], [ 75.0, 70.0 ], [ 80.0, 70.0 ] ] ] } },
{ "type": "Feature", "properties": { "tile": "asiawest/e100_n35_e105_n30" }, "geometry": { "type": "Polygon", "coordinates": [ [ [ 105.0, 30.0 ], [ 105.0, 35.0 ], [ 100.0, 35.0 ], [ 100.0, 30.0 ], [ 105.0, 30.0 ] ] ] } },
{ "type": "Feature", "properties": { "tile": "asiawest/e080_n30_e085_n25" }, "geometry": { "type": "Polygon", "coordinates": [ [ [ 85.0, 25.0 ], [ 85.0, 30.0 ], [ 80.0, 30.0 ], [ 80.0, 25.0 ], [ 85.0, 25.0 ] ] ] } },
{ "type": "Feature", "properties": { "tile": "asiawest/e085_n35_e090_n30" }, "geometry": { "type": "Polygon", "coordinates": [ [ [ 90.0, 30.0 ], [ 90.0, 35.0 ], [ 85.0, 35.0 ], [ 85.0, 30.0 ], [ 90.0, 30.0 ] ] ] } },
{ "type": "Feature", "properties": { "tile": "asiawest/e095_n75_e100_n70" }, "geometry": { "type": "Polygon", "coordinates": [ [ [ 100.0, 70.0 ], [ 100.0, 75.0 ], [ 95.0, 75.0 ], [ 95.0, 70.0 ], [ 100.0, 70.0 ] ] ] } },
{ "type": "Feature", "properties": { "tile": "asiawest/e075_n55_e080_n50" }, "geometry": { "type": "Polygon", "coordinates": [ [ [ 80.0, 50.0 ], [ 80.0, 55.0 ], [ 75.0, 55.0 ], [ 75.0, 50.0 ], [ 80.0, 50.0 ] ] ] } },
{ "type": "Feature", "properties": { "tile": "asiawest/e100_n65_e105_n60" }, "geometry": { "type": "Polygon", "coordinates": [ [ [ 105.0, 60.0 ], [ 105.0, 65.0 ], [ 100.0, 65.0 ], [ 100.0, 60.0 ], [ 105.0, 60.0 ] ] ] } },
{ "type": "Feature", "properties": { "tile": "asiawest/e105_n30_e110_n25" }, "geometry": { "type": "Polygon", "coordinates": [ [ [ 110.0, 25.0 ], [ 110.0, 30.0 ], [ 105.0, 30.0 ], [ 105.0, 25.0 ], [ 110.0, 25.0 ] ] ] } },
{ "type": "Feature", "properties": { "tile": "asiawest/e100_n40_e105_n35" }, "geometry": { "type": "Polygon", "coordinates": [ [ [ 105.0, 35.0 ], [ 105.0, 40.0 ], [ 100.0, 40.0 ], [ 100.0, 35.0 ], [ 105.0, 35.0 ] ] ] } },
{ "type": "Feature", "properties": { "tile": "asiawest/e095_n45_e100_n40" }, "geometry": { "type": "Polygon", "coordinates": [ [ [ 100.0, 40.0 ], [ 100.0, 45.0 ], [ 95.0, 45.0 ], [ 95.0, 40.0 ], [ 100.0, 40.0 ] ] ] } },
{ "type": "Feature", "properties": { "tile": "asiawest/e075_n60_e080_n55" }, "geometry": { "type": "Polygon", "coordinates": [ [ [ 80.0, 55.0 ], [ 80.0, 60.0 ], [ 75.0, 60.0 ], [ 75.0, 55.0 ], [ 80.0, 55.0 ] ] ] } },
{ "type": "Feature", "properties": { "tile": "asiawest/e095_n55_e100_n50" }, "geometry": { "type": "Polygon", "coordinates": [ [ [ 100.0, 50.0 ], [ 100.0, 55.0 ], [ 95.0, 55.0 ], [ 95.0, 50.0 ], [ 100.0, 50.0 ] ] ] } },
{ "type": "Feature", "properties": { "tile": "asiawest/e065_n60_e070_n55" }, "geometry": { "type": "Polygon", "coordinates": [ [ [ 70.0, 55.0 ], [ 70.0, 60.0 ], [ 65.0, 60.0 ], [ 65.0, 55.0 ], [ 70.0, 55.0 ] ] ] } },
{ "type": "Feature", "properties": { "tile": "asiawest/e060_n35_e065_n30" }, "geometry": { "type": "Polygon", "coordinates": [ [ [ 65.0, 30.0 ], [ 65.0, 35.0 ], [ 60.0, 35.0 ], [ 60.0, 30.0 ], [ 65.0, 30.0 ] ] ] } },
{ "type": "Feature", "properties": { "tile": "asiawest/e095_n50_e100_n45" }, "geometry": { "type": "Polygon", "coordinates": [ [ [ 100.0, 45.0 ], [ 100.0, 50.0 ], [ 95.0, 50.0 ], [ 95.0, 45.0 ], [ 100.0, 45.0 ] ] ] } },
{ "type": "Feature", "properties": { "tile": "asiawest/e065_n45_e070_n40" }, "geometry": { "type": "Polygon", "coordinates": [ [ [ 70.0, 40.0 ], [ 70.0, 45.0 ], [ 65.0, 45.0 ], [ 65.0, 40.0 ], [ 70.0, 40.0 ] ] ] } },
{ "type": "Feature", "properties": { "tile": "asiawest/e100_n20_e105_n15" }, "geometry": { "type": "Polygon", "coordinates": [ [ [ 105.0, 15.0 ], [ 105.0, 20.0 ], [ 100.0, 20.0 ], [ 100.0, 15.0 ], [ 105.0, 15.0 ] ] ] } },
{ "type": "Feature", "properties": { "tile": "asiawest/e105_n55_e110_n50" }, "geometry": { "type": "Polygon", "coordinates": [ [ [ 110.0, 50.0 ], [ 110.0, 55.0 ], [ 105.0, 55.0 ], [ 105.0, 50.0 ], [ 110.0, 50.0 ] ] ] } },
{ "type": "Feature", "properties": { "tile": "asiawest/e070_n70_e075_n65" }, "geometry": { "type": "Polygon", "coordinates": [ [ [ 75.0, 65.0 ], [ 75.0, 70.0 ], [ 70.0, 70.0 ], [ 70.0, 65.0 ], [ 75.0, 65.0 ] ] ] } },
{ "type": "Feature", "properties": { "tile": "asiawest/e075_n30_e080_n25" }, "geometry": { "type": "Polygon", "coordinates": [ [ [ 80.0, 25.0 ], [ 80.0, 30.0 ], [ 75.0, 30.0 ], [ 75.0, 25.0 ], [ 80.0, 25.0 ] ] ] } },
{ "type": "Feature", "properties": { "tile": "asiawest/e105_n45_e110_n40" }, "geometry": { "type": "Polygon", "coordinates": [ [ [ 110.0, 40.0 ], [ 110.0, 45.0 ], [ 105.0, 45.0 ], [ 105.0, 40.0 ], [ 110.0, 40.0 ] ] ] } },
{ "type": "Feature", "properties": { "tile": "asiawest/e095_n10_e100_n05" }, "geometry": { "type": "Polygon", "coordinates": [ [ [ 100.0, 5.0 ], [ 100.0, 10.0 ], [ 95.0, 10.0 ], [ 95.0, 5.0 ], [ 100.0, 5.0 ] ] ] } },
{ "type": "Feature", "properties": { "tile": "asiawest/e075_n50_e080_n45" }, "geometry": { "type": "Polygon", "coordinates": [ [ [ 80.0, 45.0 ], [ 80.0, 50.0 ], [ 75.0, 50.0 ], [ 75.0, 45.0 ], [ 80.0, 45.0 ] ] ] } },
{ "type": "Feature", "properties": { "tile": "asiawest/e075_n25_e080_n20" }, "geometry": { "type": "Polygon", "coordinates": [ [ [ 80.0, 20.0 ], [ 80.0, 25.0 ], [ 75.0, 25.0 ], [ 75.0, 20.0 ], [ 80.0, 20.0 ] ] ] } },
{ "type": "Feature", "properties": { "tile": "asiawest/e090_n20_e095_n15" }, "geometry": { "type": "Polygon", "coordinates": [ [ [ 95.0, 15.0 ], [ 95.0, 20.0 ], [ 90.0, 20.0 ], [ 90.0, 15.0 ], [ 95.0, 15.0 ] ] ] } },
{ "type": "Feature", "properties": { "tile": "africa/w020_n30_w015_n25" }, "geometry": { "type": "Polygon", "coordinates": [ [ [ -15.0, 25.0 ], [ -15.0, 30.0 ], [ -20.0, 30.0 ], [ -20.0, 25.0 ], [ -15.0, 25.0 ] ] ] } },
{ "type": "Feature", "properties": { "tile": "africa/e030_s10_e035_s15" }, "geometry": { "type": "Polygon", "coordinates": [ [ [ 35.0, -15.0 ], [ 35.0, -10.0 ], [ 30.0, -10.0 ], [ 30.0, -15.0 ], [ 35.0, -15.0 ] ] ] } },
{ "type": "Feature", "properties": { "tile": "africa/e000_n30_e005_n25" }, "geometry": { "type": "Polygon", "coordinates": [ [ [ 5.0, 25.0 ], [ 5.0, 30.0 ], [ 0.0, 30.0 ], [ 0.0, 25.0 ], [ 5.0, 25.0 ] ] ] } },
{ "type": "Feature", "properties": { "tile": "africa/e025_n30_e030_n25" }, "geometry": { "type": "Polygon", "coordinates": [ [ [ 30.0, 25.0 ], [ 30.0, 30.0 ], [ 25.0, 30.0 ], [ 25.0, 25.0 ], [ 30.0, 25.0 ] ] ] } },
{ "type": "Feature", "properties": { "tile": "africa/w015_n30_w010_n25" }, "geometry": { "type": "Polygon", "coordinates": [ [ [ -10.0, 25.0 ], [ -10.0, 30.0 ], [ -15.0, 30.0 ], [ -15.0, 25.0 ], [ -10.0, 25.0 ] ] ] } },
{ "type": "Feature", "properties": { "tile": "africa/e030_n20_e035_n15" }, "geometry": { "type": "Polygon", "coordinates": [ [ [ 35.0, 15.0 ], [ 35.0, 20.0 ], [ 30.0, 20.0 ], [ 30.0, 15.0 ], [ 35.0, 15.0 ] ] ] } },
{ "type": "Feature", "properties": { "tile": "africa/w010_n40_w005_n35" }, "geometry": { "type": "Polygon", "coordinates": [ [ [ -5.0, 35.0 ], [ -5.0, 40.0 ], [ -10.0, 40.0 ], [ -10.0, 35.0 ], [ -5.0, 35.0 ] ] ] } },
{ "type": "Feature", "properties": { "tile": "africa/e005_n35_e010_n30" }, "geometry": { "type": "Polygon", "coordinates": [ [ [ 10.0, 30.0 ], [ 10.0, 35.0 ], [ 5.0, 35.0 ], [ 5.0, 30.0 ], [ 10.0, 30.0 ] ] ] } },
{ "type": "Feature", "properties": { "tile": "africa/e020_s15_e025_s20" }, "geometry": { "type": "Polygon", "coordinates": [ [ [ 25.0, -20.0 ], [ 25.0, -15.0 ], [ 20.0, -15.0 ], [ 20.0, -20.0 ], [ 25.0, -20.0 ] ] ] } },
{ "type": "Feature", "properties": { "tile": "africa/e025_n10_e030_n05" }, "geometry": { "type": "Polygon", "coordinates": [ [ [ 30.0, 5.0 ], [ 30.0, 10.0 ], [ 25.0, 10.0 ], [ 25.0, 5.0 ], [ 30.0, 5.0 ] ] ] } },
{ "type": "Feature", "properties": { "tile": "africa/e010_s05_e015_s10" }, "geometry": { "type": "Polygon", "coordinates": [ [ [ 15.0, -10.0 ], [ 15.0, -5.0 ], [ 10.0, -5.0 ], [ 10.0, -10.0 ], [ 15.0, -10.0 ] ] ] } },
{ "type": "Feature", "properties": { "tile": "africa/e000_n40_e005_n35" }, "geometry": { "type": "Polygon", "coordinates": [ [ [ 5.0, 35.0 ], [ 5.0, 40.0 ], [ 0.0, 40.0 ], [ 0.0, 35.0 ], [ 5.0, 35.0 ] ] ] } },
{ "type": "Feature", "properties": { "tile": "africa/e015_n20_e020_n15" }, "geometry": { "type": "Polygon", "coordinates": [ [ [ 20.0, 15.0 ], [ 20.0, 20.0 ], [ 15.0, 20.0 ], [ 15.0, 15.0 ], [ 20.0, 15.0 ] ] ] } },
{ "type": "Feature", "properties": { "tile": "africa/e025_n35_e030_n30" }, "geometry": { "type": "Polygon", "coordinates": [ [ [ 30.0, 30.0 ], [ 30.0, 35.0 ], [ 25.0, 35.0 ], [ 25.0, 30.0 ], [ 30.0, 30.0 ] ] ] } },
{ "type": "Feature", "properties": { "tile": "africa/e015_n05_e020_n00" }, "geometry": { "type": "Polygon", "coordinates": [ [ [ 20.0, 0.0 ], [ 20.0, 5.0 ], [ 15.0, 5.0 ], [ 15.0, 0.0 ], [ 20.0, 0.0 ] ] ] } },
{ "type": "Feature", "properties": { "tile": "africa/e040_s25_e045_s30" }, "geometry": { "type": "Polygon", "coordinates": [ [ [ 45.0, -30.0 ], [ 45.0, -25.0 ], [ 40.0, -25.0 ], [ 40.0, -30.0 ], [ 45.0, -30.0 ] ] ] } },
{ "type": "Feature", "properties": { "tile": "africa/w010_s15_w005_s20" }, "geometry": { "type": "Polygon", "coordinates": [ [ [ -5.0, -20.0 ], [ -5.0, -15.0 ], [ -10.0, -15.0 ], [ -10.0, -20.0 ], [ -5.0, -20.0 ] ] ] } },
{ "type": "Feature", "properties": { "tile": "africa/e005_n30_e010_n25" }, "geometry": { "type": "Polygon", "coordinates": [ [ [ 10.0, 25.0 ], [ 10.0, 30.0 ], [ 5.0, 30.0 ], [ 5.0, 25.0 ], [ 10.0, 25.0 ] ] ] } },
{ "type": "Feature", "properties": { "tile": "africa/e050_s05_e055_s10" }, "geometry": { "type": "Polygon", "coordinates": [ [ [ 55.0, -10.0 ], [ 55.0, -5.0 ], [ 50.0, -5.0 ], [ 50.0, -10.0 ], [ 55.0, -10.0 ] ] ] } },
{ "type": "Feature", "properties": { "tile": "africa/e030_n15_e035_n10" }, "geometry": { "type": "Polygon", "coordinates": [ [ [ 35.0, 10.0 ], [ 35.0, 15.0 ], [ 30.0, 15.0 ], [ 30.0, 10.0 ], [ 35.0, 10.0 ] ] ] } },
{ "type": "Feature", "properties": { "tile": "africa/w005_n40_e000_n35" }, "geometry": { "type": "Polygon", "coordinates": [ [ [ 0.0, 35.0 ], [ 0.0, 40.0 ], [ -5.0, 40.0 ], [ -5.0, 35.0 ], [ 0.0, 35.0 ] ] ] } },
{ "type": "Feature", "properties": { "tile": "africa/w010_n15_w005_n10" }, "geometry": { "type": "Polygon", "coordinates": [ [ [ -5.0, 10.0 ], [ -5.0, 15.0 ], [ -10.0, 15.0 ], [ -10.0, 10.0 ], [ -5.0, 10.0 ] ] ] } },
{ "type": "Feature", "properties": { "tile": "africa/w005_n20_e000_n15" }, "geometry": { "type": "Polygon", "coordinates": [ [ [ 0.0, 15.0 ], [ 0.0, 20.0 ], [ -5.0, 20.0 ], [ -5.0, 15.0 ], [ 0.0, 15.0 ] ] ] } },
{ "type": "Feature", "properties": { "tile": "africa/e040_s15_e045_s20" }, "geometry": { "type": "Polygon", "coordinates": [ [ [ 45.0, -20.0 ], [ 45.0, -15.0 ], [ 40.0, -15.0 ], [ 40.0, -20.0 ], [ 45.0, -20.0 ] ] ] } },
{ "type": "Feature", "properties": { "tile": "africa/w010_n25_w005_n20" }, "geometry": { "type": "Polygon", "coordinates": [ [ [ -5.0, 20.0 ], [ -5.0, 25.0 ], [ -10.0, 25.0 ], [ -10.0, 20.0 ], [ -5.0, 20.0 ] ] ] } },
{ "type": "Feature", "properties": { "tile": "africa/w010_n30_w005_n25" }, "geometry": { "type": "Polygon", "coordinates": [ [ [ -5.0, 25.0 ], [ -5.0, 30.0 ], [ -10.0, 30.0 ], [ -10.0, 25.0 ], [ -5.0, 25.0 ] ] ] } },
{ "type": "Feature", "properties": { "tile": "africa/e005_n25_e010_n20" }, "geometry": { "type": "Polygon", "coordinates": [ [ [ 10.0, 20.0 ], [ 10.0, 25.0 ], [ 5.0, 25.0 ], [ 5.0, 20.0 ], [ 10.0, 20.0 ] ] ] } },
{ "type": "Feature", "properties": { "tile": "africa/e055_s05_e060_s10" }, "geometry": { "type": "Polygon", "coordinates": [ [ [ 60.0, -10.0 ], [ 60.0, -5.0 ], [ 55.0, -5.0 ], [ 55.0, -10.0 ], [ 60.0, -10.0 ] ] ] } },
{ "type": "Feature", "properties": { "tile": "africa/e005_n10_e010_n05" }, "geometry": { "type": "Polygon", "coordinates": [ [ [ 10.0, 5.0 ], [ 10.0, 10.0 ], [ 5.0, 10.0 ], [ 5.0, 5.0 ], [ 10.0, 5.0 ] ] ] } },
{ "type": "Feature", "properties": { "tile": "africa/e020_n00_e025_s05" }, "geometry": { "type": "Polygon", "coordinates": [ [ [ 25.0, -5.0 ], [ 25.0, 0.0 ], [ 20.0, 0.0 ], [ 20.0, -5.0 ], [ 25.0, -5.0 ] ] ] } },
{ "type": "Feature", "properties": { "tile": "africa/w020_n25_w015_n20" }, "geometry": { "type": "Polygon", "coordinates": [ [ [ -15.0, 20.0 ], [ -15.0, 25.0 ], [ -20.0, 25.0 ], [ -20.0, 20.0 ], [ -15.0, 20.0 ] ] ] } },
{ "type": "Feature", "properties": { "tile": "africa/e030_s30_e035_s35" }, "geometry": { "type": "Polygon", "coordinates": [ [ [ 35.0, -35.0 ], [ 35.0, -30.0 ], [ 30.0, -30.0 ], [ 30.0, -35.0 ], [ 35.0, -35.0 ] ] ] } },
{ "type": "Feature", "properties": { "tile": "africa/e040_n40_e045_n35" }, "geometry": { "type": "Polygon", "coordinates": [ [ [ 45.0, 35.0 ], [ 45.0, 40.0 ], [ 40.0, 40.0 ], [ 40.0, 35.0 ], [ 45.0, 35.0 ] ] ] } },
{ "type": "Feature", "properties": { "tile": "africa/e015_s20_e020_s25" }, "geometry": { "type": "Polygon", "coordinates": [ [ [ 20.0, -25.0 ], [ 20.0, -20.0 ], [ 15.0, -20.0 ], [ 15.0, -25.0 ], [ 20.0, -25.0 ] ] ] } },
{ "type": "Feature", "properties": { "tile": "africa/e045_s05_e050_s10" }, "geometry": { "type": "Polygon", "coordinates": [ [ [ 50.0, -10.0 ], [ 50.0, -5.0 ], [ 45.0, -5.0 ], [ 45.0, -10.0 ], [ 50.0, -10.0 ] ] ] } },
{ "type": "Feature", "properties": { "tile": "africa/w015_n10_w010_n05" }, "geometry": { "type": "Polygon", "coordinates": [ [ [ -10.0, 5.0 ], [ -10.0, 10.0 ], [ -15.0, 10.0 ], [ -15.0, 5.0 ], [ -10.0, 5.0 ] ] ] } },
{ "type": "Feature", "properties": { "tile": "africa/e000_n15_e005_n10" }, "geometry": { "type": "Polygon", "coordinates": [ [ [ 5.0, 10.0 ], [ 5.0, 15.0 ], [ 0.0, 15.0 ], [ 0.0, 10.0 ], [ 5.0, 10.0 ] ] ] } },
{ "type": "Feature", "properties": { "tile": "africa/e030_n10_e035_n05" }, "geometry": { "type": "Polygon", "coordinates": [ [ [ 35.0, 5.0 ], [ 35.0, 10.0 ], [ 30.0, 10.0 ], [ 30.0, 5.0 ], [ 35.0, 5.0 ] ] ] } },
{ "type": "Feature", "properties": { "tile": "africa/e015_n15_e020_n10" }, "geometry": { "type": "Polygon", "coordinates": [ [ [ 20.0, 10.0 ], [ 20.0, 15.0 ], [ 15.0, 15.0 ], [ 15.0, 10.0 ], [ 20.0, 10.0 ] ] ] } },
{ "type": "Feature", "properties": { "tile": "africa/e055_s20_e060_s25" }, "geometry": { "type": "Polygon", "coordinates": [ [ [ 60.0, -25.0 ], [ 60.0, -20.0 ], [ 55.0, -20.0 ], [ 55.0, -25.0 ], [ 60.0, -25.0 ] ] ] } },
{ "type": "Feature", "properties": { "tile": "africa/e045_n20_e050_n15" }, "geometry": { "type": "Polygon", "coordinates": [ [ [ 50.0, 15.0 ], [ 50.0, 20.0 ], [ 45.0, 20.0 ], [ 45.0, 15.0 ], [ 50.0, 15.0 ] ] ] } },
{ "type": "Feature", "properties": { "tile": "africa/e010_n20_e015_n15" }, "geometry": { "type": "Polygon", "coordinates": [ [ [ 15.0, 15.0 ], [ 15.0, 20.0 ], [ 10.0, 20.0 ], [ 10.0, 15.0 ], [ 15.0, 15.0 ] ] ] } },
{ "type": "Feature", "properties": { "tile": "africa/w015_n15_w010_n10" }, "geometry": { "type": "Polygon", "coordinates": [ [ [ -10.0, 10.0 ], [ -10.0, 15.0 ], [ -15.0, 15.0 ], [ -15.0, 10.0 ], [ -10.0, 10.0 ] ] ] } },
{ "type": "Feature", "properties": { "tile": "africa/e035_n40_e040_n35" }, "geometry": { "type": "Polygon", "coordinates": [ [ [ 40.0, 35.0 ], [ 40.0, 40.0 ], [ 35.0, 40.0 ], [ 35.0, 35.0 ], [ 40.0, 35.0 ] ] ] } },
{ "type": "Feature", "properties": { "tile": "africa/e030_s15_e035_s20" }, "geometry": { "type": "Polygon", "coordinates": [ [ [ 35.0, -20.0 ], [ 35.0, -15.0 ], [ 30.0, -15.0 ], [ 30.0, -20.0 ], [ 35.0, -20.0 ] ] ] } },
{ "type": "Feature", "properties": { "tile": "africa/e035_n10_e040_n05" }, "geometry": { "type": "Polygon", "coordinates": [ [ [ 40.0, 5.0 ], [ 40.0, 10.0 ], [ 35.0, 10.0 ], [ 35.0, 5.0 ], [ 40.0, 5.0 ] ] ] } },
{ "type": "Feature", "properties": { "tile": "africa/e015_s10_e020_s15" }, "geometry": { "type": "Polygon", "coordinates": [ [ [ 20.0, -15.0 ], [ 20.0, -10.0 ], [ 15.0, -10.0 ], [ 15.0, -15.0 ], [ 20.0, -15.0 ] ] ] } },
{ "type": "Feature", "properties": { "tile": "africa/e035_n05_e040_n00" }, "geometry": { "type": "Polygon", "coordinates": [ [ [ 40.0, 0.0 ], [ 40.0, 5.0 ], [ 35.0, 5.0 ], [ 35.0, 0.0 ], [ 40.0, 0.0 ] ] ] } },
{ "type": "Feature", "properties": { "tile": "africa/w005_n10_e000_n05" }, "geometry": { "type": "Polygon", "coordinates": [ [ [ 0.0, 5.0 ], [ 0.0, 10.0 ], [ -5.0, 10.0 ], [ -5.0, 5.0 ], [ 0.0, 5.0 ] ] ] } },
{ "type": "Feature", "properties": { "tile": "africa/w005_n35_e000_n30" }, "geometry": { "type": "Polygon", "coordinates": [ [ [ 0.0, 30.0 ], [ 0.0, 35.0 ], [ -5.0, 35.0 ], [ -5.0, 30.0 ], [ 0.0, 30.0 ] ] ] } },
{ "type": "Feature", "properties": { "tile": "africa/e035_s10_e040_s15" }, "geometry": { "type": "Polygon", "coordinates": [ [ [ 40.0, -15.0 ], [ 40.0, -10.0 ], [ 35.0, -10.0 ], [ 35.0, -15.0 ], [ 40.0, -15.0 ] ] ] } },
{ "type": "Feature", "properties": { "tile": "africa/e050_n30_e055_n25" }, "geometry": { "type": "Polygon", "coordinates": [ [ [ 55.0, 25.0 ], [ 55.0, 30.0 ], [ 50.0, 30.0 ], [ 50.0, 25.0 ], [ 55.0, 25.0 ] ] ] } },
{ "type": "Feature", "properties": { "tile": "africa/e015_n10_e020_n05" }, "geometry": { "type": "Polygon", "coordinates": [ [ [ 20.0, 5.0 ], [ 20.0, 10.0 ], [ 15.0, 10.0 ], [ 15.0, 5.0 ], [ 20.0, 5.0 ] ] ] } },
{ "type": "Feature", "properties": { "tile": "africa/e050_n40_e055_n35" }, "geometry": { "type": "Polygon", "coordinates": [ [ [ 55.0, 35.0 ], [ 55.0, 40.0 ], [ 50.0, 40.0 ], [ 50.0, 35.0 ], [ 55.0, 35.0 ] ] ] } },
{ "type": "Feature", "properties": { "tile": "africa/e010_s15_e015_s20" }, "geometry": { "type": "Polygon", "coordinates": [ [ [ 15.0, -20.0 ], [ 15.0, -15.0 ], [ 10.0, -15.0 ], [ 10.0, -20.0 ], [ 15.0, -20.0 ] ] ] } },
{ "type": "Feature", "properties": { "tile": "africa/e050_n15_e055_n10" }, "geometry": { "type": "Polygon", "coordinates": [ [ [ 55.0, 10.0 ], [ 55.0, 15.0 ], [ 50.0, 15.0 ], [ 50.0, 10.0 ], [ 55.0, 10.0 ] ] ] } },
{ "type": "Feature", "properties": { "tile": "africa/e030_n35_e035_n30" }, "geometry": { "type": "Polygon", "coordinates": [ [ [ 35.0, 30.0 ], [ 35.0, 35.0 ], [ 30.0, 35.0 ], [ 30.0, 30.0 ], [ 35.0, 30.0 ] ] ] } },
{ "type": "Feature", "properties": { "tile": "africa/e055_n30_e060_n25" }, "geometry": { "type": "Polygon", "coordinates": [ [ [ 60.0, 25.0 ], [ 60.0, 30.0 ], [ 55.0, 30.0 ], [ 55.0, 25.0 ], [ 60.0, 25.0 ] ] ] } },
{ "type": "Feature", "properties": { "tile": "africa/e015_s30_e020_s35" }, "geometry": { "type": "Polygon", "coordinates": [ [ [ 20.0, -35.0 ], [ 20.0, -30.0 ], [ 15.0, -30.0 ], [ 15.0, -35.0 ], [ 20.0, -35.0 ] ] ] } },
{ "type": "Feature", "properties": { "tile": "africa/e040_s20_e045_s25" }, "geometry": { "type": "Polygon", "coordinates": [ [ [ 45.0, -25.0 ], [ 45.0, -20.0 ], [ 40.0, -20.0 ], [ 40.0, -25.0 ], [ 45.0, -25.0 ] ] ] } },
{ "type": "Feature", "properties": { "tile": "africa/e020_n20_e025_n15" }, "geometry": { "type": "Polygon", "coordinates": [ [ [ 25.0, 15.0 ], [ 25.0, 20.0 ], [ 20.0, 20.0 ], [ 20.0, 15.0 ], [ 25.0, 15.0 ] ] ] } },
{ "type": "Feature", "properties": { "tile": "africa/e025_s15_e030_s20" }, "geometry": { "type": "Polygon", "coordinates": [ [ [ 30.0, -20.0 ], [ 30.0, -15.0 ], [ 25.0, -15.0 ], [ 25.0, -20.0 ], [ 30.0, -20.0 ] ] ] } },
{ "type": "Feature", "properties": { "tile": "africa/e045_s10_e050_s15" }, "geometry": { "type": "Polygon", "coordinates": [ [ [ 50.0, -15.0 ], [ 50.0, -10.0 ], [ 45.0, -10.0 ], [ 45.0, -15.0 ], [ 50.0, -15.0 ] ] ] } },
{ "type": "Feature", "properties": { "tile": "africa/e055_n35_e060_n30" }, "geometry": { "type": "Polygon", "coordinates": [ [ [ 60.0, 30.0 ], [ 60.0, 35.0 ], [ 55.0, 35.0 ], [ 55.0, 30.0 ], [ 60.0, 30.0 ] ] ] } },
{ "type": "Feature", "properties": { "tile": "africa/e040_n15_e045_n10" }, "geometry": { "type": "Polygon", "coordinates": [ [ [ 45.0, 10.0 ], [ 45.0, 15.0 ], [ 40.0, 15.0 ], [ 40.0, 10.0 ], [ 45.0, 10.0 ] ] ] } },
{ "type": "Feature", "properties": { "tile": "africa/e010_n05_e015_n00" }, "geometry": { "type": "Polygon", "coordinates": [ [ [ 15.0, 0.0 ], [ 15.0, 5.0 ], [ 10.0, 5.0 ], [ 10.0, 0.0 ], [ 15.0, 0.0 ] ] ] } },
{ "type": "Feature", "properties": { "tile": "africa/e055_n20_e060_n15" }, "geometry": { "type": "Polygon", "coordinates": [ [ [ 60.0, 15.0 ], [ 60.0, 20.0 ], [ 55.0, 20.0 ], [ 55.0, 15.0 ], [ 60.0, 15.0 ] ] ] } },
{ "type": "Feature", "properties": { "tile": "africa/e025_n15_e030_n10" }, "geometry": { "type": "Polygon", "coordinates": [ [ [ 30.0, 10.0 ], [ 30.0, 15.0 ], [ 25.0, 15.0 ], [ 25.0, 10.0 ], [ 30.0, 10.0 ] ] ] } },
{ "type": "Feature", "properties": { "tile": "africa/e005_n20_e010_n15" }, "geometry": { "type": "Polygon", "coordinates": [ [ [ 10.0, 15.0 ], [ 10.0, 20.0 ], [ 5.0, 20.0 ], [ 5.0, 15.0 ], [ 10.0, 15.0 ] ] ] } },
{ "type": "Feature", "properties": { "tile": "africa/e045_n40_e050_n35" }, "geometry": { "type": "Polygon", "coordinates": [ [ [ 50.0, 35.0 ], [ 50.0, 40.0 ], [ 45.0, 40.0 ], [ 45.0, 35.0 ], [ 50.0, 35.0 ] ] ] } },
{ "type": "Feature", "properties": { "tile": "africa/e035_n00_e040_s05" }, "geometry": { "type": "Polygon", "coordinates": [ [ [ 40.0, -5.0 ], [ 40.0, 0.0 ], [ 35.0, 0.0 ], [ 35.0, -5.0 ], [ 40.0, -5.0 ] ] ] } },
{ "type": "Feature", "properties": { "tile": "africa/e010_n00_e015_s05" }, "geometry": { "type": "Polygon", "coordinates": [ [ [ 15.0, -5.0 ], [ 15.0, 0.0 ], [ 10.0, 0.0 ], [ 10.0, -5.0 ], [ 15.0, -5.0 ] ] ] } },
{ "type": "Feature", "properties": { "tile": "africa/e020_n35_e025_n30" }, "geometry": { "type": "Polygon", "coordinates": [ [ [ 25.0, 30.0 ], [ 25.0, 35.0 ], [ 20.0, 35.0 ], [ 20.0, 30.0 ], [ 25.0, 30.0 ] ] ] } },
{ "type": "Feature", "properties": { "tile": "africa/e045_s25_e050_s30" }, "geometry": { "type": "Polygon", "coordinates": [ [ [ 50.0, -30.0 ], [ 50.0, -25.0 ], [ 45.0, -25.0 ], [ 45.0, -30.0 ], [ 50.0, -30.0 ] ] ] } },
{ "type": "Feature", "properties": { "tile": "africa/e025_s05_e030_s10" }, "geometry": { "type": "Polygon", "coordinates": [ [ [ 30.0, -10.0 ], [ 30.0, -5.0 ], [ 25.0, -5.0 ], [ 25.0, -10.0 ], [ 30.0, -10.0 ] ] ] } },
{ "type": "Feature", "properties": { "tile": "africa/e015_n35_e020_n30" }, "geometry": { "type": "Polygon", "coordinates": [ [ [ 20.0, 30.0 ], [ 20.0, 35.0 ], [ 15.0, 35.0 ], [ 15.0, 30.0 ], [ 20.0, 30.0 ] ] ] } },
{ "type": "Feature", "properties": { "tile": "africa/e035_n15_e040_n10" }, "geometry": { "type": "Polygon", "coordinates": [ [ [ 40.0, 10.0 ], [ 40.0, 15.0 ], [ 35.0, 15.0 ], [ 35.0, 10.0 ], [ 40.0, 10.0 ] ] ] } },
{ "type": "Feature", "properties": { "tile": "africa/e010_s10_e015_s15" }, "geometry": { "type": "Polygon", "coordinates": [ [ [ 15.0, -15.0 ], [ 15.0, -10.0 ], [ 10.0, -10.0 ], [ 10.0, -15.0 ], [ 15.0, -15.0 ] ] ] } },
{ "type": "Feature", "properties": { "tile": "africa/e040_s10_e045_s15" }, "geometry": { "type": "Polygon", "coordinates": [ [ [ 45.0, -15.0 ], [ 45.0, -10.0 ], [ 40.0, -10.0 ], [ 40.0, -15.0 ], [ 45.0, -15.0 ] ] ] } },
{ "type": "Feature", "properties": { "tile": "africa/e015_s25_e020_s30" }, "geometry": { "type": "Polygon", "coordinates": [ [ [ 20.0, -30.0 ], [ 20.0, -25.0 ], [ 15.0, -25.0 ], [ 15.0, -30.0 ], [ 20.0, -30.0 ] ] ] } },
{ "type": "Feature", "properties": { "tile": "africa/w015_n20_w010_n15" }, "geometry": { "type": "Polygon", "coordinates": [ [ [ -10.0, 15.0 ], [ -10.0, 20.0 ], [ -15.0, 20.0 ], [ -15.0, 15.0 ], [ -10.0, 15.0 ] ] ] } },
{ "type": "Feature", "properties": { "tile": "africa/e020_s10_e025_s15" }, "geometry": { "type": "Polygon", "coordinates": [ [ [ 25.0, -15.0 ], [ 25.0, -10.0 ], [ 20.0, -10.0 ], [ 20.0, -15.0 ], [ 25.0, -15.0 ] ] ] } },
{ "type": "Feature", "properties": { "tile": "africa/e035_n35_e040_n30" }, "geometry": { "type": "Polygon", "coordinates": [ [ [ 40.0, 30.0 ], [ 40.0, 35.0 ], [ 35.0, 35.0 ], [ 35.0, 30.0 ], [ 40.0, 30.0 ] ] ] } },
{ "type": "Feature", "properties": { "tile": "africa/e010_n40_e015_n35" }, "geometry": { "type": "Polygon", "coordinates": [ [ [ 15.0, 35.0 ], [ 15.0, 40.0 ], [ 10.0, 40.0 ], [ 10.0, 35.0 ], [ 15.0, 35.0 ] ] ] } },
{ "type": "Feature", "properties": { "tile": "africa/e020_n10_e025_n05" }, "geometry": { "type": "Polygon", "coordinates": [ [ [ 25.0, 5.0 ], [ 25.0, 10.0 ], [ 20.0, 10.0 ], [ 20.0, 5.0 ], [ 25.0, 5.0 ] ] ] } },
{ "type": "Feature", "properties": { "tile": "africa/e045_n15_e050_n10" }, "geometry": { "type": "Polygon", "coordinates": [ [ [ 50.0, 10.0 ], [ 50.0, 15.0 ], [ 45.0, 15.0 ], [ 45.0, 10.0 ], [ 50.0, 10.0 ] ] ] } },
{ "type": "Feature", "properties": { "tile": "africa/e050_n10_e055_n05" }, "geometry": { "type": "Polygon", "coordinates": [ [ [ 55.0, 5.0 ], [ 55.0, 10.0 ], [ 50.0, 10.0 ], [ 50.0, 5.0 ], [ 55.0, 5.0 ] ] ] } },
{ "type": "Feature", "properties": { "tile": "africa/e045_n35_e050_n30" }, "geometry": { "type": "Polygon", "coordinates": [ [ [ 50.0, 30.0 ], [ 50.0, 35.0 ], [ 45.0, 35.0 ], [ 45.0, 30.0 ], [ 50.0, 30.0 ] ] ] } },
{ "type": "Feature", "properties": { "tile": "africa/e000_n20_e005_n15" }, "geometry": { "type": "Polygon", "coordinates": [ [ [ 5.0, 15.0 ], [ 5.0, 20.0 ], [ 0.0, 20.0 ], [ 0.0, 15.0 ], [ 5.0, 15.0 ] ] ] } },
{ "type": "Feature", "properties": { "tile": "africa/e025_s25_e030_s30" }, "geometry": { "type": "Polygon", "coordinates": [ [ [ 30.0, -30.0 ], [ 30.0, -25.0 ], [ 25.0, -25.0 ], [ 25.0, -30.0 ], [ 30.0, -30.0 ] ] ] } },
{ "type": "Feature", "properties": { "tile": "africa/e030_n25_e035_n20" }, "geometry": { "type": "Polygon", "coordinates": [ [ [ 35.0, 20.0 ], [ 35.0, 25.0 ], [ 30.0, 25.0 ], [ 30.0, 20.0 ], [ 35.0, 20.0 ] ] ] } },
{ "type": "Feature", "properties": { "tile": "africa/e020_s20_e025_s25" }, "geometry": { "type": "Polygon", "coordinates": [ [ [ 25.0, -25.0 ], [ 25.0, -20.0 ], [ 20.0, -20.0 ], [ 20.0, -25.0 ], [ 25.0, -25.0 ] ] ] } },
{ "type": "Feature", "properties": { "tile": "africa/e025_n25_e030_n20" }, "geometry": { "type": "Polygon", "coordinates": [ [ [ 30.0, 20.0 ], [ 30.0, 25.0 ], [ 25.0, 25.0 ], [ 25.0, 20.0 ], [ 30.0, 20.0 ] ] ] } },
{ "type": "Feature", "properties": { "tile": "africa/e005_n15_e010_n10" }, "geometry": { "type": "Polygon", "coordinates": [ [ [ 10.0, 10.0 ], [ 10.0, 15.0 ], [ 5.0, 15.0 ], [ 5.0, 10.0 ], [ 10.0, 10.0 ] ] ] } },
{ "type": "Feature", "properties": { "tile": "africa/e040_n25_e045_n20" }, "geometry": { "type": "Polygon", "coordinates": [ [ [ 45.0, 20.0 ], [ 45.0, 25.0 ], [ 40.0, 25.0 ], [ 40.0, 20.0 ], [ 45.0, 20.0 ] ] ] } },
{ "type": "Feature", "properties": { "tile": "africa/w005_n15_e000_n10" }, "geometry": { "type": "Polygon", "coordinates": [ [ [ 0.0, 10.0 ], [ 0.0, 15.0 ], [ -5.0, 15.0 ], [ -5.0, 10.0 ], [ 0.0, 10.0 ] ] ] } },
{ "type": "Feature", "properties": { "tile": "africa/e025_s10_e030_s15" }, "geometry": { "type": "Polygon", "coordinates": [ [ [ 30.0, -15.0 ], [ 30.0, -10.0 ], [ 25.0, -10.0 ], [ 25.0, -15.0 ], [ 30.0, -15.0 ] ] ] } },
{ "type": "Feature", "properties": { "tile": "africa/w005_n25_e000_n20" }, "geometry": { "type": "Polygon", "coordinates": [ [ [ 0.0, 20.0 ], [ 0.0, 25.0 ], [ -5.0, 25.0 ], [ -5.0, 20.0 ], [ 0.0, 20.0 ] ] ] } },
{ "type": "Feature", "properties": { "tile": "africa/e025_n00_e030_s05" }, "geometry": { "type": "Polygon", "coordinates": [ [ [ 30.0, -5.0 ], [ 30.0, 0.0 ], [ 25.0, 0.0 ], [ 25.0, -5.0 ], [ 30.0, -5.0 ] ] ] } },
{ "type": "Feature", "properties": { "tile": "africa/e025_s30_e030_s35" }, "geometry": { "type": "Polygon", "coordinates": [ [ [ 30.0, -35.0 ], [ 30.0, -30.0 ], [ 25.0, -30.0 ], [ 25.0, -35.0 ], [ 30.0, -35.0 ] ] ] } },
{ "type": "Feature", "properties": { "tile": "africa/e055_n00_e060_s05" }, "geometry": { "type": "Polygon", "coordinates": [ [ [ 60.0, -5.0 ], [ 60.0, 0.0 ], [ 55.0, 0.0 ], [ 55.0, -5.0 ], [ 60.0, -5.0 ] ] ] } },
{ "type": "Feature", "properties": { "tile": "africa/e050_n35_e055_n30" }, "geometry": { "type": "Polygon", "coordinates": [ [ [ 55.0, 30.0 ], [ 55.0, 35.0 ], [ 50.0, 35.0 ], [ 50.0, 30.0 ], [ 55.0, 30.0 ] ] ] } },
{ "type": "Feature", "properties": { "tile": "africa/e025_n20_e030_n15" }, "geometry": { "type": "Polygon", "coordinates": [ [ [ 30.0, 15.0 ], [ 30.0, 20.0 ], [ 25.0, 20.0 ], [ 25.0, 15.0 ], [ 30.0, 15.0 ] ] ] } },
{ "type": "Feature", "properties": { "tile": "africa/e040_n35_e045_n30" }, "geometry": { "type": "Polygon", "coordinates": [ [ [ 45.0, 30.0 ], [ 45.0, 35.0 ], [ 40.0, 35.0 ], [ 40.0, 30.0 ], [ 45.0, 30.0 ] ] ] } },
{ "type": "Feature", "properties": { "tile": "africa/e010_s20_e015_s25" }, "geometry": { "type": "Polygon", "coordinates": [ [ [ 15.0, -25.0 ], [ 15.0, -20.0 ], [ 10.0, -20.0 ], [ 10.0, -25.0 ], [ 15.0, -25.0 ] ] ] } },
{ "type": "Feature", "properties": { "tile": "africa/e020_s05_e025_s10" }, "geometry": { "type": "Polygon", "coordinates": [ [ [ 25.0, -10.0 ], [ 25.0, -5.0 ], [ 20.0, -5.0 ], [ 20.0, -10.0 ], [ 25.0, -10.0 ] ] ] } },
{ "type": "Feature", "properties": { "tile": "africa/e020_n25_e025_n20" }, "geometry": { "type": "Polygon", "coordinates": [ [ [ 25.0, 20.0 ], [ 25.0, 25.0 ], [ 20.0, 25.0 ], [ 20.0, 20.0 ], [ 25.0, 20.0 ] ] ] } },
{ "type": "Feature", "properties": { "tile": "africa/w020_n20_w015_n15" }, "geometry": { "type": "Polygon", "coordinates": [ [ [ -15.0, 15.0 ], [ -15.0, 20.0 ], [ -20.0, 20.0 ], [ -20.0, 15.0 ], [ -15.0, 15.0 ] ] ] } },
{ "type": "Feature", "properties": { "tile": "africa/e025_n05_e030_n00" }, "geometry": { "type": "Polygon", "coordinates": [ [ [ 30.0, 0.0 ], [ 30.0, 5.0 ], [ 25.0, 5.0 ], [ 25.0, 0.0 ], [ 30.0, 0.0 ] ] ] } },
{ "type": "Feature", "properties": { "tile": "africa/e025_s20_e030_s25" }, "geometry": { "type": "Polygon", "coordinates": [ [ [ 30.0, -25.0 ], [ 30.0, -20.0 ], [ 25.0, -20.0 ], [ 25.0, -25.0 ], [ 30.0, -25.0 ] ] ] } },
{ "type": "Feature", "properties": { "tile": "africa/e050_s10_e055_s15" }, "geometry": { "type": "Polygon", "coordinates": [ [ [ 55.0, -15.0 ], [ 55.0, -10.0 ], [ 50.0, -10.0 ], [ 50.0, -15.0 ], [ 55.0, -15.0 ] ] ] } },
{ "type": "Feature", "properties": { "tile": "africa/w010_n10_w005_n05" }, "geometry": { "type": "Polygon", "coordinates": [ [ [ -5.0, 5.0 ], [ -5.0, 10.0 ], [ -10.0, 10.0 ], [ -10.0, 5.0 ], [ -5.0, 5.0 ] ] ] } },
{ "type": "Feature", "properties": { "tile": "africa/w020_n35_w015_n30" }, "geometry": { "type": "Polygon", "coordinates": [ [ [ -15.0, 30.0 ], [ -15.0, 35.0 ], [ -20.0, 35.0 ], [ -20.0, 30.0 ], [ -15.0, 30.0 ] ] ] } },
{ "type": "Feature", "properties": { "tile": "africa/e025_n40_e030_n35" }, "geometry": { "type": "Polygon", "coordinates": [ [ [ 30.0, 35.0 ], [ 30.0, 40.0 ], [ 25.0, 40.0 ], [ 25.0, 35.0 ], [ 30.0, 35.0 ] ] ] } },
{ "type": "Feature", "properties": { "tile": "africa/e035_n20_e040_n15" }, "geometry": { "type": "Polygon", "coordinates": [ [ [ 40.0, 15.0 ], [ 40.0, 20.0 ], [ 35.0, 20.0 ], [ 35.0, 15.0 ], [ 40.0, 15.0 ] ] ] } },
{ "type": "Feature", "properties": { "tile": "africa/e045_s15_e050_s20" }, "geometry": { "type": "Polygon", "coordinates": [ [ [ 50.0, -20.0 ], [ 50.0, -15.0 ], [ 45.0, -15.0 ], [ 45.0, -20.0 ], [ 50.0, -20.0 ] ] ] } },
{ "type": "Feature", "properties": { "tile": "africa/e015_n25_e020_n20" }, "geometry": { "type": "Polygon", "coordinates": [ [ [ 20.0, 20.0 ], [ 20.0, 25.0 ], [ 15.0, 25.0 ], [ 15.0, 20.0 ], [ 20.0, 20.0 ] ] ] } },
{ "type": "Feature", "properties": { "tile": "africa/e020_s30_e025_s35" }, "geometry": { "type": "Polygon", "coordinates": [ [ [ 25.0, -35.0 ], [ 25.0, -30.0 ], [ 20.0, -30.0 ], [ 20.0, -35.0 ], [ 25.0, -35.0 ] ] ] } },
{ "type": "Feature", "properties": { "tile": "africa/e010_n35_e015_n30" }, "geometry": { "type": "Polygon", "coordinates": [ [ [ 15.0, 30.0 ], [ 15.0, 35.0 ], [ 10.0, 35.0 ], [ 10.0, 30.0 ], [ 15.0, 30.0 ] ] ] } },
{ "type": "Feature", "properties": { "tile": "africa/e055_n40_e060_n35" }, "geometry": { "type": "Polygon", "coordinates": [ [ [ 60.0, 35.0 ], [ 60.0, 40.0 ], [ 55.0, 40.0 ], [ 55.0, 35.0 ], [ 60.0, 35.0 ] ] ] } },
{ "type": "Feature", "properties": { "tile": "africa/w010_n05_w005_n00" }, "geometry": { "type": "Polygon", "coordinates": [ [ [ -5.0, 0.0 ], [ -5.0, 5.0 ], [ -10.0, 5.0 ], [ -10.0, 0.0 ], [ -5.0, 0.0 ] ] ] } },
{ "type": "Feature", "properties": { "tile": "africa/e035_n25_e040_n20" }, "geometry": { "type": "Polygon", "coordinates": [ [ [ 40.0, 20.0 ], [ 40.0, 25.0 ], [ 35.0, 25.0 ], [ 35.0, 20.0 ], [ 40.0, 20.0 ] ] ] } },
{ "type": "Feature", "properties": { "tile": "africa/e020_n15_e025_n10" }, "geometry": { "type": "Polygon", "coordinates": [ [ [ 25.0, 10.0 ], [ 25.0, 15.0 ], [ 20.0, 15.0 ], [ 20.0, 10.0 ], [ 25.0, 10.0 ] ] ] } },
{ "type": "Feature", "properties": { "tile": "africa/e045_n10_e050_n05" }, "geometry": { "type": "Polygon", "coordinates": [ [ [ 50.0, 5.0 ], [ 50.0, 10.0 ], [ 45.0, 10.0 ], [ 45.0, 5.0 ], [ 50.0, 5.0 ] ] ] } },
{ "type": "Feature", "properties": { "tile": "africa/e010_n10_e015_n05" }, "geometry": { "type": "Polygon", "coordinates": [ [ [ 15.0, 5.0 ], [ 15.0, 10.0 ], [ 10.0, 10.0 ], [ 10.0, 5.0 ], [ 15.0, 5.0 ] ] ] } },
{ "type": "Feature", "properties": { "tile": "africa/e045_s20_e050_s25" }, "geometry": { "type": "Polygon", "coordinates": [ [ [ 50.0, -25.0 ], [ 50.0, -20.0 ], [ 45.0, -20.0 ], [ 45.0, -25.0 ], [ 50.0, -25.0 ] ] ] } },
{ "type": "Feature", "properties": { "tile": "africa/e040_n10_e045_n05" }, "geometry": { "type": "Polygon", "coordinates": [ [ [ 45.0, 5.0 ], [ 45.0, 10.0 ], [ 40.0, 10.0 ], [ 40.0, 5.0 ], [ 45.0, 5.0 ] ] ] } },
{ "type": "Feature", "properties": { "tile": "africa/e045_n05_e050_n00" }, "geometry": { "type": "Polygon", "coordinates": [ [ [ 50.0, 0.0 ], [ 50.0, 5.0 ], [ 45.0, 5.0 ], [ 45.0, 0.0 ], [ 50.0, 0.0 ] ] ] } },
{ "type": "Feature", "properties": { "tile": "africa/w025_n15_w020_n10" }, "geometry": { "type": "Polygon", "coordinates": [ [ [ -20.0, 10.0 ], [ -20.0, 15.0 ], [ -25.0, 15.0 ], [ -25.0, 10.0 ], [ -20.0, 10.0 ] ] ] } },
{ "type": "Feature", "properties": { "tile": "africa/e020_n30_e025_n25" }, "geometry": { "type": "Polygon", "coordinates": [ [ [ 25.0, 25.0 ], [ 25.0, 30.0 ], [ 20.0, 30.0 ], [ 20.0, 25.0 ], [ 25.0, 25.0 ] ] ] } },
{ "type": "Feature", "properties": { "tile": "africa/e010_n25_e015_n20" }, "geometry": { "type": "Polygon", "coordinates": [ [ [ 15.0, 20.0 ], [ 15.0, 25.0 ], [ 10.0, 25.0 ], [ 10.0, 20.0 ], [ 15.0, 20.0 ] ] ] } },
{ "type": "Feature", "properties": { "tile": "africa/e035_s20_e040_s25" }, "geometry": { "type": "Polygon", "coordinates": [ [ [ 40.0, -25.0 ], [ 40.0, -20.0 ], [ 35.0, -20.0 ], [ 35.0, -25.0 ], [ 40.0, -25.0 ] ] ] } },
{ "type": "Feature", "properties": { "tile": "africa/w015_n25_w010_n20" }, "geometry": { "type": "Polygon", "coordinates": [ [ [ -10.0, 20.0 ], [ -10.0, 25.0 ], [ -15.0, 25.0 ], [ -15.0, 20.0 ], [ -10.0, 20.0 ] ] ] } },
{ "type": "Feature", "properties": { "tile": "africa/e030_n40_e035_n35" }, "geometry": { "type": "Polygon", "coordinates": [ [ [ 35.0, 35.0 ], [ 35.0, 40.0 ], [ 30.0, 40.0 ], [ 30.0, 35.0 ], [ 35.0, 35.0 ] ] ] } },
{ "type": "Feature", "properties": { "tile": "africa/e005_n05_e010_n00" }, "geometry": { "type": "Polygon", "coordinates": [ [ [ 10.0, 0.0 ], [ 10.0, 5.0 ], [ 5.0, 5.0 ], [ 5.0, 0.0 ], [ 10.0, 0.0 ] ] ] } },
{ "type": "Feature", "properties": { "tile": "africa/w025_n20_w020_n15" }, "geometry": { "type": "Polygon", "coordinates": [ [ [ -20.0, 15.0 ], [ -20.0, 20.0 ], [ -25.0, 20.0 ], [ -25.0, 15.0 ], [ -20.0, 15.0 ] ] ] } },
{ "type": "Feature", "properties": { "tile": "africa/e050_s15_e055_s20" }, "geometry": { "type": "Polygon", "coordinates": [ [ [ 55.0, -20.0 ], [ 55.0, -15.0 ], [ 50.0, -15.0 ], [ 50.0, -20.0 ], [ 55.0, -20.0 ] ] ] } },
{ "type": "Feature", "properties": { "tile": "africa/e045_n30_e050_n25" }, "geometry": { "type": "Polygon", "coordinates": [ [ [ 50.0, 25.0 ], [ 50.0, 30.0 ], [ 45.0, 30.0 ], [ 45.0, 25.0 ], [ 50.0, 25.0 ] ] ] } },
{ "type": "Feature", "properties": { "tile": "africa/e040_n00_e045_s05" }, "geometry": { "type": "Polygon", "coordinates": [ [ [ 45.0, -5.0 ], [ 45.0, 0.0 ], [ 40.0, 0.0 ], [ 40.0, -5.0 ], [ 45.0, -5.0 ] ] ] } },
{ "type": "Feature", "properties": { "tile": "africa/e000_n25_e005_n20" }, "geometry": { "type": "Polygon", "coordinates": [ [ [ 5.0, 20.0 ], [ 5.0, 25.0 ], [ 0.0, 25.0 ], [ 0.0, 20.0 ], [ 5.0, 20.0 ] ] ] } },
{ "type": "Feature", "properties": { "tile": "africa/e010_n30_e015_n25" }, "geometry": { "type": "Polygon", "coordinates": [ [ [ 15.0, 25.0 ], [ 15.0, 30.0 ], [ 10.0, 30.0 ], [ 10.0, 25.0 ], [ 15.0, 25.0 ] ] ] } },
{ "type": "Feature", "properties": { "tile": "africa/e035_s05_e040_s10" }, "geometry": { "type": "Polygon", "coordinates": [ [ [ 40.0, -10.0 ], [ 40.0, -5.0 ], [ 35.0, -5.0 ], [ 35.0, -10.0 ], [ 40.0, -10.0 ] ] ] } },
{ "type": "Feature", "properties": { "tile": "africa/e030_n30_e035_n25" }, "geometry": { "type": "Polygon", "coordinates": [ [ [ 35.0, 25.0 ], [ 35.0, 30.0 ], [ 30.0, 30.0 ], [ 30.0, 25.0 ], [ 35.0, 25.0 ] ] ] } },
{ "type": "Feature", "properties": { "tile": "africa/e035_s15_e040_s20" }, "geometry": { "type": "Polygon", "coordinates": [ [ [ 40.0, -20.0 ], [ 40.0, -15.0 ], [ 35.0, -15.0 ], [ 35.0, -20.0 ], [ 40.0, -20.0 ] ] ] } },
{ "type": "Feature", "properties": { "tile": "africa/e030_s05_e035_s10" }, "geometry": { "type": "Polygon", "coordinates": [ [ [ 35.0, -10.0 ], [ 35.0, -5.0 ], [ 30.0, -5.0 ], [ 30.0, -10.0 ], [ 35.0, -10.0 ] ] ] } },
{ "type": "Feature", "properties": { "tile": "africa/w010_n35_w005_n30" }, "geometry": { "type": "Polygon", "coordinates": [ [ [ -5.0, 30.0 ], [ -5.0, 35.0 ], [ -10.0, 35.0 ], [ -10.0, 30.0 ], [ -5.0, 30.0 ] ] ] } },
{ "type": "Feature", "properties": { "tile": "africa/e015_n30_e020_n25" }, "geometry": { "type": "Polygon", "coordinates": [ [ [ 20.0, 25.0 ], [ 20.0, 30.0 ], [ 15.0, 30.0 ], [ 15.0, 25.0 ], [ 20.0, 25.0 ] ] ] } },
{ "type": "Feature", "properties": { "tile": "africa/e030_s20_e035_s25" }, "geometry": { "type": "Polygon", "coordinates": [ [ [ 35.0, -25.0 ], [ 35.0, -20.0 ], [ 30.0, -20.0 ], [ 30.0, -25.0 ], [ 35.0, -25.0 ] ] ] } },
{ "type": "Feature", "properties": { "tile": "africa/e005_n40_e010_n35" }, "geometry": { "type": "Polygon", "coordinates": [ [ [ 10.0, 35.0 ], [ 10.0, 40.0 ], [ 5.0, 40.0 ], [ 5.0, 35.0 ], [ 10.0, 35.0 ] ] ] } },
{ "type": "Feature", "properties": { "tile": "africa/e055_s10_e060_s15" }, "geometry": { "type": "Polygon", "coordinates": [ [ [ 60.0, -15.0 ], [ 60.0, -10.0 ], [ 55.0, -10.0 ], [ 55.0, -15.0 ], [ 60.0, -15.0 ] ] ] } },
{ "type": "Feature", "properties": { "tile": "africa/e020_n05_e025_n00" }, "geometry": { "type": "Polygon", "coordinates": [ [ [ 25.0, 0.0 ], [ 25.0, 5.0 ], [ 20.0, 5.0 ], [ 20.0, 0.0 ], [ 25.0, 0.0 ] ] ] } },
{ "type": "Feature", "properties": { "tile": "africa/e050_n25_e055_n20" }, "geometry": { "type": "Polygon", "coordinates": [ [ [ 55.0, 20.0 ], [ 55.0, 25.0 ], [ 50.0, 25.0 ], [ 50.0, 20.0 ], [ 55.0, 20.0 ] ] ] } },
{ "type": "Feature", "properties": { "tile": "africa/e030_s25_e035_s30" }, "geometry": { "type": "Polygon", "coordinates": [ [ [ 35.0, -30.0 ], [ 35.0, -25.0 ], [ 30.0, -25.0 ], [ 30.0, -30.0 ], [ 35.0, -30.0 ] ] ] } },
{ "type": "Feature", "properties": { "tile": "africa/w020_n15_w015_n10" }, "geometry": { "type": "Polygon", "coordinates": [ [ [ -15.0, 10.0 ], [ -15.0, 15.0 ], [ -20.0, 15.0 ], [ -20.0, 10.0 ], [ -15.0, 10.0 ] ] ] } },
{ "type": "Feature", "properties": { "tile": "africa/e030_n05_e035_n00" }, "geometry": { "type": "Polygon", "coordinates": [ [ [ 35.0, 0.0 ], [ 35.0, 5.0 ], [ 30.0, 5.0 ], [ 30.0, 0.0 ], [ 35.0, 0.0 ] ] ] } },
{ "type": "Feature", "properties": { "tile": "africa/e020_s25_e025_s30" }, "geometry": { "type": "Polygon", "coordinates": [ [ [ 25.0, -30.0 ], [ 25.0, -25.0 ], [ 20.0, -25.0 ], [ 20.0, -30.0 ], [ 25.0, -30.0 ] ] ] } },
{ "type": "Feature", "properties": { "tile": "africa/e015_s05_e020_s10" }, "geometry": { "type": "Polygon", "coordinates": [ [ [ 20.0, -10.0 ], [ 20.0, -5.0 ], [ 15.0, -5.0 ], [ 15.0, -10.0 ], [ 20.0, -10.0 ] ] ] } },
{ "type": "Feature", "properties": { "tile": "africa/e055_n25_e060_n20" }, "geometry": { "type": "Polygon", "coordinates": [ [ [ 60.0, 20.0 ], [ 60.0, 25.0 ], [ 55.0, 25.0 ], [ 55.0, 20.0 ], [ 60.0, 20.0 ] ] ] } },
{ "type": "Feature", "properties": { "tile": "africa/w010_n20_w005_n15" }, "geometry": { "type": "Polygon", "coordinates": [ [ [ -5.0, 15.0 ], [ -5.0, 20.0 ], [ -10.0, 20.0 ], [ -10.0, 15.0 ], [ -5.0, 15.0 ] ] ] } },
{ "type": "Feature", "properties": { "tile": "africa/e055_s15_e060_s20" }, "geometry": { "type": "Polygon", "coordinates": [ [ [ 60.0, -20.0 ], [ 60.0, -15.0 ], [ 55.0, -15.0 ], [ 55.0, -20.0 ], [ 60.0, -20.0 ] ] ] } },
{ "type": "Feature", "properties": { "tile": "africa/e020_n40_e025_n35" }, "geometry": { "type": "Polygon", "coordinates": [ [ [ 25.0, 35.0 ], [ 25.0, 40.0 ], [ 20.0, 40.0 ], [ 20.0, 35.0 ], [ 25.0, 35.0 ] ] ] } },
{ "type": "Feature", "properties": { "tile": "africa/e005_n00_e010_s05" }, "geometry": { "type": "Polygon", "coordinates": [ [ [ 10.0, -5.0 ], [ 10.0, 0.0 ], [ 5.0, 0.0 ], [ 5.0, -5.0 ], [ 10.0, -5.0 ] ] ] } },
{ "type": "Feature", "properties": { "tile": "africa/e015_s15_e020_s20" }, "geometry": { "type": "Polygon", "coordinates": [ [ [ 20.0, -20.0 ], [ 20.0, -15.0 ], [ 15.0, -15.0 ], [ 15.0, -20.0 ], [ 20.0, -20.0 ] ] ] } },
{ "type": "Feature", "properties": { "tile": "africa/e040_n05_e045_n00" }, "geometry": { "type": "Polygon", "coordinates": [ [ [ 45.0, 0.0 ], [ 45.0, 5.0 ], [ 40.0, 5.0 ], [ 40.0, 0.0 ], [ 45.0, 0.0 ] ] ] } },
{ "type": "Feature", "properties": { "tile": "africa/w005_n30_e000_n25" }, "geometry": { "type": "Polygon", "coordinates": [ [ [ 0.0, 25.0 ], [ 0.0, 30.0 ], [ -5.0, 30.0 ], [ -5.0, 25.0 ], [ 0.0, 25.0 ] ] ] } },
{ "type": "Feature", "properties": { "tile": "africa/e040_n30_e045_n25" }, "geometry": { "type": "Polygon", "coordinates": [ [ [ 45.0, 25.0 ], [ 45.0, 30.0 ], [ 40.0, 30.0 ], [ 40.0, 25.0 ], [ 45.0, 25.0 ] ] ] } },
{ "type": "Feature", "properties": { "tile": "africa/e000_n35_e005_n30" }, "geometry": { "type": "Polygon", "coordinates": [ [ [ 5.0, 30.0 ], [ 5.0, 35.0 ], [ 0.0, 35.0 ], [ 0.0, 30.0 ], [ 5.0, 30.0 ] ] ] } },
{ "type": "Feature", "properties": { "tile": "africa/e030_n00_e035_s05" }, "geometry": { "type": "Polygon", "coordinates": [ [ [ 35.0, -5.0 ], [ 35.0, 0.0 ], [ 30.0, 0.0 ], [ 30.0, -5.0 ], [ 35.0, -5.0 ] ] ] } },
{ "type": "Feature", "properties": { "tile": "africa/e000_n10_e005_n05" }, "geometry": { "type": "Polygon", "coordinates": [ [ [ 5.0, 5.0 ], [ 5.0, 10.0 ], [ 0.0, 10.0 ], [ 0.0, 5.0 ], [ 5.0, 5.0 ] ] ] } },
{ "type": "Feature", "properties": { "tile": "africa/e015_n00_e020_s05" }, "geometry": { "type": "Polygon", "coordinates": [ [ [ 20.0, -5.0 ], [ 20.0, 0.0 ], [ 15.0, 0.0 ], [ 15.0, -5.0 ], [ 20.0, -5.0 ] ] ] } },
{ "type": "Feature", "properties": { "tile": "africa/e040_n20_e045_n15" }, "geometry": { "type": "Polygon", "coordinates": [ [ [ 45.0, 15.0 ], [ 45.0, 20.0 ], [ 40.0, 20.0 ], [ 40.0, 15.0 ], [ 45.0, 15.0 ] ] ] } },
{ "type": "Feature", "properties": { "tile": "africa/e015_n40_e020_n35" }, "geometry": { "type": "Polygon", "coordinates": [ [ [ 20.0, 35.0 ], [ 20.0, 40.0 ], [ 15.0, 40.0 ], [ 15.0, 35.0 ], [ 20.0, 35.0 ] ] ] } },
{ "type": "Feature", "properties": { "tile": "africa/e035_n30_e040_n25" }, "geometry": { "type": "Polygon", "coordinates": [ [ [ 40.0, 25.0 ], [ 40.0, 30.0 ], [ 35.0, 30.0 ], [ 35.0, 25.0 ], [ 40.0, 25.0 ] ] ] } },
{ "type": "Feature", "properties": { "tile": "africa/e045_n25_e050_n20" }, "geometry": { "type": "Polygon", "coordinates": [ [ [ 50.0, 20.0 ], [ 50.0, 25.0 ], [ 45.0, 25.0 ], [ 45.0, 20.0 ], [ 50.0, 20.0 ] ] ] } },
{ "type": "Feature", "properties": { "tile": "africa/e050_n20_e055_n15" }, "geometry": { "type": "Polygon", "coordinates": [ [ [ 55.0, 15.0 ], [ 55.0, 20.0 ], [ 50.0, 20.0 ], [ 50.0, 15.0 ], [ 55.0, 15.0 ] ] ] } },
{ "type": "Feature", "properties": { "tile": "africa/e010_n15_e015_n10" }, "geometry": { "type": "Polygon", "coordinates": [ [ [ 15.0, 10.0 ], [ 15.0, 15.0 ], [ 10.0, 15.0 ], [ 10.0, 10.0 ], [ 15.0, 10.0 ] ] ] } },
{ "type": "Feature", "properties": { "tile": "northamerica/w115_n35_w110_n30" }, "geometry": { "type": "Polygon", "coordinates": [ [ [ -110.0, 30.0 ], [ -110.0, 35.0 ], [ -115.0, 35.0 ], [ -115.0, 30.0 ], [ -110.0, 30.0 ] ] ] } },
{ "type": "Feature", "properties": { "tile": "northamerica/w110_n65_w105_n60" }, "geometry": { "type": "Polygon", "coordinates": [ [ [ -105.0, 60.0 ], [ -105.0, 65.0 ], [ -110.0, 65.0 ], [ -110.0, 60.0 ], [ -105.0, 60.0 ] ] ] } },
{ "type": "Feature", "properties": { "tile": "northamerica/w125_n55_w120_n50" }, "geometry": { "type": "Polygon", "coordinates": [ [ [ -120.0, 50.0 ], [ -120.0, 55.0 ], [ -125.0, 55.0 ], [ -125.0, 50.0 ], [ -120.0, 50.0 ] ] ] } },
{ "type": "Feature", "properties": { "tile": "northamerica/w150_n60_w145_n55" }, "geometry": { "type": "Polygon", "coordinates": [ [ [ -145.0, 55.0 ], [ -145.0, 60.0 ], [ -150.0, 60.0 ], [ -150.0, 55.0 ], [ -145.0, 55.0 ] ] ] } },
{ "type": "Feature", "properties": { "tile": "northamerica/w075_n40_w070_n35" }, "geometry": { "type": "Polygon", "coordinates": [ [ [ -70.0, 35.0 ], [ -70.0, 40.0 ], [ -75.0, 40.0 ], [ -75.0, 35.0 ], [ -70.0, 35.0 ] ] ] } },
{ "type": "Feature", "properties": { "tile": "northamerica/w115_n25_w110_n20" }, "geometry": { "type": "Polygon", "coordinates": [ [ [ -110.0, 20.0 ], [ -110.0, 25.0 ], [ -115.0, 25.0 ], [ -115.0, 20.0 ], [ -110.0, 20.0 ] ] ] } },
{ "type": "Feature", "properties": { "tile": "northamerica/w155_n75_w150_n70" }, "geometry": { "type": "Polygon", "coordinates": [ [ [ -150.0, 70.0 ], [ -150.0, 75.0 ], [ -155.0, 75.0 ], [ -155.0, 70.0 ], [ -150.0, 70.0 ] ] ] } },
{ "type": "Feature", "properties": { "tile": "northamerica/w170_n65_w165_n60" }, "geometry": { "type": "Polygon", "coordinates": [ [ [ -165.0, 60.0 ], [ -165.0, 65.0 ], [ -170.0, 65.0 ], [ -170.0, 60.0 ], [ -165.0, 60.0 ] ] ] } },
{ "type": "Feature", "properties": { "tile": "northamerica/w105_n45_w100_n40" }, "geometry": { "type": "Polygon", "coordinates": [ [ [ -100.0, 40.0 ], [ -100.0, 45.0 ], [ -105.0, 45.0 ], [ -105.0, 40.0 ], [ -100.0, 40.0 ] ] ] } },
{ "type": "Feature", "properties": { "tile": "northamerica/w100_n40_w095_n35" }, "geometry": { "type": "Polygon", "coordinates": [ [ [ -95.0, 35.0 ], [ -95.0, 40.0 ], [ -100.0, 40.0 ], [ -100.0, 35.0 ], [ -95.0, 35.0 ] ] ] } },
{ "type": "Feature", "properties": { "tile": "northamerica/w080_n60_w075_n55" }, "geometry": { "type": "Polygon", "coordinates": [ [ [ -75.0, 55.0 ], [ -75.0, 60.0 ], [ -80.0, 60.0 ], [ -80.0, 55.0 ], [ -75.0, 55.0 ] ] ] } },
{ "type": "Feature", "properties": { "tile": "northamerica/w135_n60_w130_n55" }, "geometry": { "type": "Polygon", "coordinates": [ [ [ -130.0, 55.0 ], [ -130.0, 60.0 ], [ -135.0, 60.0 ], [ -135.0, 55.0 ], [ -130.0, 55.0 ] ] ] } },
{ "type": "Feature", "properties": { "tile": "northamerica/w155_n20_w150_n15" }, "geometry": { "type": "Polygon", "coordinates": [ [ [ -150.0, 15.0 ], [ -150.0, 20.0 ], [ -155.0, 20.0 ], [ -155.0, 15.0 ], [ -150.0, 15.0 ] ] ] } },
{ "type": "Feature", "properties": { "tile": "northamerica/w170_n60_w165_n55" }, "geometry": { "type": "Polygon", "coordinates": [ [ [ -165.0, 55.0 ], [ -165.0, 60.0 ], [ -170.0, 60.0 ], [ -170.0, 55.0 ], [ -165.0, 55.0 ] ] ] } },
{ "type": "Feature", "properties": { "tile": "northamerica/w055_n50_w050_n45" }, "geometry": { "type": "Polygon", "coordinates": [ [ [ -50.0, 45.0 ], [ -50.0, 50.0 ], [ -55.0, 50.0 ], [ -55.0, 45.0 ], [ -50.0, 45.0 ] ] ] } },
{ "type": "Feature", "properties": { "tile": "northamerica/w030_n40_w025_n35" }, "geometry": { "type": "Polygon", "coordinates": [ [ [ -25.0, 35.0 ], [ -25.0, 40.0 ], [ -30.0, 40.0 ], [ -30.0, 35.0 ], [ -25.0, 35.0 ] ] ] } },
{ "type": "Feature", "properties": { "tile": "northamerica/w080_n40_w075_n35" }, "geometry": { "type": "Polygon", "coordinates": [ [ [ -75.0, 35.0 ], [ -75.0, 40.0 ], [ -80.0, 40.0 ], [ -80.0, 35.0 ], [ -75.0, 35.0 ] ] ] } },
{ "type": "Feature", "properties": { "tile": "northamerica/w110_n55_w105_n50" }, "geometry": { "type": "Polygon", "coordinates": [ [ [ -105.0, 50.0 ], [ -105.0, 55.0 ], [ -110.0, 55.0 ], [ -110.0, 50.0 ], [ -105.0, 50.0 ] ] ] } },
{ "type": "Feature", "properties": { "tile": "northamerica/w165_n65_w160_n60" }, "geometry": { "type": "Polygon", "coordinates": [ [ [ -160.0, 60.0 ], [ -160.0, 65.0 ], [ -165.0, 65.0 ], [ -165.0, 60.0 ], [ -160.0, 60.0 ] ] ] } },
{ "type": "Feature", "properties": { "tile": "northamerica/w080_n45_w075_n40" }, "geometry": { "type": "Polygon", "coordinates": [ [ [ -75.0, 40.0 ], [ -75.0, 45.0 ], [ -80.0, 45.0 ], [ -80.0, 40.0 ], [ -75.0, 40.0 ] ] ] } },
{ "type": "Feature", "properties": { "tile": "northamerica/w110_n35_w105_n30" }, "geometry": { "type": "Polygon", "coordinates": [ [ [ -105.0, 30.0 ], [ -105.0, 35.0 ], [ -110.0, 35.0 ], [ -110.0, 30.0 ], [ -105.0, 30.0 ] ] ] } },
{ "type": "Feature", "properties": { "tile": "northamerica/w055_n65_w050_n60" }, "geometry": { "type": "Polygon", "coordinates": [ [ [ -50.0, 60.0 ], [ -50.0, 65.0 ], [ -55.0, 65.0 ], [ -55.0, 60.0 ], [ -50.0, 60.0 ] ] ] } },
{ "type": "Feature", "properties": { "tile": "northamerica/w120_n75_w115_n70" }, "geometry": { "type": "Polygon", "coordinates": [ [ [ -115.0, 70.0 ], [ -115.0, 75.0 ], [ -120.0, 75.0 ], [ -120.0, 70.0 ], [ -115.0, 70.0 ] ] ] } },
{ "type": "Feature", "properties": { "tile": "northamerica/w110_n50_w105_n45" }, "geometry": { "type": "Polygon", "coordinates": [ [ [ -105.0, 45.0 ], [ -105.0, 50.0 ], [ -110.0, 50.0 ], [ -110.0, 45.0 ], [ -105.0, 45.0 ] ] ] } },
{ "type": "Feature", "properties": { "tile": "northamerica/w105_n25_w100_n20" }, "geometry": { "type": "Polygon", "coordinates": [ [ [ -100.0, 20.0 ], [ -100.0, 25.0 ], [ -105.0, 25.0 ], [ -105.0, 20.0 ], [ -100.0, 20.0 ] ] ] } },
{ "type": "Feature", "properties": { "tile": "northamerica/w145_n70_w140_n65" }, "geometry": { "type": "Polygon", "coordinates": [ [ [ -140.0, 65.0 ], [ -140.0, 70.0 ], [ -145.0, 70.0 ], [ -145.0, 65.0 ], [ -140.0, 65.0 ] ] ] } },
{ "type": "Feature", "properties": { "tile": "northamerica/w100_n50_w095_n45" }, "geometry": { "type": "Polygon", "coordinates": [ [ [ -95.0, 45.0 ], [ -95.0, 50.0 ], [ -100.0, 50.0 ], [ -100.0, 45.0 ], [ -95.0, 45.0 ] ] ] } },
{ "type": "Feature", "properties": { "tile": "northamerica/w120_n30_w115_n25" }, "geometry": { "type": "Polygon", "coordinates": [ [ [ -115.0, 25.0 ], [ -115.0, 30.0 ], [ -120.0, 30.0 ], [ -120.0, 25.0 ], [ -115.0, 25.0 ] ] ] } },
{ "type": "Feature", "properties": { "tile": "northamerica/w085_n70_w080_n65" }, "geometry": { "type": "Polygon", "coordinates": [ [ [ -80.0, 65.0 ], [ -80.0, 70.0 ], [ -85.0, 70.0 ], [ -85.0, 65.0 ], [ -80.0, 65.0 ] ] ] } },
{ "type": "Feature", "properties": { "tile": "northamerica/w165_n75_w160_n70" }, "geometry": { "type": "Polygon", "coordinates": [ [ [ -160.0, 70.0 ], [ -160.0, 75.0 ], [ -165.0, 75.0 ], [ -165.0, 70.0 ], [ -160.0, 70.0 ] ] ] } },
{ "type": "Feature", "properties": { "tile": "northamerica/w140_n70_w135_n65" }, "geometry": { "type": "Polygon", "coordinates": [ [ [ -135.0, 65.0 ], [ -135.0, 70.0 ], [ -140.0, 70.0 ], [ -140.0, 65.0 ], [ -135.0, 65.0 ] ] ] } },
{ "type": "Feature", "properties": { "tile": "northamerica/w085_n65_w080_n60" }, "geometry": { "type": "Polygon", "coordinates": [ [ [ -80.0, 60.0 ], [ -80.0, 65.0 ], [ -85.0, 65.0 ], [ -85.0, 60.0 ], [ -80.0, 60.0 ] ] ] } },
{ "type": "Feature", "properties": { "tile": "northamerica/w115_n30_w110_n25" }, "geometry": { "type": "Polygon", "coordinates": [ [ [ -110.0, 25.0 ], [ -110.0, 30.0 ], [ -115.0, 30.0 ], [ -115.0, 25.0 ], [ -110.0, 25.0 ] ] ] } },
{ "type": "Feature", "properties": { "tile": "northamerica/w130_n60_w125_n55" }, "geometry": { "type": "Polygon", "coordinates": [ [ [ -125.0, 55.0 ], [ -125.0, 60.0 ], [ -130.0, 60.0 ], [ -130.0, 55.0 ], [ -125.0, 55.0 ] ] ] } },
{ "type": "Feature", "properties": { "tile": "northamerica/w095_n60_w090_n55" }, "geometry": { "type": "Polygon", "coordinates": [ [ [ -90.0, 55.0 ], [ -90.0, 60.0 ], [ -95.0, 60.0 ], [ -95.0, 55.0 ], [ -90.0, 55.0 ] ] ] } },
{ "type": "Feature", "properties": { "tile": "northamerica/w165_n55_w160_n50" }, "geometry": { "type": "Polygon", "coordinates": [ [ [ -160.0, 50.0 ], [ -160.0, 55.0 ], [ -165.0, 55.0 ], [ -165.0, 50.0 ], [ -160.0, 50.0 ] ] ] } },
{ "type": "Feature", "properties": { "tile": "northamerica/w095_n30_w090_n25" }, "geometry": { "type": "Polygon", "coordinates": [ [ [ -90.0, 25.0 ], [ -90.0, 30.0 ], [ -95.0, 30.0 ], [ -95.0, 25.0 ], [ -90.0, 25.0 ] ] ] } },
{ "type": "Feature", "properties": { "tile": "northamerica/w100_n55_w095_n50" }, "geometry": { "type": "Polygon", "coordinates": [ [ [ -95.0, 50.0 ], [ -95.0, 55.0 ], [ -100.0, 55.0 ], [ -100.0, 50.0 ], [ -95.0, 50.0 ] ] ] } },
{ "type": "Feature", "properties": { "tile": "northamerica/w085_n40_w080_n35" }, "geometry": { "type": "Polygon", "coordinates": [ [ [ -80.0, 35.0 ], [ -80.0, 40.0 ], [ -85.0, 40.0 ], [ -85.0, 35.0 ], [ -80.0, 35.0 ] ] ] } },
{ "type": "Feature", "properties": { "tile": "northamerica/w085_n45_w080_n40" }, "geometry": { "type": "Polygon", "coordinates": [ [ [ -80.0, 40.0 ], [ -80.0, 45.0 ], [ -85.0, 45.0 ], [ -85.0, 40.0 ], [ -80.0, 40.0 ] ] ] } },
{ "type": "Feature", "properties": { "tile": "northamerica/w105_n40_w100_n35" }, "geometry": { "type": "Polygon", "coordinates": [ [ [ -100.0, 35.0 ], [ -100.0, 40.0 ], [ -105.0, 40.0 ], [ -105.0, 35.0 ], [ -100.0, 35.0 ] ] ] } },
{ "type": "Feature", "properties": { "tile": "northamerica/w105_n55_w100_n50" }, "geometry": { "type": "Polygon", "coordinates": [ [ [ -100.0, 50.0 ], [ -100.0, 55.0 ], [ -105.0, 55.0 ], [ -105.0, 50.0 ], [ -100.0, 50.0 ] ] ] } },
{ "type": "Feature", "properties": { "tile": "northamerica/w115_n40_w110_n35" }, "geometry": { "type": "Polygon", "coordinates": [ [ [ -110.0, 35.0 ], [ -110.0, 40.0 ], [ -115.0, 40.0 ], [ -115.0, 35.0 ], [ -110.0, 35.0 ] ] ] } },
{ "type": "Feature", "properties": { "tile": "northamerica/w090_n30_w085_n25" }, "geometry": { "type": "Polygon", "coordinates": [ [ [ -85.0, 25.0 ], [ -85.0, 30.0 ], [ -90.0, 30.0 ], [ -90.0, 25.0 ], [ -85.0, 25.0 ] ] ] } },
{ "type": "Feature", "properties": { "tile": "northamerica/w070_n45_w065_n40" }, "geometry": { "type": "Polygon", "coordinates": [ [ [ -65.0, 40.0 ], [ -65.0, 45.0 ], [ -70.0, 45.0 ], [ -70.0, 40.0 ], [ -65.0, 40.0 ] ] ] } },
{ "type": "Feature", "properties": { "tile": "northamerica/w080_n50_w075_n45" }, "geometry": { "type": "Polygon", "coordinates": [ [ [ -75.0, 45.0 ], [ -75.0, 50.0 ], [ -80.0, 50.0 ], [ -80.0, 45.0 ], [ -75.0, 45.0 ] ] ] } },
{ "type": "Feature", "properties": { "tile": "northamerica/w075_n50_w070_n45" }, "geometry": { "type": "Polygon", "coordinates": [ [ [ -70.0, 45.0 ], [ -70.0, 50.0 ], [ -75.0, 50.0 ], [ -75.0, 45.0 ], [ -70.0, 45.0 ] ] ] } },
{ "type": "Feature", "properties": { "tile": "northamerica/w095_n40_w090_n35" }, "geometry": { "type": "Polygon", "coordinates": [ [ [ -90.0, 35.0 ], [ -90.0, 40.0 ], [ -95.0, 40.0 ], [ -95.0, 35.0 ], [ -90.0, 35.0 ] ] ] } },
{ "type": "Feature", "properties": { "tile": "northamerica/w070_n55_w065_n50" }, "geometry": { "type": "Polygon", "coordinates": [ [ [ -65.0, 50.0 ], [ -65.0, 55.0 ], [ -70.0, 55.0 ], [ -70.0, 50.0 ], [ -65.0, 50.0 ] ] ] } },
{ "type": "Feature", "properties": { "tile": "northamerica/w095_n20_w090_n15" }, "geometry": { "type": "Polygon", "coordinates": [ [ [ -90.0, 15.0 ], [ -90.0, 20.0 ], [ -95.0, 20.0 ], [ -95.0, 15.0 ], [ -90.0, 15.0 ] ] ] } },
{ "type": "Feature", "properties": { "tile": "northamerica/w075_n20_w070_n15" }, "geometry": { "type": "Polygon", "coordinates": [ [ [ -70.0, 15.0 ], [ -70.0, 20.0 ], [ -75.0, 20.0 ], [ -75.0, 15.0 ], [ -70.0, 15.0 ] ] ] } },
{ "type": "Feature", "properties": { "tile": "northamerica/w070_n65_w065_n60" }, "geometry": { "type": "Polygon", "coordinates": [ [ [ -65.0, 60.0 ], [ -65.0, 65.0 ], [ -70.0, 65.0 ], [ -70.0, 60.0 ], [ -65.0, 60.0 ] ] ] } },
{ "type": "Feature", "properties": { "tile": "northamerica/w050_n60_w045_n55" }, "geometry": { "type": "Polygon", "coordinates": [ [ [ -45.0, 55.0 ], [ -45.0, 60.0 ], [ -50.0, 60.0 ], [ -50.0, 55.0 ], [ -45.0, 55.0 ] ] ] } },
{ "type": "Feature", "properties": { "tile": "northamerica/w125_n35_w120_n30" }, "geometry": { "type": "Polygon", "coordinates": [ [ [ -120.0, 30.0 ], [ -120.0, 35.0 ], [ -125.0, 35.0 ], [ -125.0, 30.0 ], [ -120.0, 30.0 ] ] ] } },
{ "type": "Feature", "properties": { "tile": "northamerica/w115_n70_w110_n65" }, "geometry": { "type": "Polygon", "coordinates": [ [ [ -110.0, 65.0 ], [ -110.0, 70.0 ], [ -115.0, 70.0 ], [ -115.0, 65.0 ], [ -110.0, 65.0 ] ] ] } },
{ "type": "Feature", "properties": { "tile": "northamerica/w130_n70_w125_n65" }, "geometry": { "type": "Polygon", "coordinates": [ [ [ -125.0, 65.0 ], [ -125.0, 70.0 ], [ -130.0, 70.0 ], [ -130.0, 65.0 ], [ -125.0, 65.0 ] ] ] } },
{ "type": "Feature", "properties": { "tile": "northamerica/w110_n20_w105_n15" }, "geometry": { "type": "Polygon", "coordinates": [ [ [ -105.0, 15.0 ], [ -105.0, 20.0 ], [ -110.0, 20.0 ], [ -110.0, 15.0 ], [ -105.0, 15.0 ] ] ] } },
{ "type": "Feature", "properties": { "tile": "northamerica/w160_n60_w155_n55" }, "geometry": { "type": "Polygon", "coordinates": [ [ [ -155.0, 55.0 ], [ -155.0, 60.0 ], [ -160.0, 60.0 ], [ -160.0, 55.0 ], [ -155.0, 55.0 ] ] ] } },
{ "type": "Feature", "properties": { "tile": "northamerica/w120_n40_w115_n35" }, "geometry": { "type": "Polygon", "coordinates": [ [ [ -115.0, 35.0 ], [ -115.0, 40.0 ], [ -120.0, 40.0 ], [ -120.0, 35.0 ], [ -115.0, 35.0 ] ] ] } },
{ "type": "Feature", "properties": { "tile": "northamerica/w120_n55_w115_n50" }, "geometry": { "type": "Polygon", "coordinates": [ [ [ -115.0, 50.0 ], [ -115.0, 55.0 ], [ -120.0, 55.0 ], [ -120.0, 50.0 ], [ -115.0, 50.0 ] ] ] } },
{ "type": "Feature", "properties": { "tile": "northamerica/w125_n65_w120_n60" }, "geometry": { "type": "Polygon", "coordinates": [ [ [ -120.0, 60.0 ], [ -120.0, 65.0 ], [ -125.0, 65.0 ], [ -125.0, 60.0 ], [ -120.0, 60.0 ] ] ] } },
{ "type": "Feature", "properties": { "tile": "northamerica/w125_n70_w120_n65" }, "geometry": { "type": "Polygon", "coordinates": [ [ [ -120.0, 65.0 ], [ -120.0, 70.0 ], [ -125.0, 70.0 ], [ -125.0, 65.0 ], [ -120.0, 65.0 ] ] ] } },
{ "type": "Feature", "properties": { "tile": "northamerica/w115_n60_w110_n55" }, "geometry": { "type": "Polygon", "coordinates": [ [ [ -110.0, 55.0 ], [ -110.0, 60.0 ], [ -115.0, 60.0 ], [ -115.0, 55.0 ], [ -110.0, 55.0 ] ] ] } },
{ "type": "Feature", "properties": { "tile": "northamerica/w100_n20_w095_n15" }, "geometry": { "type": "Polygon", "coordinates": [ [ [ -95.0, 15.0 ], [ -95.0, 20.0 ], [ -100.0, 20.0 ], [ -100.0, 15.0 ], [ -95.0, 15.0 ] ] ] } },
{ "type": "Feature", "properties": { "tile": "northamerica/w160_n75_w155_n70" }, "geometry": { "type": "Polygon", "coordinates": [ [ [ -155.0, 70.0 ], [ -155.0, 75.0 ], [ -160.0, 75.0 ], [ -160.0, 70.0 ], [ -155.0, 70.0 ] ] ] } },
{ "type": "Feature", "properties": { "tile": "northamerica/w100_n45_w095_n40" }, "geometry": { "type": "Polygon", "coordinates": [ [ [ -95.0, 40.0 ], [ -95.0, 45.0 ], [ -100.0, 45.0 ], [ -100.0, 40.0 ], [ -95.0, 40.0 ] ] ] } },
{ "type": "Feature", "properties": { "tile": "northamerica/w080_n20_w075_n15" }, "geometry": { "type": "Polygon", "coordinates": [ [ [ -75.0, 15.0 ], [ -75.0, 20.0 ], [ -80.0, 20.0 ], [ -80.0, 15.0 ], [ -75.0, 15.0 ] ] ] } },
{ "type": "Feature", "properties": { "tile": "northamerica/w125_n45_w120_n40" }, "geometry": { "type": "Polygon", "coordinates": [ [ [ -120.0, 40.0 ], [ -120.0, 45.0 ], [ -125.0, 45.0 ], [ -125.0, 40.0 ], [ -120.0, 40.0 ] ] ] } },
{ "type": "Feature", "properties": { "tile": "northamerica/w090_n70_w085_n65" }, "geometry": { "type": "Polygon", "coordinates": [ [ [ -85.0, 65.0 ], [ -85.0, 70.0 ], [ -90.0, 70.0 ], [ -90.0, 65.0 ], [ -85.0, 65.0 ] ] ] } },
{ "type": "Feature", "properties": { "tile": "northamerica/w070_n20_w065_n15" }, "geometry": { "type": "Polygon", "coordinates": [ [ [ -65.0, 15.0 ], [ -65.0, 20.0 ], [ -70.0, 20.0 ], [ -70.0, 15.0 ], [ -65.0, 15.0 ] ] ] } },
{ "type": "Feature", "properties": { "tile": "northamerica/w120_n45_w115_n40" }, "geometry": { "type": "Polygon", "coordinates": [ [ [ -115.0, 40.0 ], [ -115.0, 45.0 ], [ -120.0, 45.0 ], [ -120.0, 40.0 ], [ -115.0, 40.0 ] ] ] } },
{ "type": "Feature", "properties": { "tile": "northamerica/w115_n50_w110_n45" }, "geometry": { "type": "Polygon", "coordinates": [ [ [ -110.0, 45.0 ], [ -110.0, 50.0 ], [ -115.0, 50.0 ], [ -115.0, 45.0 ], [ -110.0, 45.0 ] ] ] } },
{ "type": "Feature", "properties": { "tile": "northamerica/w165_n70_w160_n65" }, "geometry": { "type": "Polygon", "coordinates": [ [ [ -160.0, 65.0 ], [ -160.0, 70.0 ], [ -165.0, 70.0 ], [ -165.0, 65.0 ], [ -160.0, 65.0 ] ] ] } },
{ "type": "Feature", "properties": { "tile": "northamerica/w080_n65_w075_n60" }, "geometry": { "type": "Polygon", "coordinates": [ [ [ -75.0, 60.0 ], [ -75.0, 65.0 ], [ -80.0, 65.0 ], [ -80.0, 60.0 ], [ -75.0, 60.0 ] ] ] } },
{ "type": "Feature", "properties": { "tile": "northamerica/w105_n65_w100_n60" }, "geometry": { "type": "Polygon", "coordinates": [ [ [ -100.0, 60.0 ], [ -100.0, 65.0 ], [ -105.0, 65.0 ], [ -105.0, 60.0 ], [ -100.0, 60.0 ] ] ] } },
{ "type": "Feature", "properties": { "tile": "northamerica/w085_n20_w080_n15" }, "geometry": { "type": "Polygon", "coordinates": [ [ [ -80.0, 15.0 ], [ -80.0, 20.0 ], [ -85.0, 20.0 ], [ -85.0, 15.0 ], [ -80.0, 15.0 ] ] ] } },
{ "type": "Feature", "properties": { "tile": "northamerica/w090_n35_w085_n30" }, "geometry": { "type": "Polygon", "coordinates": [ [ [ -85.0, 30.0 ], [ -85.0, 35.0 ], [ -90.0, 35.0 ], [ -90.0, 30.0 ], [ -85.0, 30.0 ] ] ] } },
{ "type": "Feature", "properties": { "tile": "northamerica/w150_n65_w145_n60" }, "geometry": { "type": "Polygon", "coordinates": [ [ [ -145.0, 60.0 ], [ -145.0, 65.0 ], [ -150.0, 65.0 ], [ -150.0, 60.0 ], [ -145.0, 60.0 ] ] ] } },
{ "type": "Feature", "properties": { "tile": "northamerica/w080_n55_w075_n50" }, "geometry": { "type": "Polygon", "coordinates": [ [ [ -75.0, 50.0 ], [ -75.0, 55.0 ], [ -80.0, 55.0 ], [ -80.0, 50.0 ], [ -75.0, 50.0 ] ] ] } },
{ "type": "Feature", "properties": { "tile": "northamerica/w160_n65_w155_n60" }, "geometry": { "type": "Polygon", "coordinates": [ [ [ -155.0, 60.0 ], [ -155.0, 65.0 ], [ -160.0, 65.0 ], [ -160.0, 60.0 ], [ -155.0, 60.0 ] ] ] } },
{ "type": "Feature", "properties": { "tile": "northamerica/w105_n60_w100_n55" }, "geometry": { "type": "Polygon", "coordinates": [ [ [ -100.0, 55.0 ], [ -100.0, 60.0 ], [ -105.0, 60.0 ], [ -105.0, 55.0 ], [ -100.0, 55.0 ] ] ] } },
{ "type": "Feature", "properties": { "tile": "northamerica/w070_n75_w065_n70" }, "geometry": { "type": "Polygon", "coordinates": [ [ [ -65.0, 70.0 ], [ -65.0, 75.0 ], [ -70.0, 75.0 ], [ -70.0, 70.0 ], [ -65.0, 70.0 ] ] ] } },
{ "type": "Feature", "properties": { "tile": "northamerica/w160_n20_w155_n15" }, "geometry": { "type": "Polygon", "coordinates": [ [ [ -155.0, 15.0 ], [ -155.0, 20.0 ], [ -160.0, 20.0 ], [ -160.0, 15.0 ], [ -155.0, 15.0 ] ] ] } },
{ "type": "Feature", "properties": { "tile": "northamerica/w140_n60_w135_n55" }, "geometry": { "type": "Polygon", "coordinates": [ [ [ -135.0, 55.0 ], [ -135.0, 60.0 ], [ -140.0, 60.0 ], [ -140.0, 55.0 ], [ -135.0, 55.0 ] ] ] } },
{ "type": "Feature", "properties": { "tile": "northamerica/w065_n70_w060_n65" }, "geometry": { "type": "Polygon", "coordinates": [ [ [ -60.0, 65.0 ], [ -60.0, 70.0 ], [ -65.0, 70.0 ], [ -65.0, 65.0 ], [ -60.0, 65.0 ] ] ] } },
{ "type": "Feature", "properties": { "tile": "northamerica/w155_n65_w150_n60" }, "geometry": { "type": "Polygon", "coordinates": [ [ [ -150.0, 60.0 ], [ -150.0, 65.0 ], [ -155.0, 65.0 ], [ -155.0, 60.0 ], [ -150.0, 60.0 ] ] ] } },
{ "type": "Feature", "properties": { "tile": "northamerica/w075_n65_w070_n60" }, "geometry": { "type": "Polygon", "coordinates": [ [ [ -70.0, 60.0 ], [ -70.0, 65.0 ], [ -75.0, 65.0 ], [ -75.0, 60.0 ], [ -70.0, 60.0 ] ] ] } },
{ "type": "Feature", "properties": { "tile": "northamerica/w095_n65_w090_n60" }, "geometry": { "type": "Polygon", "coordinates": [ [ [ -90.0, 60.0 ], [ -90.0, 65.0 ], [ -95.0, 65.0 ], [ -95.0, 60.0 ], [ -90.0, 60.0 ] ] ] } },
{ "type": "Feature", "properties": { "tile": "northamerica/w085_n50_w080_n45" }, "geometry": { "type": "Polygon", "coordinates": [ [ [ -80.0, 45.0 ], [ -80.0, 50.0 ], [ -85.0, 50.0 ], [ -85.0, 45.0 ], [ -80.0, 45.0 ] ] ] } },
{ "type": "Feature", "properties": { "tile": "northamerica/w145_n75_w140_n70" }, "geometry": { "type": "Polygon", "coordinates": [ [ [ -140.0, 70.0 ], [ -140.0, 75.0 ], [ -145.0, 75.0 ], [ -145.0, 70.0 ], [ -140.0, 70.0 ] ] ] } },
{ "type": "Feature", "properties": { "tile": "northamerica/w080_n30_w075_n25" }, "geometry": { "type": "Polygon", "coordinates": [ [ [ -75.0, 25.0 ], [ -75.0, 30.0 ], [ -80.0, 30.0 ], [ -80.0, 25.0 ], [ -75.0, 25.0 ] ] ] } },
{ "type": "Feature", "properties": { "tile": "northamerica/w130_n55_w125_n50" }, "geometry": { "type": "Polygon", "coordinates": [ [ [ -125.0, 50.0 ], [ -125.0, 55.0 ], [ -130.0, 55.0 ], [ -130.0, 50.0 ], [ -125.0, 50.0 ] ] ] } },
{ "type": "Feature", "properties": { "tile": "northamerica/w075_n25_w070_n20" }, "geometry": { "type": "Polygon", "coordinates": [ [ [ -70.0, 20.0 ], [ -70.0, 25.0 ], [ -75.0, 25.0 ], [ -75.0, 20.0 ], [ -70.0, 20.0 ] ] ] } },
{ "type": "Feature", "properties": { "tile": "northamerica/w060_n50_w055_n45" }, "geometry": { "type": "Polygon", "coordinates": [ [ [ -55.0, 45.0 ], [ -55.0, 50.0 ], [ -60.0, 50.0 ], [ -60.0, 45.0 ], [ -55.0, 45.0 ] ] ] } },
{ "type": "Feature", "properties": { "tile": "northamerica/w100_n35_w095_n30" }, "geometry": { "type": "Polygon", "coordinates": [ [ [ -95.0, 30.0 ], [ -95.0, 35.0 ], [ -100.0, 35.0 ], [ -100.0, 30.0 ], [ -95.0, 30.0 ] ] ] } },
{ "type": "Feature", "properties": { "tile": "northamerica/w155_n70_w150_n65" }, "geometry": { "type": "Polygon", "coordinates": [ [ [ -150.0, 65.0 ], [ -150.0, 70.0 ], [ -155.0, 70.0 ], [ -155.0, 65.0 ], [ -150.0, 65.0 ] ] ] } },
{ "type": "Feature", "properties": { "tile": "northamerica/w125_n50_w120_n45" }, "geometry": { "type": "Polygon", "coordinates": [ [ [ -120.0, 45.0 ], [ -120.0, 50.0 ], [ -125.0, 50.0 ], [ -125.0, 45.0 ], [ -120.0, 45.0 ] ] ] } },
{ "type": "Feature", "properties": { "tile": "northamerica/w120_n70_w115_n65" }, "geometry": { "type": "Polygon", "coordinates": [ [ [ -115.0, 65.0 ], [ -115.0, 70.0 ], [ -120.0, 70.0 ], [ -120.0, 65.0 ], [ -115.0, 65.0 ] ] ] } },
{ "type": "Feature", "properties": { "tile": "northamerica/w095_n35_w090_n30" }, "geometry": { "type": "Polygon", "coordinates": [ [ [ -90.0, 30.0 ], [ -90.0, 35.0 ], [ -95.0, 35.0 ], [ -95.0, 30.0 ], [ -90.0, 30.0 ] ] ] } },
{ "type": "Feature", "properties": { "tile": "northamerica/w075_n55_w070_n50" }, "geometry": { "type": "Polygon", "coordinates": [ [ [ -70.0, 50.0 ], [ -70.0, 55.0 ], [ -75.0, 55.0 ], [ -75.0, 50.0 ], [ -70.0, 50.0 ] ] ] } },
{ "type": "Feature", "properties": { "tile": "northamerica/w085_n35_w080_n30" }, "geometry": { "type": "Polygon", "coordinates": [ [ [ -80.0, 30.0 ], [ -80.0, 35.0 ], [ -85.0, 35.0 ], [ -85.0, 30.0 ], [ -80.0, 30.0 ] ] ] } },
{ "type": "Feature", "properties": { "tile": "northamerica/w090_n20_w085_n15" }, "geometry": { "type": "Polygon", "coordinates": [ [ [ -85.0, 15.0 ], [ -85.0, 20.0 ], [ -90.0, 20.0 ], [ -90.0, 15.0 ], [ -85.0, 15.0 ] ] ] } },
{ "type": "Feature", "properties": { "tile": "northamerica/w080_n35_w075_n30" }, "geometry": { "type": "Polygon", "coordinates": [ [ [ -75.0, 30.0 ], [ -75.0, 35.0 ], [ -80.0, 35.0 ], [ -80.0, 30.0 ], [ -75.0, 30.0 ] ] ] } },
{ "type": "Feature", "properties": { "tile": "northamerica/w095_n55_w090_n50" }, "geometry": { "type": "Polygon", "coordinates": [ [ [ -90.0, 50.0 ], [ -90.0, 55.0 ], [ -95.0, 55.0 ], [ -95.0, 50.0 ], [ -90.0, 50.0 ] ] ] } },
{ "type": "Feature", "properties": { "tile": "northamerica/w065_n20_w060_n15" }, "geometry": { "type": "Polygon", "coordinates": [ [ [ -60.0, 15.0 ], [ -60.0, 20.0 ], [ -65.0, 20.0 ], [ -65.0, 15.0 ], [ -60.0, 15.0 ] ] ] } },
{ "type": "Feature", "properties": { "tile": "northamerica/w070_n70_w065_n65" }, "geometry": { "type": "Polygon", "coordinates": [ [ [ -65.0, 65.0 ], [ -65.0, 70.0 ], [ -70.0, 70.0 ], [ -70.0, 65.0 ], [ -65.0, 65.0 ] ] ] } },
{ "type": "Feature", "properties": { "tile": "northamerica/w110_n40_w105_n35" }, "geometry": { "type": "Polygon", "coordinates": [ [ [ -105.0, 35.0 ], [ -105.0, 40.0 ], [ -110.0, 40.0 ], [ -110.0, 35.0 ], [ -105.0, 35.0 ] ] ] } },
{ "type": "Feature", "properties": { "tile": "northamerica/w160_n70_w155_n65" }, "geometry": { "type": "Polygon", "coordinates": [ [ [ -155.0, 65.0 ], [ -155.0, 70.0 ], [ -160.0, 70.0 ], [ -160.0, 65.0 ], [ -155.0, 65.0 ] ] ] } },
{ "type": "Feature", "properties": { "tile": "northamerica/w060_n60_w055_n55" }, "geometry": { "type": "Polygon", "coordinates": [ [ [ -55.0, 55.0 ], [ -55.0, 60.0 ], [ -60.0, 60.0 ], [ -60.0, 55.0 ], [ -55.0, 55.0 ] ] ] } },
{ "type": "Feature", "properties": { "tile": "northamerica/w090_n40_w085_n35" }, "geometry": { "type": "Polygon", "coordinates": [ [ [ -85.0, 35.0 ], [ -85.0, 40.0 ], [ -90.0, 40.0 ], [ -90.0, 35.0 ], [ -85.0, 35.0 ] ] ] } },
{ "type": "Feature", "properties": { "tile": "northamerica/w095_n45_w090_n40" }, "geometry": { "type": "Polygon", "coordinates": [ [ [ -90.0, 40.0 ], [ -90.0, 45.0 ], [ -95.0, 45.0 ], [ -95.0, 40.0 ], [ -90.0, 40.0 ] ] ] } },
{ "type": "Feature", "properties": { "tile": "northamerica/w035_n40_w030_n35" }, "geometry": { "type": "Polygon", "coordinates": [ [ [ -30.0, 35.0 ], [ -30.0, 40.0 ], [ -35.0, 40.0 ], [ -35.0, 35.0 ], [ -30.0, 35.0 ] ] ] } },
{ "type": "Feature", "properties": { "tile": "northamerica/w090_n50_w085_n45" }, "geometry": { "type": "Polygon", "coordinates": [ [ [ -85.0, 45.0 ], [ -85.0, 50.0 ], [ -90.0, 50.0 ], [ -90.0, 45.0 ], [ -85.0, 45.0 ] ] ] } },
{ "type": "Feature", "properties": { "tile": "northamerica/w050_n65_w045_n60" }, "geometry": { "type": "Polygon", "coordinates": [ [ [ -45.0, 60.0 ], [ -45.0, 65.0 ], [ -50.0, 65.0 ], [ -50.0, 60.0 ], [ -45.0, 60.0 ] ] ] } },
{ "type": "Feature", "properties": { "tile": "northamerica/w070_n60_w065_n55" }, "geometry": { "type": "Polygon", "coordinates": [ [ [ -65.0, 55.0 ], [ -65.0, 60.0 ], [ -70.0, 60.0 ], [ -70.0, 55.0 ], [ -65.0, 55.0 ] ] ] } },
{ "type": "Feature", "properties": { "tile": "northamerica/w170_n20_w165_n15" }, "geometry": { "type": "Polygon", "coordinates": [ [ [ -165.0, 15.0 ], [ -165.0, 20.0 ], [ -170.0, 20.0 ], [ -170.0, 15.0 ], [ -165.0, 15.0 ] ] ] } },
{ "type": "Feature", "properties": { "tile": "northamerica/w065_n55_w060_n50" }, "geometry": { "type": "Polygon", "coordinates": [ [ [ -60.0, 50.0 ], [ -60.0, 55.0 ], [ -65.0, 55.0 ], [ -65.0, 50.0 ], [ -60.0, 50.0 ] ] ] } },
{ "type": "Feature", "properties": { "tile": "northamerica/w065_n35_w060_n30" }, "geometry": { "type": "Polygon", "coordinates": [ [ [ -60.0, 30.0 ], [ -60.0, 35.0 ], [ -65.0, 35.0 ], [ -65.0, 30.0 ], [ -60.0, 30.0 ] ] ] } },
{ "type": "Feature", "properties": { "tile": "northamerica/w170_n55_w165_n50" }, "geometry": { "type": "Polygon", "coordinates": [ [ [ -165.0, 50.0 ], [ -165.0, 55.0 ], [ -170.0, 55.0 ], [ -170.0, 50.0 ], [ -165.0, 50.0 ] ] ] } },
{ "type": "Feature", "properties": { "tile": "northamerica/w090_n25_w085_n20" }, "geometry": { "type": "Polygon", "coordinates": [ [ [ -85.0, 20.0 ], [ -85.0, 25.0 ], [ -90.0, 25.0 ], [ -90.0, 20.0 ], [ -85.0, 20.0 ] ] ] } },
{ "type": "Feature", "properties": { "tile": "northamerica/w065_n60_w060_n55" }, "geometry": { "type": "Polygon", "coordinates": [ [ [ -60.0, 55.0 ], [ -60.0, 60.0 ], [ -65.0, 60.0 ], [ -65.0, 55.0 ], [ -60.0, 55.0 ] ] ] } },
{ "type": "Feature", "properties": { "tile": "northamerica/w080_n75_w075_n70" }, "geometry": { "type": "Polygon", "coordinates": [ [ [ -75.0, 70.0 ], [ -75.0, 75.0 ], [ -80.0, 75.0 ], [ -80.0, 70.0 ], [ -75.0, 70.0 ] ] ] } },
{ "type": "Feature", "properties": { "tile": "northamerica/w135_n55_w130_n50" }, "geometry": { "type": "Polygon", "coordinates": [ [ [ -130.0, 50.0 ], [ -130.0, 55.0 ], [ -135.0, 55.0 ], [ -135.0, 50.0 ], [ -130.0, 50.0 ] ] ] } },
{ "type": "Feature", "properties": { "tile": "northamerica/w095_n25_w090_n20" }, "geometry": { "type": "Polygon", "coordinates": [ [ [ -90.0, 20.0 ], [ -90.0, 25.0 ], [ -95.0, 25.0 ], [ -95.0, 20.0 ], [ -90.0, 20.0 ] ] ] } },
{ "type": "Feature", "properties": { "tile": "northamerica/w090_n55_w085_n50" }, "geometry": { "type": "Polygon", "coordinates": [ [ [ -85.0, 50.0 ], [ -85.0, 55.0 ], [ -90.0, 55.0 ], [ -90.0, 50.0 ], [ -85.0, 50.0 ] ] ] } },
{ "type": "Feature", "properties": { "tile": "northamerica/w115_n45_w110_n40" }, "geometry": { "type": "Polygon", "coordinates": [ [ [ -110.0, 40.0 ], [ -110.0, 45.0 ], [ -115.0, 45.0 ], [ -115.0, 40.0 ], [ -110.0, 40.0 ] ] ] } },
{ "type": "Feature", "properties": { "tile": "northamerica/w105_n20_w100_n15" }, "geometry": { "type": "Polygon", "coordinates": [ [ [ -100.0, 15.0 ], [ -100.0, 20.0 ], [ -105.0, 20.0 ], [ -105.0, 15.0 ], [ -100.0, 15.0 ] ] ] } },
{ "type": "Feature", "properties": { "tile": "northamerica/w070_n50_w065_n45" }, "geometry": { "type": "Polygon", "coordinates": [ [ [ -65.0, 45.0 ], [ -65.0, 50.0 ], [ -70.0, 50.0 ], [ -70.0, 45.0 ], [ -65.0, 45.0 ] ] ] } },
{ "type": "Feature", "properties": { "tile": "northamerica/w085_n30_w080_n25" }, "geometry": { "type": "Polygon", "coordinates": [ [ [ -80.0, 25.0 ], [ -80.0, 30.0 ], [ -85.0, 30.0 ], [ -85.0, 25.0 ], [ -80.0, 25.0 ] ] ] } },
{ "type": "Feature", "properties": { "tile": "northamerica/w130_n65_w125_n60" }, "geometry": { "type": "Polygon", "coordinates": [ [ [ -125.0, 60.0 ], [ -125.0, 65.0 ], [ -130.0, 65.0 ], [ -130.0, 60.0 ], [ -125.0, 60.0 ] ] ] } },
{ "type": "Feature", "properties": { "tile": "northamerica/w120_n50_w115_n45" }, "geometry": { "type": "Polygon", "coordinates": [ [ [ -115.0, 45.0 ], [ -115.0, 50.0 ], [ -120.0, 50.0 ], [ -120.0, 45.0 ], [ -115.0, 45.0 ] ] ] } },
{ "type": "Feature", "properties": { "tile": "northamerica/w030_n20_w025_n15" }, "geometry": { "type": "Polygon", "coordinates": [ [ [ -25.0, 15.0 ], [ -25.0, 20.0 ], [ -30.0, 20.0 ], [ -30.0, 15.0 ], [ -25.0, 15.0 ] ] ] } },
{ "type": "Feature", "properties": { "tile": "northamerica/w090_n60_w085_n55" }, "geometry": { "type": "Polygon", "coordinates": [ [ [ -85.0, 55.0 ], [ -85.0, 60.0 ], [ -90.0, 60.0 ], [ -90.0, 55.0 ], [ -85.0, 55.0 ] ] ] } },
{ "type": "Feature", "properties": { "tile": "northamerica/w065_n45_w060_n40" }, "geometry": { "type": "Polygon", "coordinates": [ [ [ -60.0, 40.0 ], [ -60.0, 45.0 ], [ -65.0, 45.0 ], [ -65.0, 40.0 ], [ -60.0, 40.0 ] ] ] } },
{ "type": "Feature", "properties": { "tile": "northamerica/w085_n25_w080_n20" }, "geometry": { "type": "Polygon", "coordinates": [ [ [ -80.0, 20.0 ], [ -80.0, 25.0 ], [ -85.0, 25.0 ], [ -85.0, 20.0 ], [ -80.0, 20.0 ] ] ] } },
{ "type": "Feature", "properties": { "tile": "northamerica/w120_n60_w115_n55" }, "geometry": { "type": "Polygon", "coordinates": [ [ [ -115.0, 55.0 ], [ -115.0, 60.0 ], [ -120.0, 60.0 ], [ -120.0, 55.0 ], [ -115.0, 55.0 ] ] ] } },
{ "type": "Feature", "properties": { "tile": "northamerica/w110_n30_w105_n25" }, "geometry": { "type": "Polygon", "coordinates": [ [ [ -105.0, 25.0 ], [ -105.0, 30.0 ], [ -110.0, 30.0 ], [ -110.0, 25.0 ], [ -105.0, 25.0 ] ] ] } },
{ "type": "Feature", "properties": { "tile": "northamerica/w105_n30_w100_n25" }, "geometry": { "type": "Polygon", "coordinates": [ [ [ -100.0, 25.0 ], [ -100.0, 30.0 ], [ -105.0, 30.0 ], [ -105.0, 25.0 ], [ -100.0, 25.0 ] ] ] } },
{ "type": "Feature", "properties": { "tile": "northamerica/w100_n25_w095_n20" }, "geometry": { "type": "Polygon", "coordinates": [ [ [ -95.0, 20.0 ], [ -95.0, 25.0 ], [ -100.0, 25.0 ], [ -100.0, 20.0 ], [ -95.0, 20.0 ] ] ] } },
{ "type": "Feature", "properties": { "tile": "northamerica/w095_n75_w090_n70" }, "geometry": { "type": "Polygon", "coordinates": [ [ [ -90.0, 70.0 ], [ -90.0, 75.0 ], [ -95.0, 75.0 ], [ -95.0, 70.0 ], [ -90.0, 70.0 ] ] ] } },
{ "type": "Feature", "properties": { "tile": "northamerica/w170_n70_w165_n65" }, "geometry": { "type": "Polygon", "coordinates": [ [ [ -165.0, 65.0 ], [ -165.0, 70.0 ], [ -170.0, 70.0 ], [ -170.0, 65.0 ], [ -165.0, 65.0 ] ] ] } },
{ "type": "Feature", "properties": { "tile": "northamerica/w075_n45_w070_n40" }, "geometry": { "type": "Polygon", "coordinates": [ [ [ -70.0, 40.0 ], [ -70.0, 45.0 ], [ -75.0, 45.0 ], [ -75.0, 40.0 ], [ -70.0, 40.0 ] ] ] } },
{ "type": "Feature", "properties": { "tile": "northamerica/w090_n45_w085_n40" }, "geometry": { "type": "Polygon", "coordinates": [ [ [ -85.0, 40.0 ], [ -85.0, 45.0 ], [ -90.0, 45.0 ], [ -90.0, 40.0 ], [ -85.0, 40.0 ] ] ] } },
{ "type": "Feature", "properties": { "tile": "northamerica/w080_n25_w075_n20" }, "geometry": { "type": "Polygon", "coordinates": [ [ [ -75.0, 20.0 ], [ -75.0, 25.0 ], [ -80.0, 25.0 ], [ -80.0, 20.0 ], [ -75.0, 20.0 ] ] ] } },
{ "type": "Feature", "properties": { "tile": "northamerica/w155_n60_w150_n55" }, "geometry": { "type": "Polygon", "coordinates": [ [ [ -150.0, 55.0 ], [ -150.0, 60.0 ], [ -155.0, 60.0 ], [ -155.0, 55.0 ], [ -150.0, 55.0 ] ] ] } },
{ "type": "Feature", "properties": { "tile": "northamerica/w110_n25_w105_n20" }, "geometry": { "type": "Polygon", "coordinates": [ [ [ -105.0, 20.0 ], [ -105.0, 25.0 ], [ -110.0, 25.0 ], [ -110.0, 20.0 ], [ -105.0, 20.0 ] ] ] } },
{ "type": "Feature", "properties": { "tile": "northamerica/w125_n60_w120_n55" }, "geometry": { "type": "Polygon", "coordinates": [ [ [ -120.0, 55.0 ], [ -120.0, 60.0 ], [ -125.0, 60.0 ], [ -125.0, 55.0 ], [ -120.0, 55.0 ] ] ] } },
{ "type": "Feature", "properties": { "tile": "northamerica/w125_n75_w120_n70" }, "geometry": { "type": "Polygon", "coordinates": [ [ [ -120.0, 70.0 ], [ -120.0, 75.0 ], [ -125.0, 75.0 ], [ -125.0, 70.0 ], [ -120.0, 70.0 ] ] ] } },
{ "type": "Feature", "properties": { "tile": "northamerica/w110_n45_w105_n40" }, "geometry": { "type": "Polygon", "coordinates": [ [ [ -105.0, 40.0 ], [ -105.0, 45.0 ], [ -110.0, 45.0 ], [ -110.0, 40.0 ], [ -105.0, 40.0 ] ] ] } },
{ "type": "Feature", "properties": { "tile": "northamerica/w150_n70_w145_n65" }, "geometry": { "type": "Polygon", "coordinates": [ [ [ -145.0, 65.0 ], [ -145.0, 70.0 ], [ -150.0, 70.0 ], [ -150.0, 65.0 ], [ -145.0, 65.0 ] ] ] } },
{ "type": "Feature", "properties": { "tile": "northamerica/w100_n60_w095_n55" }, "geometry": { "type": "Polygon", "coordinates": [ [ [ -95.0, 55.0 ], [ -95.0, 60.0 ], [ -100.0, 60.0 ], [ -100.0, 55.0 ], [ -95.0, 55.0 ] ] ] } },
{ "type": "Feature", "properties": { "tile": "northamerica/w110_n70_w105_n65" }, "geometry": { "type": "Polygon", "coordinates": [ [ [ -105.0, 65.0 ], [ -105.0, 70.0 ], [ -110.0, 70.0 ], [ -110.0, 65.0 ], [ -105.0, 65.0 ] ] ] } },
{ "type": "Feature", "properties": { "tile": "northamerica/w115_n55_w110_n50" }, "geometry": { "type": "Polygon", "coordinates": [ [ [ -110.0, 50.0 ], [ -110.0, 55.0 ], [ -115.0, 55.0 ], [ -115.0, 50.0 ], [ -110.0, 50.0 ] ] ] } },
{ "type": "Feature", "properties": { "tile": "northamerica/w110_n60_w105_n55" }, "geometry": { "type": "Polygon", "coordinates": [ [ [ -105.0, 55.0 ], [ -105.0, 60.0 ], [ -110.0, 60.0 ], [ -110.0, 55.0 ], [ -105.0, 55.0 ] ] ] } },
{ "type": "Feature", "properties": { "tile": "northamerica/w120_n35_w115_n30" }, "geometry": { "type": "Polygon", "coordinates": [ [ [ -115.0, 30.0 ], [ -115.0, 35.0 ], [ -120.0, 35.0 ], [ -120.0, 30.0 ], [ -115.0, 30.0 ] ] ] } },
{ "type": "Feature", "properties": { "tile": "northamerica/w085_n55_w080_n50" }, "geometry": { "type": "Polygon", "coordinates": [ [ [ -80.0, 50.0 ], [ -80.0, 55.0 ], [ -85.0, 55.0 ], [ -85.0, 50.0 ], [ -80.0, 50.0 ] ] ] } },
{ "type": "Feature", "properties": { "tile": "northamerica/w165_n60_w160_n55" }, "geometry": { "type": "Polygon", "coordinates": [ [ [ -160.0, 55.0 ], [ -160.0, 60.0 ], [ -165.0, 60.0 ], [ -165.0, 55.0 ], [ -160.0, 55.0 ] ] ] } },
{ "type": "Feature", "properties": { "tile": "northamerica/w135_n70_w130_n65" }, "geometry": { "type": "Polygon", "coordinates": [ [ [ -130.0, 65.0 ], [ -130.0, 70.0 ], [ -135.0, 70.0 ], [ -135.0, 65.0 ], [ -130.0, 65.0 ] ] ] } },
{ "type": "Feature", "properties": { "tile": "northamerica/w100_n30_w095_n25" }, "geometry": { "type": "Polygon", "coordinates": [ [ [ -95.0, 25.0 ], [ -95.0, 30.0 ], [ -100.0, 30.0 ], [ -100.0, 25.0 ], [ -95.0, 25.0 ] ] ] } },
{ "type": "Feature", "properties": { "tile": "northamerica/w145_n65_w140_n60" }, "geometry": { "type": "Polygon", "coordinates": [ [ [ -140.0, 60.0 ], [ -140.0, 65.0 ], [ -145.0, 65.0 ], [ -145.0, 60.0 ], [ -140.0, 60.0 ] ] ] } },
{ "type": "Feature", "properties": { "tile": "northamerica/w135_n65_w130_n60" }, "geometry": { "type": "Polygon", "coordinates": [ [ [ -130.0, 60.0 ], [ -130.0, 65.0 ], [ -135.0, 65.0 ], [ -135.0, 60.0 ], [ -130.0, 60.0 ] ] ] } },
{ "type": "Feature", "properties": { "tile": "northamerica/w145_n60_w140_n55" }, "geometry": { "type": "Polygon", "coordinates": [ [ [ -140.0, 55.0 ], [ -140.0, 60.0 ], [ -145.0, 60.0 ], [ -145.0, 55.0 ], [ -140.0, 55.0 ] ] ] } },
{ "type": "Feature", "properties": { "tile": "northamerica/w100_n65_w095_n60" }, "geometry": { "type": "Polygon", "coordinates": [ [ [ -95.0, 60.0 ], [ -95.0, 65.0 ], [ -100.0, 65.0 ], [ -100.0, 60.0 ], [ -95.0, 60.0 ] ] ] } },
{ "type": "Feature", "properties": { "tile": "northamerica/w095_n50_w090_n45" }, "geometry": { "type": "Polygon", "coordinates": [ [ [ -90.0, 45.0 ], [ -90.0, 50.0 ], [ -95.0, 50.0 ], [ -95.0, 45.0 ], [ -90.0, 45.0 ] ] ] } },
{ "type": "Feature", "properties": { "tile": "northamerica/w160_n25_w155_n20" }, "geometry": { "type": "Polygon", "coordinates": [ [ [ -155.0, 20.0 ], [ -155.0, 25.0 ], [ -160.0, 25.0 ], [ -160.0, 20.0 ], [ -155.0, 20.0 ] ] ] } },
{ "type": "Feature", "properties": { "tile": "northamerica/w105_n35_w100_n30" }, "geometry": { "type": "Polygon", "coordinates": [ [ [ -100.0, 30.0 ], [ -100.0, 35.0 ], [ -105.0, 35.0 ], [ -105.0, 30.0 ], [ -100.0, 30.0 ] ] ] } },
{ "type": "Feature", "properties": { "tile": "northamerica/w065_n65_w060_n60" }, "geometry": { "type": "Polygon", "coordinates": [ [ [ -60.0, 60.0 ], [ -60.0, 65.0 ], [ -65.0, 65.0 ], [ -65.0, 60.0 ], [ -60.0, 60.0 ] ] ] } },
{ "type": "Feature", "properties": { "tile": "northamerica/w140_n65_w135_n60" }, "geometry": { "type": "Polygon", "coordinates": [ [ [ -135.0, 60.0 ], [ -135.0, 65.0 ], [ -140.0, 65.0 ], [ -140.0, 60.0 ], [ -135.0, 60.0 ] ] ] } },
{ "type": "Feature", "properties": { "tile": "northamerica/w075_n60_w070_n55" }, "geometry": { "type": "Polygon", "coordinates": [ [ [ -70.0, 55.0 ], [ -70.0, 60.0 ], [ -75.0, 60.0 ], [ -75.0, 55.0 ], [ -70.0, 55.0 ] ] ] } },
{ "type": "Feature", "properties": { "tile": "northamerica/w165_n25_w160_n20" }, "geometry": { "type": "Polygon", "coordinates": [ [ [ -160.0, 20.0 ], [ -160.0, 25.0 ], [ -165.0, 25.0 ], [ -165.0, 20.0 ], [ -160.0, 20.0 ] ] ] } },
{ "type": "Feature", "properties": { "tile": "northamerica/w120_n65_w115_n60" }, "geometry": { "type": "Polygon", "coordinates": [ [ [ -115.0, 60.0 ], [ -115.0, 65.0 ], [ -120.0, 65.0 ], [ -120.0, 60.0 ], [ -115.0, 60.0 ] ] ] } },
{ "type": "Feature", "properties": { "tile": "northamerica/w130_n50_w125_n45" }, "geometry": { "type": "Polygon", "coordinates": [ [ [ -125.0, 45.0 ], [ -125.0, 50.0 ], [ -130.0, 50.0 ], [ -130.0, 45.0 ], [ -125.0, 45.0 ] ] ] } },
{ "type": "Feature", "properties": { "tile": "northamerica/w060_n55_w055_n50" }, "geometry": { "type": "Polygon", "coordinates": [ [ [ -55.0, 50.0 ], [ -55.0, 55.0 ], [ -60.0, 55.0 ], [ -60.0, 50.0 ], [ -55.0, 50.0 ] ] ] } },
{ "type": "Feature", "properties": { "tile": "northamerica/w115_n65_w110_n60" }, "geometry": { "type": "Polygon", "coordinates": [ [ [ -110.0, 60.0 ], [ -110.0, 65.0 ], [ -115.0, 65.0 ], [ -115.0, 60.0 ], [ -110.0, 60.0 ] ] ] } },
{ "type": "Feature", "properties": { "tile": "northamerica/w105_n50_w100_n45" }, "geometry": { "type": "Polygon", "coordinates": [ [ [ -100.0, 45.0 ], [ -100.0, 50.0 ], [ -105.0, 50.0 ], [ -105.0, 45.0 ], [ -100.0, 45.0 ] ] ] } },
{ "type": "Feature", "properties": { "tile": "northamerica/w150_n75_w145_n70" }, "geometry": { "type": "Polygon", "coordinates": [ [ [ -145.0, 70.0 ], [ -145.0, 75.0 ], [ -150.0, 75.0 ], [ -150.0, 70.0 ], [ -145.0, 70.0 ] ] ] } },
{ "type": "Feature", "properties": { "tile": "northamerica/w055_n70_w050_n65" }, "geometry": { "type": "Polygon", "coordinates": [ [ [ -50.0, 65.0 ], [ -50.0, 70.0 ], [ -55.0, 70.0 ], [ -55.0, 65.0 ], [ -50.0, 65.0 ] ] ] } },
{ "type": "Feature", "properties": { "tile": "northamerica/w125_n40_w120_n35" }, "geometry": { "type": "Polygon", "coordinates": [ [ [ -120.0, 35.0 ], [ -120.0, 40.0 ], [ -125.0, 40.0 ], [ -125.0, 35.0 ], [ -120.0, 35.0 ] ] ] } },
{ "type": "Feature", "properties": { "tile": "northamerica/w065_n50_w060_n45" }, "geometry": { "type": "Polygon", "coordinates": [ [ [ -60.0, 45.0 ], [ -60.0, 50.0 ], [ -65.0, 50.0 ], [ -65.0, 45.0 ], [ -60.0, 45.0 ] ] ] } },
{ "type": "Feature", "properties": { "tile": "oceania/e105_n05_e110_n00" }, "geometry": { "type": "Polygon", "coordinates": [ [ [ 110.0, 0.0 ], [ 110.0, 5.0 ], [ 105.0, 5.0 ], [ 105.0, 0.0 ], [ 110.0, 0.0 ] ] ] } },
{ "type": "Feature", "properties": { "tile": "oceania/e140_s25_e145_s30" }, "geometry": { "type": "Polygon", "coordinates": [ [ [ 145.0, -30.0 ], [ 145.0, -25.0 ], [ 140.0, -25.0 ], [ 140.0, -30.0 ], [ 145.0, -30.0 ] ] ] } },
{ "type": "Feature", "properties": { "tile": "oceania/e140_n00_e145_s05" }, "geometry": { "type": "Polygon", "coordinates": [ [ [ 145.0, -5.0 ], [ 145.0, 0.0 ], [ 140.0, 0.0 ], [ 140.0, -5.0 ], [ 145.0, -5.0 ] ] ] } },
{ "type": "Feature", "properties": { "tile": "oceania/e145_s25_e150_s30" }, "geometry": { "type": "Polygon", "coordinates": [ [ [ 150.0, -30.0 ], [ 150.0, -25.0 ], [ 145.0, -25.0 ], [ 145.0, -30.0 ], [ 150.0, -30.0 ] ] ] } },
{ "type": "Feature", "properties": { "tile": "oceania/e155_n00_e160_s05" }, "geometry": { "type": "Polygon", "coordinates": [ [ [ 160.0, -5.0 ], [ 160.0, 0.0 ], [ 155.0, 0.0 ], [ 155.0, -5.0 ], [ 160.0, -5.0 ] ] ] } },
{ "type": "Feature", "properties": { "tile": "oceania/e150_s30_e155_s35" }, "geometry": { "type": "Polygon", "coordinates": [ [ [ 155.0, -35.0 ], [ 155.0, -30.0 ], [ 150.0, -30.0 ], [ 150.0, -35.0 ], [ 155.0, -35.0 ] ] ] } },
{ "type": "Feature", "properties": { "tile": "oceania/e125_n00_e130_s05" }, "geometry": { "type": "Polygon", "coordinates": [ [ [ 130.0, -5.0 ], [ 130.0, 0.0 ], [ 125.0, 0.0 ], [ 125.0, -5.0 ], [ 130.0, -5.0 ] ] ] } },
{ "type": "Feature", "properties": { "tile": "oceania/e175_s40_e180_s45" }, "geometry": { "type": "Polygon", "coordinates": [ [ [ 180.0, -45.0 ], [ 180.0, -40.0 ], [ 175.0, -40.0 ], [ 175.0, -45.0 ], [ 180.0, -45.0 ] ] ] } },
{ "type": "Feature", "properties": { "tile": "oceania/e145_s30_e150_s35" }, "geometry": { "type": "Polygon", "coordinates": [ [ [ 150.0, -35.0 ], [ 150.0, -30.0 ], [ 145.0, -30.0 ], [ 145.0, -35.0 ], [ 150.0, -35.0 ] ] ] } },
{ "type": "Feature", "properties": { "tile": "oceania/e110_n00_e115_s05" }, "geometry": { "type": "Polygon", "coordinates": [ [ [ 115.0, -5.0 ], [ 115.0, 0.0 ], [ 110.0, 0.0 ], [ 110.0, -5.0 ], [ 115.0, -5.0 ] ] ] } },
{ "type": "Feature", "properties": { "tile": "oceania/e140_s40_e145_s45" }, "geometry": { "type": "Polygon", "coordinates": [ [ [ 145.0, -45.0 ], [ 145.0, -40.0 ], [ 140.0, -40.0 ], [ 140.0, -45.0 ], [ 145.0, -45.0 ] ] ] } },
{ "type": "Feature", "properties": { "tile": "oceania/e150_n00_e155_s05" }, "geometry": { "type": "Polygon", "coordinates": [ [ [ 155.0, -5.0 ], [ 155.0, 0.0 ], [ 150.0, 0.0 ], [ 150.0, -5.0 ], [ 155.0, -5.0 ] ] ] } },
{ "type": "Feature", "properties": { "tile": "oceania/e110_n05_e115_n00" }, "geometry": { "type": "Polygon", "coordinates": [ [ [ 115.0, 0.0 ], [ 115.0, 5.0 ], [ 110.0, 5.0 ], [ 110.0, 0.0 ], [ 115.0, 0.0 ] ] ] } },
{ "type": "Feature", "properties": { "tile": "oceania/e070_s05_e075_s10" }, "geometry": { "type": "Polygon", "coordinates": [ [ [ 75.0, -10.0 ], [ 75.0, -5.0 ], [ 70.0, -5.0 ], [ 70.0, -10.0 ], [ 75.0, -10.0 ] ] ] } },
{ "type": "Feature", "properties": { "tile": "oceania/e095_s10_e100_s15" }, "geometry": { "type": "Polygon", "coordinates": [ [ [ 100.0, -15.0 ], [ 100.0, -10.0 ], [ 95.0, -10.0 ], [ 95.0, -15.0 ], [ 100.0, -15.0 ] ] ] } },
{ "type": "Feature", "properties": { "tile": "oceania/e115_s20_e120_s25" }, "geometry": { "type": "Polygon", "coordinates": [ [ [ 120.0, -25.0 ], [ 120.0, -20.0 ], [ 115.0, -20.0 ], [ 115.0, -25.0 ], [ 120.0, -25.0 ] ] ] } },
{ "type": "Feature", "properties": { "tile": "oceania/e170_s40_e175_s45" }, "geometry": { "type": "Polygon", "coordinates": [ [ [ 175.0, -45.0 ], [ 175.0, -40.0 ], [ 170.0, -40.0 ], [ 170.0, -45.0 ], [ 175.0, -45.0 ] ] ] } },
{ "type": "Feature", "properties": { "tile": "oceania/e140_s15_e145_s20" }, "geometry": { "type": "Polygon", "coordinates": [ [ [ 145.0, -20.0 ], [ 145.0, -15.0 ], [ 140.0, -15.0 ], [ 140.0, -20.0 ], [ 145.0, -20.0 ] ] ] } },
{ "type": "Feature", "properties": { "tile": "oceania/e115_s35_e120_s40" }, "geometry": { "type": "Polygon", "coordinates": [ [ [ 120.0, -40.0 ], [ 120.0, -35.0 ], [ 115.0, -35.0 ], [ 115.0, -40.0 ], [ 120.0, -40.0 ] ] ] } },
{ "type": "Feature", "properties": { "tile": "oceania/e175_s05_e180_s10" }, "geometry": { "type": "Polygon", "coordinates": [ [ [ 180.0, -10.0 ], [ 180.0, -5.0 ], [ 175.0, -5.0 ], [ 175.0, -10.0 ], [ 180.0, -10.0 ] ] ] } },
{ "type": "Feature", "properties": { "tile": "oceania/e170_s30_e175_s35" }, "geometry": { "type": "Polygon", "coordinates": [ [ [ 175.0, -35.0 ], [ 175.0, -30.0 ], [ 170.0, -30.0 ], [ 170.0, -35.0 ], [ 175.0, -35.0 ] ] ] } },
{ "type": "Feature", "properties": { "tile": "oceania/e115_s15_e120_s20" }, "geometry": { "type": "Polygon", "coordinates": [ [ [ 120.0, -20.0 ], [ 120.0, -15.0 ], [ 115.0, -15.0 ], [ 115.0, -20.0 ], [ 120.0, -20.0 ] ] ] } },
{ "type": "Feature", "properties": { "tile": "oceania/e140_s30_e145_s35" }, "geometry": { "type": "Polygon", "coordinates": [ [ [ 145.0, -35.0 ], [ 145.0, -30.0 ], [ 140.0, -30.0 ], [ 140.0, -35.0 ], [ 145.0, -35.0 ] ] ] } },
{ "type": "Feature", "properties": { "tile": "oceania/e165_n00_e170_s05" }, "geometry": { "type": "Polygon", "coordinates": [ [ [ 170.0, -5.0 ], [ 170.0, 0.0 ], [ 165.0, 0.0 ], [ 165.0, -5.0 ], [ 170.0, -5.0 ] ] ] } },
{ "type": "Feature", "properties": { "tile": "oceania/e120_s25_e125_s30" }, "geometry": { "type": "Polygon", "coordinates": [ [ [ 125.0, -30.0 ], [ 125.0, -25.0 ], [ 120.0, -25.0 ], [ 120.0, -30.0 ], [ 125.0, -30.0 ] ] ] } },
{ "type": "Feature", "properties": { "tile": "oceania/e115_n00_e120_s05" }, "geometry": { "type": "Polygon", "coordinates": [ [ [ 120.0, -5.0 ], [ 120.0, 0.0 ], [ 115.0, 0.0 ], [ 115.0, -5.0 ], [ 120.0, -5.0 ] ] ] } },
{ "type": "Feature", "properties": { "tile": "oceania/e130_n00_e135_s05" }, "geometry": { "type": "Polygon", "coordinates": [ [ [ 135.0, -5.0 ], [ 135.0, 0.0 ], [ 130.0, 0.0 ], [ 130.0, -5.0 ], [ 135.0, -5.0 ] ] ] } },
{ "type": "Feature", "properties": { "tile": "oceania/e135_s20_e140_s25" }, "geometry": { "type": "Polygon", "coordinates": [ [ [ 140.0, -25.0 ], [ 140.0, -20.0 ], [ 135.0, -20.0 ], [ 135.0, -25.0 ], [ 140.0, -25.0 ] ] ] } },
{ "type": "Feature", "properties": { "tile": "oceania/e150_s35_e155_s40" }, "geometry": { "type": "Polygon", "coordinates": [ [ [ 155.0, -40.0 ], [ 155.0, -35.0 ], [ 150.0, -35.0 ], [ 150.0, -40.0 ], [ 155.0, -40.0 ] ] ] } },
{ "type": "Feature", "properties": { "tile": "oceania/e135_s15_e140_s20" }, "geometry": { "type": "Polygon", "coordinates": [ [ [ 140.0, -20.0 ], [ 140.0, -15.0 ], [ 135.0, -15.0 ], [ 135.0, -20.0 ], [ 140.0, -20.0 ] ] ] } },
{ "type": "Feature", "properties": { "tile": "oceania/e145_s20_e150_s25" }, "geometry": { "type": "Polygon", "coordinates": [ [ [ 150.0, -25.0 ], [ 150.0, -20.0 ], [ 145.0, -20.0 ], [ 145.0, -25.0 ], [ 150.0, -25.0 ] ] ] } },
{ "type": "Feature", "properties": { "tile": "oceania/e105_s05_e110_s10" }, "geometry": { "type": "Polygon", "coordinates": [ [ [ 110.0, -10.0 ], [ 110.0, -5.0 ], [ 105.0, -5.0 ], [ 105.0, -10.0 ], [ 110.0, -10.0 ] ] ] } },
{ "type": "Feature", "properties": { "tile": "oceania/e115_s05_e120_s10" }, "geometry": { "type": "Polygon", "coordinates": [ [ [ 120.0, -10.0 ], [ 120.0, -5.0 ], [ 115.0, -5.0 ], [ 115.0, -10.0 ], [ 120.0, -10.0 ] ] ] } },
{ "type": "Feature", "properties": { "tile": "oceania/e130_n05_e135_n00" }, "geometry": { "type": "Polygon", "coordinates": [ [ [ 135.0, 0.0 ], [ 135.0, 5.0 ], [ 130.0, 5.0 ], [ 130.0, 0.0 ], [ 135.0, 0.0 ] ] ] } },
{ "type": "Feature", "properties": { "tile": "oceania/e135_s25_e140_s30" }, "geometry": { "type": "Polygon", "coordinates": [ [ [ 140.0, -30.0 ], [ 140.0, -25.0 ], [ 135.0, -25.0 ], [ 135.0, -30.0 ], [ 140.0, -30.0 ] ] ] } },
{ "type": "Feature", "properties": { "tile": "oceania/e070_n00_e075_s05" }, "geometry": { "type": "Polygon", "coordinates": [ [ [ 75.0, -5.0 ], [ 75.0, 0.0 ], [ 70.0, 0.0 ], [ 70.0, -5.0 ], [ 75.0, -5.0 ] ] ] } },
{ "type": "Feature", "properties": { "tile": "oceania/e120_s10_e125_s15" }, "geometry": { "type": "Polygon", "coordinates": [ [ [ 125.0, -15.0 ], [ 125.0, -10.0 ], [ 120.0, -10.0 ], [ 120.0, -15.0 ], [ 125.0, -15.0 ] ] ] } },
{ "type": "Feature", "properties": { "tile": "oceania/e165_n05_e170_n00" }, "geometry": { "type": "Polygon", "coordinates": [ [ [ 170.0, 0.0 ], [ 170.0, 5.0 ], [ 165.0, 5.0 ], [ 165.0, 0.0 ], [ 170.0, 0.0 ] ] ] } },
{ "type": "Feature", "properties": { "tile": "oceania/e115_s30_e120_s35" }, "geometry": { "type": "Polygon", "coordinates": [ [ [ 120.0, -35.0 ], [ 120.0, -30.0 ], [ 115.0, -30.0 ], [ 115.0, -35.0 ], [ 120.0, -35.0 ] ] ] } },
{ "type": "Feature", "properties": { "tile": "oceania/e175_s10_e180_s15" }, "geometry": { "type": "Polygon", "coordinates": [ [ [ 180.0, -15.0 ], [ 180.0, -10.0 ], [ 175.0, -10.0 ], [ 175.0, -15.0 ], [ 180.0, -15.0 ] ] ] } },
{ "type": "Feature", "properties": { "tile": "oceania/e110_s25_e115_s30" }, "geometry": { "type": "Polygon", "coordinates": [ [ [ 115.0, -30.0 ], [ 115.0, -25.0 ], [ 110.0, -25.0 ], [ 110.0, -30.0 ], [ 115.0, -30.0 ] ] ] } },
{ "type": "Feature", "properties": { "tile": "oceania/e100_n05_e105_n00" }, "geometry": { "type": "Polygon", "coordinates": [ [ [ 105.0, 0.0 ], [ 105.0, 5.0 ], [ 100.0, 5.0 ], [ 100.0, 0.0 ], [ 105.0, 0.0 ] ] ] } },
{ "type": "Feature", "properties": { "tile": "oceania/e100_n00_e105_s05" }, "geometry": { "type": "Polygon", "coordinates": [ [ [ 105.0, -5.0 ], [ 105.0, 0.0 ], [ 100.0, 0.0 ], [ 100.0, -5.0 ], [ 105.0, -5.0 ] ] ] } },
{ "type": "Feature", "properties": { "tile": "oceania/e130_s25_e135_s30" }, "geometry": { "type": "Polygon", "coordinates": [ [ [ 135.0, -30.0 ], [ 135.0, -25.0 ], [ 130.0, -25.0 ], [ 130.0, -30.0 ], [ 135.0, -30.0 ] ] ] } },
{ "type": "Feature", "properties": { "tile": "oceania/e105_s10_e110_s15" }, "geometry": { "type": "Polygon", "coordinates": [ [ [ 110.0, -15.0 ], [ 110.0, -10.0 ], [ 105.0, -10.0 ], [ 105.0, -15.0 ], [ 110.0, -15.0 ] ] ] } },
{ "type": "Feature", "properties": { "tile": "oceania/e060_s15_e065_s20" }, "geometry": { "type": "Polygon", "coordinates": [ [ [ 65.0, -20.0 ], [ 65.0, -15.0 ], [ 60.0, -15.0 ], [ 60.0, -20.0 ], [ 65.0, -20.0 ] ] ] } },
{ "type": "Feature", "properties": { "tile": "oceania/e130_s05_e135_s10" }, "geometry": { "type": "Polygon", "coordinates": [ [ [ 135.0, -10.0 ], [ 135.0, -5.0 ], [ 130.0, -5.0 ], [ 130.0, -10.0 ], [ 135.0, -10.0 ] ] ] } },
{ "type": "Feature", "properties": { "tile": "oceania/e165_s25_e170_s30" }, "geometry": { "type": "Polygon", "coordinates": [ [ [ 170.0, -30.0 ], [ 170.0, -25.0 ], [ 165.0, -25.0 ], [ 165.0, -30.0 ], [ 170.0, -30.0 ] ] ] } },
{ "type": "Feature", "properties": { "tile": "oceania/e150_s10_e155_s15" }, "geometry": { "type": "Polygon", "coordinates": [ [ [ 155.0, -15.0 ], [ 155.0, -10.0 ], [ 150.0, -10.0 ], [ 150.0, -15.0 ], [ 155.0, -15.0 ] ] ] } },
{ "type": "Feature", "properties": { "tile": "oceania/e140_s05_e145_s10" }, "geometry": { "type": "Polygon", "coordinates": [ [ [ 145.0, -10.0 ], [ 145.0, -5.0 ], [ 140.0, -5.0 ], [ 140.0, -10.0 ], [ 145.0, -10.0 ] ] ] } },
{ "type": "Feature", "properties": { "tile": "oceania/e165_s45_e170_s50" }, "geometry": { "type": "Polygon", "coordinates": [ [ [ 170.0, -50.0 ], [ 170.0, -45.0 ], [ 165.0, -45.0 ], [ 165.0, -50.0 ], [ 170.0, -50.0 ] ] ] } },
{ "type": "Feature", "properties": { "tile": "oceania/e170_n05_e175_n00" }, "geometry": { "type": "Polygon", "coordinates": [ [ [ 175.0, 0.0 ], [ 175.0, 5.0 ], [ 170.0, 5.0 ], [ 170.0, 0.0 ], [ 175.0, 0.0 ] ] ] } },
{ "type": "Feature", "properties": { "tile": "oceania/e105_n00_e110_s05" }, "geometry": { "type": "Polygon", "coordinates": [ [ [ 110.0, -5.0 ], [ 110.0, 0.0 ], [ 105.0, 0.0 ], [ 105.0, -5.0 ], [ 110.0, -5.0 ] ] ] } },
{ "type": "Feature", "properties": { "tile": "oceania/e125_s15_e130_s20" }, "geometry": { "type": "Polygon", "coordinates": [ [ [ 130.0, -20.0 ], [ 130.0, -15.0 ], [ 125.0, -15.0 ], [ 125.0, -20.0 ], [ 130.0, -20.0 ] ] ] } },
{ "type": "Feature", "properties": { "tile": "oceania/e145_s10_e150_s15" }, "geometry": { "type": "Polygon", "coordinates": [ [ [ 150.0, -15.0 ], [ 150.0, -10.0 ], [ 145.0, -10.0 ], [ 145.0, -15.0 ], [ 150.0, -15.0 ] ] ] } },
{ "type": "Feature", "properties": { "tile": "oceania/e175_s35_e180_s40" }, "geometry": { "type": "Polygon", "coordinates": [ [ [ 180.0, -40.0 ], [ 180.0, -35.0 ], [ 175.0, -35.0 ], [ 175.0, -40.0 ], [ 180.0, -40.0 ] ] ] } },
{ "type": "Feature", "properties": { "tile": "oceania/e150_s25_e155_s30" }, "geometry": { "type": "Polygon", "coordinates": [ [ [ 155.0, -30.0 ], [ 155.0, -25.0 ], [ 150.0, -25.0 ], [ 150.0, -30.0 ], [ 155.0, -30.0 ] ] ] } },
{ "type": "Feature", "properties": { "tile": "oceania/e165_s20_e170_s25" }, "geometry": { "type": "Polygon", "coordinates": [ [ [ 170.0, -25.0 ], [ 170.0, -20.0 ], [ 165.0, -20.0 ], [ 165.0, -25.0 ], [ 170.0, -25.0 ] ] ] } },
{ "type": "Feature", "properties": { "tile": "oceania/e130_s10_e135_s15" }, "geometry": { "type": "Polygon", "coordinates": [ [ [ 135.0, -15.0 ], [ 135.0, -10.0 ], [ 130.0, -10.0 ], [ 130.0, -15.0 ], [ 135.0, -15.0 ] ] ] } },
{ "type": "Feature", "properties": { "tile": "oceania/e165_s10_e170_s15" }, "geometry": { "type": "Polygon", "coordinates": [ [ [ 170.0, -15.0 ], [ 170.0, -10.0 ], [ 165.0, -10.0 ], [ 165.0, -15.0 ], [ 170.0, -15.0 ] ] ] } },
{ "type": "Feature", "properties": { "tile": "oceania/e070_n05_e075_n00" }, "geometry": { "type": "Polygon", "coordinates": [ [ [ 75.0, 0.0 ], [ 75.0, 5.0 ], [ 70.0, 5.0 ], [ 70.0, 0.0 ], [ 75.0, 0.0 ] ] ] } },
{ "type": "Feature", "properties": { "tile": "oceania/e130_s30_e135_s35" }, "geometry": { "type": "Polygon", "coordinates": [ [ [ 135.0, -35.0 ], [ 135.0, -30.0 ], [ 130.0, -30.0 ], [ 130.0, -35.0 ], [ 135.0, -35.0 ] ] ] } },
{ "type": "Feature", "properties": { "tile": "oceania/e145_s15_e150_s20" }, "geometry": { "type": "Polygon", "coordinates": [ [ [ 150.0, -20.0 ], [ 150.0, -15.0 ], [ 145.0, -15.0 ], [ 145.0, -20.0 ], [ 150.0, -20.0 ] ] ] } },
{ "type": "Feature", "properties": { "tile": "oceania/e120_n05_e125_n00" }, "geometry": { "type": "Polygon", "coordinates": [ [ [ 125.0, 0.0 ], [ 125.0, 5.0 ], [ 120.0, 5.0 ], [ 120.0, 0.0 ], [ 125.0, 0.0 ] ] ] } },
{ "type": "Feature", "properties": { "tile": "oceania/e165_s40_e170_s45" }, "geometry": { "type": "Polygon", "coordinates": [ [ [ 170.0, -45.0 ], [ 170.0, -40.0 ], [ 165.0, -40.0 ], [ 165.0, -45.0 ], [ 170.0, -45.0 ] ] ] } },
{ "type": "Feature", "properties": { "tile": "oceania/e115_n05_e120_n00" }, "geometry": { "type": "Polygon", "coordinates": [ [ [ 120.0, 0.0 ], [ 120.0, 5.0 ], [ 115.0, 5.0 ], [ 115.0, 0.0 ], [ 120.0, 0.0 ] ] ] } },
{ "type": "Feature", "properties": { "tile": "oceania/e170_s35_e175_s40" }, "geometry": { "type": "Polygon", "coordinates": [ [ [ 175.0, -40.0 ], [ 175.0, -35.0 ], [ 170.0, -35.0 ], [ 170.0, -40.0 ], [ 175.0, -40.0 ] ] ] } },
{ "type": "Feature", "properties": { "tile": "oceania/e170_s45_e175_s50" }, "geometry": { "type": "Polygon", "coordinates": [ [ [ 175.0, -50.0 ], [ 175.0, -45.0 ], [ 170.0, -45.0 ], [ 170.0, -50.0 ], [ 175.0, -50.0 ] ] ] } },
{ "type": "Feature", "properties": { "tile": "oceania/e145_s35_e150_s40" }, "geometry": { "type": "Polygon", "coordinates": [ [ [ 150.0, -40.0 ], [ 150.0, -35.0 ], [ 145.0, -35.0 ], [ 145.0, -40.0 ], [ 150.0, -40.0 ] ] ] } },
{ "type": "Feature", "properties": { "tile": "oceania/e120_s15_e125_s20" }, "geometry": { "type": "Polygon", "coordinates": [ [ [ 125.0, -20.0 ], [ 125.0, -15.0 ], [ 120.0, -15.0 ], [ 120.0, -20.0 ], [ 125.0, -20.0 ] ] ] } },
{ "type": "Feature", "properties": { "tile": "oceania/e120_n00_e125_s05" }, "geometry": { "type": "Polygon", "coordinates": [ [ [ 125.0, -5.0 ], [ 125.0, 0.0 ], [ 120.0, 0.0 ], [ 120.0, -5.0 ], [ 125.0, -5.0 ] ] ] } },
{ "type": "Feature", "properties": { "tile": "oceania/e170_n00_e175_s05" }, "geometry": { "type": "Polygon", "coordinates": [ [ [ 175.0, -5.0 ], [ 175.0, 0.0 ], [ 170.0, 0.0 ], [ 170.0, -5.0 ], [ 175.0, -5.0 ] ] ] } },
{ "type": "Feature", "properties": { "tile": "oceania/e125_n05_e130_n00" }, "geometry": { "type": "Polygon", "coordinates": [ [ [ 130.0, 0.0 ], [ 130.0, 5.0 ], [ 125.0, 5.0 ], [ 125.0, 0.0 ], [ 130.0, 0.0 ] ] ] } },
{ "type": "Feature", "properties": { "tile": "oceania/e135_s35_e140_s40" }, "geometry": { "type": "Polygon", "coordinates": [ [ [ 140.0, -40.0 ], [ 140.0, -35.0 ], [ 135.0, -35.0 ], [ 135.0, -40.0 ], [ 140.0, -40.0 ] ] ] } },
{ "type": "Feature", "properties": { "tile": "oceania/e145_n00_e150_s05" }, "geometry": { "type": "Polygon", "coordinates": [ [ [ 150.0, -5.0 ], [ 150.0, 0.0 ], [ 145.0, 0.0 ], [ 145.0, -5.0 ], [ 150.0, -5.0 ] ] ] } },
{ "type": "Feature", "properties": { "tile": "oceania/e135_s10_e140_s15" }, "geometry": { "type": "Polygon", "coordinates": [ [ [ 140.0, -15.0 ], [ 140.0, -10.0 ], [ 135.0, -10.0 ], [ 135.0, -15.0 ], [ 140.0, -15.0 ] ] ] } },
{ "type": "Feature", "properties": { "tile": "oceania/e130_s15_e135_s20" }, "geometry": { "type": "Polygon", "coordinates": [ [ [ 135.0, -20.0 ], [ 135.0, -15.0 ], [ 130.0, -15.0 ], [ 130.0, -20.0 ], [ 135.0, -20.0 ] ] ] } },
{ "type": "Feature", "properties": { "tile": "oceania/e175_s15_e180_s20" }, "geometry": { "type": "Polygon", "coordinates": [ [ [ 180.0, -20.0 ], [ 180.0, -15.0 ], [ 175.0, -15.0 ], [ 175.0, -20.0 ], [ 180.0, -20.0 ] ] ] } },
{ "type": "Feature", "properties": { "tile": "oceania/e125_s20_e130_s25" }, "geometry": { "type": "Polygon", "coordinates": [ [ [ 130.0, -25.0 ], [ 130.0, -20.0 ], [ 125.0, -20.0 ], [ 125.0, -25.0 ], [ 130.0, -25.0 ] ] ] } },
{ "type": "Feature", "properties": { "tile": "oceania/e125_s25_e130_s30" }, "geometry": { "type": "Polygon", "coordinates": [ [ [ 130.0, -30.0 ], [ 130.0, -25.0 ], [ 125.0, -25.0 ], [ 125.0, -30.0 ], [ 130.0, -30.0 ] ] ] } },
{ "type": "Feature", "properties": { "tile": "oceania/e130_s20_e135_s25" }, "geometry": { "type": "Polygon", "coordinates": [ [ [ 135.0, -25.0 ], [ 135.0, -20.0 ], [ 130.0, -20.0 ], [ 130.0, -25.0 ], [ 135.0, -25.0 ] ] ] } },
{ "type": "Feature", "properties": { "tile": "oceania/e140_s20_e145_s25" }, "geometry": { "type": "Polygon", "coordinates": [ [ [ 145.0, -25.0 ], [ 145.0, -20.0 ], [ 140.0, -20.0 ], [ 140.0, -25.0 ], [ 145.0, -25.0 ] ] ] } },
{ "type": "Feature", "properties": { "tile": "oceania/e125_s30_e130_s35" }, "geometry": { "type": "Polygon", "coordinates": [ [ [ 130.0, -35.0 ], [ 130.0, -30.0 ], [ 125.0, -30.0 ], [ 125.0, -35.0 ], [ 130.0, -35.0 ] ] ] } },
{ "type": "Feature", "properties": { "tile": "oceania/e140_s10_e145_s15" }, "geometry": { "type": "Polygon", "coordinates": [ [ [ 145.0, -15.0 ], [ 145.0, -10.0 ], [ 140.0, -10.0 ], [ 140.0, -15.0 ], [ 145.0, -15.0 ] ] ] } },
{ "type": "Feature", "properties": { "tile": "oceania/e160_s20_e165_s25" }, "geometry": { "type": "Polygon", "coordinates": [ [ [ 165.0, -25.0 ], [ 165.0, -20.0 ], [ 160.0, -20.0 ], [ 160.0, -25.0 ], [ 165.0, -25.0 ] ] ] } },
{ "type": "Feature", "properties": { "tile": "oceania/e115_s25_e120_s30" }, "geometry": { "type": "Polygon", "coordinates": [ [ [ 120.0, -30.0 ], [ 120.0, -25.0 ], [ 115.0, -25.0 ], [ 115.0, -30.0 ], [ 120.0, -30.0 ] ] ] } },
{ "type": "Feature", "properties": { "tile": "oceania/e140_s35_e145_s40" }, "geometry": { "type": "Polygon", "coordinates": [ [ [ 145.0, -40.0 ], [ 145.0, -35.0 ], [ 140.0, -35.0 ], [ 140.0, -40.0 ], [ 145.0, -40.0 ] ] ] } },
{ "type": "Feature", "properties": { "tile": "oceania/e160_s15_e165_s20" }, "geometry": { "type": "Polygon", "coordinates": [ [ [ 165.0, -20.0 ], [ 165.0, -15.0 ], [ 160.0, -15.0 ], [ 160.0, -20.0 ], [ 165.0, -20.0 ] ] ] } },
{ "type": "Feature", "properties": { "tile": "oceania/e110_s30_e115_s35" }, "geometry": { "type": "Polygon", "coordinates": [ [ [ 115.0, -35.0 ], [ 115.0, -30.0 ], [ 110.0, -30.0 ], [ 110.0, -35.0 ], [ 115.0, -35.0 ] ] ] } },
{ "type": "Feature", "properties": { "tile": "oceania/e160_s10_e165_s15" }, "geometry": { "type": "Polygon", "coordinates": [ [ [ 165.0, -15.0 ], [ 165.0, -10.0 ], [ 160.0, -10.0 ], [ 160.0, -15.0 ], [ 165.0, -15.0 ] ] ] } },
{ "type": "Feature", "properties": { "tile": "oceania/e110_s05_e115_s10" }, "geometry": { "type": "Polygon", "coordinates": [ [ [ 115.0, -10.0 ], [ 115.0, -5.0 ], [ 110.0, -5.0 ], [ 110.0, -10.0 ], [ 115.0, -10.0 ] ] ] } },
{ "type": "Feature", "properties": { "tile": "oceania/e135_s30_e140_s35" }, "geometry": { "type": "Polygon", "coordinates": [ [ [ 140.0, -35.0 ], [ 140.0, -30.0 ], [ 135.0, -30.0 ], [ 135.0, -35.0 ], [ 140.0, -35.0 ] ] ] } },
{ "type": "Feature", "properties": { "tile": "oceania/e120_s20_e125_s25" }, "geometry": { "type": "Polygon", "coordinates": [ [ [ 125.0, -25.0 ], [ 125.0, -20.0 ], [ 120.0, -20.0 ], [ 120.0, -25.0 ], [ 125.0, -25.0 ] ] ] } },
{ "type": "Feature", "properties": { "tile": "oceania/e160_s05_e165_s10" }, "geometry": { "type": "Polygon", "coordinates": [ [ [ 165.0, -10.0 ], [ 165.0, -5.0 ], [ 160.0, -5.0 ], [ 160.0, -10.0 ], [ 165.0, -10.0 ] ] ] } },
{ "type": "Feature", "properties": { "tile": "oceania/e095_n05_e100_n00" }, "geometry": { "type": "Polygon", "coordinates": [ [ [ 100.0, 0.0 ], [ 100.0, 5.0 ], [ 95.0, 5.0 ], [ 95.0, 0.0 ], [ 100.0, 0.0 ] ] ] } },
{ "type": "Feature", "properties": { "tile": "oceania/e065_s45_e070_s50" }, "geometry": { "type": "Polygon", "coordinates": [ [ [ 70.0, -50.0 ], [ 70.0, -45.0 ], [ 65.0, -45.0 ], [ 65.0, -50.0 ], [ 70.0, -50.0 ] ] ] } },
{ "type": "Feature", "properties": { "tile": "oceania/e145_s05_e150_s10" }, "geometry": { "type": "Polygon", "coordinates": [ [ [ 150.0, -10.0 ], [ 150.0, -5.0 ], [ 145.0, -5.0 ], [ 145.0, -10.0 ], [ 150.0, -10.0 ] ] ] } },
{ "type": "Feature", "properties": { "tile": "oceania/e135_n00_e140_s05" }, "geometry": { "type": "Polygon", "coordinates": [ [ [ 140.0, -5.0 ], [ 140.0, 0.0 ], [ 135.0, 0.0 ], [ 135.0, -5.0 ], [ 140.0, -5.0 ] ] ] } },
{ "type": "Feature", "properties": { "tile": "oceania/e125_s10_e130_s15" }, "geometry": { "type": "Polygon", "coordinates": [ [ [ 130.0, -15.0 ], [ 130.0, -10.0 ], [ 125.0, -10.0 ], [ 125.0, -15.0 ], [ 130.0, -15.0 ] ] ] } },
{ "type": "Feature", "properties": { "tile": "oceania/e070_s45_e075_s50" }, "geometry": { "type": "Polygon", "coordinates": [ [ [ 75.0, -50.0 ], [ 75.0, -45.0 ], [ 70.0, -45.0 ], [ 70.0, -50.0 ], [ 75.0, -50.0 ] ] ] } },
{ "type": "Feature", "properties": { "tile": "oceania/e125_s05_e130_s10" }, "geometry": { "type": "Polygon", "coordinates": [ [ [ 130.0, -10.0 ], [ 130.0, -5.0 ], [ 125.0, -5.0 ], [ 125.0, -10.0 ], [ 130.0, -10.0 ] ] ] } },
{ "type": "Feature", "properties": { "tile": "oceania/e155_s30_e160_s35" }, "geometry": { "type": "Polygon", "coordinates": [ [ [ 160.0, -35.0 ], [ 160.0, -30.0 ], [ 155.0, -30.0 ], [ 155.0, -35.0 ], [ 160.0, -35.0 ] ] ] } },
{ "type": "Feature", "properties": { "tile": "oceania/e175_n00_e180_s05" }, "geometry": { "type": "Polygon", "coordinates": [ [ [ 180.0, -5.0 ], [ 180.0, 0.0 ], [ 175.0, 0.0 ], [ 175.0, -5.0 ], [ 180.0, -5.0 ] ] ] } },
{ "type": "Feature", "properties": { "tile": "oceania/e165_s15_e170_s20" }, "geometry": { "type": "Polygon", "coordinates": [ [ [ 170.0, -20.0 ], [ 170.0, -15.0 ], [ 165.0, -15.0 ], [ 165.0, -20.0 ], [ 170.0, -20.0 ] ] ] } },
{ "type": "Feature", "properties": { "tile": "oceania/e095_n00_e100_s05" }, "geometry": { "type": "Polygon", "coordinates": [ [ [ 100.0, -5.0 ], [ 100.0, 0.0 ], [ 95.0, 0.0 ], [ 95.0, -5.0 ], [ 100.0, -5.0 ] ] ] } },
{ "type": "Feature", "properties": { "tile": "oceania/e135_s05_e140_s10" }, "geometry": { "type": "Polygon", "coordinates": [ [ [ 140.0, -10.0 ], [ 140.0, -5.0 ], [ 135.0, -5.0 ], [ 135.0, -10.0 ], [ 140.0, -10.0 ] ] ] } },
{ "type": "Feature", "properties": { "tile": "oceania/e110_s20_e115_s25" }, "geometry": { "type": "Polygon", "coordinates": [ [ [ 115.0, -25.0 ], [ 115.0, -20.0 ], [ 110.0, -20.0 ], [ 110.0, -25.0 ], [ 115.0, -25.0 ] ] ] } },
{ "type": "Feature", "properties": { "tile": "oceania/e150_s20_e155_s25" }, "geometry": { "type": "Polygon", "coordinates": [ [ [ 155.0, -25.0 ], [ 155.0, -20.0 ], [ 150.0, -20.0 ], [ 150.0, -25.0 ], [ 155.0, -25.0 ] ] ] } },
{ "type": "Feature", "properties": { "tile": "oceania/e120_s05_e125_s10" }, "geometry": { "type": "Polygon", "coordinates": [ [ [ 125.0, -10.0 ], [ 125.0, -5.0 ], [ 120.0, -5.0 ], [ 120.0, -10.0 ], [ 125.0, -10.0 ] ] ] } },
{ "type": "Feature", "properties": { "tile": "oceania/e145_s40_e150_s45" }, "geometry": { "type": "Polygon", "coordinates": [ [ [ 150.0, -45.0 ], [ 150.0, -40.0 ], [ 145.0, -40.0 ], [ 145.0, -45.0 ], [ 150.0, -45.0 ] ] ] } },
{ "type": "Feature", "properties": { "tile": "oceania/e155_s05_e160_s10" }, "geometry": { "type": "Polygon", "coordinates": [ [ [ 160.0, -10.0 ], [ 160.0, -5.0 ], [ 155.0, -5.0 ], [ 155.0, -10.0 ], [ 160.0, -10.0 ] ] ] } },
{ "type": "Feature", "properties": { "tile": "oceania/e100_s05_e105_s10" }, "geometry": { "type": "Polygon", "coordinates": [ [ [ 105.0, -10.0 ], [ 105.0, -5.0 ], [ 100.0, -5.0 ], [ 100.0, -10.0 ], [ 105.0, -10.0 ] ] ] } },
{ "type": "Feature", "properties": { "tile": "oceania/e120_s30_e125_s35" }, "geometry": { "type": "Polygon", "coordinates": [ [ [ 125.0, -35.0 ], [ 125.0, -30.0 ], [ 120.0, -30.0 ], [ 120.0, -35.0 ], [ 125.0, -35.0 ] ] ] } },
{ "type": "Feature", "properties": { "tile": "oceania/e150_s05_e155_s10" }, "geometry": { "type": "Polygon", "coordinates": [ [ [ 155.0, -10.0 ], [ 155.0, -5.0 ], [ 150.0, -5.0 ], [ 150.0, -10.0 ], [ 155.0, -10.0 ] ] ] } }
]
}
