"from_id","to_id","dist_2018","dist_2020","dist_2022","change_pct"
"1","1",2237,2237,2271,0.0151989271345552
"2","2",2117,1734,1716,-0.189418989135569
"3","3",2173,2212,2257,0.03865623561896
"4","4",2843,2855,2929,0.0302497361941611
"5","5",2613,2426,2454,-0.060849598163031
"6","6",2769,2769,2804,0.012639942217407
"7","7",3200,3276,2540,-0.20625
"8969","8969",3200,3276,2540,-0.20625
"13133","13133",3200,3276,2540,-0.20625
"16775","16775",3200,3276,2540,-0.20625
"17284","17284",3200,3276,2540,-0.20625
"8","8",2139,2142,2485,0.161757830762038
"9","9",4190,4306,4347,0.0374701670644391
"10","10",2194,2163,2320,0.0574293527803099
"12085","12085",2194,2163,2320,0.0574293527803099
"11","11",2921,2720,3010,0.030469017459774
"12","12",3679,3536,3509,-0.0462082087523784
"13","13",2108,2200,2025,-0.0393738140417457
"6823","6823",2108,2200,2025,-0.0393738140417457
"14","14",2592,2581,2461,-0.0505401234567901
"15","15",1084,1101,1175,0.0839483394833948
"2281","2281",1084,1101,1175,0.0839483394833948
"16","16",2784,3272,3126,0.122844827586207
"17","17",2459,2015,2642,0.0744204961366409
"11941","11941",2459,2015,2642,0.0744204961366409
"18","18",3591,4116,4160,0.158451684767474
"19","19",1290,1414,1414,0.0961240310077519
"20","20",1207,1247,1296,0.0737365368682684
"21","21",1490,1490,1311,-0.120134228187919
"22","22",1753,1753,1753,0
"23","23",3484,3398,2290,-0.342709529276693
"24","24",1465,1453,1473,0.00546075085324232
"4381","4381",1465,1453,1473,0.00546075085324232
"15238","15238",1465,1453,1473,0.00546075085324232
"25","25",4647,4647,3337,-0.281902302560792
"26","26",4388,4388,5254,0.197356426618049
"27","27",1070,1129,1087,0.0158878504672897
"28","28",2687,2910,3233,0.20320059545962
"29","29",2801,2810,2746,-0.0196358443413067
"30","30",3095,3045,3082,-0.00420032310177706
"31","31",2013,2013,2013,0
"32","32",7715,7690,7447,-0.0347375243033052
"33","33",2280,2280,2287,0.00307017543859649
"34","34",1177,1319,1317,0.118946474086661
"35","35",1958,1958,1958,0
"36","36",1251,1389,2020,0.614708233413269
"37","37",3467,3405,3406,-0.0175944620709547
"38","38",2658,2658,2658,0
"39","39",2723,3040,2896,0.0635328681601175
"40","40",4704,4717,4707,0.000637755102040816
"41","41",4255,4258,4207,-0.0112808460634548
"42","42",3878,3888,3378,-0.128932439401753
"43","43",838,838,838,0
"44","44",4939,4032,4013,-0.187487345616522
"45","45",4500,4971,4116,-0.0853333333333333
"46","46",3388,3266,3008,-0.112160566706021
"47","47",2180,2111,1846,-0.153211009174312
"48","48",2944,3113,3121,0.0601222826086957
"49","49",1368,1368,1368,0
"50","50",2920,2968,2979,0.0202054794520548
"51","51",5415,5415,5421,0.00110803324099723
"52","52",3427,3113,3180,-0.0720747009045813
"18949","18949",3427,3113,3180,-0.0720747009045813
"53","53",2268,2267,2408,0.0617283950617284
"54","54",4724,4725,4760,0.00762066045723963
"55","55",3660,3648,3725,0.0177595628415301
"56","56",4668,4979,5197,0.113324764353042
"57","57",1783,1509,1509,-0.153673583847448
"58","58",1996,1997,2337,0.170841683366733
"59","59",2325,2333,2304,-0.00903225806451613
"60","60",2075,2114,2107,0.015421686746988
"12303","12303",2075,2114,2107,0.015421686746988
"13908","13908",2075,2114,2107,0.015421686746988
"61","61",1184,1672,1767,0.492398648648649
"62","62",1155,1054,1055,-0.0865800865800866
"6172","6172",1155,1054,1055,-0.0865800865800866
"63","63",1515,1515,1515,0
"64","64",4664,3124,3124,-0.330188679245283
"65","65",1779,1552,1552,-0.127599775154581
"66","66",3120,2801,1596,-0.488461538461538
"67","67",3966,3964,3928,-0.00958144225920323
"68","68",3830,3846,3766,-0.016710182767624
"69","69",2596,2599,2467,-0.0496918335901387
"7273","7273",2596,2599,2467,-0.0496918335901387
"10038","10038",2596,2599,2467,-0.0496918335901387
"70","70",1626,1536,1580,-0.028290282902829
"71","71",3295,3335,3552,0.0779969650986343
"72","72",1192,1192,1193,0.000838926174496644
"73","73",4605,5791,4544,-0.0132464712269273
"74","74",4347,4081,3288,-0.243616287094548
"75","75",5232,5232,5037,-0.0372706422018349
"76","76",2866,2923,2923,0.0198883461270063
"77","77",1684,1708,1503,-0.107482185273159
"78","78",3560,3772,3961,0.112640449438202
"79","79",1771,1637,2241,0.265386787125918
"80","80",5793,5799,6039,0.0424650440186432
"81","81",3427,3423,3288,-0.0405602567843595
"82","82",3812,3910,3897,0.0222980062959077
"83","83",3306,2989,3492,0.0562613430127042
"84","84",4140,4088,4088,-0.01256038647343
"85","85",2700,2718,2838,0.0511111111111111
"18323","18323",2700,2718,2838,0.0511111111111111
"86","86",7052,7043,6614,-0.0621100397050482
"87","87",2506,2597,2531,0.00997605746209098
"88","88",1736,1748,1667,-0.0397465437788018
"9195","9195",1736,1748,1667,-0.0397465437788018
"89","89",4049,4161,4216,0.0412447517905656
"11923","11923",4049,4161,4216,0.0412447517905656
"14341","14341",4049,4161,4216,0.0412447517905656
"90","90",1863,1864,2025,0.0869565217391304
"91","91",1627,1922,1945,0.195451751690227
"92","92",4760,5064,4861,0.021218487394958
"19357","19357",4760,5064,4861,0.021218487394958
"93","93",2985,2985,2987,0.000670016750418761
"94","94",910,910,1417,0.557142857142857
"95","95",3207,3371,3085,-0.0380417835983785
"96","96",3328,3328,3106,-0.0667067307692308
"97","97",4371,4453,4450,0.0180736673530085
"6661","6661",4371,4453,4450,0.0180736673530085
"98","98",2714,2714,2686,-0.0103168754605748
"99","99",3613,3612,3596,-0.00470523110988099
"100","100",5898,5808,5808,-0.0152594099694812
"101","101",8639,8695,8575,-0.00740826484546823
"102","102",1603,1607,1615,0.00748596381784155
"103","103",6835,7455,6710,-0.0182882223847842
"104","104",6454,6479,6027,-0.0661605206073753
"105","105",2977,3231,3710,0.246221027880417
"106","106",2215,2283,2280,0.0293453724604966
"107","107",2639,2467,2639,0
"17099","17099",2639,2467,2639,0
"108","108",4224,4376,4077,-0.0348011363636364
"109","109",1985,1985,1658,-0.164735516372796
"110","110",2177,2113,2549,0.170877354157097
"111","111",595,767,515,-0.134453781512605
"112","112",1616,1616,1591,-0.015470297029703
"113","113",8378,8356,7599,-0.0929816185247076
"114","114",1271,1425,2152,0.69315499606609
"115","115",978,1067,1067,0.0910020449897751
"116","116",3042,2337,2480,-0.184746877054569
"117","117",2261,2330,2596,0.148164528969483
"6225","6225",2261,2330,2596,0.148164528969483
"118","118",1512,1515,1314,-0.130952380952381
"8355","8355",1512,1515,1314,-0.130952380952381
"119","119",6007,5970,5137,-0.144831030464458
"120","120",4364,4329,4318,-0.0105407882676444
"121","121",2157,2156,2180,0.0106629578117756
"122","122",1532,1590,1561,0.0189295039164491
"10777","10777",1532,1590,1561,0.0189295039164491
"123","123",1581,1640,1676,0.0600885515496521
"9232","9232",1581,1640,1676,0.0600885515496521
"124","124",1515,1505,1506,-0.00594059405940594
"125","125",1905,1905,1966,0.0320209973753281
"126","126",2843,2843,2701,-0.0499472388322195
"127","127",2916,3478,2988,0.0246913580246914
"128","128",3757,3756,3251,-0.13468192706947
"129","129",2767,2675,2599,-0.0607155764365739
"130","130",6225,6228,5958,-0.0428915662650602
"131","131",1880,1885,2024,0.0765957446808511
"132","132",2420,2402,2282,-0.0570247933884298
"9374","9374",2420,2402,2282,-0.0570247933884298
"133","133",2689,2691,2688,-0.000371885459278542
"13665","13665",2689,2691,2688,-0.000371885459278542
"134","134",1628,1628,1628,0
"135","135",2821,2846,2821,0
"136","136",3311,3242,3271,-0.0120809423135005
"137","137",3874,4610,4120,0.0635002581311306
"138","138",2398,2398,2398,0
"139","139",2690,2690,2690,0
"140","140",3324,3316,3217,-0.0321901323706378
"141","141",2242,2387,1987,-0.113737734165923
"142","142",3217,3217,3226,0.0027976375505129
"143","143",5972,5900,5882,-0.0150703281982585
"144","144",3568,3567,3567,-0.000280269058295964
"145","145",1537,1132,1354,-0.119063109954457
"146","146",1341,1343,1301,-0.0298284862043251
"147","147",4683,4685,4581,-0.0217809096732864
"148","148",2764,2904,2907,0.0517366136034732
"149","149",3451,3585,3584,0.0385395537525355
"150","150",2590,2570,2403,-0.0722007722007722
"151","151",2814,2814,3023,0.074271499644634
"152","152",8281,8284,8509,0.0275329066537858
"153","153",5813,6026,5674,-0.023911921555135
"154","154",1445,1433,1433,-0.00830449826989619
"155","155",10329,10302,10048,-0.027204956917417
"156","156",3103,3079,4137,0.333225910409281
"157","157",1971,2108,2146,0.0887874175545408
"16867","16867",1971,2108,2146,0.0887874175545408
"158","158",1345,1642,1637,0.217100371747212
"159","159",1714,1860,1807,0.0542590431738623
"160","160",1683,1789,1788,0.0623885918003565
"4586","4586",1683,1789,1788,0.0623885918003565
"161","161",1898,2040,2198,0.158061116965227
"1120","1120",1898,2040,2198,0.158061116965227
"162","162",773,808,932,0.205692108667529
"3125","3125",773,808,932,0.205692108667529
"10747","10747",773,808,932,0.205692108667529
"14776","14776",773,808,932,0.205692108667529
"163","163",5004,4652,4621,-0.0765387689848122
"5639","5639",5004,4652,4621,-0.0765387689848122
"164","164",1275,1168,1166,-0.0854901960784314
"165","165",3517,3476,3365,-0.0432186522604492
"166","166",1467,1467,1444,-0.0156782549420586
"167","167",4335,4337,4114,-0.0509803921568627
"168","168",2451,2451,2664,0.0869033047735618
"169","169",2375,2588,2257,-0.0496842105263158
"170","170",1894,1894,1888,-0.00316789862724393
"171","171",1707,1671,1647,-0.0351493848857645
"172","172",8112,8229,7631,-0.0592948717948718
"173","173",7306,6882,7453,0.0201204489460717
"174","174",7358,7933,7370,0.0016308779559663
"175","175",1548,1548,2053,0.326227390180879
"176","176",1900,1900,1894,-0.00315789473684211
"177","177",1196,1184,1497,0.251672240802676
"8141","8141",1196,1184,1497,0.251672240802676
"178","178",7181,7030,7263,0.0114190224202757
"179","179",1964,1879,1879,-0.0432790224032587
"180","180",3203,3374,3843,0.199812675616609
"181","181",3235,3234,3190,-0.0139103554868624
"182","182",3544,3507,3600,0.0158013544018059
"183","183",1676,1676,1785,0.065035799522673
"184","184",6226,6208,5744,-0.0774172823642788
"185","185",7533,7535,6089,-0.191689897783088
"186","186",2757,2648,2629,-0.0464272760246645
"187","187",2314,2366,2345,0.0133967156439067
"188","188",4994,5031,4175,-0.163996796155386
"189","189",3709,3810,3847,0.0372067942841736
"190","190",1933,1926,1910,-0.0118986032074496
"191","191",2636,2549,2509,-0.0481790591805766
"192","192",9825,10212,9713,-0.0113994910941476
"193","193",2344,2344,2311,-0.0140784982935154
"194","194",6566,5861,4739,-0.278251599147122
"195","195",4555,4555,4655,0.021953896816685
"196","196",4271,4245,4087,-0.0430812456099274
"197","197",1393,1393,1283,-0.0789662598707825
"198","198",2367,1954,2012,-0.149978876214618
"15695","15695",2367,1954,2012,-0.149978876214618
"199","199",2644,2399,2448,-0.0741301059001513
"3212","3212",2644,2399,2448,-0.0741301059001513
"200","200",4411,4467,5321,0.206302425753797
"201","201",3215,3929,3708,0.153343701399689
"202","202",3346,3408,3156,-0.0567842199641363
"203","203",2473,2473,2472,-0.000404367165386171
"204","204",3311,3270,2068,-0.375415282392027
"205","205",4286,3765,3828,-0.106859542697154
"206","206",2086,2146,2128,0.0201342281879195
"207","207",1237,1217,1452,0.173807599029911
"208","208",2628,2617,2154,-0.180365296803653
"209","209",4157,4107,3744,-0.0993504931440943
"210","210",4653,3952,3619,-0.222222222222222
"211","211",2707,2759,3140,0.159955670483931
"212","212",1386,1427,1393,0.00505050505050505
"13355","13355",1386,1427,1393,0.00505050505050505
"17007","17007",1386,1427,1393,0.00505050505050505
"213","213",1678,2138,2191,0.305721096543504
"214","214",3321,4025,4149,0.249322493224932
"215","215",1834,1836,1801,-0.0179934569247546
"216","216",2641,2619,2755,0.0431654676258993
"217","217",3606,3583,3638,0.00887409872434831
"218","218",5234,5210,5211,-0.00439434466946886
"219","219",2394,2594,2305,-0.0371762740183793
"220","220",1529,1526,1632,0.0673642903858731
"221","221",2939,2433,2509,-0.146308268118408
"222","222",1334,1327,1406,0.0539730134932534
"223","223",1933,2549,1816,-0.0605276771857217
"224","224",3877,3686,3953,0.0196027856590147
"225","225",3598,3631,3171,-0.118677042801556
"226","226",3002,3002,3606,0.201199200532978
"227","227",1759,1750,1964,0.11654349061967
"9318","9318",1759,1750,1964,0.11654349061967
"13595","13595",1759,1750,1964,0.11654349061967
"18625","18625",1759,1750,1964,0.11654349061967
"228","228",3190,3347,3251,0.0191222570532915
"229","229",1043,1019,1247,0.195589645254075
"230","230",7054,7082,6269,-0.111284377658066
"231","231",2148,2272,2685,0.25
"2226","2226",2148,2272,2685,0.25
"233","233",9026,9165,9024,-0.00022158209616663
"234","234",6547,6242,6243,-0.0464334809836566
"235","235",4485,4775,4664,0.0399108138238573
"236","236",2457,2449,2449,-0.00325600325600326
"237","237",4546,4544,4454,-0.020237571491421
"238","238",2910,2881,2881,-0.00996563573883161
"239","239",3843,3832,3690,-0.0398126463700234
"240","240",4216,4225,3893,-0.0766129032258065
"241","241",1059,1098,1008,-0.0481586402266289
"14928","14928",1059,1098,1008,-0.0481586402266289
"242","242",3395,3339,3450,0.01620029455081
"243","243",3476,3468,3298,-0.0512082853855006
"13889","13889",3476,3468,3298,-0.0512082853855006
"244","244",1463,1463,1463,0
"245","245",1790,1785,1440,-0.195530726256983
"246","246",1448,1452,1399,-0.0338397790055249
"8145","8145",1448,1452,1399,-0.0338397790055249
"247","247",5501,4764,6335,0.151608798400291
"248","248",3909,4522,4401,0.125863392171911
"249","249",2960,2960,3217,0.0868243243243243
"250","250",5763,5213,4853,-0.157903869512407
"251","251",1975,2354,2399,0.214683544303797
"252","252",3183,2885,2885,-0.0936223688344329
"253","253",4862,4551,4311,-0.113327848621966
"254","254",2593,2565,2565,-0.0107983031237948
"255","255",2966,2966,2957,-0.00303438975050573
"256","256",5863,5848,5840,-0.00392290636193075
"257","257",10746,10232,9731,-0.0944537502326447
"258","258",2937,2913,2758,-0.0609465440926115
"259","259",1972,2227,2161,0.095841784989858
"3240","3240",1972,2227,2161,0.095841784989858
"260","260",5763,5825,5763,0
"261","261",2939,3094,2944,0.00170125893160939
"262","262",2985,2813,3087,0.0341708542713568
"263","263",777,732,732,-0.0579150579150579
"264","264",3071,3293,2944,-0.0413546076196679
"11773","11773",3071,3293,2944,-0.0413546076196679
"265","265",6218,6199,6229,0.00176905757478289
"266","266",5333,5333,4293,-0.195012188261766
"267","267",4214,4093,3479,-0.174418604651163
"268","268",5596,4854,4413,-0.211401000714796
"269","269",3120,3056,3014,-0.033974358974359
"270","270",3332,3341,3343,0.00330132052821128
"271","271",2192,2162,1967,-0.10264598540146
"272","272",9014,7960,8922,-0.0102063456844908
"273","273",3378,3379,3164,-0.0633510953226761
"274","274",1012,1061,941,-0.0701581027667984
"275","275",6935,6919,6135,-0.115356885364095
"276","276",3544,4319,4321,0.219243792325056
"277","277",2481,2457,2571,0.0362756952841596
"278","278",1460,1463,1599,0.0952054794520548
"2049","2049",1460,1463,1599,0.0952054794520548
"3611","3611",1460,1463,1599,0.0952054794520548
"7681","7681",1460,1463,1599,0.0952054794520548
"17090","17090",1460,1463,1599,0.0952054794520548
"279","279",2369,2369,2365,-0.00168847615027438
"280","280",5046,5046,4994,-0.0103051922314705
"281","281",2347,2328,2329,-0.00766936514699617
"3749","3749",2347,2328,2329,-0.00766936514699617
"282","282",1870,1870,1577,-0.15668449197861
"283","283",5870,5950,5997,0.0216354344122658
"284","284",9032,8980,9268,0.0261293179805137
"285","285",2956,2956,3074,0.0399188092016238
"4725","4725",2956,2956,3074,0.0399188092016238
"16560","16560",2956,2956,3074,0.0399188092016238
"286","286",1980,1962,1962,-0.00909090909090909
"287","287",5312,5427,5330,0.00338855421686747
"288","288",2806,2806,2805,-0.000356379187455453
"289","289",2505,2586,2148,-0.14251497005988
"790","790",2505,2586,2148,-0.14251497005988
"9038","9038",2505,2586,2148,-0.14251497005988
"290","290",1755,1590,2541,0.447863247863248
"291","291",2369,1362,1407,-0.406078514140988
"292","292",2869,3029,2866,-0.00104566050888811
"293","293",6500,6828,7050,0.0846153846153846
"294","294",1177,1177,926,-0.213254035683942
"295","295",1101,1253,1220,0.108083560399637
"427","427",1101,1253,1220,0.108083560399637
"296","296",2919,2957,2861,-0.0198698184309695
"297","297",1106,1108,1108,0.00180831826401447
"298","298",3046,3267,3100,0.0177281680892974
"299","299",4533,4526,4198,-0.0739024928303552
"300","300",2272,2272,2731,0.202024647887324
"301","301",9300,9309,10014,0.0767741935483871
"302","302",5155,6746,5587,0.0838021338506305
"303","303",5247,5461,5477,0.0438345721364589
"304","304",3399,2812,2821,-0.170050014710209
"14271","14271",3399,2812,2821,-0.170050014710209
"305","305",6165,6160,7369,0.19529602595296
"306","306",2429,2360,2330,-0.0407575133799918
"307","307",6309,6309,5284,-0.162466317958472
"308","308",3746,4189,3524,-0.0592632140950347
"309","309",4455,4199,4253,-0.0453423120089787
"310","310",5988,5988,6647,0.110053440213761
"311","311",2053,2053,1704,-0.169995129079396
"312","312",2834,2834,2787,-0.0165843330980946
"313","313",2716,2887,2695,-0.0077319587628866
"314","314",2108,1964,1930,-0.0844402277039848
"315","315",2479,2908,2362,-0.0471964501815248
"316","316",5393,5370,4654,-0.137029482662711
"317","317",5716,5399,5221,-0.0865990202939118
"318","318",2199,2199,2779,0.263756252842201
"319","319",4745,3019,3097,-0.347312961011591
"320","320",2651,2651,2652,0.000377216144851
"321","321",2915,2902,2169,-0.255917667238422
"2610","2610",2915,2902,2169,-0.255917667238422
"322","322",8520,9561,9612,0.128169014084507
"323","323",5963,5553,6435,0.0791547878584605
"324","324",2046,2046,2016,-0.0146627565982405
"325","325",2714,2862,2921,0.076271186440678
"16826","16826",2714,2862,2921,0.076271186440678
"326","326",1503,1744,1949,0.296739853626081
"14625","14625",1503,1744,1949,0.296739853626081
"327","327",1145,1156,1143,-0.00174672489082969
"2524","2524",1145,1156,1143,-0.00174672489082969
"328","328",3934,3934,3892,-0.0106761565836299
"329","329",8475,6894,7761,-0.0842477876106195
"330","330",9596,10453,9331,-0.0276156731971655
"331","331",1265,1379,1225,-0.0316205533596838
"332","332",1642,1642,1642,0
"333","333",5158,5252,4839,-0.0618456766188445
"334","334",1117,1918,1918,0.717099373321397
"335","335",1342,1281,1281,-0.0454545454545455
"10854","10854",1342,1281,1281,-0.0454545454545455
"336","336",2217,2201,2415,0.0893098782138024
"1629","1629",2217,2201,2415,0.0893098782138024
"337","337",4198,4198,4371,0.0412101000476417
"338","338",4026,4070,4126,0.0248385494287134
"339","339",3053,3264,2814,-0.0782836554208975
"19610","19610",3053,3264,2814,-0.0782836554208975
"340","340",3519,3607,3175,-0.0977550440466042
"341","341",2013,2013,2008,-0.00248385494287134
"4899","4899",2013,2013,2008,-0.00248385494287134
"342","342",4555,4551,4327,-0.0500548847420417
"343","343",2573,2878,2969,0.15390594636611
"14058","14058",2573,2878,2969,0.15390594636611
"344","344",4089,3761,3730,-0.0877965272682808
"345","345",3355,3465,3512,0.046795827123696
"11451","11451",3355,3465,3512,0.046795827123696
"346","346",1633,1263,1490,-0.0875688916105328
"347","347",1325,1255,1674,0.263396226415094
"10329","10329",1325,1255,1674,0.263396226415094
"348","348",6827,6896,6806,-0.00307602167862897
"349","349",6505,5925,5871,-0.0974634896233666
"350","350",4479,4306,3861,-0.137977227059612
"351","351",2681,2668,2668,-0.00484893696381947
"352","352",4202,4190,2633,-0.373393622084722
"353","353",2047,2010,2010,-0.0180752320468979
"354","354",989,820,816,-0.174924165824065
"355","355",9518,9502,9279,-0.0251103172935491
"356","356",4815,4418,4882,0.0139148494288681
"357","357",1854,2475,2017,0.0879180151024811
"13497","13497",1854,2475,2017,0.0879180151024811
"358","358",5165,5158,4362,-0.155469506292352
"359","359",5438,5337,3728,-0.314453843324752
"360","360",2479,1896,1895,-0.235578862444534
"361","361",2107,1979,1882,-0.106786900806834
"18551","18551",2107,1979,1882,-0.106786900806834
"362","362",9353,9348,9094,-0.027691649738052
"363","363",2078,2048,1937,-0.0678537054860443
"364","364",4111,4111,4492,0.0926781804913646
"365","365",4981,4902,4772,-0.0419594458943987
"366","366",1270,1375,1414,0.113385826771654
"367","367",2578,2591,2858,0.108611326609775
"5148","5148",2578,2591,2858,0.108611326609775
"368","368",2206,2252,2251,0.0203989120580236
"369","369",2574,2775,2802,0.0885780885780886
"370","370",4781,4781,4752,-0.00606567663668689
"371","371",4285,4285,4281,-0.000933488914819137
"16125","16125",4285,4285,4281,-0.000933488914819137
"372","372",1269,1034,1033,-0.185973207249803
"373","373",2174,2198,2102,-0.0331186752529899
"10069","10069",2174,2198,2102,-0.0331186752529899
"374","374",1580,1810,2641,0.671518987341772
"375","375",3921,4022,4114,0.0492221372098954
"376","376",4103,3802,3823,-0.0682427492078967
"377","377",2995,2989,2989,-0.00200333889816361
"3446","3446",2995,2989,2989,-0.00200333889816361
"7193","7193",2995,2989,2989,-0.00200333889816361
"378","378",2686,2686,2684,-0.000744601638123604
"379","379",2654,2748,2747,0.0350414468726451
"380","380",4936,4899,5038,0.0206645056726094
"381","381",3513,3548,3199,-0.0893822943353259
"382","382",1304,1304,1312,0.00613496932515337
"383","383",1844,1889,1877,0.0178958785249458
"10076","10076",1844,1889,1877,0.0178958785249458
"385","385",2804,2806,2361,-0.157988587731812
"386","386",12378,12151,12681,0.0244789142026175
"387","387",2594,2594,2682,0.0339244410177332
"388","388",4242,4681,4398,0.0367751060820368
"389","389",2685,2542,2617,-0.0253258845437616
"390","390",3467,3461,3513,0.0132679550043265
"391","391",3857,3498,3663,-0.0502981591910812
"392","392",3330,4053,3909,0.173873873873874
"393","393",3125,3114,3179,0.01728
"394","394",1389,1600,1296,-0.0669546436285097
"4562","4562",1389,1600,1296,-0.0669546436285097
"13731","13731",1389,1600,1296,-0.0669546436285097
"395","395",3365,3366,2487,-0.260921248142645
"396","396",2330,2363,2829,0.214163090128755
"397","397",3224,3217,2625,-0.185794044665012
"398","398",2219,2241,2241,0.00991437584497521
"399","399",8485,8080,7902,-0.0687094873305834
"400","400",2909,3319,3278,0.126847713991062
"401","401",3452,3571,3569,0.0338933951332561
"402","402",1438,1438,1441,0.00208623087621697
"403","403",3955,4723,4190,0.0594184576485461
"11064","11064",3955,4723,4190,0.0594184576485461
"404","404",5730,5728,6073,0.0598603839441536
"405","405",3110,3109,2367,-0.238906752411576
"406","406",2324,1953,1873,-0.194061962134251
"407","407",7073,7070,5943,-0.159762477025308
"408","408",1705,1497,1473,-0.136070381231672
"409","409",5217,5255,5259,0.00805060379528465
"410","410",3330,3330,3339,0.0027027027027027
"411","411",2859,2305,2305,-0.193774046869535
"412","412",1714,1703,1816,0.05950991831972
"413","413",2282,2349,2349,0.0293602103418054
"414","414",5438,5428,5451,0.0023905847738139
"415","415",2302,2318,2251,-0.0221546481320591
"416","416",4696,4680,4190,-0.107751277683135
"417","417",6298,6146,6107,-0.0303270879644332
"418","418",3109,2919,3229,0.0385976198134448
"419","419",3918,4050,3232,-0.175089331291475
"420","420",3333,3330,3224,-0.0327032703270327
"421","421",2255,2354,2210,-0.0199556541019956
"422","422",1864,1912,2083,0.117489270386266
"4933","4933",1864,1912,2083,0.117489270386266
"14824","14824",1864,1912,2083,0.117489270386266
"423","423",3574,3573,3841,0.0747062115277001
"424","424",6440,6441,6253,-0.0290372670807453
"426","426",1277,1253,1253,-0.0187940485512921
"428","428",3687,3870,3692,0.00135611608353675
"429","429",3420,3434,3414,-0.00175438596491228
"430","430",2986,2945,2910,-0.0254521098459478
"431","431",2815,3103,2756,-0.0209591474245115
"4181","4181",2815,3103,2756,-0.0209591474245115
"19718","19718",2815,3103,2756,-0.0209591474245115
"432","432",7141,7258,7087,-0.00756196611118891
"433","433",3383,3383,3382,-0.000295595625184747
"434","434",7560,7559,7309,-0.0332010582010582
"435","435",3027,3502,3071,0.0145358440700363
"436","436",1384,1384,1168,-0.15606936416185
"437","437",3665,2432,2437,-0.33506139154161
"6248","6248",3665,2432,2437,-0.33506139154161
"438","438",1339,1273,1390,0.0380881254667662
"439","439",6195,6447,5966,-0.0369652945924132
"440","440",707,723,787,0.113154172560113
"441","441",4872,5159,4920,0.00985221674876847
"442","442",3186,3251,2915,-0.0850596359070935
"443","443",6720,7148,7016,0.0440476190476191
"444","444",2745,2744,2776,0.0112932604735883
"445","445",6228,5486,5045,-0.189948619139371
"446","446",753,753,768,0.0199203187250996
"447","447",4316,4316,4140,-0.0407784986098239
"448","448",3106,3106,3166,0.0193174500965873
"449","449",6522,6156,6494,-0.00429316160686906
"450","450",7300,7303,6982,-0.0435616438356164
"451","451",5009,5009,4977,-0.00638850069874226
"452","452",3496,4729,3926,0.122997711670481
"453","453",2241,2326,2314,0.0325747434181169
"681","681",2241,2326,2314,0.0325747434181169
"454","454",1136,1163,1009,-0.111795774647887
"455","455",2890,2891,2891,0.000346020761245675
"456","456",1318,1331,1334,0.0121396054628225
"457","457",1427,1454,1414,-0.00911002102312544
"17271","17271",1427,1454,1414,-0.00911002102312544
"458","458",972,972,860,-0.11522633744856
"15401","15401",972,972,860,-0.11522633744856
"459","459",1764,1888,2003,0.135487528344671
"460","460",3082,3812,3114,0.0103828682673589
"461","461",6205,6205,5902,-0.0488315874294923
"462","462",2892,2801,2576,-0.10926694329184
"463","463",2416,2499,2593,0.0732615894039735
"464","464",4383,4760,4373,-0.00228154232261008
"15816","15816",4383,4760,4373,-0.00228154232261008
"465","465",5327,5486,6346,0.191289656467055
"466","466",2719,2719,2717,-0.000735564545788893
"467","467",2878,2871,2804,-0.0257123002084781
"468","468",2442,2601,2239,-0.0831285831285831
"469","469",899,949,1106,0.230255839822024
"17599","17599",899,949,1106,0.230255839822024
"470","470",1845,1845,1845,0
"471","471",4490,4491,4577,0.0193763919821826
"472","472",3226,2458,2459,-0.237755734655921
"473","473",2036,1999,2013,-0.0112966601178782
"474","474",2537,2500,2444,-0.0366574694521088
"10437","10437",2537,2500,2444,-0.0366574694521088
"475","475",1277,1277,1278,0.000783085356303837
"476","476",3943,3943,3938,-0.00126806999746386
"477","477",1149,1149,1336,0.162750217580505
"478","478",4148,4123,3785,-0.0875120540019286
"479","479",2816,2762,3241,0.150923295454545
"18762","18762",2816,2762,3241,0.150923295454545
"480","480",3642,2166,2166,-0.405271828665568
"481","481",4980,5143,5029,0.00983935742971888
"482","482",5150,5150,5233,0.0161165048543689
"483","483",2314,2345,2338,0.010371650821089
"484","484",2690,2655,2575,-0.0427509293680297
"7679","7679",2690,2655,2575,-0.0427509293680297
"485","485",2532,2531,2645,0.0446287519747235
"845","845",2532,2531,2645,0.0446287519747235
"486","486",2560,2549,2547,-0.005078125
"487","487",877,959,932,0.0627137970353478
"488","488",362,714,714,0.972375690607735
"489","489",2351,2206,2389,0.0161633347511697
"490","490",1364,1364,1444,0.0586510263929619
"491","491",1051,939,939,-0.106565176022835
"5201","5201",1051,939,939,-0.106565176022835
"492","492",1105,1105,1105,0
"493","493",4169,4169,4197,0.00671623890621252
"494","494",4216,4527,4605,0.0922675521821632
"495","495",3836,3838,3974,0.0359749739311783
"496","496",2445,2701,2960,0.210633946830266
"2498","2498",2445,2701,2960,0.210633946830266
"3558","3558",2445,2701,2960,0.210633946830266
"9576","9576",2445,2701,2960,0.210633946830266
"497","497",7088,7230,7349,0.0368227990970655
"498","498",5373,5465,5441,0.0126558719523544
"499","499",2691,2723,2680,-0.00408769973987365
"500","500",2171,2146,2306,0.0621833256563795
"501","501",2678,2815,2270,-0.152352501867065
"502","502",5434,5425,5374,-0.0110415899889584
"503","503",3547,3660,2860,-0.193684804059769
"504","504",5140,4912,4484,-0.127626459143969
"505","505",2732,2904,2728,-0.00146412884333821
"17908","17908",2732,2904,2728,-0.00146412884333821
"506","506",6182,6199,6176,-0.000970559689420899
"507","507",3823,2712,2709,-0.291394193042114
"508","508",3015,2215,2262,-0.249751243781095
"18170","18170",3015,2215,2262,-0.249751243781095
"509","509",2744,2743,2691,-0.0193148688046647
"510","510",2856,3495,3440,0.204481792717087
"511","511",4882,5259,5325,0.0907414993854977
"512","512",5726,5994,6207,0.0840027942717429
"513","513",1556,1340,1368,-0.120822622107969
"514","514",1523,2300,1409,-0.0748522652659225
"10487","10487",1523,2300,1409,-0.0748522652659225
"515","515",1925,1927,1927,0.00103896103896104
"15352","15352",1925,1927,1927,0.00103896103896104
"516","516",7338,7327,7307,-0.00422458435541019
"517","517",5418,5493,5454,0.00664451827242525
"518","518",3718,3328,3725,0.00188273265196342
"519","519",1201,1297,1309,0.08992506244796
"520","520",6091,6005,5421,-0.109998358233459
"521","521",3189,3189,3027,-0.0507996237064911
"522","522",2985,3033,2780,-0.0686767169179229
"523","523",4260,4261,4262,0.000469483568075117
"524","524",2925,3197,3366,0.150769230769231
"525","525",4135,4242,4379,0.0590084643288996
"4120","4120",4135,4242,4379,0.0590084643288996
"7205","7205",4135,4242,4379,0.0590084643288996
"526","526",8024,8043,7782,-0.0301595214356929
"527","527",2093,2093,2093,0
"528","528",2559,2567,2575,0.00625244236029699
"529","529",5229,5228,5256,0.00516351118760757
"530","530",1615,1580,1815,0.123839009287926
"11308","11308",1615,1580,1815,0.123839009287926
"531","531",6505,6489,6090,-0.0637970791698693
"532","532",1562,1548,1524,-0.0243277848911652
"533","533",2694,2395,2398,-0.109873793615442
"534","534",1263,1380,1783,0.411718131433096
"535","535",1790,1970,1597,-0.107821229050279
"16681","16681",1790,1970,1597,-0.107821229050279
"536","536",3505,3505,3305,-0.0570613409415121
"537","537",1666,1743,1744,0.0468187274909964
"538","538",5448,5481,5646,0.0363436123348018
"539","539",2632,3015,3008,0.142857142857143
"540","540",6460,6853,6227,-0.0360681114551084
"541","541",4435,4331,4450,0.00338218714768884
"542","542",3106,3048,3050,-0.0180296200901481
"543","543",3178,3195,3195,0.00534927627438641
"544","544",1994,2007,1813,-0.0907723169508526
"936","936",1994,2007,1813,-0.0907723169508526
"545","545",4145,4291,3873,-0.06562123039807
"546","546",7894,7632,8103,0.0264758044084115
"547","547",1505,1595,1563,0.0385382059800664
"9590","9590",1505,1595,1563,0.0385382059800664
"548","548",7041,7027,6891,-0.0213037920749893
"549","549",1534,1594,1971,0.284876140808344
"11107","11107",1534,1594,1971,0.284876140808344
"11887","11887",1534,1594,1971,0.284876140808344
"550","550",3212,3164,3195,-0.00529265255292653
"1149","1149",3212,3164,3195,-0.00529265255292653
"551","551",1584,1593,1642,0.0366161616161616
"4132","4132",1584,1593,1642,0.0366161616161616
"15273","15273",1584,1593,1642,0.0366161616161616
"552","552",8135,8063,8110,-0.00307314074984634
"553","553",5178,4771,5166,-0.00231749710312862
"554","554",1925,1925,1911,-0.00727272727272727
"555","555",2486,2481,2500,0.00563153660498793
"556","556",2823,2823,2823,0
"557","557",4015,2533,2563,-0.361643835616438
"558","558",2942,3123,2939,-0.00101971447994562
"559","559",2098,2141,2141,0.0204957102001907
"560","560",2662,2662,2559,-0.0386927122464313
"561","561",1908,1964,1992,0.0440251572327044
"562","562",5571,5571,5168,-0.0723388978639383
"563","563",6040,4877,4852,-0.196688741721854
"564","564",1404,1885,1906,0.357549857549858
"565","565",2270,2667,2652,0.168281938325991
"10143","10143",2270,2667,2652,0.168281938325991
"566","566",1032,1032,1032,0
"567","567",5426,5443,5420,-0.00110578695171397
"568","568",2286,2567,2637,0.153543307086614
"569","569",2325,2325,2505,0.0774193548387097
"10227","10227",2325,2325,2505,0.0774193548387097
"570","570",7160,6455,6388,-0.107821229050279
"571","571",2202,2202,2036,-0.075386012715713
"14755","14755",2202,2202,2036,-0.075386012715713
"572","572",2096,2096,1515,-0.27719465648855
"573","573",5136,5236,5042,-0.0183021806853583
"574","574",4014,4079,3960,-0.0134529147982063
"575","575",1663,1749,1759,0.0577269993986771
"576","576",1693,1708,1709,0.00945067926757236
"577","577",4422,4412,4403,-0.00429669832654907
"578","578",5680,5574,5548,-0.0232394366197183
"579","579",1963,1963,1963,0
"580","580",8136,8136,7978,-0.0194198623402163
"581","581",3138,3138,3186,0.0152963671128107
"582","582",1675,1736,1988,0.186865671641791
"2803","2803",1675,1736,1988,0.186865671641791
"10096","10096",1675,1736,1988,0.186865671641791
"583","583",1683,1521,1538,-0.0861556743909685
"584","584",4231,4037,4113,-0.0278893878515717
"585","585",5059,4934,3586,-0.291164261711801
"586","586",2589,2560,2560,-0.011201235998455
"587","587",3563,3301,3325,-0.0667976424361493
"588","588",2076,2409,2362,0.13776493256262
"589","589",2091,2007,2437,0.165471066475371
"590","590",3531,3531,3506,-0.00708014726706315
"591","591",5585,5169,5164,-0.0753804834377798
"592","592",6295,5564,4985,-0.208101667990469
"593","593",6553,5996,5963,-0.0900350984282008
"594","594",1778,1978,2250,0.265466816647919
"595","595",615,615,615,0
"596","596",2878,2925,3049,0.0594162612925643
"13769","13769",2878,2925,3049,0.0594162612925643
"15730","15730",2878,2925,3049,0.0594162612925643
"597","597",2314,2314,2305,-0.00388936905790838
"598","598",1584,1577,1577,-0.00441919191919192
"599","599",6472,6475,6802,0.0509888751545117
"600","600",4274,4411,4126,-0.0346279831539541
"601","601",3489,3488,2753,-0.210948695901404
"602","602",2970,2927,2927,-0.0144781144781145
"603","603",2754,2754,2766,0.00435729847494553
"15528","15528",2754,2754,2766,0.00435729847494553
"604","604",3093,3093,3093,0
"605","605",5967,5967,6086,0.0199430199430199
"606","606",4163,4494,4453,0.0696613019457122
"607","607",9721,11320,10763,0.107190618249151
"608","608",4181,4266,4174,-0.00167424061229371
"609","609",3832,3923,3930,0.0255741127348643
"610","610",1648,1776,1791,0.0867718446601942
"611","611",3527,3512,3212,-0.0893110292032889
"612","612",2028,2028,2028,0
"613","613",6890,6890,6132,-0.110014513788099
"614","614",1819,1966,2072,0.139087410665201
"615","615",1105,1046,1060,-0.0407239819004525
"616","616",3419,3222,3288,-0.0383152968704299
"617","617",1761,1761,2470,0.402612152186258
"618","618",4442,4519,4429,-0.00292660963529941
"619","619",1374,1196,1175,-0.144832605531295
"620","620",2650,2649,2648,-0.000754716981132075
"621","621",2448,2448,2449,0.000408496732026144
"622","622",7522,6667,6467,-0.140255251262962
"623","623",3838,3839,3836,-0.000521104742053153
"624","624",3539,4406,4992,0.410567957050014
"625","625",1878,1443,1514,-0.193823216187433
"18107","18107",1878,1443,1514,-0.193823216187433
"626","626",5539,4812,4580,-0.173135945116447
"627","627",2232,2436,2431,0.08915770609319
"628","628",1235,1499,1499,0.213765182186235
"629","629",5523,5504,4811,-0.128915444504798
"630","630",2014,2014,1974,-0.0198609731876862
"631","631",5132,5165,4771,-0.0703429462197974
"632","632",8802,7898,8955,0.0173824130879346
"633","633",9920,9924,9539,-0.0384072580645161
"634","634",1884,1883,1923,0.0207006369426752
"635","635",1326,1332,1481,0.116892911010558
"868","868",1326,1332,1481,0.116892911010558
"636","636",1815,1802,2113,0.164187327823691
"637","637",3191,3550,3511,0.100282043246631
"638","638",4041,4052,3808,-0.0576589952981935
"639","639",6334,6334,6269,-0.0102620776760341
"640","640",6682,6629,7008,0.048787788087399
"641","641",5058,4668,4470,-0.116251482799526
"642","642",1554,1557,1557,0.00193050193050193
"643","643",11347,11355,11512,0.0145412884462854
"644","644",3573,3607,3579,0.00167926112510495
"645","645",1529,1540,1581,0.0340091563113146
"19410","19410",1529,1540,1581,0.0340091563113146
"646","646",1589,1673,1645,0.0352422907488987
"1341","1341",1589,1673,1645,0.0352422907488987
"19228","19228",1589,1673,1645,0.0352422907488987
"647","647",6017,5877,5746,-0.0450390560079774
"648","648",680,622,622,-0.0852941176470588
"649","649",2653,2594,2482,-0.0644553335846212
"650","650",1205,1143,1319,0.0946058091286307
"651","651",3648,3623,3566,-0.0224780701754386
"652","652",2475,2462,2461,-0.00565656565656566
"1255","1255",2475,2462,2461,-0.00565656565656566
"6490","6490",2475,2462,2461,-0.00565656565656566
"8921","8921",2475,2462,2461,-0.00565656565656566
"653","653",2104,2104,2132,0.0133079847908745
"654","654",2705,3053,2415,-0.10720887245841
"2301","2301",2705,3053,2415,-0.10720887245841
"655","655",7024,4521,3501,-0.501566059225513
"656","656",7329,7582,7121,-0.0283804066039023
"657","657",1300,1292,1292,-0.00615384615384615
"658","658",2148,2097,2252,0.0484171322160149
"659","659",4988,5078,5234,0.0493183640737771
"660","660",5364,5370,5388,0.00447427293064877
"661","661",713,833,946,0.326788218793829
"16057","16057",713,833,946,0.326788218793829
"662","662",3970,4403,3675,-0.0743073047858942
"663","663",2296,2695,2621,0.141550522648084
"664","664",2313,2567,2629,0.136619109381755
"665","665",2515,2501,2469,-0.0182902584493042
"666","666",2731,2754,2885,0.056389600878799
"667","667",865,858,874,0.0104046242774566
"668","668",3021,3021,2904,-0.0387288977159881
"669","669",10201,10186,10255,0.00529359866679737
"670","670",3410,3093,3138,-0.0797653958944282
"671","671",861,809,1039,0.206736353077816
"672","672",3399,4002,4050,0.191526919682259
"15319","15319",3399,4002,4050,0.191526919682259
"673","673",3273,3549,3255,-0.00549954170485793
"674","674",6873,8049,6320,-0.0804597701149425
"675","675",918,931,931,0.014161220043573
"676","676",1618,1780,1783,0.101977750309023
"677","677",2514,2514,2514,0
"678","678",3385,3441,3442,0.0168389955686854
"679","679",1929,1693,1680,-0.129082426127527
"2036","2036",1929,1693,1680,-0.129082426127527
"680","680",2010,2486,2486,0.23681592039801
"16133","16133",2010,2486,2486,0.23681592039801
"682","682",1920,1711,1640,-0.145833333333333
"1435","1435",1920,1711,1640,-0.145833333333333
"683","683",3709,3711,4003,0.0792666486923699
"684","684",3564,2730,2944,-0.173961840628507
"685","685",4261,4208,3930,-0.0776812954705468
"686","686",2431,1446,1332,-0.452077334430276
"687","687",1331,1342,1022,-0.232156273478588
"688","688",1570,1570,1568,-0.00127388535031847
"1679","1679",1570,1570,1568,-0.00127388535031847
"689","689",1372,1381,1352,-0.0145772594752187
"690","690",5887,5136,4882,-0.170715135043316
"691","691",2648,2553,2542,-0.0400302114803625
"692","692",6034,6035,4211,-0.302121312562148
"693","693",1744,1744,1810,0.0378440366972477
"694","694",4195,4160,3719,-0.113468414779499
"695","695",1331,1334,1331,0
"696","696",2812,2889,2889,0.0273826458036984
"697","697",1314,1558,1444,0.0989345509893455
"698","698",7871,7926,7621,-0.0317621649091602
"699","699",6943,7047,6892,-0.00734552786979692
"700","700",5401,5408,5444,0.00796148861321977
"701","701",3442,3442,3539,0.0281812899477048
"702","702",3636,3637,3927,0.08003300330033
"703","703",2063,1170,1287,-0.376151236063984
"10186","10186",2063,1170,1287,-0.376151236063984
"704","704",2570,2634,2522,-0.0186770428015564
"11821","11821",2570,2634,2522,-0.0186770428015564
"705","705",1668,1590,1592,-0.0455635491606715
"706","706",2126,2187,2126,0
"707","707",8432,8507,7962,-0.0557400379506641
"708","708",1571,1608,1608,0.0235518777848504
"709","709",1099,972,773,-0.29663330300273
"4702","4702",1099,972,773,-0.29663330300273
"710","710",6665,6665,6664,-0.000150037509377344
"711","711",2401,2401,2911,0.212411495210329
"712","712",3191,3071,2437,-0.236289564399875
"13228","13228",3191,3071,2437,-0.236289564399875
"713","713",5325,5338,5535,0.0394366197183099
"714","714",2158,2172,2205,0.0217794253938832
"715","715",1991,1796,1796,-0.0979407332998493
"716","716",2143,1765,1991,-0.0709286047596827
"18527","18527",2143,1765,1991,-0.0709286047596827
"717","717",1760,1983,1983,0.126704545454545
"718","718",3799,4006,3542,-0.0676493814161622
"719","719",2687,3113,3009,0.119836248604392
"720","720",960,965,954,-0.00625
"721","721",4985,5181,5478,0.0988966900702106
"722","722",1974,1974,1974,0
"723","723",3007,3066,3303,0.0984369803791154
"724","724",1120,1619,1299,0.159821428571429
"19734","19734",1120,1619,1299,0.159821428571429
"725","725",4248,4489,3992,-0.0602636534839925
"726","726",1387,1717,1374,-0.00937274693583273
"727","727",6791,6779,6017,-0.113974377853041
"728","728",5440,5432,5528,0.0161764705882353
"3453","3453",5440,5432,5528,0.0161764705882353
"729","729",4491,4061,3932,-0.124471164551325
"730","730",8720,8565,8533,-0.0214449541284404
"731","731",6042,6042,5994,-0.00794438927507448
"732","732",2708,2708,2298,-0.151403249630724
"733","733",3653,3991,3937,0.0777443197372023
"734","734",2408,2447,2234,-0.0722591362126246
"735","735",1566,1566,1566,0
"736","736",1291,1256,1397,0.0821068938807126
"12766","12766",1291,1256,1397,0.0821068938807126
"14232","14232",1291,1256,1397,0.0821068938807126
"737","737",2154,2104,2135,-0.00882079851439183
"738","738",9318,9308,8559,-0.0814552479072762
"739","739",1818,1732,1687,-0.0720572057205721
"740","740",1572,1329,1329,-0.154580152671756
"741","741",4960,4965,4953,-0.00141129032258065
"742","742",3361,3359,3095,-0.0791431121689973
"743","743",5188,5182,4657,-0.102351580570547
"744","744",4876,5104,4933,0.0116899097621001
"745","745",701,701,701,0
"746","746",4362,3807,3808,-0.127005960568547
"747","747",2834,2834,2656,-0.0628087508821454
"748","748",954,948,970,0.0167714884696017
"749","749",2067,2326,2293,0.109337203676826
"3081","3081",2067,2326,2293,0.109337203676826
"4719","4719",2067,2326,2293,0.109337203676826
"750","750",5008,5395,5327,0.0636980830670927
"751","751",1617,1569,1616,-0.000618429189857761
"1821","1821",1617,1569,1616,-0.000618429189857761
"11671","11671",1617,1569,1616,-0.000618429189857761
"752","752",913,873,1009,0.105147864184009
"753","753",4220,3256,3282,-0.222274881516588
"754","754",3541,3332,3357,-0.0519627223948037
"755","755",1773,1813,1840,0.0377890580936266
"9323","9323",1773,1813,1840,0.0377890580936266
"13298","13298",1773,1813,1840,0.0377890580936266
"756","756",994,909,919,-0.0754527162977867
"757","757",6348,5505,5636,-0.112161310649023
"758","758",1380,1437,1544,0.118840579710145
"13215","13215",1380,1437,1544,0.118840579710145
"759","759",1513,1520,1520,0.0046265697290152
"760","760",1254,1327,1385,0.104465709728868
"10632","10632",1254,1327,1385,0.104465709728868
"11523","11523",1254,1327,1385,0.104465709728868
"761","761",1181,1178,1175,-0.00508044030482642
"762","762",3961,3962,3763,-0.0499873769250189
"763","763",4142,4105,4199,0.0137614678899083
"764","764",4514,4514,4010,-0.1116526362428
"765","765",2531,1966,2115,-0.164361912287633
"766","766",5290,5558,5812,0.0986767485822306
"767","767",3433,3450,3497,0.0186425866588989
"768","768",1474,1474,1252,-0.150610583446404
"769","769",5054,4985,5434,0.075187969924812
"770","770",1506,1518,1368,-0.0916334661354582
"771","771",4378,4378,4179,-0.0454545454545455
"772","772",5531,5534,5237,-0.0531549448562647
"773","773",2661,2560,2560,-0.0379556557685081
"774","774",5008,4933,5028,0.00399361022364217
"17302","17302",5008,4933,5028,0.00399361022364217
"775","775",1250,1250,1274,0.0192
"776","776",1997,1997,1881,-0.0580871306960441
"777","777",3960,4348,3751,-0.0527777777777778
"778","778",835,826,799,-0.0431137724550898
"779","779",1668,1668,1655,-0.00779376498800959
"780","780",5436,5435,5199,-0.043598233995585
"781","781",2394,2418,2613,0.0914786967418546
"782","782",5302,5423,5437,0.0254620897774425
"783","783",3700,2622,2629,-0.289459459459459
"784","784",2357,2333,2478,0.0513364446330081
"785","785",3458,3497,3358,-0.0289184499710816
"786","786",2702,2771,2658,-0.0162842339008142
"787","787",2523,2171,2003,-0.206103844629409
"788","788",5763,5754,5649,-0.0197813638729828
"789","789",1440,1303,1304,-0.0944444444444444
"791","791",5426,5880,5355,-0.013085145595282
"792","792",6750,7363,6315,-0.0644444444444444
"793","793",2871,3252,3205,0.116335771508185
"794","794",7866,7859,7421,-0.0565725908975337
"795","795",3697,4478,4662,0.261022450635651
"796","796",6182,6209,6189,0.00113231963765772
"797","797",3411,2922,3058,-0.103488712987394
"798","798",1693,1693,1953,0.153573538098051
"4223","4223",1693,1693,1953,0.153573538098051
"799","799",2984,2863,2768,-0.0723860589812333
"800","800",2382,2374,2410,0.0117548278757347
"801","801",5408,4534,5033,-0.0693417159763314
"6380","6380",5408,4534,5033,-0.0693417159763314
"802","802",1908,1732,1732,-0.0922431865828092
"803","803",2441,2434,2479,0.0155673904137649
"804","804",2893,2892,2308,-0.202212236432769
"805","805",1308,1348,1389,0.0619266055045872
"806","806",2934,3254,3136,0.0688479890933879
"807","807",7517,7600,7009,-0.0675801516562458
"808","808",2420,1854,1809,-0.252479338842975
"809","809",3855,3840,3839,-0.00415045395590143
"810","810",1152,1153,1155,0.00260416666666667
"9256","9256",1152,1153,1155,0.00260416666666667
"811","811",6322,6327,6230,-0.0145523568490984
"812","812",1908,1908,1908,0
"813","813",2712,2615,3212,0.184365781710914
"814","814",4621,4661,4702,0.0175286734473058
"9620","9620",4621,4661,4702,0.0175286734473058
"815","815",2960,3154,2601,-0.121283783783784
"816","816",1534,1585,1770,0.153846153846154
"817","817",2673,2673,2711,0.0142162364384587
"818","818",5102,5041,5090,-0.00235201881615053
"819","819",1043,1043,1048,0.00479386385426654
"820","820",2544,2881,3474,0.365566037735849
"17170","17170",2544,2881,3474,0.365566037735849
"821","821",12706,12507,12469,-0.0186526050684716
"822","822",4056,3798,3517,-0.132889546351085
"823","823",3254,3093,3361,0.0328826060233559
"824","824",4483,4617,3983,-0.11153245594468
"825","825",6293,6273,6250,-0.0068329890354362
"826","826",948,948,1021,0.0770042194092827
"827","827",7154,7447,7032,-0.0170533967011462
"828","828",1069,1069,1069,0
"829","829",1812,1810,2928,0.615894039735099
"830","830",4222,4353,4349,0.0300805305542397
"831","831",2637,3021,2765,0.0485400075843762
"832","832",1399,1399,1427,0.0200142959256612
"833","833",1718,1691,1666,-0.030267753201397
"834","834",4781,4858,4858,0.0161054172767204
"835","835",2912,2862,2930,0.00618131868131868
"836","836",4428,4227,4330,-0.0221318879855465
"837","837",2947,3203,3397,0.152697658635901
"838","838",2755,2754,2407,-0.126315789473684
"839","839",2356,2959,2970,0.260611205432937
"840","840",1769,1769,1722,-0.0265686828716789
"841","841",3201,3236,3054,-0.0459231490159325
"842","842",5359,5175,5171,-0.0350811718604217
"843","843",2123,2111,2121,-0.000942063118228921
"844","844",3578,3578,3580,0.000558971492453885
"846","846",2073,2107,2107,0.0164013506994694
"847","847",3238,3261,2651,-0.181284743668931
"848","848",2213,2225,2065,-0.0668775417984636
"849","849",2131,2359,2747,0.289066166119193
"850","850",2245,2560,2483,0.106013363028953
"851","851",5110,5752,6092,0.192172211350294
"852","852",6831,7150,7216,0.0563607085346216
"853","853",3167,3066,3424,0.0811493526997158
"1206","1206",3167,3066,3424,0.0811493526997158
"854","854",7426,8143,7600,0.0234311877188257
"855","855",1322,1261,1401,0.0597579425113464
"15000","15000",1322,1261,1401,0.0597579425113464
"19486","19486",1322,1261,1401,0.0597579425113464
"856","856",2671,2689,2689,0.00673904904530139
"857","857",2129,2117,1851,-0.130577736026303
"858","858",3792,3814,3843,0.0134493670886076
"859","859",2323,2223,2298,-0.0107619457597934
"860","860",1493,1493,1494,0.000669792364367046
"861","861",3150,3799,3819,0.212380952380952
"13526","13526",3150,3799,3819,0.212380952380952
"862","862",2503,2415,2672,0.0675189772273272
"863","863",4606,5544,5625,0.221233174120712
"864","864",1552,1805,1944,0.252577319587629
"18154","18154",1552,1805,1944,0.252577319587629
"865","865",1556,1549,1647,0.0584832904884319
"9167","9167",1556,1549,1647,0.0584832904884319
"15875","15875",1556,1549,1647,0.0584832904884319
"17660","17660",1556,1549,1647,0.0584832904884319
"866","866",1493,1657,1685,0.128600133958473
"15985","15985",1493,1657,1685,0.128600133958473
"867","867",1167,1161,1160,-0.00599828620394173
"869","869",3410,3403,3075,-0.0982404692082111
"870","870",5507,5258,4656,-0.154530597421464
"871","871",11552,11436,11926,0.0323753462603878
"872","872",2701,2538,2439,-0.0970011106997408
"873","873",4640,4469,4468,-0.0370689655172414
"874","874",6201,6167,6167,-0.00548298661506209
"875","875",2950,2950,2956,0.00203389830508475
"6278","6278",2950,2950,2956,0.00203389830508475
"876","876",1209,1218,2136,0.766749379652605
"877","877",2941,2984,3035,0.0319619177150629
"9345","9345",2941,2984,3035,0.0319619177150629
"878","878",6276,6241,5800,-0.0758444869343531
"879","879",4366,5105,4063,-0.0693999083829592
"15252","15252",4366,5105,4063,-0.0693999083829592
"880","880",2521,2420,2418,-0.0408568028560095
"8864","8864",2521,2420,2418,-0.0408568028560095
"881","881",2574,2576,3262,0.267288267288267
"882","882",5500,5563,5550,0.00909090909090909
"883","883",2344,2558,2531,0.079778156996587
"884","884",5112,5834,6200,0.21283255086072
"885","885",895,895,821,-0.0826815642458101
"886","886",2148,2272,2699,0.256517690875233
"6557","6557",2148,2272,2699,0.256517690875233
"887","887",3153,2815,2725,-0.135743736124326
"888","888",3520,3638,3496,-0.00681818181818182
"889","889",3287,3292,3384,0.0295101916641314
"6315","6315",3287,3292,3384,0.0295101916641314
"890","890",1465,1453,1629,0.111945392491468
"891","891",5569,4874,4763,-0.144729753995331
"892","892",5166,4843,5048,-0.0228416569879985
"893","893",4202,4174,4747,0.129700142789148
"894","894",2734,3041,3041,0.112289685442575
"19840","19840",2734,3041,3041,0.112289685442575
"895","895",2948,2887,2892,-0.0189959294436906
"7059","7059",2948,2887,2892,-0.0189959294436906
"896","896",2962,2962,2963,0.000337609723160027
"897","897",6717,7030,6769,0.00774155128777728
"898","898",3439,3226,3226,-0.0619366094794999
"899","899",1955,1929,1621,-0.170843989769821
"900","900",9526,9566,9221,-0.0320176359437329
"901","901",3987,4588,3997,0.00250815149235014
"902","902",7610,7592,8577,0.127069645203679
"903","903",1418,1418,1654,0.166431593794076
"904","904",8694,8717,9216,0.0600414078674948
"905","905",6190,6183,5712,-0.0772213247172859
"906","906",3179,3186,3233,0.0169864737338786
"907","907",1847,1809,1644,-0.109907958852193
"908","908",6436,6562,6304,-0.0205096333126165
"909","909",3580,3880,3586,0.00167597765363128
"910","910",5839,6123,6307,0.0801507107381401
"911","911",5363,5345,5246,-0.0218161476785381
"912","912",1524,1833,1832,0.202099737532808
"913","913",2527,2992,2742,0.0850811238622873
"8371","8371",2527,2992,2742,0.0850811238622873
"914","914",2682,3314,2678,-0.00149142431021626
"915","915",2085,2174,1976,-0.0522781774580336
"916","916",6440,6309,6289,-0.0234472049689441
"917","917",2500,2524,2620,0.048
"11529","11529",2500,2524,2620,0.048
"918","918",2052,2360,2449,0.193469785575049
"16645","16645",2052,2360,2449,0.193469785575049
"919","919",2315,2149,2149,-0.0717062634989201
"4415","4415",2315,2149,2149,-0.0717062634989201
"7030","7030",2315,2149,2149,-0.0717062634989201
"920","920",6972,5391,6433,-0.0773092369477912
"921","921",1872,2075,2073,0.107371794871795
"922","922",1890,1756,1756,-0.0708994708994709
"923","923",1192,1281,1298,0.0889261744966443
"14328","14328",1192,1281,1298,0.0889261744966443
"924","924",2375,2365,3451,0.453052631578947
"925","925",3981,4059,4386,0.101733232856066
"926","926",2106,2090,2938,0.395061728395062
"927","927",2309,2309,2312,0.00129926375054136
"928","928",2903,2903,2903,0
"929","929",2351,2373,2798,0.190131858783496
"930","930",1662,1602,1304,-0.215403128760529
"931","931",2518,2550,2249,-0.106830818109611
"932","932",3595,3844,3472,-0.0342141863699583
"933","933",2051,2450,2412,0.176011701608971
"934","934",3619,3801,3683,0.0176844432163581
"935","935",1957,1957,1987,0.0153295861011753
"937","937",1150,1205,1130,-0.0173913043478261
"938","938",3457,3805,3470,0.00376048597049465
"939","939",3248,2987,3112,-0.041871921182266
"940","940",1413,1395,2632,0.862703467799009
"8264","8264",1413,1395,2632,0.862703467799009
"941","941",2521,2667,2573,0.0206267354224514
"942","942",4786,4776,4609,-0.0369828666945257
"943","943",3613,3615,3500,-0.0312759479656795
"944","944",2055,2317,2746,0.33625304136253
"945","945",3631,2990,3012,-0.170476452767833
"946","946",3727,3782,3827,0.0268312315535283
"947","947",2150,2142,3035,0.411627906976744
"948","948",4619,4604,4615,-0.000865988309157826
"949","949",1290,1630,1960,0.51937984496124
"950","950",3772,3773,3502,-0.0715800636267232
"951","951",2154,2464,2464,0.143918291550604
"952","952",3453,3453,3152,-0.0871705763104547
"953","953",2775,2709,2799,0.00864864864864865
"9559","9559",2775,2709,2799,0.00864864864864865
"954","954",4887,5023,5600,0.145897278493964
"955","955",3268,3268,4946,0.513463892288862
"956","956",2545,2542,2509,-0.0141453831041257
"957","957",1174,1174,1174,0
"958","958",3169,3170,2945,-0.0706847585989271
"959","959",5775,5742,5712,-0.0109090909090909
"960","960",5377,5167,5203,-0.032360052073647
"961","961",2517,3267,2682,0.065554231227652
"17351","17351",2517,3267,2682,0.065554231227652
"962","962",5393,5421,5421,0.00519191544594845
"963","963",2650,2640,2786,0.0513207547169811
"3111","3111",2650,2640,2786,0.0513207547169811
"15766","15766",2650,2640,2786,0.0513207547169811
"964","964",2374,2313,2761,0.16301600673968
"965","965",7025,7025,7057,0.00455516014234875
"966","966",3998,3998,3557,-0.110305152576288
"967","967",2757,2913,2687,-0.0253899165759884
"968","968",2421,2458,2458,0.0152829409334986
"969","969",1974,1991,1961,-0.00658561296859169
"970","970",2694,2733,2564,-0.0482553823311062
"971","971",1860,1980,1882,0.0118279569892473
"8344","8344",1860,1980,1882,0.0118279569892473
"972","972",1814,1813,1801,-0.0071664829106946
"973","973",2201,2201,2201,0
"974","974",6417,6417,6431,0.00218170484650148
"975","975",4352,4353,4353,0.000229779411764706
"976","976",2169,1606,1633,-0.247118487782388
"1837","1837",2169,1606,1633,-0.247118487782388
"18516","18516",2169,1606,1633,-0.247118487782388
"977","977",2151,2638,1696,-0.211529521152952
"978","978",2316,2591,2324,0.00345423143350604
"15085","15085",2316,2591,2324,0.00345423143350604
"979","979",2084,2013,2226,0.0681381957773513
"980","980",11543,11850,11896,0.0305813046868232
"981","981",1772,1585,1585,-0.105530474040632
"982","982",2213,2317,2326,0.0510619069136918
"1519","1519",2213,2317,2326,0.0510619069136918
"2031","2031",2213,2317,2326,0.0510619069136918
"5883","5883",2213,2317,2326,0.0510619069136918
"983","983",1383,1288,1288,-0.0686912509038323
"984","984",1716,1702,1710,-0.0034965034965035
"985","985",4646,3912,4341,-0.0656478691347396
"986","986",2386,2381,2470,0.0352053646269908
"1451","1451",2386,2381,2470,0.0352053646269908
"16294","16294",2386,2381,2470,0.0352053646269908
"987","987",2946,2771,2772,-0.0590631364562118
"988","988",2968,2988,2885,-0.0279649595687332
"989","989",3500,3544,3544,0.0125714285714286
"990","990",1775,1777,1724,-0.0287323943661972
"991","991",3596,3547,3522,-0.0205784204671858
"12599","12599",3596,3547,3522,-0.0205784204671858
"992","992",3200,2651,2560,-0.2
"993","993",4863,4789,4789,-0.0152169442730825
"994","994",3933,3892,4988,0.268243071446733
"995","995",2350,2335,2334,-0.00680851063829787
"996","996",2175,2226,2109,-0.0303448275862069
"997","997",2911,2909,2732,-0.0614908965991068
"3312","3312",2911,2909,2732,-0.0614908965991068
"998","998",3874,3874,4255,0.0983479607640681
"999","999",2631,2675,2719,0.0334473584188522
"1000","1000",1223,1831,1161,-0.0506950122649223
"17252","17252",1223,1831,1161,-0.0506950122649223
"1001","1001",2687,2683,2683,-0.00148864905098623
"1002","1002",2746,3137,3036,0.105608157319738
"12710","12710",2746,3137,3036,0.105608157319738
"1003","1003",1757,1860,1860,0.0586226522481503
"1004","1004",2677,3039,2976,0.111692192753082
"1005","1005",4154,4155,4020,-0.032258064516129
"15815","15815",4154,4155,4020,-0.032258064516129
"1006","1006",2175,2282,2285,0.0505747126436782
"16435","16435",2175,2282,2285,0.0505747126436782
"1007","1007",1101,1126,1125,0.0217983651226158
"7159","7159",1101,1126,1125,0.0217983651226158
"1008","1008",2474,2508,2662,0.0759902991107518
"2180","2180",2474,2508,2662,0.0759902991107518
"1009","1009",3314,3497,3184,-0.0392275196137598
"4277","4277",3314,3497,3184,-0.0392275196137598
"1010","1010",957,957,957,0
"1011","1011",2647,2578,2836,0.0714015867019267
"1012","1012",3413,3413,3440,0.00791092880164078
"1013","1013",3551,2920,2884,-0.187834412841453
"1014","1014",5412,5411,5226,-0.0343680709534368
"1015","1015",1668,1677,1612,-0.0335731414868106
"1016","1016",3805,3550,3510,-0.0775295663600526
"1017","1017",1980,2084,1621,-0.181313131313131
"1018","1018",2560,2591,3469,0.355078125
"1019","1019",12366,10353,10312,-0.166100598415009
"1020","1020",4187,3698,3791,-0.0945784571292095
"1021","1021",1604,1402,1323,-0.175187032418953
"1022","1022",4509,4791,4562,0.0117542692392992
"1023","1023",6038,5317,4923,-0.184663795958927
"1024","1024",8440,7659,7256,-0.140284360189573
"1025","1025",2902,2843,2800,-0.0351481736733287
"1026","1026",1503,1463,1463,-0.0266134397870925
"1027","1027",10142,10042,10288,0.0143955827253007
"1028","1028",1579,1745,1590,0.00696643445218493
"7757","7757",1579,1745,1590,0.00696643445218493
"1029","1029",3108,3108,3123,0.00482625482625483
"1030","1030",3281,3440,3443,0.0493751904907041
"1031","1031",2864,2864,2681,-0.0638966480446927
"1032","1032",3805,4181,4108,0.0796320630749014
"1033","1033",3856,3937,3829,-0.00700207468879668
"8472","8472",3856,3937,3829,-0.00700207468879668
"1034","1034",4290,4291,3830,-0.107226107226107
"1035","1035",4382,4797,4640,0.0588772250114103
"1036","1036",5707,6123,4300,-0.246539337655511
"1037","1037",2590,2495,2403,-0.0722007722007722
"1038","1038",3569,3705,3644,0.0210142897170076
"1039","1039",1468,1788,1770,0.205722070844687
"1040","1040",1362,1424,1224,-0.101321585903084
"1041","1041",4155,4063,4084,-0.0170878459687124
"6449","6449",4155,4063,4084,-0.0170878459687124
"1042","1042",1248,1242,2293,0.837339743589744
"1043","1043",5655,5425,5422,-0.0412024756852343
"1044","1044",1422,1162,1206,-0.151898734177215
"9814","9814",1422,1162,1206,-0.151898734177215
"1045","1045",4846,4866,4572,-0.0565414775072225
"1046","1046",8949,9118,8780,-0.0188847915968265
"1047","1047",3952,3379,3775,-0.0447874493927125
"1048","1048",6246,6213,6406,0.0256163944924752
"1049","1049",2648,2626,2634,-0.00528700906344411
"6191","6191",2648,2626,2634,-0.00528700906344411
"14460","14460",2648,2626,2634,-0.00528700906344411
"18654","18654",2648,2626,2634,-0.00528700906344411
"1050","1050",5268,5269,5036,-0.044039483675019
"1051","1051",2893,2903,3042,0.0515036294503975
"1052","1052",2952,2948,3060,0.0365853658536585
"1053","1053",1453,1346,1346,-0.0736407432897454
"1054","1054",1168,1566,1513,0.295376712328767
"11422","11422",1168,1566,1513,0.295376712328767
"12869","12869",1168,1566,1513,0.295376712328767
"1055","1055",9319,9323,8961,-0.0384161390707157
"1056","1056",6822,6846,7548,0.106420404573439
"1057","1057",4124,4124,3939,-0.0448593598448109
"1058","1058",585,575,416,-0.288888888888889
"1059","1059",3769,3758,3781,0.00318386840010613
"1060","1060",6586,6620,6406,-0.0273307014880049
"1061","1061",2168,2431,2430,0.120848708487085
"6805","6805",2168,2431,2430,0.120848708487085
"1062","1062",3510,3519,3502,-0.00227920227920228
"1063","1063",3593,3916,3341,-0.0701363762872252
"1064","1064",4947,5339,5469,0.105518496058217
"1065","1065",1901,1656,1656,-0.128879537085744
"1066","1066",2864,2976,3063,0.0694832402234637
"1067","1067",4761,4758,4787,0.00546103759714346
"1068","1068",2223,2220,2343,0.0539811066126856
"1069","1069",2070,2046,1779,-0.140579710144928
"1070","1070",11481,12177,11058,-0.0368434805330546
"1071","1071",3295,3296,2850,-0.1350531107739
"1072","1072",769,769,875,0.137841352405722
"1073","1073",462,445,447,-0.0324675324675325
"1074","1074",3582,4215,3273,-0.0862646566164154
"1075","1075",4353,4353,4204,-0.0342292671720652
"1076","1076",3397,3224,3409,0.0035325287017957
"6761","6761",3397,3224,3409,0.0035325287017957
"1077","1077",2151,2151,2151,0
"1078","1078",3789,3902,3871,0.0216415940881499
"1079","1079",2585,2500,2455,-0.0502901353965184
"1080","1080",4788,3990,4012,-0.162071846282373
"1081","1081",1934,1925,2808,0.451913133402275
"1082","1082",3067,3005,3008,-0.0192370394522335
"1083","1083",1054,1054,1054,0
"1084","1084",3204,3204,3555,0.109550561797753
"1085","1085",3844,3783,3786,-0.0150884495317378
"1086","1086",4925,5042,4957,0.00649746192893401
"1087","1087",1308,1308,1260,-0.036697247706422
"2312","2312",1308,1308,1260,-0.036697247706422
"1088","1088",7994,7959,7862,-0.0165123842882162
"1089","1089",1750,1534,1295,-0.26
"14418","14418",1750,1534,1295,-0.26
"1090","1090",3431,3431,3429,-0.000582920431361119
"1091","1091",4812,4788,4834,0.00457190357439734
"1092","1092",2359,2412,1948,-0.174226367104705
"9823","9823",2359,2412,1948,-0.174226367104705
"1093","1093",4008,4098,4129,0.030189620758483
"1094","1094",4013,3703,3855,-0.0393720408671817
"1095","1095",3823,3092,3089,-0.191995814805127
"1096","1096",1938,2044,2340,0.207430340557276
"4565","4565",1938,2044,2340,0.207430340557276
"1097","1097",1476,1469,1476,0
"1098","1098",2461,2511,2507,0.0186915887850467
"1099","1099",1269,1268,1268,-0.000788022064617809
"1100","1100",2601,2588,2298,-0.116493656286044
"1101","1101",584,561,541,-0.0736301369863014
"1102","1102",7107,7248,6413,-0.0976502040242015
"1103","1103",2509,2347,2352,-0.0625747309685133
"1104","1104",1900,1783,1832,-0.0357894736842105
"2352","2352",1900,1783,1832,-0.0357894736842105
"1105","1105",2840,3087,2732,-0.0380281690140845
"1106","1106",3062,3062,3056,-0.00195950359242325
"1107","1107",15173,15648,14762,-0.0270875897976669
"1108","1108",2273,2273,2273,0
"1109","1109",4422,4662,3866,-0.125734961555857
"1110","1110",2791,2923,2996,0.073450376209244
"1111","1111",1492,1492,1484,-0.00536193029490617
"1112","1112",2354,2354,2356,0.000849617672047579
"1113","1113",794,794,841,0.0591939546599496
"1114","1114",3920,3970,3675,-0.0625
"1115","1115",2666,2982,2928,0.0982745686421605
"1116","1116",4742,4656,4028,-0.150569380008435
"1117","1117",3248,3133,3554,0.0942118226600985
"1118","1118",6425,7103,6010,-0.064591439688716
"1119","1119",5778,5777,5147,-0.109207338179301
"1121","1121",1474,1660,1867,0.266621438263229
"6895","6895",1474,1660,1867,0.266621438263229
"1122","1122",5514,5513,4973,-0.098113891911498
"1123","1123",3428,3395,3363,-0.0189614935822637
"1124","1124",2968,3092,2868,-0.0336927223719677
"12350","12350",2968,3092,2868,-0.0336927223719677
"1125","1125",2342,1764,1684,-0.280956447480786
"5835","5835",2342,1764,1684,-0.280956447480786
"1126","1126",4336,4337,4336,0
"2735","2735",4336,4337,4336,0
"1127","1127",2458,2135,2151,-0.124898291293735
"1128","1128",2793,2874,2862,0.0247046186895811
"4024","4024",2793,2874,2862,0.0247046186895811
"1129","1129",7161,6184,7033,-0.0178745985197598
"1130","1130",4130,3920,3667,-0.112106537530266
"1131","1131",2202,2189,2073,-0.05858310626703
"1132","1132",3189,3662,3645,0.142991533396049
"1133","1133",6770,6769,6635,-0.0199409158050222
"1134","1134",10404,10392,10059,-0.0331603229527105
"1135","1135",1638,1638,1520,-0.072039072039072
"1136","1136",2210,1747,2080,-0.0588235294117647
"11405","11405",2210,1747,2080,-0.0588235294117647
"1137","1137",1781,1781,1781,0
"1138","1138",3271,3397,3454,0.0559461938245185
"1139","1139",1886,1934,1934,0.0254506892895016
"4786","4786",1886,1934,1934,0.0254506892895016
"1140","1140",1170,903,902,-0.229059829059829
"1141","1141",1341,1341,1321,-0.0149142431021626
"1142","1142",5573,5483,5386,-0.0335546384353131
"1143","1143",2100,2125,2039,-0.029047619047619
"1144","1144",1421,1360,1308,-0.079521463757917
"1145","1145",1399,1549,1531,0.0943531093638313
"11244","11244",1399,1549,1531,0.0943531093638313
"1146","1146",1804,1806,1797,-0.00388026607538803
"1147","1147",5960,6033,5548,-0.0691275167785235
"1148","1148",4064,4421,4091,0.00664370078740158
"1150","1150",4505,4471,4452,-0.0117647058823529
"1151","1151",4686,4734,4329,-0.0761843790012804
"1152","1152",2109,2075,2082,-0.0128022759601707
"2361","2361",2109,2075,2082,-0.0128022759601707
"1153","1153",1831,1806,1818,-0.0070999453850355
"1154","1154",1910,1985,1970,0.031413612565445
"14209","14209",1910,1985,1970,0.031413612565445
"16744","16744",1910,1985,1970,0.031413612565445
"1155","1155",3335,3335,3280,-0.0164917541229385
"1156","1156",1692,1350,1316,-0.222222222222222
"6951","6951",1692,1350,1316,-0.222222222222222
"1157","1157",2474,2696,2070,-0.163298302344382
"7388","7388",2474,2696,2070,-0.163298302344382
"12963","12963",2474,2696,2070,-0.163298302344382
"1158","1158",6617,6654,6537,-0.0120900710291673
"1159","1159",3419,3088,3091,-0.0959344837671834
"12140","12140",3419,3088,3091,-0.0959344837671834
"1160","1160",2270,1769,1792,-0.21057268722467
"6372","6372",2270,1769,1792,-0.21057268722467
"10252","10252",2270,1769,1792,-0.21057268722467
"1161","1161",3544,3545,3545,0.00028216704288939
"1162","1162",4169,4169,2832,-0.320700407771648
"1163","1163",1409,1455,1513,0.0738112136266856
"1164","1164",4092,3981,3992,-0.0244379276637341
"1165","1165",1562,1427,1427,-0.0864276568501921
"1166","1166",2651,2651,2533,-0.044511505092418
"1167","1167",2761,2748,2748,-0.00470843897138718
"1168","1168",2655,2729,2731,0.0286252354048964
"15234","15234",2655,2729,2731,0.0286252354048964
"1169","1169",10142,10265,10337,0.0192269769276277
"1170","1170",5065,5065,5092,0.00533070088845015
"1171","1171",3024,3330,3300,0.0912698412698413
"1172","1172",3827,3828,3603,-0.0585314868042853
"1173","1173",2976,2976,2196,-0.262096774193548
"1174","1174",3607,4044,4043,0.120876074299972
"1175","1175",3889,4157,4157,0.0689123167909488
"1176","1176",1861,1707,1707,-0.0827512090274046
"1177","1177",5709,6019,5952,0.0425643720441408
"15892","15892",5709,6019,5952,0.0425643720441408
"1178","1178",4550,4530,4480,-0.0153846153846154
"1179","1179",2260,2739,2740,0.212389380530973
"1180","1180",3180,3180,2907,-0.0858490566037736
"1181","1181",2365,2475,2664,0.126427061310782
"1182","1182",3058,1196,1199,-0.607913669064748
"1183","1183",2239,2262,2552,0.139794551138901
"1184","1184",1058,988,1039,-0.0179584120982987
"1185","1185",1392,1365,988,-0.290229885057471
"6450","6450",1392,1365,988,-0.290229885057471
"1186","1186",825,825,825,0
"1187","1187",4096,4097,4101,0.001220703125
"1188","1188",1120,1131,1030,-0.0803571428571429
"1189","1189",2260,2382,2383,0.0544247787610619
"9165","9165",2260,2382,2383,0.0544247787610619
"1190","1190",2001,1835,1835,-0.0829585207396302
"1191","1191",3795,4096,4168,0.0982872200263505
"1192","1192",5939,5921,6068,0.0217208284222933
"1193","1193",1678,1678,1680,0.00119189511323004
"1289","1289",1678,1678,1680,0.00119189511323004
"1194","1194",3240,3479,3479,0.0737654320987654
"5769","5769",3240,3479,3479,0.0737654320987654
"1195","1195",1274,1124,1333,0.0463108320251177
"1196","1196",2327,2229,2200,-0.0545767082079931
"1197","1197",3242,3404,3388,0.0450339296730413
"1198","1198",3330,3309,3019,-0.0933933933933934
"1199","1199",2350,2368,2368,0.00765957446808511
"1200","1200",8223,8842,8484,0.0317402407880336
"1201","1201",2924,3166,2830,-0.0321477428180575
"19694","19694",2924,3166,2830,-0.0321477428180575
"1202","1202",1197,1197,1130,-0.0559732664995823
"10310","10310",1197,1197,1130,-0.0559732664995823
"1203","1203",1729,2002,2134,0.234239444765761
"1204","1204",3086,3183,3158,0.0233311730395334
"1205","1205",1389,1389,1389,0
"1207","1207",1841,1841,2114,0.14828897338403
"1208","1208",1452,1427,1386,-0.0454545454545455
"1209","1209",6980,7922,6751,-0.0328080229226361
"1210","1210",2586,2654,2679,0.0359628770301624
"1211","1211",2532,2532,2527,-0.00197472353870458
"1212","1212",3007,2959,2282,-0.241104090455604
"3209","3209",3007,2959,2282,-0.241104090455604
"14190","14190",3007,2959,2282,-0.241104090455604
"1213","1213",1320,1235,1278,-0.0318181818181818
"1214","1214",3569,3247,3386,-0.0512748669094985
"1215","1215",1761,1360,1360,-0.22771152754117
"1216","1216",4783,4781,4513,-0.0564499268241689
"1217","1217",3141,3004,3239,0.0312002546959567
"1218","1218",3265,3263,4421,0.35405819295559
"1219","1219",4160,4321,4351,0.0459134615384615
"1220","1220",3807,3807,3731,-0.0199632256369845
"1221","1221",739,796,731,-0.0108254397834912
"12318","12318",739,796,731,-0.0108254397834912
"1222","1222",2081,2079,2079,-0.000961076405574243
"1223","1223",4383,4436,4433,0.0114077116130504
"1224","1224",1608,1594,1625,0.0105721393034826
"1225","1225",12460,12891,12950,0.0393258426966292
"1226","1226",2719,2573,2569,-0.055167340934167
"1227","1227",1861,1856,2308,0.240193444384739
"1228","1228",3959,4184,4169,0.053043697903511
"1229","1229",6082,6135,6082,0
"1230","1230",3708,3940,4106,0.107335490830636
"1231","1231",3484,3446,3645,0.046211251435132
"1232","1232",4936,5024,4826,-0.0222852512155592
"1233","1233",2972,3094,3094,0.041049798115747
"1234","1234",4404,4623,3687,-0.162806539509537
"1235","1235",5196,5215,4474,-0.138953040800616
"1236","1236",3110,2934,2934,-0.0565916398713826
"1237","1237",4897,4896,4896,-0.000204206657137023
"1238","1238",10054,10055,10092,0.00377959021285061
"1239","1239",2285,2153,2123,-0.0708971553610503
"1240","1240",7546,7761,7551,0.00066260270341903
"1241","1241",1518,1494,1494,-0.0158102766798419
"1242","1242",7823,7854,7855,0.00409050236482168
"1243","1243",2782,2520,2683,-0.0355859094176851
"5309","5309",2782,2520,2683,-0.0355859094176851
"1244","1244",2717,2676,2079,-0.234817813765182
"1245","1245",7906,7628,6641,-0.16000505944852
"1246","1246",1588,1879,1580,-0.00503778337531486
"1247","1247",5124,5124,5039,-0.0165886026541764
"1248","1248",1300,1016,1083,-0.166923076923077
"1249","1249",3354,3355,3053,-0.0897435897435897
"1250","1250",3880,3667,3792,-0.022680412371134
"1251","1251",3136,2922,2357,-0.248405612244898
"1252","1252",3406,3386,3765,0.10540223135643
"1253","1253",2678,2579,3280,0.224794622852875
"1254","1254",3191,2913,2913,-0.0871200250705108
"1256","1256",2179,2171,1864,-0.144561725562184
"1257","1257",2168,2152,2303,0.0622693726937269
"1258","1258",2134,2105,2105,-0.0135895032802249
"1259","1259",3505,3444,3307,-0.056490727532097
"1260","1260",3218,3218,2991,-0.0705407085146053
"1261","1261",3219,3201,3162,-0.0177073625349487
"1262","1262",2739,2749,2608,-0.0478276743336984
"1263","1263",7649,6723,6355,-0.16917244084194
"1264","1264",1895,1895,1912,0.00897097625329815
"1265","1265",8816,9882,9054,0.0269963702359347
"1266","1266",1243,1299,1157,-0.0691874497184232
"1267","1267",4220,4211,4211,-0.00213270142180095
"1268","1268",1346,1332,1237,-0.0809806835066865
"1269","1269",3381,3866,3805,0.125406684412896
"13322","13322",3381,3866,3805,0.125406684412896
"1270","1270",3031,3017,3097,0.0217749917518971
"1271","1271",2484,2106,2106,-0.152173913043478
"1272","1272",2115,2115,2115,0
"1273","1273",1984,1604,1659,-0.163810483870968
"2425","2425",1984,1604,1659,-0.163810483870968
"1274","1274",1255,1219,1219,-0.0286852589641434
"1275","1275",7803,7864,7858,0.00704857106241189
"1276","1276",5563,5398,5364,-0.0357720654323207
"1277","1277",1432,1546,1546,0.079608938547486
"1604","1604",1432,1546,1546,0.079608938547486
"1278","1278",2620,1956,1956,-0.253435114503817
"1279","1279",1342,1342,1383,0.0305514157973174
"1280","1280",1316,1362,1427,0.0843465045592705
"1281","1281",2616,2577,2161,-0.173929663608563
"1282","1282",1422,1688,1515,0.0654008438818565
"1283","1283",1457,1457,1340,-0.0803019903912148
"1284","1284",7758,6701,7511,-0.0318381026037639
"1285","1285",3372,3704,3994,0.184460260972716
"1286","1286",1795,1795,1764,-0.0172701949860724
"1287","1287",2293,2290,2290,-0.00130832969908417
"8922","8922",2293,2290,2290,-0.00130832969908417
"12340","12340",2293,2290,2290,-0.00130832969908417
"1288","1288",1644,1683,1691,0.0285888077858881
"1290","1290",2998,2998,2594,-0.134756504336224
"1291","1291",3498,3498,3642,0.0411663807890223
"1292","1292",2465,2467,2409,-0.0227180527383367
"1293","1293",3116,3105,3045,-0.022785622593068
"1295","1295",3685,4506,3545,-0.0379918588873813
"1296","1296",3811,4345,4691,0.230910522172658
"1297","1297",1187,1110,1076,-0.0935130581297388
"1298","1298",4912,5038,4939,0.00549674267100977
"1299","1299",2080,2084,1853,-0.109134615384615
"1300","1300",2520,2448,2441,-0.0313492063492063
"1301","1301",3550,3549,3439,-0.0312676056338028
"3969","3969",3550,3549,3439,-0.0312676056338028
"1302","1302",2519,2513,2456,-0.0250099245732434
"1303","1303",5015,5017,4789,-0.0450648055832502
"1304","1304",2544,2341,2341,-0.0797955974842767
"1305","1305",4522,4429,4399,-0.0272003538257408
"1306","1306",816,816,1122,0.375
"1307","1307",2488,2580,2538,0.020096463022508
"1308","1308",2432,2223,2223,-0.0859375
"1309","1309",5087,5205,4817,-0.0530764694318852
"1310","1310",2285,2273,2272,-0.00568927789934354
"1311","1311",3676,3676,3905,0.0622959738846572
"1312","1312",5992,5908,5640,-0.0587449933244326
"1313","1313",5069,5066,5239,0.0335371868218584
"1314","1314",1299,1378,1377,0.0600461893764434
"1315","1315",995,997,1384,0.390954773869347
"1316","1316",2863,2680,3062,0.0695075096053091
"1317","1317",3472,3470,3470,-0.000576036866359447
"1318","1318",1715,2507,2461,0.434985422740525
"1319","1319",3448,2557,2742,-0.204756380510441
"18337","18337",3448,2557,2742,-0.204756380510441
"1320","1320",2360,2470,2469,0.0461864406779661
"18693","18693",2360,2470,2469,0.0461864406779661
"1321","1321",6266,6257,5831,-0.0694222789658474
"1322","1322",1983,1900,2485,0.253151790216843
"1323","1323",3559,3559,3193,-0.102837875807811
"1324","1324",1601,1645,1645,0.0274828232354778
"16897","16897",1601,1645,1645,0.0274828232354778
"1325","1325",10146,10201,9927,-0.0215848610289769
"1326","1326",2307,2304,2278,-0.0125704377980061
"1327","1327",1954,1825,1825,-0.0660184237461617
"1328","1328",3499,3533,3420,-0.0225778793941126
"1329","1329",2515,2515,2485,-0.0119284294234592
"1330","1330",1653,2026,2096,0.26799758015729
"1331","1331",4012,4008,3724,-0.0717846460618146
"1332","1332",3295,3295,3104,-0.0579666160849772
"1333","1333",5013,5012,5002,-0.00219429483343307
"1334","1334",1411,1403,2029,0.437987243090007
"1335","1335",6274,6269,6139,-0.0215173732865795
"1336","1336",5256,5256,3945,-0.249429223744292
"1337","1337",4721,4905,4646,-0.0158864647320483
"1338","1338",5915,5589,5584,-0.0559594251901944
"1339","1339",3206,3467,3306,0.0311915159076731
"1340","1340",3152,3285,2820,-0.105329949238579
"1342","1342",3111,3275,3302,0.061395049823208
"1343","1343",972,1619,1619,0.665637860082305
"1344","1344",3524,3524,2422,-0.312712826333712
"1345","1345",2027,2340,1798,-0.112974839664529
"1346","1346",915,915,915,0
"1347","1347",10127,10107,10284,0.015503110496692
"1348","1348",3772,3249,3481,-0.0771474019088017
"1349","1349",1622,1243,1243,-0.233662145499383
"1350","1350",3055,3159,3159,0.0340425531914894
"1351","1351",4746,4746,4714,-0.0067425200168563
"1352","1352",1725,1929,1773,0.0278260869565217
"17205","17205",1725,1929,1773,0.0278260869565217
"1353","1353",3836,3890,3502,-0.0870698644421272
"1354","1354",3350,2809,2809,-0.161492537313433
"11616","11616",3350,2809,2809,-0.161492537313433
"1355","1355",1262,1274,1381,0.0942947702060222
"14486","14486",1262,1274,1381,0.0942947702060222
"1356","1356",1026,1026,1013,-0.0126705653021442
"1357","1357",5234,5144,4703,-0.101452044325564
"1358","1358",3694,3694,3551,-0.0387114239306984
"1359","1359",2844,2890,2696,-0.0520393811533052
"1360","1360",3918,4174,3869,-0.0125063808065339
"1361","1361",4686,4689,4156,-0.113102859581733
"1362","1362",1627,1634,1790,0.100184388444991
"6927","6927",1627,1634,1790,0.100184388444991
"17969","17969",1627,1634,1790,0.100184388444991
"19110","19110",1627,1634,1790,0.100184388444991
"1363","1363",4806,4806,4039,-0.159592176446109
"1364","1364",3307,3632,3486,0.0541276081040218
"3826","3826",3307,3632,3486,0.0541276081040218
"1365","1365",5543,4731,4681,-0.155511455890312
"1366","1366",3318,3319,3291,-0.0081374321880651
"1367","1367",4718,4718,3682,-0.219584569732938
"1368","1368",2998,2998,2996,-0.00066711140760507
"1369","1369",6737,6737,6341,-0.0587798723467419
"1370","1370",1410,2745,2146,0.521985815602837
"1371","1371",3716,3716,3063,-0.175726587728741
"1372","1372",5806,5838,5803,-0.000516706854977609
"1373","1373",2900,2889,2905,0.00172413793103448
"2408","2408",2900,2889,2905,0.00172413793103448
"1374","1374",1990,2116,2130,0.0703517587939698
"1375","1375",3269,3271,3201,-0.0208014683389416
"1376","1376",3103,3429,3333,0.074121817595875
"1377","1377",7182,7196,5738,-0.201058201058201
"1378","1378",3449,3556,3251,-0.0574079443316903
"1379","1379",2860,2585,2353,-0.177272727272727
"1380","1380",3240,3113,3063,-0.0546296296296296
"1381","1381",2442,2443,2322,-0.0491400491400491
"1382","1382",2378,2378,2338,-0.0168208578637511
"1383","1383",2480,2465,2401,-0.0318548387096774
"1384","1384",1326,1323,1323,-0.00226244343891403
"1385","1385",2594,2666,2665,0.0273708558211257
"1386","1386",5757,5720,6033,0.04794163626889
"1387","1387",1149,1149,1149,0
"15116","15116",1149,1149,1149,0
"1388","1388",10504,10315,9560,-0.0898705255140899
"1389","1389",1844,1868,2062,0.11822125813449
"14840","14840",1844,1868,2062,0.11822125813449
"16967","16967",1844,1868,2062,0.11822125813449
"1390","1390",2744,2737,2542,-0.0736151603498542
"10159","10159",2744,2737,2542,-0.0736151603498542
"19132","19132",2744,2737,2542,-0.0736151603498542
"1391","1391",3490,3490,3456,-0.00974212034383954
"1392","1392",2956,2956,2906,-0.016914749661705
"1393","1393",2358,2394,2709,0.148854961832061
"1394","1394",7086,7083,6927,-0.0224386113463167
"1395","1395",8885,8672,8479,-0.045694991558807
"1396","1396",2452,2631,2773,0.130913539967374
"9429","9429",2452,2631,2773,0.130913539967374
"1397","1397",3040,3198,3194,0.0506578947368421
"1398","1398",4763,4763,4739,-0.00503884106655469
"1399","1399",4237,4220,4220,-0.00401227283455275
"1400","1400",6587,6554,6250,-0.0511613784727494
"1401","1401",1957,2020,2035,0.0398569238630557
"18787","18787",1957,2020,2035,0.0398569238630557
"1402","1402",2547,2510,2511,-0.0141342756183746
"1403","1403",1541,1548,1548,0.0045425048669695
"1404","1404",869,865,851,-0.0207134637514384
"5206","5206",869,865,851,-0.0207134637514384
"12224","12224",869,865,851,-0.0207134637514384
"1405","1405",3128,3128,2973,-0.0495524296675192
"1406","1406",1773,1773,1816,0.0242526790750141
"1407","1407",3985,3883,3483,-0.125972396486826
"1408","1408",1649,1694,1693,0.0266828380836871
"1409","1409",3447,3051,3051,-0.114882506527415
"1410","1410",4523,4256,4129,-0.0871103250055273
"1411","1411",1283,1336,1393,0.0857365549493375
"1412","1412",2981,2979,3700,0.241194230124119
"1413","1413",1366,1730,1726,0.263543191800878
"1414","1414",2615,2543,2637,0.00841300191204589
"1415","1415",3055,3050,3017,-0.0124386252045827
"1416","1416",3634,3640,3640,0.00165107319757843
"1417","1417",7003,6469,6374,-0.0898186491503641
"1418","1418",6840,6824,6436,-0.0590643274853801
"1419","1419",749,749,744,-0.00667556742323097
"1420","1420",4472,4474,4269,-0.0453935599284436
"1421","1421",6401,6334,5619,-0.122168411185752
"1422","1422",1943,1947,1930,-0.00669068450849202
"1423","1423",7627,7630,7890,0.0344827586206897
"1424","1424",1802,1963,1901,0.0549389567147614
"1425","1425",1320,1318,1290,-0.0227272727272727
"1426","1426",2799,2799,2799,0
"1427","1427",2623,2630,2627,0.00152497140678612
"1428","1428",5780,5390,5792,0.00207612456747405
"1429","1429",1786,1888,1636,-0.083986562150056
"1430","1430",1671,2342,2342,0.401555954518253
"1431","1431",4207,4207,3902,-0.0724982172569527
"1432","1432",1870,1938,1783,-0.046524064171123
"1433","1433",1917,2109,2178,0.136150234741784
"19627","19627",1917,2109,2178,0.136150234741784
"1434","1434",3091,3432,4133,0.337107732125526
"1436","1436",3708,3707,3636,-0.0194174757281553
"1437","1437",3117,3112,3121,0.00128328521013795
"1438","1438",3200,3203,3185,-0.0046875
"1439","1439",2646,2646,2649,0.00113378684807256
"1440","1440",2296,1838,1953,-0.149390243902439
"1441","1441",1931,1928,1731,-0.103573278094252
"1442","1442",3027,3049,3070,0.0142054839775355
"1443","1443",2210,2196,2318,0.048868778280543
"1444","1444",8139,8134,7785,-0.0434942867674161
"1445","1445",1715,1626,1427,-0.167930029154519
"7266","7266",1715,1626,1427,-0.167930029154519
"1446","1446",1764,1765,1758,-0.00340136054421769
"1447","1447",2742,2889,2891,0.0543398978847557
"1448","1448",4071,3940,4192,0.0297224269221322
"1449","1449",4620,4614,4466,-0.0333333333333333
"1450","1450",756,756,757,0.00132275132275132
"1452","1452",3057,3065,3064,0.0022898266274125
"1453","1453",4136,3783,3621,-0.124516441005803
"1454","1454",4951,4942,5316,0.0737224803070087
"1455","1455",4592,4592,3536,-0.229965156794425
"1456","1456",3846,3846,2973,-0.226989079563183
"1457","1457",2501,2502,2499,-0.00079968012794882
"1458","1458",3339,4052,3896,0.166816412099431
"1459","1459",2897,4136,3694,0.275112185018985
"1460","1460",2187,2200,2528,0.155921353452218
"1461","1461",7042,7046,6154,-0.126100539619426
"1462","1462",2120,1160,1160,-0.452830188679245
"19048","19048",2120,1160,1160,-0.452830188679245
"1463","1463",8043,8011,8820,0.0966057441253264
"1464","1464",3245,3846,3383,0.0425269645608629
"3050","3050",3245,3846,3383,0.0425269645608629
"1465","1465",1818,1818,1852,0.0187018701870187
"1466","1466",9367,10002,9358,-0.000960819899647699
"1467","1467",2449,2392,3102,0.266639444671294
"15765","15765",2449,2392,3102,0.266639444671294
"1468","1468",3437,3387,3389,-0.0139656677334885
"13894","13894",3437,3387,3389,-0.0139656677334885
"1469","1469",2229,2136,2454,0.100942126514132
"3639","3639",2229,2136,2454,0.100942126514132
"8399","8399",2229,2136,2454,0.100942126514132
"9076","9076",2229,2136,2454,0.100942126514132
"10813","10813",2229,2136,2454,0.100942126514132
"1470","1470",8902,8731,8056,-0.0950348236351382
"1471","1471",1840,1950,1950,0.0597826086956522
"1472","1472",2103,2109,2109,0.00285306704707561
"1473","1473",3304,3572,3498,0.0587167070217918
"1474","1474",1948,1929,1948,0
"10565","10565",1948,1929,1948,0
"1475","1475",4022,3987,5057,0.257334659373446
"1476","1476",2289,2156,2135,-0.0672782874617737
"1477","1477",3650,3699,3404,-0.0673972602739726
"1478","1478",2721,2688,2688,-0.0121278941565601
"7044","7044",2721,2688,2688,-0.0121278941565601
"1479","1479",8850,8856,7681,-0.132090395480226
"1480","1480",2618,2752,2251,-0.140183346065699
"9626","9626",2618,2752,2251,-0.140183346065699
"1481","1481",4150,4150,4102,-0.011566265060241
"1482","1482",1573,1570,1570,-0.00190718372536554
"1483","1483",2849,2844,2895,0.0161460161460161
"1484","1484",2176,2460,2382,0.0946691176470588
"1485","1485",1615,1619,1710,0.0588235294117647
"1486","1486",9582,9410,8627,-0.0996660404925903
"1487","1487",2450,2265,2934,0.197551020408163
"1488","1488",10294,10301,11121,0.0803380610064115
"1489","1489",3048,3259,2960,-0.0288713910761155
"1490","1490",2046,2129,2391,0.168621700879765
"1491","1491",1806,2602,2540,0.406423034330011
"3817","3817",1806,2602,2540,0.406423034330011
"5538","5538",1806,2602,2540,0.406423034330011
"1492","1492",5933,5673,5872,-0.0102814764874431
"1493","1493",4485,4491,4208,-0.0617614269788183
"1494","1494",1490,1490,1490,0
"1495","1495",1518,1518,1518,0
"1496","1496",4828,5594,5404,0.11930405965203
"1497","1497",3485,3485,3866,0.109325681492109
"1498","1498",2803,2825,2835,0.0114163396361042
"1499","1499",1215,810,1032,-0.150617283950617
"4710","4710",1215,810,1032,-0.150617283950617
"1500","1500",1729,1729,1694,-0.0202429149797571
"1501","1501",5402,5402,5508,0.0196223620881155
"1502","1502",1872,1827,2197,0.173611111111111
"1503","1503",1713,2119,2390,0.395213076474022
"1504","1504",2039,2039,2052,0.00637567435017165
"1505","1505",3734,3735,3722,-0.00321371183717193
"1506","1506",2287,1539,1461,-0.361171840839528
"7146","7146",2287,1539,1461,-0.361171840839528
"1507","1507",1609,1602,1602,-0.00435052827843381
"1508","1508",751,751,933,0.242343541944075
"1509","1509",2669,2421,2345,-0.121393780442113
"1510","1510",2512,2606,2606,0.0374203821656051
"1511","1511",2116,2292,2486,0.174858223062382
"1512","1512",1020,1274,1308,0.282352941176471
"3399","3399",1020,1274,1308,0.282352941176471
"1513","1513",2420,2420,2854,0.179338842975207
"13009","13009",2420,2420,2854,0.179338842975207
"1514","1514",2844,2736,1914,-0.327004219409283
"1515","1515",4996,4940,4812,-0.0368294635708567
"1516","1516",2899,3155,2836,-0.0217316315971024
"1517","1517",4879,4616,5070,0.0391473662635786
"1518","1518",6105,6422,5375,-0.11957411957412
"1520","1520",2325,2290,2298,-0.0116129032258065
"17411","17411",2325,2290,2298,-0.0116129032258065
"1521","1521",1900,1900,2651,0.395263157894737
"1522","1522",3724,3855,3520,-0.0547798066595059
"1523","1523",1795,1795,1795,0
"1524","1524",4674,4481,3781,-0.191056910569106
"1525","1525",1541,1576,1660,0.0772225827384815
"3530","3530",1541,1576,1660,0.0772225827384815
"7448","7448",1541,1576,1660,0.0772225827384815
"19479","19479",1541,1576,1660,0.0772225827384815
"1526","1526",3101,2968,2993,-0.0348274750080619
"1527","1527",1388,1388,1388,0
"1528","1528",3566,3566,3566,0
"1529","1529",10525,10220,9301,-0.116294536817102
"1530","1530",1495,1477,1776,0.187959866220736
"1531","1531",1442,1442,1516,0.0513176144244105
"1532","1532",1470,1470,1342,-0.0870748299319728
"1533","1533",4452,4658,5193,0.16644204851752
"1534","1534",5400,5462,5515,0.0212962962962963
"1535","1535",1267,1297,1150,-0.0923441199684294
"1536","1536",1128,1713,1360,0.205673758865248
"7831","7831",1128,1713,1360,0.205673758865248
"1537","1537",2297,2096,2007,-0.126251632564214
"1538","1538",2703,2673,2761,0.0214576396596374
"1539","1539",4727,5491,4984,0.054368521260842
"1540","1540",5749,6703,5833,0.0146112367368238
"1541","1541",3910,5238,3642,-0.0685421994884911
"1542","1542",3260,3176,3133,-0.0389570552147239
"1543","1543",1426,1426,1418,-0.00561009817671809
"1544","1544",4682,4682,4679,-0.000640751815463477
"1545","1545",4080,3102,2985,-0.268382352941176
"1546","1546",4034,3213,3537,-0.123202776400595
"1547","1547",3415,3430,3569,0.045095168374817
"1548","1548",3289,3269,3246,-0.0130738826391
"1549","1549",2252,2409,1946,-0.135879218472469
"1550","1550",1236,1212,1212,-0.0194174757281553
"1551","1551",4847,5452,5350,0.103775531256447
"1552","1552",3769,3798,3575,-0.0514725391350491
"1553","1553",3148,3076,3215,0.0212833545108005
"1554","1554",1969,2169,2514,0.276790248857288
"17377","17377",1969,2169,2514,0.276790248857288
"1555","1555",3249,3307,3244,-0.0015389350569406
"16932","16932",3249,3307,3244,-0.0015389350569406
"1556","1556",6319,6319,5924,-0.0625098908055072
"1557","1557",4812,4223,4066,-0.155029093931837
"1558","1558",3339,3214,2887,-0.135369871218928
"1559","1559",1085,1116,1493,0.376036866359447
"1560","1560",1815,1802,2249,0.239118457300275
"2953","2953",1815,1802,2249,0.239118457300275
"17015","17015",1815,1802,2249,0.239118457300275
"1561","1561",5131,5311,5007,-0.0241668290781524
"1562","1562",1794,1707,1707,-0.048494983277592
"1563","1563",1628,1665,1600,-0.0171990171990172
"1564","1564",5238,5069,5087,-0.028827796869034
"1565","1565",741,733,565,-0.237516869095816
"1566","1566",2540,2540,2539,-0.000393700787401575
"1567","1567",8993,8993,8996,0.000333592794395641
"1568","1568",4130,3776,4508,0.0915254237288136
"1569","1569",2338,2395,2273,-0.0278015397775877
"1570","1570",3564,3968,4002,0.122895622895623
"1571","1571",3082,3455,3499,0.13530175210902
"1572","1572",3590,3578,3575,-0.00417827298050139
"1573","1573",1314,1601,1522,0.158295281582953
"1574","1574",1807,1776,1725,-0.0453790813503044
"1575","1575",1401,1849,1707,0.218415417558887
"3216","3216",1401,1849,1707,0.218415417558887
"12006","12006",1401,1849,1707,0.218415417558887
"1576","1576",2145,2145,2064,-0.0377622377622378
"3918","3918",2145,2145,2064,-0.0377622377622378
"1577","1577",1028,1002,1002,-0.0252918287937743
"1578","1578",2111,2111,1633,-0.226432970156324
"1579","1579",2842,2919,2901,0.0207600281491907
"1580","1580",2658,2642,2857,0.0748683220466516
"1581","1581",809,999,1024,0.265760197775031
"1582","1582",2132,1361,1766,-0.171669793621013
"1583","1583",2790,2790,2790,0
"3272","3272",2790,2790,2790,0
"1584","1584",5083,5137,5197,0.0224277001770608
"1585","1585",1623,1623,1521,-0.0628465804066543
"1586","1586",3017,3687,3672,0.217103082532317
"1587","1587",3479,3389,3358,-0.0347801092267893
"1588","1588",2447,2427,2446,-0.000408663669799755
"1589","1589",4041,4072,4070,0.00717644147488245
"1590","1590",2929,2658,2658,-0.0925230454079891
"1591","1591",4148,4680,4637,0.117888138862102
"1592","1592",1944,2027,1910,-0.0174897119341564
"8475","8475",1944,2027,1910,-0.0174897119341564
"1593","1593",1237,1278,1522,0.230396119644301
"1594","1594",4158,3926,4128,-0.00721500721500722
"1595","1595",2819,2904,2993,0.0617240156083718
"1596","1596",1925,1320,1345,-0.301298701298701
"1597","1597",887,887,903,0.0180383314543405
"1598","1598",6468,6529,6516,0.00742115027829314
"1599","1599",2649,3374,3216,0.214043035107588
"1600","1600",1537,1465,1479,-0.0377358490566038
"1601","1601",2884,2705,2645,-0.082871012482663
"1740","1740",2884,2705,2645,-0.082871012482663
"1602","1602",6590,5711,5744,-0.128376327769347
"1603","1603",2142,2413,2342,0.0933706816059757
"1605","1605",2679,2965,3334,0.244494214259052
"1606","1606",4223,4229,4142,-0.0191806772436656
"1607","1607",8379,10052,8296,-0.00990571667263397
"1608","1608",2568,2447,2417,-0.0588006230529595
"1609","1609",516,464,464,-0.10077519379845
"1610","1610",2544,2854,2353,-0.0750786163522013
"3717","3717",2544,2854,2353,-0.0750786163522013
"11322","11322",2544,2854,2353,-0.0750786163522013
"1611","1611",3175,3187,3218,0.0135433070866142
"1612","1612",3138,3138,3529,0.124601657106437
"1613","1613",3211,3053,3085,-0.039240112114606
"1614","1614",1254,1254,1254,0
"1615","1615",2052,2016,1917,-0.0657894736842105
"1616","1616",7569,7535,4780,-0.36847668119963
"1617","1617",2431,2603,2622,0.0785684903331962
"1618","1618",1883,1901,2004,0.064259160913436
"9327","9327",1883,1901,2004,0.064259160913436
"18758","18758",1883,1901,2004,0.064259160913436
"1619","1619",1971,2074,2063,0.0466768138001015
"4714","4714",1971,2074,2063,0.0466768138001015
"18865","18865",1971,2074,2063,0.0466768138001015
"1620","1620",5156,5207,4857,-0.0579906904577192
"6519","6519",5156,5207,4857,-0.0579906904577192
"1621","1621",1464,1988,1988,0.35792349726776
"1622","1622",1812,1922,1922,0.0607064017660044
"1623","1623",3486,3130,3418,-0.0195065978198508
"1624","1624",4962,4966,5038,0.0153164046755341
"1625","1625",2386,2387,2269,-0.0490360435875943
"1626","1626",3180,4631,3106,-0.0232704402515723
"1627","1627",1491,1498,1498,0.00469483568075117
"1628","1628",3081,3013,2981,-0.0324569944823109
"1630","1630",3641,3177,3390,-0.0689371051908816
"1631","1631",1214,1203,1450,0.194398682042834
"19226","19226",1214,1203,1450,0.194398682042834
"1632","1632",7381,7394,6428,-0.129115296030348
"1633","1633",6165,6095,5621,-0.0882400648824006
"1634","1634",3352,3191,2650,-0.209427207637231
"1635","1635",4596,4596,4506,-0.0195822454308094
"1636","1636",2430,2199,1770,-0.271604938271605
"19868","19868",2430,2199,1770,-0.271604938271605
"1637","1637",2769,2784,2777,0.00288912964969303
"1638","1638",1370,1443,1343,-0.0197080291970803
"1639","1639",3253,3293,2731,-0.160467260989856
"1640","1640",5072,6332,5327,0.0502760252365931
"1641","1641",2882,2672,2672,-0.0728660652324774
"1642","1642",2463,2553,2626,0.0661794559480309
"1643","1643",3132,3120,3142,0.00319284802043423
"1644","1644",1810,1810,1543,-0.147513812154696
"13792","13792",1810,1810,1543,-0.147513812154696
"1645","1645",2799,2834,3259,0.164344408717399
"1646","1646",2593,2593,2525,-0.0262244504435017
"1647","1647",5738,5749,5651,-0.0151620773788777
"1648","1648",7318,7457,7365,0.00642251981415687
"1649","1649",1748,1460,1460,-0.164759725400458
"1650","1650",3259,3250,3247,-0.00368211107701749
"1651","1651",5807,5862,5761,-0.00792147408300327
"1652","1652",3505,3481,3423,-0.02339514978602
"1653","1653",7410,7419,7417,0.000944669365721997
"1654","1654",4405,4399,4376,-0.00658342792281498
"1655","1655",5139,4402,4702,-0.0850359992216384
"1656","1656",5294,4387,4415,-0.166037023044957
"1657","1657",2367,2367,2179,-0.0794254330376003
"1658","1658",2320,2181,2059,-0.1125
"1659","1659",3712,3863,3821,0.029364224137931
"1660","1660",486,486,457,-0.0596707818930041
"1661","1661",1518,1747,1709,0.125823451910408
"1662","1662",3504,3249,3415,-0.0253995433789954
"1663","1663",3832,3892,3672,-0.0417536534446764
"1664","1664",2977,3008,3009,0.0107490762512597
"9916","9916",2977,3008,3009,0.0107490762512597
"1665","1665",1615,2017,1572,-0.026625386996904
"1666","1666",6575,5830,5428,-0.174448669201521
"1667","1667",1214,1215,1078,-0.112026359143328
"1668","1668",2117,2117,2117,0
"1669","1669",3196,3166,3125,-0.0222152690863579
"1670","1670",2882,2860,2882,0
"1671","1671",1217,1297,1314,0.0797041906327034
"14829","14829",1217,1297,1314,0.0797041906327034
"15276","15276",1217,1297,1314,0.0797041906327034
"1672","1672",4765,5136,5513,0.15697796432319
"1673","1673",3828,3828,3590,-0.0621734587251829
"1674","1674",1763,1737,1737,-0.0147475893363585
"1675","1675",6690,6574,6580,-0.0164424514200299
"1676","1676",1367,1425,1198,-0.123628383321141
"1677","1677",2211,2289,2277,0.0298507462686567
"1678","1678",2931,2898,3181,0.085295121119072
"1680","1680",2513,2523,2281,-0.0923199363310784
"12922","12922",2513,2523,2281,-0.0923199363310784
"1681","1681",4819,4627,4576,-0.050425399460469
"1682","1682",1478,2101,2382,0.611637347767253
"16802","16802",1478,2101,2382,0.611637347767253
"1683","1683",2743,2834,2793,0.01822821728035
"1684","1684",4018,4018,2938,-0.268790443006471
"1685","1685",3960,3960,4007,0.0118686868686869
"1686","1686",2677,1944,1956,-0.269331341053418
"10689","10689",2677,1944,1956,-0.269331341053418
"1687","1687",3773,3712,3761,-0.00318049297641134
"1688","1688",1535,1603,1556,0.0136807817589577
"1689","1689",2662,2949,3001,0.127347858752817
"1690","1690",3822,3820,3440,-0.0999476713762428
"1691","1691",11084,11352,10763,-0.0289606640202093
"1692","1692",7221,7160,5800,-0.196787148594378
"1693","1693",1780,1759,1758,-0.0123595505617978
"1694","1694",7438,7223,6966,-0.0634579187953751
"1695","1695",1959,1958,1958,-0.000510464522715671
"1696","1696",2310,2273,2279,-0.0134199134199134
"1697","1697",2279,2337,2365,0.0377358490566038
"1698","1698",2504,1869,1849,-0.261581469648562
"1699","1699",2389,2141,2204,-0.0774382586856425
"1700","1700",1507,1511,1486,-0.0139349701393497
"1701","1701",3118,3115,2815,-0.0971776779987171
"5188","5188",3118,3115,2815,-0.0971776779987171
"1703","1703",2313,1979,1947,-0.158236057068742
"1704","1704",2313,2315,2293,-0.00864677907479464
"19870","19870",2313,2315,2293,-0.00864677907479464
"1705","1705",2675,2525,2525,-0.0560747663551402
"1706","1706",2860,2860,2860,0
"1707","1707",6517,7138,7091,0.088077336197637
"1708","1708",4303,4157,3325,-0.2272832907274
"14581","14581",4303,4157,3325,-0.2272832907274
"1709","1709",3670,3630,3291,-0.103269754768392
"1710","1710",4828,4164,4151,-0.140223695111848
"1711","1711",3513,3476,3569,0.0159407913464276
"6804","6804",3513,3476,3569,0.0159407913464276
"1712","1712",1945,1954,1936,-0.00462724935732648
"1713","1713",5235,5223,5289,0.0103151862464183
"1714","1714",1736,1730,2257,0.300115207373272
"1715","1715",6287,6281,6134,-0.0243359312867822
"1716","1716",1086,1383,1333,0.22744014732965
"1717","1717",4473,4921,4903,0.0961323496534764
"1718","1718",4118,4106,3310,-0.19621175327829
"1719","1719",11075,11985,11714,0.0576975169300226
"1720","1720",1443,1433,1406,-0.0256410256410256
"16232","16232",1443,1433,1406,-0.0256410256410256
"1721","1721",2869,2856,2856,-0.00453119553851516
"1722","1722",4137,5023,4100,-0.00894367899444042
"7938","7938",4137,5023,4100,-0.00894367899444042
"1723","1723",8643,9010,8424,-0.0253384241582784
"1724","1724",6100,6092,6049,-0.00836065573770492
"1725","1725",3784,4077,3988,0.0539112050739958
"1726","1726",2400,2423,2420,0.00833333333333333
"1727","1727",4345,4904,4002,-0.0789413118527043
"1728","1728",2834,2589,2901,0.0236414961185603
"16153","16153",2834,2589,2901,0.0236414961185603
"1729","1729",3838,3429,3417,-0.109692548202189
"1730","1730",1189,1262,1272,0.0698065601345669
"1731","1731",5992,7416,6129,0.0228638184245661
"1732","1732",1998,2004,1999,0.0005005005005005
"1733","1733",3348,3349,3192,-0.046594982078853
"1734","1734",3180,2628,2626,-0.174213836477987
"1735","1735",2212,2239,2239,0.0122061482820976
"1736","1736",1554,1668,1806,0.162162162162162
"1737","1737",3586,4152,3452,-0.0373675404350251
"1738","1738",2739,3562,3072,0.12157721796276
"4426","4426",2739,3562,3072,0.12157721796276
"1739","1739",2893,2889,2284,-0.210508123055652
"1741","1741",3415,3240,3200,-0.0629575402635432
"1742","1742",2412,2619,2619,0.0858208955223881
"1743","1743",3081,2930,3091,0.00324569944823109
"1744","1744",2854,2854,4570,0.601261387526279
"1745","1745",5219,5812,5760,0.103659704924315
"1746","1746",6032,5997,5581,-0.0747679045092838
"5245","5245",6032,5997,5581,-0.0747679045092838
"1747","1747",5471,5470,5484,0.00237616523487479
"1748","1748",4490,4906,4717,0.0505567928730512
"1749","1749",2722,2766,2745,0.00844966936076414
"1750","1750",5668,5648,5575,-0.0164079040225829
"1751","1751",2811,1997,2122,-0.245108502312344
"4179","4179",2811,1997,2122,-0.245108502312344
"1752","1752",3172,3164,3023,-0.0469735182849937
"1753","1753",10145,10075,9147,-0.0983735830458354
"1754","1754",2883,2348,2345,-0.186611168921263
"1755","1755",1250,1249,1249,-8e-04
"16811","16811",1250,1249,1249,-8e-04
"1756","1756",4295,4295,3052,-0.289406286379511
"1757","1757",2585,2585,2570,-0.00580270793036751
"1758","1758",3614,3714,3759,0.0401217487548423
"1759","1759",2757,2880,2768,0.00398984403336961
"3309","3309",2757,2880,2768,0.00398984403336961
"1760","1760",2785,2933,3193,0.146499102333932
"1761","1761",2758,2762,2713,-0.0163161711385062
"1762","1762",2001,2004,1935,-0.0329835082458771
"1763","1763",2917,2902,2167,-0.257113472745972
"2919","2919",2917,2902,2167,-0.257113472745972
"10724","10724",2917,2902,2167,-0.257113472745972
"19283","19283",2917,2902,2167,-0.257113472745972
"1764","1764",1499,1481,1466,-0.0220146764509673
"1765","1765",2358,2596,3326,0.410517387616624
"1766","1766",2209,2206,2672,0.209597102761431
"16784","16784",2209,2206,2672,0.209597102761431
"1767","1767",4045,4094,4188,0.0353522867737948
"1768","1768",865,865,864,-0.00115606936416185
"1769","1769",5278,5043,5115,-0.030882910193255
"1770","1770",4502,3551,4637,0.02998667258996
"1771","1771",2750,2707,2707,-0.0156363636363636
"1772","1772",3576,3743,3694,0.0329977628635347
"1773","1773",2283,2182,2009,-0.120017520805957
"1774","1774",3330,3159,3158,-0.0516516516516516
"1775","1775",2720,2720,2717,-0.00110294117647059
"1776","1776",1363,1395,1404,0.0300807043286867
"1898","1898",1363,1395,1404,0.0300807043286867
"8106","8106",1363,1395,1404,0.0300807043286867
"1777","1777",4133,4167,4009,-0.0300024195499637
"1778","1778",3190,3178,3176,-0.00438871473354232
"1779","1779",1391,1435,1708,0.227893601725377
"8401","8401",1391,1435,1708,0.227893601725377
"1780","1780",3499,3916,3511,0.00342955130037153
"1781","1781",2601,2680,2938,0.12956555171088
"1782","1782",1373,1373,929,-0.323379461034232
"1783","1783",4178,4179,4221,0.0102920057443753
"1784","1784",1977,1984,2003,0.013151239251391
"1785","1785",1943,2132,1660,-0.14565105506948
"7727","7727",1943,2132,1660,-0.14565105506948
"1786","1786",4256,5235,4620,0.0855263157894737
"1787","1787",3082,3082,3371,0.0937702790395847
"1788","1788",4301,4301,2655,-0.382701697279702
"1789","1789",1817,1817,1811,-0.00330214639515685
"1790","1790",2135,2152,2129,-0.00281030444964871
"5887","5887",2135,2152,2129,-0.00281030444964871
"1791","1791",1575,1628,1575,0
"1792","1792",5058,5174,5203,0.0286674574930803
"1793","1793",2637,2346,2421,-0.0819112627986348
"1794","1794",9068,8751,8242,-0.0910895456550507
"1795","1795",5146,5403,5663,0.100466381655655
"1796","1796",2114,2113,2113,-0.000473036896877956
"1797","1797",2576,2566,2721,0.0562888198757764
"18329","18329",2576,2566,2721,0.0562888198757764
"1798","1798",1301,1334,2943,1.26210607225211
"1799","1799",2643,2788,2578,-0.0245932652289065
"1800","1800",4062,4055,3639,-0.104135893648449
"1801","1801",8750,8766,7998,-0.0859428571428571
"1802","1802",1051,1022,1454,0.383444338725024
"6242","6242",1051,1022,1454,0.383444338725024
"1803","1803",3943,3943,3807,-0.034491503931017
"1804","1804",1562,1562,1546,-0.0102432778489117
"1805","1805",2499,2499,2555,0.0224089635854342
"1806","1806",4099,3791,4139,0.00975847767748231
"1807","1807",2768,2829,2692,-0.0274566473988439
"1808","1808",797,793,961,0.205771643663739
"1809","1809",5480,5393,5306,-0.0317518248175182
"1810","1810",3818,3739,3442,-0.0984808800419068
"1811","1811",3403,4314,4354,0.279459300617103
"5671","5671",3403,4314,4354,0.279459300617103
"1812","1812",2085,2088,2046,-0.018705035971223
"1813","1813",2371,2333,2335,-0.0151834668916069
"1814","1814",1462,1462,1462,0
"1815","1815",7502,7849,7514,0.00159957344708078
"1829","1829",7502,7849,7514,0.00159957344708078
"1816","1816",1369,1341,1223,-0.106647187728269
"9553","9553",1369,1341,1223,-0.106647187728269
"1817","1817",1382,1838,1871,0.35383502170767
"1818","1818",5333,4996,4996,-0.0631914494655916
"1819","1819",3835,4248,4252,0.108735332464146
"1820","1820",6768,7057,6544,-0.033096926713948
"1822","1822",2523,2770,2948,0.168450257629806
"1823","1823",2530,2466,2463,-0.0264822134387352
"1824","1824",7336,7397,7201,-0.01840239912759
"1825","1825",4768,4768,3643,-0.235947986577181
"3110","3110",4768,4768,3643,-0.235947986577181
"1826","1826",973,973,973,0
"1827","1827",1924,1926,1922,-0.00103950103950104
"1828","1828",1164,1420,1341,0.152061855670103
"12358","12358",1164,1420,1341,0.152061855670103
"1830","1830",1288,1286,1286,-0.0015527950310559
"1831","1831",5766,5452,5580,-0.032258064516129
"1832","1832",2380,2515,2560,0.0756302521008403
"1833","1833",1208,1208,1344,0.112582781456954
"1834","1834",1146,1345,1487,0.297556719022688
"19794","19794",1146,1345,1487,0.297556719022688
"1835","1835",1822,1952,1954,0.0724478594950604
"1836","1836",4554,4554,4515,-0.00856389986824769
"1838","1838",3891,3801,3769,-0.0313544076072989
"1839","1839",2443,2382,2237,-0.0843225542365943
"1840","1840",1411,1266,1266,-0.102763997165131
"1841","1841",3044,3104,3574,0.174113009198423
"1842","1842",4628,4921,4022,-0.130942091616249
"1843","1843",1069,1297,1277,0.194574368568756
"1844","1844",1446,1361,1361,-0.0587828492392808
"1845","1845",8252,8251,8081,-0.0207222491517208
"1846","1846",2415,2722,2737,0.133333333333333
"1847","1847",1148,1176,1313,0.143728222996516
"1848","1848",4049,4049,3916,-0.0328476166954804
"1849","1849",2753,2632,2990,0.0860879041046131
"1850","1850",1013,871,871,-0.140177690029615
"1851","1851",2412,2443,2701,0.119817578772803
"1852","1852",1381,1328,1330,-0.0369297610427227
"1853","1853",2917,2915,2523,-0.135070277682551
"1854","1854",6895,6858,6864,-0.00449601160261059
"1855","1855",2273,2536,2918,0.28376594808623
"1856","1856",3150,3214,2763,-0.122857142857143
"15711","15711",3150,3214,2763,-0.122857142857143
"1857","1857",5917,6758,6475,0.094304546222748
"1858","1858",6056,6057,5856,-0.0330250990752972
"1859","1859",3466,2984,3235,-0.0666474321984997
"1860","1860",6537,5984,6498,-0.00596603946764571
"1861","1861",2591,2591,3247,0.253184098803551
"1862","1862",2605,2527,2605,0
"1863","1863",1450,2029,2039,0.406206896551724
"19440","19440",1450,2029,2039,0.406206896551724
"1864","1864",1063,1063,1101,0.0357478833490122
"1865","1865",2399,2436,2467,0.0283451438099208
"2004","2004",2399,2436,2467,0.0283451438099208
"2981","2981",2399,2436,2467,0.0283451438099208
"6517","6517",2399,2436,2467,0.0283451438099208
"11054","11054",2399,2436,2467,0.0283451438099208
"18188","18188",2399,2436,2467,0.0283451438099208
"1866","1866",2120,1918,1876,-0.115094339622642
"1867","1867",5444,5445,4564,-0.161645848640705
"1868","1868",2324,2324,2199,-0.0537865748709122
"1869","1869",2236,2194,2771,0.239266547406082
"1870","1870",3064,3589,3470,0.132506527415144
"3166","3166",3064,3589,3470,0.132506527415144
"1871","1871",3170,3332,3344,0.0548895899053628
"1872","1872",6762,6762,6889,0.0187814256137237
"1873","1873",4746,4747,4387,-0.0756426464391066
"1874","1874",3981,3593,2825,-0.290379301682994
"1875","1875",2946,2946,2281,-0.225729803122878
"1876","1876",2034,2034,2034,0
"1877","1877",3310,2482,2550,-0.229607250755287
"1878","1878",2604,2652,2652,0.0184331797235023
"4465","4465",2604,2652,2652,0.0184331797235023
"1879","1879",2071,2092,2066,-0.00241429261226461
"3092","3092",2071,2092,2066,-0.00241429261226461
"1880","1880",3875,3874,3766,-0.0281290322580645
"1881","1881",1146,1345,1384,0.207678883071553
"16498","16498",1146,1345,1384,0.207678883071553
"1882","1882",1854,1495,1772,-0.0442286947141316
"3794","3794",1854,1495,1772,-0.0442286947141316
"5159","5159",1854,1495,1772,-0.0442286947141316
"7659","7659",1854,1495,1772,-0.0442286947141316
"1883","1883",1858,1119,1771,-0.0468245425188375
"12675","12675",1858,1119,1771,-0.0468245425188375
"1884","1884",2497,2497,2523,0.0104124949939928
"1885","1885",4733,4614,4640,-0.0196492710754278
"1886","1886",5052,5032,5555,0.0995645288994458
"1887","1887",3581,3720,3765,0.0513822954481988
"1888","1888",1152,1162,1268,0.100694444444444
"16215","16215",1152,1162,1268,0.100694444444444
"16429","16429",1152,1162,1268,0.100694444444444
"1889","1889",1380,1370,1422,0.0304347826086957
"1890","1890",1060,1098,1013,-0.0443396226415094
"14576","14576",1060,1098,1013,-0.0443396226415094
"1891","1891",3464,3430,3406,-0.016743648960739
"1892","1892",1318,1139,1139,-0.135811836115326
"1893","1893",3784,3764,3784,0
"1894","1894",2499,2314,2314,-0.0740296118447379
"6160","6160",2499,2314,2314,-0.0740296118447379
"1895","1895",2193,2196,2196,0.00136798905608755
"1896","1896",4163,3842,3817,-0.0831131395628153
"1897","1897",7335,7152,7042,-0.039945466939332
"1899","1899",4817,3278,3536,-0.265933153414989
"1900","1900",4059,4560,4373,0.0773589554077359
"1901","1901",3713,3633,2647,-0.287099380554807
"1902","1902",3214,3217,3737,0.162725575606721
"1903","1903",963,1152,1201,0.247144340602285
"1904","1904",4885,3776,3879,-0.205936540429887
"1905","1905",4079,4075,3785,-0.0720764893356215
"1906","1906",6165,6890,6482,0.051419302514193
"1907","1907",2905,2905,2904,-0.000344234079173838
"1908","1908",2060,1921,1921,-0.0674757281553398
"1909","1909",1324,1324,1689,0.275679758308157
"1910","1910",3577,3828,4518,0.263069611406206
"1911","1911",2117,2064,2071,-0.021728861596599
"1912","1912",3658,3686,3542,-0.0317113176599235
"1913","1913",3592,3593,3386,-0.0573496659242762
"1914","1914",3810,3879,3432,-0.0992125984251968
"1915","1915",1622,1488,1351,-0.167077681874229
"9885","9885",1622,1488,1351,-0.167077681874229
"1916","1916",3906,3989,4936,0.263696876600102
"1917","1917",2430,2320,2495,0.0267489711934156
"1918","1918",5382,5146,4911,-0.0875139353400223
"1919","1919",3210,3210,3400,0.059190031152648
"1920","1920",2802,2261,2461,-0.121698786581014
"1921","1921",962,1078,1078,0.120582120582121
"1922","1922",1395,1312,1315,-0.0573476702508961
"1923","1923",5539,5539,5537,-0.000361076006499368
"1924","1924",1527,1604,1604,0.0504256712508186
"1925","1925",2297,2271,1972,-0.141488898563343
"1926","1926",4898,4869,4999,0.0206206614944875
"1927","1927",1779,2181,2102,0.181562675660483
"1928","1928",3851,3859,3959,0.0280446637237081
"10656","10656",3851,3859,3959,0.0280446637237081
"1929","1929",2435,2722,2654,0.0899383983572895
"1930","1930",1260,1261,1261,0.000793650793650794
"1931","1931",2405,2589,2345,-0.0249480249480249
"9061","9061",2405,2589,2345,-0.0249480249480249
"1932","1932",2593,2604,2724,0.0505206324720401
"1933","1933",3021,3013,3013,-0.00264812975835816
"1934","1934",2725,2935,3049,0.118899082568807
"1935","1935",5747,5728,5403,-0.0598573168609709
"1936","1936",2608,2299,2324,-0.108895705521472
"1937","1937",4793,4846,4822,0.00605049029835176
"1938","1938",5984,5818,6062,0.0130347593582888
"1939","1939",6830,6745,6712,-0.0172767203513909
"1940","1940",5809,4658,4877,-0.160440695472543
"1941","1941",2149,2700,2626,0.221963704048395
"6609","6609",2149,2700,2626,0.221963704048395
"1942","1942",3535,3408,3334,-0.0568599717114569
"1943","1943",1466,1455,1454,-0.00818553888130969
"1944","1944",2709,2539,2773,0.023624953857512
"1945","1945",4528,4528,4491,-0.00817137809187279
"1946","1946",5968,5843,5630,-0.0566353887399464
"1947","1947",2064,2064,1445,-0.299903100775194
"1948","1948",3152,3115,3114,-0.0120558375634518
"1949","1949",2071,1618,1618,-0.218734910671173
"1950","1950",2608,2573,2615,0.0026840490797546
"1951","1951",1894,1938,1938,0.0232312565997888
"12447","12447",1894,1938,1938,0.0232312565997888
"1952","1952",3452,3833,3403,-0.0141946697566628
"1953","1953",1736,1800,1813,0.0443548387096774
"1954","1954",3330,2982,2944,-0.115915915915916
"1955","1955",4120,4120,4177,0.0138349514563107
"1956","1956",4756,4765,4473,-0.0595037846930193
"1957","1957",3683,3652,3042,-0.174042899809938
"1958","1958",4468,4468,4470,0.00044762757385855
"1959","1959",3093,3041,3041,-0.0168121564823796
"1960","1960",1715,1718,1718,0.00174927113702624
"1961","1961",3940,4259,4056,0.0294416243654822
"1962","1962",9886,9709,9716,-0.0171960347966822
"1963","1963",6492,6790,6508,0.00246457178065311
"1964","1964",2371,2344,2371,0
"12131","12131",2371,2344,2371,0
"1965","1965",3643,3051,2865,-0.213560252539116
"1966","1966",3019,3121,3121,0.0337860218615436
"1967","1967",1346,1346,1333,-0.00965824665676077
"1968","1968",6307,6977,6384,0.0122086570477248
"1969","1969",1580,1838,1375,-0.129746835443038
"2345","2345",1580,1838,1375,-0.129746835443038
"8094","8094",1580,1838,1375,-0.129746835443038
"1970","1970",1241,1088,1088,-0.123287671232877
"1971","1971",2295,2297,2187,-0.0470588235294118
"1972","1972",8215,8200,8647,0.0525867315885575
"1973","1973",4695,4955,3852,-0.179552715654952
"1974","1974",984,938,1487,0.511178861788618
"1975","1975",1092,1093,1093,0.000915750915750916
"1976","1976",1209,1208,1151,-0.0479735318444996
"8693","8693",1209,1208,1151,-0.0479735318444996
"1977","1977",3411,3452,3238,-0.0507182644385811
"1978","1978",2700,3038,2679,-0.00777777777777778
"19402","19402",2700,3038,2679,-0.00777777777777778
"1979","1979",3620,3497,3557,-0.0174033149171271
"1980","1980",2859,2859,2860,0.000349772647778944
"1981","1981",2263,2183,2403,0.0618647812638091
"6751","6751",2263,2183,2403,0.0618647812638091
"14734","14734",2263,2183,2403,0.0618647812638091
"1982","1982",2268,2390,2580,0.137566137566138
"1983","1983",1811,1458,1458,-0.194919933738266
"1984","1984",4903,4658,4668,-0.0479298388741587
"1985","1985",3638,3380,3201,-0.120120945574491
"1986","1986",3640,3854,3005,-0.174450549450549
"1987","1987",1366,1500,1558,0.140556368960469
"1988","1988",518,518,518,0
"1989","1989",2011,1956,1954,-0.0283441074092491
"1990","1990",3247,3250,3078,-0.0520480443486295
"1991","1991",3715,3599,3867,0.0409152086137281
"1992","1992",4375,4300,3851,-0.119771428571429
"16335","16335",4375,4300,3851,-0.119771428571429
"1993","1993",7277,7328,6707,-0.0783289817232376
"1994","1994",2211,2691,2310,0.0447761194029851
"5499","5499",2211,2691,2310,0.0447761194029851
"1995","1995",2168,2152,2303,0.0622693726937269
"1996","1996",2970,2970,2365,-0.203703703703704
"1997","1997",4748,4690,4635,-0.0237994945240101
"1998","1998",4693,4693,5365,0.143191988067334
"1999","1999",5048,5048,5127,0.0156497622820919
"2000","2000",2553,2464,2578,0.00979240109674892
"2001","2001",2332,2332,2190,-0.0608919382504288
"2002","2002",4248,4849,4589,0.0802730696798493
"2003","2003",955,948,946,-0.00942408376963351
"2005","2005",1696,1819,1752,0.0330188679245283
"2006","2006",3460,3068,2955,-0.145953757225434
"2007","2007",2610,2603,2585,-0.00957854406130268
"2008","2008",2896,2809,2758,-0.0476519337016575
"2009","2009",5356,5356,5362,0.00112023898431665
"2010","2010",447,447,560,0.252796420581655
"2011","2011",3805,3837,3571,-0.0614980289093298
"2012","2012",1789,1789,1762,-0.0150922302962549
"2013","2013",2318,2318,1716,-0.259706643658326
"2014","2014",1252,1250,1602,0.279552715654952
"2015","2015",3188,3188,3188,0
"2016","2016",2169,2155,2043,-0.0580912863070539
"2017","2017",7923,6144,7585,-0.0426606083554209
"2018","2018",2096,2100,1324,-0.368320610687023
"2019","2019",4536,4536,4577,0.00903880070546737
"2020","2020",3986,2812,2875,-0.278725539387857
"2021","2021",2267,2267,2264,-0.00132333480370534
"2022","2022",5269,5270,5269,0
"18069","18069",5269,5270,5269,0
"2023","2023",5923,5973,5779,-0.0243120040520007
"2024","2024",8465,8372,8783,0.0375664500886001
"2025","2025",2034,1839,1592,-0.217305801376598
"2026","2026",4563,4607,3916,-0.141792680254219
"2027","2027",3467,3268,3194,-0.0787424286126334
"2028","2028",2325,2301,2305,-0.00860215053763441
"13800","13800",2325,2301,2305,-0.00860215053763441
"2029","2029",3645,3474,3946,0.0825788751714678
"2030","2030",2057,2050,1948,-0.0529897909577054
"2032","2032",7502,7855,7312,-0.025326579578779
"2033","2033",3205,3015,3015,-0.0592823712948518
"8479","8479",3205,3015,3015,-0.0592823712948518
"2034","2034",3842,3694,3741,-0.0262883914627798
"2035","2035",6614,6440,6242,-0.0562443302086483
"2037","2037",1750,1750,1782,0.0182857142857143
"2038","2038",5057,5046,5070,0.0025706940874036
"2039","2039",2227,2444,2444,0.0974405029187247
"2040","2040",3336,3335,3929,0.177757793764988
"2041","2041",4112,4092,4063,-0.0119163424124514
"2042","2042",3096,3088,3888,0.255813953488372
"2043","2043",3526,3431,3433,-0.0263754963131027
"2044","2044",1788,1776,1846,0.0324384787472036
"7326","7326",1788,1776,1846,0.0324384787472036
"11650","11650",1788,1776,1846,0.0324384787472036
"19309","19309",1788,1776,1846,0.0324384787472036
"2045","2045",5154,4994,5272,0.022894838960031
"2046","2046",2121,2121,2017,-0.049033474776049
"2047","2047",2931,2162,2163,-0.262026612077789
"2048","2048",7105,7067,7073,-0.00450387051372273
"2050","2050",6245,6245,5421,-0.131945556445156
"2051","2051",3781,3769,3776,-0.00132240148108966
"2052","2052",1416,1368,1368,-0.0338983050847458
"2053","2053",4143,4023,3990,-0.0369297610427227
"2054","2054",2929,2929,2919,-0.00341413451689997
"2055","2055",6604,6718,6619,0.00227135069654755
"2056","2056",3863,4002,4032,0.0437483820864613
"2057","2057",3067,3067,3067,0
"2058","2058",4804,4803,4563,-0.0501665278934222
"2059","2059",3182,3183,3180,-0.000628535512256443
"2060","2060",5461,5460,5701,0.0439479948727339
"5524","5524",5461,5460,5701,0.0439479948727339
"2061","2061",1961,1962,1916,-0.0229474757776645
"2062","2062",1374,1508,1521,0.106986899563319
"7739","7739",1374,1508,1521,0.106986899563319
"2063","2063",6665,5975,5929,-0.110427606901725
"2064","2064",2717,2671,2668,-0.0180345969819654
"2065","2065",5669,5342,5570,-0.0174633974245899
"2066","2066",1347,1417,1417,0.0519673348181143
"2067","2067",5271,5270,5188,-0.0157465376588883
"2068","2068",3213,2793,2768,-0.138499844382197
"10172","10172",3213,2793,2768,-0.138499844382197
"2069","2069",4470,4518,4566,0.0214765100671141
"2070","2070",1693,1693,1694,0.000590667454223272
"2071","2071",1927,1849,1859,-0.0352880124545926
"2072","2072",1449,1229,974,-0.327812284334023
"2073","2073",1488,1732,1753,0.178091397849462
"2074","2074",3461,3461,3455,-0.00173360300491188
"2075","2075",470,805,805,0.712765957446808
"2076","2076",4640,4621,4362,-0.0599137931034483
"2077","2077",3171,3197,2755,-0.13118889940082
"12199","12199",3171,3197,2755,-0.13118889940082
"2078","2078",4592,4566,4695,0.0224303135888502
"2079","2079",5430,5918,5469,0.00718232044198895
"2080","2080",3290,3364,3471,0.0550151975683891
"2081","2081",2126,2126,2131,0.00235183443085607
"2082","2082",2672,3070,3127,0.170284431137725
"2083","2083",7392,7605,7041,-0.0474837662337662
"2084","2084",2373,2376,2384,0.00463548251158871
"2085","2085",2163,1488,1532,-0.291724456773
"2086","2086",4123,4727,2994,-0.273829735629396
"2087","2087",1821,1822,1779,-0.0230642504118616
"2088","2088",4887,4867,4756,-0.0268058113361981
"2089","2089",3658,3640,3520,-0.0377255330781848
"14832","14832",3658,3640,3520,-0.0377255330781848
"2090","2090",1026,1025,1137,0.108187134502924
"2091","2091",1793,1894,1833,0.0223089793641941
"2092","2092",1661,1734,1703,0.0252859723058399
"2093","2093",1678,2118,2000,0.191895113230036
"2094","2094",4267,3891,4047,-0.0515584719943754
"2095","2095",2897,3094,3180,0.0976872626855368
"5723","5723",2897,3094,3180,0.0976872626855368
"7293","7293",2897,3094,3180,0.0976872626855368
"13567","13567",2897,3094,3180,0.0976872626855368
"2096","2096",2703,2703,2713,0.00369959304476508
"2097","2097",4346,4836,4795,0.103313391624482
"2098","2098",1704,1893,1850,0.0856807511737089
"2099","2099",1975,1975,2004,0.0146835443037975
"2100","2100",3047,3169,2910,-0.0449622579586478
"2101","2101",3657,3633,3594,-0.0172272354388843
"2102","2102",3405,3544,2674,-0.214684287812041
"2103","2103",883,883,880,-0.00339750849377123
"2104","2104",1557,1530,1530,-0.0173410404624277
"2105","2105",835,835,835,0
"2106","2106",4865,4866,6134,0.260842754367934
"2107","2107",3643,3676,3600,-0.0118034586878946
"2108","2108",3897,3475,3475,-0.108288426995124
"2109","2109",2698,2678,2698,0
"2110","2110",5700,5701,5375,-0.0570175438596491
"2111","2111",1042,1029,1401,0.344529750479846
"2112","2112",4516,4752,3927,-0.130425155004429
"2113","2113",2126,2063,2012,-0.0536218250235183
"2114","2114",3580,3575,3575,-0.00139664804469274
"2115","2115",1125,1369,1472,0.308444444444444
"10325","10325",1125,1369,1472,0.308444444444444
"13024","13024",1125,1369,1472,0.308444444444444
"2116","2116",1779,1734,1869,0.0505902192242833
"2117","2117",1807,1798,1756,-0.0282235749861649
"3686","3686",1807,1798,1756,-0.0282235749861649
"2118","2118",10197,10174,10512,0.030891438658429
"2119","2119",2516,2405,2394,-0.048489666136725
"2120","2120",1139,1177,1051,-0.077260755048288
"2121","2121",4389,4389,3847,-0.123490544543176
"2122","2122",2545,2538,2419,-0.0495088408644401
"5102","5102",2545,2538,2419,-0.0495088408644401
"7818","7818",2545,2538,2419,-0.0495088408644401
"2123","2123",2400,2415,2474,0.0308333333333333
"2124","2124",583,705,585,0.00343053173241852
"2125","2125",2101,2100,2100,-0.000475963826749167
"2126","2126",5825,5367,5413,-0.0707296137339056
"2127","2127",2223,2216,2036,-0.0841205578047683
"2128","2128",4003,3992,4287,0.0709467899075693
"2129","2129",2123,2086,2090,-0.0155440414507772
"2130","2130",1804,1877,2046,0.134146341463415
"2131","2131",1865,1894,2180,0.168900804289544
"2132","2132",2643,2643,2665,0.00832387438516837
"2133","2133",1772,1775,1739,-0.0186230248306998
"2134","2134",2446,2446,2445,-0.000408830744071954
"2135","2135",1100,1100,1544,0.403636363636364
"2136","2136",1428,1436,1387,-0.0287114845938375
"2137","2137",4321,4416,4409,0.0203656560981254
"2138","2138",2746,2537,2720,-0.00946831755280408
"2139","2139",2124,2131,1883,-0.11346516007533
"12602","12602",2124,2131,1883,-0.11346516007533
"2140","2140",2538,2542,2543,0.00197005516154452
"2141","2141",1668,1572,1850,0.109112709832134
"2142","2142",3585,3585,3703,0.0329149232914923
"2143","2143",1508,1496,1469,-0.0258620689655172
"12638","12638",1508,1496,1469,-0.0258620689655172
"2144","2144",5786,4670,4863,-0.159522986519184
"2145","2145",1009,934,1060,0.0505450941526264
"11767","11767",1009,934,1060,0.0505450941526264
"11842","11842",1009,934,1060,0.0505450941526264
"16986","16986",1009,934,1060,0.0505450941526264
"2146","2146",6353,6019,6167,-0.0292775066897529
"2147","2147",4919,4741,4350,-0.115673917462899
"2148","2148",3004,3003,2957,-0.0156458055925433
"6343","6343",3004,3003,2957,-0.0156458055925433
"2149","2149",3171,3140,3137,-0.010722169662567
"2150","2150",4347,4270,4260,-0.0200138026224983
"2151","2151",4929,5237,5495,0.114830594441063
"2152","2152",4811,5144,5051,0.0498856786530867
"2153","2153",10274,9973,9644,-0.0613198364804361
"2154","2154",6039,6042,6243,0.0337804272230502
"2155","2155",2817,2818,3170,0.125310614128505
"2156","2156",2822,2403,1733,-0.385896527285613
"16180","16180",2822,2403,1733,-0.385896527285613
"2157","2157",1658,1658,1076,-0.35102533172497
"2158","2158",7903,8042,7218,-0.0866759458433506
"2159","2159",2140,1989,1813,-0.152803738317757
"2160","2160",715,807,764,0.0685314685314685
"2161","2161",3500,3393,3352,-0.0422857142857143
"2162","2162",1798,1619,1349,-0.24972191323693
"2163","2163",2206,2162,2183,-0.0104261106074343
"6585","6585",2206,2162,2183,-0.0104261106074343
"2164","2164",3322,2849,2928,-0.118603251053582
"2259","2259",3322,2849,2928,-0.118603251053582
"2165","2165",7183,7562,7179,-0.000556870388417096
"2166","2166",5744,5575,5555,-0.0329038997214485
"2167","2167",8338,8338,8299,-0.00467738066682658
"2168","2168",3012,2954,2928,-0.0278884462151394
"2169","2169",3634,3635,3531,-0.0283434232250963
"2170","2170",7344,7357,6938,-0.0552832244008715
"2171","2171",2396,2396,2356,-0.01669449081803
"2172","2172",8162,7968,7976,-0.0227885322224945
"2173","2173",4824,4823,3720,-0.228855721393035
"2174","2174",3682,3880,3863,0.0491580662683324
"2175","2175",4017,4353,4361,0.0856360468010954
"2176","2176",1337,1615,1590,0.18922961854899
"2177","2177",7666,7443,8080,0.054004696060527
"2178","2178",2919,2868,2867,-0.0178143199725934
"2179","2179",3100,3086,3382,0.0909677419354839
"2181","2181",2581,2510,2501,-0.0309957380860132
"4226","4226",2581,2510,2501,-0.0309957380860132
"2182","2182",3972,3951,3509,-0.116565961732125
"2183","2183",4082,4570,4764,0.167074963253307
"2184","2184",2638,2647,2594,-0.0166793025018954
"2185","2185",1997,1997,1974,-0.0115172759138708
"2186","2186",2858,2661,2660,-0.0692792162351295
"2187","2187",2613,2221,2336,-0.106008419441255
"2188","2188",2796,3284,3236,0.157367668097282
"2189","2189",2103,2383,2295,0.0912981455064194
"16713","16713",2103,2383,2295,0.0912981455064194
"2190","2190",890,811,899,0.0101123595505618
"12816","12816",890,811,899,0.0101123595505618
"2191","2191",1856,1850,1850,-0.00323275862068966
"2192","2192",3916,3950,3736,-0.0459652706843718
"6368","6368",3916,3950,3736,-0.0459652706843718
"2193","2193",2498,2598,2598,0.0400320256204964
"2194","2194",2122,2460,2569,0.210650329877474
"17993","17993",2122,2460,2569,0.210650329877474
"2195","2195",3778,3944,3715,-0.0166754896770778
"2196","2196",2202,2662,2679,0.216621253405995
"6206","6206",2202,2662,2679,0.216621253405995
"17556","17556",2202,2662,2679,0.216621253405995
"18834","18834",2202,2662,2679,0.216621253405995
"2197","2197",3136,3113,3008,-0.0408163265306122
"2198","2198",4353,4317,4260,-0.0213645761543763
"2199","2199",3678,2985,2821,-0.233007069059271
"2200","2200",2751,2796,2879,0.0465285350781534
"2201","2201",984,1008,1008,0.024390243902439
"2202","2202",2812,2973,2819,0.00248933143669986
"7908","7908",2812,2973,2819,0.00248933143669986
"2203","2203",1511,1507,1420,-0.0602250165453342
"9470","9470",1511,1507,1420,-0.0602250165453342
"2204","2204",3747,4448,3742,-0.00133440085401655
"2205","2205",6186,6189,7375,0.19220821209182
"2206","2206",2100,2099,2038,-0.0295238095238095
"2207","2207",2896,2896,2896,0
"2208","2208",2911,2871,2975,0.0219855719683957
"2209","2209",3445,3534,3371,-0.0214804063860668
"2210","2210",2071,2092,2066,-0.00241429261226461
"2211","2211",2668,2902,2933,0.0993253373313343
"2212","2212",1374,1471,1427,0.0385735080058224
"2213","2213",3976,3864,3870,-0.0266599597585513
"7420","7420",3976,3864,3870,-0.0266599597585513
"2214","2214",1001,1001,1044,0.042957042957043
"2215","2215",1947,1947,1947,0
"2216","2216",2567,2645,2638,0.0276587456174523
"2217","2217",3065,3065,3003,-0.0202283849918434
"2218","2218",2945,2945,2333,-0.207809847198642
"2219","2219",4560,4695,4711,0.0331140350877193
"2220","2220",5467,5978,5074,-0.071885860618255
"2221","2221",5223,5186,5380,0.0300593528623397
"2222","2222",2125,2125,2236,0.0522352941176471
"13242","13242",2125,2125,2236,0.0522352941176471
"2223","2223",1699,1679,1679,-0.0117716303708064
"2224","2224",2711,2749,2640,-0.0261895979343416
"2225","2225",1907,1941,2068,0.0844257996853697
"2227","2227",1369,1375,1321,-0.0350620891161432
"2228","2228",1487,1486,1492,0.00336247478143914
"2229","2229",2419,2479,2260,-0.0657296403472509
"2230","2230",2643,2645,2644,0.000378357926598562
"2231","2231",4700,4701,3814,-0.188510638297872
"2232","2232",6440,6514,6250,-0.0295031055900621
"2233","2233",1664,1974,2057,0.236177884615385
"2234","2234",2469,2435,2607,0.0558930741190765
"18012","18012",2469,2435,2607,0.0558930741190765
"2235","2235",2143,2143,2248,0.0489967335510966
"2236","2236",3626,3644,3650,0.0066188637617209
"2237","2237",1978,2119,1909,-0.0348837209302326
"2238","2238",5212,4447,3601,-0.309094397544129
"2239","2239",2975,2974,2035,-0.315966386554622
"2240","2240",6465,6400,6682,0.0335653518948183
"2241","2241",3366,3720,3719,0.104872251931075
"2242","2242",4076,4045,3731,-0.0846418056918548
"2243","2243",2648,2640,2393,-0.0962990936555891
"2244","2244",2704,3301,2977,0.100961538461538
"2245","2245",2952,2952,2998,0.0155826558265583
"2246","2246",2144,2142,2170,0.0121268656716418
"2247","2247",3593,3319,4448,0.237962705260228
"2248","2248",1797,1304,1643,-0.0856983861992209
"2249","2249",3164,3191,3101,-0.0199115044247788
"14571","14571",3164,3191,3101,-0.0199115044247788
"2250","2250",1439,1098,995,-0.308547602501737
"14536","14536",1439,1098,995,-0.308547602501737
"2251","2251",6022,6022,5436,-0.0973098638326138
"2252","2252",6158,6525,6137,-0.00341019811627152
"2253","2253",3940,4222,3733,-0.0525380710659899
"2254","2254",1069,1069,1097,0.0261927034611787
"2255","2255",1557,1560,1488,-0.0443159922928709
"2256","2256",5934,5898,6700,0.129086619480957
"2257","2257",6931,6931,6899,-0.00461693839272832
"2258","2258",1775,1795,1846,0.04
"15041","15041",1775,1795,1846,0.04
"2260","2260",1844,1862,1859,0.00813449023861171
"13989","13989",1844,1862,1859,0.00813449023861171
"2261","2261",1008,934,1113,0.104166666666667
"5565","5565",1008,934,1113,0.104166666666667
"2262","2262",2525,2515,2523,-0.000792079207920792
"2263","2263",5000,5027,5090,0.018
"6236","6236",5000,5027,5090,0.018
"2264","2264",4003,4003,3812,-0.0477142143392456
"2265","2265",4963,4688,4607,-0.0717308079790449
"2266","2266",890,886,883,-0.00786516853932584
"2267","2267",1463,1460,1471,0.00546821599453178
"2268","2268",2086,1712,1786,-0.143815915627996
"2269","2269",2465,2465,2496,0.0125760649087221
"2270","2270",6536,6869,6410,-0.0192778457772338
"2271","2271",1868,1867,1901,0.0176659528907923
"2272","2272",1681,1681,1681,0
"2273","2273",954,937,975,0.0220125786163522
"2274","2274",3679,3616,3617,-0.0168524055449851
"2275","2275",443,383,429,-0.0316027088036117
"2276","2276",1597,1543,1593,-0.00250469630557295
"2277","2277",3985,3600,3615,-0.0928481806775408
"2278","2278",1438,1369,1369,-0.0479833101529903
"14984","14984",1438,1369,1369,-0.0479833101529903
"2279","2279",6923,6923,6013,-0.131445904954499
"2280","2280",1668,1829,1813,0.0869304556354916
"2282","2282",3719,3719,3824,0.0282333960742135
"2283","2283",3600,3178,3670,0.0194444444444444
"2284","2284",7777,7760,7805,0.0036003600360036
"2285","2285",1915,1903,1942,0.0140992167101828
"2286","2286",10387,10370,11360,0.0936747857899297
"2287","2287",4768,4274,4257,-0.107172818791946
"2288","2288",2943,2816,2799,-0.0489296636085627
"2289","2289",1177,1267,1225,0.0407816482582838
"2290","2290",1642,1642,1709,0.0408038976857491
"2291","2291",2333,3130,2612,0.119588512644664
"2292","2292",6193,6191,5940,-0.0408525754884547
"2293","2293",2135,2123,1906,-0.107259953161593
"2294","2294",3213,3186,3182,-0.00964830376595082
"2295","2295",2821,2469,2672,-0.0528181495923431
"2296","2296",4230,4227,3487,-0.17565011820331
"2297","2297",1701,1747,1746,0.0264550264550265
"2298","2298",1568,1736,1956,0.247448979591837
"2299","2299",5863,5796,5822,-0.00699300699300699
"2300","2300",11796,11781,10911,-0.0750254323499491
"2302","2302",3058,3056,2844,-0.0699803793328973
"2303","2303",2247,2280,2314,0.0298175344904317
"2304","2304",4389,4393,4393,0.000911369332421964
"2305","2305",1435,1501,1345,-0.0627177700348432
"2306","2306",3611,3611,3644,0.00913874273054555
"2307","2307",1728,1726,1686,-0.0243055555555556
"2308","2308",4435,4435,4473,0.00856820744081173
"2309","2309",2100,2101,2101,0.000476190476190476
"4530","4530",2100,2101,2101,0.000476190476190476
"2310","2310",3304,3304,1880,-0.430992736077482
"2311","2311",5987,5988,6013,0.00434274260898614
"2313","2313",3923,3923,3938,0.00382360438439969
"2314","2314",1166,1164,1165,-0.000857632933104631
"2315","2315",3933,3646,3520,-0.105008899059242
"14200","14200",3933,3646,3520,-0.105008899059242
"2316","2316",4486,4487,4366,-0.0267498885421311
"2317","2317",1645,1648,999,-0.392705167173252
"17036","17036",1645,1648,999,-0.392705167173252
"2318","2318",2194,2197,2198,0.00182315405651778
"2319","2319",3552,3648,3606,0.0152027027027027
"2320","2320",1955,1978,1978,0.0117647058823529
"10455","10455",1955,1978,1978,0.0117647058823529
"2321","2321",1409,1199,1129,-0.198722498225692
"2322","2322",2147,2147,1926,-0.102934326967862
"2813","2813",2147,2147,1926,-0.102934326967862
"2323","2323",3618,3613,3585,-0.00912106135986733
"10735","10735",3618,3613,3585,-0.00912106135986733
"2324","2324",2007,1982,2515,0.253114100647733
"2325","2325",4200,4203,3739,-0.109761904761905
"2326","2326",5065,5028,5017,-0.00947680157946693
"2327","2327",3696,3790,3619,-0.0208333333333333
"2328","2328",1777,1396,1494,-0.159257175014069
"7243","7243",1777,1396,1494,-0.159257175014069
"17309","17309",1777,1396,1494,-0.159257175014069
"2329","2329",2947,3044,2434,-0.174075330844927
"2330","2330",1389,1389,1389,0
"2331","2331",503,503,643,0.278330019880716
"2332","2332",3037,4051,4083,0.344418834376029
"2333","2333",3347,3889,3677,0.0985957573946818
"2334","2334",944,909,911,-0.0349576271186441
"11493","11493",944,909,911,-0.0349576271186441
"2335","2335",1525,1524,1524,-0.000655737704918033
"2336","2336",5323,5684,4751,-0.10745820026301
"2337","2337",2893,2732,2768,-0.0432077428275147
"2338","2338",5125,5133,5488,0.0708292682926829
"2339","2339",4692,5470,5378,0.146206308610401
"2340","2340",2152,2165,2162,0.00464684014869888
"2341","2341",6847,6657,6642,-0.029940119760479
"2342","2342",2782,2782,2740,-0.01509705248023
"2343","2343",3442,3442,3441,-0.000290528762347472
"2344","2344",4696,4937,4648,-0.010221465076661
"19172","19172",4696,4937,4648,-0.010221465076661
"2346","2346",1517,1560,1558,0.027027027027027
"2347","2347",986,962,1175,0.191683569979716
"2628","2628",986,962,1175,0.191683569979716
"15030","15030",986,962,1175,0.191683569979716
"2348","2348",2127,1979,1963,-0.077103902209685
"2349","2349",2518,2518,2517,-0.00039714058776807
"2350","2350",3488,3492,2874,-0.176032110091743
"2351","2351",7401,7514,7393,-0.0010809350087826
"2353","2353",1615,1115,2018,0.24953560371517
"8748","8748",1615,1115,2018,0.24953560371517
"2354","2354",5013,5013,5065,0.0103730301216836
"2355","2355",5018,4912,4791,-0.0452371462734157
"2356","2356",3156,3379,3736,0.183776932826362
"2357","2357",1587,1355,1266,-0.20226843100189
"13678","13678",1587,1355,1266,-0.20226843100189
"2358","2358",8214,8158,8080,-0.0163136109082055
"2359","2359",3344,3455,3427,0.0248205741626794
"8102","8102",3344,3455,3427,0.0248205741626794
"2360","2360",1127,1127,1388,0.231588287488909
"2362","2362",4834,4834,3970,-0.178733967728589
"2363","2363",2893,3231,2544,-0.120636017974421
"2364","2364",11016,10973,11113,0.00880537400145243
"2365","2365",2366,2341,2381,0.00633981403212172
"2366","2366",2714,2712,2741,0.00994841562269713
"2367","2367",963,1300,1518,0.576323987538941
"2368","2368",2641,2569,2550,-0.0344566452101477
"7310","7310",2641,2569,2550,-0.0344566452101477
"2369","2369",10812,10033,9682,-0.104513503514613
"2370","2370",4814,4692,2904,-0.396759451599501
"2371","2371",2482,2511,1981,-0.201853344077357
"2372","2372",5795,5751,5551,-0.0421052631578947
"2373","2373",680,680,680,0
"2374","2374",2136,2436,2504,0.172284644194757
"13671","13671",2136,2436,2504,0.172284644194757
"2375","2375",4268,4905,4636,0.0862230552952202
"2376","2376",4485,4570,4494,0.0020066889632107
"2377","2377",3145,3074,3584,0.139586645468998
"2378","2378",5787,5738,5740,-0.00812165197857266
"2379","2379",8663,8651,8258,-0.0467505483088999
"2380","2380",3870,4249,3952,0.0211886304909561
"2381","2381",2628,2624,2624,-0.0015220700152207
"2382","2382",6455,6391,6763,0.047714949651433
"2383","2383",1637,1573,1542,-0.0580329871716555
"2384","2384",1586,1509,1512,-0.0466582597730139
"12188","12188",1586,1509,1512,-0.0466582597730139
"2385","2385",3149,3149,3002,-0.0466814861860908
"2386","2386",2161,1937,2150,-0.00509023600185099
"2387","2387",3882,3904,3906,0.00618238021638331
"2388","2388",792,792,785,-0.00883838383838384
"11666","11666",792,792,785,-0.00883838383838384
"2389","2389",2151,2154,2153,0.000929800092980009
"2390","2390",6260,7063,6243,-0.00271565495207668
"2391","2391",2646,2665,2292,-0.133786848072562
"2392","2392",2997,2845,2988,-0.003003003003003
"2393","2393",1339,1574,1532,0.144137415982076
"5992","5992",1339,1574,1532,0.144137415982076
"2394","2394",1552,1517,1536,-0.0103092783505155
"10398","10398",1552,1517,1536,-0.0103092783505155
"2395","2395",4576,4569,4715,0.0303758741258741
"2396","2396",1372,1371,1399,0.0196793002915452
"4903","4903",1372,1371,1399,0.0196793002915452
"2397","2397",2433,2594,2594,0.0661734484175915
"2398","2398",3462,4005,3808,0.0999422299248989
"2399","2399",5363,5404,5387,0.00447510721611039
"2400","2400",1830,1574,1665,-0.0901639344262295
"2401","2401",3160,3157,3141,-0.0060126582278481
"2402","2402",2457,2534,2223,-0.0952380952380952
"2403","2403",7118,7279,7269,0.0212138241078955
"2404","2404",2354,2648,2324,-0.0127442650807137
"2405","2405",1259,1076,1064,-0.154884829229547
"4235","4235",1259,1076,1064,-0.154884829229547
"9947","9947",1259,1076,1064,-0.154884829229547
"2406","2406",2232,2327,2298,0.0295698924731183
"10683","10683",2232,2327,2298,0.0295698924731183
"15139","15139",2232,2327,2298,0.0295698924731183
"18364","18364",2232,2327,2298,0.0295698924731183
"2407","2407",2071,2224,1980,-0.0439401255432158
"2409","2409",2454,1939,2115,-0.138141809290954
"2410","2410",2549,2500,2410,-0.0545311887014516
"2411","2411",4002,4092,4284,0.0704647676161919
"2412","2412",5289,5289,5289,0
"2413","2413",2243,2242,2195,-0.0213999108337049
"2414","2414",6151,6140,5802,-0.0567387416680215
"2415","2415",3215,3157,3104,-0.0345256609642302
"2416","2416",6815,7227,6551,-0.0387380777696258
"19450","19450",6815,7227,6551,-0.0387380777696258
"2417","2417",739,621,621,-0.159675236806495
"2418","2418",2339,2393,2392,0.0226592560923472
"2419","2419",2279,2468,2207,-0.0315928038613427
"2420","2420",2589,2595,2595,0.00231749710312862
"2421","2421",1832,1832,1832,0
"2422","2422",3868,4076,4867,0.258273009307135
"2423","2423",1405,1402,1503,0.0697508896797153
"2424","2424",1908,1909,1596,-0.163522012578616
"2426","2426",2970,3170,2897,-0.0245791245791246
"2427","2427",5488,5475,4304,-0.215743440233236
"2428","2428",4723,4721,4519,-0.0431928858776202
"2429","2429",4587,4526,4296,-0.0634401569653368
"2430","2430",1791,2208,1958,0.0932439977666108
"2431","2431",5890,5891,5140,-0.127334465195246
"2432","2432",3254,3340,3182,-0.0221266133988937
"2433","2433",3554,3645,3687,0.0374226223972988
"2434","2434",4438,4673,4805,0.0826949076160433
"2435","2435",1044,1016,1020,-0.0229885057471264
"2436","2436",7898,7714,7863,-0.00443150164598633
"2437","2437",1599,2031,1853,0.1588492808005
"2438","2438",4700,4680,4607,-0.0197872340425532
"2439","2439",1542,1637,1631,0.0577172503242542
"2440","2440",3752,3751,4336,0.155650319829424
"2441","2441",3945,4019,3643,-0.076552598225602
"2442","2442",3048,3861,3984,0.307086614173228
"2443","2443",1054,1126,1241,0.17741935483871
"2444","2444",2593,2589,2030,-0.217123023524875
"2445","2445",2527,2561,2584,0.0225563909774436
"6667","6667",2527,2561,2584,0.0225563909774436
"2446","2446",4348,4392,4607,0.0595676172953082
"2447","2447",1267,1297,1150,-0.0923441199684294
"2448","2448",1921,1896,1897,-0.0124934929724102
"2449","2449",2631,2631,2631,0
"2450","2450",2235,2206,2779,0.243400447427293
"2451","2451",6114,6642,6465,0.0574092247301276
"2452","2452",3489,3374,3374,-0.0329607337345944
"2453","2453",4204,4247,3359,-0.200999048525214
"2454","2454",3293,3293,3207,-0.0261160036440935
"2455","2455",2369,2043,2178,-0.0806247361756015
"2456","2456",3098,3223,2925,-0.0558424790187218
"2457","2457",3111,3125,2736,-0.120540019286403
"5884","5884",3111,3125,2736,-0.120540019286403
"2458","2458",3972,3975,3802,-0.0427995971802618
"2459","2459",3677,4425,3905,0.0620070709817786
"2460","2460",3671,3673,3170,-0.136475074911468
"2461","2461",1068,1190,1189,0.113295880149813
"7704","7704",1068,1190,1189,0.113295880149813
"2462","2462",2876,2879,2828,-0.0166898470097357
"2463","2463",10465,10452,9972,-0.0471094123268036
"2464","2464",2083,1929,2028,-0.0264042246759482
"2465","2465",5407,5407,6347,0.173848714629184
"2466","2466",1651,1753,1753,0.0617807389460933
"2467","2467",1281,1251,1288,0.00546448087431694
"2468","2468",4522,5372,4374,-0.0327288810260946
"2469","2469",2705,2705,3257,0.204066543438078
"2470","2470",2765,2760,3541,0.280650994575045
"2471","2471",1800,1800,1730,-0.0388888888888889
"2472","2472",4771,4768,4798,0.00565919094529449
"2473","2473",1308,1522,1523,0.164373088685015
"2474","2474",1323,1323,1326,0.00226757369614512
"2475","2475",1914,2348,2340,0.22257053291536
"2476","2476",1392,1494,1480,0.0632183908045977
"2477","2477",3090,2873,2919,-0.0553398058252427
"2478","2478",4739,3518,4193,-0.115214180206795
"2479","2479",1687,1680,1694,0.004149377593361
"2480","2480",1343,1049,1166,-0.131794489947878
"2481","2481",1539,1539,1519,-0.0129954515919428
"2482","2482",4795,4846,4677,-0.0246089676746611
"2483","2483",2522,2523,2523,0.000396510705789056
"2484","2484",3369,3819,3824,0.135054912436925
"2485","2485",2343,2666,2344,0.000426803243704652
"2486","2486",2506,2506,2452,-0.0215482841181165
"2487","2487",2866,2729,2966,0.0348918353105373
"2488","2488",5148,5098,4966,-0.0353535353535354
"2489","2489",6622,6781,6171,-0.0681063122923588
"2490","2490",3610,3280,3280,-0.0914127423822715
"2491","2491",2825,2833,2833,0.00283185840707965
"2492","2492",1617,1779,1606,-0.00680272108843537
"2493","2493",4043,3812,4229,0.0460054415038338
"2494","2494",3542,3619,3426,-0.0327498588368154
"2495","2495",2930,3042,3103,0.0590443686006826
"5768","5768",2930,3042,3103,0.0590443686006826
"10549","10549",2930,3042,3103,0.0590443686006826
"2496","2496",2603,2604,2612,0.00345754898194391
"2497","2497",4085,4070,4012,-0.0178702570379437
"2499","2499",2369,2369,1623,-0.314900802026171
"2500","2500",8807,8651,8870,0.00715340070398547
"2501","2501",1493,1493,1493,0
"2502","2502",3206,3445,3446,0.0748596381784155
"11629","11629",3206,3445,3446,0.0748596381784155
"2503","2503",3064,3993,4054,0.323107049608355
"2504","2504",4366,4346,4334,-0.00732936326156665
"2505","2505",5166,5360,5670,0.0975609756097561
"2506","2506",4475,4999,3683,-0.176983240223464
"2507","2507",3481,3481,3479,-0.00057454754380925
"2508","2508",4468,4223,4452,-0.0035810205908684
"2906","2906",4468,4223,4452,-0.0035810205908684
"2509","2509",2213,2218,2218,0.00225937641211026
"2510","2510",1974,2188,2061,0.0440729483282675
"8937","8937",1974,2188,2061,0.0440729483282675
"2511","2511",3978,4605,4061,0.0208647561588738
"14582","14582",3978,4605,4061,0.0208647561588738
"2512","2512",2987,3235,3176,0.0632741881486441
"2513","2513",3719,3719,3681,-0.0102178004840011
"2514","2514",3511,3437,3466,-0.0128168612930789
"18931","18931",3511,3437,3466,-0.0128168612930789
"2515","2515",3585,3161,3162,-0.117991631799163
"2516","2516",2428,2724,2388,-0.0164744645799012
"2517","2517",2414,2115,2351,-0.0260977630488815
"3574","3574",2414,2115,2351,-0.0260977630488815
"2518","2518",3191,2845,3033,-0.0495142588530241
"2519","2519",4628,4486,4880,0.0544511668107174
"2520","2520",1652,1652,1598,-0.0326876513317191
"2521","2521",2133,2478,2192,0.0276605719643694
"5501","5501",2133,2478,2192,0.0276605719643694
"2522","2522",2170,2061,2251,0.0373271889400922
"2523","2523",2835,2500,2420,-0.146384479717813
"18460","18460",2835,2500,2420,-0.146384479717813
"2525","2525",2637,2449,2449,-0.0712931361395525
"2526","2526",10864,11391,10054,-0.0745581737849779
"2527","2527",4346,4415,4172,-0.0400368154624942
"2528","2528",3340,3346,3343,0.000898203592814371
"2529","2529",5795,6651,6163,0.0635030198446937
"2530","2530",432,569,615,0.423611111111111
"2531","2531",1567,1566,2208,0.409061901723038
"2532","2532",5301,4632,4839,-0.0871533672891907
"2533","2533",4185,4223,3029,-0.276224611708483
"2534","2534",5148,5153,5116,-0.00621600621600622
"2535","2535",3683,3686,3686,0.000814553353244638
"2536","2536",1325,1325,1316,-0.00679245283018868
"2537","2537",2796,2869,2844,0.0171673819742489
"2538","2538",5743,5671,5653,-0.0156712519589065
"2539","2539",875,875,875,0
"2540","2540",9861,10373,12472,0.264780448230403
"2541","2541",1843,1843,1856,0.00705371676614216
"2542","2542",1756,1863,1626,-0.0740318906605923
"2543","2543",2546,2546,2341,-0.0805184603299293
"2544","2544",2755,2852,2680,-0.0272232304900181
"2545","2545",2078,2087,2125,0.0226179018286814
"5170","5170",2078,2087,2125,0.0226179018286814
"2546","2546",8241,7890,7171,-0.129838611818954
"2547","2547",8608,8124,8130,-0.0555297397769517
"2548","2548",2952,2952,2942,-0.00338753387533875
"2549","2549",5676,5676,5785,0.0192036645525018
"2550","2550",5711,5695,5282,-0.0751181929609526
"2551","2551",3949,3591,3589,-0.0911623195745758
"2552","2552",1354,1354,1303,-0.0376661742983752
"2553","2553",1248,1266,1266,0.0144230769230769
"2554","2554",1621,1622,1627,0.00370141887723627
"2555","2555",2445,2445,2444,-0.000408997955010225
"2556","2556",1383,1640,1597,0.154736080983369
"2557","2557",3269,3278,3261,-0.00244723156928724
"2558","2558",2584,2556,2564,-0.00773993808049536
"2559","2559",1375,1626,1763,0.282181818181818
"4237","4237",1375,1626,1763,0.282181818181818
"7108","7108",1375,1626,1763,0.282181818181818
"9100","9100",1375,1626,1763,0.282181818181818
"2560","2560",570,552,693,0.215789473684211
"2561","2561",1190,1190,1190,0
"2562","2562",2669,2665,2653,-0.00599475458973398
"2563","2563",1670,1840,1664,-0.00359281437125748
"9025","9025",1670,1840,1664,-0.00359281437125748
"11903","11903",1670,1840,1664,-0.00359281437125748
"16315","16315",1670,1840,1664,-0.00359281437125748
"2564","2564",4568,5115,4983,0.0908493870402802
"2565","2565",2169,1899,1952,-0.100046104195482
"5508","5508",2169,1899,1952,-0.100046104195482
"2566","2566",3118,3123,3206,0.0282232200128287
"2567","2567",1680,1680,1825,0.0863095238095238
"2568","2568",5216,5215,5324,0.0207055214723926
"2569","2569",3839,3770,3841,0.000520969002344361
"2570","2570",3290,3158,3567,0.0841945288753799
"2571","2571",1083,1068,1068,-0.0138504155124654
"2572","2572",2450,2416,2468,0.0073469387755102
"2573","2573",1575,1574,1604,0.0184126984126984
"7303","7303",1575,1574,1604,0.0184126984126984
"2574","2574",7572,7734,7727,0.0204701531959852
"2575","2575",7420,7056,6766,-0.0881401617250674
"2576","2576",4907,5003,4961,0.0110046871815773
"2577","2577",4281,4281,3668,-0.14319084326092
"2578","2578",1693,1693,1550,-0.0844654459539279
"2579","2579",2260,2761,2406,0.0646017699115044
"2580","2580",2851,2851,2830,-0.00736583654857945
"2581","2581",808,808,959,0.186881188118812
"2582","2582",997,997,956,-0.041123370110331
"2583","2583",2394,2552,2130,-0.110275689223058
"2584","2584",1660,1817,1911,0.151204819277108
"4875","4875",1660,1817,1911,0.151204819277108
"2585","2585",5805,4888,4886,-0.158311800172265
"2586","2586",2217,2238,2187,-0.013531799729364
"2587","2587",2952,3175,2833,-0.0403116531165312
"2588","2588",4475,4088,4602,0.0283798882681564
"2589","2589",2633,2633,2692,0.0224078997341436
"2590","2590",4765,4753,4720,-0.00944386149003148
"2591","2591",8530,8318,7809,-0.0845252051582649
"2592","2592",3270,2536,2287,-0.300611620795107
"10484","10484",3270,2536,2287,-0.300611620795107
"15612","15612",3270,2536,2287,-0.300611620795107
"2593","2593",3047,3047,2629,-0.137184115523466
"2594","2594",2533,2575,2521,-0.00473746545598105
"2595","2595",2619,2925,2769,0.0572737686139748
"2596","2596",3180,2628,2626,-0.174213836477987
"2597","2597",5342,5310,5082,-0.0486709097716211
"2598","2598",1878,1878,1878,0
"2599","2599",7976,7819,7339,-0.079864593781344
"2600","2600",7191,6808,6959,-0.032262550410235
"2601","2601",6377,6377,5484,-0.140034498980712
"2602","2602",9187,9197,9087,-0.0108849461195167
"2603","2603",2235,2234,2120,-0.0514541387024608
"12776","12776",2235,2234,2120,-0.0514541387024608
"2604","2604",6011,6257,6224,0.0354350357677591
"2605","2605",5219,5219,5152,-0.0128377083732516
"2606","2606",4110,4291,3988,-0.029683698296837
"2607","2607",2948,3540,2546,-0.136363636363636
"2608","2608",4612,4606,4409,-0.0440156114483955
"2609","2609",1790,1790,1574,-0.120670391061453
"2611","2611",3364,3645,4000,0.189060642092747
"2612","2612",6403,6335,6278,-0.0195220990160862
"2613","2613",9606,9596,9048,-0.0580886945658963
"2614","2614",2133,2133,2075,-0.0271917487107361
"2615","2615",1363,1395,1404,0.0300807043286867
"2616","2616",3966,4384,4516,0.138678769541099
"2617","2617",3223,3201,2604,-0.192057089668011
"3130","3130",3223,3201,2604,-0.192057089668011
"2618","2618",1825,1825,1709,-0.0635616438356164
"2619","2619",2472,2423,2405,-0.0271035598705502
"2620","2620",3633,3671,3536,-0.0266996972199284
"2621","2621",1711,1712,2119,0.238457042665108
"2622","2622",1739,1543,1527,-0.121909143185739
"2623","2623",3597,3479,3452,-0.0403113705865999
"2624","2624",5788,5771,5771,-0.00293711126468556
"16400","16400",5788,5771,5771,-0.00293711126468556
"2625","2625",2335,3357,2337,0.000856531049250535
"2626","2626",962,986,986,0.0249480249480249
"2627","2627",3999,3904,3954,-0.0112528132033008
"17829","17829",3999,3904,3954,-0.0112528132033008
"2629","2629",1914,1856,1850,-0.0334378265412748
"2630","2630",4234,4193,4239,0.00118091639111951
"2631","2631",1693,1687,1672,-0.0124040165386887
"2632","2632",3233,3233,3272,0.0120630992885865
"2633","2633",2481,2481,2478,-0.00120918984280532
"2634","2634",2288,2288,2288,0
"2635","2635",5486,5620,5675,0.0344513306598615
"2636","2636",6449,5984,5670,-0.120793921538223
"2637","2637",2843,2764,2888,0.0158283503341541
"2638","2638",3521,3938,3554,0.00937233740414655
"2639","2639",1811,1084,1157,-0.361126449475428
"12817","12817",1811,1084,1157,-0.361126449475428
"2640","2640",1383,1383,1864,0.347794649313088
"2641","2641",5907,5907,5907,0
"2642","2642",5113,5173,5064,-0.00958341482495599
"2643","2643",4474,4474,4520,0.0102816271792579
"2644","2644",3908,3967,3514,-0.100818833162743
"2645","2645",1338,1401,1545,0.154708520179372
"7297","7297",1338,1401,1545,0.154708520179372
"2646","2646",3962,3962,4104,0.0358404846037355
"2647","2647",4557,4352,4352,-0.0449857362299759
"2648","2648",5946,5946,5108,-0.140935082408342
"2649","2649",1085,955,955,-0.119815668202765
"2650","2650",6468,6435,6187,-0.0434446505875077
"2651","2651",4999,3129,3799,-0.24004800960192
"2652","2652",3239,3240,3205,-0.0104970669959864
"2653","2653",2862,2862,2866,0.00139762403913347
"2654","2654",1809,2112,1910,0.0558319513543394
"18897","18897",1809,2112,1910,0.0558319513543394
"2655","2655",2060,2060,2237,0.0859223300970874
"2656","2656",3219,3162,3162,-0.0177073625349487
"2657","2657",3184,3245,3363,0.0562185929648241
"2658","2658",1969,1859,1917,-0.026409344845099
"6939","6939",1969,1859,1917,-0.026409344845099
"2659","2659",4982,4414,4634,-0.06985146527499
"2660","2660",2788,2685,2483,-0.109397417503587
"8063","8063",2788,2685,2483,-0.109397417503587
"2661","2661",1486,1484,1449,-0.0248990578734859
"2662","2662",4417,3179,3490,-0.209870953135612
"4486","4486",4417,3179,3490,-0.209870953135612
"2663","2663",1308,1348,1302,-0.00458715596330275
"2664","2664",5301,5301,4604,-0.13148462554235
"2665","2665",3932,3731,2483,-0.368514750762971
"2666","2666",6131,6150,6142,0.00179416082205187
"2667","2667",3781,3610,3730,-0.0134884951071145
"2668","2668",2658,2702,2701,0.0161775771256584
"2669","2669",9034,9483,8856,-0.0197033429267213
"2670","2670",1649,1792,1462,-0.11340206185567
"2671","2671",7264,7886,7597,0.0458425110132159
"2672","2672",5291,6238,5223,-0.0128520128520129
"2673","2673",2399,2399,2373,-0.0108378491037932
"2674","2674",2543,2852,2732,0.0743216673220606
"2675","2675",4496,4400,4223,-0.060720640569395
"2676","2676",4435,4466,4464,0.00653889515219842
"2677","2677",9245,9272,9419,0.0188209843158464
"2678","2678",1102,1215,1211,0.0989110707803993
"2679","2679",2492,2374,2319,-0.069422150882825
"2680","2680",1554,1729,1662,0.0694980694980695
"2681","2681",7853,7978,9651,0.228957086463772
"2682","2682",2134,2769,2315,0.0848172446110591
"5982","5982",2134,2769,2315,0.0848172446110591
"7709","7709",2134,2769,2315,0.0848172446110591
"8115","8115",2134,2769,2315,0.0848172446110591
"2683","2683",2559,2618,3062,0.196561156701837
"2684","2684",10728,10605,10879,0.0140753169276659
"2685","2685",1386,1386,1189,-0.142135642135642
"2686","2686",2701,2652,2189,-0.189559422436135
"2687","2687",3067,3067,3033,-0.0110857515487447
"2688","2688",1093,1053,1053,-0.0365965233302836
"2689","2689",2694,2384,2277,-0.154788418708241
"18042","18042",2694,2384,2277,-0.154788418708241
"2690","2690",2267,2267,2267,0
"2691","2691",4673,4699,4029,-0.137812968114701
"2692","2692",2648,2648,2192,-0.172205438066465
"2693","2693",1802,1717,1672,-0.072142064372919
"2694","2694",5115,5154,5213,0.0191593352883675
"2695","2695",3752,3756,3412,-0.0906183368869936
"2696","2696",3079,2960,3547,0.151997401753816
"2697","2697",4867,4865,4425,-0.090815697554962
"2698","2698",2445,3076,2877,0.176687116564417
"2699","2699",5315,5344,4377,-0.176481655691439
"2700","2700",9190,9298,9253,0.00685527747551687
"2701","2701",2539,2539,2209,-0.129972430090587
"2702","2702",919,1507,1414,0.538628944504897
"10901","10901",919,1507,1414,0.538628944504897
"2703","2703",3188,3290,3246,0.0181932245922208
"2704","2704",11217,11167,11740,0.0466256574841758
"2705","2705",3094,3403,3403,0.0998707175177763
"2706","2706",1064,1208,1352,0.270676691729323
"13573","13573",1064,1208,1352,0.270676691729323
"2707","2707",3081,2357,2103,-0.317429406037001
"2708","2708",1719,1806,1681,-0.0221058755090169
"2709","2709",4572,4556,4831,0.0566491688538933
"11895","11895",4572,4556,4831,0.0566491688538933
"2710","2710",2194,1808,1837,-0.162716499544211
"2711","2711",3326,3326,3327,0.000300661455201443
"2712","2712",3792,3976,4464,0.177215189873418
"2713","2713",3923,4081,3828,-0.0242161611011981
"2714","2714",4273,4285,4276,0.000702082845775802
"2715","2715",3304,2898,2973,-0.100181598062954
"2716","2716",1968,2506,2505,0.272865853658537
"2717","2717",1309,1090,1090,-0.167303284950344
"2718","2718",2097,2038,2067,-0.0143061516452074
"2719","2719",2176,2164,2161,-0.00689338235294118
"2720","2720",6532,5567,6415,-0.0179118187385181
"2721","2721",3520,3445,3276,-0.0693181818181818
"2722","2722",8279,8635,7262,-0.122840922816765
"2723","2723",2369,2408,2195,-0.0734487125369354
"15207","15207",2369,2408,2195,-0.0734487125369354
"2724","2724",2650,2510,2521,-0.0486792452830189
"10288","10288",2650,2510,2521,-0.0486792452830189
"2725","2725",6257,6392,7407,0.183794150551382
"2726","2726",3023,3010,3010,-0.00430036387694343
"2727","2727",2723,2904,2538,-0.0679397723099523
"2728","2728",1161,1239,1253,0.0792420327304048
"2729","2729",4228,4228,3488,-0.175023651844844
"2730","2730",1581,1829,1742,0.101834282099937
"2731","2731",2143,2182,2180,0.0172655156322912
"2732","2732",2105,3183,2352,0.117339667458432
"2733","2733",3286,3269,3258,-0.00852099817407182
"2734","2734",4837,4837,4696,-0.0291502997725863
"2736","2736",3020,3160,2895,-0.0413907284768212
"2737","2737",2768,2804,2764,-0.00144508670520231
"2738","2738",1657,1657,1442,-0.129752564876282
"2739","2739",2810,2814,3272,0.1644128113879
"2740","2740",4599,5136,4503,-0.0208741030658839
"2741","2741",4042,4022,3923,-0.0294408708560119
"2742","2742",2717,2718,3349,0.232609495767391
"2743","2743",2669,2731,2669,0
"16961","16961",2669,2731,2669,0
"2744","2744",1314,1214,1945,0.480213089802131
"2745","2745",1863,1953,1911,0.0257648953301127
"3186","3186",1863,1953,1911,0.0257648953301127
"2746","2746",1021,1021,1021,0
"12327","12327",1021,1021,1021,0
"2747","2747",2396,2390,2411,0.00626043405676127
"2748","2748",3254,3193,3055,-0.0611555009219422
"2749","2749",1854,2049,2114,0.140237324703344
"2750","2750",4315,5042,4802,0.112862108922364
"2751","2751",1674,1674,1575,-0.0591397849462366
"14617","14617",1674,1674,1575,-0.0591397849462366
"2752","2752",4030,4030,4029,-0.000248138957816377
"2753","2753",2764,3254,2455,-0.111794500723589
"2754","2754",1562,1562,1546,-0.0102432778489117
"2755","2755",2181,2157,2843,0.303530490600642
"2756","2756",4957,5119,5718,0.153520274359492
"2757","2757",5684,5679,5826,0.0249824067558058
"2758","2758",3022,2927,2925,-0.0320979483785572
"2759","2759",2619,2618,2791,0.0656739213440244
"2760","2760",3064,2552,3019,-0.0146866840731071
"2761","2761",1271,1299,1300,0.022816679779701
"2762","2762",3020,3057,3353,0.110264900662252
"2763","2763",1164,1164,1165,0.000859106529209622
"2764","2764",2452,2450,2441,-0.00448613376835237
"2765","2765",3055,3239,2926,-0.0422258592471358
"2766","2766",1875,1884,2225,0.186666666666667
"15678","15678",1875,1884,2225,0.186666666666667
"17137","17137",1875,1884,2225,0.186666666666667
"2767","2767",2378,2369,2367,-0.00462573591253154
"2768","2768",1996,1972,1965,-0.0155310621242485
"2769","2769",3109,2406,2412,-0.224187841749759
"10666","10666",3109,2406,2412,-0.224187841749759
"2770","2770",1232,1249,1200,-0.025974025974026
"12990","12990",1232,1249,1200,-0.025974025974026
"2771","2771",9419,10618,9997,0.0613653254060941
"2772","2772",1558,1559,1424,-0.086007702182285
"2773","2773",1507,1471,1890,0.254147312541473
"2774","2774",4639,3862,4835,0.0422504850183229
"2775","2775",7877,7860,8491,0.0779484575345944
"2776","2776",1552,1553,1384,-0.108247422680412
"2777","2777",4555,4751,3875,-0.149286498353458
"3231","3231",4555,4751,3875,-0.149286498353458
"2778","2778",5426,5408,4962,-0.085514190932547
"2779","2779",2477,1933,2644,0.0674202664513524
"2780","2780",1346,1402,1472,0.0936106983655275
"2781","2781",1376,1318,1317,-0.0428779069767442
"11619","11619",1376,1318,1317,-0.0428779069767442
"14641","14641",1376,1318,1317,-0.0428779069767442
"2782","2782",1533,1717,1490,-0.0280495759947815
"3465","3465",1533,1717,1490,-0.0280495759947815
"3946","3946",1533,1717,1490,-0.0280495759947815
"2783","2783",3001,2997,2994,-0.00233255581472842
"2784","2784",2117,2123,1608,-0.240434577231932
"2785","2785",711,796,932,0.310829817158931
"19712","19712",711,796,932,0.310829817158931
"2786","2786",2484,2041,2148,-0.135265700483092
"12466","12466",2484,2041,2148,-0.135265700483092
"16985","16985",2484,2041,2148,-0.135265700483092
"2787","2787",3148,3150,3149,0.000317662007623888
"2788","2788",3165,3171,2945,-0.0695102685624013
"2789","2789",3138,2651,3045,-0.0296367112810707
"2790","2790",4520,5094,5122,0.133185840707965
"2791","2791",1698,1702,1884,0.109540636042403
"2792","2792",2065,2104,2134,0.0334140435835351
"2793","2793",2082,2082,1791,-0.139769452449568
"2859","2859",2082,2082,1791,-0.139769452449568
"2794","2794",4223,4514,3843,-0.0899834241060857
"2795","2795",2918,2846,2888,-0.0102810143934202
"2796","2796",3239,2750,2849,-0.120407533189256
"2797","2797",1216,1651,1576,0.296052631578947
"8098","8098",1216,1651,1576,0.296052631578947
"2798","2798",2005,1861,1890,-0.057356608478803
"2799","2799",1497,1801,1812,0.210420841683367
"2800","2800",4899,4879,4898,-0.000204123290467442
"2801","2801",4895,4691,4842,-0.0108273748723187
"2802","2802",3371,3165,3039,-0.0984870958172649
"2804","2804",2893,2791,2788,-0.0362945039751123
"2805","2805",2057,2835,2836,0.378706854642683
"2806","2806",2084,2141,2219,0.0647792706333973
"2807","2807",2952,3083,2947,-0.00169376693766938
"2808","2808",3308,4135,3331,0.00695284159613059
"2809","2809",6043,6819,5286,-0.125268906172431
"2810","2810",4375,4375,4378,0.000685714285714286
"2811","2811",2044,2011,2063,0.00929549902152642
"2812","2812",2805,2896,3802,0.355436720142602
"2814","2814",2348,2159,2161,-0.0796422487223169
"2815","2815",1673,1546,1475,-0.118350268977884
"2816","2816",1658,1489,1489,-0.101930036188179
"2817","2817",2131,2765,2637,0.237447207883623
"2818","2818",3767,4082,4058,0.077249800902575
"8790","8790",3767,4082,4058,0.077249800902575
"2819","2819",2210,2210,2270,0.0271493212669683
"7453","7453",2210,2210,2270,0.0271493212669683
"2820","2820",7570,7732,7657,0.0114927344782034
"2821","2821",1906,1906,2798,0.467995802728227
"2822","2822",2270,1975,2604,0.147136563876652
"13918","13918",2270,1975,2604,0.147136563876652
"2823","2823",1874,1927,2032,0.0843116328708645
"2824","2824",5027,5093,5145,0.023473244479809
"2825","2825",2199,2199,2115,-0.0381991814461119
"2826","2826",3293,3415,3482,0.0573944731248102
"7734","7734",3293,3415,3482,0.0573944731248102
"2827","2827",10064,10055,9475,-0.0585254372019078
"2828","2828",1902,2067,1894,-0.00420609884332282
"2829","2829",7112,7214,7521,0.0575084364454443
"2830","2830",1092,1152,1152,0.0549450549450549
"19847","19847",1092,1152,1152,0.0549450549450549
"2831","2831",3531,3531,3965,0.122911356556216
"2832","2832",339,459,696,1.05309734513274
"2833","2833",3313,3131,3298,-0.00452761847268337
"2834","2834",6687,6687,6457,-0.0343950949603709
"2835","2835",1956,2336,1914,-0.0214723926380368
"2836","2836",2850,2769,2769,-0.0284210526315789
"2837","2837",3577,3511,3411,-0.0464076041375454
"2838","2838",1730,1731,1601,-0.0745664739884393
"2839","2839",1764,1551,1590,-0.0986394557823129
"2853","2853",1764,1551,1590,-0.0986394557823129
"8858","8858",1764,1551,1590,-0.0986394557823129
"2840","2840",2493,2009,2442,-0.0204572803850782
"2841","2841",5469,5763,5354,-0.0210276101663924
"2842","2842",5818,5439,5057,-0.130800962530079
"2843","2843",1504,1673,1617,0.0751329787234043
"2844","2844",2680,2680,2572,-0.0402985074626866
"2845","2845",1414,1728,1849,0.307637906647808
"2846","2846",2737,2766,2745,0.00292290829375228
"2847","2847",6831,6957,6593,-0.0348411652759479
"2848","2848",3317,3317,3336,0.00572806753090142
"2849","2849",2099,1971,1858,-0.114816579323487
"2850","2850",3560,4011,4022,0.129775280898876
"2851","2851",6962,6823,7515,0.0794311979316288
"2852","2852",2126,2111,2149,0.0108184383819379
"2854","2854",2362,2361,2321,-0.0173581710414903
"2855","2855",1589,1439,1351,-0.149779735682819
"2856","2856",3886,4091,3886,0
"2857","2857",10437,10429,9881,-0.0532720130305643
"2858","2858",2598,2600,2162,-0.167821401077752
"2860","2860",2426,2001,1974,-0.186314921681781
"2861","2861",3730,3737,3817,0.0233243967828418
"2862","2862",2060,2060,2060,0
"2863","2863",2402,2304,2189,-0.0886761032472939
"2864","2864",6850,7230,7260,0.0598540145985401
"2865","2865",1467,1467,1409,-0.0395364689843217
"2866","2866",2086,2009,2009,-0.0369127516778524
"2867","2867",4180,4182,4335,0.0370813397129187
"2868","2868",1916,1744,1744,-0.0897703549060543
"2869","2869",3939,3391,3390,-0.139375476009139
"2870","2870",3890,3839,3350,-0.138817480719794
"2871","2871",2233,2211,2212,-0.00940438871473354
"2872","2872",4421,4423,4652,0.0522506220312147
"2873","2873",3990,4519,3943,-0.0117794486215539
"2874","2874",1737,1588,1600,-0.0788716177317214
"9097","9097",1737,1588,1600,-0.0788716177317214
"2875","2875",4041,4428,3587,-0.112348428606781
"2876","2876",6491,6683,5750,-0.114158065013095
"2877","2877",1841,1636,2802,0.521998913633895
"8034","8034",1841,1636,2802,0.521998913633895
"13045","13045",1841,1636,2802,0.521998913633895
"19210","19210",1841,1636,2802,0.521998913633895
"2878","2878",1156,1156,1156,0
"2879","2879",3676,3677,3611,-0.0176822633297062
"2880","2880",11596,11508,11169,-0.0368230424284236
"2881","2881",4595,4596,4450,-0.0315560391730141
"2882","2882",2214,2214,1884,-0.149051490514905
"2883","2883",4348,4399,4348,0
"2884","2884",3616,3621,3449,-0.0461836283185841
"17446","17446",3616,3621,3449,-0.0461836283185841
"2885","2885",2555,2814,2753,0.0774951076320939
"14917","14917",2555,2814,2753,0.0774951076320939
"2886","2886",3052,3035,3027,-0.0081913499344692
"2887","2887",3354,3354,3353,-0.000298151460942159
"2888","2888",3062,2994,2598,-0.151534944480732
"6006","6006",3062,2994,2598,-0.151534944480732
"2889","2889",3145,3145,2698,-0.142130365659777
"2890","2890",3350,3199,3873,0.156119402985075
"2891","2891",4019,3653,3690,-0.081861159492411
"2892","2892",3505,3505,3876,0.105848787446505
"2893","2893",5803,6004,5748,-0.00947785628123385
"2894","2894",12169,12093,12149,-0.00164352042074123
"2895","2895",1951,1948,1948,-0.00153767298821117
"2896","2896",2380,2907,2528,0.0621848739495798
"2897","2897",2014,2014,2003,-0.0054617676266137
"2898","2898",3648,3648,3932,0.0778508771929825
"2899","2899",1972,1978,1828,-0.0730223123732252
"14278","14278",1972,1978,1828,-0.0730223123732252
"2900","2900",1267,1254,1254,-0.0102604577742699
"2901","2901",1576,1565,1585,0.00571065989847716
"2902","2902",3522,5350,5349,0.518739352640545
"2903","2903",1871,1871,2105,0.125066809192945
"19792","19792",1871,1871,2105,0.125066809192945
"2904","2904",1268,1268,1265,-0.00236593059936909
"2905","2905",1431,1570,1384,-0.0328441649196366
"5652","5652",1431,1570,1384,-0.0328441649196366
"11175","11175",1431,1570,1384,-0.0328441649196366
"2907","2907",894,894,893,-0.00111856823266219
"2908","2908",1528,1215,1215,-0.204842931937173
"2909","2909",3523,3492,3492,-0.00879931876241839
"2910","2910",7765,7678,7665,-0.0128783000643915
"2911","2911",2858,3033,3147,0.10111966410077
"11940","11940",2858,3033,3147,0.10111966410077
"2912","2912",1693,1693,1693,0
"2913","2913",3316,4349,3676,0.108564535585042
"2914","2914",2401,2402,2403,0.000832986255726781
"2915","2915",4131,4121,4138,0.00169450496247882
"2916","2916",1489,1489,1489,0
"2917","2917",2197,2197,2178,-0.00864815657715066
"2918","2918",3818,3448,3388,-0.112624410686223
"2920","2920",1682,1682,1657,-0.0148632580261593
"2921","2921",2614,2651,2923,0.118209640397858
"2922","2922",6237,6205,6030,-0.0331890331890332
"2923","2923",7126,6720,6417,-0.0994948077462812
"2924","2924",3039,2990,3091,0.0171108917407042
"2925","2925",5596,5596,5593,-0.000536097212294496
"2926","2926",6404,6406,6195,-0.0326358525921299
"2927","2927",5628,5556,5082,-0.0970149253731343
"2928","2928",1936,1996,2284,0.179752066115702
"2929","2929",1404,1404,1465,0.0434472934472935
"17295","17295",1404,1404,1465,0.0434472934472935
"2930","2930",5249,5042,4878,-0.0706801295484854
"2931","2931",2892,2874,2874,-0.00622406639004149
"2932","2932",4710,4374,3575,-0.240976645435244
"17819","17819",4710,4374,3575,-0.240976645435244
"19973","19973",4710,4374,3575,-0.240976645435244
"2933","2933",4227,4152,3872,-0.0839839129406198
"2934","2934",2609,2609,2190,-0.160597930241472
"2935","2935",4579,4741,5000,0.0919414719371042
"2936","2936",2652,2652,2644,-0.00301659125188537
"2937","2937",1758,1758,1753,-0.00284414106939704
"2938","2938",3204,3258,2958,-0.0767790262172285
"2939","2939",1222,1208,1332,0.0900163666121113
"6074","6074",1222,1208,1332,0.0900163666121113
"10603","10603",1222,1208,1332,0.0900163666121113
"15443","15443",1222,1208,1332,0.0900163666121113
"2940","2940",1273,1294,1294,0.016496465043205
"2941","2941",7551,7539,7005,-0.0723083035359555
"2942","2942",4586,5059,4671,0.0185346707370257
"2943","2943",2678,3327,3312,0.236743838685586
"2944","2944",2461,2576,2290,-0.0694839496139781
"2945","2945",821,819,850,0.0353227771010962
"2946","2946",3301,3335,3334,0.00999697061496516
"2947","2947",3771,3397,3333,-0.116149562450278
"2948","2948",9963,10033,9869,-0.00943490916390645
"2949","2949",5182,5368,4882,-0.0578927055191046
"2950","2950",2484,2029,2132,-0.14170692431562
"2951","2951",3305,3375,3184,-0.0366111951588502
"2952","2952",2982,2959,2843,-0.0466130114017438
"2954","2954",2366,2366,2574,0.0879120879120879
"2955","2955",1550,2017,1942,0.252903225806452
"2956","2956",1726,1726,1701,-0.0144843568945539
"2957","2957",3741,3711,3666,-0.0200481154771451
"2958","2958",1661,2637,2526,0.520770620108368
"2959","2959",1498,1149,1165,-0.222296395193591
"2960","2960",1544,1544,1663,0.0770725388601036
"2961","2961",2680,3307,3761,0.403358208955224
"10041","10041",2680,3307,3761,0.403358208955224
"2962","2962",9609,9869,9636,0.00280986575085857
"2963","2963",5236,5236,5531,0.056340718105424
"2964","2964",4857,4843,5703,0.174181593576282
"2965","2965",5875,5500,5224,-0.110808510638298
"2966","2966",3416,3396,3358,-0.0169789227166276
"15784","15784",3416,3396,3358,-0.0169789227166276
"2967","2967",4828,4961,5331,0.104183927091964
"2968","2968",6327,6329,6329,0.000316105579263474
"2969","2969",5499,4403,4678,-0.149299872704128
"2970","2970",3156,2894,2853,-0.0960076045627376
"2971","2971",3528,4154,3440,-0.0249433106575964
"2972","2972",2277,2271,2133,-0.0632411067193676
"10100","10100",2277,2271,2133,-0.0632411067193676
"2973","2973",1387,1783,1542,0.111751982696467
"3963","3963",1387,1783,1542,0.111751982696467
"2974","2974",2230,2335,2341,0.0497757847533632
"2975","2975",1961,1961,1692,-0.137174910759816
"2976","2976",8781,8711,8511,-0.0307482063546293
"2977","2977",1244,1292,1288,0.0353697749196141
"3015","3015",1244,1292,1288,0.0353697749196141
"2978","2978",1840,1792,1328,-0.278260869565217
"13955","13955",1840,1792,1328,-0.278260869565217
"2979","2979",4321,4271,4418,0.0224485072899792
"2980","2980",6139,6044,5773,-0.0596188304284085
"2982","2982",3161,3160,2894,-0.0844669408415059
"2983","2983",1410,1410,1410,0
"2984","2984",5693,5425,5366,-0.0574389601264711
"2985","2985",2272,2298,2246,-0.011443661971831
"2986","2986",4869,5286,4155,-0.14664202094886
"2987","2987",5246,5256,5621,0.0714830346930995
"2988","2988",1142,1052,1398,0.224168126094571
"18808","18808",1142,1052,1398,0.224168126094571
"2989","2989",1239,1239,1344,0.0847457627118644
"9764","9764",1239,1239,1344,0.0847457627118644
"2990","2990",2652,1942,2095,-0.210030165912519
"2991","2991",1939,1953,1969,0.0154718927282104
"2992","2992",2728,3099,3083,0.130131964809384
"2993","2993",2226,2192,1787,-0.197214734950584
"2994","2994",3851,4161,4161,0.0804985717995326
"2995","2995",3810,3577,3274,-0.140682414698163
"2996","2996",4067,4057,4058,-0.00221293336611753
"2997","2997",3674,3822,3821,0.0400108873162765
"2998","2998",4166,4067,4232,0.0158425348055689
"17847","17847",4166,4067,4232,0.0158425348055689
"2999","2999",710,855,694,-0.0225352112676056
"3000","3000",3731,3732,3503,-0.0611096220852318
"3001","3001",1172,1172,1172,0
"3002","3002",1694,1648,1749,0.0324675324675325
"4688","4688",1694,1648,1749,0.0324675324675325
"3003","3003",1567,1567,1572,0.00319081046585833
"8804","8804",1567,1567,1572,0.00319081046585833
"3004","3004",2628,2591,2820,0.0730593607305936
"3005","3005",6529,6530,9295,0.423648338183489
"3006","3006",5589,5592,5923,0.0597602433351226
"3007","3007",6451,6572,6550,0.0153464579135018
"3008","3008",2675,2474,2431,-0.091214953271028
"3009","3009",1073,915,1841,0.715750232991612
"16277","16277",1073,915,1841,0.715750232991612
"3010","3010",4922,4874,5523,0.122104835432751
"3011","3011",2195,2196,1980,-0.0979498861047836
"3012","3012",2276,2447,2436,0.070298769771529
"3013","3013",2524,2524,2697,0.0685419968304279
"3014","3014",2820,2820,2592,-0.0808510638297872
"12352","12352",2820,2820,2592,-0.0808510638297872
"3016","3016",5507,6249,5534,0.00490285091701471
"3017","3017",921,921,845,-0.0825190010857763
"3018","3018",4719,4718,4711,-0.00169527442254715
"3019","3019",1348,1352,1290,-0.043026706231454
"3020","3020",5664,5664,5663,-0.000176553672316384
"3021","3021",2272,2276,2279,0.00308098591549296
"3022","3022",2131,2168,2836,0.330830595964336
"3023","3023",5598,5782,5100,-0.0889603429796356
"3024","3024",4082,4189,4327,0.0600195982361587
"3025","3025",2665,2527,3113,0.168105065666041
"3026","3026",2192,2319,2418,0.103102189781022
"4352","4352",2192,2319,2418,0.103102189781022
"3027","3027",1813,1886,1871,0.0319911748483177
"14171","14171",1813,1886,1871,0.0319911748483177
"3028","3028",1181,1181,1171,-0.00846740050804403
"3029","3029",3546,3545,3724,0.0501974055273548
"3030","3030",2811,3304,2345,-0.165777303450729
"3031","3031",5212,5589,4988,-0.0429777436684574
"3032","3032",3861,3861,3535,-0.0844340844340844
"3033","3033",2191,2191,2191,0
"3034","3034",1627,1643,1701,0.0454824830977259
"3035","3035",3276,3267,3257,-0.0057997557997558
"3036","3036",2308,2221,2083,-0.0974870017331022
"3037","3037",2050,1859,3042,0.48390243902439
"3038","3038",2119,2119,2119,0
"3039","3039",2755,2924,2701,-0.0196007259528131
"3040","3040",1968,2237,2142,0.0884146341463415
"3041","3041",4947,4147,4149,-0.161309884778654
"3042","3042",5547,5455,4699,-0.152875428159365
"3043","3043",607,634,634,0.0444810543657331
"3044","3044",1962,1979,1979,0.00866462793068298
"3045","3045",1493,1525,1478,-0.0100468854655057
"3046","3046",2383,2362,2282,-0.0423835501468737
"3047","3047",1461,1449,1488,0.0184804928131417
"3048","3048",2199,2199,2199,0
"3049","3049",1539,1564,1539,0
"3051","3051",1900,1900,2422,0.274736842105263
"3052","3052",11633,11564,11413,-0.0189117166680994
"3053","3053",2505,2971,2738,0.0930139720558882
"3054","3054",1529,1526,1635,0.0693263570961413
"3055","3055",4401,5119,5875,0.334923880936151
"3056","3056",1203,1287,1287,0.0698254364089776
"3057","3057",8776,8836,8258,-0.059024612579763
"3058","3058",2898,2862,3206,0.106280193236715
"3059","3059",1736,1707,1707,-0.016705069124424
"15917","15917",1736,1707,1707,-0.016705069124424
"3060","3060",2384,2350,2350,-0.014261744966443
"3061","3061",3024,2996,2869,-0.0512566137566138
"3062","3062",2054,2025,2410,0.17332035053554
"3063","3063",1958,2130,2130,0.0878447395301328
"14326","14326",1958,2130,2130,0.0878447395301328
"3064","3064",5699,4810,5584,-0.0201789787682049
"18291","18291",5699,4810,5584,-0.0201789787682049
"3065","3065",1417,1417,1418,0.000705716302046577
"3066","3066",2982,2982,2589,-0.131790744466801
"3067","3067",2107,2127,2266,0.0754627432368296
"3068","3068",1541,1541,1572,0.0201168072680078
"3069","3069",3882,3378,3375,-0.130602782071097
"3070","3070",4142,4143,3943,-0.0480444229840657
"3071","3071",7231,8387,7514,0.0391370488175909
"3072","3072",3120,3085,3042,-0.025
"3073","3073",5317,5798,5287,-0.00564227948091029
"3074","3074",1977,1977,2608,0.319170460293374
"3075","3075",542,826,826,0.523985239852399
"3076","3076",4042,4038,4018,-0.00593765462642256
"3077","3077",4265,3713,4482,0.0508792497069168
"3078","3078",2875,2531,2841,-0.0118260869565217
"3079","3079",817,817,817,0
"7208","7208",817,817,817,0
"3080","3080",4825,4825,4778,-0.00974093264248705
"7347","7347",4825,4825,4778,-0.00974093264248705
"3082","3082",4091,4105,4240,0.0364214128574921
"3083","3083",6254,6705,6361,0.017109050207867
"3084","3084",1602,1605,1605,0.00187265917602996
"3085","3085",4386,4385,3282,-0.251709986320109
"3086","3086",3586,3586,3589,0.000836586726157278
"3087","3087",3237,2058,2058,-0.364226135310473
"3088","3088",3200,3646,3791,0.1846875
"3089","3089",2720,3437,3437,0.263602941176471
"3090","3090",4382,4414,4447,0.0148334094020995
"3091","3091",1844,1829,1806,-0.0206073752711497
"8367","8367",1844,1829,1806,-0.0206073752711497
"10286","10286",1844,1829,1806,-0.0206073752711497
"3093","3093",1581,1654,1653,0.0455407969639469
"3095","3095",4400,4400,4353,-0.0106818181818182
"3096","3096",2548,2546,2721,0.0678963893249608
"3097","3097",5607,5624,5547,-0.0107009095773141
"3098","3098",1180,984,1804,0.528813559322034
"3099","3099",1848,1578,971,-0.4745670995671
"3100","3100",3644,3642,3440,-0.0559824368825467
"3101","3101",4162,4177,4162,0
"3102","3102",6847,6845,7117,0.0394333284650212
"3103","3103",1792,1774,1798,0.00334821428571429
"3104","3104",9234,9245,8649,-0.0633528265107212
"3105","3105",1476,1515,1464,-0.00813008130081301
"3106","3106",3718,4426,4702,0.264658418504572
"3107","3107",1630,1454,1454,-0.107975460122699
"3108","3108",6119,7098,6043,-0.0124203301193005
"3109","3109",2179,2179,1877,-0.138595686094539
"3112","3112",1417,1417,1451,0.0239943542695836
"3113","3113",4655,4655,4955,0.0644468313641246
"3114","3114",3421,3421,3520,0.0289389067524116
"3115","3115",5369,4997,4923,-0.0830694728999814
"3116","3116",2672,2672,2674,0.000748502994011976
"3117","3117",1717,1627,1625,-0.0535818287711124
"3118","3118",2049,2975,2076,0.0131771595900439
"3119","3119",4339,4339,4552,0.0490896519935469
"3120","3120",7123,7130,6845,-0.0390284992278534
"3121","3121",2168,2168,2207,0.0179889298892989
"3122","3122",3450,3450,3063,-0.112173913043478
"4302","4302",3450,3450,3063,-0.112173913043478
"3123","3123",2870,2913,2947,0.0268292682926829
"3124","3124",3280,3280,3005,-0.0838414634146342
"3126","3126",1856,2160,1865,0.00484913793103448
"3127","3127",2354,2418,2609,0.108326253186066
"3128","3128",5291,5291,5256,-0.00661500661500661
"3129","3129",2254,2132,1987,-0.118456078083407
"3131","3131",1209,884,884,-0.268817204301075
"3132","3132",6944,6883,7076,0.0190092165898618
"3133","3133",5830,5642,4366,-0.251114922813036
"3134","3134",3326,3326,3195,-0.0393866506313891
"3135","3135",2336,2338,2338,0.000856164383561644
"3136","3136",2448,2402,2152,-0.120915032679739
"14043","14043",2448,2402,2152,-0.120915032679739
"3137","3137",3189,2847,2886,-0.0950141110065851
"7232","7232",3189,2847,2886,-0.0950141110065851
"3138","3138",6493,6514,5479,-0.156168181118127
"3139","3139",1873,1844,1534,-0.180993059263214
"3140","3140",3127,3257,3271,0.0460505276622961
"3141","3141",5399,5341,5311,-0.0162993146879052
"3142","3142",985,1091,1091,0.10761421319797
"3143","3143",4600,5355,4654,0.0117391304347826
"3144","3144",6317,6943,6481,0.0259616906759538
"3145","3145",4913,4877,4673,-0.0488499898229188
"3146","3146",3345,3343,3344,-0.000298953662182362
"3147","3147",2048,2135,2013,-0.01708984375
"3148","3148",2749,2747,3195,0.162240814841761
"3149","3149",8393,8428,9252,0.102347194090313
"3150","3150",1972,1972,1747,-0.114097363083164
"3151","3151",3878,3743,3991,0.0291387313047963
"3152","3152",1243,1187,990,-0.20353982300885
"3153","3153",3051,3015,2563,-0.159947558177647
"3154","3154",4959,5881,5627,0.134704577535794
"3155","3155",4455,3624,3883,-0.128395061728395
"7777","7777",4455,3624,3883,-0.128395061728395
"15662","15662",4455,3624,3883,-0.128395061728395
"3156","3156",1404,1109,1314,-0.0641025641025641
"16994","16994",1404,1109,1314,-0.0641025641025641
"3157","3157",6709,6807,6617,-0.0137129229393352
"3158","3158",6082,6084,5260,-0.135152910226899
"3159","3159",3442,3763,3526,0.0244044160371877
"3160","3160",2177,2173,2173,-0.00183739090491502
"3161","3161",3725,3719,3411,-0.0842953020134228
"3162","3162",1390,1399,1361,-0.020863309352518
"4224","4224",1390,1399,1361,-0.020863309352518
"3163","3163",3348,3338,2305,-0.311529271206691
"3164","3164",4584,4634,4199,-0.0839877835951134
"3165","3165",4543,4594,4406,-0.0301562843935725
"3167","3167",4454,4544,5002,0.123035473731477
"3168","3168",8470,8462,7268,-0.141912632821724
"3169","3169",7530,7510,7585,0.00730411686586985
"3170","3170",5177,5124,5263,0.0166119374154916
"3171","3171",3679,3880,4417,0.200597988583854
"3172","3172",6905,6891,6758,-0.0212889210716872
"3173","3173",3096,3162,3155,0.0190568475452196
"3174","3174",3882,3885,3740,-0.0365790829469346
"3175","3175",4293,4283,4308,0.00349406009783368
"3176","3176",1785,1782,1682,-0.057703081232493
"3177","3177",3062,2729,2697,-0.119203135205748
"3178","3178",4021,4185,4187,0.0412832628699328
"3179","3179",1321,1306,1341,0.0151400454201363
"3180","3180",2826,2010,2010,-0.288747346072187
"3181","3181",3091,2245,2245,-0.273697832416694
"3182","3182",7175,8116,7814,0.0890592334494773
"3183","3183",3260,3240,3260,0
"3184","3184",10343,10269,10241,-0.00986174224112927
"3185","3185",3118,3109,2690,-0.137267479153303
"3187","3187",1336,1339,1346,0.00748502994011976
"3188","3188",3883,3876,3662,-0.0569147566314705
"3189","3189",2407,2265,2355,-0.0216036560033236
"3190","3190",2379,2395,2228,-0.0634720470786045
"7245","7245",2379,2395,2228,-0.0634720470786045
"3191","3191",4432,4420,4791,0.0810018050541516
"3192","3192",1786,1801,1801,0.0083986562150056
"3193","3193",1498,1169,1402,-0.0640854472630174
"15981","15981",1498,1169,1402,-0.0640854472630174
"17326","17326",1498,1169,1402,-0.0640854472630174
"17626","17626",1498,1169,1402,-0.0640854472630174
"3194","3194",3508,3502,3479,-0.00826681870011402
"3195","3195",5927,6233,6106,0.0302007761093302
"12155","12155",5927,6233,6106,0.0302007761093302
"3196","3196",6257,6276,6094,-0.0260508230781525
"3197","3197",2895,3227,2822,-0.0252158894645941
"3198","3198",3465,3327,3347,-0.0340548340548341
"3199","3199",2356,2770,3016,0.280135823429542
"3200","3200",3231,3284,3231,0
"3201","3201",3420,3569,3635,0.0628654970760234
"3202","3202",2265,2225,2271,0.00264900662251656
"3203","3203",7736,7738,7633,-0.0133143743536711
"3204","3204",2613,2828,2336,-0.106008419441255
"5912","5912",2613,2828,2336,-0.106008419441255
"3205","3205",3530,3819,3260,-0.0764872521246459
"3206","3206",5443,5108,4507,-0.171963990446445
"3207","3207",1048,1048,1048,0
"3208","3208",2129,2129,2129,0
"3210","3210",5507,5421,5490,-0.00308698020700926
"3211","3211",1948,2052,1963,0.00770020533880903
"9658","9658",1948,2052,1963,0.00770020533880903
"3213","3213",1694,1562,1517,-0.104486422668241
"3214","3214",2704,2704,2704,0
"3215","3215",7063,7311,6549,-0.0727736089480391
"3217","3217",2015,2275,2275,0.129032258064516
"3218","3218",7519,7680,8274,0.100412288868201
"3219","3219",1706,1707,1707,0.000586166471277843
"3220","3220",1134,1133,1148,0.0123456790123457
"3221","3221",3926,3926,3992,0.0168110035659705
"3222","3222",2849,2915,2871,0.00772200772200772
"3223","3223",1369,2017,2017,0.473338203067933
"3224","3224",5262,6058,4959,-0.0575826681870011
"3225","3225",4145,3989,4053,-0.0221954161640531
"3226","3226",7217,7220,6770,-0.0619370929749203
"3227","3227",2487,2561,3098,0.245677523120225
"3228","3228",3231,3231,3326,0.0294026617146394
"3229","3229",7368,7326,7014,-0.0480456026058632
"3230","3230",1955,1955,1900,-0.0281329923273657
"3232","3232",2394,2780,2695,0.125730994152047
"14164","14164",2394,2780,2695,0.125730994152047
"3233","3233",4220,3988,3698,-0.123696682464455
"3234","3234",3497,3680,3427,-0.020017157563626
"3235","3235",2291,2250,2251,-0.0174596246180707
"3236","3236",4720,4779,4171,-0.116313559322034
"3237","3237",5550,5200,5220,-0.0594594594594595
"3238","3238",4199,4199,4155,-0.010478685401286
"3239","3239",5178,5178,4078,-0.212437234453457
"3241","3241",2888,2836,2726,-0.0560941828254848
"17605","17605",2888,2836,2726,-0.0560941828254848
"18216","18216",2888,2836,2726,-0.0560941828254848
"3242","3242",1792,1763,1762,-0.0167410714285714
"3243","3243",3231,3203,2931,-0.0928505106778087
"3244","3244",904,1382,1743,0.928097345132743
"3245","3245",2503,3032,2906,0.16100679184978
"3246","3246",2124,2124,2124,0
"3247","3247",1774,1773,1775,0.00056369785794814
"3248","3248",3992,3996,3362,-0.157815631262525
"3249","3249",1444,1436,1308,-0.0941828254847645
"3250","3250",1309,1309,969,-0.25974025974026
"3251","3251",3095,2930,2927,-0.054281098546042
"3252","3252",1239,1239,1103,-0.109765940274415
"3253","3253",3056,3065,3048,-0.00261780104712042
"3254","3254",5624,5449,5607,-0.00302275960170697
"3255","3255",3799,3709,3659,-0.0368518031060805
"3256","3256",3364,3363,3353,-0.00326991676575505
"3257","3257",793,793,750,-0.0542244640605296
"3258","3258",5371,4658,3958,-0.263079501024018
"3259","3259",2649,2642,2623,-0.00981502453756134
"3260","3260",3766,3767,3767,0.000265533722782793
"3261","3261",6123,6122,6106,-0.00277641678915564
"3262","3262",1410,1391,1415,0.00354609929078014
"3263","3263",2050,1971,1970,-0.0390243902439024
"15240","15240",2050,1971,1970,-0.0390243902439024
"3264","3264",5049,5204,5387,0.0669439492968905
"3265","3265",2256,2096,2078,-0.0789007092198582
"7774","7774",2256,2096,2078,-0.0789007092198582
"3266","3266",6539,6536,5994,-0.0833460773818627
"3267","3267",2877,2786,2619,-0.0896767466110532
"3268","3268",2450,2831,2830,0.155102040816327
"3269","3269",4846,4765,4996,0.0309533635988444
"3270","3270",2940,2901,3591,0.221428571428571
"3271","3271",2369,2369,2369,0
"3273","3273",1343,1348,1349,0.00446760982874162
"3274","3274",2516,2526,2602,0.034181240063593
"3275","3275",3677,2805,2787,-0.242045145499048
"3276","3276",2952,2941,2820,-0.0447154471544715
"3277","3277",4810,4583,4572,-0.0494802494802495
"3278","3278",1042,1042,1042,0
"3279","3279",6504,6664,6689,0.0284440344403444
"3280","3280",6316,6320,5969,-0.054939835338822
"3281","3281",2385,2326,2971,0.245702306079665
"3282","3282",442,421,814,0.841628959276018
"3283","3283",4315,4330,4303,-0.00278099652375435
"3284","3284",2771,1461,1356,-0.510645976181884
"3285","3285",2897,2807,2629,-0.0925094925785295
"18357","18357",2897,2807,2629,-0.0925094925785295
"3286","3286",3686,3919,3275,-0.111502984264786
"3287","3287",5403,5403,4790,-0.113455487692023
"3288","3288",3254,3251,3882,0.19299323909035
"3289","3289",1302,1302,1302,0
"3290","3290",2832,2832,2515,-0.111935028248588
"3291","3291",2831,2783,2810,-0.0074178735429177
"13877","13877",2831,2783,2810,-0.0074178735429177
"3292","3292",13050,13347,13501,0.0345593869731801
"3293","3293",5015,4578,4625,-0.0777666999002991
"3294","3294",4478,5023,4393,-0.0189816882536847
"3295","3295",3482,3749,3743,0.0749569213095922
"3296","3296",3016,3041,2911,-0.0348143236074271
"3297","3297",5964,5951,5787,-0.0296780684104628
"3298","3298",2469,2469,2468,-0.000405022276225192
"3299","3299",2588,2576,2570,-0.00695517774343122
"3300","3300",3474,3074,3306,-0.0483592400690846
"3301","3301",7758,7774,8044,0.0368651714359371
"3302","3302",5348,5024,4949,-0.0746073298429319
"3303","3303",4329,4329,4483,0.0355740355740356
"3304","3304",5800,5268,5223,-0.0994827586206897
"3305","3305",4012,3982,3937,-0.0186939182452642
"3306","3306",2622,2538,2468,-0.0587337909992372
"3307","3307",2246,1744,1767,-0.21326803205699
"6480","6480",2246,1744,1767,-0.21326803205699
"3308","3308",1287,1619,1711,0.329448329448329
"3310","3310",4236,4315,4574,0.0797922568460812
"3311","3311",6155,6155,5803,-0.0571892770105605
"3313","3313",2540,2539,2608,0.0267716535433071
"3314","3314",4898,4631,4003,-0.182727643936301
"3315","3315",5490,6184,5420,-0.0127504553734062
"3316","3316",1540,1540,1540,0
"3317","3317",3409,3132,3037,-0.109122909944265
"3318","3318",1153,1365,1275,0.105810928013877
"7920","7920",1153,1365,1275,0.105810928013877
"12135","12135",1153,1365,1275,0.105810928013877
"3319","3319",5170,5169,5462,0.0564796905222437
"3320","3320",2181,2368,2314,0.0609812012838148
"3321","3321",918,899,924,0.0065359477124183
"3322","3322",1724,1724,1718,-0.00348027842227378
"3323","3323",1419,1406,1684,0.186751233262861
"3324","3324",3459,3860,4015,0.160740098294305
"3325","3325",1896,1896,1869,-0.0142405063291139
"3326","3326",4318,4319,4317,-0.000231588698471515
"3327","3327",1164,1369,1338,0.149484536082474
"3328","3328",1108,1093,1244,0.122743682310469
"3329","3329",8885,9569,9249,0.0409679234665166
"3330","3330",3970,4020,3887,-0.0209068010075567
"3331","3331",1695,2216,2208,0.302654867256637
"3332","3332",3067,3031,3031,-0.0117378545810238
"3333","3333",9379,7290,9309,-0.00746348224757437
"3334","3334",6633,6639,6434,-0.0300015076134479
"3335","3335",1536,1464,1479,-0.037109375
"3336","3336",3255,3683,3683,0.131490015360983
"3337","3337",4904,4884,4903,-0.000203915171288744
"3338","3338",3097,3176,3018,-0.025508556667743
"3339","3339",3187,3177,2842,-0.108252274866646
"3340","3340",3385,3371,3368,-0.00502215657311669
"3341","3341",6546,6540,6569,0.00351359608921479
"3342","3342",7736,7471,7292,-0.0573940020682523
"3343","3343",2381,2305,2772,0.164216715665687
"3344","3344",3579,4060,3835,0.0715283598770606
"3345","3345",2903,2949,2802,-0.0347915949018257
"3346","3346",2522,3287,3447,0.366772402854877
"3347","3347",6130,6130,6077,-0.00864600326264274
"3348","3348",3389,3444,3362,-0.00796695190321629
"3349","3349",2803,2714,3256,0.1616125579736
"3350","3350",1992,2081,1962,-0.0150602409638554
"3351","3351",5205,5470,5405,0.0384245917387128
"3352","3352",3256,3158,3155,-0.031019656019656
"3353","3353",1205,1205,1205,0
"14594","14594",1205,1205,1205,0
"3354","3354",2256,2256,2257,0.000443262411347518
"3355","3355",7134,7135,6929,-0.028735632183908
"3356","3356",6517,6839,7362,0.129660886911155
"3357","3357",1836,1846,1812,-0.0130718954248366
"12333","12333",1836,1846,1812,-0.0130718954248366
"3358","3358",1188,1192,1122,-0.0555555555555556
"5899","5899",1188,1192,1122,-0.0555555555555556
"18376","18376",1188,1192,1122,-0.0555555555555556
"3359","3359",3552,4540,3677,0.0351914414414414
"3360","3360",3181,3345,3175,-0.00188619930839359
"3361","3361",3484,3537,3136,-0.0998851894374282
"3362","3362",4726,4724,4529,-0.0416842996191282
"3363","3363",491,491,493,0.00407331975560081
"3364","3364",2954,2954,2956,0.000677048070412999
"3365","3365",3983,3984,3878,-0.0263620386643234
"3366","3366",3467,3711,3859,0.113066051341217
"3367","3367",3510,3178,3403,-0.0304843304843305
"3368","3368",8094,8075,8535,0.0544848035581913
"3369","3369",2347,2166,2086,-0.111205794631444
"12563","12563",2347,2166,2086,-0.111205794631444
"3370","3370",5309,5516,5436,0.0239216424938783
"3371","3371",3279,3235,3289,0.00304971027752364
"3372","3372",5549,5548,5410,-0.0250495584790052
"3373","3373",3970,3970,3960,-0.00251889168765743
"3374","3374",3034,3226,3235,0.0662491760052736
"6508","6508",3034,3226,3235,0.0662491760052736
"3375","3375",2538,2569,2579,0.0161544523246651
"11506","11506",2538,2569,2579,0.0161544523246651
"3376","3376",1756,1787,1458,-0.169703872437358
"3377","3377",2280,2356,2907,0.275
"3378","3378",1078,1114,1184,0.098330241187384
"3379","3379",3011,2999,3113,0.0338757887744935
"3380","3380",2370,2367,2328,-0.0177215189873418
"3381","3381",4384,4384,4337,-0.010720802919708
"3382","3382",1780,1780,1817,0.0207865168539326
"3383","3383",1451,1451,1451,0
"3384","3384",974,974,1084,0.112936344969199
"3385","3385",3723,3712,3217,-0.135911899006178
"3386","3386",2696,2083,2288,-0.1513353115727
"3387","3387",2285,2310,2395,0.0481400437636762
"3388","3388",4822,4822,4413,-0.0848195769390294
"3389","3389",4162,3332,4721,0.134310427679
"3390","3390",2263,2101,2095,-0.0742377375165709
"3391","3391",5292,5621,4447,-0.159674981103553
"3392","3392",1113,1129,1099,-0.0125786163522013
"3393","3393",3553,3551,3267,-0.0804953560371517
"3394","3394",6164,6164,4853,-0.212686567164179
"3395","3395",1748,1782,1973,0.128718535469108
"3396","3396",1628,1665,1601,-0.0165847665847666
"3397","3397",4276,4283,4058,-0.0509822263797942
"3398","3398",2661,2560,2560,-0.0379556557685081
"3400","3400",3700,3690,3200,-0.135135135135135
"3401","3401",5538,5538,5318,-0.0397255326832792
"3402","3402",2398,2400,2418,0.00834028356964137
"3403","3403",1593,1593,1655,0.0389202762084118
"3404","3404",3009,3009,3009,0
"3405","3405",3311,3264,3478,0.0504379341588644
"3406","3406",2324,2252,2233,-0.0391566265060241
"3407","3407",6006,4772,4857,-0.191308691308691
"3408","3408",5740,5726,5574,-0.0289198606271777
"3409","3409",7492,6210,7989,0.0663374265883609
"3410","3410",4967,4967,4344,-0.125427823635998
"3411","3411",3804,3460,3510,-0.0772870662460568
"3412","3412",3583,3550,3517,-0.018420318169132
"3413","3413",7146,7140,7304,0.0221102714805486
"3414","3414",1526,1526,1526,0
"3415","3415",2642,2640,2686,0.0166540499621499
"3416","3416",4121,4424,4469,0.0844455229313273
"3417","3417",7519,7519,7379,-0.0186194972735736
"3418","3418",3107,2802,2876,-0.074348245896363
"3419","3419",3272,3281,3328,0.0171149144254279
"3420","3420",3915,3915,3014,-0.230140485312899
"3421","3421",3481,3778,3439,-0.0120654984199943
"3422","3422",3469,3533,3155,-0.09051599884693
"3423","3423",2760,1913,1913,-0.306884057971014
"3424","3424",2917,2835,2893,-0.0082276311278711
"3425","3425",1613,2087,2087,0.293862368257905
"3426","3426",2057,2142,2399,0.16626154594069
"3427","3427",6863,6806,6716,-0.0214192044295498
"3428","3428",1967,1967,1968,0.000508388408744281
"3429","3429",5502,5440,5565,0.0114503816793893
"3430","3430",1751,1696,1622,-0.0736721873215306
"3431","3431",2424,2097,2097,-0.13490099009901
"3432","3432",2039,2158,2006,-0.0161844041196665
"3433","3433",2421,2397,2439,0.00743494423791822
"10462","10462",2421,2397,2439,0.00743494423791822
"13570","13570",2421,2397,2439,0.00743494423791822
"3434","3434",3415,3415,3417,0.000585651537335285
"3435","3435",1011,998,867,-0.142433234421365
"3436","3436",1176,1167,1167,-0.0076530612244898
"3437","3437",1940,2537,2051,0.0572164948453608
"6835","6835",1940,2537,2051,0.0572164948453608
"3438","3438",2431,2310,2285,-0.0600575894693542
"3439","3439",3260,4013,3218,-0.0128834355828221
"3440","3440",5186,5181,5157,-0.00559197840339375
"3441","3441",10018,10514,9964,-0.00539029746456379
"3442","3442",4422,4433,4157,-0.0599276345545002
"3443","3443",1022,554,554,-0.457925636007828
"3444","3444",4567,4688,4699,0.0289029997810379
"3445","3445",8565,9151,8066,-0.0582603619381203
"3447","3447",1534,1785,1885,0.228813559322034
"8880","8880",1534,1785,1885,0.228813559322034
"3448","3448",2519,2863,3420,0.357681619690353
"4638","4638",2519,2863,3420,0.357681619690353
"4678","4678",2519,2863,3420,0.357681619690353
"18230","18230",2519,2863,3420,0.357681619690353
"3449","3449",1563,1612,1571,0.00511836212412028
"3450","3450",4308,4419,4391,0.0192664809656453
"3451","3451",4231,4550,4357,0.0297801938076105
"3452","3452",3488,4006,3862,0.107224770642202
"3454","3454",3117,3056,2912,-0.0657683670195701
"3455","3455",1441,1442,1200,-0.167244968771686
"3456","3456",2938,3132,3133,0.0663716814159292
"16541","16541",2938,3132,3133,0.0663716814159292
"3457","3457",3306,3393,4448,0.345432546884453
"10175","10175",3306,3393,4448,0.345432546884453
"3458","3458",5675,5783,5525,-0.026431718061674
"3459","3459",4583,4794,3822,-0.166048439886537
"3460","3460",3004,2988,2988,-0.00532623169107856
"3461","3461",1679,1683,1713,0.0202501488981537
"3462","3462",6397,6373,4654,-0.272471471002032
"3463","3463",2577,2576,2533,-0.0170741171905316
"15999","15999",2577,2576,2533,-0.0170741171905316
"3464","3464",2996,2676,2701,-0.0984646194926569
"3466","3466",5156,5132,5274,0.0228859581070597
"3467","3467",3160,3163,3163,0.000949367088607595
"3468","3468",3653,3207,3209,-0.121543936490556
"3469","3469",5969,5989,5970,0.000167532249958117
"3470","3470",8729,9549,8736,0.000801924619085806
"3471","3471",2526,2587,2528,0.000791765637371338
"3472","3472",2769,3401,2883,0.0411700975081257
"9478","9478",2769,3401,2883,0.0411700975081257
"3473","3473",2198,2191,2775,0.262511373976342
"16116","16116",2198,2191,2775,0.262511373976342
"3474","3474",9974,10807,10254,0.0280729897734109
"3475","3475",4351,4363,4228,-0.0282693633647437
"3476","3476",6270,6259,6249,-0.00334928229665072
"3477","3477",713,713,1088,0.525946704067321
"3478","3478",2226,2836,2766,0.242587601078167
"3479","3479",1348,1355,1356,0.00593471810089021
"3480","3480",1528,1509,1496,-0.0209424083769634
"3481","3481",2321,2572,2410,0.038345540715209
"3482","3482",2432,2434,2431,-0.000411184210526316
"3483","3483",7602,7709,7674,0.00947119179163378
"3484","3484",2665,2664,2751,0.0322701688555347
"3485","3485",5144,5787,5735,0.114891135303266
"3486","3486",2996,2995,2994,-0.000667556742323097
"3487","3487",4951,5386,4784,-0.0337305594829327
"3488","3488",888,967,871,-0.0191441441441441
"3489","3489",3063,3472,2729,-0.109043421482207
"3490","3490",3847,3846,4269,0.10969586690928
"3491","3491",3667,3670,3492,-0.0477229342787019
"3492","3492",7502,7361,6725,-0.10357238069848
"3493","3493",3157,3997,3905,0.236933797909408
"3494","3494",1684,1684,1539,-0.086104513064133
"3495","3495",4394,4394,4226,-0.0382339553937187
"3496","3496",954,925,925,-0.030398322851153
"3497","3497",1469,1418,1446,-0.0156569094622192
"3498","3498",1667,2027,1758,0.0545890821835633
"3499","3499",1398,1381,1381,-0.0121602288984263
"3500","3500",4249,4300,3896,-0.0830783713815015
"3501","3501",1286,1177,1146,-0.108864696734059
"19168","19168",1286,1177,1146,-0.108864696734059
"3502","3502",3775,3775,4026,0.0664900662251656
"3503","3503",10206,9088,9269,-0.0918087399568881
"3504","3504",2277,2276,2277,0
"3505","3505",5483,5727,5049,-0.0791537479482035
"3506","3506",2620,2650,2909,0.11030534351145
"3507","3507",2558,2523,2866,0.120406567630962
"3508","3508",1846,1848,1857,0.00595882990249187
"3509","3509",2369,2472,2472,0.0434782608695652
"3510","3510",3068,2720,2871,-0.0642112125162973
"3511","3511",1160,1364,1328,0.144827586206897
"6119","6119",1160,1364,1328,0.144827586206897
"8230","8230",1160,1364,1328,0.144827586206897
"3512","3512",1381,1376,1376,-0.00362056480811007
"3513","3513",1521,1385,1418,-0.0677186061801446
"3514","3514",3299,3466,3386,0.0263716277659897
"3515","3515",1163,1161,1032,-0.112639724849527
"3516","3516",1532,1500,1649,0.0763707571801567
"3517","3517",1867,1867,1867,0
"5687","5687",1867,1867,1867,0
"3518","3518",2237,2245,2738,0.223960661600358
"3519","3519",2735,2968,2886,0.0552102376599634
"3520","3520",1091,981,981,-0.100824931255729
"3521","3521",6038,5209,5251,-0.1303411725737
"3522","3522",1794,1688,1688,-0.0590858416945373
"3523","3523",2686,3175,2890,0.0759493670886076
"3524","3524",5007,4921,5974,0.193129618534052
"3525","3525",2453,3116,2364,-0.0362821035466775
"3526","3526",2022,2023,1739,-0.139960435212661
"3527","3527",2137,2137,2137,0
"3528","3528",3741,3956,3625,-0.0310077519379845
"3529","3529",4771,4259,4750,-0.00440159295745127
"3531","3531",3416,3417,3691,0.0805035128805621
"3532","3532",2557,2970,2965,0.159561986703168
"3533","3533",2484,2493,2260,-0.0901771336553945
"3534","3534",6912,6845,6780,-0.0190972222222222
"3535","3535",1643,1642,1946,0.184418746195983
"15160","15160",1643,1642,1946,0.184418746195983
"3536","3536",3102,2966,3054,-0.0154738878143133
"3537","3537",4152,4152,4232,0.0192678227360308
"3538","3538",2347,2346,2654,0.130805283340435
"9239","9239",2347,2346,2654,0.130805283340435
"11012","11012",2347,2346,2654,0.130805283340435
"17480","17480",2347,2346,2654,0.130805283340435
"3539","3539",7228,8065,7106,-0.0168788046485888
"3540","3540",2021,1729,1931,-0.0445324096981692
"6890","6890",2021,1729,1931,-0.0445324096981692
"3541","3541",4140,4295,4425,0.0688405797101449
"3542","3542",2911,3009,3016,0.0360700790106493
"3543","3543",1298,1167,1219,-0.0608628659476117
"3544","3544",3872,4025,4025,0.0395144628099174
"3545","3545",3969,3968,3704,-0.0667674477198287
"3546","3546",2663,2672,2656,-0.002628614344724
"12437","12437",2663,2672,2656,-0.002628614344724
"3547","3547",3354,3351,3379,0.00745378652355397
"3548","3548",1175,1303,1079,-0.0817021276595745
"3549","3549",3298,3598,3275,-0.00697392359005458
"3550","3550",9933,8834,9012,-0.092721232256116
"3551","3551",2677,2683,2746,0.0257751214045573
"3552","3552",4070,3699,3174,-0.22014742014742
"3553","3553",5571,5563,5409,-0.0290791599353796
"3554","3554",6107,6162,5716,-0.0640248894710987
"3555","3555",2354,2986,2908,0.235344095157179
"16219","16219",2354,2986,2908,0.235344095157179
"3556","3556",4236,4237,4444,0.0491029272898961
"3557","3557",3089,3089,3065,-0.00776950469407575
"3559","3559",2475,2644,2507,0.0129292929292929
"3560","3560",3313,3306,3288,-0.00754603078780561
"11662","11662",3313,3306,3288,-0.00754603078780561
"3561","3561",7187,7186,7272,0.011826909698066
"3562","3562",1131,1206,1206,0.0663129973474801
"3563","3563",3753,3254,2965,-0.209965361044498
"3564","3564",2441,2443,2189,-0.103236378533388
"3565","3565",5910,6789,6819,0.153807106598985
"3566","3566",2408,2463,2714,0.127076411960133
"3567","3567",5882,5620,5514,-0.0625637538252295
"3568","3568",1873,1874,1922,0.0261612386545649
"10463","10463",1873,1874,1922,0.0261612386545649
"18302","18302",1873,1874,1922,0.0261612386545649
"3569","3569",6598,6591,6161,-0.066232191573204
"3570","3570",2482,2817,2732,0.100725221595488
"19797","19797",2482,2817,2732,0.100725221595488
"3571","3571",4274,4435,4638,0.0851661207299953
"3572","3572",6351,6690,5787,-0.0888049126121871
"3573","3573",629,634,618,-0.0174880763116057
"3575","3575",2617,2558,3232,0.235001910584639
"3576","3576",2935,2918,2748,-0.0637137989778535
"12173","12173",2935,2918,2748,-0.0637137989778535
"3577","3577",1328,1330,1335,0.0052710843373494
"3578","3578",2289,2291,2750,0.201397990388816
"3579","3579",7522,7698,7635,0.0150226003722414
"3580","3580",4139,4876,4641,0.121285334621889
"3581","3581",5886,4230,4230,-0.281345565749235
"3582","3582",3004,3004,3101,0.0322902796271638
"3583","3583",1891,1773,1561,-0.17451084082496
"3584","3584",8351,8329,7940,-0.0492156627948749
"3585","3585",2953,2954,2954,0.000338638672536404
"3586","3586",3714,3410,3355,-0.096661281637049
"3587","3587",2288,2281,2460,0.0751748251748252
"3588","3588",7022,7020,6806,-0.0307604671033893
"3589","3589",1756,1756,1640,-0.0660592255125285
"3590","3590",2228,2228,2227,-0.000448833034111311
"3591","3591",1976,3015,2093,0.0592105263157895
"3592","3592",3688,3714,3716,0.00759219088937093
"3593","3593",3058,3041,3009,-0.0160235448005232
"3594","3594",5477,5493,4769,-0.129267847361694
"3595","3595",3007,2981,2833,-0.0578649817093449
"3596","3596",2822,2822,3006,0.0652019844082211
"3597","3597",2889,2910,2919,0.0103842159916926
"3598","3598",6900,6863,6542,-0.0518840579710145
"3599","3599",1299,936,936,-0.279445727482679
"3600","3600",6619,6740,6419,-0.0302160447197462
"3601","3601",3259,2051,2051,-0.370665848419761
"3602","3602",1665,1798,2357,0.415615615615616
"3603","3603",3100,2788,3071,-0.00935483870967742
"3604","3604",3935,4538,3934,-0.000254129606099111
"3605","3605",7826,7825,7538,-0.0368004088934321
"3606","3606",1736,1685,1686,-0.0288018433179724
"3607","3607",2397,2467,2658,0.108886107634543
"4963","4963",2397,2467,2658,0.108886107634543
"3608","3608",2480,2677,2251,-0.0923387096774194
"3609","3609",2391,2671,2437,0.0192388122124634
"3610","3610",2901,2935,2457,-0.153050672182006
"10086","10086",2901,2935,2457,-0.153050672182006
"3612","3612",5578,5561,5436,-0.0254571531014701
"9614","9614",5578,5561,5436,-0.0254571531014701
"3613","3613",4988,5183,5113,0.0250601443464314
"3614","3614",2035,2033,1989,-0.0226044226044226
"3615","3615",2184,2164,2576,0.179487179487179
"12677","12677",2184,2164,2576,0.179487179487179
"3616","3616",2542,2490,2526,-0.00629425649095201
"3617","3617",2983,2943,2512,-0.157894736842105
"3618","3618",3835,3818,3818,-0.00443285528031291
"3619","3619",6955,6800,6807,-0.0212796549245147
"3620","3620",2549,2485,2484,-0.025500196155355
"3621","3621",7225,7624,7680,0.0629757785467128
"3622","3622",5871,6171,6006,0.0229943791517629
"3623","3623",1990,1976,2060,0.0351758793969849
"3655","3655",1990,1976,2060,0.0351758793969849
"3624","3624",6148,6083,6365,0.0352960312296682
"3625","3625",1413,1652,1683,0.191082802547771
"3626","3626",2760,2776,3218,0.165942028985507
"14553","14553",2760,2776,3218,0.165942028985507
"3627","3627",4357,4357,4240,-0.0268533394537526
"3628","3628",3484,3056,3315,-0.0485074626865672
"3629","3629",2681,2683,2898,0.0809399477806789
"3630","3630",2500,2639,2635,0.054
"3631","3631",2475,2535,2407,-0.0274747474747475
"3632","3632",1763,1706,1751,-0.00680657969370391
"3633","3633",1957,2064,2039,0.0419008686765457
"3634","3634",2580,2858,3846,0.490697674418605
"3635","3635",1984,1984,1853,-0.0660282258064516
"3636","3636",2847,2847,2847,0
"3637","3637",2060,2041,2041,-0.00922330097087379
"8784","8784",2060,2041,2041,-0.00922330097087379
"3638","3638",807,804,831,0.0297397769516729
"3640","3640",3650,3650,3377,-0.0747945205479452
"3641","3641",3499,3576,3579,0.0228636753358102
"3642","3642",2354,1644,1648,-0.299915038232795
"3643","3643",7456,8051,7597,0.0189109442060086
"3644","3644",3871,3871,3830,-0.0105915784035133
"3645","3645",2112,2422,2422,0.146780303030303
"3656","3656",2112,2422,2422,0.146780303030303
"3646","3646",4710,4660,4697,-0.00276008492569002
"3647","3647",3204,3163,3165,-0.0121722846441948
"3648","3648",6701,6629,6685,-0.00238770332786151
"3649","3649",10459,10453,10250,-0.019982789941677
"3650","3650",3651,3651,2801,-0.232812927964941
"3651","3651",1579,1567,1594,0.00949968334388854
"3652","3652",2644,2682,2471,-0.0654311649016641
"17121","17121",2644,2682,2471,-0.0654311649016641
"3653","3653",2849,2665,2702,-0.0515970515970516
"3654","3654",3378,3378,3375,-0.00088809946714032
"3657","3657",2268,2227,2183,-0.0374779541446208
"3658","3658",1281,1580,1629,0.271662763466042
"3659","3659",1894,2239,1979,0.0448785638859557
"3660","3660",1445,1454,1712,0.18477508650519
"3661","3661",3770,3781,3326,-0.117771883289125
"3662","3662",2055,2242,2264,0.101703163017032
"3663","3663",4436,4436,4435,-0.000225428313796213
"3664","3664",3730,3684,3690,-0.0107238605898123
"3665","3665",2665,2258,2704,0.0146341463414634
"3666","3666",3183,3207,3208,0.00785422557335847
"3667","3667",734,751,829,0.129427792915531
"3668","3668",3451,3969,3569,0.0341929875398435
"3669","3669",7082,7119,7394,0.0440553515955945
"3670","3670",1727,1727,1568,-0.0920671685002895
"5693","5693",1727,1727,1568,-0.0920671685002895
"3671","3671",6507,6413,5456,-0.161518364837867
"3672","3672",2304,2303,2140,-0.0711805555555556
"3673","3673",2739,3224,2089,-0.237312887915298
"3674","3674",2316,2316,2296,-0.00863557858376511
"3675","3675",1237,1237,994,-0.196443007275667
"3676","3676",1414,1799,2027,0.433521923620934
"5963","5963",1414,1799,2027,0.433521923620934
"14038","14038",1414,1799,2027,0.433521923620934
"3677","3677",6662,6646,6790,0.0192134494145902
"3678","3678",3344,3347,3303,-0.0122607655502392
"3679","3679",2233,2173,2148,-0.0380653828929691
"3680","3680",1980,2304,2349,0.186363636363636
"3681","3681",2147,2170,2239,0.0428504890544946
"3682","3682",3561,3477,3484,-0.0216231395675372
"3683","3683",1850,1850,1854,0.00216216216216216
"3684","3684",3106,2689,2248,-0.276239536381198
"3685","3685",3092,2945,2944,-0.0478654592496766
"3687","3687",6017,6107,6088,0.0117999002825328
"3688","3688",5407,5670,5466,0.0109117810245977
"3689","3689",2689,2650,2650,-0.0145035329118631
"3690","3690",2501,2563,2501,0
"3691","3691",3332,3300,3306,-0.0078031212484994
"3692","3692",2729,2789,2789,0.0219860754855258
"3693","3693",2585,2492,2492,-0.0359767891682785
"3694","3694",5804,5610,5625,-0.0308407994486561
"3695","3695",2807,2540,2529,-0.0990381189882437
"3696","3696",5545,5539,5325,-0.0396753832281335
"3697","3697",3564,3564,3537,-0.00757575757575758
"3698","3698",5143,5595,4909,-0.0454987361462182
"3699","3699",1004,1004,1261,0.25597609561753
"3700","3700",885,919,862,-0.0259887005649717
"3701","3701",1893,1799,1968,0.0396196513470681
"9957","9957",1893,1799,1968,0.0396196513470681
"3702","3702",1536,1574,1669,0.0865885416666667
"3703","3703",3085,3048,2854,-0.0748784440842788
"3704","3704",1497,1497,1525,0.0187040748162993
"3705","3705",2264,2264,2264,0
"3706","3706",4891,5612,4879,-0.00245348599468411
"3707","3707",2270,2555,2223,-0.020704845814978
"3708","3708",4609,4616,5275,0.144499891516598
"9143","9143",4609,4616,5275,0.144499891516598
"3709","3709",6077,6077,6631,0.0911634029948988
"3710","3710",3316,3315,3205,-0.0334740651387214
"3711","3711",5929,5838,6076,0.0247933884297521
"3712","3712",4724,4863,4996,0.0575783234546994
"3713","3713",4588,5076,5130,0.118134263295554
"3714","3714",1480,1476,1164,-0.213513513513514
"3715","3715",6582,6981,6160,-0.0641142509875418
"3716","3716",2171,2326,2217,0.0211883924458775
"3718","3718",1930,1930,2136,0.106735751295337
"3719","3719",2254,2279,2276,0.00976042590949423
"6830","6830",2254,2279,2276,0.00976042590949423
"3720","3720",2115,2116,1982,-0.0628841607565012
"3721","3721",2831,2832,2832,0.000353232073472271
"3722","3722",1559,1498,1532,-0.0173187940987813
"15569","15569",1559,1498,1532,-0.0173187940987813
"3723","3723",3495,3338,3350,-0.0414878397711016
"3724","3724",3220,3482,4750,0.475155279503106
"3725","3725",3858,3841,3842,-0.00414722654224987
"3726","3726",2181,2015,2015,-0.0761118752865658
"13593","13593",2181,2015,2015,-0.0761118752865658
"3727","3727",5006,4992,4934,-0.0143827407111466
"3728","3728",3475,3482,2861,-0.176690647482014
"3729","3729",2991,3547,3810,0.27382146439318
"3730","3730",959,997,967,0.00834202294056309
"15419","15419",959,997,967,0.00834202294056309
"3731","3731",1668,1668,1668,0
"3732","3732",10049,10328,10026,-0.00228878495372674
"3733","3733",1932,1994,2074,0.0734989648033126
"3734","3734",1725,1771,1771,0.0266666666666667
"3735","3735",2929,2867,2931,0.000682826903379993
"3736","3736",8053,7336,7567,-0.0603501800571216
"3737","3737",5836,5397,5404,-0.0740233036326251
"3738","3738",3590,3292,3425,-0.0459610027855153
"3739","3739",4536,4408,4467,-0.0152116402116402
"3740","3740",3852,3852,3535,-0.0822949117341641
"3741","3741",3293,3523,3434,0.0428180989978743
"3742","3742",4062,4357,3953,-0.0268340718857706
"3743","3743",2089,1955,2405,0.151268549545237
"3744","3744",2561,2561,2445,-0.0452948067161265
"3745","3745",1539,1547,1547,0.00519818063677713
"3746","3746",948,898,898,-0.0527426160337553
"3747","3747",2370,2378,2308,-0.0261603375527426
"3748","3748",4425,4385,4159,-0.0601129943502825
"3750","3750",2032,2317,1968,-0.031496062992126
"3751","3751",2248,2260,2488,0.106761565836299
"3752","3752",2096,1617,1619,-0.227576335877863
"18918","18918",2096,1617,1619,-0.227576335877863
"3753","3753",4906,4906,4907,0.000203832042397065
"3754","3754",1650,1645,1645,-0.00303030303030303
"3755","3755",1818,1799,1778,-0.022002200220022
"3756","3756",4301,4299,3811,-0.11392699372239
"3757","3757",1312,1911,1912,0.457317073170732
"3758","3758",3820,4030,3199,-0.162565445026178
"12392","12392",3820,4030,3199,-0.162565445026178
"3759","3759",8308,9006,8941,0.0761916225324988
"3760","3760",1204,1249,1256,0.0431893687707641
"3761","3761",1455,1455,1455,0
"3762","3762",6019,5982,6072,0.00880544941020103
"3763","3763",1236,1432,1244,0.00647249190938511
"3764","3764",2040,1837,1924,-0.0568627450980392
"6975","6975",2040,1837,1924,-0.0568627450980392
"13911","13911",2040,1837,1924,-0.0568627450980392
"3765","3765",1491,1486,2013,0.35010060362173
"3766","3766",1321,1321,1343,0.0166540499621499
"3767","3767",5739,5394,5341,-0.0693500609862345
"3768","3768",6967,7091,7077,0.0157887182431463
"3769","3769",2711,2772,2771,0.0221320545924013
"3770","3770",10377,10496,10720,0.033053869133661
"3771","3771",4905,4907,5311,0.0827726809378185
"3772","3772",1596,1921,2283,0.430451127819549
"3773","3773",4720,4721,4731,0.00233050847457627
"3774","3774",2391,2393,2393,0.000836470096194061
"3775","3775",3086,2783,2804,-0.0913804277381724
"3776","3776",3314,3354,3302,-0.00362100181050091
"3777","3777",4092,4007,4104,0.00293255131964809
"3778","3778",2666,1659,2419,-0.0926481620405101
"3779","3779",1658,1458,1416,-0.145958986731001
"3780","3780",5965,6495,5847,-0.0197820620284996
"3781","3781",1324,1211,1290,-0.0256797583081571
"3782","3782",1683,1907,1604,-0.0469399881164587
"3783","3783",1497,1497,1732,0.156980627922512
"3784","3784",3044,2388,3151,0.0351511169513798
"6233","6233",3044,2388,3151,0.0351511169513798
"3785","3785",5470,5455,5456,-0.00255941499085923
"3786","3786",1733,1734,1591,-0.0819388343912291
"3787","3787",2624,3019,2579,-0.0171493902439024
"3788","3788",3357,3436,3348,-0.00268096514745308
"3789","3789",4556,4371,4222,-0.0733099209833187
"3790","3790",3098,3574,3602,0.162685603615236
"3791","3791",2628,2712,2961,0.126712328767123
"10877","10877",2628,2712,2961,0.126712328767123
"3792","3792",2932,2994,2826,-0.0361527967257844
"3793","3793",2414,2478,2199,-0.0890637945318973
"3795","3795",1506,2228,1434,-0.047808764940239
"19812","19812",1506,2228,1434,-0.047808764940239
"3796","3796",1605,1598,1603,-0.00124610591900312
"18869","18869",1605,1598,1603,-0.00124610591900312
"3797","3797",2377,2434,1753,-0.262515776188473
"3798","3798",6941,6910,6634,-0.0442299380492724
"3799","3799",2356,2904,2424,0.0288624787775891
"3800","3800",2490,2965,2888,0.159839357429719
"3801","3801",1939,2103,2103,0.0845796802475503
"3802","3802",5804,5334,5524,-0.0482425913163336
"3803","3803",1879,2242,2656,0.413517828632251
"14302","14302",1879,2242,2656,0.413517828632251
"3804","3804",4667,4667,4687,0.00428540818512963
"3805","3805",2440,2422,2422,-0.00737704918032787
"3806","3806",793,793,793,0
"3807","3807",3100,3112,3108,0.00258064516129032
"3808","3808",2381,2372,2409,0.0117597648047039
"9859","9859",2381,2372,2409,0.0117597648047039
"15713","15713",2381,2372,2409,0.0117597648047039
"3809","3809",3273,3290,3409,0.0415520928811488
"3810","3810",2998,2987,2649,-0.116410940627085
"3811","3811",4413,4573,4513,0.0226603217765692
"3812","3812",4063,3983,3297,-0.188530642382476
"3813","3813",5706,5953,5850,0.0252365930599369
"17544","17544",5706,5953,5850,0.0252365930599369
"3814","3814",3143,2874,2878,-0.0843143493477569
"3815","3815",6121,5843,5212,-0.148505146217938
"3816","3816",1213,1217,1256,0.0354492992580379
"3818","3818",4560,3978,3772,-0.17280701754386
"3819","3819",2552,2554,2809,0.100705329153605
"3820","3820",2229,1759,2099,-0.0583221175414984
"3821","3821",2175,1972,1407,-0.353103448275862
"3822","3822",3677,3677,3782,0.0285558879521349
"3823","3823",9298,9709,9101,-0.0211873521187352
"3824","3824",1821,1917,1854,0.0181219110378913
"3825","3825",1657,1698,1698,0.0247435123717562
"3827","3827",3294,3267,3267,-0.00819672131147541
"3828","3828",5685,5754,5679,-0.00105540897097625
"3829","3829",3948,3902,3777,-0.0433130699088146
"3830","3830",3248,3321,3273,0.00769704433497537
"3831","3831",5215,5197,5081,-0.0256951102588686
"3832","3832",4958,3744,3851,-0.22327551432029
"3833","3833",6209,5794,5228,-0.157996456756321
"3834","3834",7166,6876,6752,-0.057772816075914
"3835","3835",1254,1254,1239,-0.0119617224880383
"3836","3836",1565,1719,2365,0.511182108626198
"8066","8066",1565,1719,2365,0.511182108626198
"3837","3837",1575,1682,1683,0.0685714285714286
"5141","5141",1575,1682,1683,0.0685714285714286
"3838","3838",1422,1256,1180,-0.170182841068917
"18384","18384",1422,1256,1180,-0.170182841068917
"3839","3839",3963,4583,4097,0.033812768104971
"3840","3840",6854,6905,6752,-0.0148818208345492
"3841","3841",4320,4300,4333,0.00300925925925926
"3842","3842",5453,5208,5435,-0.00330093526499175
"3843","3843",1476,1471,1529,0.0359078590785908
"3844","3844",1694,1698,1698,0.00236127508854782
"3845","3845",3671,2927,3346,-0.0885317352220104
"3846","3846",3174,3554,3174,0
"3847","3847",3086,4005,3202,0.0375891121192482
"3848","3848",2619,2621,2695,0.0290187094310806
"3849","3849",2013,2013,2018,0.00248385494287134
"3850","3850",1488,1754,1662,0.116935483870968
"3851","3851",2448,2448,2447,-0.000408496732026144
"16750","16750",2448,2448,2447,-0.000408496732026144
"3852","3852",4009,3985,4017,0.00199551010226989
"3853","3853",2978,2977,2978,0
"3854","3854",5603,5997,6103,0.0892379082634303
"3855","3855",5921,5952,6234,0.0528626921128188
"3856","3856",1723,1784,1723,0
"3857","3857",1510,1510,1434,-0.0503311258278146
"3858","3858",1880,1887,1890,0.00531914893617021
"3859","3859",2177,2206,2144,-0.0151584749655489
"3860","3860",6832,6037,5630,-0.175936768149883
"3861","3861",1676,1675,1633,-0.0256563245823389
"3862","3862",3029,2684,2754,-0.0907890392868934
"3863","3863",2164,2162,2137,-0.0124768946395564
"3864","3864",4754,4754,5002,0.0521665965502735
"3865","3865",3531,4189,4189,0.186349476069102
"3866","3866",2984,3371,4154,0.392091152815013
"3867","3867",6535,6567,6353,-0.0278500382555471
"3868","3868",2368,2344,2873,0.213260135135135
"8234","8234",2368,2344,2873,0.213260135135135
"3869","3869",4798,4983,5456,0.137140475197999
"3870","3870",1582,1553,2072,0.309734513274336
"10162","10162",1582,1553,2072,0.309734513274336
"19904","19904",1582,1553,2072,0.309734513274336
"3871","3871",1482,996,997,-0.327260458839406
"3872","3872",1676,1676,1676,0
"3873","3873",1566,1568,1577,0.0070242656449553
"3874","3874",2975,3101,3031,0.0188235294117647
"3875","3875",3469,3847,3913,0.127990775439608
"3876","3876",3518,3524,3245,-0.0776009096077317
"3877","3877",2363,2634,2696,0.140922556072789
"3878","3878",1519,1520,1502,-0.011191573403555
"3879","3879",3574,3641,3714,0.0391717963066592
"3880","3880",2040,2049,1881,-0.0779411764705882
"3881","3881",1662,1618,1605,-0.0342960288808664
"3882","3882",2097,2095,2098,0.000476871721506915
"3883","3883",1717,1601,1601,-0.0675596971461852
"3884","3884",6061,7365,7184,0.18528295660782
"3885","3885",2004,2017,2775,0.384730538922156
"3886","3886",3645,3942,3633,-0.00329218106995885
"3887","3887",1314,1314,1286,-0.0213089802130898
"3888","3888",1452,1732,1447,-0.0034435261707989
"3889","3889",3236,3214,3214,-0.00679851668726823
"3890","3890",5360,5356,5144,-0.0402985074626866
"3891","3891",1543,1544,1552,0.00583279325988334
"3892","3892",6187,6171,6540,0.0570551155648941
"3893","3893",1605,1622,1248,-0.222429906542056
"5248","5248",1605,1622,1248,-0.222429906542056
"3894","3894",1023,971,1029,0.00586510263929619
"3895","3895",6498,5595,5443,-0.162357648507233
"3896","3896",5441,5435,5536,0.0174600257305642
"3897","3897",5818,6385,5589,-0.0393606050189068
"3898","3898",2214,1926,1914,-0.13550135501355
"3899","3899",2707,2459,2438,-0.0993719985223495
"3900","3900",4138,4939,4960,0.198646689221846
"3901","3901",6319,6336,6381,0.0098116790631429
"3902","3902",1463,1625,2152,0.47095010252905
"3903","3903",4545,4801,4641,0.0211221122112211
"3904","3904",2376,2359,2359,-0.00715488215488216
"3905","3905",3920,3545,3855,-0.0165816326530612
"3906","3906",2180,2127,2127,-0.0243119266055046
"3907","3907",1747,1747,2235,0.279336004579279
"3908","3908",2245,2245,2265,0.0089086859688196
"3909","3909",6104,5780,5774,-0.0540629095674967
"3910","3910",3866,3748,3777,-0.0230212105535437
"3911","3911",3317,3317,3317,0
"3912","3912",1476,1452,1455,-0.0142276422764228
"3913","3913",4008,3799,4307,0.0746007984031936
"3914","3914",4140,3615,3616,-0.126570048309179
"14737","14737",4140,3615,3616,-0.126570048309179
"3915","3915",2980,2979,3257,0.0929530201342282
"3916","3916",999,999,1010,0.011011011011011
"3917","3917",1496,1477,1496,0
"3919","3919",2758,2017,2017,-0.268672951414068
"3921","3921",4375,4540,4504,0.0294857142857143
"3922","3922",1740,1713,1744,0.00229885057471264
"7190","7190",1740,1713,1744,0.00229885057471264
"3923","3923",5840,5415,4396,-0.247260273972603
"3924","3924",2895,2779,2936,0.0141623488773748
"3925","3925",1362,1409,945,-0.306167400881057
"3926","3926",2236,2236,2381,0.0648479427549195
"3927","3927",995,1027,996,0.00100502512562814
"5365","5365",995,1027,996,0.00100502512562814
"3928","3928",2526,2518,2520,-0.00237529691211401
"3929","3929",6210,6669,5570,-0.103059581320451
"3930","3930",6941,6962,7564,0.0897565192335398
"3931","3931",1953,1874,1802,-0.0773169482846902
"3932","3932",3442,3431,3471,0.0084253341080767
"3933","3933",4453,4962,4939,0.109139905681563
"3934","3934",4770,4732,4710,-0.0125786163522013
"3935","3935",1843,2024,1986,0.0775908844275638
"3936","3936",2506,2506,2501,-0.0019952114924182
"3937","3937",1420,1428,1724,0.214084507042254
"4524","4524",1420,1428,1724,0.214084507042254
"3938","3938",3221,3596,3293,0.0223533064265756
"3939","3939",5154,5407,5200,0.00892510671323244
"3940","3940",2013,2045,1766,-0.122702434177844
"3941","3941",2864,2792,2126,-0.25768156424581
"3942","3942",3734,3699,3769,0.00937332619175147
"3943","3943",5698,5868,5490,-0.0365040365040365
"3944","3944",4665,4091,4009,-0.140621650589496
"3945","3945",4356,4180,4183,-0.0397153351698806
"3947","3947",8796,8915,7752,-0.11869031377899
"3948","3948",1886,1886,1884,-0.00106044538706257
"3949","3949",2595,2769,2739,0.0554913294797688
"8872","8872",2595,2769,2739,0.0554913294797688
"3950","3950",1496,1579,1581,0.0568181818181818
"3951","3951",6047,6137,6114,0.0110798743178436
"3952","3952",1048,1047,1054,0.00572519083969466
"3953","3953",3069,3160,3094,0.00814597588791137
"3954","3954",7163,7241,6589,-0.080134022057797
"3955","3955",1630,1547,2777,0.703680981595092
"3956","3956",5909,5911,5884,-0.00423083432052801
"3957","3957",481,485,485,0.00831600831600832
"3958","3958",1259,1693,1743,0.384432088959492
"3959","3959",1412,1409,1531,0.0842776203966006
"8434","8434",1412,1409,1531,0.0842776203966006
"12113","12113",1412,1409,1531,0.0842776203966006
"3960","3960",2162,2162,2162,0
"12669","12669",2162,2162,2162,0
"3961","3961",3900,5357,4979,0.276666666666667
"3962","3962",2575,2562,2556,-0.00737864077669903
"5860","5860",2575,2562,2556,-0.00737864077669903
"3964","3964",2365,2364,2421,0.0236786469344609
"3965","3965",1848,1848,2063,0.116341991341991
"5099","5099",1848,1848,2063,0.116341991341991
"3966","3966",2028,1499,1540,-0.240631163708087
"3967","3967",2520,2812,2474,-0.0182539682539683
"3968","3968",1846,1852,1742,-0.0563380281690141
"3970","3970",2956,2956,2514,-0.149526387009472
"3971","3971",1905,1922,1922,0.0089238845144357
"3972","3972",2589,2478,2479,-0.0424874468906914
"3973","3973",7104,7048,6701,-0.0567286036036036
"3974","3974",2579,2448,1953,-0.242729740209383
"3975","3975",5102,5102,4915,-0.0366522932183457
"3976","3976",5530,5432,5003,-0.0952983725135624
"3977","3977",2653,2653,2652,-0.000376931775348662
"3978","3978",1752,1714,1704,-0.0273972602739726
"3979","3979",2132,2133,2423,0.136491557223265
"3980","3980",3785,3792,3944,0.0420079260237781
"7023","7023",3785,3792,3944,0.0420079260237781
"3981","3981",5302,5295,4864,-0.0826103357223689
"9403","9403",5302,5295,4864,-0.0826103357223689
"3982","3982",2502,2671,2797,0.117905675459632
"3983","3983",817,813,813,-0.00489596083231334
"3984","3984",4285,4289,4263,-0.00513418903150525
"3985","3985",4817,5226,4840,0.00477475607224413
"3986","3986",4446,4653,4388,-0.0130454340980657
"3987","3987",9721,10714,10693,0.0999897129924905
"3988","3988",4093,4093,4028,-0.0158807720498412
"3989","3989",2514,2565,2585,0.02824184566428
"11851","11851",2514,2565,2585,0.02824184566428
"3990","3990",2531,2530,2523,-0.00316080600553141
"3991","3991",5038,4862,5060,0.00436681222707424
"3992","3992",3009,3009,3010,0.000332336324360253
"3993","3993",3889,4067,3878,-0.00282849061455387
"4960","4960",3889,4067,3878,-0.00282849061455387
"3994","3994",2770,2430,2865,0.0342960288808664
"3995","3995",3759,3449,3665,-0.0250066507049747
"3996","3996",1454,1454,1399,-0.0378266850068776
"3997","3997",2798,2798,2741,-0.0203716940671908
"3998","3998",6011,6119,6081,0.0116453169189819
"3999","3999",2587,2738,2759,0.0664862775415539
"4000","4000",1487,1435,1320,-0.112306657700067
"4001","4001",1361,1477,1707,0.254224834680382
"4002","4002",2575,2575,2749,0.0675728155339806
"4003","4003",6130,6120,5529,-0.0980424143556281
"4004","4004",1316,1316,1270,-0.0349544072948328
"4005","4005",1183,1183,1183,0
"12022","12022",1183,1183,1183,0
"4006","4006",1933,2020,1816,-0.0605276771857217
"4007","4007",2378,2377,2199,-0.075273338940286
"4008","4008",751,938,925,0.231691078561917
"4009","4009",3241,3337,2967,-0.0845418080839247
"4010","4010",4335,4433,4206,-0.029757785467128
"4011","4011",5567,5557,5628,0.0109574276989402
"4012","4012",1889,1889,1888,-0.000529380624669137
"4013","4013",5690,5536,5596,-0.0165202108963093
"4014","4014",5455,4452,4369,-0.199083409715857
"4015","4015",2667,2308,2343,-0.1214848143982
"12441","12441",2667,2308,2343,-0.1214848143982
"4016","4016",3296,3283,3283,-0.00394417475728155
"4017","4017",1754,2419,2209,0.259407069555302
"4018","4018",2931,2638,2788,-0.0487888092801092
"4019","4019",2479,2958,2679,0.0806776926179911
"4020","4020",1152,1152,1152,0
"4021","4021",2612,2612,2618,0.00229709035222052
"4022","4022",1385,1385,1322,-0.0454873646209386
"4023","4023",10569,10241,10035,-0.0505251206358217
"4025","4025",3814,3814,3818,0.0010487676979549
"4026","4026",4628,4686,3991,-0.137640449438202
"4027","4027",3284,3114,3578,0.0895249695493301
"4028","4028",2695,2696,2754,0.0218923933209648
"5593","5593",2695,2696,2754,0.0218923933209648
"6896","6896",2695,2696,2754,0.0218923933209648
"4029","4029",1709,1897,2686,0.571679344645992
"4030","4030",3557,3556,3553,-0.00112454315434355
"4031","4031",3906,3835,3354,-0.141321044546851
"4032","4032",4753,4003,4309,-0.0934146854618136
"4033","4033",6966,7180,5967,-0.143410852713178
"4034","4034",4702,4610,4587,-0.0244576775840068
"4035","4035",4647,4914,4487,-0.034430815579944
"4036","4036",2419,2433,2426,0.00289375775113683
"4037","4037",2392,2392,2387,-0.00209030100334448
"8223","8223",2392,2392,2387,-0.00209030100334448
"4038","4038",6803,6894,6327,-0.0699691312656181
"4039","4039",4349,4349,4398,0.0112669579213612
"4040","4040",6070,6047,5943,-0.0209225700164745
"4041","4041",2471,2392,2618,0.0594900849858357
"8867","8867",2471,2392,2618,0.0594900849858357
"4042","4042",1775,1838,1860,0.047887323943662
"4043","4043",2208,2445,2424,0.0978260869565217
"4044","4044",4961,4789,4655,-0.0616811126788954
"4045","4045",3036,3153,3156,0.0395256916996047
"4046","4046",2007,2038,2005,-0.000996512207274539
"4047","4047",4624,5236,4666,0.00908304498269896
"4048","4048",3346,3724,4126,0.233114166168559
"4049","4049",2550,2351,2351,-0.0780392156862745
"4050","4050",4904,4198,4345,-0.113988580750408
"4051","4051",3006,3005,3006,0
"4052","4052",2491,2492,2481,-0.00401445202729827
"4053","4053",2838,3597,3657,0.288583509513742
"12081","12081",2838,3597,3657,0.288583509513742
"4054","4054",1268,1268,1268,0
"14010","14010",1268,1268,1268,0
"4055","4055",5003,4573,4574,-0.0857485508694783
"4056","4056",2903,2868,2872,-0.0106786083362039
"4057","4057",2600,2600,3227,0.241153846153846
"4058","4058",3846,4407,3679,-0.0434217368694748
"4059","4059",7250,7823,6597,-0.0900689655172414
"4060","4060",6511,6903,6382,-0.0198126247888189
"4061","4061",2754,2754,3531,0.282135076252723
"4062","4062",4029,4429,3586,-0.109952841896252
"4063","4063",5023,5049,4807,-0.0430021899263388
"4064","4064",2532,2371,2460,-0.028436018957346
"4065","4065",4196,4203,3743,-0.107959961868446
"4066","4066",3034,3082,3189,0.0510876730388925
"4067","4067",2035,1608,1587,-0.22014742014742
"4068","4068",2233,2347,2134,-0.0443349753694581
"4069","4069",7125,6615,7096,-0.00407017543859649
"4070","4070",1432,1432,1432,0
"4071","4071",4753,4757,4323,-0.0904691773616663
"4072","4072",8653,8618,8306,-0.0401016988327748
"4073","4073",4527,4430,4394,-0.0293792798762978
"4074","4074",2011,2011,2008,-0.00149179512680259
"4075","4075",739,785,947,0.281461434370771
"4712","4712",739,785,947,0.281461434370771
"4076","4076",2690,2690,2704,0.00520446096654275
"4077","4077",1400,1399,1361,-0.0278571428571429
"4078","4078",3483,3465,3425,-0.0166523112259546
"4079","4079",5885,6223,5746,-0.0236193712829227
"4080","4080",951,963,851,-0.10515247108307
"4081","4081",4459,5146,5029,0.127831352321148
"4082","4082",2177,2176,2246,0.0316949931097841
"4083","4083",1571,1674,1685,0.0725652450668364
"4084","4084",892,891,1096,0.228699551569507
"9567","9567",892,891,1096,0.228699551569507
"4085","4085",3253,3227,3268,0.00461112818936366
"7707","7707",3253,3227,3268,0.00461112818936366
"12691","12691",3253,3227,3268,0.00461112818936366
"4086","4086",2664,2696,2699,0.0131381381381381
"4087","4087",3982,3982,3759,-0.0560020090406831
"4088","4088",2499,2492,2277,-0.0888355342136855
"4089","4089",3659,4156,3507,-0.0415414047553977
"4090","4090",3622,3650,3638,0.00441744892324683
"4091","4091",5653,5777,5659,0.00106138333628162
"4092","4092",6478,6989,6272,-0.0317999382525471
"4093","4093",2449,2088,2143,-0.124948958758677
"4094","4094",9125,8817,9256,0.0143561643835616
"4095","4095",1470,1470,1465,-0.00340136054421769
"4096","4096",2408,2520,2579,0.0710132890365448
"4097","4097",1900,1900,1904,0.00210526315789474
"4098","4098",2489,2463,2683,0.0779429489754922
"4099","4099",5532,5533,5153,-0.0685104844540853
"4100","4100",7484,8446,8434,0.126937466595404
"4101","4101",2459,2374,2614,0.0630337535583571
"4102","4102",2600,2602,2616,0.00615384615384615
"4103","4103",1668,1829,1813,0.0869304556354916
"4104","4104",5069,5055,5150,0.0159794831327678
"4105","4105",4294,4293,4309,0.00349324639031206
"4106","4106",2753,2753,2554,-0.0722847802397385
"4107","4107",3587,3621,3452,-0.0376359074435461
"4108","4108",4493,4656,4700,0.0460716670376141
"4109","4109",4458,4458,4458,0
"4110","4110",1623,1470,1470,-0.0942698706099815
"4111","4111",1673,1672,1674,0.000597728631201434
"4112","4112",950,966,883,-0.0705263157894737
"4113","4113",2684,2667,2402,-0.105067064083458
"9221","9221",2684,2667,2402,-0.105067064083458
"4114","4114",2411,2406,2403,-0.00331812525922854
"4115","4115",2154,2256,2256,0.0473537604456825
"4116","4116",1451,1351,1295,-0.107512060647829
"4117","4117",3097,3034,2779,-0.102680012915725
"4118","4118",3813,3813,3766,-0.012326252294781
"4119","4119",4612,4154,4676,0.0138768430182134
"4121","4121",8006,8009,7650,-0.0444666500124906
"4122","4122",2336,2336,2414,0.0333904109589041
"4123","4123",1195,1194,1194,-0.000836820083682008
"4124","4124",2522,2720,2542,0.00793021411578113
"4125","4125",3003,3003,3006,0.000999000999000999
"4126","4126",3253,2917,3293,0.0122963418383031
"4127","4127",1960,1873,1699,-0.133163265306122
"4128","4128",3041,3031,3094,0.017428477474515
"4129","4129",1599,1575,1575,-0.0150093808630394
"4130","4130",2371,2371,2439,0.0286798819063686
"4131","4131",2695,2344,2344,-0.130241187384045
"4133","4133",2912,2948,3005,0.0319368131868132
"4134","4134",1892,2107,1892,0
"4753","4753",1892,2107,1892,0
"5877","5877",1892,2107,1892,0
"12518","12518",1892,2107,1892,0
"4135","4135",2953,2988,2948,-0.00169319336268202
"4136","4136",3082,2989,2989,-0.0301752109020117
"4137","4137",5720,6493,6233,0.0896853146853147
"4138","4138",3284,3267,3693,0.124543239951279
"4139","4139",1511,1511,1495,-0.0105890138980807
"4140","4140",3460,3461,3698,0.0687861271676301
"4141","4141",2107,2189,1930,-0.0840056953013764
"4142","4142",2736,2707,2806,0.0255847953216374
"4143","4143",1377,1377,1377,0
"4144","4144",2978,2978,3156,0.0597716588314305
"4145","4145",4398,3755,3495,-0.205320600272851
"4146","4146",2477,3429,2563,0.0347194186515947
"4147","4147",1865,1865,1835,-0.0160857908847185
"16734","16734",1865,1865,1835,-0.0160857908847185
"4148","4148",1108,1230,1231,0.11101083032491
"4149","4149",7769,8871,7730,-0.00501995108765607
"4150","4150",752,756,685,-0.0890957446808511
"4151","4151",8451,8448,8784,0.0394036208732694
"4152","4152",4554,4656,4656,0.0223978919631094
"4153","4153",1096,1096,1163,0.0611313868613139
"4155","4155",2983,2982,3025,0.0140797854508884
"4156","4156",2610,2610,2586,-0.00919540229885057
"4157","4157",2870,4088,4360,0.519163763066202
"4158","4158",2701,2701,2802,0.0373935579415031
"4159","4159",1308,1308,2350,0.796636085626911
"10620","10620",1308,1308,2350,0.796636085626911
"4160","4160",3470,3379,2927,-0.156484149855908
"4161","4161",3123,2985,3154,0.00992635286583413
"4162","4162",2584,2556,2564,-0.00773993808049536
"4163","4163",1707,1915,2246,0.315758640890451
"11478","11478",1707,1915,2246,0.315758640890451
"4164","4164",3241,3321,3174,-0.0206726319037334
"4165","4165",1387,1883,1768,0.274693583273252
"12672","12672",1387,1883,1768,0.274693583273252
"4166","4166",1863,1437,1437,-0.22866344605475
"4167","4167",5837,5837,4972,-0.148192564673634
"4168","4168",1353,1696,1696,0.253510716925351
"4169","4169",5624,6370,6219,0.105796586059744
"4170","4170",2396,2395,2481,0.0354757929883139
"4171","4171",5333,5333,3726,-0.301331333208326
"4172","4172",2651,2651,2594,-0.021501320256507
"4173","4173",895,895,895,0
"4174","4174",4705,4495,4495,-0.0446333687566419
"4175","4175",1593,1594,1646,0.0332705586942875
"4176","4176",2214,2214,2215,0.0004516711833785
"13994","13994",2214,2214,2215,0.0004516711833785
"4177","4177",1949,1858,2366,0.213955874807594
"10491","10491",1949,1858,2366,0.213955874807594
"11691","11691",1949,1858,2366,0.213955874807594
"4178","4178",3873,3197,3997,0.0320165246578879
"6772","6772",3873,3197,3997,0.0320165246578879
"12058","12058",3873,3197,3997,0.0320165246578879
"4180","4180",3464,3170,3092,-0.107390300230947
"4182","4182",1333,1318,1961,0.471117779444861
"8485","8485",1333,1318,1961,0.471117779444861
"12649","12649",1333,1318,1961,0.471117779444861
"15281","15281",1333,1318,1961,0.471117779444861
"4183","4183",3503,3594,3225,-0.0793605481016272
"4184","4184",4725,4671,4793,0.0143915343915344
"4185","4185",2994,2996,2507,-0.162658650634603
"4186","4186",3244,3251,3007,-0.0730579531442663
"4187","4187",13152,14882,12278,-0.0664537712895377
"4188","4188",1798,1798,1799,0.000556173526140156
"4189","4189",1984,1660,1682,-0.152217741935484
"11473","11473",1984,1660,1682,-0.152217741935484
"19908","19908",1984,1660,1682,-0.152217741935484
"4190","4190",2836,3117,3086,0.0881523272214386
"4191","4191",3099,3264,3217,0.0380767989674088
"4192","4192",2874,2909,2905,0.0107863604732081
"4193","4193",5816,5836,5815,-0.000171939477303989
"4194","4194",3610,3712,3817,0.0573407202216066
"4195","4195",13952,12891,12600,-0.0969036697247706
"4196","4196",1279,1290,1400,0.0946051602814699
"4197","4197",2948,2935,2707,-0.0817503392130258
"8895","8895",2948,2935,2707,-0.0817503392130258
"4198","4198",1139,1139,1139,0
"4199","4199",2015,2054,2003,-0.00595533498759305
"4200","4200",3683,3730,3754,0.0192777626934564
"4201","4201",4856,4939,5259,0.0829901153212521
"4202","4202",3746,4367,3929,0.0488521089161773
"4203","4203",908,905,857,-0.0561674008810573
"14261","14261",908,905,857,-0.0561674008810573
"4204","4204",4994,4997,4255,-0.147977573087705
"4205","4205",1417,1417,1331,-0.0606916019760056
"4206","4206",3397,3490,3449,0.015307624374448
"4207","4207",2575,2575,2616,0.0159223300970874
"4208","4208",2599,2366,2565,-0.0130819545979223
"4209","4209",1407,1416,1286,-0.085998578535892
"4210","4210",2819,2803,3010,0.0677545228804541
"6638","6638",2819,2803,3010,0.0677545228804541
"14114","14114",2819,2803,3010,0.0677545228804541
"4211","4211",4669,4661,4669,0
"4212","4212",3853,3721,3744,-0.0282896444329094
"4213","4213",4372,4075,3959,-0.0944647758462946
"4214","4214",4113,4200,4201,0.0213955750060783
"4215","4215",2963,2963,2961,-0.000674991562605467
"4216","4216",1051,1051,1051,0
"4217","4217",3086,3187,2871,-0.0696694750486066
"12870","12870",3086,3187,2871,-0.0696694750486066
"14372","14372",3086,3187,2871,-0.0696694750486066
"4218","4218",5119,5121,4180,-0.183434264504786
"4219","4219",1711,1711,1582,-0.0753945061367621
"4220","4220",5802,5782,4880,-0.158910720441227
"4221","4221",1983,1983,2046,0.0317700453857791
"4222","4222",1025,1025,827,-0.193170731707317
"4225","4225",5119,4248,5580,0.0900566516897832
"4227","4227",1791,1830,1662,-0.0720268006700168
"4228","4228",2718,2722,2664,-0.0198675496688742
"4229","4229",4539,4706,4008,-0.116986120290813
"4230","4230",1239,1275,1169,-0.0564971751412429
"4231","4231",4101,4036,3878,-0.0543769812240917
"4232","4232",2271,2271,2309,0.0167327168648173
"4233","4233",5520,5034,4849,-0.121557971014493
"4234","4234",3232,3280,3273,0.0126856435643564
"4236","4236",2351,2351,1840,-0.217354317311782
"4238","4238",1312,1603,1290,-0.0167682926829268
"4239","4239",2944,2945,2889,-0.0186820652173913
"14295","14295",2944,2945,2889,-0.0186820652173913
"4240","4240",7419,6621,6573,-0.1140315406389
"4241","4241",2106,2107,2071,-0.01661918328585
"4242","4242",8003,7994,8277,0.0342371610646008
"4243","4243",1720,1678,1795,0.0436046511627907
"4244","4244",2510,2484,2566,0.0223107569721116
"4245","4245",2357,1466,1464,-0.378871446754349
"4246","4246",6555,6555,6555,0
"4247","4247",3479,3895,3961,0.138545559068698
"4248","4248",987,1040,987,0
"11917","11917",987,1040,987,0
"4249","4249",2597,3354,2827,0.0885637273777436
"4250","4250",1619,1647,1661,0.0259419394688079
"4251","4251",2202,2448,2165,-0.016802906448683
"4252","4252",5751,5786,5656,-0.0165188662841245
"6507","6507",5751,5786,5656,-0.0165188662841245
"4253","4253",2715,2461,2647,-0.0250460405156538
"4254","4254",1520,1451,1290,-0.151315789473684
"6157","6157",1520,1451,1290,-0.151315789473684
"4255","4255",5150,5672,5471,0.0623300970873786
"4256","4256",2590,2590,2287,-0.116988416988417
"4257","4257",3939,3764,3665,-0.0695608022340696
"4258","4258",5801,5510,5231,-0.0982589208757111
"4259","4259",2377,2510,2490,0.0475389145982331
"4260","4260",1520,1456,1605,0.0559210526315789
"4261","4261",3153,4458,3560,0.129083412622899
"17435","17435",3153,4458,3560,0.129083412622899
"4262","4262",1574,1647,1764,0.120711562897078
"10626","10626",1574,1647,1764,0.120711562897078
"12400","12400",1574,1647,1764,0.120711562897078
"14265","14265",1574,1647,1764,0.120711562897078
"4263","4263",3446,3396,3458,0.00348229831688915
"4264","4264",1966,1966,1966,0
"4265","4265",3721,3715,3752,0.0083310937919914
"4266","4266",3720,3708,3661,-0.0158602150537634
"4267","4267",2140,2186,2465,0.151869158878505
"4268","4268",5175,5175,5580,0.0782608695652174
"6605","6605",5175,5175,5580,0.0782608695652174
"4269","4269",9456,8256,9585,0.0136421319796954
"4270","4270",11523,12225,11532,0.000781046602447279
"4271","4271",11777,11119,11078,-0.0593529761399338
"4272","4272",2454,1837,1898,-0.226568867155664
"4273","4273",4504,4422,4469,-0.0077708703374778
"4274","4274",3946,3477,3727,-0.055499239736442
"4275","4275",3118,3441,3056,-0.0198845413726748
"17539","17539",3118,3441,3056,-0.0198845413726748
"4276","4276",2058,2057,2057,-0.000485908649173955
"4278","4278",1898,2373,2373,0.250263435194942
"4279","4279",7782,6297,7088,-0.0891801593420714
"4280","4280",1237,1242,1445,0.168148746968472
"4281","4281",5006,4177,3574,-0.286056731921694
"4282","4282",8080,8253,7184,-0.110891089108911
"4283","4283",1906,1905,1905,-0.000524658971668416
"4284","4284",3655,3856,3899,0.0667578659370725
"4285","4285",1387,1556,1347,-0.0288392213410238
"4286","4286",3673,4005,4013,0.092567383610128
"4287","4287",5614,5542,5607,-0.00124688279301746
"4288","4288",5557,5547,5603,0.00827784775958251
"4289","4289",4076,3936,3678,-0.0976447497546614
"19630","19630",4076,3936,3678,-0.0976447497546614
"4290","4290",14593,14588,14064,-0.0362502569725211
"4291","4291",2084,2108,2560,0.228406909788868
"4292","4292",5903,4708,4637,-0.214467220057598
"4293","4293",2938,3217,3561,0.212049012933969
"4294","4294",5667,5709,5444,-0.0393506264337392
"4295","4295",2217,2232,2023,-0.0875056382498872
"4296","4296",3270,3322,3996,0.222018348623853
"4297","4297",1334,1442,1787,0.339580209895052
"17005","17005",1334,1442,1787,0.339580209895052
"17809","17809",1334,1442,1787,0.339580209895052
"4298","4298",1777,1491,1503,-0.1541924592009
"12127","12127",1777,1491,1503,-0.1541924592009
"13326","13326",1777,1491,1503,-0.1541924592009
"13942","13942",1777,1491,1503,-0.1541924592009
"15584","15584",1777,1491,1503,-0.1541924592009
"4299","4299",1743,1743,1743,0
"4300","4300",2005,2005,2356,0.175062344139651
"4301","4301",2436,3191,3107,0.275451559934319
"4303","4303",1744,2716,2757,0.580848623853211
"4304","4304",2989,2934,2802,-0.0625627300100368
"4305","4305",2678,2607,2569,-0.0407020164301718
"4306","4306",6195,6335,6695,0.0807102502017756
"4307","4307",5351,4989,4989,-0.0676509063726406
"4308","4308",1329,1334,2943,1.21444695259594
"4309","4309",2440,2442,2442,0.000819672131147541
"4310","4310",5578,6507,6347,0.137863033345285
"4311","4311",1648,1648,1437,-0.128033980582524
"15491","15491",1648,1648,1437,-0.128033980582524
"4312","4312",3167,3292,3325,0.049889485317335
"4313","4313",8198,8333,9240,0.127104171749207
"4314","4314",978,991,1005,0.0276073619631902
"4315","4315",2748,2903,3090,0.124454148471616
"4316","4316",8223,8766,8239,0.00194576188738903
"4317","4317",2061,2206,1806,-0.12372634643377
"4318","4318",7444,7467,6674,-0.103439011284256
"4319","4319",2070,2029,2424,0.171014492753623
"4320","4320",2307,2307,2307,0
"4321","4321",1140,1140,1141,0.00087719298245614
"4322","4322",4554,4523,3836,-0.157663592446201
"4323","4323",1155,1442,1309,0.133333333333333
"4324","4324",1033,1034,1068,0.0338818973862536
"4325","4325",6855,6841,7141,0.0417213712618527
"4326","4326",1287,1287,1289,0.00155400155400155
"10179","10179",1287,1287,1289,0.00155400155400155
"19996","19996",1287,1287,1289,0.00155400155400155
"4327","4327",1316,1317,1458,0.10790273556231
"5232","5232",1316,1317,1458,0.10790273556231
"17257","17257",1316,1317,1458,0.10790273556231
"4328","4328",1670,1670,1670,0
"14932","14932",1670,1670,1670,0
"4329","4329",10681,10682,9447,-0.115532253534313
"4330","4330",4367,4106,3654,-0.163269979390886
"4331","4331",6172,6172,6133,-0.00631885936487362
"4332","4332",4069,3439,3528,-0.132956500368641
"9214","9214",4069,3439,3528,-0.132956500368641
"4333","4333",3055,2985,3521,0.15253682487725
"4334","4334",3155,2883,2477,-0.214896988906498
"4335","4335",4246,3914,3918,-0.0772491756947715
"4336","4336",999,999,999,0
"5544","5544",999,999,999,0
"4337","4337",3464,3464,3462,-0.000577367205542725
"4338","4338",3382,3570,3189,-0.0570668243642815
"4339","4339",4394,4317,3654,-0.168411470186618
"4340","4340",877,1114,1072,0.222348916761688
"4341","4341",3503,3073,3118,-0.109905795032829
"4342","4342",5261,5170,3916,-0.255654818475575
"4343","4343",5078,5213,5142,0.0126033871602993
"4344","4344",3533,3533,3527,-0.00169827342202095
"4345","4345",5556,5245,5397,-0.0286177105831533
"4346","4346",4045,4065,3947,-0.0242274412855377
"4347","4347",3526,3830,3921,0.112024957458877
"4348","4348",2839,2827,2827,-0.00422684043677351
"4349","4349",668,655,655,-0.0194610778443114
"6569","6569",668,655,655,-0.0194610778443114
"4350","4350",6592,6587,6389,-0.0307949029126214
"4351","4351",6948,7790,7289,0.0490788716177317
"4353","4353",3359,3359,3643,0.0845489729086037
"4354","4354",1943,1826,1738,-0.105506948018528
"19910","19910",1943,1826,1738,-0.105506948018528
"4355","4355",1522,1522,1531,0.00591327201051248
"4356","4356",5637,5641,5638,0.000177399325882562
"4357","4357",1618,1606,1684,0.0407911001236094
"4358","4358",2609,2609,2568,-0.0157148332694519
"4359","4359",4067,4067,4199,0.0324563560363905
"4360","4360",3787,4235,3864,0.0203327171903882
"4361","4361",2678,2671,2671,-0.00261389096340553
"4362","4362",2802,2893,2890,0.0314061384725196
"16957","16957",2802,2893,2890,0.0314061384725196
"4363","4363",3826,3715,3727,-0.0258755880815473
"4364","4364",3189,3330,2530,-0.20664785199122
"4365","4365",2969,2991,2997,0.00943078477601886
"4366","4366",5017,5016,5017,0
"4367","4367",3667,3124,3169,-0.135805835833106
"4368","4368",2207,2228,2540,0.150883552333484
"17354","17354",2207,2228,2540,0.150883552333484
"4369","4369",2289,2708,2116,-0.0755788553953692
"18459","18459",2289,2708,2116,-0.0755788553953692
"4370","4370",2231,2235,2235,0.00179291797400269
"4371","4371",5225,5958,5156,-0.0132057416267943
"4372","4372",1284,1291,1291,0.00545171339563863
"11596","11596",1284,1291,1291,0.00545171339563863
"4373","4373",5526,5491,5473,-0.00959102424900471
"4374","4374",3115,2990,2987,-0.041091492776886
"4375","4375",2783,2834,3244,0.165648580668344
"4376","4376",3351,3351,3007,-0.102655923604894
"4377","4377",4424,4690,4435,0.00248643761301989
"4378","4378",2161,2902,2700,0.249421564090699
"4379","4379",1914,1914,1738,-0.0919540229885057
"4380","4380",2547,2454,2454,-0.0365135453474676
"4382","4382",1942,1942,1901,-0.0211122554067971
"4383","4383",2671,2410,2466,-0.0767502807937102
"4384","4384",715,793,793,0.109090909090909
"4385","4385",747,747,747,0
"4386","4386",2028,2027,2232,0.100591715976331
"4387","4387",4700,4831,4884,0.0391489361702128
"4388","4388",1843,1828,1856,0.00705371676614216
"4389","4389",3905,4461,4202,0.076056338028169
"4390","4390",2634,2699,2624,-0.00379650721336371
"4391","4391",958,958,958,0
"4392","4392",3653,3653,3638,-0.00410621407062688
"4393","4393",4297,4816,4736,0.102164300674889
"4394","4394",3038,3329,3645,0.19980250164582
"4395","4395",6604,6603,6407,-0.0298304058146578
"4396","4396",3205,3193,2861,-0.107332293291732
"4397","4397",5462,5386,5387,-0.013731233980227
"4398","4398",3361,3594,3512,0.0449271050282654
"4399","4399",2535,2537,2537,0.000788954635108481
"4400","4400",2935,3015,2845,-0.030664395229983
"4598","4598",2935,3015,2845,-0.030664395229983
"4401","4401",1139,1251,1218,0.0693590869183494
"13151","13151",1139,1251,1218,0.0693590869183494
"14905","14905",1139,1251,1218,0.0693590869183494
"4402","4402",2933,3905,3919,0.33617456529151
"4403","4403",11797,11809,10883,-0.0774773247435789
"4404","4404",2056,1977,1992,-0.0311284046692607
"4405","4405",3083,3082,3031,-0.016866688290626
"4406","4406",3945,3910,4070,0.0316856780735108
"4407","4407",3273,3203,3256,-0.0051940116101436
"4408","4408",3047,2974,2766,-0.0922218575648178
"11258","11258",3047,2974,2766,-0.0922218575648178
"4409","4409",1313,1317,1692,0.288651942117289
"4410","4410",3420,3417,2194,-0.358479532163743
"4411","4411",4771,5243,5426,0.137287780339551
"4412","4412",3645,3936,3868,0.0611796982167353
"5491","5491",3645,3936,3868,0.0611796982167353
"4413","4413",4495,5025,4629,0.0298109010011123
"4414","4414",1754,1754,1740,-0.00798175598631699
"4416","4416",3382,3508,3523,0.0416913069189829
"4417","4417",1832,1520,1716,-0.0633187772925764
"4418","4418",1604,1604,1604,0
"4419","4419",2270,2274,1926,-0.151541850220264
"19443","19443",2270,2274,1926,-0.151541850220264
"4420","4420",3874,3512,3893,0.00490449148167269
"4421","4421",3425,3292,3188,-0.0691970802919708
"4422","4422",2618,2646,2494,-0.0473644003055768
"12980","12980",2618,2646,2494,-0.0473644003055768
"4423","4423",2753,4005,3718,0.350526698147476
"4424","4424",1925,1923,1957,0.0166233766233766
"4425","4425",2219,2029,3108,0.400630914826498
"4427","4427",4433,4619,4507,0.0166929844349199
"18048","18048",4433,4619,4507,0.0166929844349199
"4428","4428",3792,3793,3691,-0.0266350210970464
"4429","4429",2890,2558,2498,-0.135640138408304
"18150","18150",2890,2558,2498,-0.135640138408304
"4430","4430",1149,1149,1178,0.0252393385552654
"4431","4431",7113,6371,5930,-0.166315197525657
"4432","4432",8541,8473,8821,0.0327830464816766
"4433","4433",908,908,955,0.0517621145374449
"4434","4434",1882,1907,1921,0.0207226354941552
"4435","4435",1801,1795,1769,-0.0177679067184897
"4436","4436",2759,2759,2759,0
"16999","16999",2759,2759,2759,0
"4437","4437",3343,3642,3519,0.0526473227639844
"4438","4438",8549,8544,8551,0.000233945490700667
"4439","4439",876,876,876,0
"5254","5254",876,876,876,0
"4440","4440",1571,1571,1571,0
"4441","4441",2767,3179,2749,-0.00650524033249006
"4442","4442",6517,6752,6765,0.0380543194721498
"4443","4443",1666,1661,1965,0.179471788715486
"4886","4886",1666,1661,1965,0.179471788715486
"4444","4444",1838,1712,1712,-0.0685527747551687
"4445","4445",1137,1509,1509,0.327176781002639
"9927","9927",1137,1509,1509,0.327176781002639
"15966","15966",1137,1509,1509,0.327176781002639
"4446","4446",4071,4072,4086,0.00368459837877671
"4447","4447",2538,2538,2516,-0.0086682427107959
"4448","4448",1775,1781,1781,0.00338028169014085
"5515","5515",1775,1781,1781,0.00338028169014085
"7936","7936",1775,1781,1781,0.00338028169014085
"18890","18890",1775,1781,1781,0.00338028169014085
"4449","4449",2148,2175,2196,0.0223463687150838
"4450","4450",2499,2669,2679,0.0720288115246098
"11551","11551",2499,2669,2679,0.0720288115246098
"18236","18236",2499,2669,2679,0.0720288115246098
"4451","4451",1412,1412,1439,0.0191218130311615
"4452","4452",2429,2430,2533,0.0428159736517085
"16287","16287",2429,2430,2533,0.0428159736517085
"4453","4453",9955,9901,10692,0.0740331491712707
"4454","4454",4206,4206,4144,-0.0147408464098906
"4455","4455",3722,4139,4406,0.183772165502418
"4456","4456",1767,1767,1768,0.000565930956423316
"4457","4457",1812,1806,1937,0.0689845474613687
"7640","7640",1812,1806,1937,0.0689845474613687
"16145","16145",1812,1806,1937,0.0689845474613687
"4458","4458",1875,1934,1972,0.0517333333333333
"4459","4459",6225,5991,5970,-0.0409638554216867
"4460","4460",5417,5739,5658,0.0444895698726232
"4461","4461",10473,10453,10253,-0.0210063974028454
"4462","4462",1219,1220,1518,0.245283018867925
"4463","4463",1400,1382,1450,0.0357142857142857
"4464","4464",3320,3450,3551,0.069578313253012
"4466","4466",2872,2644,2400,-0.164345403899721
"14485","14485",2872,2644,2400,-0.164345403899721
"4467","4467",3632,3947,3491,-0.0388215859030837
"4468","4468",3638,3667,3138,-0.137438152831226
"4469","4469",2187,2180,2189,0.000914494741655235
"4470","4470",1907,1794,1527,-0.199265862611432
"4471","4471",4480,4356,4318,-0.0361607142857143
"4472","4472",4305,4834,4044,-0.0606271777003484
"4473","4473",4372,4307,3834,-0.123055809698079
"4474","4474",2272,2359,2276,0.00176056338028169
"4475","4475",1430,1438,1390,-0.027972027972028
"4476","4476",5509,5508,5508,-0.00018152114721365
"4477","4477",3587,3047,3092,-0.137998327293003
"4478","4478",2119,2119,2116,-0.00141576215195847
"4479","4479",2736,2675,2451,-0.104166666666667
"8068","8068",2736,2675,2451,-0.104166666666667
"4480","4480",664,664,664,0
"4481","4481",2226,2078,2326,0.0449236298292902
"4482","4482",6828,7013,6718,-0.0161101347393087
"4483","4483",4592,5313,5400,0.17595818815331
"4484","4484",5763,5711,5710,-0.00919659899357973
"4485","4485",1291,1248,1253,-0.029434546862897
"4487","4487",3285,3285,3666,0.115981735159817
"4488","4488",2430,2294,2785,0.146090534979424
"4489","4489",2928,2906,2906,-0.00751366120218579
"4490","4490",2902,3007,3007,0.0361819434872502
"4491","4491",3781,4000,3181,-0.158688177730759
"4492","4492",2235,2235,2017,-0.0975391498881432
"4493","4493",1474,1660,1864,0.264586160108548
"4494","4494",2613,3157,2703,0.034443168771527
"4495","4495",8981,9018,8716,-0.0295067364436032
"4496","4496",4826,3441,3151,-0.347078325735599
"4497","4497",2680,2679,2786,0.0395522388059701
"4498","4498",3502,3501,3513,0.00314106225014278
"4499","4499",1786,1788,1618,-0.0940649496080627
"4500","4500",6091,6898,6092,0.00016417665407979
"15074","15074",6091,6898,6092,0.00016417665407979
"4501","4501",7893,7913,7882,-0.00139363993411884
"4502","4502",3771,3713,3751,-0.00530363298859719
"4503","4503",795,789,857,0.0779874213836478
"4504","4504",2742,2533,2532,-0.0765864332603939
"4505","4505",5826,5634,5878,0.00892550635084106
"4506","4506",7135,5559,7090,-0.00630693763139453
"4507","4507",4563,4410,4586,0.00504054350208196
"4508","4508",7054,6985,7065,0.00155939892259711
"4509","4509",1803,1801,1727,-0.0421519689406545
"4510","4510",1547,1479,1431,-0.074983839689722
"9978","9978",1547,1479,1431,-0.074983839689722
"4511","4511",2432,1961,2009,-0.173930921052632
"4512","4512",2828,2828,3039,0.0746110325318246
"4513","4513",2287,2295,2549,0.114560559685177
"4514","4514",563,563,625,0.1101243339254
"4515","4515",2121,2173,2625,0.237623762376238
"4516","4516",4006,4208,3923,-0.0207189216175736
"4517","4517",6014,6013,6592,0.0961090788160958
"4518","4518",2595,2643,2671,0.0292870905587669
"4519","4519",2756,3128,2861,0.0380986937590711
"4520","4520",2585,2593,2388,-0.0762088974854932
"4521","4521",1702,1629,1322,-0.223266745005875
"18672","18672",1702,1629,1322,-0.223266745005875
"4522","4522",2601,2826,2449,-0.0584390618992695
"8160","8160",2601,2826,2449,-0.0584390618992695
"4523","4523",1111,1059,1182,0.0639063906390639
"4525","4525",4102,4626,4398,0.0721599219892735
"4526","4526",2185,2188,2370,0.0846681922196796
"4527","4527",6276,6277,6270,-0.000956022944550669
"4528","4528",2923,3060,3114,0.0653438248374957
"6901","6901",2923,3060,3114,0.0653438248374957
"4529","4529",1546,1548,1276,-0.174644243208279
"4531","4531",7046,7494,7313,0.0378938404768663
"4532","4532",1095,1159,1159,0.0584474885844749
"4533","4533",5801,5772,6379,0.0996379934494053
"4534","4534",3363,3849,3605,0.071959559916741
"4535","4535",1582,1908,1446,-0.0859671302149178
"4536","4536",3204,3128,2970,-0.0730337078651685
"4537","4537",2767,2767,2767,0
"4538","4538",2074,1863,2234,0.077145612343298
"4539","4539",5075,5053,4986,-0.0175369458128079
"4540","4540",2859,3243,3281,0.147604057362714
"4541","4541",3988,3926,3922,-0.0165496489468405
"4542","4542",2312,2337,2373,0.0263840830449827
"4543","4543",2716,2716,2525,-0.0703240058910162
"4544","4544",3141,3277,2909,-0.0738618274434893
"4545","4545",1361,1474,1474,0.0830271858927259
"4546","4546",2601,2748,2940,0.130334486735871
"4547","4547",4111,4544,4792,0.165653125760156
"4548","4548",1567,1631,1652,0.0542437779195916
"4549","4549",1280,1264,1491,0.16484375
"7204","7204",1280,1264,1491,0.16484375
"4550","4550",11530,11547,11107,-0.0366869037294016
"4551","4551",3016,3016,3014,-0.000663129973474801
"4552","4552",3383,3844,3131,-0.0744900975465563
"4553","4553",1168,1168,1226,0.0496575342465753
"4554","4554",7337,7338,7135,-0.027531688701104
"4555","4555",3036,2841,2279,-0.249341238471673
"4556","4556",1215,1154,1157,-0.0477366255144033
"4557","4557",1825,1555,1829,0.00219178082191781
"4558","4558",7110,7091,5853,-0.176793248945148
"4559","4559",7723,8551,7745,0.00284863395053736
"4560","4560",2614,2588,2810,0.0749808722264728
"4561","4561",2292,2249,2249,-0.018760907504363
"4563","4563",6942,7710,7935,0.143042350907519
"4564","4564",1429,1396,1409,-0.0139958012596221
"4566","4566",4920,4598,4625,-0.0599593495934959
"4567","4567",2725,2482,2476,-0.0913761467889908
"6038","6038",2725,2482,2476,-0.0913761467889908
"4568","4568",4722,4659,5000,0.0588733587462939
"4569","4569",2245,2184,2058,-0.0832962138084632
"4570","4570",6923,6925,6501,-0.0609562328470316
"4571","4571",1733,1666,1666,-0.0386612810155799
"4572","4572",1617,1735,1826,0.129251700680272
"4573","4573",11077,11162,11217,0.0126388011194367
"4574","4574",1360,1474,1365,0.00367647058823529
"4575","4575",8248,9030,8354,0.0128516003879728
"4576","4576",2787,3105,3124,0.12091855041263
"7814","7814",2787,3105,3124,0.12091855041263
"13344","13344",2787,3105,3124,0.12091855041263
"4577","4577",2443,2436,3388,0.386819484240688
"13979","13979",2443,2436,3388,0.386819484240688
"4578","4578",2644,2650,2694,0.018910741301059
"4579","4579",1835,1664,1664,-0.0931880108991826
"4580","4580",2539,2264,2432,-0.0421425758172509
"4581","4581",4137,3976,4237,0.0241721053903795
"4582","4582",2660,2858,2569,-0.0342105263157895
"4583","4583",1364,1364,1365,0.000733137829912023
"4584","4584",3459,3461,4094,0.183579069095114
"4585","4585",2486,2512,2584,0.0394207562349155
"4587","4587",1623,1622,1377,-0.151571164510166
"4588","4588",6488,6487,6435,-0.00816892725030826
"4589","4589",2775,2286,2330,-0.16036036036036
"4590","4590",1600,2056,1980,0.2375
"18999","18999",1600,2056,1980,0.2375
"4591","4591",3278,3290,3290,0.0036607687614399
"4592","4592",2726,2726,2616,-0.0403521643433602
"4593","4593",8176,8174,8023,-0.0187133072407045
"4594","4594",4115,3870,3495,-0.150668286755772
"4595","4595",2454,2203,2117,-0.137326813365933
"19932","19932",2454,2203,2117,-0.137326813365933
"4596","4596",8052,8171,8124,0.00894187779433681
"4597","4597",2654,2913,2835,0.0681989449886963
"4599","4599",1704,1663,1732,0.0164319248826291
"4600","4600",7366,7358,7246,-0.0162910670648928
"4601","4601",2324,2325,1746,-0.248709122203098
"4602","4602",1741,1620,1627,-0.0654796094198736
"4603","4603",2229,2483,2572,0.153880663974877
"4604","4604",1420,1420,1420,0
"4605","4605",6715,6710,5552,-0.17319434102755
"4606","4606",3846,3846,3611,-0.0611024440977639
"4607","4607",8225,8887,8215,-0.00121580547112462
"4608","4608",727,696,696,-0.0426409903713893
"4609","4609",7220,7317,6169,-0.145567867036011
"4610","4610",3289,3387,3361,0.0218911523259349
"4611","4611",1101,1101,1162,0.0554041780199818
"4612","4612",1938,1938,1938,0
"4613","4613",3162,2985,3531,0.116698292220114
"4614","4614",3210,3136,3528,0.0990654205607477
"4615","4615",934,763,760,-0.186295503211991
"4616","4616",3431,3431,3239,-0.0559603614106674
"4617","4617",10305,10292,10063,-0.0234837457544881
"4618","4618",1777,1767,1767,-0.0056274620146314
"4619","4619",2053,1572,1097,-0.465660009741841
"4620","4620",1775,1501,1709,-0.0371830985915493
"4621","4621",2994,2994,3022,0.00935203740814963
"8844","8844",2994,2994,3022,0.00935203740814963
"4622","4622",5536,4857,4705,-0.15010838150289
"4623","4623",3489,3488,3488,-0.000286615075952995
"4624","4624",1535,1494,1423,-0.0729641693811075
"4625","4625",1505,2320,1857,0.233887043189369
"4626","4626",4063,3975,3993,-0.0172286487816884
"4627","4627",4465,4465,4495,0.00671892497200448
"4628","4628",1691,1688,1672,-0.0112359550561798
"4629","4629",3201,2766,2677,-0.163698844111215
"11985","11985",3201,2766,2677,-0.163698844111215
"4630","4630",4667,4805,3970,-0.149346475251768
"4631","4631",2876,2824,2826,-0.0173852573018081
"4632","4632",3069,2677,2564,-0.16454871293581
"4633","4633",1360,1477,1307,-0.0389705882352941
"4634","4634",1386,1365,1466,0.0577200577200577
"4635","4635",5263,5263,5250,-0.00247007410222307
"4636","4636",3828,3834,4112,0.0741901776384535
"4637","4637",2963,2962,2892,-0.0239622004724941
"4639","4639",3158,3165,3014,-0.045598480050665
"4640","4640",5084,5768,4926,-0.0310778914240755
"4641","4641",1277,1260,1835,0.436961628817541
"4642","4642",4833,4858,4311,-0.108007448789572
"4643","4643",1545,1937,1896,0.227184466019417
"4644","4644",3442,3355,4142,0.203370133643231
"4645","4645",1978,1978,1630,-0.175935288169869
"4646","4646",6166,6479,6138,-0.00454103146286085
"4647","4647",2350,2350,2348,-0.000851063829787234
"4648","4648",2720,2720,2702,-0.00661764705882353
"4649","4649",2453,2452,2468,0.00611496127191194
"4650","4650",6316,6453,6566,0.0395820139328689
"4651","4651",4659,4003,3839,-0.176003434213351
"4652","4652",14002,13817,12798,-0.0859877160405656
"4653","4653",7209,7220,6795,-0.0574282147315855
"4654","4654",7624,8034,7633,0.00118048268625394
"4655","4655",4953,5507,5432,0.0967090652130022
"4656","4656",5083,4094,3926,-0.227621483375959
"4657","4657",5285,5040,4495,-0.149479659413434
"4658","4658",1851,1850,1730,-0.0653700702323069
"16264","16264",1851,1850,1730,-0.0653700702323069
"4659","4659",2444,2317,2327,-0.0478723404255319
"8247","8247",2444,2317,2327,-0.0478723404255319
"4660","4660",1517,1214,1214,-0.199736321687541
"4661","4661",2444,2445,2537,0.0380523731587561
"4662","4662",2093,2093,1962,-0.0625895843287148
"4663","4663",1683,1686,1754,0.0421865715983363
"4664","4664",3080,2963,2724,-0.115584415584416
"4665","4665",5500,5499,5340,-0.0290909090909091
"4666","4666",4320,4965,4518,0.0458333333333333
"4667","4667",8782,8999,7402,-0.157139603734912
"4668","4668",2819,2466,2466,-0.12522170982618
"4669","4669",3410,3410,3530,0.0351906158357771
"4670","4670",3872,2878,2878,-0.256714876033058
"4671","4671",4776,4776,4949,0.0362227805695142
"4672","4672",2682,2681,2571,-0.0413870246085011
"4673","4673",1585,1585,2054,0.29589905362776
"4674","4674",2243,2020,1932,-0.138653588943379
"4675","4675",4169,4350,4093,-0.0182297913168626
"4676","4676",2579,2641,2299,-0.108569212873207
"16829","16829",2579,2641,2299,-0.108569212873207
"4677","4677",3299,3421,3428,0.0391027584116399
"4679","4679",2166,2124,1628,-0.248384118190212
"4680","4680",3360,3396,3634,0.081547619047619
"4681","4681",4946,5055,4977,0.00626769106348565
"4682","4682",1911,1825,1825,-0.0450026164311879
"4683","4683",14024,13839,14021,-0.000213918996006845
"4684","4684",1625,1625,1401,-0.137846153846154
"4685","4685",5666,4488,4469,-0.211260148252736
"4686","4686",4372,4360,4040,-0.0759377859103385
"4687","4687",2620,2620,2637,0.00648854961832061
"4689","4689",1383,1383,1383,0
"4690","4690",3796,3587,3679,-0.0308219178082192
"4691","4691",4322,3989,3946,-0.0869967607589079
"4692","4692",2330,2934,2617,0.123175965665236
"4693","4693",2508,2390,2647,0.0554226475279107
"4694","4694",1114,1211,1155,0.0368043087971275
"4695","4695",1276,1412,1168,-0.0846394984326019
"13516","13516",1276,1412,1168,-0.0846394984326019
"4696","4696",2878,2330,2329,-0.190757470465601
"4697","4697",8003,8285,8087,0.010496063976009
"4698","4698",3362,3966,2261,-0.327483640690065
"4699","4699",3081,3171,2590,-0.159363842908147
"4700","4700",1329,1329,1325,-0.00300978179082017
"4701","4701",3874,3874,3880,0.00154878678368611
"4703","4703",2223,2206,2412,0.0850202429149798
"16664","16664",2223,2206,2412,0.0850202429149798
"4704","4704",4988,4974,4782,-0.041299117882919
"4705","4705",7995,7883,8260,0.0331457160725453
"4706","4706",1445,1433,1433,-0.00830449826989619
"4707","4707",3765,4319,3680,-0.0225763612217795
"4708","4708",4373,4490,4407,0.00777498284930254
"17810","17810",4373,4490,4407,0.00777498284930254
"4709","4709",1997,1969,1839,-0.0791186780170255
"4711","4711",6160,5568,5428,-0.118831168831169
"5390","5390",6160,5568,5428,-0.118831168831169
"4713","4713",1613,2087,2087,0.293862368257905
"4715","4715",875,1235,1362,0.556571428571429
"4716","4716",3268,2621,2584,-0.209302325581395
"4717","4717",5540,5683,5395,-0.026173285198556
"4718","4718",3359,3360,3417,0.0172670437630247
"4720","4720",3399,3657,3044,-0.10444248308326
"4721","4721",2150,2154,2102,-0.0223255813953488
"4722","4722",3437,3873,3769,0.0965958684899622
"4723","4723",2107,2106,2442,0.158993830090176
"4724","4724",2612,3124,3171,0.214012251148545
"4726","4726",5878,5715,5413,-0.0791085403198367
"4727","4727",958,958,958,0
"4728","4728",2281,3259,2464,0.0802279701885138
"4729","4729",1855,1855,1855,0
"4730","4730",2657,2787,2787,0.0489273616861122
"4731","4731",3457,3467,3336,-0.0350014463407579
"4732","4732",5538,5538,5433,-0.0189599133261105
"4733","4733",3214,3180,3075,-0.0432482887367766
"4734","4734",3567,3567,3418,-0.0417717970283151
"4735","4735",4737,4876,4085,-0.137639856449229
"4736","4736",6139,5637,4644,-0.243525004072324
"4737","4737",3114,2924,2923,-0.0613359023763648
"4738","4738",2702,2738,2741,0.0144337527757217
"4739","4739",3334,3334,3211,-0.0368926214757049
"4740","4740",10465,10457,9901,-0.0538939321548017
"4741","4741",3147,2809,2800,-0.110263743247537
"4742","4742",3023,4017,3256,0.0770757525636785
"4743","4743",1095,1281,1203,0.0986301369863014
"4744","4744",5216,4474,4466,-0.143788343558282
"4745","4745",4429,4098,4314,-0.0259652291713705
"4746","4746",2145,2145,2026,-0.0554778554778555
"4747","4747",4825,4802,4505,-0.0663212435233161
"4748","4748",11989,12530,12085,0.00800734006172325
"4749","4749",5119,5124,5107,-0.00234420785309631
"4750","4750",3131,3129,3129,-0.000638773554774832
"4751","4751",2931,3275,3274,0.117024906175367
"4752","4752",3147,3273,3274,0.040355894502701
"4754","4754",1898,2064,2064,0.0874604847207587
"4755","4755",2301,2091,2198,-0.0447631464580617
"4756","4756",2281,1639,1636,-0.28277071459886
"4757","4757",1643,1648,1735,0.0559951308581862
"4758","4758",3944,3877,3172,-0.195740365111562
"4759","4759",5535,5500,5173,-0.0654019873532069
"4760","4760",5684,6253,5138,-0.0960591133004926
"4761","4761",6347,6455,6330,-0.00267843075468725
"4762","4762",2097,2097,2097,0
"4763","4763",2820,2820,2819,-0.000354609929078014
"16147","16147",2820,2820,2819,-0.000354609929078014
"4764","4764",4822,4821,4528,-0.0609705516383243
"4765","4765",2740,2740,2998,0.0941605839416058
"4766","4766",3379,3380,2957,-0.124889020420243
"4767","4767",1318,1318,1299,-0.0144157814871017
"4768","4768",2312,2509,2622,0.134083044982699
"4769","4769",3524,3655,4345,0.232973893303065
"4770","4770",4722,4722,4863,0.0298602287166455
"4771","4771",3808,3958,3070,-0.193802521008403
"4772","4772",4759,4742,4802,0.00903551166211389
"4773","4773",1859,1849,1925,0.0355029585798817
"4774","4774",1654,1717,1936,0.17049576783555
"4775","4775",1944,2550,1879,-0.0334362139917695
"15047","15047",1944,2550,1879,-0.0334362139917695
"4776","4776",2537,2537,2535,-0.000788332676389436
"4777","4777",5531,5815,5150,-0.0688844693545471
"4778","4778",3575,3714,3602,0.00755244755244755
"4779","4779",5738,5170,5212,-0.0916695712791914
"4780","4780",3268,1983,2321,-0.289779681762546
"4781","4781",6657,6657,5542,-0.167492864653748
"4782","4782",2288,2288,2081,-0.090472027972028
"4783","4783",2296,2296,2296,0
"4784","4784",2482,2464,2465,-0.00684931506849315
"4785","4785",1921,1612,1334,-0.305570015616866
"4787","4787",5126,5246,5056,-0.0136558720249707
"4788","4788",3277,3404,3333,0.0170888007323772
"4789","4789",7165,7636,7604,0.0612700628053036
"4790","4790",5584,5484,5460,-0.0222063037249284
"4791","4791",7736,7734,7579,-0.0202947259565667
"4792","4792",4157,4157,4175,0.00433004570603801
"4793","4793",3089,3211,3222,0.0430560051796698
"4794","4794",1343,1343,1631,0.214445271779598
"4795","4795",2011,2104,2198,0.0929885629040278
"4796","4796",2713,2527,2610,-0.0379653520088463
"4797","4797",1032,1032,1348,0.306201550387597
"4798","4798",3796,3796,3796,0
"4799","4799",13489,13304,13332,-0.0116391133516198
"4800","4800",2981,2659,3300,0.107011070110701
"4801","4801",1931,1580,1775,-0.0807871569135163
"4802","4802",1870,1863,1973,0.0550802139037433
"4803","4803",2041,2409,2454,0.202351788339049
"4804","4804",3017,3304,3312,0.0977792509115015
"4805","4805",2046,2042,1730,-0.1544477028348
"4806","4806",6371,5848,6356,-0.00235441845864072
"4807","4807",4995,4997,5656,0.132332332332332
"4808","4808",1635,1635,1517,-0.07217125382263
"4809","4809",2390,2506,1912,-0.2
"4810","4810",7237,7476,7246,0.00124360923034407
"4811","4811",4855,5060,4557,-0.0613800205973223
"4812","4812",3969,3966,3621,-0.0876795162509448
"4813","4813",1760,1861,1861,0.0573863636363636
"4814","4814",2404,2373,2381,-0.00956738768718802
"16473","16473",2404,2373,2381,-0.00956738768718802
"4815","4815",3068,3001,3000,-0.0221642764015645
"4816","4816",5747,5743,5323,-0.0737776231077084
"4817","4817",3464,3850,3419,-0.0129907621247113
"4818","4818",3107,3007,3376,0.0865786932732539
"4819","4819",5794,5848,5907,0.0195029340697273
"4820","4820",3407,3406,2848,-0.164073965365424
"4821","4821",2684,2408,3037,0.131520119225037
"19993","19993",2684,2408,3037,0.131520119225037
"4822","4822",1650,1651,1623,-0.0163636363636364
"4823","4823",2757,2982,2861,0.0377221617700399
"4824","4824",4799,4801,4413,-0.0804334236299229
"4825","4825",2321,2322,2319,-0.000861697544161999
"4826","4826",2239,2792,2788,0.245198749441715
"4827","4827",3036,3116,3117,0.0266798418972332
"5354","5354",3036,3116,3117,0.0266798418972332
"4828","4828",6539,6554,6583,0.00672885762348983
"4829","4829",1332,1201,1201,-0.0983483483483484
"4830","4830",6824,6824,6559,-0.0388335287221571
"4831","4831",1433,1433,1400,-0.0230286113049546
"4832","4832",3597,3444,3452,-0.0403113705865999
"4833","4833",1161,1162,973,-0.161929371231697
"4834","4834",6659,6484,8071,0.212043850427992
"4835","4835",2200,1991,1922,-0.126363636363636
"16080","16080",2200,1991,1922,-0.126363636363636
"4836","4836",6588,6698,6207,-0.0578324225865209
"4837","4837",6590,6592,6476,-0.017298937784522
"4838","4838",2874,2880,2889,0.00521920668058455
"4839","4839",1572,1870,1856,0.180661577608142
"4840","4840",5848,5841,5656,-0.0328317373461012
"4841","4841",1351,1513,1513,0.119911176905996
"4842","4842",6579,6489,5091,-0.226174190606475
"4843","4843",5699,5099,4927,-0.135462361817863
"4844","4844",4770,4770,4569,-0.0421383647798742
"4845","4845",2206,2360,2416,0.0951949229374433
"16387","16387",2206,2360,2416,0.0951949229374433
"4846","4846",1803,1803,1826,0.0127565169162507
"4847","4847",3574,3652,3753,0.0500839395635143
"4848","4848",1735,1735,1735,0
"4849","4849",2395,2914,2510,0.0480167014613779
"5063","5063",2395,2914,2510,0.0480167014613779
"4850","4850",3388,3390,3974,0.172963400236127
"4851","4851",1010,947,1092,0.0811881188118812
"17420","17420",1010,947,1092,0.0811881188118812
"4852","4852",5130,5736,5614,0.0943469785575049
"4853","4853",4030,4138,4864,0.206947890818859
"4854","4854",4103,4178,4177,0.0180355837192298
"4855","4855",4380,3745,4406,0.00593607305936073
"4856","4856",9477,9483,8630,-0.0893742745594597
"4857","4857",1742,1475,1415,-0.187715269804822
"4858","4858",2195,2080,2035,-0.0728929384965831
"13966","13966",2195,2080,2035,-0.0728929384965831
"4859","4859",5149,5139,5137,-0.00233054962128569
"4860","4860",2869,2990,2761,-0.0376437783199721
"4861","4861",1772,1390,1486,-0.161399548532731
"4862","4862",5840,5867,6020,0.0308219178082192
"4863","4863",3613,3712,3711,0.027124273456961
"4864","4864",14120,14107,13731,-0.0275495750708215
"4865","4865",1128,1770,1385,0.227836879432624
"4866","4866",2245,2245,2283,0.0169265033407572
"4867","4867",5026,5436,5035,0.00179068842021488
"4868","4868",6484,6295,5695,-0.121684145589143
"4869","4869",1326,1326,1326,0
"4870","4870",2062,2017,2143,0.039282250242483
"10853","10853",2062,2017,2143,0.039282250242483
"4871","4871",2720,2056,2220,-0.183823529411765
"4872","4872",2888,2948,2706,-0.0630193905817174
"4873","4873",1950,1950,1951,0.000512820512820513
"4874","4874",4437,4466,4576,0.0313274735181429
"4876","4876",2759,2700,2958,0.0721275824574121
"4877","4877",4037,3876,3770,-0.066138221451573
"4878","4878",2540,2497,2497,-0.0169291338582677
"4879","4879",3610,3507,3531,-0.0218836565096953
"4880","4880",2246,2196,2173,-0.0325022261798753
"4881","4881",2088,2051,2038,-0.0239463601532567
"4882","4882",5475,4657,4579,-0.16365296803653
"4883","4883",2027,1927,1927,-0.0493339911198816
"4884","4884",7778,7771,7231,-0.0703265620982258
"4885","4885",7607,7858,7774,0.0219534639148153
"4887","4887",2933,3122,2334,-0.204227753153767
"4888","4888",2032,2012,1879,-0.0752952755905512
"4889","4889",1303,1303,1306,0.00230237912509593
"7107","7107",1303,1303,1306,0.00230237912509593
"4890","4890",5003,5050,4857,-0.0291824905056966
"4891","4891",7013,6945,6783,-0.0327962355625267
"4892","4892",2623,2521,2483,-0.0533739992375143
"4893","4893",918,957,946,0.0305010893246187
"4894","4894",3448,3477,3497,0.0142111368909513
"4895","4895",3989,3401,3398,-0.148157432940587
"4896","4896",5371,5371,5347,-0.0044684416309812
"4897","4897",1213,1129,1305,0.0758450123660346
"4898","4898",13399,13990,12882,-0.0385849690275394
"4900","4900",1291,1291,1273,-0.0139426800929512
"4901","4901",1816,2462,2462,0.355726872246696
"4902","4902",3125,2483,2480,-0.2064
"4904","4904",4588,4546,5203,0.134045335658239
"4905","4905",6076,6121,6255,0.0294601711652403
"4906","4906",3392,3392,3436,0.0129716981132075
"4907","4907",1498,1498,1479,-0.0126835781041389
"4908","4908",2610,2382,2409,-0.0770114942528736
"4909","4909",3328,4003,4029,0.210637019230769
"4910","4910",8633,9140,9443,0.0938260164485115
"4911","4911",3473,3880,3864,0.112582781456954
"4912","4912",1253,1253,1189,-0.0510774142059058
"4913","4913",1331,1331,1313,-0.0135236664162284
"4914","4914",4674,4088,4096,-0.123662815575524
"4915","4915",1981,1968,2001,0.0100959111559818
"4916","4916",2620,2608,2627,0.00267175572519084
"4917","4917",2288,2097,2097,-0.083479020979021
"4918","4918",1444,1444,1478,0.0235457063711911
"4919","4919",3638,3594,3660,0.00604727872457394
"4920","4920",2601,2683,2997,0.152249134948097
"13509","13509",2601,2683,2997,0.152249134948097
"4921","4921",1655,1709,1963,0.186102719033233
"9124","9124",1655,1709,1963,0.186102719033233
"4922","4922",2445,2258,2248,-0.0805725971370143
"4923","4923",1794,1814,1765,-0.016164994425864
"4924","4924",5607,5598,5168,-0.078294988407348
"4925","4925",3748,4558,4609,0.229722518676628
"4926","4926",5692,5694,5293,-0.070098383696416
"4927","4927",1626,1626,1595,-0.0190651906519065
"4928","4928",2041,2041,2041,0
"4929","4929",3387,3303,2945,-0.130498966637142
"4930","4930",1331,1407,1525,0.145755071374906
"4931","4931",3276,3333,2655,-0.18956043956044
"4932","4932",2824,2824,2748,-0.0269121813031161
"4934","4934",4517,4650,4627,0.0243524463139252
"4935","4935",1366,1355,1355,-0.00805270863836018
"4936","4936",4501,4407,4382,-0.0264385692068429
"4937","4937",8491,8876,7696,-0.0936285478742198
"4938","4938",1416,1461,1238,-0.125706214689266
"4939","4939",1790,1790,1487,-0.16927374301676
"4940","4940",5986,5622,4884,-0.184096224523889
"4941","4941",2530,2489,2447,-0.0328063241106719
"4942","4942",4459,4473,4256,-0.0455259026687598
"4943","4943",2056,2084,1621,-0.211575875486381
"4944","4944",4131,4814,4412,0.0680222706366497
"4945","4945",4518,4729,4986,0.103585657370518
"4946","4946",2180,2182,2216,0.0165137614678899
"4947","4947",1635,1410,1348,-0.175535168195719
"15347","15347",1635,1410,1348,-0.175535168195719
"16216","16216",1635,1410,1348,-0.175535168195719
"4948","4948",2634,2721,2576,-0.0220197418375095
"5391","5391",2634,2721,2576,-0.0220197418375095
"4949","4949",6710,6727,6704,-0.000894187779433681
"4950","4950",2899,2899,2895,-0.00137978613314936
"4951","4951",1569,962,917,-0.415551306564691
"4952","4952",2980,2939,3028,0.0161073825503356
"4953","4953",1567,1567,1567,0
"4954","4954",3788,3929,3760,-0.00739176346356917
"4955","4955",2556,2556,2834,0.108763693270736
"4956","4956",1680,1387,1398,-0.167857142857143
"4957","4957",2605,2568,2568,-0.0142034548944338
"4958","4958",2620,2620,2621,0.000381679389312977
"4959","4959",3454,3426,3443,-0.00318471337579618
"4961","4961",2280,2299,2315,0.0153508771929825
"4962","4962",1816,1840,1837,0.0115638766519824
"4964","4964",3326,3390,3327,0.000300661455201443
"4965","4965",8436,8495,8272,-0.0194404931247036
"4966","4966",2777,3294,2989,0.0763413755851639
"4967","4967",5292,4288,4266,-0.193877551020408
"4968","4968",2971,2412,2234,-0.248064624705486
"4969","4969",3280,3279,3331,0.0155487804878049
"7977","7977",3280,3279,3331,0.0155487804878049
"4970","4970",2974,3268,3328,0.119031607262946
"4971","4971",1756,1524,1706,-0.0284738041002278
"4972","4972",2666,2668,2711,0.0168792198049512
"4973","4973",3816,3267,3272,-0.142557651991614
"4974","4974",1372,1389,1366,-0.0043731778425656
"4975","4975",2734,2766,2747,0.00475493782004389
"4976","4976",3130,3256,3271,0.0450479233226837
"4977","4977",6413,6576,6618,0.0319663184157181
"4978","4978",3404,3404,3584,0.0528789659224442
"4979","4979",4435,3559,4137,-0.0671927846674183
"4980","4980",1395,1533,1534,0.0996415770609319
"4981","4981",4260,4270,4263,0.000704225352112676
"4982","4982",2338,2338,2338,0
"4983","4983",3142,3140,2842,-0.0954805856142584
"15930","15930",3142,3140,2842,-0.0954805856142584
"4984","4984",697,697,784,0.124820659971306
"4985","4985",7786,7716,7598,-0.0241459029026458
"4986","4986",2317,2128,2174,-0.0617177384548986
"19324","19324",2317,2128,2174,-0.0617177384548986
"4987","4987",3572,3088,3077,-0.138577827547592
"4988","4988",4615,4614,4419,-0.0424702058504875
"4989","4989",3744,3655,3625,-0.031784188034188
"4990","4990",1079,1248,1364,0.264133456904541
"4991","4991",1438,2458,1823,0.267732962447844
"4992","4992",3724,3449,3625,-0.0265843179377014
"4993","4993",4226,4226,4145,-0.0191670610506389
"4994","4994",2493,2589,2155,-0.135579622944244
"4995","4995",4768,4938,5195,0.0895553691275168
"4996","4996",2802,2768,2786,-0.00571020699500357
"4997","4997",1646,1685,1634,-0.00729040097205346
"8802","8802",1646,1685,1634,-0.00729040097205346
"4998","4998",6083,5244,5583,-0.0821962847279303
"9132","9132",6083,5244,5583,-0.0821962847279303
"4999","4999",3154,3143,2826,-0.103994927076728
"5000","5000",4876,4684,4608,-0.0549630844954881
"5001","5001",2069,2141,2155,0.041565973900435
"5002","5002",2796,2894,3465,0.239270386266094
"5003","5003",1093,1093,1093,0
"5004","5004",2239,2816,2880,0.286288521661456
"5005","5005",4146,4705,4223,0.0185721177038109
"12573","12573",4146,4705,4223,0.0185721177038109
"5006","5006",3360,3393,3408,0.0142857142857143
"5007","5007",11061,11021,10666,-0.0357110568664678
"5008","5008",2335,2717,2453,0.0505353319057816
"5009","5009",6944,6834,6519,-0.0612039170506912
"5010","5010",2334,2363,2408,0.0317052270779777
"5011","5011",8394,8472,7703,-0.082320705265666
"5012","5012",2321,2321,2388,0.028866867729427
"5013","5013",5056,4984,4510,-0.107990506329114
"5014","5014",2192,2190,2222,0.0136861313868613
"5015","5015",1000,1016,1046,0.046
"7966","7966",1000,1016,1046,0.046
"5016","5016",3461,3392,3400,-0.0176249638832707
"5017","5017",1929,2418,2378,0.232763089683774
"16514","16514",1929,2418,2378,0.232763089683774
"5018","5018",3835,4216,4096,0.0680573663624511
"5019","5019",8183,8990,8272,0.0108762067701332
"5020","5020",1947,2002,1843,-0.0534155110426297
"5021","5021",5634,5493,4078,-0.276180333688321
"5022","5022",8169,8174,7310,-0.105153629575223
"5023","5023",3630,4554,3956,0.0898071625344353
"5024","5024",1122,1122,1113,-0.00802139037433155
"5025","5025",4054,4005,4028,-0.00641341884558461
"16071","16071",4054,4005,4028,-0.00641341884558461
"5026","5026",1810,1801,1819,0.00497237569060773
"5027","5027",2202,2019,2400,0.0899182561307902
"5028","5028",2579,2579,2604,0.00969367972082202
"5029","5029",5711,5711,4887,-0.144282962703555
"5030","5030",4236,4183,4383,0.0347025495750708
"5031","5031",8905,8889,8948,0.00482874789444133
"5032","5032",5322,5442,5252,-0.0131529500187899
"5033","5033",2453,2393,2351,-0.0415817366490012
"5034","5034",2853,2941,2694,-0.0557308096740273
"5035","5035",3220,2759,2745,-0.147515527950311
"6382","6382",3220,2759,2745,-0.147515527950311
"5036","5036",2392,2411,2369,-0.00961538461538462
"5037","5037",6792,6683,6333,-0.0675795053003534
"5038","5038",873,873,993,0.13745704467354
"5039","5039",4333,5308,4086,-0.0570043849526887
"5040","5040",6468,6575,6000,-0.0723562152133581
"9577","9577",6468,6575,6000,-0.0723562152133581
"5041","5041",1722,1722,1720,-0.00116144018583043
"5042","5042",3460,3357,3329,-0.0378612716763006
"5043","5043",1365,1428,1428,0.0461538461538462
"5044","5044",2201,2388,2318,0.0531576556110859
"5045","5045",3388,3184,3320,-0.0200708382526564
"5046","5046",7759,7398,7800,0.00528418610645702
"5047","5047",2039,2031,2021,-0.00882785679254536
"10185","10185",2039,2031,2021,-0.00882785679254536
"5048","5048",3744,3741,3753,0.00240384615384615
"5049","5049",4774,4596,5124,0.0733137829912024
"5050","5050",2375,2359,2373,-0.000842105263157895
"5051","5051",1353,1433,1433,0.0591278640059128
"5052","5052",5484,5372,4689,-0.144967177242888
"5053","5053",6692,6258,6392,-0.0448296473401076
"5054","5054",3444,3434,3435,-0.00261324041811847
"5055","5055",5332,5330,5171,-0.0301950487621905
"5056","5056",2236,2295,2068,-0.075134168157424
"5057","5057",3924,3491,3633,-0.0741590214067278
"5058","5058",2488,2428,2421,-0.0269292604501608
"5059","5059",2053,2036,1970,-0.0404286410131515
"5060","5060",2235,2277,2277,0.0187919463087248
"9629","9629",2235,2277,2277,0.0187919463087248
"5061","5061",1603,1602,1419,-0.114784778540237
"5062","5062",2437,2625,2398,-0.0160032827246615
"5064","5064",3604,3604,3719,0.0319089900110988
"5065","5065",2973,2979,2369,-0.203161789438278
"5066","5066",1211,1190,1190,-0.0173410404624277
"5067","5067",9352,9374,9326,-0.00278015397775877
"5068","5068",5024,4355,4563,-0.0917595541401274
"5069","5069",3194,3177,3436,0.0757670632435817
"5070","5070",11354,11199,11212,-0.0125066056015501
"5071","5071",1715,1778,1856,0.0822157434402332
"18109","18109",1715,1778,1856,0.0822157434402332
"18233","18233",1715,1778,1856,0.0822157434402332
"5072","5072",1107,1110,1097,-0.00903342366757001
"5073","5073",2286,2673,2719,0.189413823272091
"5074","5074",3156,4276,3429,0.0865019011406844
"5075","5075",1954,1380,1270,-0.350051177072671
"10945","10945",1954,1380,1270,-0.350051177072671
"5076","5076",2676,2676,2676,0
"10386","10386",2676,2676,2676,0
"5077","5077",2779,2737,2681,-0.035264483627204
"5078","5078",5245,4146,4321,-0.176167778836988
"5079","5079",5555,5651,5872,0.0570657065706571
"5080","5080",3189,3219,3203,0.00439009093759799
"5081","5081",5638,5632,6166,0.0936502305782192
"5082","5082",2702,2702,2691,-0.00407105847520355
"5083","5083",3355,3339,3339,-0.00476900149031297
"5084","5084",1457,1404,1371,-0.059025394646534
"5085","5085",1248,1241,1879,0.505608974358974
"10368","10368",1248,1241,1879,0.505608974358974
"5086","5086",4353,3680,3650,-0.16149781759706
"5087","5087",2521,2513,2205,-0.125347084490282
"5088","5088",4229,4482,4321,0.0217545519035233
"5089","5089",5074,5233,6115,0.205163579030351
"5090","5090",3420,3346,3134,-0.083625730994152
"5091","5091",4796,4920,4889,0.0193911592994162
"11990","11990",4796,4920,4889,0.0193911592994162
"5092","5092",12764,13569,13345,0.0455186461924162
"5093","5093",2861,2861,2860,-0.00034952813701503
"5094","5094",775,800,814,0.0503225806451613
"5095","5095",2940,2939,2997,0.0193877551020408
"5096","5096",2971,2967,2967,-0.001346348030966
"5097","5097",4119,4119,3490,-0.152706967710609
"5098","5098",5942,6758,4784,-0.194883877482329
"5100","5100",4037,3454,4015,-0.00544959128065395
"5101","5101",12517,12505,11610,-0.0724614524247024
"5103","5103",2009,1749,1810,-0.0990542558486809
"5104","5104",1663,1663,1661,-0.00120264582080577
"5105","5105",2963,2970,3039,0.0256496793790078
"5733","5733",2963,2970,3039,0.0256496793790078
"5106","5106",1406,1406,1408,0.00142247510668563
"5107","5107",2586,2548,2547,-0.0150812064965197
"5108","5108",2448,2444,2350,-0.0400326797385621
"5109","5109",2225,1942,1845,-0.170786516853933
"5110","5110",2399,2406,2406,0.00291788245102126
"5111","5111",2249,2328,2170,-0.0351267229879947
"5112","5112",1792,1864,1455,-0.188058035714286
"5113","5113",5917,6394,6229,0.0527294236944398
"5114","5114",5818,3865,3676,-0.368167755242351
"5115","5115",3229,3452,3554,0.100650356147414
"5116","5116",3084,3237,3123,0.0126459143968872
"5191","5191",3084,3237,3123,0.0126459143968872
"5117","5117",5142,5142,4833,-0.0600933488914819
"5118","5118",2410,2713,2391,-0.00788381742738589
"5119","5119",1245,1245,1225,-0.0160642570281124
"5120","5120",3289,3289,3289,0
"5121","5121",1626,1626,1626,0
"5122","5122",3353,3334,3459,0.031613480465255
"5123","5123",2834,2590,2626,-0.073394495412844
"5153","5153",2834,2590,2626,-0.073394495412844
"5124","5124",1400,1439,1285,-0.0821428571428571
"5125","5125",998,1165,1165,0.167334669338677
"5126","5126",6519,6501,6488,-0.00475533057217365
"5127","5127",1873,2342,2117,0.130272290443139
"5128","5128",2211,2268,2188,-0.0104025327905925
"5129","5129",5772,5936,5595,-0.0306652806652807
"5130","5130",1836,2120,1974,0.0751633986928105
"5131","5131",4020,3972,3995,-0.00621890547263682
"5132","5132",4024,4125,4124,0.0248508946322068
"5133","5133",832,833,833,0.00120192307692308
"5134","5134",4174,4183,3716,-0.109726880689986
"5135","5135",1579,2071,2163,0.369854338188727
"5136","5136",3503,3505,2358,-0.326862689123608
"5137","5137",6086,6087,5894,-0.0315478146565889
"5138","5138",2899,3009,3156,0.0886512590548465
"5139","5139",3418,3444,3519,0.0295494441193681
"5140","5140",1516,1193,1197,-0.21042216358839
"5142","5142",3052,3173,3188,0.0445609436435125
"5143","5143",2746,2129,2024,-0.262927895120175
"5144","5144",9549,9549,9414,-0.0141376060320452
"5145","5145",2222,2244,2816,0.267326732673267
"13395","13395",2222,2244,2816,0.267326732673267
"5146","5146",4725,4660,4025,-0.148148148148148
"5147","5147",1504,1504,1501,-0.00199468085106383
"5149","5149",2283,1782,1782,-0.219448094612352
"5150","5150",3145,3976,3923,0.247376788553259
"12611","12611",3145,3976,3923,0.247376788553259
"5151","5151",1328,1288,1288,-0.0301204819277108
"5152","5152",4396,4736,4737,0.0775705186533212
"5154","5154",8399,8387,8705,0.0364329086796047
"5155","5155",9810,10354,9537,-0.02782874617737
"5156","5156",2888,2847,2736,-0.0526315789473684
"7985","7985",2888,2847,2736,-0.0526315789473684
"5157","5157",2451,2553,2378,-0.0297837617299062
"5158","5158",2860,2774,2727,-0.0465034965034965
"5160","5160",4479,4357,3640,-0.187318597901317
"5161","5161",1650,1734,1585,-0.0393939393939394
"5162","5162",3183,3886,3052,-0.0411561420043984
"5163","5163",1235,1235,1305,0.0566801619433198
"5164","5164",1563,1501,1621,0.037108125399872
"13276","13276",1563,1501,1621,0.037108125399872
"5165","5165",6607,6825,5997,-0.0923263205690934
"5166","5166",2792,2744,2744,-0.0171919770773639
"5653","5653",2792,2744,2744,-0.0171919770773639
"7070","7070",2792,2744,2744,-0.0171919770773639
"5167","5167",2351,2902,2604,0.10761378136963
"5168","5168",5429,5430,5355,-0.0136305028550378
"5169","5169",491,465,465,-0.0529531568228106
"5171","5171",4326,4068,4116,-0.0485436893203883
"5172","5172",3284,3283,3040,-0.074299634591961
"5173","5173",8424,8526,8027,-0.0471272554605888
"5174","5174",6891,6884,6479,-0.0597881294442026
"5175","5175",3842,3968,3524,-0.0827693909422176
"5176","5176",1926,2255,1949,0.0119418483904465
"5177","5177",7795,7776,7868,0.00936497754971135
"5178","5178",4561,4847,3578,-0.215522911642184
"5179","5179",3088,3086,2977,-0.0359455958549223
"5180","5180",11151,12078,11788,0.0571249215317012
"5181","5181",3860,3861,3642,-0.0564766839378238
"5182","5182",3601,3605,3168,-0.120244376562066
"5183","5183",4627,4400,4294,-0.0719688783228874
"5184","5184",4262,3665,4056,-0.0483341154387611
"5185","5185",3392,3392,3101,-0.0857900943396226
"5186","5186",4568,4368,4201,-0.0803415061295972
"5187","5187",7097,7663,6950,-0.0207129773143582
"5189","5189",2400,2400,3045,0.26875
"5190","5190",2393,2394,2498,0.043877977434183
"5192","5192",1344,1343,1343,-0.000744047619047619
"5193","5193",2380,2340,2176,-0.0857142857142857
"5194","5194",9080,10048,8939,-0.0155286343612335
"5195","5195",1608,1661,1656,0.0298507462686567
"16308","16308",1608,1661,1656,0.0298507462686567
"5196","5196",4464,4754,6049,0.355062724014337
"5197","5197",3652,3737,3476,-0.0481927710843374
"5198","5198",3487,3488,3310,-0.050759965586464
"5199","5199",1572,1572,1691,0.0756997455470738
"5200","5200",1686,1686,1796,0.0652431791221827
"5202","5202",1002,1002,1002,0
"5203","5203",5323,5322,4185,-0.213789216607176
"12351","12351",5323,5322,4185,-0.213789216607176
"5204","5204",2042,1728,1934,-0.0528893241919687
"5205","5205",2204,2204,2204,0
"8749","8749",2204,2204,2204,0
"5207","5207",7019,7152,6941,-0.0111126941159709
"5208","5208",2641,2695,3327,0.259750094661113
"5209","5209",3432,3427,3418,-0.00407925407925408
"5210","5210",3887,3998,4058,0.0439927965011577
"16193","16193",3887,3998,4058,0.0439927965011577
"16901","16901",3887,3998,4058,0.0439927965011577
"17195","17195",3887,3998,4058,0.0439927965011577
"5211","5211",2729,2695,2793,0.0234518138512276
"5212","5212",4934,5218,4657,-0.0561410620186461
"5213","5213",2191,2191,2195,0.00182565038795071
"5214","5214",3012,3018,2503,-0.168990703851262
"5215","5215",2821,2797,2793,-0.00992555831265509
"5383","5383",2821,2797,2793,-0.00992555831265509
"5216","5216",1767,1766,1590,-0.100169779286927
"5217","5217",1982,2503,2503,0.262865792129162
"5218","5218",903,855,841,-0.0686600221483942
"8952","8952",903,855,841,-0.0686600221483942
"5219","5219",4998,4887,5197,0.0398159263705482
"5220","5220",2078,2104,2425,0.166987487969201
"6094","6094",2078,2104,2425,0.166987487969201
"5221","5221",2413,2413,2294,-0.0493162038955657
"5222","5222",5914,5895,5857,-0.00963814677037538
"5223","5223",4895,4511,4552,-0.0700715015321757
"5224","5224",10063,10129,9914,-0.0148067176786247
"5225","5225",10651,10633,10390,-0.0245047413388414
"5226","5226",8747,7867,7692,-0.120612781525094
"5227","5227",2508,2504,2463,-0.0179425837320574
"5228","5228",2580,2516,2515,-0.0251937984496124
"5229","5229",848,847,847,-0.00117924528301887
"5230","5230",4003,3998,4197,0.0484636522608044
"5231","5231",4457,4464,3731,-0.162889836212699
"5233","5233",2623,2625,2630,0.00266869996187571
"5234","5234",3021,3848,3534,0.169811320754717
"5235","5235",3737,3776,3724,-0.00347872625100348
"5236","5236",3707,3510,3501,-0.0555705422174265
"5237","5237",1890,1995,1817,-0.0386243386243386
"5238","5238",10066,10827,11545,0.146930260282138
"5239","5239",4981,4984,4984,0.000602288697048785
"5240","5240",3035,3220,3220,0.0609555189456343
"5241","5241",4024,3215,3215,-0.201043737574553
"5242","5242",956,1289,1214,0.269874476987448
"6437","6437",956,1289,1214,0.269874476987448
"5243","5243",1436,1436,1386,-0.0348189415041783
"5244","5244",1497,1801,1812,0.210420841683367
"5246","5246",3597,3597,3045,-0.153461217681401
"5247","5247",1837,2077,2077,0.130647795318454
"5249","5249",2967,2966,2984,0.00572969329288844
"5250","5250",12539,12489,11539,-0.0797511763298509
"5251","5251",3803,3817,3832,0.00762555876939258
"5252","5252",2826,3050,2871,0.0159235668789809
"5253","5253",3675,3783,3658,-0.00462585034013605
"5255","5255",2521,2465,2452,-0.0273700912336374
"5256","5256",6698,6301,6534,-0.0244849208719021
"5257","5257",1701,1645,2183,0.283362727807172
"5258","5258",3475,3597,3336,-0.04
"5259","5259",4183,4183,3082,-0.26320822376285
"5260","5260",2248,2247,2529,0.125
"5261","5261",899,1060,1076,0.196885428253615
"5262","5262",3019,2964,2953,-0.0218615435574694
"5263","5263",3026,3026,3023,-0.000991407799074686
"5264","5264",2484,2585,2499,0.00603864734299517
"5265","5265",2040,2040,2026,-0.00686274509803922
"5266","5266",4058,3059,2830,-0.302612124199113
"5267","5267",2607,2607,1969,-0.244725738396624
"5268","5268",1023,1023,1023,0
"11466","11466",1023,1023,1023,0
"5269","5269",2364,2318,2148,-0.0913705583756345
"5270","5270",6148,6673,5973,-0.0284645413142485
"5271","5271",5284,3627,3627,-0.313588190764572
"5272","5272",7794,7672,7070,-0.0928919681806518
"5273","5273",2860,3118,3169,0.108041958041958
"5274","5274",3250,3256,3255,0.00153846153846154
"5275","5275",3644,3361,3284,-0.0987925356750823
"5276","5276",1697,1648,1517,-0.106069534472599
"10452","10452",1697,1648,1517,-0.106069534472599
"5277","5277",2244,2883,2829,0.260695187165775
"5278","5278",3307,3307,3307,0
"5279","5279",955,912,1027,0.0753926701570681
"11274","11274",955,912,1027,0.0753926701570681
"5280","5280",2914,2220,1951,-0.330473575840769
"5281","5281",3822,4186,4397,0.150444793301936
"5282","5282",3214,3419,3249,0.0108898568761668
"5283","5283",2254,2001,2920,0.29547471162378
"5284","5284",2166,2464,2314,0.0683287165281625
"5285","5285",4131,3489,3482,-0.157104817235536
"5286","5286",5941,5692,5750,-0.0321494697862313
"5287","5287",13071,13011,13318,0.0188967944304185
"5288","5288",793,792,948,0.195460277427491
"5289","5289",5679,5684,5553,-0.0221870047543582
"5290","5290",3465,3584,4043,0.166810966810967
"5291","5291",2737,2101,1996,-0.270734380708805
"5292","5292",5332,5946,5452,0.0225056264066016
"5293","5293",3254,3723,3936,0.209588199139521
"12117","12117",3254,3723,3936,0.209588199139521
"5294","5294",7181,7519,6316,-0.120456760896811
"5295","5295",1972,2068,1702,-0.136916835699797
"18554","18554",1972,2068,1702,-0.136916835699797
"5296","5296",5347,5448,5756,0.0764914905554517
"5297","5297",2088,2145,2076,-0.00574712643678161
"5298","5298",2496,2682,2622,0.0504807692307692
"5299","5299",1211,1211,1212,0.000825763831544178
"5300","5300",2313,3535,3484,0.506268914829226
"5301","5301",2766,2769,2702,-0.0231381055676067
"5302","5302",3339,3379,3332,-0.00209643605870021
"5303","5303",2223,1984,2009,-0.0962663067926226
"5304","5304",2097,1904,1885,-0.101096804959466
"13095","13095",2097,1904,1885,-0.101096804959466
"15043","15043",2097,1904,1885,-0.101096804959466
"15422","15422",2097,1904,1885,-0.101096804959466
"5305","5305",2893,2911,3488,0.20566885585897
"5306","5306",2723,2723,2580,-0.0525156077855307
"5307","5307",5260,5542,5622,0.0688212927756654
"5308","5308",2391,2391,3388,0.416980342952739
"5310","5310",2892,2850,2995,0.0356154910096819
"5311","5311",2897,2723,2702,-0.0673110113910942
"5312","5312",1788,1647,1646,-0.0794183445190157
"5313","5313",1952,1922,1922,-0.0153688524590164
"5314","5314",2556,2542,2542,-0.0054773082942097
"5315","5315",3917,4697,4045,0.0326780699514935
"5316","5316",2740,2925,2758,0.00656934306569343
"6563","6563",2740,2925,2758,0.00656934306569343
"5317","5317",1638,1513,1351,-0.175213675213675
"5318","5318",1952,2049,2049,0.0496926229508197
"5319","5319",1418,1418,1654,0.166431593794076
"5320","5320",10156,9516,8952,-0.118550610476566
"5321","5321",9070,8975,8574,-0.0546857772877619
"5322","5322",3309,3447,3187,-0.0368691447567241
"14530","14530",3309,3447,3187,-0.0368691447567241
"5323","5323",1965,1841,1930,-0.0178117048346056
"9585","9585",1965,1841,1930,-0.0178117048346056
"11784","11784",1965,1841,1930,-0.0178117048346056
"12509","12509",1965,1841,1930,-0.0178117048346056
"5324","5324",2850,2851,2876,0.00912280701754386
"5325","5325",2550,2579,2568,0.00705882352941176
"5326","5326",2144,2084,2463,0.148787313432836
"5327","5327",8551,8673,8510,-0.0047947608466846
"5328","5328",2151,2084,2077,-0.0344026034402603
"5329","5329",2014,1815,1710,-0.150943396226415
"5330","5330",1302,1302,1252,-0.0384024577572965
"5331","5331",2931,2918,2917,-0.00477652678266803
"5332","5332",2669,2665,2653,-0.00599475458973398
"5333","5333",2197,2197,2187,-0.00455166135639508
"5496","5496",2197,2197,2187,-0.00455166135639508
"5334","5334",4682,3583,3583,-0.23472874839812
"5335","5335",3187,2938,2937,-0.0784436774395984
"5336","5336",2885,2887,2885,0
"5337","5337",3548,3565,3431,-0.0329763246899662
"5338","5338",9407,9350,9293,-0.0121186350589986
"5339","5339",959,1217,1135,0.183524504692388
"5340","5340",1707,1932,2030,0.189220855301699
"5341","5341",2186,2186,2186,0
"5342","5342",3234,3063,3034,-0.0618429189857761
"5343","5343",1827,1658,1683,-0.0788177339901478
"5344","5344",2281,2264,2044,-0.103901797457256
"5345","5345",3156,3293,3338,0.0576679340937896
"5346","5346",2544,2646,2647,0.0404874213836478
"5347","5347",1067,1067,1067,0
"5348","5348",1721,1722,1810,0.0517141196978501
"5349","5349",5386,5626,5823,0.0811362792424805
"5350","5350",4873,5332,5262,0.0798276215883439
"5351","5351",1371,1622,1748,0.274981765134938
"5352","5352",6743,7007,6385,-0.0530920955064511
"5353","5353",4177,4186,3811,-0.0876226957146277
"6291","6291",4177,4186,3811,-0.0876226957146277
"5355","5355",1678,1706,1616,-0.0369487485101311
"5356","5356",1503,1646,1578,0.0499001996007984
"5357","5357",2279,2007,2007,-0.119350592365072
"5358","5358",3717,4075,4381,0.178638687113263
"5359","5359",484,484,484,0
"5360","5360",10612,10662,10075,-0.0506030908405579
"5361","5361",1402,1429,1280,-0.087018544935806
"5362","5362",1758,1758,1758,0
"5363","5363",2003,2040,1975,-0.0139790314528208
"6374","6374",2003,2040,1975,-0.0139790314528208
"5364","5364",2055,2185,2184,0.0627737226277372
"5366","5366",4040,4058,2974,-0.263861386138614
"5367","5367",3347,3677,3966,0.18494173887063
"5368","5368",2369,2143,2357,-0.00506542845082313
"5369","5369",1355,1354,1323,-0.0236162361623616
"5370","5370",2255,2700,3069,0.360975609756098
"5371","5371",5968,6381,5131,-0.140247989276139
"5372","5372",2065,2052,2013,-0.025181598062954
"5373","5373",3286,3318,2938,-0.105903834449178
"10388","10388",3286,3318,2938,-0.105903834449178
"11336","11336",3286,3318,2938,-0.105903834449178
"5374","5374",2493,2327,2345,-0.0593662254312074
"5375","5375",6826,6754,6613,-0.0312042191620275
"5376","5376",4651,4775,4669,0.00387013545474092
"5377","5377",3123,3123,2542,-0.186039065001601
"5378","5378",1711,1711,1711,0
"5379","5379",1463,1374,1468,0.00341763499658236
"5380","5380",7229,5968,5406,-0.252178724581547
"5381","5381",1100,1131,1551,0.41
"5382","5382",1588,1862,1856,0.168765743073048
"5384","5384",1673,1524,1578,-0.0567842199641363
"12200","12200",1673,1524,1578,-0.0567842199641363
"5385","5385",6167,6156,6341,0.0282146910977785
"5386","5386",4460,4934,4858,0.089237668161435
"5387","5387",2049,2396,2382,0.162518301610542
"14480","14480",2049,2396,2382,0.162518301610542
"5388","5388",937,954,939,0.00213447171824973
"5389","5389",897,897,905,0.00891861761426979
"5392","5392",2849,2849,2810,-0.0136890136890137
"5393","5393",1354,1354,1319,-0.0258493353028065
"5394","5394",10957,10953,10965,0.000730126859541845
"5395","5395",1971,1971,1872,-0.0502283105022831
"5396","5396",4347,4377,4473,0.0289855072463768
"5397","5397",3825,4082,3774,-0.0133333333333333
"5398","5398",4939,4414,4633,-0.0619558615104272
"5399","5399",1154,1149,1149,-0.00433275563258232
"5400","5400",2704,2702,2702,-0.000739644970414201
"5401","5401",4124,4060,3946,-0.0431619786614937
"5402","5402",2777,2671,2682,-0.034209578682031
"5403","5403",1504,1106,1106,-0.264627659574468
"5404","5404",4299,4409,4381,0.0190742033030937
"5405","5405",3901,3897,3893,-0.00205075621635478
"5406","5406",2433,2433,2386,-0.019317714755446
"5407","5407",3283,3939,3548,0.0807188547060615
"5408","5408",2771,2498,2462,-0.111512089498376
"5409","5409",2723,2723,2726,0.00110172603745869
"5410","5410",3089,3133,3055,-0.0110067983166073
"5411","5411",15603,15429,15526,-0.00493494840735756
"5412","5412",4774,3940,3961,-0.170297444490993
"15758","15758",4774,3940,3961,-0.170297444490993
"5413","5413",1965,1982,2041,0.038676844783715
"5414","5414",3235,3202,3207,-0.00865533230293663
"5415","5415",1599,1640,1640,0.0256410256410256
"5416","5416",1716,1573,2032,0.184149184149184
"12629","12629",1716,1573,2032,0.184149184149184
"5417","5417",8775,9223,9217,0.0503703703703704
"5418","5418",6805,6480,6468,-0.0495224099926525
"5419","5419",1998,2140,1970,-0.014014014014014
"5420","5420",6012,5934,5989,-0.00382568196939454
"5421","5421",2481,2306,2275,-0.083031035872632
"17466","17466",2481,2306,2275,-0.083031035872632
"5422","5422",2230,2225,2221,-0.00403587443946188
"5423","5423",4011,4023,3797,-0.0533532784841685
"5424","5424",4698,4790,4835,0.0291613452532993
"5425","5425",3317,3017,3342,0.00753693096171239
"5426","5426",4781,4466,4754,-0.00564735411001882
"5427","5427",2638,2638,2659,0.00796057619408643
"5428","5428",9339,7695,8928,-0.0440089945390299
"5429","5429",4087,3811,3263,-0.201614876437485
"5430","5430",2378,2534,2437,0.0248107653490328
"5431","5431",2547,2547,2339,-0.0816647035728308
"5432","5432",4963,4018,4460,-0.101349989925448
"5433","5433",2708,2515,2529,-0.0661004431314623
"5434","5434",2094,1854,1965,-0.0616045845272206
"11429","11429",2094,1854,1965,-0.0616045845272206
"5435","5435",3481,3547,3580,0.0284401034185579
"5436","5436",1802,1802,2266,0.257491675915649
"5437","5437",1027,1059,1059,0.0311587147030185
"5438","5438",1266,1270,1397,0.10347551342812
"6473","6473",1266,1270,1397,0.10347551342812
"5439","5439",3641,2824,2826,-0.223839604504257
"5440","5440",2394,2194,2217,-0.0739348370927318
"5441","5441",1322,1322,1155,-0.126323751891074
"5442","5442",5039,5072,5289,0.0496130184560429
"5443","5443",7450,6353,5023,-0.325771812080537
"5444","5444",2379,2379,2400,0.00882723833543506
"5445","5445",3206,3295,3811,0.188708671241422
"5446","5446",1778,1778,1968,0.106861642294713
"5448","5448",5144,5124,5143,-0.000194401244167963
"5449","5449",839,839,839,0
"5450","5450",6332,6308,6337,0.000789639924194567
"5451","5451",4532,4306,4597,0.014342453662842
"5452","5452",4668,4667,3532,-0.243359040274207
"5453","5453",2309,2309,998,-0.567778258986574
"5454","5454",2497,2651,2197,-0.120144173007609
"5455","5455",4008,4067,3406,-0.150199600798403
"5456","5456",2030,1828,1686,-0.169458128078818
"12701","12701",2030,1828,1686,-0.169458128078818
"5457","5457",5962,5938,6154,0.0322039584032204
"5458","5458",3267,3267,2713,-0.169574533210897
"6264","6264",3267,3267,2713,-0.169574533210897
"5459","5459",842,709,664,-0.211401425178147
"16301","16301",842,709,664,-0.211401425178147
"5460","5460",2345,2310,2209,-0.0579957356076759
"5461","5461",2539,2536,2518,-0.00827097282394644
"5462","5462",2556,2556,2556,0
"5463","5463",5273,5577,4372,-0.170870472216954
"5464","5464",6308,6313,6713,0.0642041851616994
"5465","5465",3361,3130,2534,-0.246057720916394
"10431","10431",3361,3130,2534,-0.246057720916394
"5466","5466",1050,1114,1243,0.183809523809524
"5467","5467",6496,6483,6389,-0.0164716748768473
"5468","5468",3059,3059,2905,-0.0503432494279176
"5469","5469",1559,1559,1431,-0.0821039127645927
"5470","5470",4606,4713,4555,-0.0110725141120278
"5471","5471",3369,3353,4086,0.212822796081923
"5472","5472",1822,2457,2458,0.349066959385291
"5473","5473",3724,3540,3542,-0.0488721804511278
"5474","5474",4573,4570,4598,0.00546687076317516
"5475","5475",1287,1117,1117,-0.132090132090132
"5476","5476",1623,1625,1531,-0.0566851509550216
"5477","5477",3618,3506,2964,-0.180762852404643
"5478","5478",1998,2015,2015,0.00850850850850851
"5479","5479",10050,10287,9922,-0.0127363184079602
"5480","5480",7012,7017,6865,-0.0209640616086708
"5481","5481",1474,1384,1318,-0.105834464043419
"9790","9790",1474,1384,1318,-0.105834464043419
"5482","5482",2536,1643,1639,-0.353706624605678
"5483","5483",2265,1544,1994,-0.119646799116998
"5484","5484",7302,7146,7500,0.0271158586688578
"5485","5485",1250,1259,1559,0.2472
"6478","6478",1250,1259,1559,0.2472
"17653","17653",1250,1259,1559,0.2472
"5486","5486",4202,4202,4163,-0.00928129462160876
"5487","5487",9093,9109,8798,-0.0324425382162103
"5488","5488",3027,2906,2906,-0.0399735711925999
"5489","5489",1364,1231,1216,-0.108504398826979
"5490","5490",1298,1415,1350,0.0400616332819723
"14242","14242",1298,1415,1350,0.0400616332819723
"5492","5492",1331,1331,1331,0
"17157","17157",1331,1331,1331,0
"5493","5493",3452,3477,3464,0.00347624565469293
"13793","13793",3452,3477,3464,0.00347624565469293
"5494","5494",3633,3986,3916,0.0778970547756675
"5495","5495",2043,2625,2077,0.0166421928536466
"5497","5497",1022,1022,1004,-0.0176125244618395
"5498","5498",2438,2869,2664,0.0926989335520919
"12935","12935",2438,2869,2664,0.0926989335520919
"5500","5500",2228,2228,2227,-0.000448833034111311
"5502","5502",4729,4709,4757,0.00592091351237048
"5503","5503",9607,10019,9343,-0.0274799625273238
"5504","5504",1780,1780,1822,0.0235955056179775
"5505","5505",2528,2611,2140,-0.153481012658228
"7036","7036",2528,2611,2140,-0.153481012658228
"5506","5506",3117,3031,3026,-0.0291947385306384
"5507","5507",7185,5396,5655,-0.21294363256785
"5509","5509",4305,4609,4594,0.0671312427409988
"5510","5510",2142,1997,1994,-0.069094304388422
"5511","5511",2425,2426,2499,0.0305154639175258
"5512","5512",3649,3594,4052,0.110441216771718
"5513","5513",1496,1512,1511,0.0100267379679144
"5514","5514",1399,1403,1403,0.00285918513223731
"5516","5516",2953,2768,2768,-0.0626481544192347
"5517","5517",7744,7744,7664,-0.0103305785123967
"5518","5518",4370,4418,4178,-0.0439359267734554
"5519","5519",2034,2022,2051,0.00835791543756145
"5520","5520",4362,4363,4363,0.000229252636405319
"5521","5521",5073,5288,5072,-0.00019712201852947
"5522","5522",1985,1985,1979,-0.00302267002518892
"5523","5523",2509,2497,3212,0.280191311279394
"5525","5525",1826,1820,1960,0.0733844468784228
"5526","5526",1563,1562,1670,0.0684580934101088
"5527","5527",3109,3109,2367,-0.238661949179801
"5528","5528",2878,2878,2938,0.0208478109798471
"5529","5529",4989,4977,4953,-0.00721587492483464
"5530","5530",1617,1600,1600,-0.0105132962275819
"5531","5531",4921,4922,5605,0.138996138996139
"5532","5532",2390,2390,2694,0.127196652719665
"5533","5533",3257,3258,3262,0.00153515505066012
"5534","5534",2443,2439,2552,0.0446172738436349
"5535","5535",3667,3902,4052,0.104990455413144
"5536","5536",4402,4731,4211,-0.0433893684688778
"5537","5537",2197,2151,2135,-0.0282203004096495
"7049","7049",2197,2151,2135,-0.0282203004096495
"8781","8781",2197,2151,2135,-0.0282203004096495
"5539","5539",3900,3892,4174,0.0702564102564103
"5540","5540",3212,3212,2574,-0.198630136986301
"5541","5541",2623,2645,2579,-0.0167746854746474
"16878","16878",2623,2645,2579,-0.0167746854746474
"17590","17590",2623,2645,2579,-0.0167746854746474
"18129","18129",2623,2645,2579,-0.0167746854746474
"5542","5542",3700,4376,3503,-0.0532432432432432
"6427","6427",3700,4376,3503,-0.0532432432432432
"5543","5543",2615,2584,2621,0.00229445506692161
"14907","14907",2615,2584,2621,0.00229445506692161
"5545","5545",5247,5181,5212,-0.00667047836859158
"5546","5546",3417,3416,2597,-0.239976587649985
"5547","5547",1363,1322,1324,-0.0286133528980191
"5548","5548",2291,2437,2082,-0.0912265386294195
"5549","5549",4814,4922,4073,-0.153926049023681
"5550","5550",1660,1660,1633,-0.0162650602409639
"5551","5551",2341,2336,2216,-0.0533959846219564
"5552","5552",4540,4539,4109,-0.0949339207048458
"5553","5553",3439,3629,3737,0.086653096830474
"5554","5554",4860,4690,4481,-0.0779835390946502
"5555","5555",3222,2722,2996,-0.0701427684667908
"5556","5556",2816,2564,2869,0.0188210227272727
"5557","5557",6631,6240,6267,-0.05489368119439
"5559","5559",3771,3760,3727,-0.0116679925749138
"5560","5560",1279,1479,1570,0.227521501172791
"5561","5561",1899,1882,1729,-0.0895208004212744
"5562","5562",2087,2232,1924,-0.0781025395304265
"5563","5563",2238,2246,1542,-0.310991957104558
"5564","5564",7440,6920,6216,-0.164516129032258
"5566","5566",1532,1504,1504,-0.0182767624020888
"5568","5568",3169,3731,3353,0.0580624802776901
"5569","5569",1386,1386,1110,-0.199134199134199
"5570","5570",3415,3454,3499,0.024597364568082
"5571","5571",2407,2407,3605,0.497714997922725
"5572","5572",2294,2294,2245,-0.0213600697471665
"5573","5573",1606,1563,1563,-0.026774595267746
"12562","12562",1606,1563,1563,-0.026774595267746
"5574","5574",1597,1572,1639,0.026299311208516
"5575","5575",5269,5458,5342,0.013854621370279
"5576","5576",4266,4266,4265,-0.00023441162681669
"5577","5577",4714,5093,4681,-0.00700042426813746
"5578","5578",6267,6369,6400,0.0212222754108824
"5579","5579",2831,2348,2280,-0.194630872483221
"5580","5580",1922,1921,2044,0.0634755463059313
"5581","5581",4682,4701,5287,0.129218282785135
"5582","5582",3324,3324,2839,-0.145908543922984
"5583","5583",3025,3025,3793,0.253884297520661
"5584","5584",1988,1964,2035,0.0236418511066398
"9380","9380",1988,1964,2035,0.0236418511066398
"13928","13928",1988,1964,2035,0.0236418511066398
"5585","5585",1268,1732,1551,0.223186119873817
"5586","5586",5256,5376,4589,-0.126902587519026
"5587","5587",3859,3568,3696,-0.0422389220005183
"5588","5588",4350,5652,5246,0.205977011494253
"5589","5589",2881,3225,2836,-0.015619576535925
"5590","5590",1169,1757,1640,0.402908468776732
"5591","5591",1525,1627,1501,-0.0157377049180328
"6540","6540",1525,1627,1501,-0.0157377049180328
"5592","5592",3946,3985,3816,-0.0329447541814496
"5594","5594",1068,1116,1306,0.222846441947566
"5595","5595",2426,2562,2560,0.055234954657873
"5596","5596",2546,2546,2654,0.0424194815396701
"5597","5597",1658,1484,1439,-0.132086851628468
"5598","5598",1016,950,1050,0.0334645669291339
"5599","5599",2666,2313,2153,-0.192423105776444
"5600","5600",1332,1356,1370,0.0285285285285285
"5601","5601",2321,1488,1479,-0.362774666092202
"5602","5602",1923,1922,2291,0.191367654706188
"19453","19453",1923,1922,2291,0.191367654706188
"5603","5603",4502,4496,4980,0.106175033318525
"5604","5604",3570,3159,3065,-0.141456582633053
"5606","5606",4729,4867,4500,-0.0484246140833157
"5607","5607",3585,3713,3292,-0.0817294281729428
"5608","5608",2445,2445,2548,0.0421267893660532
"5609","5609",2749,3376,3507,0.275736631502364
"5610","5610",1199,1199,1070,-0.107589658048374
"5611","5611",2942,2942,3120,0.0605030591434398
"5612","5612",4737,5362,5436,0.147561747941735
"5613","5613",2184,2182,2182,-0.000915750915750916
"5614","5614",3925,3925,3613,-0.0794904458598726
"5615","5615",1685,1538,1366,-0.189317507418398
"5616","5616",1871,2002,1861,-0.00534473543559594
"5617","5617",3876,3876,4023,0.0379256965944272
"5618","5618",1737,1722,2320,0.335636154289004
"5619","5619",6542,6480,6529,-0.00198715988994191
"5620","5620",1290,1250,1376,0.0666666666666667
"14916","14916",1290,1250,1376,0.0666666666666667
"5621","5621",2490,2508,2508,0.0072289156626506
"5622","5622",3660,3660,3660,0
"5623","5623",4598,4601,4624,0.00565463244889082
"5624","5624",3661,3175,3220,-0.120458891013384
"5625","5625",4980,4894,4873,-0.0214859437751004
"5626","5626",2098,2098,2098,0
"16058","16058",2098,2098,2098,0
"5627","5627",2099,2100,1855,-0.116245831348261
"5628","5628",3076,3394,2905,-0.055591677503251
"5629","5629",9178,9155,8813,-0.0397690128568316
"5630","5630",3773,3774,3750,-0.00609594487145508
"5631","5631",2795,2803,2290,-0.180679785330948
"5632","5632",6332,6357,6356,0.00379027163613392
"5633","5633",5678,5791,6558,0.154984149348362
"5634","5634",4272,3894,3920,-0.0823970037453183
"5635","5635",4033,4039,4036,0.00074386312918423
"5636","5636",916,949,949,0.0360262008733624
"5637","5637",3954,3628,4106,0.0384420839656045
"5638","5638",3220,3187,3249,0.00900621118012422
"5640","5640",2666,2252,2313,-0.132408102025506
"10259","10259",2666,2252,2313,-0.132408102025506
"5641","5641",917,917,945,0.0305343511450382
"5642","5642",2832,2703,2621,-0.0745056497175141
"5643","5643",4865,4796,4789,-0.0156217882836588
"5644","5644",2635,2598,2825,0.0721062618595825
"5645","5645",4391,4064,3889,-0.114324755181052
"18468","18468",4391,4064,3889,-0.114324755181052
"5646","5646",7678,7761,7127,-0.0717634800729357
"5647","5647",2589,2975,2726,0.0529161838547702
"5648","5648",1765,1810,1762,-0.00169971671388102
"17310","17310",1765,1810,1762,-0.00169971671388102
"5649","5649",1239,1239,1243,0.00322841000807102
"5650","5650",2824,2779,2601,-0.0789660056657224
"5651","5651",3715,3623,3623,-0.024764468371467
"5654","5654",2983,3917,2723,-0.0871605766007375
"5655","5655",3387,3683,3754,0.108355476823147
"5656","5656",2810,2619,2708,-0.0362989323843416
"10741","10741",2810,2619,2708,-0.0362989323843416
"5657","5657",3231,3231,3228,-0.000928505106778087
"5658","5658",5648,5646,4585,-0.18820821529745
"5659","5659",3711,4152,4119,0.109943411479386
"5660","5660",5313,5313,4404,-0.171089779785432
"5661","5661",3335,3849,3453,0.0353823088455772
"5662","5662",8799,8781,8802,0.000340947834981248
"5663","5663",1826,1822,1803,-0.0125958378970427
"11420","11420",1826,1822,1803,-0.0125958378970427
"5664","5664",1134,1111,989,-0.127865961199295
"5665","5665",2067,2881,2682,0.297532656023222
"5666","5666",1412,1482,1515,0.0729461756373938
"5667","5667",2202,2202,2202,0
"5668","5668",4155,4330,4151,-0.000962695547533093
"5669","5669",4906,5593,4676,-0.0468813697513249
"5670","5670",3591,4116,4160,0.158451684767474
"5672","5672",1791,1776,2701,0.508096035734227
"5673","5673",1493,1473,1345,-0.0991292699263228
"8826","8826",1493,1473,1345,-0.0991292699263228
"15602","15602",1493,1473,1345,-0.0991292699263228
"18873","18873",1493,1473,1345,-0.0991292699263228
"5674","5674",2440,2345,2420,-0.00819672131147541
"5675","5675",7740,7765,7775,0.00452196382428941
"5676","5676",4012,3686,3477,-0.133349950149551
"5677","5677",2656,2673,2943,0.108057228915663
"5678","5678",3444,3432,3432,-0.00348432055749129
"5679","5679",2002,2113,2045,0.0214785214785215
"10828","10828",2002,2113,2045,0.0214785214785215
"5680","5680",2538,2195,2184,-0.139479905437352
"5817","5817",2538,2195,2184,-0.139479905437352
"10749","10749",2538,2195,2184,-0.139479905437352
"5681","5681",1851,1918,1918,0.0361966504592112
"5682","5682",8343,8224,8046,-0.0355987055016181
"5683","5683",1800,1900,2044,0.135555555555556
"16366","16366",1800,1900,2044,0.135555555555556
"5684","5684",5686,5672,5436,-0.0439676398170946
"5685","5685",3852,3510,3468,-0.0996884735202492
"5686","5686",5408,4226,4879,-0.0978180473372781
"5688","5688",5618,5605,5672,0.00961196155215379
"5689","5689",2747,2649,2926,0.0651619949035311
"5690","5690",1692,1653,1806,0.0673758865248227
"5691","5691",4142,4095,4094,-0.0115886045388701
"5692","5692",3373,3201,3342,-0.00919063148532464
"5694","5694",3035,3316,3486,0.148599670510708
"5695","5695",2787,2261,2508,-0.10010764262648
"5696","5696",4031,4011,4039,0.00198461920119077
"5697","5697",3379,3322,3554,0.0517904705534182
"5698","5698",3102,3082,3621,0.167311411992263
"5699","5699",1496,1492,1492,-0.00267379679144385
"5700","5700",5334,5388,5192,-0.0266216722909636
"5701","5701",6582,6665,6646,0.00972348830142814
"5702","5702",5134,3794,3791,-0.26158940397351
"5703","5703",9398,9987,9600,0.0214939348797617
"5704","5704",3135,3428,3428,0.0934609250398724
"5705","5705",3666,3666,3668,0.000545553737043099
"5706","5706",1513,1454,1454,-0.038995373430271
"5707","5707",2751,2646,2364,-0.140676117775354
"5708","5708",5474,5478,5124,-0.0639386189258312
"5709","5709",3472,3365,3372,-0.0288018433179724
"5710","5710",2463,2773,2733,0.109622411693057
"5711","5711",2072,2138,2132,0.028957528957529
"5712","5712",1404,1407,1407,0.00213675213675214
"5713","5713",1627,1628,1628,0.000614628149969269
"5714","5714",860,888,888,0.0325581395348837
"5715","5715",2367,2465,2466,0.0418250950570342
"5716","5716",2840,3463,2284,-0.195774647887324
"5717","5717",3743,4921,5057,0.351055303232701
"5718","5718",1389,950,1026,-0.26133909287257
"5719","5719",2680,2680,2677,-0.00111940298507463
"5720","5720",1721,1713,1988,0.15514235909355
"5721","5721",1552,1367,1367,-0.119201030927835
"5722","5722",833,1106,982,0.178871548619448
"5724","5724",1445,1445,1445,0
"5725","5725",3633,3633,3634,0.000275254610514726
"5726","5726",3963,3927,3955,-0.00201867272268483
"5727","5727",4985,4733,5036,0.0102306920762287
"5728","5728",1532,1387,1369,-0.106396866840731
"5729","5729",1948,1925,1907,-0.021047227926078
"7893","7893",1948,1925,1907,-0.021047227926078
"5730","5730",4424,4500,4354,-0.0158227848101266
"5731","5731",2215,2163,2163,-0.0234762979683973
"5734","5734",2215,2163,2163,-0.0234762979683973
"8353","8353",2215,2163,2163,-0.0234762979683973
"5732","5732",5434,4822,4130,-0.239970555760029
"5735","5735",2213,2208,3646,0.6475372797108
"5736","5736",7406,7198,7384,-0.00297056440723738
"5737","5737",3584,3639,3597,0.00362723214285714
"5738","5738",2064,1819,1825,-0.115794573643411
"5739","5739",3919,4139,4282,0.092625669813728
"12270","12270",3919,4139,4282,0.092625669813728
"5740","5740",2957,2890,2969,0.00405816706121069
"5741","5741",7577,7483,6057,-0.200607100435529
"5742","5742",3996,3764,4507,0.127877877877878
"5743","5743",3879,3885,3159,-0.185614849187935
"5744","5744",5100,5170,5356,0.0501960784313725
"13087","13087",5100,5170,5356,0.0501960784313725
"5745","5745",3211,3413,3510,0.0931174089068826
"5746","5746",3947,3986,3972,0.00633392449961996
"5747","5747",5155,5155,4881,-0.0531522793404462
"5748","5748",4136,4698,4050,-0.0207930367504836
"5749","5749",1331,1331,1330,-0.000751314800901578
"5750","5750",3814,4029,3854,0.010487676979549
"5751","5751",2840,2803,2589,-0.0883802816901408
"5752","5752",4699,4763,5243,0.115769312619706
"5753","5753",4084,4598,4493,0.100146914789422
"5754","5754",1373,1374,1374,0.000728332119446468
"5755","5755",3455,3455,3554,0.0286541244573082
"5756","5756",1679,1638,1640,-0.0232281119714116
"10475","10475",1679,1638,1640,-0.0232281119714116
"5757","5757",1360,1549,1311,-0.0360294117647059
"5758","5758",2681,2681,2708,0.010070869078702
"5759","5759",2513,2512,2512,-0.000397930760047752
"5760","5760",3950,4036,3948,-0.000506329113924051
"5761","5761",5760,5810,5582,-0.0309027777777778
"5762","5762",2890,2890,2867,-0.00795847750865052
"5763","5763",3130,3156,3505,0.119808306709265
"5764","5764",6144,6144,5984,-0.0260416666666667
"5765","5765",3061,3168,3212,0.0493302842208429
"5766","5766",3448,3464,3387,-0.0176914153132251
"5767","5767",3240,3825,3796,0.171604938271605
"5770","5770",1747,1747,1597,-0.0858614768174013
"5771","5771",4388,4383,4383,-0.00113947128532361
"5772","5772",3158,3612,3657,0.158011399620013
"5773","5773",1289,1288,1288,-0.000775795190069822
"5774","5774",4043,4047,4006,-0.00915162008409597
"5775","5775",2735,2771,3107,0.136014625228519
"5776","5776",4596,4333,4822,0.0491731940818103
"5777","5777",1690,2055,1755,0.0384615384615385
"5778","5778",1410,1410,1563,0.108510638297872
"5779","5779",3073,3073,4006,0.303612105434429
"5780","5780",2341,2341,2514,0.0739000427167877
"5781","5781",5743,5342,4807,-0.162981020372628
"5782","5782",2377,2094,2287,-0.0378628523348759
"5783","5783",3802,3798,3795,-0.00184113624408206
"11452","11452",3802,3798,3795,-0.00184113624408206
"5784","5784",1499,1501,1440,-0.0393595730486991
"5785","5785",911,907,885,-0.0285400658616905
"5786","5786",2075,2120,2424,0.168192771084337
"16917","16917",2075,2120,2424,0.168192771084337
"5787","5787",3039,3694,4219,0.388285620269826
"18812","18812",3039,3694,4219,0.388285620269826
"5788","5788",6989,6906,6892,-0.0138789526398626
"5789","5789",2960,2717,2833,-0.0429054054054054
"5790","5790",4106,3972,4522,0.101315148563078
"5791","5791",1827,1809,1841,0.00766283524904215
"5792","5792",4283,4283,4343,0.014008872285781
"5793","5793",4631,4398,4394,-0.051176851651911
"5794","5794",3685,3334,3334,-0.0952510176390773
"5796","5796",2343,2164,2263,-0.0341442594963722
"5797","5797",3190,2911,2912,-0.0871473354231975
"5798","5798",1375,1368,1153,-0.161454545454545
"17020","17020",1375,1368,1153,-0.161454545454545
"5799","5799",1033,1031,1498,0.450145208131655
"13555","13555",1033,1031,1498,0.450145208131655
"5800","5800",3964,3808,3923,-0.010343087790111
"5801","5801",4394,4948,4997,0.137232589895312
"5802","5802",2181,2647,2701,0.238422741861531
"5803","5803",5427,6329,6107,0.125299428782016
"5804","5804",1437,1434,1434,-0.00208768267223382
"5805","5805",2480,2473,2980,0.201612903225806
"5806","5806",1014,1020,1020,0.00591715976331361
"5807","5807",711,711,705,-0.00843881856540084
"5808","5808",3117,3637,3236,0.0381777350016041
"5809","5809",2048,1837,1884,-0.080078125
"5810","5810",6002,5965,6564,0.0936354548483839
"5811","5811",2158,2442,2467,0.143188137164041
"5812","5812",2382,2187,2296,-0.0361041141897565
"5813","5813",4308,4307,4453,0.0336583101207057
"5814","5814",2461,2461,2461,0
"5815","5815",5400,4519,4656,-0.137777777777778
"5816","5816",3397,3809,3029,-0.108330880188402
"5818","5818",1851,1904,2039,0.101566720691518
"5819","5819",2857,3127,2910,0.0185509275463773
"9080","9080",2857,3127,2910,0.0185509275463773
"5820","5820",3063,3836,3681,0.201762977473066
"5821","5821",4318,4324,3907,-0.0951829550717925
"5822","5822",1677,1677,1677,0
"14970","14970",1677,1677,1677,0
"19115","19115",1677,1677,1677,0
"5823","5823",5215,5218,4786,-0.0822627037392138
"5824","5824",4605,4548,4150,-0.0988056460369164
"5825","5825",3855,3854,3860,0.0012970168612192
"5826","5826",1545,1545,1576,0.0200647249190939
"19747","19747",1545,1545,1576,0.0200647249190939
"5827","5827",3496,3496,3271,-0.0643592677345538
"5828","5828",2256,2303,2159,-0.0429964539007092
"5829","5829",7863,8329,7652,-0.0268345415235915
"5830","5830",4257,3820,3820,-0.102654451491661
"5831","5831",5236,5236,5768,0.101604278074866
"5832","5832",3603,3138,3067,-0.148764918123786
"5833","5833",1604,1631,1664,0.0374064837905237
"5834","5834",3881,4307,3918,0.00953362535429013
"5836","5836",3748,3773,3299,-0.119797225186766
"5837","5837",1482,1395,1395,-0.0587044534412955
"5838","5838",2563,2554,2554,-0.00351150994927819
"5839","5839",1321,1396,1615,0.222558667676003
"13065","13065",1321,1396,1615,0.222558667676003
"5840","5840",1451,1451,1451,0
"12674","12674",1451,1451,1451,0
"5841","5841",1073,931,931,-0.132339235787512
"5842","5842",5090,5156,5114,0.00471512770137525
"5843","5843",1709,1677,1682,-0.0157987126974839
"5844","5844",2055,2050,1938,-0.0569343065693431
"5845","5845",2610,2610,2610,0
"5846","5846",1204,1173,1599,0.328073089700997
"5847","5847",5787,6553,5561,-0.0390530499395196
"5848","5848",2427,2418,2422,-0.00206015657189946
"12398","12398",2427,2418,2422,-0.00206015657189946
"5849","5849",4320,4300,4284,-0.00833333333333333
"5850","5850",3953,3929,3879,-0.0187199595244118
"5851","5851",2011,2012,1994,-0.00845350571854799
"5852","5852",3807,3612,3636,-0.0449172576832151
"5853","5853",4187,4303,4286,0.0236446142823024
"5854","5854",2137,2106,1819,-0.148806738418343
"5855","5855",3971,3888,3847,-0.0312263913371947
"5856","5856",4244,4232,4535,0.0685673892554194
"5857","5857",2507,2214,2170,-0.134423613881133
"5858","5858",1740,1836,1806,0.0379310344827586
"7185","7185",1740,1836,1806,0.0379310344827586
"5859","5859",3153,4063,3092,-0.0193466539803362
"5861","5861",2569,2567,2311,-0.100428182172051
"5862","5862",1971,2527,1685,-0.145104008117707
"5863","5863",2801,2801,2689,-0.0399857193859336
"5864","5864",2071,1984,1938,-0.0642201834862385
"5865","5865",6863,6863,6533,-0.0480839283112342
"5866","5866",1810,1879,1984,0.0961325966850829
"17692","17692",1810,1879,1984,0.0961325966850829
"5867","5867",1576,1565,1741,0.104695431472081
"8143","8143",1576,1565,1741,0.104695431472081
"5868","5868",8530,8944,8388,-0.0166471277842907
"5869","5869",2240,1849,1894,-0.154464285714286
"5870","5870",747,747,756,0.0120481927710843
"8031","8031",747,747,756,0.0120481927710843
"5871","5871",2394,2394,2373,-0.0087719298245614
"5872","5872",2654,2887,3126,0.177844762622457
"5873","5873",1612,1346,1248,-0.225806451612903
"5874","5874",861,861,861,0
"5875","5875",1807,1872,1759,-0.0265633646928611
"5876","5876",3294,3135,3141,-0.046448087431694
"5878","5878",3267,3267,3377,0.0336700336700337
"5879","5879",5138,5173,4791,-0.0675360062281043
"5880","5880",3825,3824,3821,-0.00104575163398693
"5881","5881",1716,1715,1532,-0.107226107226107
"5882","5882",1553,1530,1581,0.0180296200901481
"5885","5885",3096,3080,3077,-0.00613695090439277
"5886","5886",6352,6344,5678,-0.106108312342569
"5888","5888",3991,3991,3945,-0.0115259333500376
"5889","5889",1507,1630,1698,0.126741871267419
"5890","5890",8661,7938,7990,-0.0774737328253089
"5891","5891",2380,2381,2383,0.00126050420168067
"5892","5892",4800,4726,4750,-0.0104166666666667
"5893","5893",3896,3573,3581,-0.0808521560574949
"5894","5894",997,1080,1092,0.0952858575727182
"19663","19663",997,1080,1092,0.0952858575727182
"5895","5895",2140,2140,1131,-0.471495327102804
"5896","5896",7259,7302,6916,-0.04725168756027
"5897","5897",2560,2535,2534,-0.01015625
"5898","5898",2874,2870,2924,0.0173973556019485
"5900","5900",2771,2762,2846,0.0270660411403825
"5901","5901",2652,2642,2325,-0.123303167420814
"5902","5902",9764,7412,8827,-0.0959647685374846
"5903","5903",3763,4070,4328,0.15014615997874
"5904","5904",2415,2415,2415,0
"5905","5905",3500,3393,3511,0.00314285714285714
"5906","5906",1271,1425,1831,0.44059795436664
"5907","5907",4625,4645,3764,-0.186162162162162
"5908","5908",2863,2852,2732,-0.0457561997904296
"5909","5909",8212,8197,8172,-0.00487092060399415
"5910","5910",4839,5443,5345,0.104567059309775
"5911","5911",1576,1653,1795,0.138959390862944
"5913","5913",2114,2549,2606,0.232734153263955
"5914","5914",3464,3464,2759,-0.203521939953811
"7994","7994",3464,3464,2759,-0.203521939953811
"5915","5915",10623,10525,10515,-0.0101666195989833
"5916","5916",3039,3103,3121,0.0269825600526489
"5917","5917",2589,2600,2600,0.00424874468906914
"5918","5918",2027,2419,2440,0.203749383325111
"5919","5919",4155,4162,3493,-0.159326113116727
"5920","5920",1026,1350,1265,0.232943469785575
"5921","5921",3497,3497,3590,0.0265942236202459
"5922","5922",9018,9031,8464,-0.0614326901752051
"5923","5923",3472,3472,3733,0.0751728110599078
"5924","5924",4342,4230,3639,-0.161906955320129
"5925","5925",1914,1915,1884,-0.0156739811912226
"5926","5926",1135,1135,1135,0
"5927","5927",3762,3391,3547,-0.057150451887294
"16470","16470",3762,3391,3547,-0.057150451887294
"5928","5928",8879,8733,8848,-0.00349138416488343
"5929","5929",9991,7980,7985,-0.200780702632369
"5930","5930",2210,2210,2183,-0.0122171945701357
"5931","5931",4622,5011,5047,0.0919515361315448
"5932","5932",6243,6273,5305,-0.15024827807144
"5933","5933",5242,4422,4504,-0.140785959557421
"5934","5934",4015,3825,3948,-0.0166874221668742
"5935","5935",5362,5152,5145,-0.0404699738903394
"5936","5936",2050,2042,2042,-0.00390243902439024
"5937","5937",4603,4603,4434,-0.0367151857484249
"5938","5938",3790,3793,3811,0.00554089709762533
"5939","5939",9691,10563,10077,0.039830770818285
"5940","5940",4415,4507,4026,-0.0881087202718007
"5941","5941",996,908,907,-0.0893574297188755
"5942","5942",5105,5147,4767,-0.0662095984329089
"5943","5943",3977,3685,3777,-0.0502891626854413
"5944","5944",3565,4044,3794,0.0642356241234222
"16777","16777",3565,4044,3794,0.0642356241234222
"5945","5945",2891,2891,2891,0
"5946","5946",10477,10232,11106,0.0600362699245967
"5947","5947",1687,1553,2242,0.328986366330765
"5948","5948",7148,6735,7080,-0.00951315053161724
"5949","5949",3290,3290,3456,0.0504559270516717
"5950","5950",3798,3745,3796,-0.000526592943654555
"5951","5951",2064,2064,2045,-0.00920542635658915
"5952","5952",5671,5983,5643,-0.00493740081114442
"5953","5953",2935,2996,2933,-0.000681431005110733
"5954","5954",1299,1435,1384,0.0654349499615089
"15831","15831",1299,1435,1384,0.0654349499615089
"5955","5955",2954,2915,2899,-0.0186188219363575
"5956","5956",7123,7273,6962,-0.0226028358837568
"5957","5957",728,756,746,0.0247252747252747
"5958","5958",1197,1197,1703,0.422723475355054
"5959","5959",982,982,957,-0.0254582484725051
"5960","5960",2286,2083,2060,-0.0988626421697288
"5961","5961",3916,4160,3807,-0.0278345250255363
"5962","5962",3728,3725,3753,0.00670600858369099
"5964","5964",901,880,880,-0.02330743618202
"5965","5965",2080,2042,2214,0.0644230769230769
"5966","5966",4234,4197,4201,-0.00779404818138876
"5967","5967",1888,1888,1888,0
"5968","5968",2011,2011,2011,0
"5969","5969",3646,4170,2985,-0.181294569391114
"5970","5970",1105,1087,1087,-0.016289592760181
"15295","15295",1105,1087,1087,-0.016289592760181
"5971","5971",4514,4979,5065,0.122064687638458
"5972","5972",1674,1674,1675,0.000597371565113501
"5973","5973",2675,2629,2639,-0.0134579439252336
"18165","18165",2675,2629,2639,-0.0134579439252336
"5974","5974",1984,1986,1820,-0.0826612903225806
"5975","5975",5564,4779,4875,-0.123831775700935
"5976","5976",1565,1791,1719,0.0984025559105431
"5977","5977",1461,1461,1384,-0.052703627652293
"5978","5978",3323,3323,3355,0.00962985254288294
"5979","5979",6217,6954,5831,-0.0620878237091845
"5980","5980",3806,4062,4304,0.130846032580137
"5981","5981",1566,1718,1672,0.0676883780332056
"5983","5983",2734,2479,2823,0.0325530358449159
"5984","5984",2508,2667,2670,0.0645933014354067
"5985","5985",3285,3301,3297,0.00365296803652968
"5986","5986",2363,2585,2575,0.0897164621244181
"5987","5987",7198,7611,7614,0.0577938316198944
"5988","5988",9753,9696,9018,-0.0753614272531529
"5989","5989",2255,2269,1958,-0.131707317073171
"5990","5990",5517,5337,6151,0.114917527641834
"5991","5991",3142,2784,2999,-0.0455124124761299
"7068","7068",3142,2784,2999,-0.0455124124761299
"5993","5993",2189,2716,2336,0.0671539515760621
"5994","5994",6235,6224,6114,-0.0194065757818765
"5995","5995",1208,952,956,-0.208609271523179
"12082","12082",1208,952,956,-0.208609271523179
"14411","14411",1208,952,956,-0.208609271523179
"5996","5996",2938,2294,2906,-0.0108917631041525
"5997","5997",5517,5511,5438,-0.0143193764727207
"5998","5998",2003,1962,1945,-0.0289565651522716
"10153","10153",2003,1962,1945,-0.0289565651522716
"5999","5999",4592,4583,4583,-0.00195993031358885
"6000","6000",4819,4824,4743,-0.0157709068271426
"6001","6001",3500,3582,3633,0.038
"6002","6002",4393,4281,4325,-0.0154791714090599
"6003","6003",2679,2802,2783,0.0388204553938037
"6004","6004",2234,2059,2461,0.101611459265891
"10440","10440",2234,2059,2461,0.101611459265891
"6005","6005",3898,4621,4302,0.103642893791688
"6007","6007",2089,2150,2155,0.0315940641455242
"6008","6008",1926,1591,1643,-0.146936656282451
"6009","6009",1762,1762,1762,0
"6010","6010",4197,3728,3813,-0.091493924231594
"6011","6011",975,959,959,-0.0164102564102564
"6012","6012",5141,4991,5069,-0.0140050573818323
"6013","6013",2152,3282,3313,0.53949814126394
"6014","6014",3131,3469,2845,-0.091344618332801
"6015","6015",3250,3132,3105,-0.0446153846153846
"6016","6016",4554,5204,5205,0.142951251646904
"6017","6017",2275,2281,2209,-0.029010989010989
"6018","6018",3365,3365,3362,-0.000891530460624071
"6019","6019",1883,1868,1686,-0.104620286776421
"6020","6020",1278,1278,1159,-0.0931142410015649
"6021","6021",1446,1446,1418,-0.0193637621023513
"6022","6022",5531,6491,5906,0.0677996745615621
"6023","6023",2770,2784,2658,-0.0404332129963899
"6024","6024",3582,3582,3175,-0.113623673925181
"6025","6025",2296,2720,2717,0.183362369337979
"6026","6026",7340,7268,7480,0.0190735694822888
"6027","6027",1970,2025,2089,0.0604060913705584
"19552","19552",1970,2025,2089,0.0604060913705584
"6028","6028",1564,1606,1551,-0.00831202046035806
"6029","6029",3684,3748,3626,-0.0157437567861021
"6030","6030",2785,2996,3143,0.128545780969479
"6031","6031",1819,1819,2027,0.11434854315558
"6032","6032",3062,3062,3063,0.000326583932070542
"6033","6033",2975,2174,2151,-0.276974789915966
"6034","6034",1672,1642,1592,-0.0478468899521531
"6035","6035",2317,2255,2411,0.0405697022011221
"7548","7548",2317,2255,2411,0.0405697022011221
"8258","8258",2317,2255,2411,0.0405697022011221
"6036","6036",2913,3834,3671,0.260212838997597
"6037","6037",4512,4512,4454,-0.012854609929078
"6039","6039",1484,1325,2128,0.433962264150943
"6040","6040",5352,5354,4712,-0.119581464872945
"6041","6041",3896,3836,3965,0.0177104722792608
"6042","6042",2391,2339,2339,-0.0217482225010456
"6043","6043",3341,3482,3444,0.0308290930859024
"6044","6044",4532,4901,4021,-0.112753751103266
"6045","6045",2748,3135,3941,0.434133915574964
"6046","6046",6856,6871,6096,-0.110851808634772
"6047","6047",1430,1331,1331,-0.0692307692307692
"6048","6048",3070,2959,2958,-0.0364820846905537
"6049","6049",3262,3262,4168,0.277743715511956
"6050","6050",2708,2545,2604,-0.0384047267355982
"6051","6051",1513,2182,1857,0.227362855254461
"6052","6052",4532,4533,4518,-0.0030891438658429
"6053","6053",4570,4955,5177,0.132822757111597
"6054","6054",8121,7345,6987,-0.139637975618766
"6055","6055",7187,7147,7644,0.0635870321413664
"6056","6056",6273,6344,6332,0.00940538817152877
"6057","6057",4006,4055,4133,0.0317024463305042
"6058","6058",2165,2212,2112,-0.0244803695150115
"18469","18469",2165,2212,2112,-0.0244803695150115
"6059","6059",4625,4606,4310,-0.0681081081081081
"6060","6060",1444,1511,1495,0.0353185595567867
"6061","6061",4760,4748,4748,-0.00252100840336134
"6062","6062",2579,2514,2538,-0.0158976347421481
"6063","6063",7014,6982,6678,-0.0479041916167665
"6064","6064",7036,6975,7819,0.111284820920978
"6065","6065",3652,3645,3216,-0.119386637458927
"6066","6066",2929,3007,2968,0.0133151246159099
"6067","6067",1698,1698,1720,0.0129564193168433
"6068","6068",1641,1745,1319,-0.196221815965874
"6069","6069",2273,2274,2102,-0.075230972283326
"6070","6070",3147,3215,3090,-0.0181124880838894
"6071","6071",2590,2657,2606,0.00617760617760618
"9039","9039",2590,2657,2606,0.00617760617760618
"17268","17268",2590,2657,2606,0.00617760617760618
"18752","18752",2590,2657,2606,0.00617760617760618
"6072","6072",2072,1538,1538,-0.257722007722008
"14303","14303",2072,1538,1538,-0.257722007722008
"6073","6073",2247,1485,1591,-0.291944815309301
"6075","6075",1070,1069,995,-0.0700934579439252
"6076","6076",2724,2730,2793,0.0253303964757709
"12463","12463",2724,2730,2793,0.0253303964757709
"6077","6077",2876,2926,2992,0.0403337969401947
"6078","6078",6632,6934,6988,0.0536791314837153
"6079","6079",2319,2312,2187,-0.0569210866752911
"6080","6080",3863,3856,3429,-0.112347916127362
"6081","6081",5053,5155,5119,0.0130615475954878
"6082","6082",11850,11853,10876,-0.0821940928270042
"6083","6083",1874,2212,1973,0.0528281750266809
"6084","6084",2198,2199,2240,0.0191082802547771
"6085","6085",5805,5804,5002,-0.13832902670112
"6086","6086",2556,2519,2519,-0.0144757433489828
"6087","6087",3349,3400,3309,-0.0119438638399522
"6088","6088",1843,2063,1956,0.0613130765056972
"6089","6089",1292,1265,1314,0.0170278637770898
"6090","6090",2548,2548,2548,0
"6091","6091",1984,2075,2073,0.0448588709677419
"6092","6092",4489,4487,4363,-0.0280686121630653
"6093","6093",1033,1033,916,-0.113262342691191
"6095","6095",1288,1288,1289,0.00077639751552795
"6096","6096",2232,1896,1497,-0.329301075268817
"6097","6097",3069,3006,2791,-0.0905832518735745
"6098","6098",4091,4089,4215,0.0303104375458323
"6099","6099",1919,1859,1861,-0.0302240750390829
"6100","6100",2897,2566,2492,-0.139799792889196
"6363","6363",2897,2566,2492,-0.139799792889196
"6101","6101",4743,5190,4191,-0.116382036685642
"6102","6102",4934,5101,5015,0.0164167004458857
"6103","6103",4043,4193,3958,-0.0210239920850853
"6104","6104",507,483,522,0.029585798816568
"6105","6105",1805,1789,1898,0.0515235457063712
"14059","14059",1805,1789,1898,0.0515235457063712
"16200","16200",1805,1789,1898,0.0515235457063712
"6106","6106",1526,1659,1577,0.0334207077326343
"6107","6107",2168,2168,2172,0.0018450184501845
"6108","6108",3439,3441,3388,-0.0148298924105845
"6109","6109",5242,5245,5261,0.00362457077451354
"6110","6110",1869,1818,1878,0.00481540930979133
"6111","6111",2302,2302,2683,0.165508253692441
"6112","6112",2379,2549,2343,-0.0151324085750315
"13518","13518",2379,2549,2343,-0.0151324085750315
"6113","6113",9824,9764,10062,0.0242263843648208
"6114","6114",11624,8637,10563,-0.0912766689607708
"6115","6115",1146,1024,948,-0.172774869109948
"6116","6116",1076,1125,1125,0.0455390334572491
"6117","6117",10954,10946,10275,-0.0619864889538068
"6118","6118",4310,5792,5334,0.237587006960557
"6120","6120",2992,3031,2743,-0.0832219251336898
"6121","6121",2080,2080,1978,-0.0490384615384615
"6122","6122",1865,1882,1869,0.00214477211796247
"6123","6123",821,904,918,0.118148599269184
"19262","19262",821,904,918,0.118148599269184
"6124","6124",2419,3159,2551,0.0545680033071517
"6125","6125",3570,3778,3823,0.0708683473389356
"6126","6126",2845,4736,2686,-0.0558875219683656
"6127","6127",6141,6142,6140,-0.000162839928350432
"6128","6128",2513,2545,2546,0.0131317150815758
"6130","6130",4455,4443,4512,0.0127946127946128
"6131","6131",3872,2877,2979,-0.230630165289256
"6132","6132",1096,1131,1131,0.0319343065693431
"6133","6133",7409,7808,8918,0.203671210689702
"6134","6134",1693,2511,2250,0.329001772002363
"17279","17279",1693,2511,2250,0.329001772002363
"6135","6135",10978,10723,12482,0.137001275277828
"6136","6136",4477,4478,4242,-0.0524905070359616
"6137","6137",2153,2153,2161,0.00371574547143521
"16760","16760",2153,2153,2161,0.00371574547143521
"6138","6138",1234,1234,1234,0
"6139","6139",4326,4387,4372,0.0106333795654184
"6140","6140",2393,2391,2363,-0.0125365649811952
"6141","6141",3163,3164,3046,-0.0369901991779956
"6142","6142",4722,4398,3819,-0.191232528589581
"6143","6143",6528,6211,5905,-0.0954350490196078
"6144","6144",2536,2558,2912,0.148264984227129
"6145","6145",975,962,976,0.00102564102564103
"6146","6146",5184,5125,5184,0
"6147","6147",1353,1354,1354,0.00073909830007391
"8751","8751",1353,1354,1354,0.00073909830007391
"6148","6148",3706,3615,3565,-0.0380464112250405
"6149","6149",4062,4062,3848,-0.0526834071885771
"6150","6150",2220,2262,2257,0.0166666666666667
"6151","6151",2758,2837,2693,-0.02356780275562
"6152","6152",1254,1068,1804,0.43859649122807
"6153","6153",2642,2577,2277,-0.138152914458743
"6154","6154",3587,3397,3875,0.0802899358795651
"6155","6155",12032,12036,12000,-0.00265957446808511
"6156","6156",968,968,1118,0.15495867768595
"6158","6158",1318,1318,1318,0
"6159","6159",7565,7840,7862,0.0392597488433576
"6161","6161",1525,1334,2201,0.44327868852459
"8409","8409",1525,1334,2201,0.44327868852459
"6162","6162",1225,1225,1225,0
"6163","6163",6099,6099,5799,-0.0491883915395967
"6164","6164",5236,4638,5384,0.0282658517952636
"6165","6165",1976,2008,1928,-0.0242914979757085
"13785","13785",1976,2008,1928,-0.0242914979757085
"6166","6166",2933,2642,2749,-0.0627344016365496
"6167","6167",4602,4602,4601,-0.000217296827466319
"6168","6168",552,543,510,-0.0760869565217391
"9406","9406",552,543,510,-0.0760869565217391
"6169","6169",5152,5152,5153,0.000194099378881988
"6170","6170",1030,1206,1204,0.168932038834951
"6171","6171",1615,1783,1851,0.146130030959752
"6173","6173",3401,3225,3225,-0.0517494854454572
"6174","6174",4391,4331,4613,0.050557959462537
"6175","6175",1348,1355,1356,0.00593471810089021
"6176","6176",1689,1689,2580,0.52753108348135
"6177","6177",1548,1548,1548,0
"16143","16143",1548,1548,1548,0
"6178","6178",2150,2171,2312,0.0753488372093023
"6179","6179",3872,3670,3612,-0.0671487603305785
"14814","14814",3872,3670,3612,-0.0671487603305785
"15848","15848",3872,3670,3612,-0.0671487603305785
"6180","6180",5241,4639,4977,-0.0503720663995421
"6181","6181",2828,2830,3191,0.128359264497878
"6182","6182",1568,1668,2204,0.405612244897959
"6183","6183",4052,3271,3292,-0.18756169792695
"6184","6184",3066,2902,2929,-0.0446836268754077
"6185","6185",1822,1670,2076,0.13940724478595
"6186","6186",1774,1715,1718,-0.0315670800450958
"6187","6187",2264,2323,1913,-0.155035335689046
"6188","6188",4468,4259,4320,-0.0331244404655327
"6189","6189",1006,984,1236,0.228628230616302
"9485","9485",1006,984,1236,0.228628230616302
"15324","15324",1006,984,1236,0.228628230616302
"6190","6190",7721,7696,7353,-0.0476622199196995
"6192","6192",2421,2229,2100,-0.132589838909542
"6193","6193",4479,4253,3493,-0.220138423755303
"6194","6194",2003,1844,2432,0.214178731902147
"6195","6195",1143,805,804,-0.296587926509186
"6196","6196",2276,2276,2280,0.00175746924428822
"6197","6197",3242,3222,3068,-0.053670573719926
"9713","9713",3242,3222,3068,-0.053670573719926
"6198","6198",1711,1711,1655,-0.032729398012858
"6199","6199",3716,4091,4229,0.13805166846071
"6200","6200",2342,2426,2403,0.0260461144321093
"6201","6201",2332,2331,1814,-0.222126929674099
"6202","6202",4620,4891,4756,0.0294372294372294
"6203","6203",1821,1822,1779,-0.0230642504118616
"6204","6204",2041,2018,1721,-0.156785889269966
"6205","6205",3575,3974,3161,-0.115804195804196
"6207","6207",914,860,962,0.0525164113785558
"6208","6208",4156,4156,4427,0.0652069297401347
"6209","6209",7582,7400,6617,-0.127275125296755
"6210","6210",1865,1865,2139,0.146916890080429
"6211","6211",4410,4512,5142,0.165986394557823
"6212","6212",2999,2911,2966,-0.0110036678892964
"6213","6213",901,954,954,0.0588235294117647
"6214","6214",1528,1988,1975,0.292539267015707
"6215","6215",4628,4628,3845,-0.169187554019015
"6216","6216",4791,4798,4903,0.0233771655186809
"6217","6217",5064,5309,5413,0.0689178515007899
"6218","6218",9643,10304,9657,0.00145183034325417
"6219","6219",811,813,812,0.00123304562268804
"6220","6220",1564,1546,1546,-0.0115089514066496
"6221","6221",4492,4456,4783,0.0647818343722173
"6222","6222",4869,3663,3592,-0.262271513657835
"6223","6223",2195,2679,2680,0.220956719817768
"6224","6224",4679,4703,4506,-0.0369737123316948
"6226","6226",3212,3212,3212,0
"6227","6227",5426,5426,5350,-0.0140066347217103
"6228","6228",5933,5893,5894,-0.00657340300016855
"6229","6229",3254,3253,3269,0.00460971112476951
"6230","6230",700,647,647,-0.0757142857142857
"6231","6231",2030,2030,2030,0
"6232","6232",6697,7035,7540,0.125877258473944
"6234","6234",7192,7300,7165,-0.00375417130144605
"6235","6235",1308,1348,1389,0.0619266055045872
"6237","6237",3911,3908,3930,0.00485809255944771
"6238","6238",1728,1726,1472,-0.148148148148148
"6239","6239",5820,6036,5826,0.00103092783505155
"6240","6240",1688,1688,1688,0
"6241","6241",2526,2639,2548,0.00870942201108472
"6243","6243",3157,3219,3024,-0.0421286031042129
"15166","15166",3157,3219,3024,-0.0421286031042129
"6244","6244",2053,2347,2335,0.137359961032635
"6245","6245",1493,1493,1305,-0.125920964501005
"6246","6246",2412,2626,2474,0.0257048092868988
"6247","6247",6192,6255,6143,-0.00791343669250646
"6249","6249",1026,841,841,-0.180311890838207
"6355","6355",1026,841,841,-0.180311890838207
"9322","9322",1026,841,841,-0.180311890838207
"6250","6250",10743,10629,10662,-0.00753979335381178
"6251","6251",2251,2336,2540,0.128387383385162
"6252","6252",1474,1474,1472,-0.00135685210312076
"6253","6253",3467,2708,2713,-0.217479088549178
"6254","6254",11253,11074,11111,-0.0126188571936373
"6255","6255",1495,1498,1356,-0.0929765886287625
"6256","6256",4569,4322,3995,-0.125629240534034
"6257","6257",4126,4411,4171,0.0109064469219583
"6258","6258",2196,2196,2094,-0.046448087431694
"6259","6259",2889,2704,2610,-0.0965732087227414
"6260","6260",1762,1760,1482,-0.158910329171396
"6261","6261",3733,3819,3509,-0.0600053576212162
"6262","6262",6398,6419,5776,-0.0972178805876836
"7306","7306",6398,6419,5776,-0.0972178805876836
"6263","6263",5179,5098,5095,-0.0162193473643561
"6265","6265",9204,9735,8917,-0.0311820947414168
"6266","6266",2471,2906,2192,-0.112909753136382
"6267","6267",3739,3741,3688,-0.0136400106980476
"6268","6268",5467,5880,5694,0.0415218584232669
"6269","6269",9152,8872,8537,-0.0671984265734266
"6270","6270",1815,2319,2319,0.277685950413223
"6271","6271",5349,5326,5941,0.110674892503272
"6272","6272",3003,3003,3278,0.0915750915750916
"6273","6273",6922,6905,7996,0.155157468939613
"6274","6274",1970,1970,2033,0.0319796954314721
"6275","6275",1756,1445,1452,-0.173120728929385
"7543","7543",1756,1445,1452,-0.173120728929385
"17597","17597",1756,1445,1452,-0.173120728929385
"6276","6276",6714,6702,6677,-0.005510872803098
"6277","6277",1258,971,867,-0.310810810810811
"6279","6279",9595,9992,9520,-0.00781657113079729
"6280","6280",6507,5542,5472,-0.159059474412171
"6281","6281",4094,4861,3939,-0.0378602833414753
"6282","6282",1302,1302,1252,-0.0384024577572965
"6283","6283",8156,8210,6933,-0.149950956351153
"6284","6284",1828,2054,2020,0.105032822757112
"6286","6286",9228,9213,9389,0.0174469007368877
"6287","6287",3285,3948,3967,0.207610350076104
"6288","6288",5137,4912,4957,-0.0350399065602492
"6289","6289",4098,4098,4098,0
"6290","6290",1621,1621,1621,0
"6292","6292",2371,2371,2356,-0.00632644453816955
"6293","6293",2511,2509,2814,0.120669056152927
"11078","11078",2511,2509,2814,0.120669056152927
"6294","6294",4295,4639,4241,-0.0125727590221187
"6295","6295",2178,2269,2505,0.150137741046832
"6296","6296",4733,5501,5355,0.131417705472216
"6297","6297",2576,1866,1840,-0.285714285714286
"6298","6298",5376,5631,5348,-0.00520833333333333
"6299","6299",1851,1851,1859,0.00432198811453269
"6300","6300",7625,7334,7410,-0.0281967213114754
"6301","6301",3341,3286,3261,-0.0239449266686621
"6302","6302",1753,1934,2046,0.167142042213349
"10091","10091",1753,1934,2046,0.167142042213349
"6303","6303",1613,1723,1633,0.0123992560446373
"6304","6304",3276,3215,3216,-0.0183150183150183
"6305","6305",3970,3952,4001,0.00780856423173804
"6306","6306",965,955,963,-0.00207253886010363
"6307","6307",4021,4850,3905,-0.0288485451380254
"6308","6308",3781,3644,3719,-0.0163977783655118
"6309","6309",3362,3344,3230,-0.0392623438429506
"6310","6310",5765,5765,5765,0
"6311","6311",5104,5529,4736,-0.0721003134796238
"6312","6312",2028,1829,1785,-0.119822485207101
"6313","6313",2597,2561,2816,0.0843280708509819
"6314","6314",4341,4667,3871,-0.108269983874683
"6316","6316",6101,5135,6084,-0.00278642845435175
"13008","13008",6101,5135,6084,-0.00278642845435175
"6317","6317",2323,2125,2580,0.110632802410676
"6318","6318",1360,1231,1231,-0.0948529411764706
"6319","6319",3554,3567,3856,0.0849746764209342
"6320","6320",2212,2640,2639,0.193037974683544
"6321","6321",1732,1732,1732,0
"6322","6322",2781,2781,2610,-0.0614886731391586
"6323","6323",7778,7167,7365,-0.0530984829004886
"6324","6324",1415,1415,1301,-0.080565371024735
"6325","6325",11786,12077,11658,-0.010860342779569
"6326","6326",2591,2591,2632,0.0158240061752219
"6327","6327",3938,3938,3937,-0.000253936008125952
"6328","6328",1888,2371,1854,-0.0180084745762712
"16534","16534",1888,2371,1854,-0.0180084745762712
"6329","6329",1106,1107,1107,0.000904159132007233
"6330","6330",2530,2579,2715,0.0731225296442688
"6331","6331",793,791,948,0.195460277427491
"6332","6332",7265,7265,6180,-0.149346180316586
"6333","6333",1763,1975,2365,0.341463414634146
"13409","13409",1763,1975,2365,0.341463414634146
"6334","6334",1550,1553,1553,0.00193548387096774
"6335","6335",4819,4803,5018,0.0412948744552812
"6336","6336",2441,2515,2139,-0.123719786972552
"6337","6337",2379,2379,2379,0
"6338","6338",1900,1135,1135,-0.402631578947368
"6339","6339",1980,1892,1921,-0.0297979797979798
"6340","6340",2182,2484,2093,-0.040788267644363
"15531","15531",2182,2484,2093,-0.040788267644363
"6341","6341",2869,2867,2854,-0.00522830254444057
"6342","6342",7039,7215,5437,-0.227589146185538
"6344","6344",5742,5675,6460,0.125043538836642
"6345","6345",1277,1277,1277,0
"6346","6346",1407,1532,1488,0.0575692963752665
"6347","6347",4918,4810,4778,-0.0284668564457096
"6348","6348",2776,2779,2677,-0.0356628242074928
"6349","6349",1075,1041,1087,0.0111627906976744
"6350","6350",4140,4146,4023,-0.0282608695652174
"6351","6351",3102,3102,3210,0.034816247582205
"6352","6352",2716,2673,2862,0.0537555228276878
"6353","6353",5300,5286,5288,-0.00226415094339623
"6354","6354",3788,3788,2061,-0.455913410770855
"6356","6356",1474,1415,1487,0.00881953867028494
"17043","17043",1474,1415,1487,0.00881953867028494
"6357","6357",3722,2057,2057,-0.447340139709833
"6358","6358",5833,5836,5897,0.0109720555460312
"6359","6359",2825,2843,2707,-0.0417699115044248
"6360","6360",8100,8014,9841,0.214938271604938
"6361","6361",11429,10634,10749,-0.0594977688336687
"6362","6362",2652,2658,2658,0.00226244343891403
"10422","10422",2652,2658,2658,0.00226244343891403
"6364","6364",4252,4237,4237,-0.0035277516462841
"6365","6365",2451,2669,2721,0.11015911872705
"6366","6366",1619,1639,1740,0.0747374922791847
"8770","8770",1619,1639,1740,0.0747374922791847
"6367","6367",9150,9080,10102,0.104043715846995
"6369","6369",2539,2561,2874,0.131941709334384
"6370","6370",7418,8040,6785,-0.0853329738473982
"6371","6371",4271,3569,3581,-0.161554671037228
"6373","6373",4629,4619,4664,0.00756102829984878
"6375","6375",3268,3276,3266,-0.000611995104039168
"6376","6376",1890,1986,1817,-0.0386243386243386
"6377","6377",2427,2275,2330,-0.0399670374948496
"6378","6378",1124,1209,1162,0.0338078291814947
"18326","18326",1124,1209,1162,0.0338078291814947
"6379","6379",4600,3853,3897,-0.152826086956522
"6381","6381",4083,4083,4184,0.0247367132010776
"6383","6383",2684,2535,1939,-0.277570789865872
"6384","6384",5508,5497,5579,0.0128903413217139
"6385","6385",4391,4399,3644,-0.170120701434753
"6386","6386",1411,1619,2299,0.6293408929837
"6387","6387",2354,1984,1961,-0.166949872557349
"6388","6388",3049,3111,3049,0
"18680","18680",3049,3111,3049,0
"6389","6389",7030,7021,7063,0.00469416785206259
"6390","6390",1322,1321,1389,0.0506807866868381
"10810","10810",1322,1321,1389,0.0506807866868381
"6391","6391",4077,4075,3952,-0.0306597988717194
"6392","6392",1897,1815,1880,-0.00896151818661044
"6393","6393",1581,2592,1260,-0.20303605313093
"6394","6394",7906,8587,8409,0.0636225651403997
"6395","6395",2445,2486,2488,0.0175869120654397
"6396","6396",920,922,922,0.00217391304347826
"6397","6397",2652,2205,2176,-0.179487179487179
"6398","6398",3122,3122,3123,0.000320307495195388
"6400","6400",2568,2565,2593,0.00973520249221184
"6401","6401",4653,5385,4773,0.0257898130238556
"11463","11463",4653,5385,4773,0.0257898130238556
"6402","6402",3936,4148,3429,-0.128810975609756
"6403","6403",3584,3887,3977,0.109654017857143
"6404","6404",4380,3792,3650,-0.166666666666667
"6405","6405",1672,1646,1592,-0.0478468899521531
"6406","6406",1746,1590,1590,-0.0893470790378007
"6407","6407",2825,2430,2455,-0.130973451327434
"6408","6408",5823,5832,5815,-0.0013738622703074
"6409","6409",3325,3327,2990,-0.100751879699248
"6410","6410",4553,4698,3787,-0.168240720404129
"10762","10762",4553,4698,3787,-0.168240720404129
"6411","6411",3141,3141,3141,0
"6412","6412",3964,3904,4185,0.0557517658930373
"9880","9880",3964,3904,4185,0.0557517658930373
"6413","6413",4900,4900,4286,-0.12530612244898
"6414","6414",1197,1166,1339,0.118629908103592
"13180","13180",1197,1166,1339,0.118629908103592
"6415","6415",2467,2487,2487,0.00810701256586948
"6416","6416",9673,10032,9436,-0.0245011888762535
"6417","6417",1705,1705,1119,-0.343695014662757
"6418","6418",5939,6587,6192,0.0425997642700791
"6419","6419",1595,1609,1970,0.235109717868339
"16788","16788",1595,1609,1970,0.235109717868339
"6420","6420",6621,6626,6697,0.0114786286059508
"6421","6421",4176,4322,4434,0.0617816091954023
"6422","6422",4419,4430,4403,-0.00362072867164517
"6423","6423",2665,2664,2703,0.0142589118198874
"6424","6424",2473,2397,2419,-0.0218358269308532
"11223","11223",2473,2397,2419,-0.0218358269308532
"6425","6425",5308,5300,5288,-0.00376789751318764
"6426","6426",2918,2953,2953,0.0119945167923235
"6428","6428",902,906,948,0.0509977827050998
"6429","6429",3685,4114,3932,0.0670284938941655
"6430","6430",4632,4632,4677,0.00971502590673575
"6431","6431",1566,1566,1572,0.00383141762452107
"6432","6432",935,1114,1121,0.198930481283422
"6433","6433",5388,5600,4916,-0.0876020786933927
"6434","6434",2262,2447,2016,-0.108753315649867
"11484","11484",2262,2447,2016,-0.108753315649867
"13662","13662",2262,2447,2016,-0.108753315649867
"16722","16722",2262,2447,2016,-0.108753315649867
"6435","6435",2079,1968,2084,0.00240500240500241
"6436","6436",2046,2260,2134,0.043010752688172
"6438","6438",3837,3167,3348,-0.127443315089914
"6439","6439",5117,5209,5216,0.0193472737932382
"6440","6440",6824,6817,6747,-0.0112837045720985
"6441","6441",8476,9653,8834,0.0422369042000944
"6442","6442",964,964,964,0
"16765","16765",964,964,964,0
"6443","6443",2104,2092,1826,-0.13212927756654
"6444","6444",955,1707,913,-0.043979057591623
"6445","6445",5640,5649,6894,0.222340425531915
"6446","6446",6778,7204,6138,-0.0944231336677486
"6447","6447",1381,2047,1813,0.31281679942071
"6448","6448",1349,1350,1348,-0.000741289844329133
"6451","6451",3790,3146,2835,-0.25197889182058
"6452","6452",2840,2903,3090,0.0880281690140845
"6453","6453",4471,4422,4424,-0.0105121896667412
"6454","6454",3303,3308,2988,-0.0953678474114441
"6455","6455",2437,2433,2300,-0.056216659827657
"10908","10908",2437,2433,2300,-0.056216659827657
"6456","6456",1269,1269,1784,0.405831363278172
"6457","6457",1249,1157,1145,-0.0832666132906325
"6458","6458",887,931,986,0.111612175873732
"7587","7587",887,931,986,0.111612175873732
"6459","6459",8325,8401,8372,0.00564564564564565
"6460","6460",1938,1938,1869,-0.0356037151702786
"6461","6461",1140,1104,1158,0.0157894736842105
"8538","8538",1140,1104,1158,0.0157894736842105
"6462","6462",2121,2135,2151,0.0141442715700141
"6463","6463",3098,3292,3293,0.0629438347320852
"6464","6464",1950,2305,2272,0.165128205128205
"6465","6465",7190,7183,7627,0.060778859527121
"6466","6466",2908,2910,2878,-0.0103163686382393
"6467","6467",2154,2330,2216,0.0287836583101207
"6468","6468",3296,3432,3342,0.0139563106796117
"6469","6469",10452,10447,11591,0.108974358974359
"6470","6470",2727,2921,2809,0.0300696736340301
"9412","9412",2727,2921,2809,0.0300696736340301
"6471","6471",7394,7272,7195,-0.0269137138220179
"6472","6472",7778,6929,7593,-0.0237850347132939
"6474","6474",8255,8331,8476,0.0267716535433071
"6475","6475",9118,9263,9487,0.0404694011844703
"6476","6476",1451,1451,1447,-0.00275671950379049
"6477","6477",5885,5460,5759,-0.021410365335599
"6479","6479",2906,2826,2856,-0.0172057811424639
"6481","6481",2403,2442,2416,0.00540990428630878
"6482","6482",3411,3411,3313,-0.0287305775432425
"6483","6483",8413,9214,8764,0.041721145845715
"6484","6484",4925,4912,4914,-0.00223350253807107
"6485","6485",1747,1433,1458,-0.16542644533486
"6486","6486",1405,1426,1435,0.0213523131672598
"6487","6487",3237,3243,2419,-0.252703120173
"6488","6488",4597,4368,3900,-0.151620622144877
"6489","6489",7577,7580,7349,-0.0300910650653293
"6491","6491",1917,1914,1915,-0.00104329681794471
"6492","6492",1443,1443,1485,0.0291060291060291
"6493","6493",9193,9696,8858,-0.036440770151202
"6494","6494",4599,4539,4101,-0.108284409654273
"6495","6495",1889,1889,1887,-0.00105876124933827
"6496","6496",2393,2528,2529,0.0568324279147514
"6497","6497",1448,1734,1733,0.19682320441989
"6498","6498",4445,4464,4514,0.0155230596175478
"6499","6499",3551,3648,4173,0.175161926217967
"6500","6500",1955,2120,1993,0.0194373401534527
"6501","6501",2452,2415,2323,-0.0526101141924959
"6502","6502",2804,2221,2400,-0.144079885877318
"6503","6503",7453,7447,5411,-0.273983630752717
"6504","6504",2440,2439,2393,-0.0192622950819672
"6505","6505",2981,2879,2831,-0.0503186850050319
"6506","6506",4265,4469,4958,0.162485345838218
"6509","6509",1113,1117,1117,0.00359389038634322
"6510","6510",2991,1974,2753,-0.0795720494817787
"6511","6511",3644,3862,2934,-0.194840834248079
"6512","6512",4389,4278,4305,-0.0191387559808612
"6513","6513",1129,1130,1110,-0.016829052258636
"6514","6514",2505,2505,2484,-0.00838323353293413
"6515","6515",3404,3322,3429,0.00734430082256169
"6516","6516",2199,2216,2175,-0.0109140518417462
"6518","6518",972,971,1053,0.0833333333333333
"16521","16521",972,971,1053,0.0833333333333333
"6520","6520",1411,1139,1139,-0.192771084337349
"6521","6521",1543,1543,1544,0.000648088139987038
"6522","6522",5548,5958,5776,0.0410958904109589
"6523","6523",1317,1667,1320,0.00227790432801822
"14405","14405",1317,1667,1320,0.00227790432801822
"6524","6524",6481,6536,6402,-0.0121894769325721
"6525","6525",2125,2101,2101,-0.0112941176470588
"6526","6526",3880,4775,3814,-0.0170103092783505
"6527","6527",1533,1630,1644,0.0724070450097847
"14712","14712",1533,1630,1644,0.0724070450097847
"15503","15503",1533,1630,1644,0.0724070450097847
"6528","6528",5851,5753,5721,-0.0222184242009913
"6529","6529",3944,3704,2904,-0.26369168356998
"6530","6530",1103,1163,1163,0.0543970988213962
"6531","6531",1305,1358,1305,0
"6532","6532",4406,4449,4475,0.0156604630049932
"6533","6533",3731,3712,3578,-0.0410077727150898
"6534","6534",7506,7519,7323,-0.0243804956035172
"6535","6535",3881,3880,3881,0
"6536","6536",3294,2762,3186,-0.0327868852459016
"6537","6537",1115,1081,1081,-0.0304932735426009
"6538","6538",3825,3826,4298,0.123660130718954
"6539","6539",4624,4483,4369,-0.0551470588235294
"6541","6541",1866,1613,1612,-0.136120042872454
"6542","6542",3397,3410,3537,0.0412128348542832
"6543","6543",6094,6096,7129,0.169839186084673
"6544","6544",3232,3369,2972,-0.0804455445544554
"6545","6545",4123,4123,4123,0
"6546","6546",1464,1462,1450,-0.00956284153005465
"6547","6547",1193,1242,1409,0.18105616093881
"13029","13029",1193,1242,1409,0.18105616093881
"6548","6548",3949,3322,3304,-0.163332489237782
"6549","6549",2006,1986,1973,-0.0164506480558325
"13760","13760",2006,1986,1973,-0.0164506480558325
"6550","6550",5561,5561,5732,0.0307498651321705
"6551","6551",3667,3673,3674,0.00190891737114808
"6552","6552",4214,4214,4282,0.0161366872330327
"6553","6553",3030,3030,3047,0.00561056105610561
"17450","17450",3030,3030,3047,0.00561056105610561
"6554","6554",2527,2525,2611,0.0332409972299169
"6555","6555",1957,1957,3095,0.581502299437915
"6556","6556",6134,6226,5708,-0.0694489729377242
"6558","6558",919,684,684,-0.255712731229597
"6559","6559",2637,2608,2607,-0.0113765642775882
"6560","6560",6163,6163,6146,-0.00275839688463411
"6561","6561",1513,1513,1446,-0.0442828816920026
"6562","6562",2145,2154,1995,-0.0699300699300699
"6564","6564",4441,4442,4423,-0.00405314118441792
"6565","6565",1882,1898,1941,0.0313496280552604
"6566","6566",1445,1357,1386,-0.0408304498269896
"6567","6567",1315,1315,1315,0
"6568","6568",8983,9040,9861,0.097740175887788
"6570","6570",5391,4569,4708,-0.126692635874606
"6571","6571",2465,2465,2757,0.118458417849899
"6572","6572",3370,3408,3302,-0.0201780415430267
"6573","6573",1141,1145,1145,0.0035056967572305
"6574","6574",5018,5018,4706,-0.0621761658031088
"6575","6575",2780,2749,2749,-0.0111510791366906
"6576","6576",5079,5105,5012,-0.0131915731443197
"6577","6577",1589,1537,1741,0.0956576463184393
"11454","11454",1589,1537,1741,0.0956576463184393
"6578","6578",3716,2316,2560,-0.311087190527449
"18183","18183",3716,2316,2560,-0.311087190527449
"6579","6579",2190,2190,2174,-0.00730593607305936
"6580","6580",3625,3082,3391,-0.064551724137931
"19538","19538",3625,3082,3391,-0.064551724137931
"6581","6581",3029,2841,3688,0.217563552327501
"6582","6582",7646,7822,7177,-0.0613392623594036
"6583","6583",3227,3189,3283,0.017353579175705
"10339","10339",3227,3189,3283,0.017353579175705
"6584","6584",1326,1326,1271,-0.0414781297134238
"6586","6586",2663,2663,2648,-0.00563274502440856
"6587","6587",1497,1492,1492,-0.00334001336005344
"6588","6588",2469,2469,2578,0.044147428108546
"6589","6589",1500,1737,2184,0.456
"6590","6590",2467,2459,2847,0.15403323875152
"6591","6591",5583,5457,5451,-0.0236432025792585
"6592","6592",4351,4273,4439,0.020225235578028
"6593","6593",3530,3077,2840,-0.195467422096317
"6594","6594",4176,4135,4112,-0.0153256704980843
"6595","6595",1273,1752,1739,0.366064414768264
"13960","13960",1273,1752,1739,0.366064414768264
"6596","6596",1676,1672,1672,-0.00238663484486874
"6597","6597",6922,6865,6798,-0.0179138977174227
"6598","6598",2663,2420,2552,-0.0416823131806234
"6599","6599",6819,6319,5438,-0.202522363982989
"6600","6600",9265,10305,9337,0.00777118186724231
"6601","6601",4759,5039,5259,0.105064089094348
"6602","6602",1743,1743,1743,0
"6603","6603",4574,2696,2707,-0.408176650634018
"6604","6604",4113,4131,4363,0.0607828835399951
"6606","6606",5833,5775,5306,-0.0903480198868507
"6607","6607",6650,5836,6398,-0.0378947368421053
"6608","6608",1941,1931,1932,-0.00463678516228748
"6610","6610",3897,3899,3910,0.00333589940980241
"6611","6611",2107,2238,2241,0.0635975320360702
"16515","16515",2107,2238,2241,0.0635975320360702
"6612","6612",3354,3353,3213,-0.0420393559928444
"6613","6613",8941,9064,8308,-0.0707974499496701
"6614","6614",1528,1533,1718,0.12434554973822
"16382","16382",1528,1533,1718,0.12434554973822
"6615","6615",1965,1937,1935,-0.0152671755725191
"6616","6616",1279,1246,1391,0.0875684128225176
"6617","6617",2553,2404,2317,-0.0924402663533098
"6618","6618",1742,1985,2065,0.185419058553387
"6619","6619",2713,2575,2853,0.0516033910799853
"6620","6620",5843,5815,5914,0.0121512921444463
"6621","6621",3713,3579,3317,-0.106652302720172
"6622","6622",2133,2135,2843,0.3328645100797
"6623","6623",2821,2946,2944,0.043601559730592
"6624","6624",1774,1617,1826,0.0293122886133033
"6625","6625",2762,2766,2670,-0.0333091962346126
"6626","6626",11940,11930,14058,0.177386934673367
"6627","6627",1140,1140,1140,0
"6628","6628",3064,3169,3170,0.0345953002610966
"12409","12409",3064,3169,3170,0.0345953002610966
"6629","6629",2515,2568,2675,0.0636182902584493
"6630","6630",1802,1801,1829,0.0149833518312986
"8363","8363",1802,1801,1829,0.0149833518312986
"6631","6631",2217,2258,2067,-0.06765899864682
"6632","6632",7354,7383,7547,0.0262442208322002
"6633","6633",2200,1883,1987,-0.0968181818181818
"6634","6634",1111,893,893,-0.196219621962196
"6635","6635",1209,1209,1209,0
"6636","6636",1895,1859,1812,-0.0437994722955145
"6637","6637",944,934,981,0.0391949152542373
"6639","6639",1768,1748,1780,0.00678733031674208
"19277","19277",1768,1748,1780,0.00678733031674208
"6640","6640",1906,1618,2038,0.0692549842602309
"6641","6641",4295,4213,2782,-0.352270081490105
"6642","6642",1288,1205,1378,0.0698757763975155
"6643","6643",4364,4364,3969,-0.0905132905591201
"6644","6644",1412,1413,1413,0.000708215297450425
"6645","6645",3330,3877,3745,0.124624624624625
"6646","6646",3490,4062,4152,0.189684813753582
"6647","6647",2190,2190,1594,-0.272146118721461
"6648","6648",8055,9158,8968,0.113345747982619
"6649","6649",3107,3171,2780,-0.10524621821693
"6650","6650",2721,2721,2479,-0.0889378904814406
"6651","6651",6147,6091,5986,-0.0261916381974947
"6652","6652",5350,5948,4980,-0.0691588785046729
"6653","6653",1293,1290,1455,0.125290023201856
"15649","15649",1293,1290,1455,0.125290023201856
"6654","6654",720,720,720,0
"6655","6655",6060,6068,6047,-0.00214521452145215
"6656","6656",2577,2707,2728,0.0585952658129608
"6657","6657",9618,9587,9714,0.0099812850904554
"6658","6658",1701,2062,2098,0.233392122281011
"7467","7467",1701,2062,2098,0.233392122281011
"6659","6659",3311,3310,3303,-0.00241618846270009
"6660","6660",1763,1618,1703,-0.0340328984685196
"7289","7289",1763,1618,1703,-0.0340328984685196
"6662","6662",3284,3184,3351,0.0204019488428745
"6663","6663",3718,3632,3827,0.0293168370091447
"6664","6664",1459,1459,1458,-0.000685400959561343
"6665","6665",744,744,802,0.0779569892473118
"6666","6666",3632,4125,3174,-0.126101321585903
"6668","6668",3009,3443,3443,0.14423396477235
"6669","6669",8117,5645,5609,-0.30898115067143
"6670","6670",6352,6332,6993,0.100913098236776
"6671","6671",4019,4019,4002,-0.00422990793729784
"6672","6672",1018,970,1004,-0.0137524557956778
"9252","9252",1018,970,1004,-0.0137524557956778
"6673","6673",4802,4728,4526,-0.0574760516451479
"6674","6674",5987,5810,5803,-0.0307332553866711
"6675","6675",3819,3889,3881,0.0162346163917256
"6676","6676",3068,3547,3396,0.106910039113429
"6677","6677",1413,1413,1413,0
"6678","6678",3325,3064,3214,-0.0333834586466165
"6679","6679",2861,2799,2858,-0.00104858441104509
"6680","6680",3371,3422,3175,-0.0581429842776624
"6681","6681",3905,3846,3752,-0.0391805377720871
"6682","6682",7396,7343,7326,-0.00946457544618713
"6683","6683",3491,3670,3314,-0.0507018046405042
"6684","6684",2954,2954,2954,0
"6685","6685",3832,4053,4192,0.0939457202505219
"6686","6686",2233,2820,2691,0.205105239587998
"15940","15940",2233,2820,2691,0.205105239587998
"6687","6687",9556,9546,9783,0.0237547090832985
"6688","6688",1634,1734,2473,0.513463892288862
"6689","6689",1286,1286,1255,-0.0241057542768274
"6690","6690",1515,1650,1594,0.0521452145214521
"6691","6691",1928,2250,2250,0.16701244813278
"6692","6692",2588,2548,2544,-0.0170015455950541
"6693","6693",4389,3769,3726,-0.151059466848941
"6694","6694",2839,2839,2843,0.00140894681225784
"6695","6695",3788,3760,3582,-0.0543822597676874
"6696","6696",3563,4197,4030,0.131069323603705
"6697","6697",7696,7699,7616,-0.0103950103950104
"6698","6698",2995,3028,2995,0
"6699","6699",2417,2418,2352,-0.0268928423665701
"6700","6700",6231,6247,5080,-0.184721553522709
"6701","6701",2576,3072,3540,0.374223602484472
"6702","6702",1874,1905,1927,0.028281750266809
"6703","6703",2467,2489,1991,-0.192946899067694
"6704","6704",5706,5707,5886,0.0315457413249211
"6705","6705",3099,3099,3054,-0.0145208131655373
"6706","6706",6251,6257,6387,0.0217565189569669
"6707","6707",3729,2458,2459,-0.340573880396889
"6708","6708",2617,2617,2600,-0.00649598777225831
"6709","6709",1332,1332,1144,-0.141141141141141
"6710","6710",6356,7002,5809,-0.0860604153555695
"6711","6711",1919,2286,2190,0.141219385096404
"6712","6712",1208,1208,1208,0
"6713","6713",5010,5016,4924,-0.0171656686626746
"6714","6714",3809,3803,3832,0.00603833027041218
"6715","6715",1369,1369,1085,-0.20745069393718
"6716","6716",5344,5329,5338,-0.00112275449101796
"6717","6717",2408,2425,2424,0.00664451827242525
"6718","6718",5702,5703,5484,-0.0382321992283409
"6719","6719",4020,4022,4158,0.0343283582089552
"6720","6720",3160,4219,3356,0.0620253164556962
"17059","17059",3160,4219,3356,0.0620253164556962
"6721","6721",3661,3786,2992,-0.182736957115542
"6722","6722",8943,9077,8723,-0.02460024600246
"6723","6723",1798,1787,1898,0.0556173526140156
"6724","6724",1989,1986,2018,0.0145801910507793
"6725","6725",1510,1510,1379,-0.0867549668874172
"6726","6726",3956,4159,4101,0.0366531850353893
"7337","7337",3956,4159,4101,0.0366531850353893
"6727","6727",4762,4763,4763,0.000209995800083998
"6728","6728",2083,2161,2170,0.0417666826692271
"6729","6729",3572,3848,3735,0.0456326987681971
"6730","6730",3177,2869,2788,-0.122442555870318
"6731","6731",2619,2538,3028,0.156166475754105
"6732","6732",7464,7480,7519,0.00736870310825295
"6733","6733",3663,3707,3535,-0.0349440349440349
"6734","6734",446,416,423,-0.0515695067264574
"17177","17177",446,416,423,-0.0515695067264574
"6735","6735",1076,1076,1076,0
"6736","6736",2712,2713,2725,0.00479351032448378
"6737","6737",2193,2193,2036,-0.0715914272685819
"6738","6738",4915,4819,5564,0.13204476093591
"6739","6739",5632,5783,5710,0.0138494318181818
"6740","6740",3680,3789,3573,-0.0290760869565217
"6741","6741",2186,2187,2187,0.000457456541628545
"6742","6742",4398,4473,4334,-0.0145520691223283
"6743","6743",3940,3956,3971,0.00786802030456853
"6744","6744",2857,3002,3769,0.31921596079804
"13315","13315",2857,3002,3769,0.31921596079804
"6745","6745",1016,1063,919,-0.0954724409448819
"6746","6746",4451,4606,4596,0.0325769490002247
"6747","6747",3322,3617,2891,-0.129741119807345
"11435","11435",3322,3617,2891,-0.129741119807345
"6748","6748",3903,4651,4739,0.214194209582373
"6749","6749",841,935,919,0.0927467300832342
"6750","6750",2389,2312,2302,-0.0364169108413562
"6752","6752",2110,2103,1761,-0.165402843601896
"6753","6753",3529,3640,3961,0.122414281666194
"6754","6754",9884,9868,9648,-0.0238769728854715
"6755","6755",1899,1814,1814,-0.0447604002106372
"6756","6756",3661,3650,3700,0.0106528270964217
"6757","6757",9520,9418,9737,0.0227941176470588
"6758","6758",3477,3156,3653,0.0506183491515674
"6759","6759",5914,5894,6021,0.018092661481231
"6760","6760",4399,4399,4375,-0.00545578540577404
"6762","6762",12208,12399,11164,-0.0855176933158585
"6763","6763",2244,2696,2645,0.178698752228164
"14064","14064",2244,2696,2645,0.178698752228164
"6764","6764",8394,8394,7858,-0.0638551346199666
"6765","6765",1839,1839,1770,-0.0375203915171289
"6766","6766",5096,5055,5013,-0.016287284144427
"6767","6767",7721,7721,6781,-0.121745887838363
"6768","6768",1655,1719,2114,0.277341389728097
"6769","6769",1486,1355,1566,0.053835800807537
"6770","6770",4014,4210,4620,0.150971599402093
"6771","6771",3296,3156,3870,0.174150485436893
"6773","6773",1227,1267,1275,0.039119804400978
"6774","6774",1757,1186,1186,-0.324985771200911
"6775","6775",1830,1834,1764,-0.0360655737704918
"6776","6776",4473,3641,3686,-0.175944556226246
"6778","6778",4371,4080,4172,-0.0455273392816289
"8550","8550",4371,4080,4172,-0.0455273392816289
"6779","6779",3711,3672,3683,-0.00754513608191862
"6780","6780",4819,5234,4490,-0.0682714256069724
"6781","6781",1633,1606,1606,-0.0165339865278628
"6782","6782",5259,5675,5240,-0.00361285415478228
"6783","6783",2591,2591,2544,-0.0181397143959861
"6784","6784",3232,3232,3192,-0.0123762376237624
"6785","6785",3024,3009,3007,-0.00562169312169312
"6786","6786",3426,3511,3366,-0.0175131348511384
"6787","6787",4979,3988,3531,-0.29082145009038
"6788","6788",3789,3782,3683,-0.0279757191871206
"6789","6789",1295,1268,1240,-0.0424710424710425
"6790","6790",2640,2640,2265,-0.142045454545455
"6791","6791",3199,3012,2908,-0.0909659268521413
"6792","6792",2686,2681,2519,-0.0621742367833209
"6793","6793",1400,1278,1319,-0.0578571428571429
"6794","6794",3792,5966,5846,0.541666666666667
"6795","6795",2980,2926,2926,-0.0181208053691275
"6796","6796",3419,3324,3343,-0.0222287218484937
"6797","6797",2633,2633,2635,0.000759589821496392
"6798","6798",3010,2952,3057,0.0156146179401993
"6799","6799",4602,4815,4581,-0.0045632333767927
"6800","6800",1498,1573,1635,0.0914552736982644
"6801","6801",2055,2063,2064,0.00437956204379562
"6802","6802",3213,3196,3196,-0.00529100529100529
"15497","15497",3213,3196,3196,-0.00529100529100529
"6803","6803",2526,2263,2323,-0.0803642121931908
"6806","6806",3455,3402,3402,-0.0153400868306802
"6807","6807",3355,3278,3702,0.103427719821162
"6808","6808",1401,1299,1330,-0.0506780870806567
"6809","6809",2917,3426,3126,0.0716489544052108
"6810","6810",2178,2154,2169,-0.00413223140495868
"18562","18562",2178,2154,2169,-0.00413223140495868
"6811","6811",2430,2429,2368,-0.0255144032921811
"6812","6812",3706,3647,3595,-0.0299514301133297
"6813","6813",4443,4746,4588,0.0326356065721359
"6814","6814",3415,3409,3549,0.0392386530014641
"6815","6815",7423,6450,7410,-0.00175131348511384
"6816","6816",8691,8684,7433,-0.144747439880336
"6817","6817",1980,1981,2448,0.236363636363636
"6818","6818",3983,3665,3688,-0.0740647752950038
"11456","11456",3983,3665,3688,-0.0740647752950038
"6819","6819",3852,3852,3852,0
"6820","6820",3900,3771,3748,-0.038974358974359
"6821","6821",5729,5694,5753,0.00418921277709897
"6822","6822",6332,6093,5832,-0.0789639924194567
"6824","6824",6861,6676,6466,-0.0575717825389885
"6825","6825",6057,6130,5705,-0.0581145781740135
"6826","6826",5497,5497,3230,-0.412406767327633
"6827","6827",4851,4921,4795,-0.0115440115440115
"6828","6828",1575,1419,1420,-0.0984126984126984
"6829","6829",4757,5136,4974,0.0456169854950599
"6831","6831",2869,3172,3029,0.0557685604740328
"6832","6832",1472,1472,1753,0.190896739130435
"6833","6833",1800,1740,1719,-0.045
"6834","6834",4246,4388,4352,0.0249646726330664
"14778","14778",4246,4388,4352,0.0249646726330664
"6836","6836",4222,4219,4207,-0.00355281856939839
"6837","6837",2393,2433,2472,0.0330129544504806
"6838","6838",2510,3267,3307,0.317529880478088
"6839","6839",3552,3931,3149,-0.113457207207207
"6840","6840",8056,7964,7622,-0.0538728897715988
"6841","6841",4040,4181,3903,-0.0339108910891089
"6842","6842",3213,3210,3201,-0.00373482726423903
"6843","6843",3482,3028,3028,-0.130384836300976
"6844","6844",2760,2536,2705,-0.0199275362318841
"6845","6845",1934,2080,2078,0.0744570837642192
"6846","6846",1999,1716,1706,-0.146573286643322
"6847","6847",2309,2360,2277,-0.0138588133391078
"6848","6848",9146,10042,9060,-0.00940301771266127
"6849","6849",2535,2659,2592,0.0224852071005917
"11935","11935",2535,2659,2592,0.0224852071005917
"6850","6850",4943,3810,3634,-0.264818935868906
"6851","6851",4956,4669,4669,-0.057909604519774
"6852","6852",3898,3874,3875,-0.00590046177526937
"6853","6853",2058,2543,2092,0.0165208940719145
"6854","6854",2339,2103,2114,-0.0961949551090209
"6855","6855",8577,8503,7060,-0.176868368893553
"6856","6856",2466,2776,2790,0.131386861313869
"6857","6857",4107,3712,3275,-0.202580959337716
"6858","6858",1424,1674,2076,0.457865168539326
"6859","6859",2525,2471,2782,0.101782178217822
"6860","6860",2936,3043,2501,-0.148160762942779
"6861","6861",3863,3891,4162,0.0774009836914315
"6862","6862",4138,4137,4140,0.000483325277912035
"6863","6863",6310,6689,6714,0.0640253565768621
"6864","6864",1394,1496,1160,-0.167862266857963
"6865","6865",3440,3477,3327,-0.0328488372093023
"6866","6866",1795,1795,1849,0.03008356545961
"6867","6867",3042,2912,2911,-0.0430637738330046
"6868","6868",1241,1544,1059,-0.14665592264303
"6869","6869",3692,3615,3581,-0.0300650054171181
"6870","6870",3343,1763,1745,-0.478013760095722
"6871","6871",2183,2151,2151,-0.0146587265231333
"11978","11978",2183,2151,2151,-0.0146587265231333
"6872","6872",3523,3513,2333,-0.337780300879932
"6873","6873",2538,2429,2604,0.0260047281323877
"6874","6874",1935,2264,2038,0.0532299741602067
"6875","6875",2999,3001,3131,0.0440146715571857
"6876","6876",5313,5118,5241,-0.0135516657255788
"6877","6877",2445,1636,1738,-0.289161554192229
"6878","6878",2149,2149,2172,0.0107026523964635
"6879","6879",3528,3559,3535,0.00198412698412698
"6880","6880",5420,5428,6001,0.10719557195572
"6881","6881",2136,2187,2315,0.0838014981273408
"6882","6882",3939,4312,4163,0.0568672251840569
"6883","6883",1937,1937,1966,0.0149716055756324
"13456","13456",1937,1937,1966,0.0149716055756324
"6884","6884",4196,4214,4123,-0.017397521448999
"6885","6885",2014,2014,2009,-0.00248262164846077
"6886","6886",4414,4670,4722,0.069777979157227
"6887","6887",2326,2339,2147,-0.0769561478933792
"6888","6888",5576,4110,4686,-0.15961262553802
"9661","9661",5576,4110,4686,-0.15961262553802
"6889","6889",1473,1505,1477,0.00271554650373388
"14721","14721",1473,1505,1477,0.00271554650373388
"18051","18051",1473,1505,1477,0.00271554650373388
"6891","6891",4244,4216,4178,-0.0155513666352498
"6892","6892",2669,2828,2830,0.0603222180591982
"6893","6893",1402,1402,1402,0
"6894","6894",2528,2526,2787,0.10245253164557
"7917","7917",2528,2526,2787,0.10245253164557
"6897","6897",1689,1689,1950,0.154529307282416
"6898","6898",1092,1093,1183,0.0833333333333333
"6899","6899",6259,5427,5389,-0.138999840230069
"6900","6900",1789,1798,1682,-0.0598099496925657
"6902","6902",860,888,888,0.0325581395348837
"6903","6903",2044,1843,1981,-0.0308219178082192
"6904","6904",717,837,975,0.359832635983264
"12054","12054",717,837,975,0.359832635983264
"6905","6905",1375,1303,1305,-0.0509090909090909
"6906","6906",2248,1837,1801,-0.198843416370107
"6907","6907",2164,2224,2194,0.0138632162661738
"6908","6908",1882,1882,2158,0.146652497343252
"6909","6909",2720,2734,2502,-0.0801470588235294
"6910","6910",1528,1499,1683,0.101439790575916
"6911","6911",2559,2561,2553,-0.00234466588511137
"6912","6912",2596,2767,2908,0.120184899845917
"6913","6913",2832,2741,2774,-0.0204802259887006
"6914","6914",1575,1693,1679,0.066031746031746
"6915","6915",1539,1504,1504,-0.0227420402858999
"6916","6916",2598,2726,2722,0.0477290223248653
"6917","6917",1594,1594,1602,0.00501882057716437
"6918","6918",4852,4416,4807,-0.00927452596867271
"6919","6919",3638,3640,3606,-0.00879604178119846
"6920","6920",6760,6751,6693,-0.0099112426035503
"6921","6921",815,1303,1247,0.530061349693252
"13201","13201",815,1303,1247,0.530061349693252
"6922","6922",6758,6918,6860,0.0150932228469962
"6923","6923",1364,1323,1322,-0.030791788856305
"6924","6924",2534,2534,2560,0.0102604577742699
"6925","6925",840,842,842,0.00238095238095238
"6926","6926",5448,5444,5299,-0.0273494860499266
"6928","6928",7569,7633,7310,-0.0342185229224468
"6929","6929",2887,2962,4064,0.407689643228265
"6930","6930",5299,5227,5154,-0.027363653519532
"6931","6931",5737,5690,6007,0.0470629248736273
"6932","6932",1916,1935,2205,0.150835073068894
"6933","6933",2689,2690,2689,0
"6934","6934",2391,2391,2398,0.00292764533667921
"6935","6935",2604,2584,2638,0.0130568356374808
"6936","6936",1342,1335,1335,-0.00521609538002981
"6937","6937",4464,5160,5356,0.199820788530466
"6938","6938",2476,1437,1561,-0.369547657512116
"6940","6940",1718,1784,1790,0.0419091967403958
"6941","6941",2181,2038,2978,0.365428702430078
"6942","6942",1768,1804,1956,0.106334841628959
"6943","6943",1858,1861,1862,0.00215285252960172
"6944","6944",3502,3550,4198,0.198743575099943
"6945","6945",2047,2156,2160,0.0552027357107963
"6946","6946",2948,2914,2913,-0.0118724559023066
"18096","18096",2948,2914,2913,-0.0118724559023066
"6947","6947",10626,12318,10181,-0.0418784114436288
"6948","6948",5678,5749,5455,-0.0392743923916872
"6949","6949",3932,3789,3765,-0.042472024415056
"6950","6950",3428,3164,3123,-0.088973162193699
"6952","6952",3824,3842,3839,0.00392259414225941
"6953","6953",2655,2648,2387,-0.100941619585687
"6954","6954",5116,5116,5523,0.0795543393275997
"6955","6955",1219,1222,1221,0.00164068908941756
"6956","6956",1564,1534,1534,-0.0191815856777494
"6957","6957",1715,2507,2465,0.43731778425656
"6958","6958",4342,4336,3230,-0.256103178258867
"6959","6959",3199,3471,3172,-0.00844013754298218
"6960","6960",3475,3795,3538,0.0181294964028777
"7611","7611",3475,3795,3538,0.0181294964028777
"6961","6961",2514,2487,2719,0.0815433571996818
"6962","6962",6919,7297,7142,0.0322300910536205
"6963","6963",4313,4241,4181,-0.0306051472293067
"6964","6964",3668,3636,3695,0.00736095965103599
"6965","6965",2044,1864,1866,-0.0870841487279843
"6966","6966",5298,5848,5791,0.0930539826349566
"6967","6967",3254,3254,3631,0.115857406269207
"6968","6968",738,811,816,0.105691056910569
"13309","13309",738,811,816,0.105691056910569
"17899","17899",738,811,816,0.105691056910569
"6969","6969",1751,1962,2078,0.18675042832667
"6970","6970",1847,1847,1866,0.010286951813752
"6971","6971",6127,6664,6402,0.0448833034111311
"6972","6972",3109,3091,3092,-0.00546799614023802
"6973","6973",5473,4797,4825,-0.118399415311529
"6974","6974",1320,912,914,-0.307575757575758
"6976","6976",3326,3333,3043,-0.0850871918220084
"6977","6977",1829,1886,1886,0.0311645708037179
"6978","6978",1868,2013,1730,-0.0738758029978587
"16950","16950",1868,2013,1730,-0.0738758029978587
"19319","19319",1868,2013,1730,-0.0738758029978587
"6979","6979",1737,1580,1591,-0.0840529648819804
"6980","6980",2924,3242,3056,0.0451436388508892
"6981","6981",2508,2667,2602,0.0374800637958533
"6982","6982",1935,450,450,-0.767441860465116
"6983","6983",3644,3616,3625,-0.00521405049396268
"6984","6984",3341,3263,3266,-0.0224483687518707
"6985","6985",7370,7374,6989,-0.051696065128901
"6986","6986",2012,2051,2050,0.0188866799204771
"11976","11976",2012,2051,2050,0.0188866799204771
"6987","6987",1853,2078,2078,0.121424716675661
"6988","6988",4386,4212,4850,0.105791153670771
"6989","6989",1516,1517,1460,-0.0369393139841689
"6990","6990",2754,2325,2396,-0.129992737835875
"9479","9479",2754,2325,2396,-0.129992737835875
"6991","6991",4650,4995,4580,-0.0150537634408602
"6992","6992",5161,5205,5204,0.00833171865917458
"6993","6993",2711,2736,2855,0.0531169310217632
"6994","6994",2725,2625,2466,-0.095045871559633
"6995","6995",1719,1712,1633,-0.0500290866783013
"6996","6996",4899,5146,5536,0.130026536027761
"6997","6997",1696,1702,1609,-0.0512971698113208
"18531","18531",1696,1702,1609,-0.0512971698113208
"6998","6998",1908,2023,2025,0.0613207547169811
"6999","6999",1071,1071,1070,-0.000933706816059757
"7000","7000",3795,2916,3099,-0.183399209486166
"7001","7001",5192,5195,5279,0.0167565485362096
"7002","7002",8324,8245,8074,-0.0300336376741951
"7003","7003",2825,2101,1748,-0.381238938053097
"7004","7004",4291,3481,4071,-0.0512701002097413
"7005","7005",3132,3132,3094,-0.0121328224776501
"7006","7006",3715,3718,3650,-0.0174966352624495
"7007","7007",7833,8377,7820,-0.00165964509128048
"7008","7008",4797,4814,4508,-0.0602459870752554
"7009","7009",1907,1880,1852,-0.0288411116937598
"7010","7010",4275,4281,3590,-0.160233918128655
"7011","7011",2369,2500,2521,0.0641620937104263
"16132","16132",2369,2500,2521,0.0641620937104263
"7012","7012",2504,2503,2502,-0.000798722044728434
"16260","16260",2504,2503,2502,-0.000798722044728434
"7013","7013",4431,4062,4059,-0.0839539607312119
"7014","7014",5986,6025,5889,-0.0162044771132643
"7015","7015",2851,2759,2759,-0.0322693791652052
"7016","7016",1342,1284,1284,-0.0432190760059613
"7017","7017",2460,2460,2282,-0.0723577235772358
"7018","7018",2812,2975,2974,0.0576102418207681
"7019","7019",2016,2441,1910,-0.0525793650793651
"7020","7020",5300,5609,5866,0.106792452830189
"7021","7021",5963,7015,6753,0.132483649169881
"7022","7022",12504,12522,11886,-0.0494241842610365
"7024","7024",5905,5891,5772,-0.0225232853513971
"7025","7025",4413,4842,4423,0.00226603217765692
"7026","7026",1703,1712,1361,-0.200822078684674
"7027","7027",1840,1845,2195,0.192934782608696
"7028","7028",3047,2945,2895,-0.0498851329176239
"7029","7029",5127,6017,5050,-0.0150185293543983
"7031","7031",3611,3062,3013,-0.165605095541401
"7032","7032",5785,5736,6526,0.128089887640449
"7033","7033",3981,4172,4053,0.0180859080633007
"7034","7034",2228,2263,2198,-0.0134649910233393
"7035","7035",3964,3964,3964,0
"7037","7037",1867,2068,1854,-0.00696304231387252
"7038","7038",2178,1848,1811,-0.168503213957759
"7039","7039",2066,2068,2422,0.172313649564376
"7040","7040",2081,2341,2038,-0.0206631427198462
"10403","10403",2081,2341,2038,-0.0206631427198462
"7041","7041",3118,2922,2938,-0.0577293136626042
"7042","7042",1902,1901,1862,-0.0210304942166141
"7043","7043",4314,3423,4198,-0.0268891979601298
"7045","7045",3802,3807,3621,-0.0476065228826933
"7046","7046",2513,2513,2201,-0.124154397134899
"7047","7047",2716,2816,2816,0.0368188512518409
"7048","7048",3710,3710,3810,0.0269541778975741
"7050","7050",1701,1700,1787,0.0505584950029394
"7051","7051",2712,2793,2796,0.0309734513274336
"7052","7052",1357,864,874,-0.355932203389831
"7053","7053",3522,3846,3560,0.0107893242475866
"7054","7054",2256,2256,2182,-0.0328014184397163
"7055","7055",5307,6160,5660,0.0665159223666855
"7056","7056",3236,3237,2699,-0.165945611866502
"19205","19205",3236,3237,2699,-0.165945611866502
"7057","7057",3756,3705,3747,-0.0023961661341853
"7058","7058",2315,2908,2882,0.244924406047516
"7060","7060",1931,1931,1876,-0.0284826514759192
"7061","7061",982,963,963,-0.0193482688391039
"7062","7062",3995,3990,4176,0.0453066332916145
"7063","7063",3089,3090,3090,0.000323729362253156
"7064","7064",1970,2072,2016,0.0233502538071066
"7065","7065",1840,1678,1679,-0.0875
"8904","8904",1840,1678,1679,-0.0875
"17124","17124",1840,1678,1679,-0.0875
"7066","7066",2647,2647,2003,-0.243294295428787
"7067","7067",1904,1904,1904,0
"7069","7069",1206,1206,1292,0.0713101160862355
"7071","7071",4674,5320,5375,0.149978605049208
"7072","7072",2105,1538,2348,0.115439429928741
"14296","14296",2105,1538,2348,0.115439429928741
"17262","17262",2105,1538,2348,0.115439429928741
"7073","7073",2483,2660,2493,0.00402738622633911
"7074","7074",4204,3916,4011,-0.0459086584205519
"7075","7075",3117,3416,3620,0.161373115174848
"7076","7076",3600,3417,3449,-0.0419444444444444
"7077","7077",2365,2213,2253,-0.0473572938689218
"7078","7078",1197,1050,1049,-0.123642439431913
"7079","7079",4869,5153,4426,-0.090983774902444
"7080","7080",2729,2867,2984,0.0934408208134848
"7081","7081",3955,4171,3679,-0.0697850821744627
"15537","15537",3955,4171,3679,-0.0697850821744627
"7082","7082",3142,3142,2711,-0.137173774665818
"7373","7373",3142,3142,2711,-0.137173774665818
"7083","7083",1678,1681,1721,0.0256257449344458
"17693","17693",1678,1681,1721,0.0256257449344458
"18122","18122",1678,1681,1721,0.0256257449344458
"7084","7084",3175,3174,3164,-0.00346456692913386
"7085","7085",4170,4205,4189,0.00455635491606715
"7086","7086",3695,4277,4257,0.152097428958051
"7087","7087",4338,4336,4671,0.0767634854771784
"7088","7088",1032,1032,1033,0.000968992248062015
"7089","7089",1390,2719,2607,0.875539568345324
"7090","7090",4629,4690,4632,0.000648088139987038
"7091","7091",2292,2478,2402,0.0479930191972077
"7092","7092",4388,3563,3568,-0.186873290793072
"7479","7479",4388,3563,3568,-0.186873290793072
"7093","7093",3115,3105,3435,0.102728731942215
"7094","7094",1443,1443,1423,-0.0138600138600139
"7095","7095",7180,7193,7330,0.020891364902507
"7096","7096",4347,4347,4347,0
"7097","7097",2619,2943,2633,0.00534555173730431
"7098","7098",3327,3327,3327,0
"7099","7099",4326,4326,3476,-0.196486361534905
"7100","7100",1879,1879,1839,-0.0212879191059074
"7101","7101",3080,2862,2861,-0.0711038961038961
"7102","7102",6980,5640,6443,-0.0769340974212034
"7103","7103",2701,2932,2952,0.0929285449833395
"7104","7104",5400,5385,6425,0.189814814814815
"7105","7105",5488,5448,5471,-0.00309766763848397
"7106","7106",5265,4545,4024,-0.235707502374169
"7109","7109",2281,2210,2126,-0.0679526523454625
"7110","7110",1661,1606,1651,-0.00602046959662854
"7111","7111",4066,3767,3884,-0.044761436301033
"7112","7112",6146,6292,5897,-0.0405141555483241
"7113","7113",1503,1503,1507,0.00266134397870925
"7114","7114",1725,1721,1271,-0.263188405797101
"7115","7115",2916,2915,3064,0.0507544581618656
"7116","7116",6068,4404,4678,-0.229070533948583
"7117","7117",3163,3164,2747,-0.131520708188429
"7118","7118",3296,3470,3269,-0.00819174757281553
"7119","7119",2789,2774,2660,-0.0462531373252062
"7120","7120",5233,5235,5092,-0.0269443913625072
"7121","7121",3380,3380,3080,-0.0887573964497041
"7122","7122",3085,3050,3535,0.145867098865478
"7123","7123",2232,2232,2234,0.000896057347670251
"7124","7124",2403,2403,1205,-0.498543487307532
"7125","7125",6449,6540,6614,0.025585362071639
"7126","7126",5081,5140,5139,0.0114150757724857
"7127","7127",4239,4239,4239,0
"7128","7128",2405,2313,2282,-0.0511434511434511
"7129","7129",2295,2295,1938,-0.155555555555556
"7130","7130",1252,1276,1406,0.123003194888179
"18646","18646",1252,1276,1406,0.123003194888179
"7131","7131",2415,2415,2923,0.210351966873706
"7132","7132",2596,2721,2670,0.0285053929121726
"7133","7133",6682,6677,6620,-0.00927865908410655
"7134","7134",4812,4831,3960,-0.177057356608479
"7135","7135",6463,7092,6750,0.04440662231162
"7136","7136",1608,1540,1469,-0.0864427860696517
"7137","7137",4358,4523,4507,0.0341899954107389
"7138","7138",4668,4683,4728,0.012853470437018
"7139","7139",2785,2254,2324,-0.165529622980251
"7140","7140",3481,3539,2629,-0.244757253662741
"7141","7141",2958,3610,3476,0.175118323191346
"15247","15247",2958,3610,3476,0.175118323191346
"7142","7142",2915,2915,3004,0.0305317324185249
"7143","7143",2111,2199,2263,0.0720037896731407
"7144","7144",1846,1847,1851,0.00270855904658722
"10806","10806",1846,1847,1851,0.00270855904658722
"7145","7145",7860,6594,6878,-0.124936386768448
"7147","7147",2275,2297,2311,0.0158241758241758
"7148","7148",1697,1697,1587,-0.0648202710665881
"7149","7149",2052,2614,2372,0.155945419103314
"12778","12778",2052,2614,2372,0.155945419103314
"7150","7150",2316,1855,1942,-0.161485319516408
"7151","7151",1465,1367,1367,-0.0668941979522184
"7152","7152",6212,6211,6355,0.0230199613650998
"7153","7153",8158,8141,7791,-0.0449865163030154
"7154","7154",3131,3114,2856,-0.0878313637815394
"11668","11668",3131,3114,2856,-0.0878313637815394
"7155","7155",2835,2835,2834,-0.000352733686067019
"7156","7156",3952,3954,3542,-0.103744939271255
"7157","7157",1359,1396,1304,-0.0404709345106696
"16678","16678",1359,1396,1304,-0.0404709345106696
"7158","7158",6881,6869,5957,-0.134282807731434
"7160","7160",2675,2698,2751,0.028411214953271
"7161","7161",2270,2532,2148,-0.0537444933920705
"7162","7162",1326,1316,1316,-0.00754147812971342
"7163","7163",5270,5295,5502,0.044022770398482
"7164","7164",2899,2908,2874,-0.00862366333218351
"7165","7165",3466,3590,3579,0.032602423542989
"7166","7166",2673,2673,3919,0.466142910587355
"7167","7167",5410,5414,5110,-0.055452865064695
"7168","7168",2666,1838,2035,-0.236684171042761
"7169","7169",2083,2458,2114,0.014882381180989
"7170","7170",4366,4768,5079,0.163307375171782
"7171","7171",2696,2737,2568,-0.0474777448071217
"7172","7172",2919,2947,3088,0.0578965399109284
"7173","7173",1808,1808,1808,0
"7174","7174",1614,1614,1780,0.102850061957869
"7175","7175",5296,5297,5179,-0.0220921450151057
"7176","7176",2278,2483,2278,0
"7177","7177",6372,7013,6459,0.013653483992467
"7178","7178",2505,2505,2480,-0.00998003992015968
"7179","7179",7648,7649,7599,-0.00640690376569038
"7180","7180",6297,6359,7242,0.150071462601239
"7181","7181",3138,3179,3223,0.027087316762269
"7182","7182",1529,1533,1348,-0.118378024852845
"7183","7183",4086,4400,4399,0.0766030347528145
"7184","7184",7908,7888,7587,-0.0405918057663126
"7186","7186",8845,8830,8681,-0.0185415488976823
"7187","7187",5736,5707,5263,-0.0824616457461646
"7188","7188",3276,3331,3402,0.0384615384615385
"7189","7189",2788,2788,2532,-0.0918220946915352
"7191","7191",1959,1998,1966,0.0035732516590097
"7192","7192",4880,4880,4590,-0.0594262295081967
"7194","7194",2743,2743,2723,-0.00729128691213999
"7195","7195",4037,4054,4219,0.0450829824126827
"7196","7196",2151,2151,2151,0
"7197","7197",4380,4380,4380,0
"7198","7198",2215,2082,1989,-0.102031602708804
"7199","7199",2863,2863,2863,0
"7200","7200",2518,2348,2489,-0.011517077045274
"7201","7201",4963,3943,4001,-0.193834374370341
"7202","7202",4695,4047,4046,-0.138232161874334
"7203","7203",4547,5257,5028,0.105784033428634
"7206","7206",3077,3040,2865,-0.0688982775430614
"7207","7207",2508,2508,2778,0.107655502392345
"7209","7209",614,614,713,0.161237785016287
"7210","7210",1103,1216,947,-0.14143245693563
"7211","7211",6342,6336,6177,-0.0260170293282876
"7212","7212",2844,2844,2859,0.00527426160337553
"7213","7213",4684,4684,3715,-0.206874466268147
"7214","7214",3026,2019,1766,-0.416391275611368
"7215","7215",1463,1573,1512,0.0334928229665072
"7216","7216",2183,2183,2183,0
"7217","7217",5353,4792,4365,-0.18456940033626
"7218","7218",1589,2219,1450,-0.0874764002517306
"7219","7219",2413,2273,1832,-0.240779113137174
"7220","7220",4554,4109,3403,-0.252744839701361
"7221","7221",6787,6537,6766,-0.00309415058199499
"7222","7222",5275,5352,4919,-0.0674881516587678
"7223","7223",4079,4161,4274,0.0478058347634224
"7224","7224",1410,1576,1412,0.00141843971631206
"7225","7225",5736,6140,5700,-0.00627615062761506
"7226","7226",2232,2231,2156,-0.0340501792114695
"7227","7227",2877,2880,2730,-0.0510948905109489
"7228","7228",4575,4590,4711,0.0297267759562842
"7229","7229",4597,4696,4898,0.0654774853165108
"7230","7230",6480,6914,6431,-0.00756172839506173
"7231","7231",9923,10857,9339,-0.058853169404414
"7233","7233",1757,1757,1775,0.0102447353443369
"7234","7234",1673,1775,1461,-0.126718469814704
"7235","7235",3998,3773,3105,-0.22336168084042
"7236","7236",3480,3480,2155,-0.380747126436782
"7237","7237",9417,10751,10244,0.0878199001805246
"7238","7238",2815,2788,2555,-0.0923623445825933
"7239","7239",3982,4038,4036,0.0135610246107484
"7240","7240",7406,8021,6221,-0.160005401026195
"7241","7241",3704,4234,4220,0.139308855291577
"7242","7242",5092,4192,4192,-0.176747839748625
"7244","7244",4249,4214,4204,-0.0105907272299365
"7246","7246",3493,3627,3161,-0.0950472373318065
"7247","7247",2045,2429,2574,0.258679706601467
"7248","7248",5283,5494,5057,-0.0427787242097293
"7249","7249",5013,3927,3933,-0.215439856373429
"7250","7250",1386,1387,1387,0.000721500721500722
"7251","7251",2876,2876,2807,-0.0239916550764951
"7252","7252",2353,2316,2495,0.0603484912877178
"13078","13078",2353,2316,2495,0.0603484912877178
"7253","7253",2683,2683,2638,-0.016772269847186
"7254","7254",3031,2897,2882,-0.0491586935004949
"7255","7255",3151,2958,4237,0.344652491272612
"7256","7256",3303,3289,3028,-0.0832576445655465
"7257","7257",2381,2381,2381,0
"7258","7258",2602,2602,2323,-0.107225211375865
"7259","7259",1495,1458,1458,-0.0247491638795987
"7260","7260",3310,3294,3059,-0.0758308157099698
"7261","7261",3545,3835,4035,0.138222849083216
"7494","7494",3545,3835,4035,0.138222849083216
"7262","7262",2862,3466,3224,0.126484975541579
"13083","13083",2862,3466,3224,0.126484975541579
"7263","7263",3331,3523,3648,0.0951666166316422
"7264","7264",1719,1719,1719,0
"18283","18283",1719,1719,1719,0
"7265","7265",1308,1541,1538,0.175840978593272
"7267","7267",2443,2442,2395,-0.0196479738027016
"7268","7268",3119,2976,3584,0.149086245591536
"7269","7269",2009,2009,1999,-0.00497760079641613
"7270","7270",3025,3002,2787,-0.0786776859504132
"7271","7271",4318,4313,4313,-0.00115794349235757
"7272","7272",2037,2108,1817,-0.108001963672067
"7274","7274",2522,2575,2322,-0.0793021411578113
"7275","7275",923,964,986,0.0682556879739978
"7276","7276",2021,2022,2001,-0.0098960910440376
"7277","7277",6700,6643,6570,-0.0194029850746269
"7278","7278",2611,2238,2956,0.132133282267331
"12995","12995",2611,2238,2956,0.132133282267331
"7279","7279",4860,4837,4887,0.00555555555555556
"7280","7280",1896,1879,1879,-0.0089662447257384
"7281","7281",1290,1602,1759,0.363565891472868
"7282","7282",1083,1843,1438,0.327793167128347
"7283","7283",1434,1556,1556,0.0850767085076709
"7284","7284",9440,9258,9060,-0.0402542372881356
"7285","7285",1174,1167,1341,0.142248722316865
"13795","13795",1174,1167,1341,0.142248722316865
"7286","7286",1877,2136,2470,0.315929675013319
"12195","12195",1877,2136,2470,0.315929675013319
"7287","7287",5821,5841,6130,0.0530836626009277
"7288","7288",3806,3806,3446,-0.0945874934314241
"7290","7290",3342,3460,3446,0.0311190903650509
"7291","7291",3798,4417,4418,0.163243812532912
"7292","7292",1681,1682,2089,0.242712671029149
"7294","7294",2746,2747,2538,-0.0757465404224326
"7295","7295",2562,2673,3617,0.411787665886027
"7296","7296",7077,7093,6424,-0.0922707361876501
"7298","7298",3949,4018,4075,0.0319068118511015
"7299","7299",3029,3029,2818,-0.0696599537801254
"7300","7300",4083,3965,3967,-0.0284104824883664
"7301","7301",2542,2539,2539,-0.0011801730920535
"7302","7302",939,994,1009,0.0745473908413206
"7304","7304",3799,4017,5172,0.361410897604633
"7305","7305",2820,2649,2766,-0.0191489361702128
"7307","7307",2426,2182,2314,-0.0461665292662819
"11160","11160",2426,2182,2314,-0.0461665292662819
"7308","7308",8147,8273,8156,0.00110470111697557
"7309","7309",2469,2455,2455,-0.00567031186715269
"7311","7311",6689,6766,6746,0.00852145313200777
"7312","7312",5001,5025,4420,-0.116176764647071
"7313","7313",1073,1408,1396,0.301025163094129
"7314","7314",5712,5583,5491,-0.0386904761904762
"7315","7315",2161,1871,1870,-0.134659879685331
"7316","7316",3431,3429,3132,-0.0871466044884873
"7317","7317",6974,6985,6995,0.00301118439919702
"7318","7318",4749,4530,4458,-0.0612760581174984
"7319","7319",1960,1830,1778,-0.0928571428571429
"7320","7320",2117,2117,2161,0.0207841284837034
"7321","7321",5410,5492,5359,-0.00942698706099815
"7322","7322",3218,3218,3246,0.00870105655686762
"7323","7323",4730,5318,5199,0.099154334038055
"7324","7324",3524,3524,3524,0
"7325","7325",5246,5916,5605,0.0684330918795273
"7327","7327",1012,1020,979,-0.0326086956521739
"7328","7328",3502,3395,3347,-0.0442604226156482
"7329","7329",4894,4761,4277,-0.126072742133224
"7330","7330",5397,5400,5330,-0.012414304243098
"7331","7331",5882,5746,5719,-0.027711662699762
"7332","7332",1177,1134,1370,0.163976210705183
"7333","7333",3429,3184,3185,-0.0711577719451735
"7334","7334",1356,1348,1168,-0.138643067846608
"7335","7335",1505,1759,1413,-0.0611295681063123
"7863","7863",1505,1759,1413,-0.0611295681063123
"7336","7336",5785,4489,4675,-0.191875540190147
"7338","7338",2877,2773,2786,-0.0316301703163017
"7339","7339",2616,2695,2826,0.0802752293577982
"7340","7340",4511,4490,4120,-0.0866770117490579
"7341","7341",2363,2363,1872,-0.207786711807025
"7342","7342",1188,1137,1137,-0.0429292929292929
"7343","7343",2346,2346,2323,-0.00980392156862745
"7344","7344",1611,1562,1570,-0.0254500310366232
"7345","7345",4861,5565,5003,0.0292120962764863
"7346","7346",2142,2069,2126,-0.00746965452847806
"7348","7348",4086,4575,4128,0.0102790014684288
"7349","7349",4152,4152,4152,0
"7350","7350",1673,1933,2276,0.360430364614465
"7351","7351",3659,3659,3650,-0.00245968843946433
"7352","7352",2657,2674,2578,-0.0297327813323297
"7353","7353",1469,1472,1299,-0.11572498298162
"8961","8961",1469,1472,1299,-0.11572498298162
"13772","13772",1469,1472,1299,-0.11572498298162
"7354","7354",5980,5894,5844,-0.022742474916388
"7355","7355",1765,1771,1595,-0.0963172804532578
"7356","7356",1911,1911,1899,-0.00627943485086342
"7357","7357",6347,6348,6878,0.0836615723964078
"7358","7358",4286,3948,3535,-0.175221651889874
"7359","7359",1733,1729,1856,0.0709751875360646
"7360","7360",2730,2838,2406,-0.118681318681319
"7361","7361",8297,8040,7854,-0.0533927925756297
"7362","7362",2973,3007,2793,-0.0605449041372351
"7363","7363",1783,1918,1637,-0.0818844643858665
"7364","7364",1948,2060,2132,0.0944558521560575
"7365","7365",3538,3538,3538,0
"7366","7366",8646,8589,8059,-0.0678926671293083
"7367","7367",2920,2920,2669,-0.085958904109589
"7368","7368",2231,2222,2300,0.0309278350515464
"7369","7369",3967,3917,3917,-0.0126039828585833
"7370","7370",4376,4405,4828,0.103290676416819
"7371","7371",2436,2432,2545,0.0447454844006568
"7372","7372",2369,2040,2232,-0.0578303081468974
"18128","18128",2369,2040,2232,-0.0578303081468974
"7374","7374",1628,1599,2618,0.608108108108108
"8841","8841",1628,1599,2618,0.608108108108108
"15520","15520",1628,1599,2618,0.608108108108108
"7375","7375",3008,3051,3078,0.0232712765957447
"7376","7376",6459,6101,5574,-0.137018114259173
"7377","7377",1825,1873,2025,0.10958904109589
"7378","7378",4243,4735,4724,0.1133631864247
"7379","7379",3062,2956,3198,0.0444154147615937
"7380","7380",1552,1543,1490,-0.0399484536082474
"7381","7381",9478,9151,9593,0.0121333614686643
"7382","7382",1558,1823,1622,0.0410783055198973
"7383","7383",4366,4356,4261,-0.0240494732020156
"7384","7384",5566,5566,4971,-0.106899029823931
"7385","7385",2747,3252,3366,0.22533673097925
"7386","7386",4993,5044,4829,-0.0328459843781294
"7387","7387",3211,3211,2998,-0.0663344752413578
"7389","7389",1058,1049,1142,0.0793950850661626
"7390","7390",1275,1218,1498,0.174901960784314
"7391","7391",1864,2175,1931,0.0359442060085837
"16894","16894",1864,2175,1931,0.0359442060085837
"7392","7392",3826,3276,3023,-0.209879769994773
"7393","7393",3442,3431,3431,-0.0031958163858222
"7394","7394",6905,6914,6401,-0.0729905865314989
"7395","7395",2046,2046,2239,0.0943304007820137
"7396","7396",3789,2898,3372,-0.110055423594616
"7397","7397",1034,1005,1005,-0.0280464216634429
"7398","7398",3750,3761,3696,-0.0144
"7399","7399",3264,3213,3301,0.0113357843137255
"7400","7400",2375,1826,1810,-0.237894736842105
"7401","7401",1585,1530,1791,0.129968454258675
"12442","12442",1585,1530,1791,0.129968454258675
"19454","19454",1585,1530,1791,0.129968454258675
"7402","7402",975,922,906,-0.0707692307692308
"7403","7403",2332,2315,3390,0.45368782161235
"7404","7404",2488,2770,2612,0.0498392282958199
"7405","7405",6251,6229,6265,0.00223964165733483
"7406","7406",3043,3031,3076,0.0108445612882024
"7407","7407",3224,3210,3200,-0.00744416873449132
"7408","7408",2242,2240,2279,0.0165031222123104
"7409","7409",7165,7160,7160,-0.000697836706210747
"7410","7410",8252,8202,8487,0.0284779447406689
"7411","7411",5801,5852,5655,-0.025168074469919
"7412","7412",1972,1921,1862,-0.0557809330628803
"7894","7894",1972,1921,1862,-0.0557809330628803
"7413","7413",1893,2192,1896,0.00158478605388273
"7414","7414",3070,3104,2507,-0.183387622149837
"7415","7415",1758,1751,1803,0.0255972696245734
"7416","7416",3016,3138,3206,0.0629973474801061
"7417","7417",5499,5546,6549,0.190943807965085
"7418","7418",5439,4972,5092,-0.0637984923699209
"7419","7419",13990,13964,14239,0.0177984274481773
"7421","7421",6593,6412,6407,-0.0282117397239496
"7422","7422",2651,2617,2840,0.0712938513768389
"7423","7423",1885,1885,3085,0.636604774535809
"7424","7424",5004,4062,4237,-0.153277378097522
"7425","7425",2845,2924,2924,0.027768014059754
"7426","7426",2071,1915,1915,-0.0753259295026557
"9360","9360",2071,1915,1915,-0.0753259295026557
"7427","7427",6337,6386,6134,-0.0320340855294303
"7428","7428",4215,4638,4512,0.0704626334519573
"7429","7429",8174,7720,7737,-0.053462197210668
"7430","7430",4661,4941,5160,0.107058571122077
"7431","7431",2507,2422,2422,-0.033905065815716
"7432","7432",2202,2203,2203,0.000454132606721163
"7433","7433",1678,1740,1676,-0.00119189511323004
"7434","7434",2782,2782,2647,-0.0485262401150252
"7435","7435",2956,2468,3149,0.0652909336941813
"7436","7436",911,912,899,-0.013172338090011
"7437","7437",2308,2204,2258,-0.0216637781629116
"7438","7438",851,850,850,-0.00117508813160987
"7439","7439",1528,1416,1941,0.270287958115183
"13587","13587",1528,1416,1941,0.270287958115183
"7440","7440",3176,2929,3108,-0.0214105793450882
"7441","7441",3153,3030,3281,0.0405962575325087
"7442","7442",4062,4091,4036,-0.00640078778926637
"15126","15126",4062,4091,4036,-0.00640078778926637
"7443","7443",3605,2709,2899,-0.195839112343967
"7444","7444",1250,1409,1476,0.1808
"7445","7445",2882,3365,3610,0.252602359472588
"7446","7446",2430,2430,2430,0
"7447","7447",2401,1854,1950,-0.187838400666389
"7449","7449",3358,3358,2763,-0.177188802858845
"7450","7450",2734,2900,2071,-0.242501828822238
"7451","7451",766,1101,1133,0.47911227154047
"7452","7452",1480,1471,1023,-0.308783783783784
"7454","7454",3161,3161,3161,0
"7455","7455",1975,1974,1974,-0.000506329113924051
"7456","7456",6416,6411,6421,0.00077930174563591
"7457","7457",4024,3398,3595,-0.106610337972167
"7458","7458",3279,3024,2986,-0.0893565111314425
"7459","7459",2080,2081,1782,-0.143269230769231
"7460","7460",1856,1856,1865,0.00484913793103448
"7461","7461",3136,2923,2923,-0.0679209183673469
"7462","7462",1983,2003,2142,0.0801815431164902
"7463","7463",1632,1664,1664,0.0196078431372549
"7464","7464",6963,7340,6460,-0.0722389774522476
"7465","7465",1913,1867,1654,-0.135389440669106
"11760","11760",1913,1867,1654,-0.135389440669106
"14406","14406",1913,1867,1654,-0.135389440669106
"7466","7466",1420,1428,1750,0.232394366197183
"7468","7468",3149,3165,2913,-0.0749444268021594
"7469","7469",1832,1805,1805,-0.0147379912663755
"7470","7470",1593,1593,1593,0
"7471","7471",1292,1529,1541,0.192724458204334
"7472","7472",2870,3088,3840,0.337979094076655
"7473","7473",1555,1556,1555,0
"7474","7474",5903,4631,4720,-0.200406572929019
"7475","7475",1362,1595,1957,0.436857562408223
"11562","11562",1362,1595,1957,0.436857562408223
"15724","15724",1362,1595,1957,0.436857562408223
"7476","7476",2699,3080,3065,0.135605779918488
"7477","7477",9746,8666,8846,-0.0923455776728914
"7478","7478",4189,4714,3934,-0.0608737168775364
"7480","7480",1497,1497,1743,0.164328657314629
"7481","7481",2549,2549,2506,-0.0168693605335426
"7482","7482",1845,1955,1973,0.0693766937669377
"7483","7483",4306,3792,3816,-0.113794705062703
"7484","7484",4465,4418,4484,0.00425531914893617
"7485","7485",3072,3071,2980,-0.0299479166666667
"7486","7486",1378,1378,1378,0
"7487","7487",2136,2100,2110,-0.0121722846441948
"7488","7488",1389,1262,1395,0.00431965442764579
"7489","7489",3030,3026,3264,0.0772277227722772
"7490","7490",1227,1390,1390,0.132844335778321
"7491","7491",4451,4452,3366,-0.243765445967198
"7492","7492",1784,1785,1751,-0.0184977578475336
"7493","7493",13158,13536,13257,0.00752393980848153
"7495","7495",4120,4080,4124,0.000970873786407767
"7496","7496",1553,1553,1560,0.00450740502253703
"7497","7497",963,1308,1550,0.609553478712357
"17985","17985",963,1308,1550,0.609553478712357
"7498","7498",6262,5501,5292,-0.154902587032897
"7499","7499",1771,1690,1690,-0.0457368718238283
"7500","7500",1396,1634,1522,0.0902578796561605
"7501","7501",2256,2256,2121,-0.0598404255319149
"7502","7502",3036,2575,2189,-0.278985507246377
"7503","7503",1859,1872,1887,0.0150618612157074
"14780","14780",1859,1872,1887,0.0150618612157074
"7504","7504",2343,2343,2343,0
"7505","7505",2320,2322,1982,-0.145689655172414
"7506","7506",1422,1418,1417,-0.00351617440225035
"7507","7507",5404,5395,4867,-0.0993708364174685
"7508","7508",2745,2554,2554,-0.0695810564663024
"7509","7509",2996,2879,2879,-0.0390520694259012
"7510","7510",1179,1155,1155,-0.0203562340966921
"7511","7511",3547,3435,3135,-0.116154496757824
"7512","7512",3581,3326,3520,-0.0170343479475007
"7513","7513",2759,2721,2722,-0.0134106560347952
"7514","7514",3377,4115,3235,-0.0420491560556707
"7515","7515",2701,2700,2693,-0.00296186597556461
"7516","7516",2564,2579,2867,0.11817472698908
"7517","7517",2293,2427,2425,0.0575665067597034
"7518","7518",2522,2360,2583,0.0241871530531324
"7519","7519",1853,1854,1854,0.000539665407447383
"7520","7520",3287,3412,3427,0.0425920292059629
"7521","7521",6078,6069,5825,-0.0416255347153669
"7522","7522",4268,4348,4347,0.0185098406747891
"7523","7523",3290,3290,3443,0.0465045592705167
"7524","7524",1538,1539,1542,0.00260078023407022
"9114","9114",1538,1539,1542,0.00260078023407022
"7525","7525",3586,4130,4042,0.127161182375906
"7526","7526",3214,3214,3373,0.0494710640945862
"7527","7527",2977,2938,2938,-0.0131004366812227
"7528","7528",2629,2629,2564,-0.0247242297451502
"13609","13609",2629,2629,2564,-0.0247242297451502
"7529","7529",2023,2025,1529,-0.244191794364805
"7530","7530",2388,2388,2483,0.0397822445561139
"7531","7531",2223,2223,2223,0
"7532","7532",4410,4006,3411,-0.226530612244898
"7533","7533",4169,4169,4132,-0.0088750299832094
"7534","7534",2457,2434,2434,-0.00936100936100936
"7535","7535",4018,4018,4309,0.0724240915878546
"7536","7536",4441,4785,4463,0.00495383922539968
"7537","7537",2734,2759,2773,0.0142648134601317
"7538","7538",2893,2987,3649,0.261320428620809
"7539","7539",807,807,807,0
"7540","7540",3111,3111,2867,-0.0784313725490196
"7541","7541",2416,2416,2301,-0.0475993377483444
"8979","8979",2416,2416,2301,-0.0475993377483444
"7542","7542",2369,2416,2354,-0.00633178556352891
"7544","7544",1071,1071,865,-0.19234360410831
"7545","7545",3220,3220,3261,0.0127329192546584
"7546","7546",3101,3019,2965,-0.0438568203805224
"7547","7547",7456,7537,6636,-0.109978540772532
"7549","7549",9628,9640,9697,0.00716659742417948
"7550","7550",2066,2166,2074,0.00387221684414327
"7551","7551",1348,1347,1244,-0.0771513353115727
"7552","7552",3130,3088,1935,-0.381789137380192
"7553","7553",2086,2162,2161,0.035953978906999
"13402","13402",2086,2162,2161,0.035953978906999
"7554","7554",4790,3957,4055,-0.153444676409186
"7555","7555",1533,1097,1111,-0.275277234181344
"7556","7556",3109,3072,3025,-0.0270183338694114
"7557","7557",3165,3128,3125,-0.0126382306477093
"7558","7558",2504,2607,2483,-0.00838658146964856
"18505","18505",2504,2607,2483,-0.00838658146964856
"7559","7559",2051,2051,2051,0
"7561","7561",9142,9115,8937,-0.022423977247867
"7562","7562",2077,2077,2090,0.00625902744342802
"7563","7563",9445,9382,9321,-0.0131286394917946
"7564","7564",4238,3638,3693,-0.128598395469561
"7565","7565",6143,6156,5802,-0.0555103369689077
"7566","7566",6399,6255,5601,-0.124706985466479
"7567","7567",2023,2024,2003,-0.00988630746416214
"7568","7568",6870,6849,6145,-0.105531295487627
"7569","7569",1093,1093,935,-0.14455626715462
"7570","7570",2346,2344,2278,-0.0289855072463768
"7571","7571",2320,2274,2282,-0.0163793103448276
"14144","14144",2320,2274,2282,-0.0163793103448276
"7572","7572",1621,1637,1354,-0.164713140037014
"7573","7573",5002,4955,5051,0.00979608156737305
"7574","7574",2557,2497,2498,-0.0230739147438404
"7575","7575",4705,4905,4739,0.00722635494155154
"7576","7576",7524,7601,8689,0.154837852206273
"7577","7577",3011,3014,3918,0.301228827632016
"7578","7578",2645,2645,2625,-0.00756143667296786
"7579","7579",2670,2704,2574,-0.0359550561797753
"7580","7580",3299,3310,3310,0.00333434374052743
"7581","7581",5578,6115,5853,0.0493008246683399
"7582","7582",4272,4413,4244,-0.00655430711610487
"7583","7583",2391,2359,2359,-0.013383521539105
"7584","7584",4705,4704,4582,-0.0261424017003188
"15881","15881",4705,4704,4582,-0.0261424017003188
"7585","7585",3533,3519,3402,-0.037078969714124
"18765","18765",3533,3519,3402,-0.037078969714124
"7586","7586",8641,9107,8269,-0.0430505728503645
"7588","7588",1588,1576,1351,-0.149244332493703
"11499","11499",1588,1576,1351,-0.149244332493703
"7589","7589",3470,3436,3456,-0.00403458213256484
"7590","7590",3020,3028,2912,-0.0357615894039735
"7591","7591",3648,3698,3654,0.00164473684210526
"7592","7592",6965,7012,6944,-0.00301507537688442
"7593","7593",5712,5734,5394,-0.055672268907563
"7594","7594",3119,3437,3392,0.0875280538634178
"7595","7595",1550,1539,1577,0.0174193548387097
"7596","7596",2200,2211,2252,0.0236363636363636
"7597","7597",3655,3465,3592,-0.0172366621067031
"7598","7598",3810,3284,4040,0.0603674540682415
"7599","7599",3092,3178,3223,0.0423673997412678
"7600","7600",2680,2680,3087,0.151865671641791
"7601","7601",2695,2695,2539,-0.0578849721706865
"7602","7602",4915,4958,5440,0.106815869786368
"7603","7603",2881,2881,2670,-0.0732384588684485
"7604","7604",3569,4206,4771,0.336789016531241
"7605","7605",2677,1600,1760,-0.342547627941726
"12505","12505",2677,1600,1760,-0.342547627941726
"7606","7606",2800,2800,2800,0
"19270","19270",2800,2800,2800,0
"7607","7607",2331,2599,2454,0.0527670527670528
"9872","9872",2331,2599,2454,0.0527670527670528
"7608","7608",5116,5114,5102,-0.00273651290070367
"7609","7609",2561,3010,3012,0.176103084732526
"7610","7610",8835,8952,9824,0.111941143180532
"7612","7612",1887,1886,1846,-0.0217276099629041
"7613","7613",1776,1530,1580,-0.11036036036036
"15830","15830",1776,1530,1580,-0.11036036036036
"7614","7614",4390,4953,4746,0.0810933940774487
"7615","7615",4175,4163,4160,-0.00359281437125748
"7616","7616",3272,3109,3265,-0.00213936430317848
"7617","7617",1677,1671,1656,-0.0125223613595707
"7618","7618",4377,4378,4293,-0.0191912268677176
"7619","7619",5615,5456,5859,0.0434550311665183
"7620","7620",5174,4897,4960,-0.0413606494008504
"7621","7621",2421,2458,2458,0.0152829409334986
"7622","7622",2360,2360,2163,-0.0834745762711864
"7623","7623",1698,1772,1836,0.0812720848056537
"17044","17044",1698,1772,1836,0.0812720848056537
"7624","7624",5108,5692,5814,0.138214565387627
"7625","7625",3065,3070,3075,0.0032626427406199
"7626","7626",2409,2409,2409,0
"7627","7627",8840,8282,8415,-0.0480769230769231
"7628","7628",1026,1034,978,-0.0467836257309941
"7629","7629",2779,2793,2134,-0.232097876934149
"7630","7630",2506,1700,1699,-0.322027134876297
"7631","7631",4414,4414,4204,-0.0475758948799275
"7632","7632",2297,2720,2475,0.0774923813670004
"7633","7633",3387,3388,3620,0.0687924416888102
"7634","7634",3912,3882,3843,-0.0176380368098159
"7635","7635",7142,7204,7285,0.0200224026883226
"7636","7636",1632,1631,1625,-0.00428921568627451
"7637","7637",4695,5330,3868,-0.176144834930777
"7638","7638",1887,1908,1901,0.00741918388977213
"7639","7639",6850,6790,6933,0.0121167883211679
"7641","7641",4678,4770,4629,-0.0104745617785378
"7642","7642",4752,4761,4325,-0.0898569023569024
"7643","7643",3598,3498,3498,-0.0277932184546971
"7644","7644",4283,4671,4513,0.0537006770954938
"7645","7645",3399,3370,3358,-0.0120623712856723
"7646","7646",2193,2168,2202,0.00410396716826265
"7647","7647",898,1026,945,0.0523385300668151
"18401","18401",898,1026,945,0.0523385300668151
"7648","7648",4087,4102,4224,0.0335209199902129
"14124","14124",4087,4102,4224,0.0335209199902129
"7649","7649",1844,1871,2268,0.229934924078091
"7650","7650",2197,1836,1864,-0.151570323167956
"7651","7651",1662,1515,1617,-0.0270758122743682
"7652","7652",2572,1930,1927,-0.250777604976672
"7653","7653",3187,3173,3173,-0.00439284593661751
"7654","7654",4152,4151,3808,-0.0828516377649326
"7655","7655",2219,2219,2570,0.158179360072105
"7656","7656",3553,3554,3450,-0.0289895862651281
"7657","7657",8445,8392,8936,0.0581409117821196
"7658","7658",4455,4455,4203,-0.0565656565656566
"7660","7660",1090,1090,1090,0
"7661","7661",3021,3026,2815,-0.0681893412777226
"7662","7662",3784,3859,3582,-0.0533826638477801
"7663","7663",2150,2499,2816,0.309767441860465
"13805","13805",2150,2499,2816,0.309767441860465
"14871","14871",2150,2499,2816,0.309767441860465
"7664","7664",2123,1945,1814,-0.145548751766368
"7665","7665",4810,4735,3865,-0.196465696465696
"7666","7666",3929,3929,3924,-0.00127258844489692
"7667","7667",1624,1624,1907,0.174261083743842
"7668","7668",6907,6907,5414,-0.216157521355147
"7669","7669",971,971,860,-0.114315139031926
"7670","7670",2127,2214,2279,0.0714621532675129
"7671","7671",3015,3024,2896,-0.039469320066335
"15582","15582",3015,3024,2896,-0.039469320066335
"7672","7672",6376,6326,6960,0.0915934755332497
"7673","7673",2119,2119,2119,0
"7674","7674",4960,5041,5119,0.0320564516129032
"7675","7675",3224,3196,3070,-0.0477667493796526
"7676","7676",2021,2573,2103,0.0405739732805542
"7677","7677",2757,2757,2598,-0.0576713819368879
"7678","7678",2799,2769,2965,0.0593068953197571
"7680","7680",2861,3414,2775,-0.0300594197832926
"7682","7682",3141,3245,2872,-0.0856415154409424
"7683","7683",2389,2694,2785,0.165759732105483
"8536","8536",2389,2694,2785,0.165759732105483
"7684","7684",1241,1121,1353,0.0902497985495568
"7685","7685",4870,4870,4475,-0.0811088295687885
"7686","7686",1535,1663,1676,0.09185667752443
"7687","7687",3573,3233,3491,-0.022949902043101
"7688","7688",2188,2188,2218,0.0137111517367459
"7689","7689",3133,3133,3133,0
"7690","7690",8677,8836,8487,-0.0218969689985018
"7691","7691",2548,2548,2548,0
"7692","7692",1189,1262,1313,0.104289318755257
"7693","7693",1760,1693,1782,0.0125
"7694","7694",1701,1219,1013,-0.404467960023516
"7695","7695",2482,2750,3024,0.218372280419017
"7696","7696",1315,1315,1040,-0.209125475285171
"7697","7697",2957,2961,2628,-0.11126141359486
"7698","7698",1781,1991,1887,0.0595171252105559
"7699","7699",1461,1633,1709,0.16974674880219
"7700","7700",3562,3564,3375,-0.0524985962942167
"7701","7701",2033,2259,2259,0.111165764879488
"7702","7702",4840,3668,3220,-0.334710743801653
"13547","13547",4840,3668,3220,-0.334710743801653
"7703","7703",1403,1572,1572,0.120456165359943
"7705","7705",8305,8242,8291,-0.00168573148705599
"7706","7706",842,914,960,0.140142517814727
"19212","19212",842,914,960,0.140142517814727
"7708","7708",944,947,1041,0.102754237288136
"17684","17684",944,947,1041,0.102754237288136
"7710","7710",3609,3745,4075,0.129121640343585
"7711","7711",4507,4477,4506,-0.000221877080097626
"7712","7712",5772,5680,5646,-0.0218295218295218
"7713","7713",2481,2695,2269,-0.0854494155582426
"7714","7714",4846,4790,4775,-0.0146512587701197
"7715","7715",1716,1960,2035,0.185897435897436
"7716","7716",2457,2420,2469,0.00488400488400488
"7717","7717",3293,3305,2914,-0.115092620710598
"7718","7718",2381,2041,2486,0.0440991180176396
"8166","8166",2381,2041,2486,0.0440991180176396
"12799","12799",2381,2041,2486,0.0440991180176396
"7719","7719",1349,1301,1653,0.225352112676056
"16162","16162",1349,1301,1653,0.225352112676056
"7720","7720",1286,1571,1286,0
"7721","7721",4929,5310,4783,-0.0296206127003449
"7722","7722",2985,2771,3540,0.185929648241206
"18942","18942",2985,2771,3540,0.185929648241206
"7723","7723",3304,3128,3133,-0.0517554479418886
"7724","7724",5401,4850,4690,-0.131642288465099
"7725","7725",2573,1744,1753,-0.318694131364166
"13010","13010",2573,1744,1753,-0.318694131364166
"7726","7726",7065,7374,7667,0.0852087756546355
"7728","7728",3578,3561,3561,-0.00475125768585802
"7729","7729",3689,3629,3627,-0.0168067226890756
"7730","7730",3943,3943,3945,0.000507227998985544
"7731","7731",1634,1953,1684,0.0305997552019584
"7732","7732",1982,1975,1862,-0.0605449041372351
"7733","7733",3652,4005,4197,0.149233296823658
"7735","7735",5064,5064,5371,0.0606240126382306
"7736","7736",3337,3337,2864,-0.141744081510339
"7737","7737",4436,5112,4182,-0.0572587917042381
"7738","7738",1964,2274,2274,0.157841140529532
"7740","7740",1356,1356,1382,0.0191740412979351
"14226","14226",1356,1356,1382,0.0191740412979351
"7741","7741",1721,2155,1761,0.0232423009877978
"13722","13722",1721,2155,1761,0.0232423009877978
"7742","7742",1415,1504,1482,0.0473498233215548
"7743","7743",2934,2938,4938,0.683026584867076
"7744","7744",4947,4947,4947,0
"7745","7745",2367,2163,2646,0.11787072243346
"7746","7746",2614,2692,2436,-0.0680948737566947
"7747","7747",560,577,577,0.0303571428571429
"7748","7748",4454,4453,3900,-0.124382577458464
"7749","7749",2447,2446,2446,-0.000408663669799755
"7750","7750",715,957,1029,0.439160839160839
"7751","7751",2553,2534,2513,-0.0156678417547983
"7752","7752",2566,2731,2654,0.034294621979735
"7753","7753",3446,3446,3450,0.00116076610562972
"7754","7754",5528,4563,4897,-0.114146164978292
"7755","7755",2483,2175,2175,-0.124043495771244
"7756","7756",2411,2409,2557,0.0605557859809208
"7758","7758",5942,5942,3821,-0.356950521709862
"7759","7759",767,767,761,-0.00782268578878748
"7760","7760",2506,2493,2493,-0.00518754988028731
"7761","7761",4049,4338,3871,-0.0439614719683873
"7762","7762",3189,3189,2975,-0.0671056757604265
"7763","7763",3660,3663,3705,0.0122950819672131
"7764","7764",7044,7245,7378,0.0474162407722885
"7765","7765",1917,1945,1850,-0.0349504434011476
"7766","7766",2430,1646,1755,-0.277777777777778
"16073","16073",2430,1646,1755,-0.277777777777778
"16283","16283",2430,1646,1755,-0.277777777777778
"7767","7767",2470,2472,2471,0.000404858299595142
"7768","7768",4087,4082,4082,-0.00122339124051872
"7769","7769",2566,2637,2670,0.0405300077942323
"7770","7770",1948,1830,1773,-0.0898357289527721
"7771","7771",2798,2538,2567,-0.0825589706933524
"7772","7772",3986,3431,3428,-0.13998996487707
"7773","7773",1300,1300,1301,0.000769230769230769
"7775","7775",2510,2526,1621,-0.354183266932271
"7776","7776",3565,3565,2428,-0.318934081346424
"7778","7778",2957,3035,3653,0.23537368955022
"7779","7779",4048,4378,4402,0.0874505928853755
"7780","7780",2777,2758,2653,-0.0446525027007562
"7781","7781",2233,2486,2353,0.0537393640841917
"7782","7782",1638,1638,1638,0
"7783","7783",2556,2587,2556,0
"7784","7784",3078,2945,2946,-0.0428849902534113
"7785","7785",4315,5216,5215,0.208574739281576
"7786","7786",10316,10243,10211,-0.0101783637068631
"7787","7787",3129,3119,3119,-0.00319590923617769
"7788","7788",4550,4335,4864,0.069010989010989
"7789","7789",3421,3210,3502,0.0236772873428822
"7790","7790",6596,6269,6214,-0.0579138872043663
"7791","7791",1786,1611,1674,-0.0627099664053751
"7792","7792",3235,3219,3422,0.0578052550231839
"7793","7793",3199,3231,3406,0.0647077211628634
"7794","7794",3417,3416,4293,0.256365232660228
"7795","7795",9375,9260,9460,0.00906666666666667
"7796","7796",4256,4256,3947,-0.0726033834586466
"7797","7797",2005,1968,1968,-0.0184538653366584
"7798","7798",2791,3829,2284,-0.181655320673594
"7799","7799",2038,2015,1898,-0.0686947988223749
"9253","9253",2038,2015,1898,-0.0686947988223749
"18874","18874",2038,2015,1898,-0.0686947988223749
"7800","7800",6925,6380,7213,0.0415884476534296
"7801","7801",7785,7304,7494,-0.0373795761078998
"7802","7802",4152,4153,4153,0.000240847784200385
"7803","7803",1030,1030,1030,0
"7804","7804",3676,2916,2922,-0.205114254624592
"7805","7805",3129,4022,3308,0.0572067753275807
"9630","9630",3129,4022,3308,0.0572067753275807
"7806","7806",4066,4557,4957,0.219134284308903
"7807","7807",1235,1235,1388,0.123886639676113
"7808","7808",2857,2851,2473,-0.134406720336017
"7809","7809",2017,2169,2237,0.109072880515617
"7810","7810",3017,3000,2973,-0.0145840238647663
"7811","7811",11758,10110,11584,-0.0147984351080116
"7812","7812",603,603,972,0.611940298507463
"7813","7813",2897,2897,2835,-0.02140144977563
"7815","7815",981,981,963,-0.018348623853211
"7816","7816",991,994,991,0
"7817","7817",800,800,800,0
"7819","7819",1805,2402,2348,0.300831024930748
"7820","7820",3809,3541,3541,-0.0703596744552376
"7821","7821",4685,4695,4438,-0.0527214514407684
"7822","7822",1964,1380,1478,-0.247454175152749
"7823","7823",4838,5804,5810,0.200909466721786
"7824","7824",2515,2559,2538,0.00914512922465209
"7825","7825",3173,3435,3431,0.0813110620863536
"7826","7826",4369,3931,3493,-0.200503547722591
"7827","7827",3283,2997,2227,-0.321657021017362
"7828","7828",2940,2940,2819,-0.041156462585034
"7829","7829",2020,1993,1843,-0.0876237623762376
"7830","7830",1456,1406,1375,-0.0556318681318681
"7832","7832",2474,2451,2451,-0.00929668552950687
"7833","7833",7809,7741,7805,-0.000512229478806505
"7834","7834",4766,3940,3875,-0.186949223667646
"9841","9841",4766,3940,3875,-0.186949223667646
"7835","7835",1650,1709,1896,0.149090909090909
"7836","7836",1635,1635,2137,0.307033639143731
"16368","16368",1635,1635,2137,0.307033639143731
"7837","7837",2008,2314,2314,0.152390438247012
"7838","7838",3535,3546,3548,0.00367751060820368
"7839","7839",5060,4778,4905,-0.0306324110671937
"7840","7840",1446,1451,1451,0.00345781466113416
"7841","7841",2525,2561,2466,-0.0233663366336634
"12575","12575",2525,2561,2466,-0.0233663366336634
"16485","16485",2525,2561,2466,-0.0233663366336634
"7842","7842",3660,3512,3200,-0.12568306010929
"7843","7843",10299,10176,10303,0.000388387222060394
"7844","7844",2033,2172,2172,0.0683718642400394
"7845","7845",875,859,593,-0.322285714285714
"7846","7846",2069,2069,2022,-0.0227162880618656
"7847","7847",3206,4258,4337,0.352776044915783
"7848","7848",3266,3240,3257,-0.00275566442131047
"7849","7849",2275,2169,2344,0.0303296703296703
"7850","7850",1336,1336,1220,-0.0868263473053892
"7851","7851",2594,2590,2591,-0.00115651503469545
"7852","7852",2136,2383,2383,0.11563670411985
"7853","7853",4720,4720,4124,-0.126271186440678
"7854","7854",6618,6601,6521,-0.0146569960713206
"7855","7855",2351,2205,2205,-0.0621012335176521
"7856","7856",2866,3033,2960,0.0327983251919051
"7857","7857",4244,4244,4243,-0.000235626767200754
"7858","7858",2267,2265,2141,-0.0555800617556242
"7859","7859",2434,2896,2959,0.21569433032046
"7860","7860",4395,4556,3877,-0.117861205915813
"7861","7861",3154,3154,2929,-0.0713379835129994
"7862","7862",1967,1964,1964,-0.00152516522623284
"7864","7864",1154,1154,1154,0
"7865","7865",1645,1645,1645,0
"7866","7866",3349,3349,3193,-0.0465810689758137
"10764","10764",3349,3349,3193,-0.0465810689758137
"7867","7867",2821,2835,2575,-0.087203119461184
"7868","7868",3010,3140,3332,0.106976744186047
"7869","7869",2436,2444,2951,0.211412151067323
"7870","7870",2889,2853,2864,-0.00865351332641052
"7871","7871",2793,2793,2769,-0.00859291084854995
"7872","7872",4131,4133,3800,-0.0801258775114984
"7873","7873",1076,1076,1076,0
"7874","7874",2472,2475,3511,0.420307443365696
"7875","7875",8946,8771,7915,-0.115247037782249
"7876","7876",4029,4028,3155,-0.21692727724001
"7877","7877",2645,2522,2486,-0.0601134215500945
"7878","7878",1752,1657,1609,-0.08162100456621
"7879","7879",4795,4794,5015,0.045881126173097
"7880","7880",3499,3497,3379,-0.0342955130037153
"7881","7881",1598,1598,1597,-0.000625782227784731
"7882","7882",1463,1404,1441,-0.0150375939849624
"7883","7883",2634,2612,3225,0.224373576309795
"7884","7884",6355,6162,6138,-0.0341463414634146
"7885","7885",2438,2437,2222,-0.088597210828548
"7886","7886",9472,9451,10059,0.0619721283783784
"7887","7887",1987,2725,2079,0.0463009562154001
"7888","7888",2814,2840,2311,-0.178749111584932
"19952","19952",2814,2840,2311,-0.178749111584932
"7889","7889",2117,1795,1759,-0.169107227208314
"7890","7890",2711,2710,2851,0.0516414607156031
"7891","7891",4793,5011,4668,-0.026079699561861
"7892","7892",1814,1742,1773,-0.0226019845644983
"13639","13639",1814,1742,1773,-0.0226019845644983
"19782","19782",1814,1742,1773,-0.0226019845644983
"7895","7895",2270,2330,2050,-0.0969162995594714
"7896","7896",5395,5495,5491,0.0177942539388323
"7897","7897",1723,1537,1588,-0.0783517121300058
"7898","7898",1502,1502,1503,0.00066577896138482
"7899","7899",2108,2111,2054,-0.0256166982922201
"7900","7900",3148,3312,3730,0.184879288437103
"7901","7901",8283,8853,7572,-0.0858384643245201
"7902","7902",1627,1425,1599,-0.0172095881991395
"13317","13317",1627,1425,1599,-0.0172095881991395
"15136","15136",1627,1425,1599,-0.0172095881991395
"15323","15323",1627,1425,1599,-0.0172095881991395
"7903","7903",3750,4169,3827,0.0205333333333333
"14937","14937",3750,4169,3827,0.0205333333333333
"7904","7904",3261,3462,3465,0.062557497700092
"7905","7905",3672,3929,3904,0.0631808278867102
"7906","7906",3970,4012,3631,-0.0853904282115869
"7907","7907",2505,2647,2830,0.129740518962076
"11474","11474",2505,2647,2830,0.129740518962076
"17026","17026",2505,2647,2830,0.129740518962076
"7909","7909",3089,3255,3000,-0.0288119132405309
"7910","7910",2021,2021,2015,-0.00296882731321128
"7911","7911",2416,2643,2774,0.14817880794702
"7912","7912",1846,1852,1724,-0.0660888407367281
"7913","7913",2376,2380,2892,0.217171717171717
"7914","7914",5410,5348,4647,-0.141035120147874
"7915","7915",1181,1181,1180,-0.000846740050804403
"7916","7916",4559,4526,4358,-0.0440886159245449
"7918","7918",2699,2701,2802,0.0381622823267877
"7919","7919",5554,5408,4779,-0.139539070939863
"7921","7921",1280,1439,1439,0.12421875
"7922","7922",1500,1500,1598,0.0653333333333333
"7923","7923",1485,1485,1511,0.0175084175084175
"7924","7924",3774,3770,4264,0.129835718071012
"7925","7925",4907,4663,4830,-0.0156918687589158
"7926","7926",2018,1929,2417,0.197720515361744
"7927","7927",1959,2129,1672,-0.146503318019398
"7928","7928",1778,1780,1733,-0.0253093363329584
"7929","7929",1564,1544,1798,0.149616368286445
"7930","7930",2180,2374,2374,0.0889908256880734
"7931","7931",3123,3000,3027,-0.0307396733909702
"7932","7932",1409,1451,1467,0.0411639460610362
"14042","14042",1409,1451,1467,0.0411639460610362
"7933","7933",1395,1395,1395,0
"7934","7934",9730,9917,9855,0.012846865364851
"7935","7935",3012,3845,3860,0.281540504648074
"7937","7937",5439,3778,3391,-0.376539805111234
"7939","7939",2542,2555,2554,0.004720692368214
"7940","7940",1735,1732,1760,0.0144092219020173
"7941","7941",13341,14458,13861,0.038977587886965
"7942","7942",2491,2502,2362,-0.0517864311521477
"7943","7943",2493,2645,2692,0.0798235058162856
"14913","14913",2493,2645,2692,0.0798235058162856
"7944","7944",1783,1785,2448,0.372966909702748
"7945","7945",1455,1469,1988,0.366323024054983
"8453","8453",1455,1469,1988,0.366323024054983
"7946","7946",2663,2741,2692,0.0108899737138566
"7947","7947",2311,2356,2355,0.0190393768931199
"7948","7948",4710,5158,5294,0.123991507430998
"7949","7949",6473,6763,5645,-0.12791595859725
"7950","7950",2160,2160,1753,-0.188425925925926
"7951","7951",2040,2040,1458,-0.285294117647059
"7952","7952",2006,2006,2006,0
"7953","7953",3365,3737,3877,0.152154531946508
"7954","7954",3692,3996,3837,0.0392741061755146
"7955","7955",1288,1545,1372,0.0652173913043478
"7956","7956",2001,1335,1332,-0.334332833583208
"7957","7957",3993,4119,4134,0.0353117956423742
"7958","7958",5320,5319,6434,0.209398496240602
"7959","7959",4973,4966,4726,-0.0496682083249548
"7960","7960",2392,2389,2389,-0.00125418060200669
"7961","7961",3843,3918,4009,0.0431954202446006
"7962","7962",4807,5019,4772,-0.00728104847097982
"7963","7963",1947,1956,1991,0.0225988700564972
"7964","7964",2148,2252,2155,0.00325884543761639
"7965","7965",4530,4690,5053,0.115452538631347
"7967","7967",1975,1975,1859,-0.0587341772151899
"7968","7968",2983,2931,2968,-0.0050284948038887
"7969","7969",3619,3884,4423,0.222160817905499
"7970","7970",3026,3025,2728,-0.0984798413747521
"7971","7971",4885,4933,4678,-0.042374616171955
"7972","7972",6009,5670,5527,-0.0802130138126144
"7973","7973",1820,1603,2411,0.324725274725275
"7974","7974",1307,1307,1192,-0.0879877582249426
"7975","7975",1362,1850,1961,0.439794419970631
"7976","7976",1292,1292,1231,-0.0472136222910217
"7978","7978",2175,2174,2380,0.0942528735632184
"7979","7979",3048,3074,4048,0.328083989501312
"7980","7980",1768,1769,2165,0.224547511312217
"7981","7981",1490,1514,1449,-0.0275167785234899
"7982","7982",3841,4042,3606,-0.0611819838583702
"7983","7983",1904,2042,2026,0.0640756302521008
"7984","7984",2068,2036,1970,-0.0473887814313346
"13241","13241",2068,2036,1970,-0.0473887814313346
"7986","7986",9177,8069,8302,-0.09534706331045
"7987","7987",5143,4930,4635,-0.0987750340268326
"7988","7988",2643,2643,2645,0.000756715853197125
"7989","7989",5898,5789,5786,-0.018989487962021
"7990","7990",3083,2924,3067,-0.00518975024326954
"7991","7991",2384,2383,2388,0.00167785234899329
"9886","9886",2384,2383,2388,0.00167785234899329
"7992","7992",2528,2529,2529,0.000395569620253165
"7993","7993",3628,4003,4051,0.116593164277839
"17705","17705",3628,4003,4051,0.116593164277839
"7995","7995",5591,5591,5507,-0.0150241459488464
"7996","7996",4980,5609,5473,0.098995983935743
"19726","19726",4980,5609,5473,0.098995983935743
"7997","7997",2880,2717,3081,0.0697916666666667
"7998","7998",3792,3792,3651,-0.0371835443037975
"7999","7999",5624,5496,5416,-0.0369843527738265
"8000","8000",2551,2551,2307,-0.0956487651901215
"8001","8001",1692,1692,1692,0
"8002","8002",3595,3404,3309,-0.0795549374130737
"8003","8003",7764,7812,7744,-0.00257599175682638
"8004","8004",2871,2733,2726,-0.0505050505050505
"8005","8005",1681,1590,1645,-0.0214158239143367
"8006","8006",3681,3560,3512,-0.0459114371094811
"8007","8007",3374,3374,3374,0
"8008","8008",3672,3695,3223,-0.122276688453159
"8009","8009",1978,1957,1661,-0.160262891809909
"8010","8010",2056,2038,2038,-0.00875486381322957
"8011","8011",8318,8321,8071,-0.0296946381341669
"8012","8012",3417,3417,3358,-0.0172666081357916
"8013","8013",4316,4712,4000,-0.0732159406858202
"8014","8014",4975,5498,4849,-0.0253266331658291
"8015","8015",2953,2953,2958,0.00169319336268202
"8016","8016",1030,1331,1375,0.33495145631068
"8017","8017",1728,1729,1728,0
"8018","8018",1083,1083,1083,0
"8019","8019",2960,2960,2735,-0.0760135135135135
"8020","8020",5650,6067,4997,-0.115575221238938
"8021","8021",6836,6820,6439,-0.0580748976009362
"8022","8022",1562,1562,1456,-0.0678617157490397
"8023","8023",4341,4472,4324,-0.00391614835291408
"8024","8024",4311,4200,4409,0.0227325446532127
"8025","8025",1894,1894,1894,0
"8026","8026",3312,3315,3385,0.0220410628019324
"8027","8027",4277,5498,4923,0.151040448912789
"8028","8028",2713,2906,2861,0.0545521562845558
"8029","8029",5734,5738,5361,-0.0650505755144751
"8030","8030",1779,1373,2008,0.128724002248454
"17160","17160",1779,1373,2008,0.128724002248454
"8032","8032",5161,4802,4402,-0.147064522379384
"8033","8033",2027,2085,2028,0.000493339911198816
"10991","10991",2027,2085,2028,0.000493339911198816
"8035","8035",1969,2004,2428,0.233113255459624
"8036","8036",6055,5252,6013,-0.0069364161849711
"8037","8037",2723,2672,2364,-0.131839882482556
"16582","16582",2723,2672,2364,-0.131839882482556
"8038","8038",1905,2235,2076,0.0897637795275591
"8039","8039",4325,3662,3655,-0.154913294797688
"8040","8040",2150,2082,2042,-0.0502325581395349
"8041","8041",3863,3850,3891,0.0072482526533782
"8042","8042",4430,4495,4480,0.0112866817155756
"8043","8043",4610,4610,4612,0.000433839479392625
"8044","8044",2391,2295,2295,-0.0401505646173149
"18280","18280",2391,2295,2295,-0.0401505646173149
"8045","8045",968,968,968,0
"11087","11087",968,968,968,0
"8046","8046",4428,4458,4069,-0.0810749774164408
"8047","8047",5771,5764,5664,-0.0185409807658985
"8048","8048",4216,4715,4559,0.0813567362428843
"8049","8049",3975,3970,3751,-0.0563522012578616
"8050","8050",9740,9735,9118,-0.0638603696098563
"8051","8051",5103,5103,4564,-0.10562414266118
"8052","8052",2311,1985,1985,-0.14106447425357
"8053","8053",2022,2022,2022,0
"8054","8054",2844,2292,2275,-0.200070323488045
"17065","17065",2844,2292,2275,-0.200070323488045
"8055","8055",2610,3690,3710,0.421455938697318
"8056","8056",1491,1491,1530,0.0261569416498994
"8057","8057",4409,4601,4982,0.129961442503969
"8058","8058",1369,1356,1169,-0.14609203798393
"8059","8059",4799,4670,4692,-0.0222963117316108
"8060","8060",3668,3371,3096,-0.155943293347873
"8061","8061",3767,3876,3836,0.0183169631006106
"8062","8062",2276,2606,2458,0.0799648506151142
"8064","8064",5381,5553,5753,0.0691321315740569
"14925","14925",5381,5553,5753,0.0691321315740569
"8065","8065",1265,1262,1368,0.0814229249011858
"8067","8067",7910,9001,9304,0.176232616940582
"10631","10631",7910,9001,9304,0.176232616940582
"8069","8069",2463,2460,2222,-0.0978481526593585
"8070","8070",4122,4125,2952,-0.283842794759825
"8071","8071",3751,3698,4027,0.0735803785657158
"8072","8072",8102,8100,7555,-0.0675141940261664
"8073","8073",6745,7160,6599,-0.0216456634544107
"8074","8074",7996,8222,7761,-0.0293896948474237
"8075","8075",2554,2562,2562,0.00313234142521535
"8076","8076",7223,7003,7026,-0.0272739858784439
"8077","8077",3261,3052,3051,-0.0643974241030359
"8078","8078",2500,2500,2449,-0.0204
"8079","8079",1510,1572,1575,0.043046357615894
"10313","10313",1510,1572,1575,0.043046357615894
"17334","17334",1510,1572,1575,0.043046357615894
"8080","8080",4083,4083,4058,-0.00612294881214793
"8081","8081",3487,2097,2103,-0.396902781760826
"8082","8082",1767,1779,1760,-0.00396151669496321
"18767","18767",1767,1779,1760,-0.00396151669496321
"8083","8083",2785,2785,2805,0.00718132854578097
"8084","8084",2457,2714,2695,0.0968660968660969
"17759","17759",2457,2714,2695,0.0968660968660969
"8085","8085",3572,3357,2818,-0.211086226203807
"16890","16890",3572,3357,2818,-0.211086226203807
"8086","8086",7771,7835,7816,0.00579076051988161
"8087","8087",1736,1698,1928,0.110599078341014
"12813","12813",1736,1698,1928,0.110599078341014
"18063","18063",1736,1698,1928,0.110599078341014
"19121","19121",1736,1698,1928,0.110599078341014
"19830","19830",1736,1698,1928,0.110599078341014
"8088","8088",3655,3380,3555,-0.027359781121751
"8089","8089",1337,1333,1270,-0.050112191473448
"8090","8090",1332,1471,1351,0.0142642642642643
"8091","8091",5035,5013,3970,-0.211519364448858
"8092","8092",8906,9006,9211,0.0342465753424658
"8093","8093",1943,1943,1881,-0.0319094184251158
"8095","8095",2354,1759,2421,0.0284621920135939
"8096","8096",3428,3427,3423,-0.0014585764294049
"8097","8097",1575,1540,1858,0.17968253968254
"19985","19985",1575,1540,1858,0.17968253968254
"8099","8099",4124,4228,4272,0.0358874878758487
"8100","8100",5484,5632,4547,-0.170860685630926
"8101","8101",2228,1893,1947,-0.126122082585278
"12230","12230",2228,1893,1947,-0.126122082585278
"8103","8103",3033,2699,2698,-0.11045169798879
"8104","8104",2705,2874,2902,0.0728280961182994
"8105","8105",639,639,639,0
"8107","8107",2239,2265,2263,0.0107190710138455
"8108","8108",3731,4096,3373,-0.0959528276601447
"8109","8109",3909,3909,3008,-0.230493732412382
"8110","8110",2943,2929,2960,0.00577641862045532
"8111","8111",4122,4076,4117,-0.00121300339640951
"8112","8112",2562,2591,2591,0.0113192818110851
"8113","8113",5877,5816,5839,-0.0064658839543985
"8114","8114",2389,2389,2388,-0.000418585182084554
"8116","8116",1916,1916,2115,0.103862212943633
"8117","8117",3776,4005,4248,0.125
"8118","8118",6496,6497,6796,0.0461822660098522
"8119","8119",3319,3317,3889,0.171738475444411
"8120","8120",5110,4623,4427,-0.133659491193738
"8121","8121",1739,1739,1710,-0.0166762507188039
"8122","8122",2957,2781,3039,0.0277308082516064
"8123","8123",4842,4567,4413,-0.0885997521685254
"8124","8124",2976,2976,2976,0
"8125","8125",848,769,768,-0.0943396226415094
"8126","8126",2248,2480,2376,0.0569395017793594
"8127","8127",2715,2715,2712,-0.00110497237569061
"8128","8128",10638,10330,10219,-0.0393871028388795
"8129","8129",1131,1206,1206,0.0663129973474801
"8130","8130",8246,8062,7069,-0.142735871937909
"8131","8131",2185,2177,2177,-0.00366132723112128
"8132","8132",3529,3521,3517,-0.00340039671294984
"8133","8133",3090,2585,2576,-0.166343042071197
"8134","8134",1497,1313,1313,-0.122912491649967
"8135","8135",1118,1210,1353,0.210196779964222
"17244","17244",1118,1210,1353,0.210196779964222
"19596","19596",1118,1210,1353,0.210196779964222
"8136","8136",2261,2209,2250,-0.00486510393631137
"8137","8137",2340,2280,2275,-0.0277777777777778
"8138","8138",4618,4101,4091,-0.114118666089216
"8139","8139",3634,3609,3055,-0.159328563566318
"8140","8140",1531,1568,1895,0.237753102547355
"17509","17509",1531,1568,1895,0.237753102547355
"8142","8142",6669,5842,5386,-0.192382666066877
"8144","8144",3021,2442,2261,-0.251572327044025
"12209","12209",3021,2442,2261,-0.251572327044025
"8146","8146",4214,4488,3879,-0.0794969150450878
"10685","10685",4214,4488,3879,-0.0794969150450878
"8147","8147",6884,6883,6623,-0.0379140034863451
"8148","8148",4673,4672,4659,-0.00299593408945003
"8149","8149",3658,3658,3658,0
"8150","8150",2898,2882,2838,-0.020703933747412
"8151","8151",5022,5018,5198,0.0350457984866587
"8152","8152",5086,5107,4058,-0.202123476209202
"8153","8153",7358,6871,6721,-0.0865724381625442
"8154","8154",1721,1757,1671,-0.0290528762347472
"17936","17936",1721,1757,1671,-0.0290528762347472
"8155","8155",5258,5258,5258,0
"8156","8156",2619,2602,2569,-0.0190912562046583
"8157","8157",9596,9594,9756,0.0166736140058358
"8158","8158",3721,4569,4580,0.230851921526471
"8159","8159",3411,3571,3732,0.0941072999120492
"8161","8161",4123,4156,4001,-0.0295901042929905
"8162","8162",3528,3523,3321,-0.0586734693877551
"8163","8163",4767,4732,4755,-0.00251730648206419
"8164","8164",5972,5974,6118,0.0244474212993972
"8165","8165",6110,6042,6043,-0.0109656301145663
"8167","8167",5756,5878,5892,0.0236275191104934
"8168","8168",1813,1812,1920,0.0590182018753447
"8169","8169",2358,2262,2460,0.0432569974554707
"8170","8170",2509,2491,2491,-0.00717417297728179
"8171","8171",3346,3346,3576,0.068738792588165
"8172","8172",1507,1694,1642,0.0895819508958195
"8173","8173",3657,3589,2874,-0.214109926168991
"8174","8174",2520,2520,2204,-0.125396825396825
"8175","8175",2249,2116,2116,-0.05913739439751
"8176","8176",3568,3568,3506,-0.0173766816143498
"8177","8177",2821,2739,2745,-0.0269408011343495
"19673","19673",2821,2739,2745,-0.0269408011343495
"8178","8178",1779,1778,1778,-0.000562113546936481
"8179","8179",1621,1573,1603,-0.0111042566317088
"8180","8180",2453,2273,2272,-0.0737871993477375
"8181","8181",1468,1761,1761,0.199591280653951
"8182","8182",6624,6420,5043,-0.238677536231884
"8183","8183",3286,3414,3334,0.014607425441266
"8184","8184",3142,2102,2632,-0.162316995544239
"8185","8185",3637,3849,3998,0.0992576299147649
"8186","8186",1184,1261,1260,0.0641891891891892
"8187","8187",2137,2461,2161,0.0112306972391203
"8188","8188",2401,2400,2378,-0.00957934194085798
"8189","8189",2358,1136,2180,-0.0754877014418999
"14596","14596",2358,1136,2180,-0.0754877014418999
"8190","8190",5643,5219,5518,-0.0221513379408116
"8191","8191",4115,4115,5196,0.26269744835966
"8192","8192",5126,5265,4449,-0.132071790870074
"18979","18979",5126,5265,4449,-0.132071790870074
"8193","8193",7508,7441,7333,-0.0233084709643047
"8194","8194",895,895,895,0
"8195","8195",5431,5917,4885,-0.100533971644264
"8196","8196",2887,2860,2856,-0.0107377900935227
"8197","8197",3062,3155,2987,-0.0244937949052907
"8198","8198",1589,1623,1632,0.0270610446821901
"8199","8199",2684,2685,2460,-0.0834575260804769
"8200","8200",5119,4468,4558,-0.109591717132252
"8201","8201",3290,3264,2959,-0.100607902735562
"8202","8202",930,929,978,0.0516129032258065
"8203","8203",3713,2658,2715,-0.268785348774576
"8204","8204",1980,1979,1926,-0.0272727272727273
"8205","8205",2787,2787,2650,-0.049156799425906
"8206","8206",2006,2033,2279,0.136091724825523
"8207","8207",1152,1516,1551,0.346354166666667
"8208","8208",2127,2154,3608,0.69628584861307
"8209","8209",1665,1575,1574,-0.0546546546546547
"8210","8210",4620,4613,4410,-0.0454545454545455
"8414","8414",4620,4613,4410,-0.0454545454545455
"8211","8211",2927,2927,2925,-0.000683293474547318
"8212","8212",4791,4742,4629,-0.0338134001252348
"8213","8213",3518,3518,3303,-0.0611142694712905
"8214","8214",3280,3637,3659,0.115548780487805
"8215","8215",3815,3807,3744,-0.018610747051114
"8216","8216",8180,8184,8101,-0.00965770171149144
"8217","8217",1331,1331,1331,0
"8218","8218",3388,2850,2888,-0.147579693034238
"8219","8219",4651,4832,4804,0.0328961513652978
"8220","8220",2838,2940,2940,0.0359408033826638
"8221","8221",9412,9333,9522,0.0116872078198045
"8222","8222",3839,3839,4342,0.131023704089607
"8224","8224",3629,3751,3768,0.0383025626894461
"8225","8225",1798,1799,1770,-0.0155728587319244
"8226","8226",3603,3832,3832,0.0635581459894532
"8227","8227",4823,4844,5746,0.191374663072776
"8228","8228",3432,3543,3505,0.0212703962703963
"8229","8229",6900,6880,7019,0.0172463768115942
"8231","8231",4139,4136,4138,-0.000241604252234839
"8232","8232",4208,4599,4641,0.102899239543726
"8233","8233",1815,1975,2004,0.104132231404959
"8235","8235",1163,1278,1210,0.0404127257093723
"8236","8236",1654,1654,1654,0
"8237","8237",2288,2236,2206,-0.0358391608391608
"8238","8238",5143,5450,4659,-0.0941084969861948
"8239","8239",2215,2173,2060,-0.0699774266365688
"8240","8240",1998,2748,2806,0.404404404404404
"8241","8241",7956,8279,8186,0.0289089994972348
"8242","8242",1103,1062,1028,-0.0679963735267452
"8243","8243",2169,2132,2322,0.0705394190871369
"18892","18892",2169,2132,2322,0.0705394190871369
"8244","8244",968,968,968,0
"8245","8245",5283,5571,5623,0.0643573727049025
"8246","8246",3258,3251,2264,-0.305095150399018
"10691","10691",3258,3251,2264,-0.305095150399018
"8248","8248",3896,3890,3886,-0.00256673511293634
"8249","8249",2065,2304,2431,0.177239709443099
"11246","11246",2065,2304,2431,0.177239709443099
"14797","14797",2065,2304,2431,0.177239709443099
"8250","8250",4709,4709,4621,-0.018687619452113
"8251","8251",2814,2815,2884,0.0248756218905473
"8252","8252",5267,5120,5376,0.0206948927283083
"8253","8253",3009,3493,3252,0.0807577268195414
"8254","8254",2839,3005,3010,0.0602324762240225
"8255","8255",7453,7458,7453,0
"8256","8256",4226,3253,3260,-0.228584950307619
"8257","8257",3113,3041,2987,-0.0404754256344362
"8259","8259",8394,6419,6103,-0.27293304741482
"8260","8260",2540,2539,2608,0.0267716535433071
"8261","8261",10311,10292,10282,-0.00281253030743866
"8262","8262",1456,1455,1455,-0.000686813186813187
"8263","8263",2288,2288,1946,-0.149475524475524
"8265","8265",3676,3724,3721,0.0122415669205658
"8266","8266",1692,1634,1957,0.15661938534279
"8267","8267",2349,2349,2360,0.00468284376330353
"8268","8268",1873,1871,1872,-0.000533902829684997
"8269","8269",2918,2927,2807,-0.0380397532556546
"8270","8270",2107,2106,1825,-0.133839582344566
"8271","8271",3437,3194,3722,0.082921152167588
"8272","8272",7310,7214,7207,-0.0140902872777018
"8273","8273",4047,3141,3452,-0.147022485791945
"8274","8274",2924,3122,2940,0.00547195622435021
"8275","8275",1526,1527,1447,-0.0517693315858453
"8276","8276",3411,3411,3200,-0.0618586924655526
"8277","8277",9771,10161,9496,-0.0281445092621021
"8278","8278",2007,1936,2077,0.0348779272546089
"13275","13275",2007,1936,2077,0.0348779272546089
"8279","8279",704,704,704,0
"8280","8280",2783,2666,2708,-0.0269493352497305
"8281","8281",2974,2972,2972,-0.000672494956287828
"8282","8282",1794,1794,1788,-0.00334448160535117
"8283","8283",7371,8434,7804,0.0587437254103921
"8284","8284",2534,2953,2711,0.0698500394632991
"8285","8285",5705,5670,5284,-0.073794916739702
"8286","8286",7667,7661,7599,-0.00886917960088692
"8287","8287",6364,5554,5137,-0.192803268384664
"19137","19137",6364,5554,5137,-0.192803268384664
"8288","8288",1493,1495,1495,0.00133958472873409
"8289","8289",10585,10156,9180,-0.132735002361833
"8290","8290",801,688,678,-0.153558052434457
"8291","8291",1936,1614,1617,-0.164772727272727
"19811","19811",1936,1614,1617,-0.164772727272727
"8292","8292",3512,3181,3138,-0.106492027334852
"8293","8293",3539,3351,3427,-0.0316473580107375
"8294","8294",2108,2242,2345,0.112428842504744
"8295","8295",1871,2265,2265,0.21058257616248
"8296","8296",3225,3265,3297,0.0223255813953488
"8297","8297",2943,2075,2118,-0.28032619775739
"8298","8298",3959,3945,3331,-0.158625915635261
"8299","8299",3123,3037,3037,-0.0275376240794108
"8300","8300",1778,1898,1852,0.0416197975253093
"10690","10690",1778,1898,1852,0.0416197975253093
"13833","13833",1778,1898,1852,0.0416197975253093
"8301","8301",1818,2131,2142,0.178217821782178
"8302","8302",7475,7041,6606,-0.116254180602007
"8303","8303",2821,3230,3188,0.130095710740872
"8304","8304",1763,1761,1761,-0.00113442994895065
"8305","8305",4135,3836,3758,-0.0911729141475212
"8306","8306",2733,2743,2604,-0.0472008781558727
"8307","8307",5646,5774,5608,-0.0067304286220333
"8308","8308",4255,4690,4683,0.100587544065805
"8309","8309",2282,2204,2204,-0.0341805433829974
"8310","8310",5420,5424,4958,-0.085239852398524
"8311","8311",1904,2361,2510,0.31827731092437
"8312","8312",4799,4589,5111,0.0650135444884351
"8313","8313",13214,11735,11131,-0.157635840774936
"8314","8314",2459,2460,2372,-0.0353802358682391
"8315","8315",4585,4685,4512,-0.0159214830970556
"8316","8316",4078,4078,4076,-0.000490436488474743
"8317","8317",1821,1904,1776,-0.0247116968698517
"8318","8318",2010,1986,1986,-0.0119402985074627
"8319","8319",4441,4305,4348,-0.0209412294528259
"8320","8320",3167,2742,2767,-0.126302494474266
"8321","8321",3669,4271,4106,0.119106023439629
"8322","8322",1366,1509,1558,0.140556368960469
"8323","8323",3274,3312,3319,0.0137446548564447
"8324","8324",5190,5126,5655,0.0895953757225433
"8325","8325",4089,4089,4312,0.0545365615064808
"8327","8327",1998,2007,2006,0.004004004004004
"8328","8328",741,741,537,-0.275303643724696
"8329","8329",1939,1660,1660,-0.143888602372357
"14572","14572",1939,1660,1660,-0.143888602372357
"8330","8330",1870,1897,1879,0.00481283422459893
"8331","8331",3322,3487,3560,0.0716435881998796
"8332","8332",3566,3040,3108,-0.128435221536736
"17460","17460",3566,3040,3108,-0.128435221536736
"8333","8333",6696,6711,6886,0.0283751493428913
"8334","8334",2647,2607,2913,0.100491122024934
"8335","8335",2549,2549,2554,0.00196155355041193
"8336","8336",2613,2777,2415,-0.0757749712973594
"8337","8337",4664,4700,4842,0.0381646655231561
"10856","10856",4664,4700,4842,0.0381646655231561
"8338","8338",5387,6026,6084,0.129385557824392
"8339","8339",3774,3934,3878,0.0275569687334393
"8340","8340",3944,4869,4803,0.217799188640974
"8341","8341",2899,2899,2894,-0.0017247326664367
"8342","8342",3181,2785,2824,-0.112228858849418
"8343","8343",2696,2570,2662,-0.0126112759643917
"8345","8345",1571,1546,1546,-0.0159134309357097
"8346","8346",4101,3582,3582,-0.126554498902707
"8347","8347",2049,2141,2109,0.0292825768667643
"8348","8348",5891,5968,5956,0.0110337803428959
"8349","8349",2649,2669,2464,-0.0698376745941865
"8350","8350",1966,2085,1998,0.0162767039674466
"8351","8351",2826,2842,2776,-0.0176928520877565
"8352","8352",1006,1006,1324,0.31610337972167
"8354","8354",2808,2808,2913,0.0373931623931624
"8356","8356",2857,2857,2871,0.00490024501225061
"9222","9222",2857,2857,2871,0.00490024501225061
"8357","8357",2283,2301,2163,-0.0525624178712221
"8358","8358",4688,4689,4757,0.0147184300341297
"8359","8359",8464,9161,9128,0.0784499054820416
"8360","8360",1952,1952,1945,-0.00358606557377049
"8361","8361",970,1036,940,-0.0309278350515464
"18548","18548",970,1036,940,-0.0309278350515464
"8362","8362",790,788,787,-0.00379746835443038
"8364","8364",5635,4494,4114,-0.269920141969831
"8365","8365",1746,1802,1826,0.0458190148911798
"8366","8366",2724,2721,2695,-0.0106461086637298
"8368","8368",3496,2966,3292,-0.0583524027459954
"11457","11457",3496,2966,3292,-0.0583524027459954
"8369","8369",2814,2803,2801,-0.00461975835110163
"8370","8370",4598,4594,4570,-0.00608960417572858
"8372","8372",1443,1490,1459,0.0110880110880111
"8373","8373",4961,4967,5046,0.0171336424108043
"8374","8374",5488,5782,5430,-0.0105685131195335
"8375","8375",2633,2634,2656,0.00873528294720851
"8376","8376",2590,2594,2275,-0.121621621621622
"8377","8377",5240,5224,4952,-0.0549618320610687
"8378","8378",2210,2202,2340,0.0588235294117647
"8379","8379",2426,1496,2294,-0.0544105523495466
"8380","8380",5927,5927,5966,0.00658005736460267
"8381","8381",1409,1409,1278,-0.0929737402413059
"8382","8382",2588,2957,2642,0.0208655332302937
"8383","8383",2960,2939,3141,0.0611486486486486
"8384","8384",1106,1451,1694,0.531645569620253
"8508","8508",1106,1451,1694,0.531645569620253
"8531","8531",1106,1451,1694,0.531645569620253
"9633","9633",1106,1451,1694,0.531645569620253
"17010","17010",1106,1451,1694,0.531645569620253
"8385","8385",6527,6460,6583,0.00857974567182473
"8386","8386",4188,4414,4414,0.05396370582617
"8387","8387",2968,2940,5640,0.900269541778976
"8388","8388",4082,3502,3551,-0.130083292503675
"8389","8389",2437,2437,2436,-0.000410340582683627
"8390","8390",3260,3400,2856,-0.123926380368098
"8391","8391",5842,6643,6056,0.0366312906538857
"8392","8392",3058,2551,2551,-0.165794637017659
"8393","8393",5672,5671,5429,-0.0428420310296192
"8394","8394",3282,3610,3455,0.0527117611212675
"8395","8395",2083,1422,1325,-0.363898223715794
"14964","14964",2083,1422,1325,-0.363898223715794
"8396","8396",1594,1594,1598,0.00250941028858218
"8397","8397",6178,6381,6385,0.0335059889932017
"8398","8398",4586,4689,4264,-0.0702136938508504
"8400","8400",2882,2577,2798,-0.029146426092991
"8402","8402",3020,3116,3114,0.0311258278145695
"8403","8403",2697,2698,2698,0.000370782350760104
"8404","8404",1823,1457,1457,-0.200767964893033
"8405","8405",2557,2557,2599,0.0164254986312084
"8406","8406",782,897,897,0.147058823529412
"8407","8407",5699,5699,5563,-0.0238638357606598
"8408","8408",1666,1738,1709,0.0258103241296519
"8410","8410",9470,8495,9292,-0.0187961985216473
"8411","8411",1709,1699,1745,0.0210649502633119
"9711","9711",1709,1699,1745,0.0210649502633119
"8412","8412",4713,4603,4471,-0.0513473371525568
"8413","8413",2164,2166,2427,0.121534195933457
"8415","8415",797,801,885,0.110414052697616
"8416","8416",3359,2761,2732,-0.186662697231319
"8417","8417",3343,3003,3230,-0.0338019742746037
"8418","8418",3446,3436,3435,-0.00319210679048172
"8419","8419",6042,6124,6081,0.00645481628599801
"8420","8420",9866,10826,10686,0.0831137239002635
"8421","8421",3301,3362,3190,-0.033626173886701
"8422","8422",12334,12187,12203,-0.0106210475109454
"8423","8423",4005,4019,4013,0.00199750312109863
"8424","8424",4540,4507,4305,-0.0517621145374449
"8425","8425",4884,4871,4868,-0.00327600327600328
"8426","8426",1720,1720,1746,0.0151162790697674
"8427","8427",3085,3050,3207,0.0395461912479741
"8428","8428",1005,1044,1120,0.114427860696517
"8429","8429",1374,1750,1750,0.273653566229985
"8430","8430",1459,1334,1334,-0.0856751199451679
"8431","8431",1826,1814,1704,-0.0668127053669222
"8432","8432",3112,3189,3163,0.0163881748071979
"8433","8433",1976,1975,1720,-0.129554655870445
"8435","8435",2795,2242,2241,-0.198211091234347
"8436","8436",3454,3735,3784,0.0955414012738854
"8437","8437",7084,7088,6947,-0.019339356295878
"8438","8438",2030,2118,2118,0.0433497536945813
"8439","8439",2539,2539,2420,-0.0468688460023631
"8440","8440",1419,1422,1422,0.00211416490486258
"8441","8441",3093,3070,2922,-0.055286129970902
"8442","8442",3700,3704,3973,0.0737837837837838
"8443","8443",737,737,962,0.305291723202171
"8444","8444",1016,1016,1016,0
"8445","8445",3395,3900,4056,0.194698085419735
"8446","8446",2012,2005,2037,0.0124254473161034
"8447","8447",2750,3126,2807,0.0207272727272727
"8448","8448",10436,10257,12027,0.1524530471445
"8449","8449",1120,1065,1067,-0.0473214285714286
"8450","8450",2305,2265,1827,-0.207375271149675
"8451","8451",1544,1514,1532,-0.0077720207253886
"8452","8452",861,861,861,0
"8454","8454",3365,3352,3539,0.0517087667161961
"8455","8455",6287,6663,6695,0.0648958167647527
"8456","8456",3379,3311,3273,-0.0313702278780704
"8457","8457",3282,3494,3086,-0.0597196831200488
"8458","8458",3577,3577,3574,-0.000838691641039978
"8459","8459",4132,4082,4150,0.00435624394966118
"8460","8460",4145,4135,3828,-0.0764776839565742
"8461","8461",3609,3646,3674,0.0180105292324744
"8462","8462",2801,2658,2392,-0.14601927882899
"8463","8463",5796,5754,5871,0.0129399585921325
"8464","8464",2798,2672,3172,0.133666904932094
"8465","8465",2735,2871,2470,-0.0968921389396709
"8466","8466",1655,1667,1670,0.00906344410876133
"8467","8467",3468,3507,3315,-0.0441176470588235
"8468","8468",4873,5024,4543,-0.0677200902934537
"8469","8469",3168,3160,2852,-0.0997474747474748
"13055","13055",3168,3160,2852,-0.0997474747474748
"8470","8470",1662,1710,2214,0.332129963898917
"8471","8471",3759,4211,3958,0.0529396115988295
"8473","8473",4791,4850,4787,-0.000834898768524316
"8474","8474",5423,5560,5605,0.0335607597270883
"8476","8476",3025,3026,3029,0.00132231404958678
"8477","8477",1445,1445,1396,-0.0339100346020761
"8478","8478",1344,1389,1366,0.0163690476190476
"8480","8480",3046,3352,3873,0.2715036112935
"8481","8481",3184,3153,3007,-0.0555904522613065
"8482","8482",2964,2972,2972,0.00269905533063428
"8483","8483",1823,1822,1822,-0.000548546352166758
"8484","8484",7007,7065,7071,0.0091337234194377
"8486","8486",5573,5792,4432,-0.204737125426162
"8487","8487",5295,5236,5061,-0.0441926345609065
"8488","8488",6774,6587,5773,-0.147770888692058
"8489","8489",1826,1854,1932,0.0580503833515882
"8490","8490",1211,1211,1211,0
"8491","8491",2631,2494,2550,-0.0307867730900798
"8492","8492",4493,4651,4382,-0.0247050968172713
"8493","8493",2477,2477,2518,0.0165522809850626
"8494","8494",3110,3110,4057,0.304501607717042
"8495","8495",8173,7009,6958,-0.148660222684449
"8496","8496",3578,3726,3302,-0.0771380659586361
"8497","8497",1644,1645,2720,0.654501216545012
"8498","8498",4435,4431,4473,0.00856820744081173
"8499","8499",2494,3491,3491,0.399759422614274
"8500","8500",4629,4631,4626,-0.000648088139987038
"8501","8501",1290,1290,1390,0.0775193798449612
"8502","8502",2481,2481,2482,0.000403063280935107
"8503","8503",3768,3128,3148,-0.164543524416136
"8504","8504",5699,5991,5822,0.0215827338129496
"8505","8505",4245,4756,4331,0.0202591283863369
"8506","8506",1106,1108,1108,0.00180831826401447
"8507","8507",4848,5034,5034,0.0383663366336634
"8509","8509",3011,3011,3039,0.00929923613417469
"8510","8510",2592,2068,2176,-0.160493827160494
"8511","8511",2069,2350,1751,-0.153697438376027
"16797","16797",2069,2350,1751,-0.153697438376027
"8512","8512",2210,2560,3214,0.454298642533937
"8513","8513",1776,1776,1912,0.0765765765765766
"12926","12926",1776,1776,1912,0.0765765765765766
"8514","8514",3446,3485,2873,-0.166279744631457
"8515","8515",2528,2864,2737,0.0826740506329114
"18474","18474",2528,2864,2737,0.0826740506329114
"8516","8516",2580,2537,1582,-0.386821705426357
"8517","8517",2363,2779,2763,0.169276343630978
"8518","8518",3660,3659,3648,-0.00327868852459016
"8519","8519",4141,4078,4005,-0.032842308621106
"8520","8520",5031,5569,5652,0.123434704830054
"8521","8521",1882,1451,1415,-0.248140276301807
"11111","11111",1882,1451,1415,-0.248140276301807
"8522","8522",7523,7900,7555,0.00425362222517613
"8523","8523",2823,2826,3862,0.36804817569961
"8524","8524",1861,1861,1806,-0.0295540032240731
"8525","8525",2162,2162,1550,-0.283071230342276
"8526","8526",2339,1987,1987,-0.150491663103891
"8527","8527",4569,4359,3877,-0.151455460713504
"8528","8528",2355,2354,2256,-0.0420382165605096
"8529","8529",3481,3480,3497,0.004596380350474
"8530","8530",4275,3715,3622,-0.152748538011696
"8532","8532",2410,1917,2121,-0.119917012448133
"8533","8533",1671,1506,1507,-0.0981448234590066
"8534","8534",3652,3614,3904,0.0690032858707558
"8535","8535",2244,2242,2005,-0.10650623885918
"8537","8537",10339,10320,10353,0.001354096140826
"8539","8539",3172,3172,3174,0.000630517023959647
"8540","8540",2218,2898,2865,0.291704238052299
"8541","8541",1950,2241,2131,0.0928205128205128
"13445","13445",1950,2241,2131,0.0928205128205128
"15767","15767",1950,2241,2131,0.0928205128205128
"8542","8542",3967,3930,3953,-0.00352911520040333
"8543","8543",1529,1808,1698,0.110529758011772
"12966","12966",1529,1808,1698,0.110529758011772
"8544","8544",885,885,863,-0.0248587570621469
"8545","8545",2421,2494,2010,-0.169764560099133
"8546","8546",2677,2674,2671,-0.00224131490474412
"8547","8547",2741,2060,3081,0.124042320321051
"8548","8548",3807,3807,3807,0
"8549","8549",4697,4716,4848,0.0321481796891633
"8551","8551",1481,1255,1509,0.0189061444969615
"10829","10829",1481,1255,1509,0.0189061444969615
"8552","8552",1588,1560,1567,-0.0132241813602015
"8553","8553",1772,1777,1756,-0.0090293453724605
"8554","8554",3261,3260,3450,0.0579576816927323
"8555","8555",4585,4224,4187,-0.0868047982551799
"8556","8556",2492,3434,2958,0.186998394863563
"8557","8557",3709,3713,3369,-0.0916689134537611
"8558","8558",2352,2896,2098,-0.107993197278912
"8559","8559",1274,1334,1363,0.0698587127158556
"8560","8560",2677,2835,3348,0.250653716847217
"12077","12077",2677,2835,3348,0.250653716847217
"8561","8561",2591,2593,2593,0.000771902740254728
"8562","8562",1968,1968,1966,-0.00101626016260163
"8563","8563",3479,3592,3562,0.0238574302960621
"8564","8564",1668,1668,1746,0.0467625899280576
"8565","8565",2852,2847,2843,-0.00315568022440393
"8566","8566",1972,1925,1925,-0.0238336713995943
"8567","8567",2065,2065,2052,-0.0062953995157385
"8568","8568",5165,5164,5075,-0.0174249757986447
"8569","8569",4536,4536,4115,-0.0928130511463845
"8570","8570",6220,6326,6067,-0.0245980707395498
"8571","8571",967,967,933,-0.0351602895553257
"8572","8572",1930,1975,1834,-0.049740932642487
"8573","8573",1867,2056,2063,0.104981253347617
"8574","8574",3220,3221,3168,-0.0161490683229814
"8575","8575",3127,3010,3286,0.0508474576271186
"8576","8576",6316,6288,6286,-0.00474984167194427
"8577","8577",4822,4823,4823,0.000207382828701783
"8578","8578",3469,3471,3452,-0.00490054770827328
"8579","8579",3772,3790,3854,0.0217391304347826
"8580","8580",2963,3329,2905,-0.0195747553155586
"18009","18009",2963,3329,2905,-0.0195747553155586
"8581","8581",3261,3262,3205,-0.0171726464274762
"8582","8582",2503,2377,2306,-0.0787055533359968
"8583","8583",2417,2188,2514,0.0401323955316508
"8584","8584",2867,2867,2751,-0.0404604115800488
"8585","8585",3773,4019,4425,0.172806785051683
"8586","8586",7177,6367,6957,-0.0306534763828898
"8587","8587",3619,3966,2910,-0.195910472506217
"8588","8588",5975,4933,4907,-0.178744769874477
"8589","8589",5161,5567,5517,0.0689788800620035
"8590","8590",2549,2692,2688,0.0545311887014516
"9918","9918",2549,2692,2688,0.0545311887014516
"8591","8591",5736,5484,4827,-0.15847280334728
"11181","11181",5736,5484,4827,-0.15847280334728
"8592","8592",3051,3122,2093,-0.313995411340544
"8593","8593",1506,1384,1337,-0.112217795484728
"8594","8594",2178,2141,2025,-0.0702479338842975
"8595","8595",1717,1880,1717,0
"8596","8596",2790,3197,3245,0.163082437275986
"9003","9003",2790,3197,3245,0.163082437275986
"18541","18541",2790,3197,3245,0.163082437275986
"8597","8597",3929,4094,4419,0.124713667599898
"8598","8598",3773,3773,3325,-0.11873840445269
"8599","8599",3256,3256,2644,-0.187960687960688
"8600","8600",3523,4013,3900,0.107011070110701
"8601","8601",1723,1568,1568,-0.089959373186303
"8602","8602",7501,6584,6582,-0.122516997733636
"8603","8603",4946,4945,5007,0.0123331985442782
"8604","8604",1918,1918,1918,0
"8605","8605",2900,2888,2971,0.0244827586206897
"8606","8606",5458,5030,5032,-0.0780505679736167
"8607","8607",1019,1036,1029,0.0098135426889107
"15847","15847",1019,1036,1029,0.0098135426889107
"8608","8608",1593,1642,1642,0.0307595731324545
"8609","8609",3984,3966,4093,0.027359437751004
"8610","8610",2765,2862,2744,-0.00759493670886076
"8611","8611",1367,1363,1254,-0.0826627651792246
"8612","8612",3983,3836,3327,-0.164699974893297
"8613","8613",2663,2982,2769,0.0398047315058205
"8614","8614",5401,5904,5454,0.00981299759303833
"8615","8615",3113,3235,3236,0.0395117250240925
"8616","8616",3825,4130,4281,0.11921568627451
"8617","8617",2341,1941,1986,-0.151644596326356
"8618","8618",3717,3627,3576,-0.0379338175948345
"8619","8619",3755,3756,3747,-0.00213049267643142
"8620","8620",1364,1364,1360,-0.00293255131964809
"8621","8621",2899,2853,2973,0.0255260434632632
"8622","8622",2159,2178,2178,0.00880037054191755
"8623","8623",868,856,856,-0.0138248847926267
"8624","8624",1789,1789,1791,0.00111794298490777
"8625","8625",2426,2426,2523,0.0399835119538335
"17319","17319",2426,2426,2523,0.0399835119538335
"8626","8626",2875,2526,2463,-0.143304347826087
"8627","8627",2200,2408,2366,0.0754545454545455
"8628","8628",2826,4606,3885,0.374734607218684
"8629","8629",6847,6848,6568,-0.0407477727471885
"8630","8630",3152,3140,2916,-0.0748730964467005
"8631","8631",2235,2235,2235,0
"8632","8632",5175,5102,5090,-0.0164251207729469
"8633","8633",3823,3863,3867,0.0115092859011248
"8634","8634",5631,5631,5626,-0.000887941751021133
"8635","8635",3308,3312,3096,-0.064087061668682
"8636","8636",7719,7721,7736,0.00220235781837026
"8637","8637",5350,5362,5032,-0.0594392523364486
"8638","8638",1593,1593,1593,0
"8639","8639",3106,2517,2599,-0.163232453316162
"8640","8640",2741,2905,2863,0.0445093031740241
"8641","8641",4081,4081,4080,-0.000245037980887037
"8642","8642",5225,5060,5028,-0.0377033492822966
"8643","8643",1952,1755,1792,-0.0819672131147541
"8644","8644",1681,1775,2223,0.322427126710292
"15960","15960",1681,1775,2223,0.322427126710292
"8645","8645",4044,3942,3942,-0.0252225519287834
"8646","8646",2440,2498,2432,-0.00327868852459016
"8647","8647",5752,5816,5881,0.0224269819193324
"8648","8648",5082,5083,5148,0.012987012987013
"8649","8649",3758,3741,3741,-0.00452368281000532
"8650","8650",2705,2730,2915,0.077634011090573
"10040","10040",2705,2730,2915,0.077634011090573
"8651","8651",3104,3104,3186,0.0264175257731959
"8652","8652",4820,5012,5137,0.0657676348547718
"8653","8653",986,986,986,0
"8654","8654",2712,2826,2796,0.0309734513274336
"8655","8655",4146,4147,4146,0
"8656","8656",3569,3385,3380,-0.0529560100868591
"8657","8657",2875,3219,3687,0.282434782608696
"8658","8658",1537,1538,1538,0.000650618087182824
"8659","8659",2338,1992,2176,-0.0692899914456801
"17237","17237",2338,1992,2176,-0.0692899914456801
"8660","8660",4746,5065,5155,0.0861778339654446
"8661","8661",6450,6588,6431,-0.00294573643410853
"8662","8662",1907,1907,1647,-0.136339800734137
"8663","8663",1065,1056,1194,0.12112676056338
"8664","8664",1643,1992,2328,0.4169202678028
"8665","8665",11353,11357,10666,-0.0605126398308817
"8666","8666",4603,4263,4521,-0.0178144688246796
"8667","8667",4012,3976,3976,-0.00897308075772682
"8668","8668",5676,5707,4728,-0.167019027484144
"16300","16300",5676,5707,4728,-0.167019027484144
"8669","8669",1274,2302,1729,0.357142857142857
"8670","8670",3771,3738,2886,-0.234685759745426
"8671","8671",2432,2330,2283,-0.0612664473684211
"19304","19304",2432,2330,2283,-0.0612664473684211
"8672","8672",3962,3964,3966,0.00100959111559818
"8673","8673",2757,2453,2500,-0.0932172651432717
"8674","8674",3295,3236,3680,0.116843702579666
"8675","8675",2634,2755,2788,0.0584662110858011
"17596","17596",2634,2755,2788,0.0584662110858011
"8676","8676",5310,5218,5218,-0.0173258003766478
"8677","8677",1997,1743,1628,-0.184777165748623
"8678","8678",4409,3376,2956,-0.329553186663643
"8679","8679",3628,4053,3729,0.0278390297684675
"8680","8680",4778,4933,4353,-0.0889493511929678
"8681","8681",2197,2197,2197,0
"8682","8682",3545,3988,4017,0.133145275035261
"8683","8683",3208,3208,3198,-0.00311720698254364
"8684","8684",5742,4078,3063,-0.466562173458725
"8685","8685",4288,3952,3933,-0.0827891791044776
"8686","8686",1642,1654,1577,-0.0395858708891596
"8687","8687",782,769,801,0.0242966751918159
"8688","8688",3236,2813,2859,-0.116501854140915
"8689","8689",6301,6301,5838,-0.073480399936518
"8690","8690",3349,3428,3537,0.0561361600477755
"8691","8691",4310,3970,4221,-0.0206496519721578
"8692","8692",2770,2769,2591,-0.0646209386281588
"8694","8694",9266,9112,10318,0.113533347722858
"8695","8695",2462,2646,1677,-0.318846466287571
"10740","10740",2462,2646,1677,-0.318846466287571
"8696","8696",4305,3670,3548,-0.175842044134727
"8697","8697",2853,2768,2940,0.0304942166140904
"8698","8698",2946,2946,2907,-0.0132382892057026
"8699","8699",2516,2516,2614,0.0389507154213037
"8700","8700",4697,4884,5497,0.170321481796892
"8701","8701",4066,3944,3972,-0.0231185440236104
"14802","14802",4066,3944,3972,-0.0231185440236104
"8702","8702",8346,8326,7781,-0.0676971004073808
"8703","8703",4293,4489,4320,0.00628930817610063
"8704","8704",1223,1222,1215,-0.00654129190515127
"8705","8705",2030,1959,1794,-0.116256157635468
"8706","8706",6171,6677,5877,-0.0476421973748177
"8707","8707",4478,5156,4557,0.017641804376954
"8708","8708",5461,5502,5534,0.0133675151071232
"8709","8709",7087,7031,7186,0.0139692394525187
"8710","8710",2959,2556,2518,-0.149036836769179
"8711","8711",2209,1840,1840,-0.167043911272069
"8712","8712",2512,2743,2743,0.0919585987261146
"8713","8713",2018,1991,2089,0.035183349851338
"14085","14085",2018,1991,2089,0.035183349851338
"8714","8714",4050,4047,3911,-0.034320987654321
"8715","8715",450,450,465,0.0333333333333333
"8716","8716",5206,5209,5460,0.0487898578563196
"8717","8717",3074,3158,3032,-0.0136629798308393
"8718","8718",7253,6938,6894,-0.0494967599613953
"8719","8719",4823,4809,4855,0.00663487455940286
"8720","8720",1347,1345,1287,-0.044543429844098
"8721","8721",8517,8640,8544,0.00317013032758013
"8722","8722",3845,3646,3022,-0.214044213263979
"8723","8723",4454,4452,4252,-0.0453524921418949
"8724","8724",2569,2568,2635,0.0256909303230829
"8725","8725",3166,3166,3447,0.0887555274794694
"8726","8726",2946,3184,3053,0.0363204344874406
"12853","12853",2946,3184,3053,0.0363204344874406
"8727","8727",2576,2598,2598,0.00854037267080745
"8728","8728",1897,1808,1808,-0.0469161834475488
"8729","8729",9117,8923,8529,-0.0644948996380388
"8730","8730",2382,2349,2434,0.0218303946263644
"8731","8731",7732,7907,7692,-0.00517330574236937
"8732","8732",1110,1359,1282,0.154954954954955
"8733","8733",2603,2585,2298,-0.117172493276988
"8734","8734",1157,1157,1157,0
"8735","8735",3143,3092,3121,-0.00699968183264397
"8736","8736",2119,1848,1848,-0.127890514393582
"8737","8737",1904,1659,1659,-0.128676470588235
"8738","8738",2180,2180,2180,0
"8739","8739",966,1001,1137,0.177018633540373
"8740","8740",5968,5952,5689,-0.0467493297587131
"8741","8741",3554,3384,3564,0.0028137310073157
"8742","8742",2440,2440,2270,-0.069672131147541
"8743","8743",2847,2723,2832,-0.00526870389884088
"8744","8744",2418,2234,2233,-0.076509511993383
"8745","8745",1731,1707,1597,-0.0774119006354708
"8746","8746",1597,1561,1463,-0.0839073262366938
"8747","8747",4976,4545,4341,-0.127612540192926
"8750","8750",1794,1795,1855,0.0340022296544036
"8752","8752",1610,1610,1474,-0.084472049689441
"8753","8753",4343,4346,3914,-0.0987796454064011
"8754","8754",949,944,976,0.0284510010537408
"8755","8755",3590,3714,3452,-0.0384401114206128
"8756","8756",1665,1730,2309,0.386786786786787
"8757","8757",5262,4964,5158,-0.0197643481565945
"8758","8758",11513,11357,10362,-0.0999739424997829
"8759","8759",5918,5740,4812,-0.186887461980399
"8760","8760",3354,3655,3368,0.00417412045319022
"8761","8761",2357,2417,2997,0.271531607976241
"8762","8762",2286,2286,2286,0
"8763","8763",5566,6537,5597,0.0055695292849443
"8764","8764",1244,1244,1224,-0.0160771704180064
"8765","8765",2541,2609,2905,0.143250688705234
"8766","8766",4732,4546,4118,-0.129754860524091
"8767","8767",3600,3279,3324,-0.0766666666666667
"8768","8768",10552,10237,9985,-0.0537338893100834
"8769","8769",7250,7193,6370,-0.121379310344828
"8771","8771",6163,6443,6659,0.0804802855752069
"8772","8772",3197,3159,2952,-0.0766343446981545
"8773","8773",2607,2599,2292,-0.120828538550058
"17030","17030",2607,2599,2292,-0.120828538550058
"8774","8774",4948,4950,4254,-0.140258690379952
"8775","8775",958,1035,1035,0.0803757828810021
"8776","8776",1982,1957,2596,0.30978809283552
"8777","8777",2756,2077,2178,-0.209724238026125
"8778","8778",2684,2549,2543,-0.0525335320417288
"17941","17941",2684,2549,2543,-0.0525335320417288
"8779","8779",1484,1309,1309,-0.117924528301887
"8780","8780",2553,2598,2598,0.0176263219741481
"19133","19133",2553,2598,2598,0.0176263219741481
"8782","8782",7695,7387,7748,0.00688758934372969
"8783","8783",6832,7223,7256,0.0620608899297424
"8785","8785",891,817,817,-0.0830527497194164
"8786","8786",1555,1518,1713,0.101607717041801
"9876","9876",1555,1518,1713,0.101607717041801
"8787","8787",3222,3775,3142,-0.0248292985723153
"10803","10803",3222,3775,3142,-0.0248292985723153
"8788","8788",4467,4414,4371,-0.0214909335124244
"8789","8789",1880,1692,1638,-0.128723404255319
"8791","8791",3077,2859,2861,-0.0701982450438739
"8792","8792",2961,3027,2953,-0.00270178993583249
"8793","8793",2685,2700,2715,0.0111731843575419
"8794","8794",2430,2544,2386,-0.0181069958847737
"8795","8795",3722,3711,3925,0.054540569586244
"8796","8796",2403,2403,1616,-0.327507282563462
"8797","8797",2571,2656,2447,-0.0482302605989887
"8798","8798",3667,3549,3548,-0.0324515953095173
"8799","8799",3208,3214,2808,-0.124688279301746
"8800","8800",1282,1278,1278,-0.0031201248049922
"8801","8801",5145,5143,5027,-0.0229348882410107
"8803","8803",2356,2068,2057,-0.126910016977929
"8805","8805",3593,3990,4149,0.154745338157529
"8806","8806",2498,2454,2456,-0.0168134507606085
"8807","8807",2452,1997,2020,-0.176182707993475
"11815","11815",2452,1997,2020,-0.176182707993475
"18135","18135",2452,1997,2020,-0.176182707993475
"8808","8808",862,1383,1139,0.321345707656613
"8809","8809",1452,1538,1504,0.0358126721763085
"8810","8810",2983,2653,2610,-0.125041904123366
"8811","8811",3455,2948,3536,0.0234442836468886
"8812","8812",3467,3351,3034,-0.124891837323334
"8813","8813",2244,2232,2342,0.0436720142602496
"8814","8814",4346,4019,4173,-0.0398067188219052
"8815","8815",1351,1351,1264,-0.0643967431532198
"8816","8816",1317,2122,2075,0.575550493545938
"8817","8817",3602,3602,2922,-0.188784008883953
"8818","8818",3918,4335,4328,0.104645227156713
"8819","8819",4497,5059,4948,0.100289081609962
"8820","8820",1520,1467,1470,-0.0328947368421053
"8821","8821",1572,1340,1340,-0.147582697201018
"19665","19665",1572,1340,1340,-0.147582697201018
"8822","8822",7732,7752,7507,-0.0290998448008277
"8823","8823",6534,6259,6039,-0.0757575757575758
"8824","8824",1567,1568,1621,0.0344607530312699
"8825","8825",2591,2591,2681,0.0347356233114628
"8827","8827",2714,2408,2583,-0.0482682387619749
"8828","8828",2429,2409,2295,-0.0551667352820091
"8829","8829",2050,2190,2330,0.136585365853659
"8830","8830",2971,2536,2303,-0.224840121171323
"8831","8831",3923,3908,4264,0.086923273005353
"8832","8832",5522,5558,5350,-0.0311481347337921
"8833","8833",4577,4578,4546,-0.00677299541184182
"8834","8834",5041,5039,5005,-0.00714144019043841
"8835","8835",3784,3697,3687,-0.0256342494714588
"8836","8836",4350,4382,4177,-0.0397701149425287
"8837","8837",3373,3769,3511,0.0409131337088645
"15683","15683",3373,3769,3511,0.0409131337088645
"8838","8838",2128,2125,1728,-0.18796992481203
"8839","8839",2016,2482,2340,0.160714285714286
"8840","8840",4318,4052,3585,-0.16975451597962
"8842","8842",1395,1376,1537,0.10179211469534
"8843","8843",1659,1659,1659,0
"8845","8845",3157,3241,3902,0.235983528666455
"8846","8846",7178,7178,6968,-0.0292560601838952
"8847","8847",3811,3790,3734,-0.0202046706901076
"8848","8848",2437,2609,2673,0.0968403775133361
"13057","13057",2437,2609,2673,0.0968403775133361
"8849","8849",2592,2830,2830,0.091820987654321
"8850","8850",2919,2450,2450,-0.160671462829736
"8851","8851",6044,6025,6025,-0.00314361350099272
"8852","8852",3796,4292,3687,-0.0287144362486828
"15821","15821",3796,4292,3687,-0.0287144362486828
"8853","8853",2177,2186,2179,0.00091869545245751
"8854","8854",3372,3924,3272,-0.029655990510083
"8855","8855",5080,5079,4973,-0.0210629921259843
"8856","8856",1452,1452,1452,0
"8857","8857",1411,1411,1410,-0.00070871722182849
"8859","8859",2815,2815,2815,0
"8860","8860",1806,1795,1794,-0.00664451827242525
"8861","8861",11051,11038,10882,-0.0152927336892589
"8862","8862",4032,4032,4012,-0.00496031746031746
"8863","8863",2084,2084,2085,0.000479846449136276
"8865","8865",1640,1785,1768,0.0780487804878049
"8866","8866",2030,2031,2355,0.160098522167488
"8868","8868",3510,3497,3533,0.00655270655270655
"8869","8869",1495,1496,1553,0.0387959866220736
"12702","12702",1495,1496,1553,0.0387959866220736
"17327","17327",1495,1496,1553,0.0387959866220736
"8870","8870",3433,2313,2495,-0.273230410719487
"8871","8871",1487,1413,2467,0.659045057162071
"8873","8873",2404,1942,2027,-0.156821963394343
"8874","8874",4769,4716,4714,-0.011532816104005
"8875","8875",3563,3523,2772,-0.222003929273084
"8876","8876",4297,4261,4135,-0.0377007214335583
"8877","8877",1275,1579,1671,0.310588235294118
"9286","9286",1275,1579,1671,0.310588235294118
"8878","8878",1682,1682,1682,0
"8879","8879",2056,1599,1599,-0.22227626459144
"8881","8881",9059,9052,9056,-0.000331162379953637
"8882","8882",1370,1622,1725,0.259124087591241
"8883","8883",3251,3246,3203,-0.0147646877883728
"8884","8884",3535,3929,3952,0.117963224893918
"8885","8885",1654,1654,1654,0
"8886","8886",1444,1840,1827,0.265235457063712
"8887","8887",2046,2370,2212,0.0811339198435973
"8888","8888",1832,1629,1629,-0.110807860262009
"8889","8889",2603,2597,2392,-0.0810603150211295
"8890","8890",1857,1858,1671,-0.10016155088853
"8891","8891",3658,3656,3346,-0.08529250956807
"8892","8892",2243,2243,2251,0.00356665180561748
"8893","8893",4390,5290,3808,-0.132574031890661
"8894","8894",2658,2666,1931,-0.273513920240783
"8896","8896",2513,1820,1837,-0.26900119379228
"8897","8897",1148,1148,1406,0.224738675958188
"15384","15384",1148,1148,1406,0.224738675958188
"8898","8898",2311,2420,2243,-0.0294244915620943
"8899","8899",2933,2933,2869,-0.0218206614387999
"8900","8900",3795,3549,3790,-0.00131752305665349
"8901","8901",6957,6615,7298,0.0490153801926118
"8902","8902",2504,2511,2058,-0.178115015974441
"12800","12800",2504,2511,2058,-0.178115015974441
"8903","8903",1749,1772,1777,0.0160091480846198
"16767","16767",1749,1772,1777,0.0160091480846198
"8905","8905",1232,1232,1312,0.0649350649350649
"8906","8906",9330,9897,9033,-0.0318327974276527
"8907","8907",1867,1555,1600,-0.143010176754151
"8908","8908",1368,1369,1369,0.000730994152046784
"8909","8909",3382,4025,3317,-0.0192193968066233
"8910","8910",1890,1889,1889,-0.000529100529100529
"8911","8911",3678,3866,3645,-0.00897226753670473
"8912","8912",1760,1708,1924,0.0931818181818182
"8913","8913",5303,5040,5106,-0.0371487837073355
"8914","8914",4862,4980,4481,-0.0783628136569313
"8915","8915",2925,3398,3385,0.157264957264957
"8916","8916",2036,2019,2019,-0.00834970530451866
"8917","8917",5284,5267,5285,0.000189250567751703
"8918","8918",3273,3273,3146,-0.0388023220287198
"8919","8919",5172,5099,5087,-0.0164346481051817
"8920","8920",2831,2848,2848,0.00600494524902861
"8923","8923",1526,1417,1384,-0.0930537352555701
"8924","8924",6214,6628,5914,-0.0482780817508851
"8925","8925",4581,4657,4498,-0.0181183147784327
"17664","17664",4581,4657,4498,-0.0181183147784327
"8926","8926",813,1051,1080,0.328413284132841
"8927","8927",9247,9002,9240,-0.000757002271006813
"8928","8928",7397,8055,7728,0.0447478707584156
"8929","8929",2832,3131,2834,0.000706214689265537
"8930","8930",4516,4516,4820,0.0673162090345438
"8931","8931",4470,4391,4288,-0.0407158836689038
"8932","8932",2711,2778,2665,-0.016967908520841
"8933","8933",5473,5575,5015,-0.0836835373652476
"8934","8934",2572,2541,2628,0.0217729393468118
"8935","8935",1505,1681,1681,0.116943521594684
"8936","8936",2183,1800,1799,-0.1759047182776
"11897","11897",2183,1800,1799,-0.1759047182776
"8938","8938",2511,2252,2277,-0.0931899641577061
"8939","8939",4347,4754,4657,0.0713135495744191
"8940","8940",5657,5562,6388,0.129220434859466
"8941","8941",11455,11642,11292,-0.0142295940637276
"8942","8942",2554,3015,2472,-0.0321064996084573
"8943","8943",1646,1645,1220,-0.258809234507898
"8944","8944",5047,4605,4838,-0.0414107390529027
"8945","8945",2154,2130,2049,-0.0487465181058496
"8946","8946",2038,2038,2014,-0.0117762512266928
"8947","8947",2444,2444,2387,-0.0233224222585925
"8948","8948",1440,1467,1451,0.00763888888888889
"8949","8949",4889,4853,4936,0.00961341787686643
"8950","8950",2995,3059,2161,-0.278464106844741
"8951","8951",5022,4949,4938,-0.016726403823178
"16140","16140",5022,4949,4938,-0.016726403823178
"8953","8953",10127,10117,10167,0.00394983706922089
"8954","8954",4663,4664,5926,0.270855672313961
"8955","8955",2127,2127,2127,0
"8956","8956",6569,6970,6876,0.046734662810169
"8957","8957",2764,2761,2762,-0.000723589001447178
"19577","19577",2764,2761,2762,-0.000723589001447178
"8958","8958",2841,2792,2789,-0.0183034142907427
"8959","8959",3040,3006,3015,-0.00822368421052632
"8960","8960",1094,1022,1010,-0.076782449725777
"8962","8962",4258,4055,4284,0.00610615312353217
"8963","8963",2655,2347,2381,-0.103201506591337
"8964","8964",4513,4725,4166,-0.0768889873698205
"8965","8965",5292,4956,5636,0.0650037792894936
"8966","8966",4156,4014,4014,-0.034167468719923
"8967","8967",5278,5273,5117,-0.0305039787798408
"8968","8968",4530,5392,4693,0.0359823399558499
"8970","8970",4333,4956,4965,0.145857373644126
"8971","8971",3758,3758,4237,0.127461415646621
"8972","8972",3225,3042,4237,0.313798449612403
"8973","8973",5243,5190,5303,0.011443829868396
"8974","8974",5615,5553,5267,-0.0619768477292965
"8975","8975",1614,1614,1627,0.0080545229244114
"8976","8976",2434,2415,2947,0.21076417419885
"8977","8977",3645,3716,3599,-0.0126200274348422
"8978","8978",2204,1867,1778,-0.193284936479129
"8980","8980",4864,4017,3757,-0.227590460526316
"8981","8981",3651,3802,3713,0.0169816488633251
"8982","8982",4785,5098,4974,0.0394984326018809
"8983","8983",2976,2947,2957,-0.00638440860215054
"8984","8984",2401,2401,2401,0
"8985","8985",5515,4112,3800,-0.310970081595648
"8986","8986",5317,5205,5212,-0.019747978183186
"8987","8987",2442,2439,2116,-0.133497133497133
"8988","8988",2344,2408,2407,0.026877133105802
"8989","8989",2766,2842,2850,0.0303687635574837
"8990","8990",5578,5579,5577,-0.000179275726066691
"8991","8991",1589,1589,1589,0
"8992","8992",1468,1468,1468,0
"8993","8993",2286,2286,2034,-0.110236220472441
"8994","8994",3064,3074,3117,0.0172976501305483
"8995","8995",3036,3036,3059,0.00757575757575758
"8996","8996",4201,4030,4032,-0.0402285170197572
"8997","8997",8264,7898,8853,0.0712729912875121
"8998","8998",1418,1335,1335,-0.0585331452750353
"8999","8999",2179,2215,2211,0.0146856356126664
"9000","9000",1157,1157,1157,0
"9001","9001",3318,3324,3795,0.14376130198915
"9002","9002",6418,6420,6069,-0.0543783110003116
"9004","9004",1983,2016,2050,0.0337871911245587
"9005","9005",6731,6304,6630,-0.0150051998217204
"9006","9006",5305,5640,5575,0.0508953817153629
"9007","9007",2196,2196,2115,-0.0368852459016393
"9008","9008",5137,5613,4917,-0.0428265524625268
"9009","9009",1870,1869,1787,-0.0443850267379679
"9010","9010",3621,3855,3583,-0.0104943385805026
"9011","9011",10467,10452,8667,-0.171969045571797
"9012","9012",2665,2258,2746,0.0303939962476548
"9013","9013",2288,2480,2604,0.138111888111888
"9014","9014",3626,3626,3051,-0.15857694429123
"9015","9015",905,975,894,-0.0121546961325967
"9016","9016",4498,4497,3993,-0.112272120942641
"9017","9017",6931,7222,6703,-0.0328956860481893
"9018","9018",1480,1485,1485,0.00337837837837838
"9019","9019",4357,4285,4286,-0.0162956162497131
"9020","9020",2429,2298,2525,0.0395224372169617
"16209","16209",2429,2298,2525,0.0395224372169617
"9021","9021",14343,14081,14029,-0.0218922122289619
"9022","9022",2440,2417,2381,-0.0241803278688525
"9023","9023",4532,4532,4557,0.00551632833186231
"9024","9024",559,559,602,0.0769230769230769
"9026","9026",3662,3874,4024,0.0988530857454943
"9027","9027",2590,2587,2631,0.0158301158301158
"9028","9028",2167,2172,2167,0
"9029","9029",1884,1884,1886,0.00106157112526539
"9030","9030",2120,2154,1834,-0.134905660377358
"9031","9031",3494,2683,2683,-0.232112192329708
"9032","9032",4009,4699,4678,0.16687453230232
"9033","9033",3919,4575,3935,0.00408267415156928
"9034","9034",2430,3207,2815,0.15843621399177
"9035","9035",7052,7064,6748,-0.0431083380601248
"9036","9036",4061,3899,3824,-0.0583600098497907
"9037","9037",1806,1479,1449,-0.197674418604651
"9040","9040",7528,7612,7803,0.0365302869287992
"9041","9041",2399,2477,2479,0.0333472280116715
"9042","9042",7581,7584,7550,-0.00408917029415644
"9043","9043",5811,5801,5716,-0.016348304938909
"9044","9044",1945,2794,2014,0.0354755784061697
"9045","9045",3993,4425,4120,0.0318056599048335
"9046","9046",1292,1402,988,-0.235294117647059
"9047","9047",8590,8260,7845,-0.0867287543655413
"9048","9048",3576,3581,3409,-0.0467002237136465
"9049","9049",4049,2401,2481,-0.3872561126204
"9050","9050",2075,2047,2139,0.0308433734939759
"11259","11259",2075,2047,2139,0.0308433734939759
"9051","9051",3443,3443,3473,0.00871333139703747
"9052","9052",1896,1907,2595,0.368670886075949
"11588","11588",1896,1907,2595,0.368670886075949
"15518","15518",1896,1907,2595,0.368670886075949
"9053","9053",1719,1721,1827,0.06282722513089
"9054","9054",2358,2358,2306,-0.0220525869380831
"9055","9055",1555,1555,1492,-0.0405144694533762
"9056","9056",3174,3187,3303,0.0406427221172023
"9057","9057",3162,3199,3222,0.0189753320683112
"9058","9058",10861,10469,10951,0.00828652978547095
"9059","9059",1412,1404,1632,0.155807365439093
"9060","9060",3725,3725,3811,0.0230872483221477
"9062","9062",6518,6516,6399,-0.0182571340902117
"9063","9063",2449,2658,2773,0.132298897509187
"9064","9064",12371,12375,11958,-0.0333845283323903
"9065","9065",1521,1403,1337,-0.120973044049967
"9066","9066",2272,2273,2260,-0.00528169014084507
"9067","9067",3292,2716,2434,-0.260631834750911
"9068","9068",3765,3593,3559,-0.0547144754316069
"9069","9069",1860,1812,1867,0.00376344086021505
"9070","9070",3553,3553,2954,-0.168589924007881
"9071","9071",3756,3109,3109,-0.172257720979766
"9072","9072",4052,4035,3969,-0.0204837117472853
"9073","9073",4428,4417,4308,-0.02710027100271
"9074","9074",5672,5673,5083,-0.103843441466855
"9075","9075",3721,4620,4122,0.107766729373824
"9077","9077",1111,1110,1110,-0.0009000900090009
"13266","13266",1111,1110,1110,-0.0009000900090009
"9078","9078",1480,1479,1479,-0.000675675675675676
"19783","19783",1480,1479,1479,-0.000675675675675676
"9079","9079",4461,4460,4302,-0.0356422326832549
"9081","9081",3298,2991,3138,-0.0485142510612492
"9082","9082",3506,3507,3372,-0.038220193953223
"9083","9083",4162,4162,4634,0.113407015857761
"9084","9084",4251,4251,4272,0.00494001411432604
"9085","9085",4148,4129,4106,-0.0101253616200579
"9086","9086",2458,2215,2331,-0.0516680227827502
"9087","9087",6512,6669,6778,0.0408476658476658
"9088","9088",6735,7396,7021,0.0424647364513734
"9089","9089",1986,1969,2106,0.0604229607250755
"9090","9090",2211,2211,2515,0.13749434644957
"9091","9091",3701,2693,2695,-0.27181842745204
"9092","9092",1836,1795,1770,-0.0359477124183007
"9093","9093",7680,7954,7745,0.00846354166666667
"9094","9094",1665,1426,1439,-0.135735735735736
"9095","9095",4283,4446,4398,0.0268503385477469
"9096","9096",2156,2156,2067,-0.0412801484230056
"9098","9098",3937,3837,3839,-0.0248920497840996
"9099","9099",2135,2153,2153,0.00843091334894614
"18097","18097",2135,2153,2153,0.00843091334894614
"9101","9101",3399,3402,3401,0.000588408355398647
"9102","9102",3472,3472,4212,0.213133640552995
"9103","9103",5814,5814,5549,-0.0455796353629171
"9104","9104",3083,3063,2974,-0.0353551735322738
"9105","9105",1868,2024,1810,-0.0310492505353319
"12279","12279",1868,2024,1810,-0.0310492505353319
"9106","9106",5524,5458,4646,-0.158942795076032
"9107","9107",871,877,877,0.0068886337543054
"9108","9108",11548,11479,10577,-0.0840838240387946
"9109","9109",3902,3877,3603,-0.0766273705791902
"9110","9110",2084,2202,2074,-0.00479846449136276
"9111","9111",3026,3067,3067,0.0135492399206874
"18912","18912",3026,3067,3067,0.0135492399206874
"9112","9112",4696,5059,4945,0.0530238500851789
"9113","9113",1927,1908,1946,0.00985988583290088
"9115","9115",3295,3620,3332,0.0112291350531108
"11613","11613",3295,3620,3332,0.0112291350531108
"15182","15182",3295,3620,3332,0.0112291350531108
"9116","9116",2140,2044,2021,-0.055607476635514
"11617","11617",2140,2044,2021,-0.055607476635514
"9117","9117",2933,3048,3000,0.0228435049437436
"14495","14495",2933,3048,3000,0.0228435049437436
"9118","9118",1667,1902,1870,0.121775644871026
"9119","9119",2656,2655,2414,-0.0911144578313253
"9120","9120",6612,5909,5880,-0.11070780399274
"9121","9121",2324,2303,1996,-0.141135972461274
"10912","10912",2324,2303,1996,-0.141135972461274
"18904","18904",2324,2303,1996,-0.141135972461274
"9122","9122",10764,10768,10695,-0.00641025641025641
"9123","9123",6681,5275,5582,-0.164496332884299
"9125","9125",1595,1626,1704,0.0683385579937304
"9126","9126",1775,1837,2011,0.132957746478873
"9127","9127",1564,2031,2060,0.317135549872123
"13673","13673",1564,2031,2060,0.317135549872123
"9128","9128",3640,3638,3695,0.0151098901098901
"9129","9129",5972,6184,6186,0.035833891493637
"9130","9130",1093,1147,1147,0.0494053064958829
"9131","9131",3483,3483,3246,-0.0680447889750215
"9133","9133",8002,8007,6938,-0.132966758310422
"9134","9134",540,579,573,0.0611111111111111
"9135","9135",4066,4378,4017,-0.0120511559272012
"9136","9136",2702,2748,2670,-0.0118430792005922
"9137","9137",2697,3343,3328,0.233963663329626
"9138","9138",4342,4695,4700,0.0824504836480884
"9139","9139",3742,3678,2929,-0.217263495456975
"9361","9361",3742,3678,2929,-0.217263495456975
"9140","9140",5152,5152,5266,0.0221273291925466
"9141","9141",9210,8621,8965,-0.0266015200868621
"9142","9142",2730,2928,2991,0.0956043956043956
"9144","9144",2602,2560,2449,-0.0588009223674097
"9145","9145",4006,4006,3770,-0.0589116325511732
"9146","9146",3175,3133,3202,0.00850393700787402
"9147","9147",827,819,775,-0.0628778718258767
"9148","9148",7571,7576,7419,-0.020076608109893
"9149","9149",4769,4377,4564,-0.0429859509331097
"9150","9150",4003,4007,3767,-0.058955783162628
"9151","9151",1834,1871,1824,-0.0054525627044711
"19447","19447",1834,1871,1824,-0.0054525627044711
"9152","9152",3870,3816,3816,-0.013953488372093
"9153","9153",2241,2246,2246,0.00223114680946006
"9154","9154",1915,1915,1914,-0.000522193211488251
"9155","9155",1284,1223,1230,-0.0420560747663551
"9156","9156",1080,1383,1372,0.27037037037037
"9157","9157",4437,4434,4368,-0.0155510480054091
"9158","9158",3009,2979,3792,0.260219341974078
"16524","16524",3009,2979,3792,0.260219341974078
"9159","9159",3045,3076,3238,0.0633825944170772
"17120","17120",3045,3076,3238,0.0633825944170772
"9160","9160",5886,5864,6146,0.0441726129799524
"9161","9161",3215,3444,3687,0.146811819595645
"9162","9162",5751,6224,5277,-0.0824204486176317
"9163","9163",3570,3676,3260,-0.0868347338935574
"9164","9164",4318,4187,4229,-0.0206113941639648
"9166","9166",6996,7003,7007,0.00157232704402516
"9168","9168",7209,7082,6976,-0.0323207102233319
"9169","9169",1905,2141,2125,0.115485564304462
"14230","14230",1905,2141,2125,0.115485564304462
"9170","9170",7174,6479,6652,-0.0727627543908559
"9171","9171",1675,1675,1675,0
"9172","9172",3470,3465,3267,-0.0585014409221902
"9173","9173",6879,6890,6732,-0.0213693850850414
"9174","9174",1947,1947,2603,0.336928608115049
"9175","9175",5497,5488,5584,0.0158268146261597
"9176","9176",2751,2672,2866,0.0418029807342784
"9177","9177",5561,5359,5318,-0.0436971767667686
"9178","9178",3936,4033,3809,-0.0322662601626016
"9179","9179",3330,3809,3546,0.0648648648648649
"9180","9180",5534,4050,4950,-0.105529454282617
"9181","9181",3573,3567,3199,-0.104673943464875
"9182","9182",1965,1967,1962,-0.00152671755725191
"9183","9183",5307,5332,5135,-0.0324100244959487
"9184","9184",1237,1185,1329,0.074373484236055
"9185","9185",3288,3225,3221,-0.0203771289537713
"9186","9186",844,658,1502,0.779620853080569
"9655","9655",844,658,1502,0.779620853080569
"9187","9187",1108,1093,1315,0.186823104693141
"9188","9188",2901,3083,2968,0.0230954843157532
"9189","9189",5025,5009,4737,-0.0573134328358209
"9190","9190",2904,3399,2473,-0.148415977961432
"9191","9191",5950,5926,5926,-0.00403361344537815
"9192","9192",8216,8189,8397,0.0220301850048686
"9193","9193",3245,3374,3380,0.0416024653312789
"9194","9194",4127,4449,4089,-0.00920765689362733
"9196","9196",1640,1641,1755,0.0701219512195122
"9197","9197",1607,1608,1611,0.00248911014312383
"12218","12218",1607,1608,1611,0.00248911014312383
"19513","19513",1607,1608,1611,0.00248911014312383
"9198","9198",3920,4039,4039,0.0303571428571429
"9199","9199",2715,2607,2607,-0.0397790055248619
"9200","9200",1277,1547,1561,0.22239624119029
"9201","9201",1831,1805,1552,-0.152375750955762
"9202","9202",2314,2314,2241,-0.0315471045808124
"9203","9203",3048,3835,3792,0.244094488188976
"9204","9204",1626,1626,1626,0
"19332","19332",1626,1626,1626,0
"9205","9205",2063,2081,2081,0.00872515753756665
"9206","9206",3390,3389,3416,0.00766961651917404
"18465","18465",3390,3389,3416,0.00766961651917404
"9207","9207",2193,2193,2298,0.0478796169630643
"9208","9208",5107,5111,5143,0.00704914822792246
"9209","9209",2025,2024,2093,0.0335802469135802
"9210","9210",1664,1682,1670,0.00360576923076923
"9211","9211",8503,8557,6310,-0.25790897330354
"9212","9212",2202,2689,1868,-0.151680290644868
"9213","9213",3746,3770,3521,-0.0600640683395622
"9215","9215",4306,3120,2788,-0.352531351602415
"9216","9216",3140,2929,3866,0.231210191082803
"9217","9217",2048,2109,2147,0.04833984375
"9218","9218",824,824,824,0
"9219","9219",4315,4029,3484,-0.192584009269988
"9220","9220",4754,4754,4545,-0.0439629785443837
"9223","9223",4262,3062,3062,-0.281557954012201
"9224","9224",9354,9345,8798,-0.0594398118451999
"9225","9225",4288,4226,3169,-0.260960820895522
"9226","9226",1492,1473,1470,-0.014745308310992
"9227","9227",1419,1071,997,-0.29739252995067
"9228","9228",2708,3053,3097,0.143648449039882
"9229","9229",3934,4093,4770,0.212506354855109
"9230","9230",3329,3322,3129,-0.0600781015319916
"9231","9231",2562,2228,2275,-0.112021857923497
"9233","9233",2673,2673,1980,-0.259259259259259
"9234","9234",1172,1182,1318,0.12457337883959
"15056","15056",1172,1182,1318,0.12457337883959
"9235","9235",1891,2180,2222,0.175039661554733
"9236","9236",2249,2249,2249,0
"9237","9237",8091,8504,7441,-0.0803361759980225
"9238","9238",3497,3497,3488,-0.00257363454389477
"9240","9240",3448,3448,3448,0
"9241","9241",1914,1851,2375,0.24085684430512
"9242","9242",3249,3249,3249,0
"9243","9243",3250,2782,2782,-0.144
"9244","9244",1898,1964,1964,0.0347734457323498
"9245","9245",2912,2339,2236,-0.232142857142857
"9246","9246",5244,5652,6066,0.15675057208238
"9247","9247",944,963,895,-0.0519067796610169
"9248","9248",3288,2965,2788,-0.152068126520681
"14170","14170",3288,2965,2788,-0.152068126520681
"9249","9249",2337,2504,2649,0.133504492939666
"9250","9250",1493,1493,1305,-0.125920964501005
"9251","9251",7378,7275,7241,-0.0185687178097045
"9254","9254",1811,1976,1685,-0.0695748205411375
"9255","9255",2684,2910,2710,0.00968703427719821
"9257","9257",1864,1808,1832,-0.0171673819742489
"9258","9258",5024,4968,4791,-0.0463773885350318
"9259","9259",1491,1492,1452,-0.0261569416498994
"9260","9260",5102,5021,4704,-0.0780086240689925
"9261","9261",3486,3478,3479,-0.00200803212851406
"9262","9262",3072,2274,2274,-0.259765625
"9263","9263",3544,3497,3495,-0.0138261851015801
"9265","9265",678,678,678,0
"9266","9266",1220,1220,1436,0.177049180327869
"9267","9267",797,783,783,-0.0175658720200753
"9268","9268",2810,2810,2867,0.0202846975088968
"9269","9269",1503,1557,1436,-0.0445775116433799
"9270","9270",3780,3582,3763,-0.0044973544973545
"9271","9271",8054,7491,7407,-0.0803327539111001
"9272","9272",3644,3644,3679,0.00960482985729967
"9273","9273",4895,4793,4795,-0.0204290091930541
"9274","9274",1906,2023,2583,0.355194123819517
"9275","9275",1127,1129,1128,0.000887311446317658
"9276","9276",1923,2178,2027,0.0540821632865315
"9277","9277",3997,4780,4872,0.218914185639229
"9278","9278",1352,1265,1069,-0.209319526627219
"9279","9279",5186,4922,4845,-0.0657539529502507
"9280","9280",1741,1928,1783,0.0241240666283745
"9281","9281",1101,1101,1131,0.0272479564032698
"9282","9282",2736,2736,2639,-0.035453216374269
"9283","9283",1100,1100,1100,0
"9284","9284",3546,3458,3465,-0.0228426395939086
"9285","9285",3803,3940,3796,-0.00184065211674993
"9287","9287",6013,6177,6112,0.0164643272908698
"9288","9288",6027,6544,5743,-0.047121287539406
"9289","9289",3166,3192,3114,-0.016424510423247
"9290","9290",2105,1961,1961,-0.0684085510688836
"9291","9291",2172,1783,1981,-0.0879373848987109
"9292","9292",1261,1261,1358,0.0769230769230769
"9293","9293",4380,3526,3482,-0.205022831050228
"9294","9294",3244,2632,1806,-0.44327990135635
"9295","9295",15529,15574,14665,-0.0556378388820916
"9296","9296",4749,4750,4750,0.000210570646451885
"9297","9297",1665,1665,1665,0
"13510","13510",1665,1665,1665,0
"9298","9298",1994,1608,1518,-0.238716148445336
"9299","9299",3977,3849,3879,-0.0246416897158662
"9300","9300",3026,2806,2808,-0.0720423000660939
"9301","9301",1642,1845,1845,0.123629719853837
"9302","9302",2068,2711,2986,0.443907156673114
"9303","9303",6598,6439,6503,-0.0143983025159139
"9304","9304",6304,6331,6259,-0.00713832487309645
"9305","9305",4323,4484,4519,0.0453388850335415
"9306","9306",4100,4100,3829,-0.0660975609756098
"9307","9307",3775,3775,3775,0
"9308","9308",2215,2081,2081,-0.0604966139954853
"9309","9309",2837,2837,2840,0.00105745505816003
"9310","9310",3937,4309,4165,0.0579121158242316
"9311","9311",2164,2152,2115,-0.0226432532347505
"9312","9312",6842,6827,6367,-0.0694241449868459
"9313","9313",2909,2894,3297,0.133379168099003
"9314","9314",5302,5472,5248,-0.010184835910977
"9315","9315",3164,3426,3222,0.0183312262958281
"9316","9316",2248,1978,2396,0.0658362989323843
"9317","9317",1800,1851,1355,-0.247222222222222
"12201","12201",1800,1851,1355,-0.247222222222222
"9319","9319",803,803,753,-0.062266500622665
"9320","9320",1862,1862,1853,-0.00483351235230934
"9321","9321",2726,2698,3003,0.101614086573734
"9324","9324",9850,10191,9834,-0.0016243654822335
"9325","9325",3656,3119,3092,-0.154266958424508
"9326","9326",3015,3180,3017,0.00066334991708126
"9328","9328",2814,2758,3217,0.143212508884151
"9329","9329",11133,11147,10730,-0.0361986885834905
"9330","9330",5404,5393,5158,-0.0455218356772761
"9331","9331",4575,4432,4827,0.0550819672131148
"9332","9332",4749,4663,4660,-0.0187407875342177
"9333","9333",4324,4324,3683,-0.148242368177613
"9334","9334",1724,1748,1878,0.0893271461716937
"9335","9335",3734,3840,4117,0.102570969469738
"9336","9336",1522,1604,1656,0.088042049934297
"9337","9337",4636,4700,4634,-0.000431406384814495
"9338","9338",1747,1563,1533,-0.122495706926159
"9339","9339",1915,2023,1822,-0.0485639686684073
"15800","15800",1915,2023,1822,-0.0485639686684073
"9340","9340",3002,3313,3943,0.313457694870087
"9341","9341",4340,4338,4315,-0.00576036866359447
"9342","9342",5045,4960,5028,-0.00336967294350842
"9343","9343",5351,4811,4684,-0.124649598205943
"9344","9344",2268,2268,2239,-0.0127865961199295
"9346","9346",4001,3121,3525,-0.118970257435641
"9347","9347",2714,2714,2678,-0.0132645541635962
"9348","9348",1634,2499,2071,0.267441860465116
"9349","9349",2128,2197,2511,0.179981203007519
"14740","14740",2128,2197,2511,0.179981203007519
"9350","9350",2119,2375,2547,0.201982067012742
"9351","9351",8105,7977,8147,0.00518198642813078
"9352","9352",2149,2149,1988,-0.0749185667752443
"9353","9353",5422,5426,5427,0.000922168941350055
"9354","9354",2179,2194,2210,0.0142267094997705
"9355","9355",929,929,1162,0.250807319698601
"9356","9356",7052,7023,7625,0.0812535450935905
"9357","9357",3395,3379,3265,-0.0382916053019146
"9358","9358",3025,2899,2955,-0.0231404958677686
"14935","14935",3025,2899,2955,-0.0231404958677686
"18722","18722",3025,2899,2955,-0.0231404958677686
"9359","9359",3555,3655,3085,-0.132208157524613
"9362","9362",2259,2290,2286,0.0119521912350598
"12464","12464",2259,2290,2286,0.0119521912350598
"9363","9363",7789,7773,7478,-0.039928103736038
"9364","9364",2075,2075,2075,0
"9365","9365",3528,3223,3578,0.014172335600907
"15173","15173",3528,3223,3578,0.014172335600907
"9366","9366",4322,5309,4545,0.0515964831096715
"9367","9367",3662,3662,4670,0.275259421081376
"9368","9368",2057,2057,2059,0.000972289742343218
"9369","9369",4441,3733,3692,-0.168655708173835
"9370","9370",3418,3404,3884,0.136337039204213
"9371","9371",2698,1850,1859,-0.310971089696071
"9372","9372",2654,2677,2672,0.00678221552373775
"9373","9373",4655,4638,3628,-0.22062298603652
"9375","9375",2256,2377,2554,0.13209219858156
"9376","9376",2433,2140,2465,0.0131524866420058
"9377","9377",3661,3923,3854,0.0527178366566512
"9378","9378",1170,1141,1141,-0.0247863247863248
"9379","9379",2743,2734,2737,-0.002187386073642
"9381","9381",3941,3934,3410,-0.134737376300431
"9382","9382",2177,2177,2219,0.0192926045016077
"9383","9383",3849,4202,3796,-0.0137698103403481
"9384","9384",3813,4758,4758,0.247836349331235
"9385","9385",2374,2441,3699,0.558129738837405
"9386","9386",1443,1546,1545,0.0706860706860707
"10347","10347",1443,1546,1545,0.0706860706860707
"9387","9387",1500,1590,1515,0.01
"9388","9388",1762,1846,1718,-0.0249716231555051
"9389","9389",4438,4438,4454,0.00360522757999099
"9390","9390",5410,5492,5343,-0.0123844731977819
"9391","9391",1672,1672,1721,0.0293062200956938
"9392","9392",2978,2516,2339,-0.214573539288113
"9393","9393",5253,5234,5284,0.00590138968208643
"9394","9394",2419,2419,2531,0.0463001240181893
"9395","9395",3356,3356,2709,-0.192789034564958
"9396","9396",1273,1355,1418,0.113904163393559
"9397","9397",1551,1612,2108,0.359123146357189
"9398","9398",1418,1108,1055,-0.255994358251058
"9399","9399",1408,1461,1408,0
"9917","9917",1408,1461,1408,0
"9400","9400",2434,2291,2230,-0.0838126540673788
"9401","9401",3909,4033,4033,0.0317216679457662
"9402","9402",4750,4750,3914,-0.176
"9404","9404",1940,1875,2001,0.0314432989690722
"18555","18555",1940,1875,2001,0.0314432989690722
"9405","9405",3106,3532,4042,0.301352221506761
"9407","9407",3857,3857,3393,-0.120300751879699
"9408","9408",4373,3800,3694,-0.155270981019895
"9409","9409",6570,6360,6357,-0.0324200913242009
"9410","9410",4372,4372,4358,-0.00320219579139982
"9411","9411",594,594,567,-0.0454545454545455
"9413","9413",4975,4740,4981,0.00120603015075377
"9414","9414",1915,1913,1716,-0.103916449086162
"9415","9415",3570,3485,2495,-0.301120448179272
"9416","9416",2170,1994,2160,-0.00460829493087558
"9417","9417",3437,3428,3619,0.0529531568228106
"9418","9418",2338,2338,2618,0.119760479041916
"9419","9419",2217,2255,2255,0.0171402796571944
"9420","9420",2072,2072,2072,0
"9421","9421",1185,1238,1238,0.0447257383966245
"9422","9422",3544,3288,3506,-0.0107223476297968
"9423","9423",2356,2488,2349,-0.00297113752122241
"9424","9424",1031,1031,1031,0
"9425","9425",3043,3325,2556,-0.160039434768321
"9426","9426",3488,3823,3811,0.0926032110091743
"9427","9427",3546,3546,3030,-0.145516074450085
"9428","9428",1743,1751,1753,0.0057372346528973
"9430","9430",2834,2835,2820,-0.00494001411432604
"9431","9431",4876,4621,4227,-0.133100902378999
"9432","9432",2718,2718,2674,-0.0161883738042678
"9433","9433",6447,7208,6795,0.0539785946952071
"9434","9434",3544,3624,3558,0.00395033860045147
"9435","9435",1006,1006,1068,0.0616302186878728
"9436","9436",1947,3009,1937,-0.00513610683102209
"9437","9437",8773,8757,8680,-0.0106007067137809
"9438","9438",2209,2209,2260,0.0230873698506111
"9439","9439",3043,3109,3268,0.0739401906013802
"9440","9440",5639,6055,5072,-0.10054974286221
"9441","9441",2398,2387,2384,-0.00583819849874896
"9442","9442",526,829,829,0.576045627376426
"9443","9443",3607,2931,2982,-0.173274189076795
"9444","9444",2823,3088,3756,0.330499468650372
"9445","9445",3243,3361,2968,-0.0847980265186556
"9446","9446",3655,3631,3431,-0.0612859097127223
"9447","9447",3630,3451,4021,0.10771349862259
"9448","9448",2319,2319,2311,-0.00344976282880552
"9449","9449",5432,5422,5732,0.0552282768777614
"9450","9450",1184,1440,1262,0.0658783783783784
"18678","18678",1184,1440,1262,0.0658783783783784
"9451","9451",1851,1723,1736,-0.0621285791464073
"9452","9452",2045,1909,1844,-0.0982885085574572
"9453","9453",6700,6704,5846,-0.127462686567164
"9454","9454",3109,3109,3109,0
"19104","19104",3109,3109,3109,0
"9455","9455",822,822,823,0.00121654501216545
"9456","9456",3119,2924,3171,0.0166720102596986
"9457","9457",1055,1026,1026,-0.0274881516587678
"9458","9458",3597,3597,3596,-0.000278009452321379
"9459","9459",2604,2606,2715,0.0426267281105991
"9460","9460",3924,3733,3771,-0.0389908256880734
"9461","9461",1682,1682,1564,-0.0701545778834721
"9462","9462",1294,1391,1691,0.306800618238022
"9463","9463",3107,3107,3488,0.122626327647248
"9464","9464",3051,3680,3527,0.156014421501147
"9465","9465",7176,6883,6933,-0.0338628762541806
"9466","9466",2146,2259,2258,0.0521901211556384
"9467","9467",4288,4428,4441,0.0356809701492537
"9468","9468",2261,2212,2642,0.168509509066785
"9469","9469",1011,980,959,-0.0514342235410485
"14768","14768",1011,980,959,-0.0514342235410485
"9471","9471",3768,3763,3899,0.0347664543524416
"9472","9472",2276,2275,2279,0.00131810193321617
"9474","9474",907,909,885,-0.0242557883131202
"9475","9475",3126,3273,3245,0.0380678182981446
"9476","9476",3129,3817,4340,0.387024608501119
"9477","9477",1452,1468,1467,0.0103305785123967
"9480","9480",5017,5101,5085,0.0135539166832769
"9481","9481",2235,2235,2335,0.0447427293064877
"9482","9482",2973,3188,2699,-0.0921627985200135
"9483","9483",1137,1220,1432,0.259454705364996
"9484","9484",2990,2990,3132,0.0474916387959866
"9486","9486",3516,3388,3457,-0.0167804323094425
"9487","9487",2114,2110,2110,-0.00189214758751183
"9488","9488",3461,3259,3338,-0.0355388616006934
"9489","9489",2902,2929,2033,-0.299448656099242
"9490","9490",2269,2313,2396,0.0559717937417364
"9491","9491",5733,5716,5600,-0.0231990231990232
"9492","9492",1358,1505,1294,-0.0471281296023564
"9493","9493",2694,2694,2693,-0.000371195248700817
"9494","9494",944,946,776,-0.177966101694915
"9495","9495",5771,5771,5868,0.0168081788251603
"9496","9496",1711,1939,1666,-0.0263004091174752
"10157","10157",1711,1939,1666,-0.0263004091174752
"9497","9497",2568,2493,2520,-0.0186915887850467
"9498","9498",7905,7907,7901,-0.000506008855154965
"9499","9499",4140,3319,3622,-0.12512077294686
"9500","9500",4160,4488,4425,0.0637019230769231
"9501","9501",2418,2799,2417,-0.000413564929693962
"9539","9539",2418,2799,2417,-0.000413564929693962
"9502","9502",1516,1516,1754,0.156992084432718
"9503","9503",2337,2324,2287,-0.0213949507916132
"9504","9504",6527,6531,6532,0.000766048720698636
"9505","9505",1440,1446,1222,-0.151388888888889
"9506","9506",4577,5440,5080,0.109897312650208
"9507","9507",2944,2962,2664,-0.0951086956521739
"9508","9508",1923,2062,2107,0.0956838273530941
"9795","9795",1923,2062,2107,0.0956838273530941
"9509","9509",1923,1728,1370,-0.287571502860114
"10311","10311",1923,1728,1370,-0.287571502860114
"9510","9510",6811,5051,4320,-0.3657319042725
"9511","9511",5145,5030,4846,-0.0581146744412051
"9512","9512",3395,3364,3319,-0.0223858615611193
"9513","9513",3096,3191,3174,0.0251937984496124
"9514","9514",14158,13897,13803,-0.0250741630173753
"9515","9515",2436,2959,2959,0.214696223316913
"9516","9516",2298,2298,2306,0.00348128807658834
"9517","9517",5054,5038,4800,-0.0502572220023744
"9518","9518",1751,1638,1723,-0.0159908623643632
"9519","9519",3955,3953,3999,0.0111251580278129
"9520","9520",8767,8710,8627,-0.0159689745637048
"9521","9521",8292,8273,7901,-0.0471538832609744
"9522","9522",2907,3173,3605,0.240110079119367
"9523","9523",4369,4188,3781,-0.134584573128862
"9524","9524",1334,1393,1525,0.143178410794603
"9525","9525",4501,4542,3629,-0.19373472561653
"9526","9526",6057,6618,5962,-0.0156843321776457
"9527","9527",2587,2587,2586,-0.000386548125241593
"9528","9528",1376,1368,1364,-0.00872093023255814
"9529","9529",1161,1161,1151,-0.00861326442721792
"9530","9530",4183,4252,4446,0.0628735357398996
"9531","9531",1915,1793,1783,-0.0689295039164491
"9532","9532",3266,3275,3275,0.00275566442131047
"9533","9533",3758,3775,3789,0.00824906865353912
"9534","9534",5573,5080,4807,-0.137448411986363
"9535","9535",5311,4944,5760,0.0845415176049708
"9536","9536",1318,1318,1318,0
"9537","9537",7273,7264,6819,-0.0624226591502819
"9538","9538",3090,3083,2903,-0.0605177993527508
"9540","9540",2552,2541,3108,0.217868338557994
"9541","9541",11012,11249,10793,-0.0198873955684708
"9542","9542",3107,3108,3189,0.0263920180238172
"9543","9543",2268,2266,2012,-0.112874779541446
"9544","9544",3469,4036,3666,0.0567886999135197
"9545","9545",2345,2014,2019,-0.139019189765458
"9546","9546",4248,4255,3779,-0.110404896421846
"9547","9547",6090,6090,4575,-0.248768472906404
"9548","9548",1375,1375,1375,0
"9549","9549",4541,4430,4420,-0.0266461131909271
"9550","9550",2593,2841,2754,0.0620902429618203
"9551","9551",2310,2210,2211,-0.0428571428571429
"9552","9552",7513,7906,7574,0.008119259949421
"9554","9554",1765,1765,1756,-0.00509915014164306
"9555","9555",3015,3007,2949,-0.0218905472636816
"9556","9556",2564,2474,2595,0.0120904836193448
"9557","9557",7591,7567,7539,-0.00685021736266631
"9558","9558",6111,6146,5514,-0.0976926853215513
"9560","9560",3811,3912,3761,-0.0131199160325374
"10770","10770",3811,3912,3761,-0.0131199160325374
"9561","9561",3960,3993,3779,-0.0457070707070707
"9562","9562",1765,1765,1747,-0.0101983002832861
"9563","9563",7365,7088,6125,-0.1683638832315
"9564","9564",1127,1128,1124,-0.00266193433895297
"9565","9565",3867,4070,3754,-0.0292216188259633
"9566","9566",2713,2597,2896,0.0674530040545522
"19112","19112",2713,2597,2896,0.0674530040545522
"9568","9568",3594,3594,4241,0.180022259321091
"9569","9569",4909,4996,4531,-0.0770014259523324
"9570","9570",1943,1943,2043,0.0514668039114771
"9571","9571",4245,4217,4205,-0.0094228504122497
"9572","9572",3539,3407,3156,-0.108222661768861
"9573","9573",4656,5260,4275,-0.0818298969072165
"9574","9574",2293,2277,2296,0.00130832969908417
"9575","9575",1475,1475,1473,-0.00135593220338983
"9578","9578",3023,2933,2933,-0.0297717499173007
"9579","9579",4258,3547,3737,-0.122357914513856
"9580","9580",2543,2535,2786,0.0955564294140779
"9581","9581",3691,3671,3648,-0.0116499593606069
"9582","9582",1014,1014,791,-0.219921104536489
"9583","9583",3258,3355,3202,-0.0171884591774095
"9584","9584",1400,1470,1466,0.0471428571428571
"17215","17215",1400,1470,1466,0.0471428571428571
"9586","9586",2855,2793,2568,-0.100525394045534
"9587","9587",3686,3685,3365,-0.0870862723819859
"9588","9588",7068,6651,6471,-0.08446519524618
"9589","9589",4929,4965,4527,-0.0815581253804017
"9591","9591",6693,6693,6591,-0.0152398027790229
"9592","9592",2058,2099,2468,0.199222546161322
"9593","9593",2701,2700,2700,-0.000370233246945576
"9594","9594",5199,5199,4918,-0.0540488555491441
"9595","9595",4300,4158,4552,0.0586046511627907
"9596","9596",3354,3352,2926,-0.127608825283244
"9597","9597",3095,3122,3129,0.0109854604200323
"9598","9598",2851,2844,2828,-0.0080673447913013
"9599","9599",3788,4003,3476,-0.0823653643083421
"9600","9600",7682,7666,7193,-0.0636552980994533
"9601","9601",3951,3653,3829,-0.0308782586686915
"9602","9602",1730,1634,1705,-0.0144508670520231
"9603","9603",1981,1981,1925,-0.0282685512367491
"9604","9604",5901,5951,5337,-0.0955770208439248
"9605","9605",2048,2295,2208,0.078125
"9606","9606",5447,5484,5327,-0.022030475491096
"9607","9607",3290,3288,3845,0.168693009118541
"9608","9608",8718,7691,8145,-0.065726083964212
"9609","9609",3594,4498,3547,-0.0130773511407902
"9610","9610",4790,4665,4695,-0.0198329853862213
"9611","9611",4142,4206,3973,-0.0408015451472718
"9612","9612",2589,2577,2467,-0.0471224410969486
"9613","9613",2406,2406,2410,0.00166251039068994
"9615","9615",2404,2516,2505,0.0420133111480865
"9616","9616",1092,1008,975,-0.107142857142857
"9617","9617",2677,2678,2477,-0.0747104968248039
"13202","13202",2677,2678,2477,-0.0747104968248039
"9618","9618",4176,4593,4758,0.139367816091954
"9619","9619",1629,1611,1657,0.0171884591774095
"9621","9621",4724,4730,4820,0.0203217612193057
"11605","11605",4724,4730,4820,0.0203217612193057
"9622","9622",5704,5703,6222,0.0908134642356241
"9623","9623",2735,1773,1787,-0.346617915904936
"11079","11079",2735,1773,1787,-0.346617915904936
"9624","9624",2938,2299,2911,-0.00918992511912866
"9625","9625",1924,1924,1924,0
"9627","9627",1721,1687,1915,0.112725159790819
"9628","9628",5558,5574,4345,-0.218243972652033
"9631","9631",2184,2184,2192,0.00366300366300366
"9632","9632",3400,3441,3442,0.0123529411764706
"9634","9634",6179,5923,5625,-0.0896585207962454
"9635","9635",2989,2985,2985,-0.00133824021411843
"9636","9636",1754,1740,1777,0.0131128848346636
"9637","9637",6361,6591,6826,0.0731017135670492
"9638","9638",8353,8343,8395,0.00502813360469292
"9639","9639",2135,2126,1862,-0.127868852459016
"9640","9640",3885,3521,3696,-0.0486486486486487
"9641","9641",2466,2584,2873,0.165044606650446
"9642","9642",2479,2488,2487,0.00322710770471964
"9643","9643",1726,2554,2611,0.512746234067207
"9644","9644",3483,3422,3472,-0.00315819695664657
"9645","9645",3584,3583,4199,0.171595982142857
"9646","9646",7661,7862,8357,0.0908497585171649
"9647","9647",3666,3732,3780,0.0310965630114566
"9648","9648",4148,4317,3169,-0.236017357762777
"16823","16823",4148,4317,3169,-0.236017357762777
"9649","9649",1655,1654,1654,-0.000604229607250755
"9650","9650",2571,2571,2571,0
"9651","9651",1029,1029,1029,0
"9652","9652",2067,2065,2201,0.0648282535074988
"9653","9653",2698,2691,2710,0.0044477390659748
"9654","9654",2686,2686,1562,-0.418466120625465
"9656","9656",1467,1465,1452,-0.0102249488752556
"9657","9657",4242,4242,4242,0
"9659","9659",2604,2414,2417,-0.0718125960061444
"9660","9660",3495,3499,3341,-0.0440629470672389
"9662","9662",2012,1997,1995,-0.0084493041749503
"9663","9663",4697,4695,4779,0.0174579518841814
"9664","9664",4722,4712,4771,0.0103769589157137
"9665","9665",1186,796,819,-0.309443507588533
"9666","9666",1815,1848,1635,-0.0991735537190083
"15882","15882",1815,1848,1635,-0.0991735537190083
"9667","9667",7080,7098,6947,-0.0187853107344633
"9668","9668",1877,1611,1911,0.0181140117208311
"9669","9669",2978,2266,2698,-0.094022834116857
"9670","9670",4082,4086,4004,-0.0191082802547771
"9671","9671",2224,2231,2231,0.00314748201438849
"9672","9672",2845,2870,3152,0.107908611599297
"9673","9673",924,924,1036,0.121212121212121
"9674","9674",2703,2625,2657,-0.0170181280059193
"9675","9675",1586,1617,1625,0.0245901639344262
"11159","11159",1586,1617,1625,0.0245901639344262
"9676","9676",3591,3546,3568,-0.00640490114174325
"9677","9677",2649,2638,2638,-0.00415251038127595
"9678","9678",1402,1402,1492,0.0641940085592011
"9679","9679",2691,2743,3124,0.160906726124117
"9680","9680",8725,9389,7323,-0.160687679083095
"9681","9681",4242,4750,4789,0.128948609146629
"9682","9682",3753,3231,3370,-0.10205169197975
"9683","9683",6326,6574,6595,0.0425229212772684
"9684","9684",2529,2529,2509,-0.00790826413602214
"9685","9685",7430,7433,6995,-0.0585464333781965
"9686","9686",5185,6138,5925,0.142719382835101
"9687","9687",4804,4864,5171,0.0763946711074105
"9688","9688",7447,5745,5930,-0.203706190412247
"9689","9689",2083,2412,1761,-0.154584733557369
"10380","10380",2083,2412,1761,-0.154584733557369
"9690","9690",3153,3037,3482,0.104345068189026
"9691","9691",4372,4111,3814,-0.127630375114364
"9692","9692",8640,8631,7597,-0.120717592592593
"9693","9693",1370,1357,1357,-0.00948905109489051
"9694","9694",1983,2038,2025,0.0211800302571861
"9695","9695",3132,3408,2811,-0.102490421455939
"11112","11112",3132,3408,2811,-0.102490421455939
"9696","9696",1771,1976,1729,-0.0237154150197628
"9697","9697",2820,3076,2953,0.0471631205673759
"9698","9698",3429,3318,3141,-0.083989501312336
"9699","9699",3669,3890,3890,0.0602343962932679
"9700","9700",917,921,921,0.00436205016357688
"9701","9701",1542,1339,1339,-0.131647211413748
"9702","9702",2660,2924,2965,0.114661654135338
"9703","9703",1779,2127,1780,0.000562113546936481
"9737","9737",1779,2127,1780,0.000562113546936481
"11167","11167",1779,2127,1780,0.000562113546936481
"11410","11410",1779,2127,1780,0.000562113546936481
"9704","9704",2094,2096,2096,0.000955109837631328
"9705","9705",5485,6211,6181,0.126891522333637
"9706","9706",1643,1717,2089,0.271454656116859
"9707","9707",2779,2926,2842,0.0226700251889169
"9708","9708",1919,1928,1949,0.0156331422615946
"9709","9709",1590,1528,1439,-0.0949685534591195
"9710","9710",1833,1833,1833,0
"9712","9712",1353,1450,1450,0.0716925351071692
"9714","9714",3119,3860,2931,-0.0602757294004489
"9715","9715",1265,1265,1265,0
"9716","9716",2010,2002,2002,-0.00398009950248756
"9717","9717",2365,1998,2137,-0.0964059196617336
"9718","9718",3156,2528,2548,-0.192648922686946
"12805","12805",3156,2528,2548,-0.192648922686946
"9719","9719",2737,2736,2756,0.00694190719766167
"9720","9720",2029,2029,2029,0
"9721","9721",3804,3748,3942,0.0362776025236593
"9722","9722",4238,4233,4231,-0.00165172251061822
"9723","9723",3181,3295,3265,0.0264067903175102
"9724","9724",3695,3782,3644,-0.0138024357239513
"9725","9725",2724,2728,2877,0.0561674008810573
"9726","9726",1916,1916,1916,0
"16148","16148",1916,1916,1916,0
"9727","9727",2396,2630,2548,0.0634390651085142
"9728","9728",2482,2482,2482,0
"9729","9729",5872,6279,6010,0.0235013623978202
"9730","9730",1330,1215,1557,0.170676691729323
"9731","9731",1589,1576,1576,-0.00818124606670862
"9732","9732",5625,5669,5788,0.0289777777777778
"9733","9733",3091,3091,3269,0.0575865415723067
"9734","9734",1618,1613,1739,0.0747836835599506
"9735","9735",2732,3281,3313,0.212664714494876
"9736","9736",2334,1669,2382,0.0205655526992288
"9738","9738",1829,1830,1711,-0.0645161290322581
"9739","9739",6405,4823,4849,-0.242935206869633
"9740","9740",3057,2422,3123,0.0215897939156035
"9741","9741",1741,1813,1774,0.0189546237794371
"9742","9742",4631,4774,4486,-0.0313107320233211
"9743","9743",9044,8939,8937,-0.0118310482087572
"9744","9744",1952,1950,2653,0.359118852459016
"9745","9745",2486,2565,2565,0.0317779565567176
"9746","9746",2017,1918,1823,-0.0961824491819534
"19129","19129",2017,1918,1823,-0.0961824491819534
"9747","9747",1519,1519,1519,0
"9748","9748",1967,1642,1642,-0.165226232841891
"9749","9749",2976,3026,3266,0.0974462365591398
"9750","9750",3498,3265,3101,-0.11349342481418
"9751","9751",5632,5644,5632,0
"9752","9752",3265,3109,3118,-0.0450229709035222
"14948","14948",3265,3109,3118,-0.0450229709035222
"9753","9753",2520,2520,2686,0.0658730158730159
"9754","9754",1559,1649,1949,0.250160359204618
"13415","13415",1559,1649,1949,0.250160359204618
"9755","9755",3207,3299,3363,0.048643592142189
"9756","9756",2210,2354,2424,0.0968325791855204
"9757","9757",2513,2500,2501,-0.00477516912057302
"9758","9758",4355,4149,4149,-0.0473019517795637
"12235","12235",4355,4149,4149,-0.0473019517795637
"9759","9759",1231,1232,1232,0.000812347684809098
"15837","15837",1231,1232,1232,0.000812347684809098
"9760","9760",2448,2448,1386,-0.433823529411765
"12481","12481",2448,2448,1386,-0.433823529411765
"9761","9761",3964,4632,4434,0.118567103935419
"9762","9762",1504,1189,1189,-0.209441489361702
"9763","9763",5101,5108,4382,-0.14095275436189
"9765","9765",1267,1267,1267,0
"9766","9766",2334,2683,2335,0.000428449014567267
"11266","11266",2334,2683,2335,0.000428449014567267
"12451","12451",2334,2683,2335,0.000428449014567267
"9767","9767",4409,4606,4744,0.0759809480607848
"9768","9768",1926,1535,1524,-0.208722741433022
"9769","9769",3061,3049,2742,-0.10421430904933
"9770","9770",3436,1681,1703,-0.504365541327125
"9771","9771",2473,2421,2261,-0.0857258390618682
"9772","9772",6864,6899,8595,0.252185314685315
"9773","9773",1960,1999,2451,0.250510204081633
"9774","9774",2491,3160,3120,0.252509032517061
"9775","9775",4514,4560,4421,-0.0206025697828977
"9776","9776",2499,2557,2535,0.014405762304922
"9777","9777",4195,4191,3732,-0.110369487485101
"9778","9778",4858,4895,4895,0.007616303005352
"9779","9779",7707,7668,7325,-0.0495653302192812
"9780","9780",3991,3991,4612,0.155600100225507
"9781","9781",3002,2991,2674,-0.109260493004664
"9782","9782",4721,4786,4957,0.049989409023512
"9783","9783",1051,1117,1107,0.0532825880114177
"9784","9784",3836,3528,3445,-0.101929092805005
"9785","9785",2708,2791,2538,-0.0627769571639586
"9786","9786",3423,3462,3802,0.110721589249197
"9787","9787",3390,3070,3222,-0.0495575221238938
"9788","9788",2448,2717,2691,0.0992647058823529
"14861","14861",2448,2717,2691,0.0992647058823529
"9789","9789",1564,1712,1741,0.113171355498721
"19819","19819",1564,1712,1741,0.113171355498721
"9791","9791",6211,6211,6153,-0.00933827080985349
"9792","9792",3428,3430,2998,-0.125437572928821
"9793","9793",6743,6804,6789,0.0068218893667507
"9794","9794",2956,3162,2792,-0.0554803788903924
"9796","9796",2284,2234,2551,0.116900175131349
"9797","9797",3472,3552,4317,0.243375576036866
"9798","9798",966,966,963,-0.0031055900621118
"9799","9799",5547,5460,4876,-0.120966288083649
"9800","9800",2256,2256,2684,0.189716312056738
"9801","9801",3253,3226,3263,0.00307408545957578
"9802","9802",3074,2726,2658,-0.135328562134027
"9803","9803",7796,8359,8194,0.0510518214468958
"9804","9804",4273,4332,4189,-0.0196583196817224
"9805","9805",3055,3055,3000,-0.0180032733224223
"9806","9806",2591,2591,2661,0.0270165959089155
"9807","9807",4568,4554,4297,-0.0593257443082312
"9808","9808",3321,3328,3411,0.02710027100271
"15161","15161",3321,3328,3411,0.02710027100271
"9809","9809",5169,5050,5863,0.134261946217837
"9810","9810",1008,808,801,-0.205357142857143
"9811","9811",4212,4290,4206,-0.00142450142450142
"9812","9812",3920,3593,3263,-0.167602040816327
"9813","9813",5701,5573,5368,-0.0584108051219084
"9815","9815",1793,2058,2282,0.272727272727273
"9816","9816",2710,2651,2679,-0.0114391143911439
"9817","9817",731,777,777,0.0629274965800274
"9818","9818",2384,2033,2060,-0.135906040268456
"11140","11140",2384,2033,2060,-0.135906040268456
"16545","16545",2384,2033,2060,-0.135906040268456
"9819","9819",1974,1967,1952,-0.011144883485309
"9820","9820",5828,6024,5866,0.00652024708304736
"9821","9821",3451,3495,3312,-0.0402781802376123
"9822","9822",2096,2766,2530,0.20706106870229
"9824","9824",4974,4975,4835,-0.0279453156413349
"9825","9825",2707,2774,2169,-0.198743997044699
"9826","9826",1253,1216,1110,-0.114126097366321
"9827","9827",1153,1155,1152,-0.000867302688638335
"9828","9828",9300,9200,8581,-0.0773118279569893
"9829","9829",1699,1477,1459,-0.141259564449676
"9830","9830",3940,3989,2932,-0.255837563451777
"9831","9831",5844,5844,6022,0.0304585900068446
"9832","9832",3130,3483,3961,0.265495207667732
"9833","9833",3205,3263,3405,0.062402496099844
"9834","9834",2215,2108,2372,0.0708803611738149
"9835","9835",4508,4316,4317,-0.0423691215616681
"9836","9836",7258,7225,7450,0.0264535684761642
"9837","9837",4557,4554,5290,0.160851437349133
"9838","9838",2929,2928,2932,0.00102424035506999
"9839","9839",2274,2266,2298,0.0105540897097625
"9840","9840",2053,1572,1395,-0.320506575742815
"10055","10055",2053,1572,1395,-0.320506575742815
"17388","17388",2053,1572,1395,-0.320506575742815
"9842","9842",2289,2289,2397,0.0471821756225426
"9843","9843",2911,3460,3173,0.0900034352456201
"9844","9844",1901,1907,1908,0.00368227248816412
"9845","9845",6731,6779,6595,-0.0202050215421186
"9846","9846",1369,1397,1369,0
"9847","9847",6638,5583,5417,-0.183940946068093
"9848","9848",4842,5125,4464,-0.0780669144981413
"9849","9849",3155,3118,3121,-0.0107765451664025
"9850","9850",5674,7343,6588,0.161085653859711
"9851","9851",6768,7392,5266,-0.221926713947991
"9852","9852",4336,4323,3717,-0.142758302583026
"9853","9853",3137,3289,3475,0.107746254383169
"9854","9854",2443,2753,2753,0.126893164142448
"9855","9855",2436,2274,2274,-0.0665024630541872
"9856","9856",5489,5629,5351,-0.0251411914738568
"9857","9857",2859,2861,2713,-0.0510668065757258
"9858","9858",3699,4429,3637,-0.0167612868342795
"13449","13449",3699,4429,3637,-0.0167612868342795
"9860","9860",2702,2846,2387,-0.116580310880829
"9861","9861",3242,3242,3206,-0.0111042566317088
"9862","9862",2266,2268,2422,0.0688437775816417
"9863","9863",1553,1553,1859,0.19703799098519
"9864","9864",1507,1570,1384,-0.0816191108161911
"15805","15805",1507,1570,1384,-0.0816191108161911
"9865","9865",4129,4696,3992,-0.0331799467183337
"9866","9866",5663,5612,5161,-0.088645594208017
"9867","9867",3833,3841,4412,0.151056613618576
"9868","9868",4590,4551,4859,0.0586056644880174
"9869","9869",1496,1589,1589,0.0621657754010695
"9870","9870",2532,2544,2139,-0.15521327014218
"9871","9871",822,822,822,0
"9873","9873",3015,3017,3019,0.00132669983416252
"9874","9874",3051,3148,4054,0.328744673877417
"10070","10070",3051,3148,4054,0.328744673877417
"9875","9875",10754,9188,8611,-0.199274688488004
"9877","9877",2712,2256,2400,-0.115044247787611
"9878","9878",2613,2092,2865,0.0964408725602755
"10501","10501",2613,2092,2865,0.0964408725602755
"9879","9879",2608,2621,2591,-0.00651840490797546
"9881","9881",1023,1023,1318,0.288367546432063
"9882","9882",3070,3054,3321,0.0817589576547231
"9883","9883",5395,5930,6213,0.1516218721038
"9884","9884",1316,1561,1561,0.186170212765957
"9887","9887",4351,4304,4348,-0.000689496667432774
"9888","9888",5269,5518,5194,-0.0142342000379579
"9889","9889",2155,2155,1935,-0.102088167053364
"9890","9890",4511,4335,4491,-0.00443360673908224
"9891","9891",1521,1521,1521,0
"9892","9892",1125,1125,1129,0.00355555555555556
"9893","9893",6792,7088,5855,-0.137956419316843
"9894","9894",4500,4645,4419,-0.018
"9895","9895",3457,3686,3448,-0.0026034133641886
"9896","9896",1183,1183,1183,0
"9897","9897",2950,2947,2635,-0.106779661016949
"13244","13244",2950,2947,2635,-0.106779661016949
"9898","9898",1169,1169,1169,0
"9899","9899",2425,2381,2383,-0.017319587628866
"9900","9900",1872,1872,1867,-0.00267094017094017
"9901","9901",4776,4776,3961,-0.170644891122278
"9902","9902",5474,5471,5604,0.0237486298867373
"9903","9903",2310,2310,2345,0.0151515151515152
"9904","9904",1096,1565,1598,0.458029197080292
"9905","9905",5373,4562,4696,-0.126000372231528
"9906","9906",3353,3378,3497,0.0429466149716672
"9907","9907",7997,8068,6821,-0.14705514567963
"9908","9908",3229,3227,3461,0.0718488696190771
"9909","9909",3357,3390,3403,0.0137027107536491
"14521","14521",3357,3390,3403,0.0137027107536491
"9910","9910",2901,2941,2771,-0.0448121337469838
"9911","9911",5439,5466,5475,0.0066188637617209
"9912","9912",1215,1113,1113,-0.0839506172839506
"9913","9913",5155,5155,5144,-0.00213385063045587
"9914","9914",3038,2863,2593,-0.146477946017117
"9915","9915",2938,2660,2690,-0.0844111640571818
"9919","9919",1814,1890,2009,0.107497243660419
"9920","9920",4483,4889,4631,0.0330136069596252
"9921","9921",4089,4732,4733,0.157495720224994
"9922","9922",6581,6601,6687,0.0161069746239173
"9923","9923",6446,6174,6341,-0.016289171579274
"9924","9924",6336,6907,5609,-0.114741161616162
"9925","9925",2860,3397,2921,0.0213286713286713
"9926","9926",2126,2126,2126,0
"9928","9928",2346,2346,2558,0.0903665814151748
"9929","9929",5066,5046,4629,-0.086261350177655
"9930","9930",3136,3253,2982,-0.0491071428571429
"9931","9931",4843,4072,3814,-0.212471608507124
"9932","9932",883,883,876,-0.00792751981879955
"9933","9933",3963,3964,3964,0.000252334090335604
"9934","9934",12363,12265,12405,0.00339723368114535
"9935","9935",1392,1378,1385,-0.00502873563218391
"9936","9936",3663,3663,4732,0.291837291837292
"9937","9937",2057,2040,2595,0.261545940690326
"9938","9938",2031,1997,1998,-0.0162481536189069
"9939","9939",2838,2795,2697,-0.0496828752642706
"11592","11592",2838,2795,2697,-0.0496828752642706
"9940","9940",2327,2520,2270,-0.0244950580146111
"9941","9941",1085,1085,1085,0
"9942","9942",1997,2016,2065,0.0340510766149224
"13414","13414",1997,2016,2065,0.0340510766149224
"9943","9943",5629,5680,5282,-0.0616450524071771
"9944","9944",2396,2074,2077,-0.13313856427379
"9945","9945",2835,2512,2233,-0.212345679012346
"9946","9946",2184,2286,2175,-0.00412087912087912
"9948","9948",4470,4499,4444,-0.0058165548098434
"9949","9949",2296,2328,2252,-0.0191637630662021
"14508","14508",2296,2328,2252,-0.0191637630662021
"9950","9950",2362,2443,2400,0.0160880609652837
"9951","9951",3127,2984,2942,-0.059162136232811
"9952","9952",1068,1068,1034,-0.0318352059925094
"9953","9953",2854,2708,3202,0.121934127540294
"11526","11526",2854,2708,3202,0.121934127540294
"9954","9954",2346,2346,2346,0
"9955","9955",1221,1221,1155,-0.0540540540540541
"9956","9956",1223,1224,1224,0.000817661488143908
"9958","9958",7539,8083,7348,-0.0253349250563735
"9959","9959",1498,1492,1363,-0.0901201602136182
"9960","9960",6874,6876,6182,-0.100669188245563
"9961","9961",9392,9381,8108,-0.136712095400341
"9962","9962",6069,6467,6040,-0.0047783819410117
"9963","9963",4637,4698,4585,-0.0112141470778521
"17517","17517",4637,4698,4585,-0.0112141470778521
"9964","9964",4232,4631,4043,-0.0446597353497164
"9965","9965",3903,3909,3914,0.00281834486292595
"9966","9966",2773,2701,2725,-0.0173097728092319
"9967","9967",3020,3115,3128,0.0357615894039735
"9968","9968",837,837,837,0
"19201","19201",837,837,837,0
"9969","9969",1833,1828,1828,-0.00272776868521549
"9970","9970",989,989,901,-0.0889787664307381
"9971","9971",2979,3429,2833,-0.049009734810339
"9972","9972",1753,1762,1729,-0.0136908157444381
"9973","9973",2683,2747,2830,0.0547894148341409
"19291","19291",2683,2747,2830,0.0547894148341409
"9974","9974",3212,3098,2883,-0.102428393524284
"9975","9975",2055,2257,1763,-0.142092457420925
"9976","9976",3021,2691,2625,-0.131082423038729
"9977","9977",2367,2345,2349,-0.00760456273764259
"9979","9979",1983,2023,2451,0.236006051437216
"9980","9980",4251,4122,3922,-0.0773935544577746
"9981","9981",7029,5486,5107,-0.273438611466781
"9982","9982",1906,2088,2032,0.0661070304302204
"9983","9983",2297,2216,2707,0.178493687418372
"12590","12590",2297,2216,2707,0.178493687418372
"9984","9984",2350,2350,2392,0.0178723404255319
"9985","9985",3127,2363,2415,-0.227694275663575
"15536","15536",3127,2363,2415,-0.227694275663575
"9986","9986",2411,2491,2764,0.146412277063459
"9987","9987",2422,2818,2468,0.0189925681255161
"9988","9988",2358,1951,1874,-0.205258693808312
"9989","9989",1071,1071,883,-0.175536881419234
"9990","9990",1893,2208,1911,0.00950871632329636
"9991","9991",2566,2566,2578,0.00467653936087295
"14004","14004",2566,2566,2578,0.00467653936087295
"9992","9992",3118,3452,3129,0.00352790250160359
"9993","9993",4573,4212,4134,-0.0959982506013558
"9994","9994",2248,2248,2248,0
"9995","9995",4462,4374,4351,-0.0248767368892873
"9996","9996",3215,3005,3948,0.227993779160187
"13440","13440",3215,3005,3948,0.227993779160187
"9997","9997",2445,2445,2445,0
"9998","9998",2740,2739,2787,0.0171532846715328
"9999","9999",4249,4100,4125,-0.0291833372558249
"10000","10000",2846,2809,2812,-0.0119465917076599
"10001","10001",2028,2378,2754,0.357988165680473
"10002","10002",2760,2356,2354,-0.147101449275362
"10003","10003",4319,4293,4321,0.000463070155128502
"10004","10004",2055,2055,2055,0
"11798","11798",2055,2055,2055,0
"10005","10005",3214,3218,3208,-0.00186683260734287
"10006","10006",3490,3610,3609,0.0340974212034384
"10007","10007",3777,3833,4166,0.102991792427853
"10008","10008",823,803,926,0.125151883353584
"10009","10009",1183,1185,1390,0.17497886728656
"10010","10010",1787,2828,2230,0.247901510912143
"18545","18545",1787,2828,2230,0.247901510912143
"10011","10011",5636,5636,5695,0.0104684173172463
"10012","10012",1736,1649,1649,-0.0501152073732719
"10013","10013",1964,1827,1884,-0.0407331975560081
"10014","10014",4055,4097,4059,0.000986436498150432
"10015","10015",4520,4520,4490,-0.00663716814159292
"10016","10016",4464,4387,4963,0.111783154121864
"10017","10017",2427,2420,2247,-0.0741656365883807
"10018","10018",3011,3009,3036,0.00830288940551312
"10019","10019",1905,1905,1867,-0.0199475065616798
"10020","10020",7473,7421,6033,-0.192693697310317
"10021","10021",2132,3410,2599,0.219043151969981
"14667","14667",2132,3410,2599,0.219043151969981
"10022","10022",3018,3017,3017,-0.000331345261762757
"10023","10023",3895,3895,4308,0.106033376123235
"10024","10024",2165,2155,2155,-0.0046189376443418
"10025","10025",2110,2115,2465,0.16824644549763
"15608","15608",2110,2115,2465,0.16824644549763
"10026","10026",1418,1418,1418,0
"10027","10027",6704,5357,5354,-0.2013723150358
"10028","10028",1409,1569,1538,0.0915542938254081
"10029","10029",3681,3449,3371,-0.0842162455854387
"10030","10030",6629,6627,6458,-0.0257957459647006
"10031","10031",3377,3376,3335,-0.0124370743263251
"10032","10032",1935,1935,1868,-0.034625322997416
"10033","10033",1807,1871,1759,-0.0265633646928611
"10034","10034",2441,2463,2604,0.0667759115116755
"10035","10035",2952,3175,3142,0.0643631436314363
"10036","10036",2513,2203,2029,-0.192598487863112
"10037","10037",1278,1278,1281,0.00234741784037559
"10039","10039",4856,5304,5121,0.0545716639209226
"10042","10042",3257,3332,3235,-0.00675468222290451
"10043","10043",3346,3317,3001,-0.103108188882247
"10044","10044",3654,4741,4755,0.301313628899836
"10045","10045",10116,10365,9936,-0.0177935943060498
"10046","10046",3109,2981,2843,-0.0855580572531361
"10047","10047",3885,4033,4038,0.0393822393822394
"10048","10048",2949,2609,2904,-0.0152594099694812
"10049","10049",5034,4922,4744,-0.0576082638061184
"10050","10050",4201,4205,3587,-0.14615567721971
"10051","10051",629,629,720,0.144674085850556
"10052","10052",2828,2827,2831,0.00106082036775106
"10053","10053",2811,2750,2487,-0.115261472785486
"10054","10054",1939,2332,2222,0.145951521402785
"10060","10060",1939,2332,2222,0.145951521402785
"10056","10056",2188,2239,2276,0.0402193784277879
"10057","10057",4896,4883,5075,0.0365604575163399
"10058","10058",2041,2023,2023,-0.00881920627143557
"10059","10059",2873,2815,2638,-0.0817960320222764
"10061","10061",7966,7962,7864,-0.0128044187798142
"10062","10062",961,1001,1001,0.0416233090530697
"10063","10063",8711,8815,8290,-0.0483296980828837
"10064","10064",3175,3498,3188,0.00409448818897638
"10065","10065",2354,2307,2284,-0.0297366185216653
"10066","10066",4052,4238,3854,-0.0488647581441264
"10067","10067",3771,3769,4705,0.247679660567489
"10068","10068",2838,3769,3512,0.237491190979563
"10071","10071",5774,5811,5598,-0.0304814686525805
"10072","10072",7703,7820,7698,-0.000649097754121771
"10073","10073",10887,10890,10805,-0.00753191880224121
"10074","10074",5396,5391,4504,-0.165307635285397
"10075","10075",2437,2516,2457,0.00820681165367255
"10077","10077",4994,4999,4866,-0.0256307569082899
"10078","10078",2639,2636,2640,0.000378931413414172
"10079","10079",1916,1935,2205,0.150835073068894
"10080","10080",2012,1218,1241,-0.383200795228628
"10081","10081",1377,1380,1380,0.00217864923747277
"10082","10082",5194,5193,5174,-0.00385059684251059
"10083","10083",10703,10169,10143,-0.052321778940484
"10084","10084",3680,3735,3493,-0.0508152173913043
"10085","10085",4026,3549,3491,-0.132886239443616
"10087","10087",7722,8166,7396,-0.0422170422170422
"10088","10088",1476,1446,1376,-0.0677506775067751
"10089","10089",1059,994,1140,0.0764872521246459
"10090","10090",5472,5472,5282,-0.0347222222222222
"10092","10092",2515,2604,2604,0.0353876739562624
"10093","10093",2838,2488,2488,-0.123326286116984
"10094","10094",1682,1682,1682,0
"10095","10095",2580,2556,2358,-0.086046511627907
"10097","10097",940,960,960,0.0212765957446809
"10098","10098",2133,2085,2086,-0.0220346929207689
"10099","10099",1631,1639,1639,0.00490496627835684
"10101","10101",2511,2496,2648,0.0545599362803664
"10102","10102",2877,2909,2916,0.013555787278415
"10103","10103",2848,2813,2535,-0.109901685393258
"10104","10104",1569,1564,1799,0.146590184831103
"15625","15625",1569,1564,1799,0.146590184831103
"10105","10105",3164,3056,3056,-0.034134007585335
"10106","10106",1810,1810,1809,-0.000552486187845304
"10107","10107",2323,2840,2565,0.1041756349548
"10108","10108",3070,2915,3332,0.0853420195439739
"10109","10109",5057,4899,4809,-0.0490409333596994
"10110","10110",3405,3467,3467,0.018208516886931
"10111","10111",3003,2980,2751,-0.0839160839160839
"10112","10112",2155,2054,1823,-0.154060324825986
"10113","10113",1446,1446,2182,0.508990318118949
"10114","10114",1098,1097,1097,-0.000910746812386157
"10115","10115",4915,4680,4421,-0.100508646998983
"10116","10116",1231,1233,1233,0.0016246953696182
"10117","10117",6013,4863,5218,-0.132213537335772
"10118","10118",6656,7441,6819,0.0244891826923077
"10119","10119",2010,2010,1997,-0.00646766169154229
"10120","10120",5796,5791,5063,-0.126466528640442
"10121","10121",2401,2401,2646,0.102040816326531
"10122","10122",3483,3347,3146,-0.0967556703990813
"10123","10123",2296,2296,2179,-0.0509581881533101
"10124","10124",841,845,942,0.120095124851367
"10125","10125",2927,2939,3011,0.0286983259309874
"10126","10126",1297,1298,1360,0.0485736314572089
"10127","10127",1698,1585,1993,0.173733804475854
"10128","10128",2515,2470,2512,-0.00119284294234592
"10129","10129",7351,6792,6972,-0.0515576112093593
"10130","10130",3443,3333,3356,-0.0252686610514087
"10131","10131",5977,5997,6116,0.0232558139534884
"10132","10132",2438,2748,2748,0.127153404429861
"10133","10133",11209,11694,11717,0.0453207244178785
"10134","10134",9077,8965,8792,-0.0313980389996695
"10135","10135",3571,3394,3815,0.0683281993839261
"10136","10136",3291,3749,3574,0.0859920996657551
"10137","10137",3170,3319,3062,-0.0340694006309148
"10138","10138",3423,3423,3416,-0.00204498977505112
"10139","10139",2909,2177,2148,-0.261601925060158
"10140","10140",1539,1539,1542,0.00194931773879142
"10141","10141",4966,4966,3734,-0.248086991542489
"10142","10142",8496,8485,8365,-0.0154190207156309
"10144","10144",1657,1616,1644,-0.00784550392275196
"10145","10145",4224,4224,4106,-0.0279356060606061
"10146","10146",4247,3810,4753,0.119142924417236
"10147","10147",5179,5299,4835,-0.0664220892064105
"10148","10148",813,1307,1189,0.462484624846248
"10149","10149",2830,2830,1884,-0.334275618374558
"10150","10150",5171,5467,5621,0.0870237865016438
"10151","10151",3906,3780,3639,-0.0683563748079877
"19883","19883",3906,3780,3639,-0.0683563748079877
"10152","10152",2012,1996,1952,-0.0298210735586481
"10154","10154",1567,1756,1214,-0.225271218889598
"16530","16530",1567,1756,1214,-0.225271218889598
"10155","10155",7751,7731,7098,-0.0842471939104632
"10156","10156",3146,3144,3376,0.0731087094723458
"10158","10158",4552,4554,4281,-0.0595342706502636
"10160","10160",3832,4049,3930,0.0255741127348643
"10161","10161",3002,3002,3002,0
"10163","10163",3936,4101,4037,0.0256605691056911
"10164","10164",2634,2589,3126,0.186788154897494
"10165","10165",3505,3526,3527,0.00627674750356633
"10166","10166",2661,2550,2456,-0.0770387072529124
"10167","10167",5791,5829,5921,0.0224486271801071
"10168","10168",4997,4572,4903,-0.0188112867720632
"10169","10169",13290,14174,13197,-0.00699774266365689
"10170","10170",3263,3389,3338,0.0229849831443457
"10171","10171",1797,2152,1711,-0.0478575403450195
"10173","10173",2876,2864,2877,0.000347705146036161
"10174","10174",2170,2042,2251,0.0373271889400922
"10514","10514",2170,2042,2251,0.0373271889400922
"10176","10176",2098,2098,2098,0
"10177","10177",2453,2482,1828,-0.254790052996331
"10404","10404",2453,2482,1828,-0.254790052996331
"12101","12101",2453,2482,1828,-0.254790052996331
"10178","10178",1890,1890,1879,-0.00582010582010582
"10714","10714",1890,1890,1879,-0.00582010582010582
"10180","10180",1464,1462,1450,-0.00956284153005465
"10181","10181",5385,5247,5255,-0.0241411327762303
"10182","10182",6914,6907,6463,-0.0652299681805033
"10183","10183",3025,3286,3114,0.0294214876033058
"14678","14678",3025,3286,3114,0.0294214876033058
"10184","10184",1384,1425,1463,0.0570809248554913
"10187","10187",2040,2042,2310,0.132352941176471
"10188","10188",6113,6368,6025,-0.0143955504662195
"10189","10189",3923,4523,3864,-0.0150395105786388
"10190","10190",870,1064,1023,0.175862068965517
"10191","10191",2415,2415,2414,-0.00041407867494824
"10192","10192",4533,4533,3353,-0.260313258327818
"10193","10193",1412,1404,1626,0.151558073654391
"13338","13338",1412,1404,1626,0.151558073654391
"10194","10194",1637,1666,1666,0.0177153329260843
"10195","10195",6288,6656,7247,0.15251272264631
"10196","10196",4755,4619,3942,-0.170977917981073
"10197","10197",4473,4048,4383,-0.0201207243460765
"10198","10198",5631,5631,5500,-0.0232640738767537
"10199","10199",2926,2554,2416,-0.174299384825701
"10200","10200",858,858,887,0.0337995337995338
"10201","10201",5211,4215,4234,-0.187488006140856
"10202","10202",3760,3224,3530,-0.0611702127659574
"10203","10203",3926,4052,4066,0.0356597045338767
"10204","10204",5347,5636,6931,0.296240882737984
"10205","10205",2599,2719,2512,-0.0334744132358599
"10206","10206",5444,5476,5319,-0.0229610580455547
"10207","10207",2967,2906,2841,-0.0424671385237614
"10208","10208",2588,2315,2564,-0.00927357032457496
"10209","10209",7177,7071,6868,-0.0430542009196043
"10210","10210",2001,1335,1332,-0.334332833583208
"10211","10211",4986,5027,4981,-0.00100280786201364
"10212","10212",1676,1710,2247,0.340692124105012
"10213","10213",3737,4319,4264,0.141022210329141
"10214","10214",2734,2845,2766,0.0117044623262619
"10215","10215",1220,1220,1212,-0.00655737704918033
"10216","10216",4254,4529,4118,-0.0319699106723084
"10217","10217",4094,4078,4052,-0.0102589154860772
"10218","10218",7802,7769,7088,-0.0915149961548321
"10219","10219",2386,2404,2412,0.010896898575021
"10220","10220",3585,3087,3176,-0.114086471408647
"10221","10221",2110,2110,2104,-0.0028436018957346
"10222","10222",1040,992,1069,0.0278846153846154
"10223","10223",5031,5036,5042,0.00218644404690916
"10224","10224",9380,10073,9727,0.0369936034115139
"10225","10225",2726,2727,2727,0.000366837857666911
"10226","10226",1951,2034,2125,0.0891850333162481
"13384","13384",1951,2034,2125,0.0891850333162481
"16588","16588",1951,2034,2125,0.0891850333162481
"10228","10228",11214,11263,9997,-0.10852505796326
"10229","10229",4343,4222,4358,0.00345383375546857
"10230","10230",1733,1708,1710,-0.0132717830351991
"10231","10231",3276,3451,2872,-0.123321123321123
"10232","10232",4760,4722,4689,-0.0149159663865546
"10233","10233",4161,4080,3829,-0.0797885123768325
"10234","10234",3564,3563,3568,0.00112233445566779
"10235","10235",2641,2772,2767,0.0477092010602045
"10236","10236",1935,1950,2186,0.129715762273902
"10237","10237",3758,3700,3733,-0.00665247472059606
"10238","10238",2147,2038,2038,-0.0507685142058687
"10239","10239",8150,8894,8196,0.0056441717791411
"10240","10240",2119,2119,2121,0.000943841434638981
"10241","10241",2737,2764,3811,0.392400438436244
"10242","10242",2192,2958,2957,0.348996350364964
"10243","10243",2331,2464,2484,0.0656370656370656
"10244","10244",3624,4148,4142,0.142935982339956
"10245","10245",1816,1974,1973,0.0864537444933921
"10246","10246",1778,1974,1983,0.115298087739033
"13487","13487",1778,1974,1983,0.115298087739033
"10247","10247",2802,2783,2426,-0.134189864382584
"10248","10248",978,972,973,-0.00511247443762781
"10249","10249",3854,4530,3957,0.0267254800207577
"12944","12944",3854,4530,3957,0.0267254800207577
"10250","10250",8704,7119,7779,-0.106272977941176
"10251","10251",3744,3743,3633,-0.0296474358974359
"10253","10253",3491,3491,3490,-0.000286450873675165
"10254","10254",2350,3368,2992,0.273191489361702
"10255","10255",2024,2076,2155,0.0647233201581028
"19647","19647",2024,2076,2155,0.0647233201581028
"10256","10256",2520,2462,2462,-0.023015873015873
"10257","10257",3545,3635,3641,0.027080394922426
"10258","10258",3126,3101,3094,-0.0102367242482406
"10260","10260",1355,1365,1419,0.0472324723247232
"10261","10261",1131,1133,1128,-0.0026525198938992
"10262","10262",1488,1886,1734,0.165322580645161
"12993","12993",1488,1886,1734,0.165322580645161
"10263","10263",5380,5381,5145,-0.0436802973977695
"10264","10264",1389,1635,1635,0.177105831533477
"10265","10265",1899,1900,1890,-0.004739336492891
"10266","10266",2445,2819,2818,0.152556237218814
"10267","10267",3138,3376,3132,-0.00191204588910134
"14227","14227",3138,3376,3132,-0.00191204588910134
"10268","10268",2521,2824,2499,-0.00872669575565252
"18825","18825",2521,2824,2499,-0.00872669575565252
"10269","10269",2305,2305,2246,-0.0255965292841649
"10270","10270",963,1152,1236,0.283489096573209
"10271","10271",1879,1877,2637,0.403406067056945
"10272","10272",3045,3038,2654,-0.128407224958949
"10273","10273",2175,1990,2989,0.374252873563218
"10274","10274",4297,4594,4699,0.0935536420758669
"12910","12910",4297,4594,4699,0.0935536420758669
"10275","10275",2609,2607,2210,-0.15293215791491
"10276","10276",1815,2210,2055,0.132231404958678
"10277","10277",1943,1858,1972,0.0149253731343284
"13783","13783",1943,1858,1972,0.0149253731343284
"10278","10278",4117,4218,4245,0.0310905999514209
"10279","10279",2885,2854,2983,0.0339688041594454
"10280","10280",542,542,542,0
"10281","10281",5738,5722,6134,0.0690135935866155
"10282","10282",6740,6740,6332,-0.0605341246290801
"10283","10283",6429,6055,5843,-0.0911494789236273
"10284","10284",2079,2050,2070,-0.00432900432900433
"10285","10285",7819,7731,5958,-0.238009975700217
"10287","10287",4689,4379,4117,-0.121987630624867
"10289","10289",4097,3921,3956,-0.0344154259214059
"10290","10290",6126,6114,6013,-0.0184459680052236
"10291","10291",3928,3921,4350,0.107433808553971
"10292","10292",6203,6209,5538,-0.107206190552958
"10293","10293",3966,3764,3985,0.00479072112960161
"10294","10294",4009,4005,4546,0.133948615614867
"10295","10295",6355,6522,6552,0.0309992132179386
"10296","10296",4226,4191,4421,0.0461429247515381
"10297","10297",3310,3835,3387,0.0232628398791541
"10298","10298",3707,3317,3361,-0.0933369301321824
"10299","10299",1068,1028,1125,0.0533707865168539
"10300","10300",4240,4287,5185,0.222877358490566
"10301","10301",1244,1152,1152,-0.0739549839228296
"10302","10302",2968,3691,3266,0.100404312668464
"10303","10303",1085,1085,1085,0
"10304","10304",8888,9321,8550,-0.038028802880288
"10305","10305",4758,4776,4318,-0.0924758301807482
"10306","10306",7204,7201,7293,0.0123542476401999
"10307","10307",4605,4606,4587,-0.00390879478827362
"10308","10308",4299,4193,4073,-0.0525703652012096
"10309","10309",7248,7247,7272,0.0033112582781457
"10312","10312",5599,5602,5616,0.00303625647437042
"10314","10314",1709,2090,2097,0.227033352837917
"10315","10315",4483,4482,4479,-0.000892259647557439
"10316","10316",2681,2791,2646,-0.0130548302872063
"10317","10317",2263,2444,2086,-0.0782147591692444
"10318","10318",6662,6628,6600,-0.00930651456019213
"10319","10319",2220,2219,2216,-0.0018018018018018
"10320","10320",1813,1830,1807,-0.00330943188086045
"10321","10321",967,1211,1211,0.252326783867632
"10322","10322",1479,1486,1486,0.00473292765382015
"18136","18136",1479,1486,1486,0.00473292765382015
"10323","10323",2612,2830,3155,0.207886676875957
"10324","10324",2943,2943,2985,0.0142711518858308
"10326","10326",2483,2649,2493,0.00402738622633911
"10327","10327",10385,10230,9884,-0.0482426576793452
"10328","10328",6000,6002,6094,0.0156666666666667
"10330","10330",4845,4785,4547,-0.0615067079463364
"10331","10331",3433,3424,3516,0.0241771045732595
"10332","10332",5189,5191,4939,-0.0481788398535363
"10333","10333",3339,3339,2393,-0.283318358790057
"10334","10334",2582,2544,2532,-0.0193648334624322
"10335","10335",1160,1160,1278,0.101724137931034
"10336","10336",1674,1674,1674,0
"10337","10337",3564,3431,3170,-0.110549943883277
"10338","10338",3885,4668,3969,0.0216216216216216
"10340","10340",2400,2400,2399,-0.000416666666666667
"10341","10341",4292,4121,3554,-0.171947809878844
"10342","10342",2409,2247,2454,0.0186799501867995
"10343","10343",1109,1070,1070,-0.0351668169522092
"10344","10344",3486,3447,3536,0.0143430866322433
"10345","10345",2049,2030,1866,-0.089311859443631
"10346","10346",1263,1263,1265,0.00158353127474268
"10348","10348",2677,2674,2671,-0.00224131490474412
"10349","10349",2258,2389,2307,0.0217006200177148
"10350","10350",1438,1751,1750,0.216968011126565
"17213","17213",1438,1751,1750,0.216968011126565
"10351","10351",1129,1122,1138,0.00797165633303809
"10352","10352",4332,3866,3847,-0.111957525392428
"10353","10353",13108,12801,13779,0.0511901129081477
"10354","10354",5747,6302,5929,0.0316686967113276
"10355","10355",1486,1486,1468,-0.0121130551816958
"10356","10356",2199,2214,2420,0.10050022737608
"10357","10357",3267,3107,3107,-0.0489745944291399
"10358","10358",3703,3705,3698,-0.00135025654874426
"13707","13707",3703,3705,3698,-0.00135025654874426
"10359","10359",6096,6637,6097,0.000164041994750656
"10360","10360",1838,2246,2315,0.259521218715996
"10361","10361",2102,2102,2103,0.000475737392959087
"10362","10362",4553,4246,4385,-0.0368987480781902
"10363","10363",2193,1590,1590,-0.274965800273598
"10364","10364",1644,1662,1658,0.00851581508515815
"10365","10365",4085,4119,3914,-0.0418604651162791
"10366","10366",1903,1903,1884,-0.00998423541776143
"10367","10367",1435,1436,1436,0.000696864111498258
"10369","10369",3097,3229,3225,0.0413303196641912
"10370","10370",4808,4998,4969,0.0334858569051581
"10371","10371",1572,1634,1572,0
"19961","19961",1572,1634,1572,0
"10372","10372",2898,2916,2915,0.00586611456176674
"10373","10373",1578,1578,1578,0
"10374","10374",3154,3187,3029,-0.0396322130627774
"10375","10375",3375,3515,2815,-0.165925925925926
"10376","10376",3337,3338,3338,0.000299670362601139
"10377","10377",4001,4001,4308,0.0767308172956761
"10378","10378",932,932,838,-0.100858369098712
"13739","13739",932,932,838,-0.100858369098712
"10379","10379",3765,4107,3068,-0.185126162018592
"10381","10381",3603,3416,3837,0.0649458784346378
"10382","10382",3257,3257,2969,-0.0884249309180227
"10383","10383",3812,3805,3111,-0.18389296956978
"10384","10384",3605,3588,3588,-0.00471567267683773
"10385","10385",4265,4308,3638,-0.147010550996483
"10387","10387",2297,2297,2247,-0.021767522855899
"10389","10389",1685,1632,1689,0.00237388724035608
"10390","10390",3309,3482,3486,0.0534904805077063
"10392","10392",2018,2095,2186,0.0832507433102081
"10393","10393",2763,2763,2763,0
"10394","10394",1625,1373,1750,0.0769230769230769
"10395","10395",9051,9037,9032,-0.00209921555629212
"10396","10396",4803,3829,3275,-0.318134499271289
"10397","10397",1122,1122,1121,-0.00089126559714795
"10399","10399",2700,3190,2782,0.0303703703703704
"10400","10400",4990,5013,5093,0.0206412825651303
"10401","10401",4343,4411,4413,0.0161178908588533
"10402","10402",4524,4972,4721,0.0435455349248453
"10405","10405",2845,2863,2926,0.0284710017574692
"10406","10406",2735,2971,2969,0.0855575868372943
"10407","10407",2412,2412,2449,0.0153399668325041
"10408","10408",2677,2646,2601,-0.0283899887934255
"10409","10409",2144,2177,1834,-0.144589552238806
"10410","10410",863,1285,1338,0.550405561993047
"10411","10411",1641,1641,1641,0
"12871","12871",1641,1641,1641,0
"10412","10412",3804,3793,3619,-0.0486330178759201
"10413","10413",2634,2541,2396,-0.0903568716780562
"11295","11295",2634,2541,2396,-0.0903568716780562
"10414","10414",2646,2685,2824,0.0672713529856387
"10415","10415",2404,2643,2715,0.12936772046589
"10416","10416",5790,5840,5649,-0.0243523316062176
"10417","10417",3901,3827,3309,-0.151755960010254
"10418","10418",1429,1429,1427,-0.00139958012596221
"10419","10419",5540,5128,5990,0.0812274368231047
"10420","10420",2270,2594,2269,-0.000440528634361233
"10421","10421",2217,2280,2229,0.0054127198917456
"10423","10423",1153,1153,1144,-0.00780572419774501
"10424","10424",2155,2155,1999,-0.0723897911832947
"10425","10425",5772,6262,6260,0.0845460845460845
"10426","10426",1085,1085,1085,0
"10427","10427",2883,2863,3701,0.283732223378425
"10428","10428",2163,3074,2302,0.0642625982431808
"14602","14602",2163,3074,2302,0.0642625982431808
"10429","10429",1833,1956,2045,0.115657392253137
"10430","10430",11309,11185,11201,-0.00954991599610929
"10432","10432",3608,2515,3633,0.0069290465631929
"10433","10433",2530,3848,3461,0.36798418972332
"15757","15757",2530,3848,3461,0.36798418972332
"10434","10434",1733,1544,1591,-0.0819388343912291
"10435","10435",3875,3699,3986,0.0286451612903226
"10436","10436",5253,5473,5451,0.0376927470017133
"10438","10438",1927,1927,1930,0.00155682407887909
"10439","10439",4310,4466,4899,0.136658932714617
"10441","10441",3021,3021,2991,-0.0099304865938431
"10442","10442",6414,6411,6497,0.0129404427814157
"10443","10443",2018,1983,2089,0.035183349851338
"10444","10444",3425,3400,3482,0.0166423357664234
"10445","10445",1590,2380,2336,0.469182389937107
"10446","10446",1745,1745,1734,-0.00630372492836676
"10447","10447",3111,3111,3111,0
"10448","10448",1182,997,1105,-0.0651438240270728
"10449","10449",1201,1201,1201,0
"10450","10450",8709,8051,8202,-0.058215638994144
"10451","10451",2969,2943,2955,-0.00471539238800943
"10453","10453",3037,3030,2914,-0.0405004939084623
"10454","10454",2710,3193,3159,0.165682656826568
"10456","10456",1175,1170,1170,-0.00425531914893617
"10457","10457",11657,11968,11311,-0.0296817362957879
"10458","10458",3243,3239,3221,-0.00678384212149245
"10459","10459",2097,1934,2327,0.10968049594659
"10460","10460",2019,2019,2323,0.150569588905399
"10461","10461",2270,2457,2405,0.0594713656387665
"10464","10464",3682,3692,3108,-0.155893536121673
"10465","10465",3953,3956,3223,-0.184669870984063
"10466","10466",1382,1382,1446,0.0463096960926194
"10467","10467",1369,1371,1371,0.0014609203798393
"10468","10468",4995,4363,4314,-0.136336336336336
"10469","10469",2322,2400,2341,0.00818260120585702
"10470","10470",1435,1431,1431,-0.00278745644599303
"10471","10471",1440,1440,1439,-0.000694444444444444
"10472","10472",1944,1907,1906,-0.0195473251028807
"10473","10473",1938,1964,3075,0.586687306501548
"10474","10474",4567,3872,4624,0.0124808408145391
"10476","10476",3356,3356,3347,-0.00268176400476758
"10477","10477",3855,3802,2820,-0.268482490272374
"10478","10478",13482,14123,14047,0.0419077288236167
"10479","10479",3802,3623,3755,-0.0123619147816938
"10480","10480",3592,3692,3525,-0.018652561247216
"10481","10481",4453,4381,3875,-0.129800134740624
"10482","10482",2150,1723,1723,-0.198604651162791
"10483","10483",2367,2367,2371,0.00168990283058724
"10485","10485",3320,2489,2859,-0.138855421686747
"12193","12193",3320,2489,2859,-0.138855421686747
"10486","10486",3139,3122,3071,-0.0216629499840714
"10488","10488",1661,1661,1447,-0.128838049367851
"10489","10489",3713,3706,3587,-0.0339348235927821
"10490","10490",960,960,956,-0.00416666666666667
"10492","10492",2637,2671,2685,0.0182025028441411
"10635","10635",2637,2671,2685,0.0182025028441411
"10493","10493",3215,3261,2710,-0.157076205287714
"13077","13077",3215,3261,2710,-0.157076205287714
"10494","10494",5290,5218,5223,-0.0126654064272212
"10495","10495",2520,3016,2864,0.136507936507936
"10496","10496",1736,1500,1470,-0.153225806451613
"10497","10497",916,1041,997,0.0884279475982533
"10498","10498",1525,1530,1583,0.0380327868852459
"10499","10499",2327,2318,2269,-0.0249247958745165
"19828","19828",2327,2318,2269,-0.0249247958745165
"10500","10500",8484,7622,7593,-0.105021216407355
"10502","10502",4423,4164,4424,0.000226090888537192
"10503","10503",5876,7122,7493,0.275187202178353
"10504","10504",2943,2943,3165,0.0754332313965341
"10505","10505",3317,3310,3588,0.0817003316249623
"10506","10506",2536,2536,1825,-0.280362776025237
"10507","10507",2063,2057,1657,-0.196800775569559
"10508","10508",2887,2515,2113,-0.26809837201247
"10509","10509",3891,4466,4148,0.0660498586481624
"11162","11162",3891,4466,4148,0.0660498586481624
"10510","10510",4595,4829,3824,-0.167791077257889
"10511","10511",1197,1144,1289,0.076858813700919
"10512","10512",4189,4177,4547,0.0854619240868943
"10513","10513",5201,5457,5148,-0.0101903480099981
"10515","10515",2276,2227,2205,-0.031195079086116
"10516","10516",2760,2586,2554,-0.0746376811594203
"10517","10517",1168,1259,1259,0.0779109589041096
"10518","10518",6195,6287,6052,-0.0230831315577078
"10519","10519",550,515,517,-0.06
"10520","10520",4029,3982,4388,0.0891039960287913
"10521","10521",3018,3019,3021,0.00099403578528827
"10522","10522",1118,1118,938,-0.161001788908766
"10523","10523",4047,3965,4012,-0.00864838151717321
"10524","10524",3059,3040,2746,-0.102321019941157
"10525","10525",1446,1434,1411,-0.0242047026279391
"10526","10526",3359,3118,3119,-0.0714498362607919
"10527","10527",3725,2904,3178,-0.146845637583893
"10528","10528",6069,6482,5312,-0.124732245839512
"10529","10529",3870,4395,3616,-0.0656330749354005
"10530","10530",4758,4722,3668,-0.229087852038672
"10531","10531",4396,4396,4391,-0.00113739763421292
"10532","10532",1172,1172,1132,-0.0341296928327645
"10533","10533",1910,2361,2551,0.335602094240838
"10534","10534",4570,4565,4667,0.0212253829321663
"10535","10535",9365,9335,8363,-0.106994127068873
"10536","10536",1082,1082,1145,0.0582255083179298
"10537","10537",8301,8054,8526,0.0271051680520419
"10538","10538",1400,1278,1319,-0.0578571428571429
"10539","10539",1590,2343,1548,-0.0264150943396226
"10540","10540",1036,988,841,-0.188223938223938
"10541","10541",4307,4338,4338,0.00719758532621314
"10542","10542",2287,2287,2287,0
"10543","10543",3276,2918,2947,-0.10042735042735
"10544","10544",6052,5806,5228,-0.13615333773959
"10545","10545",2292,2292,2292,0
"13128","13128",2292,2292,2292,0
"10546","10546",2338,2170,2179,-0.0680068434559453
"19949","19949",2338,2170,2179,-0.0680068434559453
"10547","10547",2836,2836,2624,-0.07475317348378
"10548","10548",7514,7593,8070,0.0739952089433058
"10550","10550",2880,2861,2733,-0.0510416666666667
"10551","10551",790,791,791,0.00126582278481013
"10552","10552",1575,1560,1553,-0.013968253968254
"17825","17825",1575,1560,1553,-0.013968253968254
"10553","10553",2919,3551,3032,0.0387118876327509
"10554","10554",5249,5796,5050,-0.0379119832349019
"10555","10555",6807,6807,5924,-0.129719406493316
"10556","10556",11238,11550,10120,-0.0994838939313045
"10557","10557",4770,4769,6099,0.278616352201258
"10558","10558",3966,3757,3672,-0.0741301059001513
"10559","10559",2686,2761,2761,0.0279225614296351
"10560","10560",3685,2986,3082,-0.163636363636364
"10561","10561",5843,6192,6119,0.0472360088995379
"10562","10562",6995,6995,6290,-0.100786275911365
"10563","10563",1648,1784,1889,0.14623786407767
"10564","10564",1923,1925,1925,0.00104004160166407
"10566","10566",5083,4852,4897,-0.0365925634467834
"10567","10567",3384,3387,3241,-0.04225768321513
"10568","10568",554,554,554,0
"10569","10569",1052,1539,1700,0.615969581749049
"10570","10570",8130,8176,8234,0.0127921279212792
"10571","10571",5177,5552,5222,0.00869229283368746
"10572","10572",5714,5154,4939,-0.135631781589079
"10573","10573",6893,6941,6897,0.000580298853909764
"10574","10574",1682,2342,2342,0.392390011890606
"10575","10575",3180,2996,3022,-0.049685534591195
"10576","10576",1915,1915,1915,0
"10577","10577",3327,3283,3146,-0.0544033663961527
"10578","10578",3864,3888,3888,0.0062111801242236
"17523","17523",3864,3888,3888,0.0062111801242236
"10579","10579",1809,1910,1917,0.0597014925373134
"10580","10580",2335,2269,2267,-0.0291220556745182
"10581","10581",11805,12342,11322,-0.0409148665819568
"10582","10582",992,929,929,-0.063508064516129
"10583","10583",4926,4748,4195,-0.148396264717824
"10584","10584",1768,1241,1254,-0.290723981900453
"10585","10585",3826,3780,4354,0.138003136434919
"10586","10586",7039,7695,7467,0.0608040914902685
"10587","10587",1775,1524,1402,-0.210140845070423
"10588","10588",4250,4306,4335,0.02
"10589","10589",2144,2133,1797,-0.161847014925373
"10590","10590",1189,1188,1190,0.000841042893187553
"10591","10591",3840,3831,3816,-0.00625
"10592","10592",2719,2722,2726,0.00257447591026113
"10593","10593",6060,6061,6148,0.0145214521452145
"10594","10594",3979,4006,3759,-0.0552902739381754
"10595","10595",8491,6910,7924,-0.0667765869744435
"10596","10596",3970,3918,3955,-0.00377833753148615
"10597","10597",3345,3313,3101,-0.0729446935724963
"10598","10598",10033,10145,10200,0.0166450712648261
"10599","10599",3538,3538,2759,-0.220180893159977
"10600","10600",3135,3298,2861,-0.0874003189792664
"10601","10601",3593,3625,3653,0.0166991372112441
"10602","10602",1992,2217,2268,0.13855421686747
"10604","10604",9640,9153,9124,-0.0535269709543568
"10605","10605",972,957,1109,0.140946502057613
"10606","10606",6190,7107,5485,-0.11389337641357
"10607","10607",3309,3135,3140,-0.0510728316711998
"10608","10608",4843,4258,4297,-0.112740037167045
"10609","10609",6050,6054,5450,-0.0991735537190083
"10610","10610",3754,3857,3857,0.027437400106553
"10611","10611",1148,1496,1764,0.536585365853659
"10612","10612",2091,2091,2091,0
"10613","10613",1532,1530,1530,-0.00130548302872063
"10614","10614",1833,2352,2039,0.112384069830878
"10615","10615",6349,6433,6411,0.00976531737281462
"10616","10616",2029,2029,2023,-0.00295712173484475
"10617","10617",2098,2403,2080,-0.00857959961868446
"10618","10618",2050,2187,1974,-0.0370731707317073
"10619","10619",1801,1786,1785,-0.00888395335924486
"10621","10621",6950,6955,6798,-0.0218705035971223
"10622","10622",5735,5740,5500,-0.040976460331299
"10623","10623",5232,5243,5195,-0.00707186544342508
"10624","10624",4232,4232,4265,0.00779773156899811
"10625","10625",6296,6303,6356,0.00952986022871665
"10627","10627",4568,5075,4481,-0.019045534150613
"10628","10628",5333,5332,5343,0.00187511719482468
"10629","10629",2314,2322,2433,0.0514261019878997
"10630","10630",3173,3245,3252,0.0248975732745036
"10633","10633",2631,2681,3100,0.178259217027746
"10634","10634",6630,6692,6502,-0.0193061840120664
"10636","10636",2040,2040,1987,-0.0259803921568627
"10637","10637",2185,2185,2176,-0.00411899313501144
"10638","10638",1436,1436,1761,0.226323119777159
"10639","10639",1134,1131,1133,-0.000881834215167548
"10640","10640",3788,3776,3115,-0.17766631467793
"10641","10641",2821,2139,2303,-0.183622828784119
"10642","10642",3067,3068,3136,0.022497554613629
"10643","10643",4199,4494,4541,0.081447963800905
"10644","10644",2884,2557,2557,-0.113384188626907
"10645","10645",1857,1855,1601,-0.13785675821217
"12179","12179",1857,1855,1601,-0.13785675821217
"10646","10646",2206,2090,2090,-0.0525838621940163
"10647","10647",4827,4677,5990,0.24093639941993
"10648","10648",3337,3360,3433,0.0287683548097093
"10649","10649",4342,4252,4220,-0.0280976508521419
"10650","10650",2573,2706,2710,0.0532452390205985
"19879","19879",2573,2706,2710,0.0532452390205985
"10651","10651",1906,1906,1906,0
"16318","16318",1906,1906,1906,0
"10652","10652",13787,14064,13423,-0.0264016827446145
"10653","10653",4066,4066,3943,-0.0302508607968519
"10654","10654",5265,5272,5319,0.0102564102564103
"10655","10655",3410,3668,3634,0.0656891495601173
"10657","10657",2315,2316,2298,-0.00734341252699784
"10658","10658",5460,5460,5097,-0.0664835164835165
"10659","10659",2774,2749,2711,-0.0227108868060562
"17940","17940",2774,2749,2711,-0.0227108868060562
"10660","10660",2768,3434,3305,0.19400289017341
"10661","10661",1961,1963,1922,-0.0198878123406425
"10662","10662",7391,6364,6555,-0.113110539845758
"10663","10663",1166,1383,1298,0.113207547169811
"10664","10664",1380,1667,1666,0.207246376811594
"10665","10665",1014,1014,1014,0
"10667","10667",2571,2751,2239,-0.129132633216647
"13169","13169",2571,2751,2239,-0.129132633216647
"10668","10668",1600,1601,1590,-0.00625
"10669","10669",1418,1521,1213,-0.144569816643159
"18679","18679",1418,1521,1213,-0.144569816643159
"10670","10670",4714,4627,4642,-0.0152736529486636
"10671","10671",2364,2264,1996,-0.155668358714044
"10672","10672",1735,1735,1735,0
"10673","10673",1347,1885,1830,0.358574610244989
"10674","10674",4093,3922,3084,-0.246518446127535
"10675","10675",3215,3207,2829,-0.120062208398134
"10676","10676",2461,2709,2838,0.153189760260057
"18682","18682",2461,2709,2838,0.153189760260057
"10677","10677",2924,2997,3249,0.111149110807114
"10678","10678",3075,3077,3816,0.240975609756098
"10679","10679",3194,3193,3195,0.000313087038196619
"10680","10680",3234,3937,2974,-0.080395794681509
"10681","10681",7795,7535,7405,-0.0500320718409237
"10682","10682",4288,4409,4410,0.0284514925373134
"10684","10684",3581,2998,3278,-0.08461323652611
"10686","10686",2697,2679,3251,0.205413422321098
"10687","10687",2915,2506,2506,-0.140308747855918
"10688","10688",4405,4754,4172,-0.052894438138479
"10692","10692",1627,1922,1945,0.195451751690227
"10693","10693",3780,4019,3813,0.00873015873015873
"10694","10694",1626,1536,1580,-0.028290282902829
"17238","17238",1626,1536,1580,-0.028290282902829
"10695","10695",4325,4325,3528,-0.184277456647399
"10696","10696",5258,5128,5130,-0.0243438569798402
"10697","10697",1301,1300,1294,-0.005380476556495
"10698","10698",1952,1952,1944,-0.00409836065573771
"10699","10699",4094,4117,3686,-0.0996580361504641
"10700","10700",2760,2196,2134,-0.226811594202899
"10701","10701",2928,2957,3022,0.032103825136612
"10702","10702",3295,4122,2971,-0.0983308042488619
"10703","10703",1880,1880,1931,0.0271276595744681
"10704","10704",1868,2090,2090,0.118843683083512
"10705","10705",2177,2655,2486,0.141938447404685
"10706","10706",1775,1787,1787,0.00676056338028169
"19891","19891",1775,1787,1787,0.00676056338028169
"10707","10707",3334,3196,3184,-0.0449910017996401
"10708","10708",1756,1698,1712,-0.0250569476082005
"10709","10709",1934,1806,1780,-0.0796277145811789
"10710","10710",1568,1568,1571,0.00191326530612245
"10711","10711",2762,2746,2729,-0.0119478638667632
"10712","10712",3575,3758,3501,-0.0206993006993007
"10713","10713",1536,1536,1536,0
"10715","10715",4607,4608,3708,-0.195137833731278
"10716","10716",7125,7584,6934,-0.0268070175438597
"10717","10717",6842,6808,6743,-0.0144694533762058
"10718","10718",2727,2807,2637,-0.033003300330033
"10719","10719",3823,3821,4304,0.125817420873659
"10720","10720",3256,3256,3257,0.000307125307125307
"10721","10721",2476,2538,2464,-0.00484652665589661
"10722","10722",1881,1852,1782,-0.0526315789473684
"10723","10723",6527,6470,5816,-0.108932128083346
"10725","10725",4310,4199,4013,-0.0689095127610209
"10726","10726",5527,5520,5536,0.00162836982087932
"10727","10727",2289,1855,1880,-0.178680646570555
"10728","10728",1996,1996,1820,-0.0881763527054108
"10729","10729",6705,6808,7017,0.0465324384787472
"10730","10730",1614,1574,1881,0.16542750929368
"10731","10731",6265,6185,6675,0.0654429369513168
"10732","10732",3634,3464,3601,-0.00908090258668134
"10733","10733",1844,1615,1538,-0.165943600867679
"10734","10734",7762,7580,8454,0.0891522803401185
"10736","10736",1361,1369,1785,0.311535635562087
"18433","18433",1361,1369,1785,0.311535635562087
"10737","10737",3979,3884,4131,0.0382005529027394
"10738","10738",3020,2806,2898,-0.0403973509933775
"10739","10739",4051,3154,3173,-0.216736608244878
"10742","10742",2961,3204,3185,0.0756501182033097
"10743","10743",3035,3001,4408,0.452388797364086
"10744","10744",3040,2827,2951,-0.0292763157894737
"10745","10745",1501,1574,1507,0.00399733510992672
"10746","10746",2244,2168,2232,-0.0053475935828877
"10748","10748",3821,4059,3815,-0.00157026956294164
"10750","10750",2949,2948,2941,-0.00271278399457443
"10751","10751",6033,6193,6217,0.0304989225924084
"10752","10752",1062,1146,1587,0.494350282485876
"10753","10753",4265,5603,4437,0.0403282532239156
"10754","10754",5034,5014,4885,-0.0295987286452126
"10755","10755",2463,2123,2021,-0.179455948030857
"10756","10756",2045,2045,2045,0
"10757","10757",4681,5225,5177,0.105960264900662
"10758","10758",3500,3500,3566,0.0188571428571429
"10759","10759",2479,3097,3096,0.248890681726503
"10760","10760",2283,2227,2227,-0.0245291283399036
"10761","10761",1973,1383,1726,-0.125190065889508
"17092","17092",1973,1383,1726,-0.125190065889508
"10763","10763",5973,5976,6041,0.0113845638707517
"10765","10765",1264,1377,1399,0.106803797468354
"10766","10766",2655,2757,2645,-0.00376647834274953
"10767","10767",7085,7087,6223,-0.12166549047283
"10768","10768",2991,2683,2830,-0.0538281511200268
"10769","10769",2839,2839,2773,-0.0232476224022543
"10771","10771",1704,1704,1297,-0.238849765258216
"10772","10772",1897,1976,1964,0.0353189246178176
"19258","19258",1897,1976,1964,0.0353189246178176
"10773","10773",3963,4482,4442,0.120868029270754
"10774","10774",2397,1689,1689,-0.295369211514393
"10775","10775",7110,7111,6788,-0.0452883263009845
"10776","10776",942,805,803,-0.14755838641189
"10778","10778",2192,2124,2124,-0.031021897810219
"10779","10779",2164,2157,2154,-0.00462107208872458
"10780","10780",2214,2182,1923,-0.131436314363144
"10781","10781",3153,3422,3470,0.100539169045354
"10782","10782",5298,5191,5284,-0.00264250660626652
"10783","10783",3826,3384,3445,-0.0995818086774699
"10784","10784",4437,4554,4275,-0.0365111561866126
"10785","10785",1178,1259,1260,0.0696095076400679
"10786","10786",2927,3205,2897,-0.0102494021182098
"10787","10787",921,873,1043,0.132464712269273
"10788","10788",4329,4350,4485,0.036036036036036
"10789","10789",4746,4758,4580,-0.0349768225874421
"10790","10790",3459,3459,3379,-0.0231280716970223
"10791","10791",4474,4479,4562,0.0196691998211891
"10792","10792",2556,2553,2541,-0.00586854460093897
"10793","10793",3931,4135,3685,-0.0625794963113711
"10794","10794",8730,8968,9366,0.0728522336769759
"10795","10795",1415,1378,1350,-0.0459363957597173
"10796","10796",1748,1748,1748,0
"10797","10797",2008,2102,2229,0.110059760956175
"10798","10798",2272,2356,2225,-0.0206866197183099
"10799","10799",3132,3124,2961,-0.0545977011494253
"14947","14947",3132,3124,2961,-0.0545977011494253
"10800","10800",2851,2850,2850,-0.000350754121360926
"10801","10801",3412,2919,2859,-0.162075029308324
"10802","10802",2697,2703,2697,0
"10804","10804",2676,2980,3031,0.132660687593423
"10805","10805",2898,1796,3047,0.0514147688060732
"10807","10807",3336,3885,3249,-0.0260791366906475
"10808","10808",1908,1909,1909,0.000524109014675052
"10809","10809",2416,2601,2565,0.0616721854304636
"10811","10811",1509,1598,1515,0.00397614314115308
"10812","10812",2453,2896,2737,0.115776600081533
"10814","10814",2110,2127,2061,-0.0232227488151659
"10815","10815",6890,6886,6931,0.00595065312046444
"10816","10816",1681,2155,2320,0.380130874479477
"10817","10817",2014,1865,2291,0.137537239324727
"14118","14118",2014,1865,2291,0.137537239324727
"10818","10818",1364,1337,1336,-0.0205278592375367
"10819","10819",4790,4377,4258,-0.111064718162839
"10820","10820",3071,3065,2970,-0.0328883099967437
"10821","10821",1665,2054,1960,0.177177177177177
"10822","10822",3852,3950,3981,0.0334890965732087
"10823","10823",2858,2862,2862,0.00139958012596221
"10824","10824",6330,6319,6404,0.0116903633491311
"10825","10825",3257,3257,3308,0.0156585815167332
"10826","10826",6882,7691,7063,0.0263004940424295
"10827","10827",3158,3165,3211,0.0167827739075364
"10830","10830",4854,4925,4473,-0.0784919653893696
"18901","18901",4854,4925,4473,-0.0784919653893696
"10831","10831",4913,5170,5165,0.0512924893140647
"10832","10832",9860,9833,9444,-0.0421906693711968
"10833","10833",5917,6120,6083,0.0280547574784519
"10834","10834",3871,3901,3862,-0.00232498062516146
"10835","10835",2003,1991,2716,0.355966050923615
"10836","10836",2559,2578,2514,-0.0175849941383353
"10837","10837",4441,4441,4478,0.00833145687908129
"10838","10838",868,929,868,0
"10839","10839",1544,1533,1667,0.0796632124352332
"10840","10840",3946,3940,3781,-0.0418144956918398
"10841","10841",6054,5240,5642,-0.0680541790551701
"10842","10842",2070,2222,1937,-0.0642512077294686
"10843","10843",3040,3242,3900,0.282894736842105
"10844","10844",5963,6095,5235,-0.122086198222371
"10845","10845",2532,2532,3415,0.348736176935229
"10846","10846",2427,2343,2565,0.0568603213844252
"10847","10847",1479,1537,1537,0.0392156862745098
"10848","10848",4784,4747,4764,-0.00418060200668896
"10849","10849",2724,2724,2725,0.000367107195301028
"10850","10850",1592,1683,1685,0.0584170854271357
"10851","10851",2112,2156,2200,0.0416666666666667
"10852","10852",3599,3599,3194,-0.112531258682967
"10855","10855",4908,5617,4831,-0.0156886715566422
"10857","10857",2820,2820,3062,0.0858156028368794
"10858","10858",1549,1597,1597,0.0309877340219496
"10859","10859",4587,3807,4288,-0.065184216263353
"10860","10860",2840,2832,2860,0.00704225352112676
"10861","10861",8562,9513,7959,-0.070427470217239
"10862","10862",2625,2925,2917,0.111238095238095
"10863","10863",4763,4532,4455,-0.0646651270207852
"10864","10864",2137,2113,2190,0.0248011230697239
"10865","10865",1197,1197,1303,0.0885547201336675
"10866","10866",1028,1080,1138,0.107003891050584
"10867","10867",2209,2329,2329,0.0543232231779086
"10868","10868",7718,7496,7238,-0.0621922777921741
"10869","10869",808,807,821,0.0160891089108911
"10870","10870",4091,4398,4240,0.0364214128574921
"10871","10871",3743,3394,2903,-0.224418915308576
"10872","10872",861,861,861,0
"10873","10873",3001,3209,4287,0.428523825391536
"10874","10874",3119,3357,3113,-0.00192369349150369
"10875","10875",4048,4019,4022,-0.00642292490118577
"10876","10876",1956,1956,1956,0
"10878","10878",1258,1258,1252,-0.00476947535771065
"10879","10879",5043,5158,4782,-0.0517549077929804
"10880","10880",2508,1650,1650,-0.342105263157895
"10881","10881",3380,3362,3331,-0.0144970414201183
"10882","10882",2477,2526,2379,-0.0395639886960032
"10883","10883",1193,1193,1193,0
"10884","10884",2993,3052,3071,0.026060808553291
"10885","10885",4842,4269,4162,-0.140437835605122
"10886","10886",1014,1389,1249,0.231755424063116
"10887","10887",1935,1964,1967,0.0165374677002584
"10888","10888",2677,2667,2665,-0.00448262980948823
"10889","10889",2714,2813,2573,-0.0519528371407517
"10890","10890",5837,5837,5559,-0.0476272057563817
"10891","10891",3191,3224,3230,0.0122218740206832
"10892","10892",1668,1638,1667,-0.000599520383693046
"10893","10893",2440,2440,2441,0.00040983606557377
"10894","10894",2256,2277,2649,0.174202127659574
"19504","19504",2256,2277,2649,0.174202127659574
"10895","10895",8973,8729,9063,0.0100300902708124
"10896","10896",4040,4181,3903,-0.0339108910891089
"10897","10897",5481,4328,4306,-0.21437693851487
"10898","10898",4851,5031,4770,-0.0166975881261596
"10899","10899",2511,2501,2501,-0.00398247710075667
"10900","10900",1942,1725,1869,-0.0375901132852729
"11190","11190",1942,1725,1869,-0.0375901132852729
"10902","10902",2100,2100,2067,-0.0157142857142857
"10903","10903",2441,2441,2444,0.00122900450634986
"10904","10904",2490,2123,2123,-0.147389558232932
"10905","10905",1925,1925,1921,-0.00207792207792208
"10906","10906",4879,4055,4980,0.0207009633121541
"10907","10907",1252,1239,1267,0.0119808306709265
"10909","10909",4793,4800,5372,0.12080116837054
"10910","10910",1427,1427,1364,-0.0441485634197617
"10911","10911",6389,6353,7162,0.120989200187823
"10913","10913",2605,2308,2184,-0.161612284069098
"10914","10914",5072,5076,5159,0.0171529968454259
"10915","10915",1858,1721,1721,-0.073735199138859
"10916","10916",2888,2921,2888,0
"10917","10917",7076,5777,7319,0.0343414358394573
"10918","10918",3429,3459,3424,-0.00145815106445028
"12986","12986",3429,3459,3424,-0.00145815106445028
"17242","17242",3429,3459,3424,-0.00145815106445028
"10919","10919",3823,3824,2783,-0.272037666753858
"10920","10920",2695,3330,2537,-0.0586270871985158
"10921","10921",2657,3157,3082,0.159954836281521
"10922","10922",1991,1950,1880,-0.0557508789552988
"10923","10923",1551,1549,1902,0.226305609284333
"10924","10924",1524,1478,1478,-0.0301837270341207
"10925","10925",3597,3655,3169,-0.11898804559355
"10926","10926",2278,1449,1544,-0.322212467076383
"10927","10927",2173,2083,2081,-0.0423377818683847
"10928","10928",2698,2026,2133,-0.20941438102298
"10929","10929",2108,2117,2129,0.00996204933586338
"10930","10930",5835,5622,5576,-0.0443873179091688
"10931","10931",1905,1905,1905,0
"10932","10932",8575,6993,8005,-0.0664723032069971
"10933","10933",3291,3291,3291,0
"10934","10934",5581,5581,5579,-0.000358358717075793
"10935","10935",6289,6253,5597,-0.11003339163619
"10936","10936",4301,4301,4301,0
"10937","10937",1371,1377,1411,0.0291757840991977
"10938","10938",6268,6704,5772,-0.0791320995532865
"10939","10939",5953,5863,5812,-0.0236855367041828
"10940","10940",3471,3477,3488,0.00489772399884759
"10941","10941",3739,3741,4503,0.204332709280556
"10942","10942",1508,1427,1437,-0.0470822281167109
"10943","10943",2164,1711,1711,-0.209334565619224
"10944","10944",6267,6242,6272,0.000797829902664752
"10946","10946",2462,2865,2880,0.169780666125102
"10947","10947",2029,2359,1881,-0.0729423361261705
"10948","10948",3661,3710,3563,-0.0267686424474187
"10949","10949",2422,2559,3019,0.246490503715937
"10950","10950",4547,4690,3677,-0.19133494611832
"10951","10951",1550,1550,1552,0.00129032258064516
"19534","19534",1550,1550,1552,0.00129032258064516
"10952","10952",1793,1758,1760,-0.0184049079754601
"10953","10953",2985,2738,3105,0.0402010050251256
"10954","10954",4366,4502,4445,0.0180943655519927
"10955","10955",1265,1205,1233,-0.025296442687747
"10956","10956",1511,1466,1466,-0.0297816015883521
"10957","10957",927,941,938,0.011866235167206
"10958","10958",2071,2049,2714,0.310478029937228
"10959","10959",5020,5038,5133,0.0225099601593625
"10960","10960",1306,1355,1355,0.0375191424196018
"10961","10961",4561,4252,3731,-0.181977636483227
"10962","10962",2151,1882,1884,-0.124128312412831
"10963","10963",2256,2256,2304,0.0212765957446809
"10964","10964",1938,1938,1938,0
"12211","12211",1938,1938,1938,0
"10965","10965",1717,2084,2085,0.21432731508445
"10966","10966",13487,13470,12903,-0.0433009564766071
"10967","10967",2033,2135,2219,0.0914904082636498
"10968","10968",4352,4432,4050,-0.0693933823529412
"10969","10969",3822,3819,3797,-0.0065410779696494
"10970","10970",1192,1192,1195,0.00251677852348993
"10971","10971",737,806,859,0.165535956580733
"10972","10972",2391,3080,3080,0.288163948138854
"10973","10973",1068,1068,1068,0
"10974","10974",4131,4191,4188,0.0137981118373275
"10975","10975",2000,1639,1609,-0.1955
"10976","10976",5777,5765,5741,-0.00623160810109053
"10977","10977",3690,3613,3217,-0.128184281842818
"10978","10978",3306,3306,3100,-0.0623109497882638
"10979","10979",7297,7536,7157,-0.0191859668356859
"10980","10980",4077,4019,3621,-0.111846946284032
"10981","10981",5403,5347,4596,-0.149361465852304
"10982","10982",5451,5451,5045,-0.0744817464685379
"10983","10983",3597,3801,3814,0.0603280511537392
"10984","10984",972,944,766,-0.211934156378601
"10985","10985",7280,7632,7261,-0.00260989010989011
"10986","10986",4843,5821,4986,0.029527152591369
"10987","10987",1681,1672,1681,0
"10988","10988",2312,2313,2318,0.00259515570934256
"12567","12567",2312,2313,2318,0.00259515570934256
"10989","10989",4891,4879,4878,-0.00265794316090779
"10990","10990",1524,1461,1237,-0.188320209973753
"10992","10992",3102,3101,3203,0.0325596389426177
"10993","10993",5247,5342,5260,0.00247760625119116
"10994","10994",2467,2467,2567,0.0405350628293474
"10995","10995",1891,1773,1561,-0.17451084082496
"10996","10996",1866,1866,1907,0.0219721329046088
"17879","17879",1866,1866,1907,0.0219721329046088
"10997","10997",2831,2648,3002,0.0604026845637584
"11224","11224",2831,2648,3002,0.0604026845637584
"10998","10998",1361,1016,1016,-0.253490080822924
"10999","10999",2836,2218,3161,0.11459802538787
"11000","11000",7267,6242,6288,-0.134718590890326
"11001","11001",1717,1825,2187,0.273733255678509
"11002","11002",7750,8334,8038,0.0371612903225806
"11003","11003",1117,1242,1146,0.0259623992837959
"11004","11004",2435,2435,2764,0.135112936344969
"11005","11005",2710,2672,2499,-0.077859778597786
"11006","11006",670,670,670,0
"11007","11007",1603,1603,1603,0
"11008","11008",3161,3166,3249,0.0278392913634926
"11009","11009",3142,3477,3477,0.106619987269255
"11010","11010",1126,1095,1233,0.0950266429840142
"11011","11011",1644,1639,1695,0.031021897810219
"11013","11013",2918,2876,2786,-0.0452364633310487
"15176","15176",2918,2876,2786,-0.0452364633310487
"11014","11014",2523,3091,2792,0.106619104240983
"11015","11015",1162,1141,1141,-0.0180722891566265
"11016","11016",4933,4515,4391,-0.109872288668153
"11017","11017",4402,4383,4270,-0.0299863698318946
"11018","11018",10121,8420,9199,-0.0910977176168363
"11019","11019",2776,2960,2647,-0.0464697406340058
"11020","11020",1588,1584,1590,0.00125944584382872
"18175","18175",1588,1584,1590,0.00125944584382872
"11021","11021",2765,2767,2587,-0.064376130198915
"11022","11022",4455,4403,4403,-0.011672278338945
"11023","11023",3912,4280,4280,0.0940695296523517
"11024","11024",2193,2193,2222,0.0132238942088463
"11025","11025",3237,3237,2876,-0.111523015137473
"11026","11026",6012,6983,6764,0.125083166999335
"11027","11027",2791,2775,2237,-0.198495163024006
"11028","11028",5972,6265,6116,0.0241125251172137
"11029","11029",5729,6013,6016,0.0500960027928085
"11030","11030",3646,3772,3787,0.0386725178277564
"11031","11031",3103,3548,3548,0.14340960360941
"11032","11032",4093,4092,4124,0.00757390666992426
"11033","11033",4464,5516,4638,0.0389784946236559
"11034","11034",3814,3553,3609,-0.0537493445201888
"11035","11035",2084,1994,1994,-0.0431861804222649
"11036","11036",1573,2902,2902,0.844882390336936
"11037","11037",2207,1892,2024,-0.0829179882193022
"14430","14430",2207,1892,2024,-0.0829179882193022
"11038","11038",1849,1850,1702,-0.0795024337479719
"11039","11039",2383,2652,2662,0.117079311791859
"11040","11040",2445,2480,2731,0.116973415132924
"11041","11041",6670,5793,6108,-0.0842578710644678
"11042","11042",1876,1876,1991,0.0613006396588486
"18602","18602",1876,1876,1991,0.0613006396588486
"11043","11043",3064,3230,3043,-0.00685378590078329
"11044","11044",5473,5397,5225,-0.045313356477252
"11045","11045",2799,2613,2494,-0.10896748838871
"11046","11046",4584,4585,4584,0
"11047","11047",1418,1418,1460,0.0296191819464034
"11048","11048",3038,3039,3030,-0.00263331138907176
"11049","11049",771,771,771,0
"11050","11050",3287,3344,2671,-0.187404928506237
"11051","11051",2506,2510,2511,0.0019952114924182
"11052","11052",9142,9145,9069,-0.007985123605338
"11053","11053",2448,2448,2447,-0.000408496732026144
"11055","11055",3274,3274,3290,0.00488698839340257
"11056","11056",3531,4130,4683,0.32625318606627
"11057","11057",4744,4708,4869,0.0263490725126476
"11058","11058",6193,6731,6194,0.000161472630389149
"11059","11059",1095,1095,1094,-0.00091324200913242
"11060","11060",5364,4993,4843,-0.0971290082028337
"11061","11061",3076,2625,2625,-0.146618985695709
"11062","11062",5788,5776,6006,0.0376641326883207
"11063","11063",3950,3689,3575,-0.0949367088607595
"11065","11065",2707,3207,3263,0.205393424455116
"11066","11066",3834,4036,2893,-0.245435576421492
"11067","11067",1372,1374,1305,-0.0488338192419825
"11068","11068",2253,2172,2102,-0.0670217487794052
"11069","11069",1609,1491,1491,-0.0733374766935985
"11070","11070",2078,2078,2366,0.138594802694899
"11071","11071",2572,2478,2678,0.0412130637636081
"11072","11072",3633,3608,3311,-0.0886319845857418
"11073","11073",3685,3641,3429,-0.0694708276797829
"11074","11074",5866,5888,5176,-0.117627003068531
"11075","11075",3959,3765,5163,0.304117201313463
"11076","11076",2428,2429,2197,-0.0951400329489292
"11077","11077",3118,3653,3072,-0.0147530468248877
"11080","11080",6865,6858,7614,0.109104151493081
"11081","11081",4445,4433,4433,-0.00269966254218223
"11082","11082",3701,4319,4180,0.129424479870305
"11083","11083",3588,3588,3564,-0.00668896321070234
"11084","11084",8356,8740,8416,0.00718046912398277
"11085","11085",4038,4040,3473,-0.139920752847945
"11086","11086",715,1000,1259,0.760839160839161
"12639","12639",715,1000,1259,0.760839160839161
"11088","11088",5494,5746,5675,0.0329450309428467
"11089","11089",1289,1871,1391,0.0791311093871218
"11090","11090",1802,2245,1759,-0.0238623751387347
"11091","11091",3845,3846,4495,0.169050715214564
"11092","11092",4456,4662,4199,-0.0576750448833034
"11093","11093",2661,2775,2965,0.11424276587749
"11094","11094",5637,5889,5408,-0.0406244456271066
"11095","11095",4089,4156,4090,0.000244558571777941
"18343","18343",4089,4156,4090,0.000244558571777941
"11096","11096",6715,6465,6694,-0.00312732688011914
"17938","17938",6715,6465,6694,-0.00312732688011914
"11097","11097",4754,3577,3500,-0.263777871266302
"11098","11098",622,623,623,0.00160771704180064
"11099","11099",9446,9438,8889,-0.0589667584162609
"11100","11100",702,1000,889,0.266381766381766
"11101","11101",2700,2700,2583,-0.0433333333333333
"11102","11102",1730,1634,1705,-0.0144508670520231
"11103","11103",1568,1565,1565,-0.00191326530612245
"11104","11104",3980,3858,3532,-0.112562814070352
"19259","19259",3980,3858,3532,-0.112562814070352
"11105","11105",1692,1627,1669,-0.0135933806146572
"11106","11106",5759,5759,5757,-0.000347282514325404
"11108","11108",2480,2002,2002,-0.192741935483871
"11109","11109",2325,2325,1578,-0.321290322580645
"11110","11110",6695,6696,6539,-0.0233009708737864
"11113","11113",5740,5192,5206,-0.0930313588850174
"11114","11114",4543,4638,4635,0.0202509355051728
"11115","11115",1357,1353,1393,0.0265291083271923
"11116","11116",2945,3599,3599,0.222071307300509
"11117","11117",2780,2797,2642,-0.0496402877697842
"11118","11118",2470,2470,1987,-0.195546558704453
"11119","11119",5981,5875,5902,-0.0132084935629493
"11120","11120",6688,6772,5597,-0.163127990430622
"11121","11121",1139,968,993,-0.128182616330114
"11122","11122",4243,4204,4176,-0.0157907141173698
"11123","11123",7636,7669,7727,0.0119172341540073
"11124","11124",2157,2254,2418,0.121001390820584
"11125","11125",2294,2294,2294,0
"11126","11126",6584,6566,6609,0.00379708383961118
"11127","11127",4708,4375,4332,-0.0798640611724724
"11128","11128",4561,4485,4091,-0.103047577285683
"11129","11129",4122,4123,4166,0.0106744298884037
"11130","11130",7481,6504,7370,-0.0148375885576795
"11131","11131",4957,4840,5200,0.0490215856364737
"11132","11132",3921,4800,4790,0.221627135934711
"11133","11133",4353,4353,2534,-0.417872731449575
"11134","11134",1402,1435,2124,0.514978601997147
"11135","11135",2919,2711,2597,-0.11031175059952
"11136","11136",2544,2854,2853,0.121462264150943
"16868","16868",2544,2854,2853,0.121462264150943
"11137","11137",7690,7988,7422,-0.034850455136541
"11138","11138",2181,1974,1845,-0.154057771664374
"11139","11139",1587,1578,1598,0.00693131695022054
"11141","11141",2109,2100,2097,-0.00568990042674253
"11142","11142",4291,4206,3545,-0.173852248893032
"11143","11143",7696,7685,7265,-0.0560031185031185
"11144","11144",5244,5244,4917,-0.0623569794050343
"11145","11145",9659,8705,8364,-0.134071850088001
"11146","11146",1301,1292,1493,0.147578785549577
"11147","11147",1315,1283,1218,-0.0737642585551331
"11148","11148",2491,2491,2538,0.0188679245283019
"11149","11149",3938,3568,3565,-0.0947181310309802
"11150","11150",3321,3322,3321,0
"11151","11151",4508,4494,4493,-0.00332741792369122
"11152","11152",3992,3956,3933,-0.0147795591182365
"11153","11153",2947,2974,2914,-0.0111978282999661
"11154","11154",2312,2317,2264,-0.0207612456747405
"11155","11155",3532,3532,2878,-0.185164212910532
"11156","11156",5747,5674,6202,0.0791717417783191
"11157","11157",5512,5276,5242,-0.0489840348330914
"11158","11158",4196,4283,4173,-0.00548141086749285
"11161","11161",1665,1665,2392,0.436636636636637
"11163","11163",4723,4958,4818,0.0201143341096761
"11682","11682",4723,4958,4818,0.0201143341096761
"11164","11164",1152,1152,1104,-0.0416666666666667
"11165","11165",5377,3795,3822,-0.289194718244374
"11166","11166",1888,1925,1877,-0.00582627118644068
"11168","11168",1841,1483,1483,-0.194459532862575
"11169","11169",3985,3927,3671,-0.0787954830614806
"11170","11170",3402,3594,3717,0.0925925925925926
"11171","11171",2970,2972,3023,0.0178451178451178
"11172","11172",3106,2689,2248,-0.276239536381198
"11173","11173",2868,3398,2951,0.0289400278940028
"11174","11174",2920,2920,2925,0.00171232876712329
"11176","11176",3609,3517,4499,0.246605707952341
"11177","11177",12251,12221,10689,-0.127499795935026
"11178","11178",4037,4038,4045,0.00198166955660144
"11179","11179",4216,4216,3492,-0.171726755218216
"11180","11180",2102,2096,2090,-0.00570884871550904
"11182","11182",2361,2448,2328,-0.0139771283354511
"11184","11184",2156,2156,2157,0.000463821892393321
"11185","11185",4295,4390,4429,0.0311990686845169
"11186","11186",3082,2755,3786,0.228423101881895
"11187","11187",693,695,691,-0.00288600288600289
"11188","11188",3745,3743,3679,-0.0176234979973298
"11189","11189",2337,2337,2343,0.00256739409499358
"11191","11191",2752,2750,2750,-0.000726744186046512
"11192","11192",1245,1290,1259,0.0112449799196787
"11193","11193",771,748,873,0.132295719844358
"11194","11194",4377,4246,4223,-0.035183915924149
"11195","11195",2585,2556,2554,-0.0119922630560928
"11196","11196",2612,2612,2618,0.00229709035222052
"11197","11197",3365,3351,3383,0.00534918276374443
"11198","11198",3510,3472,3667,0.0447293447293447
"11199","11199",983,983,970,-0.0132248219735504
"14208","14208",983,983,970,-0.0132248219735504
"11200","11200",7945,7955,7943,-0.000251730648206419
"11201","11201",3157,3061,3282,0.0395945517896737
"11202","11202",3004,3020,2818,-0.0619174434087883
"11203","11203",1371,1371,1394,0.0167760758570387
"11204","11204",2696,2693,2447,-0.0923590504451039
"11205","11205",4621,4285,4371,-0.054100843973166
"11206","11206",3052,3478,3021,-0.0101572739187418
"11207","11207",1370,1559,1574,0.148905109489051
"11208","11208",2976,2841,2801,-0.0588037634408602
"11209","11209",1867,1865,2405,0.288162828066417
"11210","11210",7056,7056,5581,-0.209041950113379
"11211","11211",9118,9134,8311,-0.0885062513709147
"11212","11212",7464,7808,8076,0.0819935691318328
"11213","11213",2838,2954,2749,-0.0313601127554616
"11214","11214",1651,1649,1128,-0.316777710478498
"11215","11215",4096,4102,3857,-0.058349609375
"11216","11216",15897,14106,15606,-0.0183053406303076
"11217","11217",8079,8581,8191,0.0138631018690432
"11218","11218",1914,2199,1931,0.00888192267502612
"11219","11219",2051,2039,3110,0.51633349585568
"11220","11220",2068,741,1480,-0.284332688588008
"11221","11221",5614,5573,5619,0.00089063056644104
"11222","11222",1939,1808,1803,-0.0701392470345539
"11225","11225",1135,1057,999,-0.119823788546255
"11226","11226",1369,1329,1280,-0.0650109569028488
"11227","11227",1673,1551,1631,-0.0251046025104603
"11228","11228",5296,5587,4721,-0.10857250755287
"11229","11229",7555,7669,7976,0.0557246856386499
"11230","11230",1137,1117,1117,-0.0175901495162709
"11231","11231",2167,2195,2177,0.00461467466543609
"11232","11232",5740,5867,5798,0.0101045296167247
"11233","11233",3902,3908,3991,0.0228088159917991
"11234","11234",3968,4925,4655,0.173135080645161
"11235","11235",533,530,487,-0.0863039399624766
"11236","11236",2609,2691,2908,0.1146032962821
"19912","19912",2609,2691,2908,0.1146032962821
"11237","11237",4730,4730,4765,0.00739957716701903
"11238","11238",2775,3431,3101,0.117477477477477
"11239","11239",1630,1630,1396,-0.143558282208589
"11240","11240",1484,1423,1384,-0.0673854447439353
"11241","11241",4959,5262,5188,0.0461786650534382
"11242","11242",1922,1921,2044,0.0634755463059313
"11243","11243",4392,4978,4726,0.0760473588342441
"11245","11245",2499,2408,2376,-0.0492196878751501
"15280","15280",2499,2408,2376,-0.0492196878751501
"11247","11247",5148,5043,5040,-0.020979020979021
"11248","11248",3895,3769,4009,0.0292682926829268
"11249","11249",2028,1829,1785,-0.119822485207101
"11250","11250",3595,3778,3489,-0.0294853963838665
"11251","11251",1157,1191,1198,0.0354364736387208
"11252","11252",2162,2128,2063,-0.045790934320074
"11253","11253",2234,2234,2105,-0.0577439570277529
"11254","11254",1898,1898,1810,-0.0463645943097998
"11255","11255",7647,7240,7710,0.00823852491173009
"11256","11256",3114,3246,3085,-0.00931278098908157
"11257","11257",3101,2633,2633,-0.150919058368268
"11260","11260",2298,2298,2708,0.178416013925152
"11261","11261",3968,3914,3780,-0.0473790322580645
"11262","11262",1120,1120,1180,0.0535714285714286
"11263","11263",2963,2995,2992,0.00978737765777928
"11264","11264",6018,5994,4602,-0.235294117647059
"11265","11265",3172,3171,2581,-0.186317780580076
"11267","11267",3643,3681,3663,0.00548998078506725
"11268","11268",2158,2157,2150,-0.00370713623725672
"11269","11269",2092,1606,1606,-0.232313575525813
"11270","11270",4431,4414,4323,-0.024373730534868
"11271","11271",1802,1717,1672,-0.072142064372919
"11272","11272",1604,1604,1604,0
"11273","11273",1241,1229,1229,-0.0096696212731668
"11275","11275",3254,3323,3293,0.0119852489244007
"11276","11276",1236,1636,1636,0.323624595469256
"11277","11277",3020,2961,2923,-0.0321192052980132
"11278","11278",8294,8366,8346,0.00626959247648903
"11279","11279",2975,2975,2972,-0.00100840336134454
"11280","11280",3058,2551,2551,-0.165794637017659
"11281","11281",7251,7233,7337,0.0118604330437181
"11282","11282",2598,2471,2671,0.0280985373364126
"11283","11283",2754,2816,2757,0.00108932461873638
"11284","11284",3695,3761,3663,-0.00866035182679296
"11285","11285",2642,2643,2658,0.0060560181680545
"11286","11286",2691,2697,2715,0.00891861761426979
"11287","11287",4455,4881,4045,-0.0920314253647587
"11288","11288",3719,3921,3721,0.000537778972842162
"11289","11289",8388,8430,7309,-0.12863614687649
"11290","11290",1472,1472,1753,0.190896739130435
"11291","11291",1892,1832,1781,-0.0586680761099366
"11292","11292",2107,2375,2367,0.123398196487897
"11293","11293",3118,3118,3111,-0.00224502886465683
"11294","11294",1414,1622,2039,0.442008486562942
"11296","11296",3376,3376,3347,-0.00859004739336493
"11297","11297",1540,1631,1652,0.0727272727272727
"11298","11298",1429,1441,1465,0.0251924422673198
"11299","11299",3464,3213,3518,0.0155889145496536
"11300","11300",1759,1759,1760,0.000568504832291074
"11301","11301",2310,2466,2213,-0.041991341991342
"11302","11302",2342,2468,2263,-0.033731853116994
"11303","11303",2775,2765,2756,-0.00684684684684685
"14066","14066",2775,2765,2756,-0.00684684684684685
"16165","16165",2775,2765,2756,-0.00684684684684685
"11304","11304",1675,1675,2041,0.218507462686567
"11305","11305",1407,1330,1258,-0.10589907604833
"11306","11306",2964,2892,2923,-0.0138326585695007
"19773","19773",2964,2892,2923,-0.0138326585695007
"11307","11307",3835,3271,3609,-0.0589308996088657
"11309","11309",2630,2629,2843,0.0809885931558935
"11310","11310",3291,3392,3234,-0.0173199635369189
"11311","11311",5345,5329,5235,-0.0205799812909261
"11312","11312",3053,3049,3234,0.0592859482476253
"11313","11313",1874,1872,1670,-0.108858057630736
"11314","11314",5294,5261,5066,-0.0430676237249717
"11315","11315",3409,3407,3404,-0.00146670577882077
"11316","11316",1438,1375,1984,0.379694019471488
"11317","11317",11061,11145,11304,0.0219690805532954
"11318","11318",2453,2698,2698,0.0998777007745618
"11319","11319",2784,2403,2429,-0.127514367816092
"11320","11320",3383,3904,3383,0
"11321","11321",1492,1492,1897,0.271447721179625
"11323","11323",9553,9527,9411,-0.0148644404898985
"11324","11324",2925,3675,3197,0.092991452991453
"11325","11325",3057,2894,2482,-0.188092901537455
"11326","11326",3378,3749,3692,0.0929544108940201
"11694","11694",3378,3749,3692,0.0929544108940201
"11327","11327",2623,2623,1966,-0.250476553564621
"11328","11328",1203,1304,1340,0.113881961762261
"14427","14427",1203,1304,1340,0.113881961762261
"11329","11329",4583,4589,4589,0.0013091861226271
"11330","11330",2501,2450,2722,0.0883646541383447
"11331","11331",3197,3197,3140,-0.0178292148889584
"11332","11332",3145,3264,3204,0.0187599364069952
"11333","11333",8158,7775,7781,-0.046212306937975
"11334","11334",1857,1858,1858,0.00053850296176629
"11335","11335",3335,2574,2319,-0.304647676161919
"11337","11337",1104,1167,1047,-0.0516304347826087
"11338","11338",1419,1604,1558,0.0979563072586328
"11339","11339",3475,3475,3476,0.000287769784172662
"11340","11340",5696,6271,5507,-0.0331811797752809
"11341","11341",9729,9711,8882,-0.0870593072258197
"11342","11342",6193,6179,6060,-0.0214758598417568
"11343","11343",2146,2253,2296,0.0698974836905871
"11344","11344",4202,2684,3582,-0.147548786292242
"11345","11345",2538,2540,2493,-0.0177304964539007
"11346","11346",5647,5636,5515,-0.0233752434921197
"11347","11347",2745,2755,2758,0.00473588342440801
"11348","11348",3939,3940,3983,0.0111703478040112
"11349","11349",1517,1703,1350,-0.110085695451549
"11350","11350",5998,6420,6450,0.0753584528176059
"11351","11351",2900,3167,2902,0.000689655172413793
"11352","11352",7091,6878,7017,-0.0104357636440558
"11353","11353",2945,3373,2935,-0.0033955857385399
"11354","11354",4009,3949,4473,0.115739585931654
"11355","11355",1419,1418,1463,0.0310077519379845
"14559","14559",1419,1418,1463,0.0310077519379845
"11356","11356",1889,1714,1771,-0.0624669137109582
"11357","11357",2476,2475,2009,-0.188610662358643
"11358","11358",3370,3609,3609,0.070919881305638
"11359","11359",2536,2388,2569,0.01301261829653
"11360","11360",7251,7798,7140,-0.0153082333471245
"11361","11361",4312,4497,3731,-0.13474025974026
"11362","11362",2721,3067,3587,0.318265343623668
"11363","11363",4383,4272,4280,-0.0234998859228839
"11364","11364",5571,5646,5690,0.0213606174833962
"11365","11365",5492,5697,5306,-0.0338674435542607
"11366","11366",3082,2462,2129,-0.309214795587281
"11367","11367",2697,3344,3032,0.124212087504635
"11368","11368",3253,3252,3594,0.104826314171534
"11369","11369",2881,2823,2825,-0.0194376952447067
"11370","11370",2371,2328,2328,-0.018135807676086
"11371","11371",3725,4205,3834,0.029261744966443
"11372","11372",3742,3852,3952,0.0561197220737574
"11373","11373",1904,1904,1904,0
"11374","11374",3831,3832,3814,-0.00443748368572174
"11375","11375",1662,1727,1622,-0.0240673886883273
"11376","11376",9795,9812,9903,0.0110260336906585
"11377","11377",3445,3444,3383,-0.0179970972423803
"11378","11378",3273,2950,3617,0.105102352581729
"11379","11379",1938,1938,1764,-0.0897832817337461
"11380","11380",3648,4039,3573,-0.0205592105263158
"11381","11381",6289,6531,6439,0.0238511687072667
"11382","11382",3372,3177,3178,-0.0575326215895611
"11383","11383",2208,2208,2129,-0.0357789855072464
"16249","16249",2208,2208,2129,-0.0357789855072464
"11384","11384",5071,5056,5052,-0.0037467955038454
"11385","11385",3933,3933,3819,-0.0289855072463768
"11386","11386",1670,2016,2325,0.392215568862275
"11387","11387",5529,5529,5599,0.0126605172725629
"11388","11388",3861,3831,3831,-0.00777000777000777
"11389","11389",1467,1467,1466,-0.000681663258350375
"11390","11390",1880,1880,1932,0.0276595744680851
"11391","11391",9765,9685,9802,0.00378904249871992
"11392","11392",4223,4214,4229,0.0014207909069382
"11393","11393",5848,5842,5848,0
"11394","11394",10560,10682,10478,-0.00776515151515151
"11395","11395",7105,7132,7075,-0.00422237860661506
"11396","11396",2414,2395,2709,0.122203811101906
"11397","11397",2356,1930,1918,-0.185908319185059
"11398","11398",3882,3883,3031,-0.219216898505925
"11399","11399",3329,3228,3228,-0.0303394412736558
"11400","11400",1740,1700,1502,-0.136781609195402
"17311","17311",1740,1700,1502,-0.136781609195402
"18753","18753",1740,1700,1502,-0.136781609195402
"11401","11401",2482,2489,2483,0.00040290088638195
"11402","11402",5397,5688,4875,-0.0967204002223458
"11403","11403",2232,2230,2230,-0.000896057347670251
"11404","11404",4091,3827,3651,-0.107553165485211
"11406","11406",7601,7601,7832,0.0303907380607815
"11407","11407",1930,2243,1955,0.0129533678756477
"11408","11408",1526,1526,2018,0.322411533420708
"11409","11409",9282,10064,9693,0.0442792501616031
"11411","11411",2960,2956,2945,-0.00506756756756757
"11412","11412",3282,3282,3227,-0.0167580743449116
"11413","11413",1685,1855,1631,-0.0320474777448071
"11414","11414",2797,2841,2854,0.020378977475867
"11415","11415",3055,3061,2435,-0.202945990180033
"11416","11416",3997,3988,3962,-0.00875656742556918
"11417","11417",1705,1704,1691,-0.00821114369501466
"11418","11418",1550,2199,1542,-0.00516129032258065
"11419","11419",3602,3585,3800,0.0549694614103276
"11421","11421",4962,4011,4796,-0.0334542523176139
"11423","11423",7364,7346,7877,0.069663226507333
"11424","11424",3569,3596,3040,-0.148220790137293
"11757","11757",3569,3596,3040,-0.148220790137293
"11425","11425",1385,1591,1591,0.148736462093863
"11426","11426",5086,4423,4528,-0.109712937475423
"11427","11427",2062,2291,1896,-0.0805043646944714
"13929","13929",2062,2291,1896,-0.0805043646944714
"11428","11428",2426,2837,2759,0.137262984336356
"11430","11430",3385,3252,2766,-0.182865583456425
"11431","11431",5007,5282,5194,0.0373477132015179
"11432","11432",1105,1253,1331,0.204524886877828
"19737","19737",1105,1253,1331,0.204524886877828
"11433","11433",5569,5963,5770,0.0360926557730293
"11434","11434",3970,3927,3927,-0.010831234256927
"11436","11436",1221,1221,816,-0.331695331695332
"11437","11437",1388,1388,1385,-0.00216138328530259
"11438","11438",1756,1756,2106,0.199316628701595
"11439","11439",3393,3323,4704,0.386383731211317
"11440","11440",1251,1468,1363,0.0895283772981615
"11441","11441",1364,1259,1483,0.0872434017595308
"11442","11442",1465,1462,1462,-0.00204778156996587
"11443","11443",4014,4014,3974,-0.00996512207274539
"11444","11444",2348,2668,2362,0.00596252129471891
"11445","11445",1898,1923,2145,0.13013698630137
"11446","11446",1904,1963,1964,0.0315126050420168
"11447","11447",2411,2371,3134,0.299875570302779
"11448","11448",5472,5330,5192,-0.0511695906432749
"11449","11449",4622,4425,4388,-0.0506274340112505
"11450","11450",3675,3998,3436,-0.0650340136054422
"11453","11453",782,769,920,0.176470588235294
"11455","11455",2477,2477,2198,-0.112636253532499
"11458","11458",9373,9287,9344,-0.00309399338525552
"11459","11459",1179,1198,1273,0.0797285835453774
"11460","11460",8401,7874,7092,-0.155814783954291
"11461","11461",4632,3546,3863,-0.166018998272884
"11462","11462",4080,4164,4105,0.00612745098039216
"11464","11464",2414,2522,2175,-0.0990057995028998
"11465","11465",2061,2060,2200,0.0674429888403688
"11467","11467",1832,1607,2156,0.176855895196507
"11468","11468",4348,4319,4313,-0.00804967801287949
"11469","11469",5954,4389,5030,-0.155189788377561
"16439","16439",5954,4389,5030,-0.155189788377561
"11470","11470",826,937,895,0.0835351089588378
"11471","11471",4499,5104,4982,0.107357190486775
"11472","11472",12340,12702,10886,-0.117828200972447
"11475","11475",2711,2711,2711,0
"11476","11476",8962,9486,9038,0.00848024994420888
"11477","11477",2635,3582,3250,0.233396584440228
"11479","11479",4339,4197,4257,-0.0188983636782669
"11480","11480",4614,4600,4600,-0.00303424360641526
"11481","11481",4518,4374,4282,-0.0522355024347056
"11482","11482",2223,2526,2388,0.0742240215924427
"11483","11483",4259,4260,4656,0.0932143695703217
"11485","11485",3372,3371,3176,-0.0581257413997628
"11486","11486",1592,1696,1696,0.0653266331658292
"11487","11487",2986,3067,3070,0.0281312793034159
"11488","11488",4033,4033,3665,-0.0912472105132656
"11489","11489",3166,3195,3536,0.116866708780796
"11490","11490",1809,1796,1882,0.0403537866224433
"11491","11491",4352,4608,4660,0.0707720588235294
"11492","11492",4425,4656,4555,0.0293785310734463
"11494","11494",1167,1498,1163,-0.00342759211653813
"18005","18005",1167,1498,1163,-0.00342759211653813
"11495","11495",2419,2320,1957,-0.190988011575031
"14850","14850",2419,2320,1957,-0.190988011575031
"11496","11496",1496,1492,1492,-0.00267379679144385
"11497","11497",6537,6537,6498,-0.00596603946764571
"11498","11498",1933,1932,1926,-0.00362131401965856
"11500","11500",3664,3746,3974,0.0846069868995633
"11501","11501",928,1004,976,0.0517241379310345
"11502","11502",2912,3571,2604,-0.105769230769231
"11503","11503",10487,8940,10647,0.0152569848383713
"11504","11504",2976,2947,2957,-0.00638440860215054
"11505","11505",2494,2371,2381,-0.045308740978348
"11507","11507",945,945,895,-0.0529100529100529
"11508","11508",1690,1678,2180,0.289940828402367
"11509","11509",2511,2824,2823,0.124253285543608
"11510","11510",1772,1773,1771,-0.000564334085778781
"11511","11511",1711,1713,1712,0.000584453535943892
"11512","11512",5572,5552,5248,-0.0581478822684853
"11513","11513",1267,1437,1198,-0.0544593528018942
"11514","11514",1516,1658,1609,0.0613456464379947
"11515","11515",6571,7164,7185,0.0934408765789073
"11516","11516",3219,3215,3649,0.133581857719789
"11517","11517",6284,6613,6646,0.0576066199872693
"11518","11518",5287,5367,6463,0.222432381312654
"11519","11519",1786,1778,2451,0.372340425531915
"11520","11520",1748,2101,2817,0.611556064073226
"11521","11521",4092,3121,3121,-0.237292277614858
"11522","11522",1149,1108,1458,0.268929503916449
"11524","11524",2175,2174,2184,0.00413793103448276
"11525","11525",5206,5207,5207,0.00019208605455244
"11527","11527",2093,2094,2199,0.0506450071667463
"11528","11528",1885,1907,1921,0.0190981432360743
"11530","11530",8220,8611,7917,-0.0368613138686131
"11531","11531",5124,5017,5024,-0.0195160031225605
"11532","11532",1785,1762,1728,-0.0319327731092437
"11533","11533",3045,3045,3360,0.103448275862069
"11534","11534",2616,2778,2823,0.0791284403669725
"11535","11535",2451,2443,2538,0.0354957160342717
"13104","13104",2451,2443,2538,0.0354957160342717
"18077","18077",2451,2443,2538,0.0354957160342717
"11536","11536",2632,2585,2559,-0.0277355623100304
"11537","11537",5321,4448,4499,-0.154482240180417
"11538","11538",5296,5296,5293,-0.000566465256797583
"11539","11539",3230,3332,3334,0.0321981424148607
"11540","11540",2118,2118,2118,0
"11541","11541",2293,2294,1769,-0.228521587440035
"11542","11542",1857,1654,1522,-0.180398492191707
"11543","11543",1516,1316,1247,-0.177440633245383
"11544","11544",5909,5914,5822,-0.0147233034354375
"11545","11545",5029,5441,4764,-0.0526943726386956
"11546","11546",2757,2880,2768,0.00398984403336961
"11547","11547",3558,3558,2839,-0.202079820123665
"11548","11548",6520,6610,6850,0.0506134969325153
"11549","11549",2622,3035,2556,-0.0251716247139588
"17095","17095",2622,3035,2556,-0.0251716247139588
"11550","11550",5122,5065,4956,-0.0324092151503319
"11552","11552",838,1127,1102,0.315035799522673
"11553","11553",2395,1671,1668,-0.303549060542798
"11554","11554",3339,3348,2908,-0.129080563042827
"11555","11555",1971,1751,1881,-0.045662100456621
"11556","11556",3908,3749,3003,-0.23157625383828
"11557","11557",3196,3193,3190,-0.00187734668335419
"11558","11558",7958,7957,7855,-0.0129429504900729
"11559","11559",1702,1702,1644,-0.0340775558166862
"11560","11560",3855,3855,3854,-0.000259403372243839
"11561","11561",2523,2839,2539,0.00634165675782798
"11563","11563",3019,3000,2741,-0.0920834713481285
"11564","11564",2585,2569,1930,-0.253384912959381
"11565","11565",3814,3834,3860,0.0120608285264814
"11566","11566",7933,8240,8130,0.0248329761754696
"11567","11567",3133,3174,2983,-0.04787743376955
"11568","11568",5433,5407,5528,0.0174857353211853
"11569","11569",966,1339,1116,0.15527950310559
"11570","11570",4385,4371,4585,0.0456100342075257
"11571","11571",7721,6868,5992,-0.223934723481414
"11572","11572",2581,2582,2587,0.00232468035645099
"11573","11573",1163,1163,1163,0
"11574","11574",797,793,958,0.202007528230866
"13500","13500",797,793,958,0.202007528230866
"16043","16043",797,793,958,0.202007528230866
"11575","11575",8785,8779,8432,-0.0401821286283438
"11576","11576",3864,4791,3957,0.0240683229813665
"11577","11577",3498,3460,2881,-0.176386506575186
"11578","11578",8063,8048,8373,0.0384472280788788
"11579","11579",5982,4925,5763,-0.0366098294884654
"11580","11580",5021,4937,5170,0.0296753634734117
"14375","14375",5021,4937,5170,0.0296753634734117
"11581","11581",2232,2233,2412,0.0806451612903226
"11582","11582",1312,1271,1200,-0.0853658536585366
"11583","11583",5635,4820,4824,-0.143921916592724
"11584","11584",1854,1854,1854,0
"11585","11585",4520,4440,4739,0.0484513274336283
"11586","11586",2757,2763,2520,-0.0859630032644178
"11587","11587",3442,3755,3387,-0.015979081929111
"11589","11589",4746,4340,4384,-0.0762747576906869
"11590","11590",1271,1555,1464,0.151848937844217
"11591","11591",4324,3875,4074,-0.0578168362627197
"11593","11593",1117,1117,1210,0.0832587287376902
"11594","11594",1293,1293,1201,-0.0711523588553751
"11595","11595",2883,2910,2890,0.00242802636142907
"11597","11597",4554,4126,3932,-0.136583223539745
"11598","11598",3096,3074,3074,-0.00710594315245478
"11599","11599",3863,3863,4255,0.101475537147295
"11600","11600",1633,1633,1633,0
"11601","11601",5205,4851,4850,-0.0682036503362152
"11602","11602",2943,2853,2904,-0.0132517838939857
"11603","11603",6636,6416,6247,-0.0586196503918023
"11604","11604",1728,1771,1766,0.0219907407407407
"11606","11606",8449,8515,9341,0.105574624215884
"11607","11607",2835,3011,2869,0.0119929453262787
"11608","11608",3699,3510,3797,0.0264936469316031
"11609","11609",1905,1706,1727,-0.0934383202099738
"11610","11610",1077,1075,1062,-0.0139275766016713
"11611","11611",2081,2457,2453,0.178760211436809
"11612","11612",7844,7946,7261,-0.0743243243243243
"11614","11614",2588,2640,3050,0.178516228748068
"11615","11615",1926,1926,1917,-0.00467289719626168
"11618","11618",5046,5047,4368,-0.13436385255648
"11620","11620",2709,2688,2622,-0.0321151716500554
"11621","11621",3145,2179,2329,-0.259459459459459
"11622","11622",1880,1909,2640,0.404255319148936
"11623","11623",5131,5131,3805,-0.25842915610992
"11624","11624",3279,3279,3216,-0.0192131747483989
"11625","11625",4287,4341,3670,-0.143923489619781
"11626","11626",1017,1017,1046,0.0285152409046214
"11627","11627",4854,4768,6652,0.370416151627524
"11628","11628",3220,3498,4300,0.335403726708075
"11630","11630",4668,4533,4272,-0.0848329048843188
"11631","11631",3120,2930,2930,-0.0608974358974359
"11632","11632",3730,3730,3859,0.0345844504021448
"11633","11633",2897,2875,2573,-0.111839834311357
"11634","11634",1821,1807,1807,-0.00768808347062054
"12859","12859",1821,1807,1807,-0.00768808347062054
"11635","11635",3233,3233,2758,-0.14692236313022
"11636","11636",963,894,894,-0.0716510903426791
"11637","11637",1605,1553,1591,-0.00872274143302181
"18432","18432",1605,1553,1591,-0.00872274143302181
"11638","11638",1810,1810,2038,0.125966850828729
"11639","11639",2605,2605,2199,-0.155854126679463
"11640","11640",5077,4959,4974,-0.0202875714004333
"11641","11641",1427,1538,1457,0.0210231254379818
"11642","11642",3890,3890,3873,-0.00437017994858612
"11643","11643",825,825,995,0.206060606060606
"11644","11644",3694,3660,3654,-0.0108283703302653
"11645","11645",2851,2853,3092,0.0845317432479832
"11646","11646",3522,3536,3801,0.0792163543441227
"11647","11647",1587,1587,1592,0.00315059861373661
"11648","11648",3300,3325,3487,0.0566666666666667
"11649","11649",1454,1454,1461,0.00481430536451169
"11651","11651",3380,3380,3210,-0.0502958579881657
"11652","11652",10581,10988,10231,-0.0330781589641811
"11653","11653",8579,8670,8223,-0.0414966779344912
"11654","11654",1594,1619,1619,0.0156838143036386
"11655","11655",4181,4180,4121,-0.0143506338196604
"11656","11656",999,1373,1262,0.263263263263263
"11657","11657",4350,4350,4611,0.06
"11658","11658",2740,2739,2783,0.0156934306569343
"11659","11659",1042,1072,1072,0.0287907869481766
"11660","11660",9265,9365,10188,0.0996222342147868
"11661","11661",2758,2667,2643,-0.0416968817984046
"11663","11663",6234,6544,6084,-0.0240615976900866
"11664","11664",7209,6761,7134,-0.0104036620890553
"11665","11665",3556,3556,3949,0.110517435320585
"11667","11667",1775,2087,2112,0.189859154929577
"19408","19408",1775,2087,2112,0.189859154929577
"11669","11669",7326,7945,6853,-0.0645645645645646
"11670","11670",2113,1874,1960,-0.0724088973024136
"12985","12985",2113,1874,1960,-0.0724088973024136
"11672","11672",6287,6421,5088,-0.190710990933673
"11673","11673",1282,1427,1570,0.224648985959438
"11674","11674",4381,4564,4393,0.00273910066194933
"11675","11675",1918,1918,2089,0.089155370177268
"11676","11676",7502,7431,7381,-0.0161290322580645
"11677","11677",4459,4463,4144,-0.0706436420722135
"11678","11678",5477,5433,5702,0.0410808836954537
"11679","11679",3290,3299,3299,0.00273556231003039
"11680","11680",1874,1874,1874,0
"11681","11681",1400,1615,1681,0.200714285714286
"11683","11683",2018,2153,2625,0.300792864222002
"11684","11684",3224,3227,2601,-0.193238213399504
"11685","11685",4867,4867,4936,0.0141771111567701
"11686","11686",2781,3008,2508,-0.0981661272923409
"11687","11687",3087,4022,2981,-0.0343375445416262
"11688","11688",5855,6011,5213,-0.109649871904355
"12280","12280",5855,6011,5213,-0.109649871904355
"11689","11689",2222,2588,2475,0.113861386138614
"11690","11690",3107,3339,3022,-0.0273575796588349
"11692","11692",3589,3589,2742,-0.235998885483422
"11693","11693",5584,5778,5716,0.0236389684813754
"11695","11695",5639,5950,5820,0.0320978896967547
"11696","11696",5287,5278,6038,0.142046529222622
"11697","11697",4735,4735,4745,0.00211193241816262
"11698","11698",4428,4428,3511,-0.207091237579042
"11699","11699",3084,3109,3122,0.0123216601815824
"11700","11700",2894,2898,3195,0.104008293020041
"11701","11701",1727,1522,1738,0.00636942675159236
"11702","11702",3361,3066,3313,-0.0142814638500446
"11703","11703",804,801,731,-0.0907960199004975
"15044","15044",804,801,731,-0.0907960199004975
"11704","11704",2633,2633,1996,-0.241929358146601
"11705","11705",4192,4396,4191,-0.000238549618320611
"11706","11706",2998,3032,2580,-0.13942628418946
"11707","11707",2634,2626,2549,-0.0322703113135915
"11708","11708",2720,3212,2919,0.0731617647058824
"11709","11709",9559,9572,9699,0.014645883460613
"11710","11710",2335,2512,2501,0.0710920770877944
"11711","11711",3004,3417,3416,0.137150466045273
"11712","11712",3312,3650,3651,0.102355072463768
"11713","11713",2812,2773,2431,-0.135490753911807
"11714","11714",3222,3934,3993,0.239292364990689
"11715","11715",4714,5033,4594,-0.0254560882477726
"11716","11716",3484,3611,3208,-0.0792192881745121
"11717","11717",3693,2173,3071,-0.168426753317086
"11718","11718",7029,7011,7011,-0.00256081946222791
"11719","11719",3691,3333,3285,-0.109997290707125
"11720","11720",4544,4571,5534,0.217869718309859
"11721","11721",3264,3248,3121,-0.0438112745098039
"11722","11722",2406,2406,2407,0.000415627597672485
"11723","11723",3560,3565,3476,-0.0235955056179775
"11724","11724",1635,1509,1483,-0.0929663608562691
"11725","11725",1826,1913,1934,0.0591456736035049
"11726","11726",1796,1835,1835,0.0217149220489978
"11727","11727",2816,2816,2853,0.0131392045454545
"11728","11728",3976,3869,3870,-0.0266599597585513
"11729","11729",5758,5633,5708,-0.00868357068426537
"16194","16194",5758,5633,5708,-0.00868357068426537
"11730","11730",2568,2568,2568,0
"11731","11731",3874,3672,3656,-0.0562725864739288
"11732","11732",7680,8025,7410,-0.03515625
"11733","11733",2503,2467,2471,-0.0127846584099081
"11734","11734",2533,2495,2057,-0.187919463087248
"11735","11735",1525,1525,1622,0.0636065573770492
"11736","11736",2681,2629,2504,-0.0660201417381574
"11737","11737",6651,6639,5585,-0.1602766501278
"11738","11738",2237,1898,2210,-0.0120697362539115
"11739","11739",1613,1952,1838,0.13949163050217
"11740","11740",9236,9213,8609,-0.067886530965786
"11741","11741",1683,1737,1550,-0.0790255496137849
"11742","11742",6629,7106,6378,-0.0378639312113441
"11743","11743",3956,3951,3927,-0.00733063700707786
"11744","11744",1808,1796,1632,-0.0973451327433628
"11745","11745",4774,5361,4414,-0.0754084625052367
"11746","11746",1941,1606,1608,-0.171561051004637
"11747","11747",1631,1631,1631,0
"15192","15192",1631,1631,1631,0
"11748","11748",938,982,879,-0.0628997867803838
"11749","11749",1036,1016,852,-0.177606177606178
"11750","11750",4762,4840,4300,-0.0970180596388072
"11751","11751",2684,3222,3038,0.131892697466468
"11752","11752",2569,2628,2562,-0.00272479564032698
"11753","11753",2855,2932,2933,0.0273204903677758
"11754","11754",7646,7597,7665,0.00248495945592467
"11755","11755",1891,2240,2111,0.116340560549974
"11756","11756",2895,3141,3150,0.0880829015544041
"11758","11758",3839,4044,4053,0.0557436832508466
"15973","15973",3839,4044,4053,0.0557436832508466
"11759","11759",2977,3048,3047,0.0235136042996305
"11761","11761",2809,2809,2703,-0.0377358490566038
"11762","11762",2720,2701,2450,-0.0992647058823529
"11763","11763",1823,2009,1931,0.0592430060340099
"11764","11764",2194,2694,2492,0.135824977210574
"11765","11765",6274,6328,6136,-0.0219955371373924
"11766","11766",4049,4049,4050,0.000246974561620153
"11768","11768",2984,2984,2552,-0.144772117962467
"11769","11769",2189,2157,2484,0.134764732754683
"11770","11770",3811,3814,3623,-0.0493308842823406
"11771","11771",3210,3150,3022,-0.0585669781931464
"11772","11772",3391,3392,2480,-0.268652314951342
"11774","11774",732,969,877,0.198087431693989
"11775","11775",6145,6160,5268,-0.142717656631408
"11776","11776",4654,4644,4346,-0.0661796304254405
"11777","11777",5761,5759,5641,-0.0208297170630099
"11778","11778",2277,2277,2279,0.000878348704435661
"11779","11779",3074,2991,3018,-0.0182173064411191
"11780","11780",6597,6751,5675,-0.139760497195695
"11781","11781",5859,6303,5787,-0.0122887864823349
"11782","11782",3414,3695,3300,-0.0333919156414763
"11783","11783",1921,2073,2049,0.0666319625195211
"15316","15316",1921,2073,2049,0.0666319625195211
"11785","11785",2735,2745,2339,-0.144789762340037
"11786","11786",5200,5163,4012,-0.228461538461538
"11787","11787",3536,3537,3044,-0.139140271493213
"11788","11788",2922,3708,2749,-0.0592060232717317
"11789","11789",7886,7887,6842,-0.132386507735227
"11790","11790",1925,1925,1967,0.0218181818181818
"11791","11791",1923,1921,2637,0.371294851794072
"11792","11792",3116,3348,2455,-0.212130937098845
"11793","11793",2805,2731,3073,0.0955436720142603
"11794","11794",3146,3063,3068,-0.0247933884297521
"11795","11795",4901,4901,4883,-0.00367271985309121
"11796","11796",2854,2892,3032,0.0623686054660126
"17587","17587",2854,2892,3032,0.0623686054660126
"11797","11797",1934,1992,2085,0.078076525336091
"11799","11799",10967,9490,10138,-0.0755904075863956
"11800","11800",1335,1274,1310,-0.0187265917602996
"11801","11801",1014,1014,953,-0.0601577909270217
"11802","11802",3312,3312,3038,-0.0827294685990338
"11803","11803",2148,2124,1905,-0.113128491620112
"11804","11804",4403,4247,4313,-0.0204406086759028
"11805","11805",4872,4872,4985,0.0231937602627258
"11806","11806",1550,1903,1874,0.209032258064516
"11807","11807",1104,1104,1129,0.0226449275362319
"11808","11808",3267,3261,3440,0.0529537802265075
"11809","11809",2323,2830,3523,0.516573396470082
"11810","11810",6819,6810,6317,-0.0736178325267635
"11811","11811",2532,2565,2351,-0.0714849921011058
"11812","11812",2073,2115,1900,-0.0834539315002412
"11813","11813",7149,5316,5316,-0.256399496433068
"11814","11814",7263,7276,7316,0.00729726008536417
"11816","11816",3940,3998,3901,-0.00989847715736041
"11817","11817",1546,2119,1691,0.0937904269081501
"13428","13428",1546,2119,1691,0.0937904269081501
"11818","11818",1014,1013,1013,-0.000986193293885602
"11819","11819",3479,3480,3494,0.00431158378844496
"11820","11820",1186,1685,1201,0.0126475548060708
"11822","11822",2274,2274,2273,-0.000439753737906772
"11823","11823",4583,4583,4583,0
"11824","11824",2725,2480,2616,-0.04
"11825","11825",1732,1732,1646,-0.0496535796766744
"11826","11826",5862,5862,5236,-0.106789491641078
"11827","11827",12420,12341,11549,-0.0701288244766506
"11828","11828",2741,2741,2740,-0.000364830353885443
"11829","11829",6544,6638,6316,-0.034841075794621
"11830","11830",2228,2718,2746,0.232495511669659
"11831","11831",2972,3818,3308,0.113055181695828
"11832","11832",5171,5171,5175,0.0007735447689035
"11833","11833",1912,1912,2226,0.164225941422594
"11834","11834",2344,2329,2368,0.0102389078498294
"16191","16191",2344,2329,2368,0.0102389078498294
"17037","17037",2344,2329,2368,0.0102389078498294
"11835","11835",3901,5005,5050,0.294539861573955
"11836","11836",1172,1547,1657,0.41382252559727
"11837","11837",3172,3173,3173,0.000315258511979823
"11838","11838",3352,3317,3490,0.0411694510739857
"11839","11839",2948,3008,2888,-0.0203527815468114
"11840","11840",2468,2320,2865,0.160858995137763
"11841","11841",5215,5725,4923,-0.0559923298178332
"11843","11843",2744,2793,2804,0.021865889212828
"11844","11844",1643,1602,1493,-0.0912964090079124
"11845","11845",3628,3625,3615,-0.0035832414553473
"11846","11846",3198,3302,3304,0.0331457160725453
"11847","11847",5235,6153,5089,-0.0278892072588348
"11848","11848",2846,2848,2844,-0.000702740688685875
"11849","11849",1413,1413,1413,0
"11850","11850",2981,2667,2633,-0.116739349211674
"17896","17896",2981,2667,2633,-0.116739349211674
"11852","11852",7234,7247,7932,0.096488802875311
"11853","11853",4173,4235,4388,0.0515216870357057
"11854","11854",2917,2815,2691,-0.0774768597874529
"11855","11855",2120,2790,2616,0.233962264150943
"11856","11856",1513,1452,1670,0.103767349636484
"11857","11857",2878,2960,2842,-0.0125086865879083
"11858","11858",3993,3957,3975,-0.00450788880540947
"11859","11859",8140,8015,8020,-0.0147420147420147
"11860","11860",3565,3889,3578,0.00364656381486676
"11861","11861",4519,4560,4386,-0.0294312901084311
"12521","12521",4519,4560,4386,-0.0294312901084311
"11862","11862",12098,12597,12169,0.00586873863448504
"11863","11863",1507,3211,2648,0.757133377571334
"11864","11864",7928,8318,8140,0.0267406659939455
"11865","11865",8140,8225,8531,0.048034398034398
"11866","11866",2708,2708,2708,0
"11867","11867",8625,8624,7570,-0.12231884057971
"11868","11868",2362,2254,2492,0.0550381033022862
"11869","11869",1420,1383,1528,0.076056338028169
"11870","11870",1662,1664,1663,0.000601684717208183
"11871","11871",8516,8517,8491,-0.0029356505401597
"11872","11872",3335,3194,3270,-0.0194902548725637
"11873","11873",4492,4478,4477,-0.00333926981300089
"11874","11874",2544,2431,2331,-0.0837264150943396
"11875","11875",10002,9801,10047,0.00449910017996401
"11876","11876",1998,1955,1942,-0.028028028028028
"11877","11877",4123,3757,4680,0.135095804026195
"11878","11878",2760,2245,2266,-0.178985507246377
"11879","11879",2885,2739,2711,-0.0603119584055459
"11880","11880",3872,4265,3589,-0.0730888429752066
"11881","11881",2601,2667,2504,-0.0372933487120338
"11882","11882",3917,4896,3869,-0.0122542762318101
"11883","11883",4938,5307,5034,0.0194410692588092
"11884","11884",4188,4152,3436,-0.17956064947469
"11885","11885",1512,2176,2130,0.408730158730159
"11886","11886",914,916,881,-0.0361050328227571
"11888","11888",5097,5097,5177,0.0156955071610751
"11889","11889",2375,2381,2521,0.0614736842105263
"11890","11890",1168,1168,1226,0.0496575342465753
"11891","11891",3125,3082,3057,-0.02176
"11892","11892",2409,2414,2095,-0.130344541303445
"11893","11893",3535,3763,3763,0.0644978783592645
"11894","11894",1416,1401,1530,0.0805084745762712
"11896","11896",4338,3048,2977,-0.313739050253573
"11898","11898",2020,2037,1821,-0.0985148514851485
"11899","11899",4886,4883,4372,-0.105198526401965
"11900","11900",2101,2106,2678,0.274631128034269
"11901","11901",5506,5557,5257,-0.0452233926625499
"11902","11902",5762,5326,4290,-0.255466851787574
"11904","11904",3707,3736,2588,-0.30186134340437
"11905","11905",5122,5106,4990,-0.0257711831315892
"11906","11906",996,996,810,-0.186746987951807
"11907","11907",2060,2098,2082,0.0106796116504854
"15442","15442",2060,2098,2082,0.0106796116504854
"11908","11908",1985,1985,1982,-0.00151133501259446
"11909","11909",3279,3279,3088,-0.0582494663007014
"11910","11910",12014,11554,12132,0.0098218744797736
"11911","11911",2275,1516,1497,-0.341978021978022
"11912","11912",6369,6360,5908,-0.0723818495839221
"11913","11913",4281,4050,4074,-0.0483531885073581
"11914","11914",1145,1125,1125,-0.0174672489082969
"11915","11915",2915,3002,2587,-0.112521440823328
"11916","11916",5192,5106,6520,0.2557781201849
"11918","11918",7631,6675,6385,-0.163281352378456
"11919","11919",1745,1745,1782,0.0212034383954155
"11920","11920",3652,3222,3206,-0.122124863088719
"12150","12150",3652,3222,3206,-0.122124863088719
"11921","11921",3263,3261,3059,-0.0625191541526203
"11922","11922",1514,1531,1531,0.0112285336856011
"11924","11924",10363,10366,9950,-0.0398533243269324
"11925","11925",4476,4464,4176,-0.0670241286863271
"11926","11926",4295,4667,4543,0.0577415599534342
"11927","11927",2046,2352,2442,0.193548387096774
"11928","11928",6294,5746,5889,-0.0643469971401335
"11929","11929",2857,2856,2995,0.048302415120756
"11930","11930",2285,2082,2423,0.0603938730853392
"11931","11931",1842,2063,1876,0.0184581976112921
"16955","16955",1842,2063,1876,0.0184581976112921
"11932","11932",3407,3459,3405,-0.000587026709715292
"11933","11933",3407,3345,3131,-0.0810096859407103
"11934","11934",5677,5983,6202,0.092478421701603
"11936","11936",8685,8576,8159,-0.0605641911341393
"11937","11937",1098,1434,1400,0.275045537340619
"11938","11938",7092,7001,6662,-0.0606316976875352
"11939","11939",4127,4130,4127,0
"11942","11942",3554,3308,3471,-0.0233539673607203
"11943","11943",5311,4726,4596,-0.134626247411034
"11944","11944",781,798,798,0.0217669654289373
"11945","11945",4414,3743,4370,-0.00996828273674671
"11946","11946",2318,2426,2366,0.0207075064710958
"11947","11947",3586,3586,2689,-0.250139431121026
"11948","11948",1395,2038,2038,0.460931899641577
"11949","11949",3048,2685,2642,-0.133202099737533
"11950","11950",4506,4245,4305,-0.044607190412783
"11951","11951",3273,3279,3727,0.138710663000306
"11952","11952",3172,3125,4106,0.294451450189155
"11953","11953",3246,3219,2632,-0.189155884165126
"11954","11954",2461,2490,2486,0.0101584721657863
"11955","11955",6322,6423,6260,-0.00980702309395761
"11956","11956",3264,3264,3273,0.00275735294117647
"11957","11957",2951,2951,2951,0
"11958","11958",2389,2212,2202,-0.0782754290498116
"11959","11959",5917,5917,5319,-0.101064728747676
"11960","11960",4763,4794,4748,-0.00314927566659668
"11961","11961",4955,4664,4384,-0.115237134207871
"11962","11962",4452,4452,2789,-0.373539982030548
"11963","11963",1763,1975,2361,0.339194554736245
"11964","11964",2196,2317,2264,0.0309653916211293
"16412","16412",2196,2317,2264,0.0309653916211293
"11965","11965",4139,4076,4067,-0.0173955061609084
"11966","11966",3702,3702,3056,-0.174500270124257
"11967","11967",3523,3658,3808,0.080896962815782
"11968","11968",4745,5345,4624,-0.0255005268703899
"11969","11969",3838,2022,2640,-0.312141740489838
"11970","11970",1696,1696,1597,-0.058372641509434
"11971","11971",1879,2198,2034,0.0824906865353912
"11972","11972",2398,2222,2352,-0.0191826522101751
"11973","11973",4825,5211,4689,-0.0281865284974093
"11974","11974",3480,3480,3423,-0.0163793103448276
"11975","11975",3660,3647,3388,-0.0743169398907104
"11977","11977",2306,1715,1717,-0.25542064180399
"11979","11979",2870,2870,2870,0
"11980","11980",2956,2932,3111,0.0524357239512855
"11981","11981",3680,3551,3285,-0.107336956521739
"11982","11982",1300,1315,1353,0.0407692307692308
"11983","11983",6253,6247,4789,-0.234127618743003
"11984","11984",6446,6464,6454,0.00124107973937325
"11986","11986",1658,1810,1703,0.0271411338962606
"11987","11987",2569,2312,2233,-0.130790190735695
"11988","11988",1893,1809,2810,0.484416270470153
"11989","11989",6119,6060,6006,-0.0184670697826442
"11991","11991",4470,4468,4813,0.0767337807606264
"11992","11992",4170,4921,4147,-0.00551558752997602
"11993","11993",3998,4319,4118,0.0300150075037519
"11994","11994",3513,3481,4333,0.233418730429832
"11995","11995",2650,2734,2728,0.0294339622641509
"11996","11996",6709,6809,6718,0.00134148159189149
"11997","11997",2068,2067,2067,-0.000483558994197292
"11998","11998",2972,2988,2995,0.00773889636608345
"15005","15005",2972,2988,2995,0.00773889636608345
"11999","11999",3066,2700,3010,-0.0182648401826484
"12000","12000",7197,7579,7611,0.0575239683201334
"12001","12001",3284,3241,3437,0.0465895249695493
"12002","12002",2405,1447,1793,-0.254469854469854
"12003","12003",2102,2193,1877,-0.107040913415794
"12004","12004",9687,9855,9513,-0.0179622174047693
"12005","12005",7549,7539,7110,-0.0581533978010332
"12007","12007",2535,2535,2696,0.0635108481262327
"12008","12008",5273,5922,5931,0.124786648966433
"12009","12009",3653,3657,3657,0.00109499041883384
"12010","12010",4369,4531,4592,0.0510414282444495
"12011","12011",2613,2613,2613,0
"12012","12012",4514,5264,5523,0.223526805494019
"12013","12013",2782,3161,3093,0.111790079079799
"12014","12014",5729,5729,5526,-0.0354337580729621
"12015","12015",1849,1849,1847,-0.00108166576527853
"12016","12016",2039,2039,2039,0
"12017","12017",3121,3126,1931,-0.381288048702339
"12018","12018",1897,1836,1706,-0.100685292567211
"12019","12019",10294,8319,8361,-0.187779288906159
"12021","12021",2776,2923,2651,-0.045028818443804
"12023","12023",4016,3922,3986,-0.00747011952191235
"12024","12024",3283,3283,3283,0
"12025","12025",3673,3657,3657,-0.00435611216988837
"12026","12026",1392,1398,1305,-0.0625
"13952","13952",1392,1398,1305,-0.0625
"14304","14304",1392,1398,1305,-0.0625
"12027","12027",2508,2508,2508,0
"12028","12028",9105,9146,9105,0
"12029","12029",6929,6199,6128,-0.115601096839371
"12030","12030",1497,1564,1564,0.0447561790247161
"12031","12031",2807,2675,3082,0.0979693623085144
"12032","12032",6275,6265,6265,-0.00159362549800797
"12033","12033",6285,6390,6274,-0.00175019888623707
"12034","12034",2356,2355,2403,0.0199490662139219
"12035","12035",3081,3076,3074,-0.00227198961376177
"12036","12036",3252,3839,3589,0.103628536285363
"12037","12037",4827,5244,4699,-0.0265175056971204
"12038","12038",3198,3196,2928,-0.0844277673545966
"12039","12039",1618,1857,1788,0.105067985166873
"12040","12040",1226,1226,1226,0
"12041","12041",7885,8376,8228,0.0435003170577045
"12042","12042",2104,2097,1657,-0.21245247148289
"12043","12043",2298,2424,2556,0.112271540469974
"12044","12044",2403,2450,2450,0.0195588847274241
"12045","12045",4252,3556,4427,0.0411571025399812
"12046","12046",4086,4086,4103,0.00416054821341165
"12047","12047",1625,2123,2053,0.263384615384615
"12048","12048",2013,2013,2018,0.00248385494287134
"12049","12049",1723,1745,1741,0.0104468949506674
"16904","16904",1723,1745,1741,0.0104468949506674
"17158","17158",1723,1745,1741,0.0104468949506674
"12050","12050",6393,7060,6251,-0.0222117941498514
"12051","12051",4279,4004,3955,-0.0757186258471605
"12052","12052",2947,3331,2967,0.00678656260604004
"12053","12053",3926,3874,3911,-0.00382068262862965
"12055","12055",9047,8722,8782,-0.0292914778379573
"12056","12056",2950,2950,2950,0
"12057","12057",5034,5035,4661,-0.0740961462058006
"12059","12059",8283,8283,6943,-0.161777133888688
"12060","12060",2113,2101,2383,0.127780407004259
"12061","12061",3035,2951,2992,-0.014168039538715
"12062","12062",3629,4028,4019,0.107467621934417
"12063","12063",6306,6322,6108,-0.0313986679352997
"12064","12064",2546,2343,2188,-0.140612725844462
"12065","12065",2062,2062,2062,0
"12066","12066",3994,4559,4528,0.133700550826239
"12067","12067",3368,3353,3353,-0.00445368171021378
"12068","12068",9296,9776,8496,-0.0860585197934595
"12069","12069",3359,3384,2948,-0.122357844596606
"12070","12070",1845,2190,2278,0.234688346883469
"12071","12071",5339,5339,5222,-0.0219142161453456
"12072","12072",7896,7994,7413,-0.0611702127659574
"12073","12073",4893,4897,4925,0.00653995503780912
"12074","12074",1595,1593,1567,-0.0175548589341693
"12075","12075",2183,2230,2125,-0.0265689418231791
"12076","12076",2628,2597,2661,0.0125570776255708
"12078","12078",4020,4022,4294,0.0681592039800995
"12079","12079",2618,2619,2322,-0.113063407181054
"12080","12080",1289,1289,1289,0
"12083","12083",4053,4053,4315,0.0646434739698988
"12084","12084",893,959,959,0.0739081746920493
"12086","12086",3390,3560,3553,0.0480825958702065
"12087","12087",6874,6879,6835,-0.00567355251672971
"12088","12088",4916,4906,4999,0.0168836452400325
"12089","12089",1350,1172,1194,-0.115555555555556
"12454","12454",1350,1172,1194,-0.115555555555556
"12090","12090",3218,3215,3080,-0.0428837787445618
"12091","12091",2823,2826,3667,0.298972724052426
"12092","12092",1056,1409,1345,0.273674242424242
"12093","12093",3380,3473,3561,0.0535502958579882
"12094","12094",1410,1410,1408,-0.00141843971631206
"12095","12095",3579,3579,3358,-0.0617490919251188
"12096","12096",4845,4844,4853,0.00165118679050568
"12097","12097",2246,2363,2362,0.0516473731077471
"12098","12098",1931,2415,2427,0.256861729673744
"12099","12099",2933,2933,2527,-0.138424821002387
"13607","13607",2933,2933,2527,-0.138424821002387
"12100","12100",4042,3485,3520,-0.129143988124691
"19080","19080",4042,3485,3520,-0.129143988124691
"12102","12102",4459,4999,4167,-0.06548553487329
"12103","12103",3330,2178,2379,-0.285585585585586
"12104","12104",5476,5057,5376,-0.0182615047479912
"12105","12105",3357,3401,3445,0.0262138814417635
"12106","12106",3281,3272,3558,0.0844254800365742
"12107","12107",4668,4668,4423,-0.0524850042844901
"12108","12108",8305,7724,8230,-0.00903070439494281
"12109","12109",1075,1075,1048,-0.0251162790697674
"12110","12110",1748,1754,1673,-0.0429061784897025
"12111","12111",5647,5743,4856,-0.140074375774748
"12112","12112",1484,1781,2014,0.357142857142857
"12114","12114",5177,5157,5244,0.0129418582190458
"12115","12115",3380,3404,3354,-0.00769230769230769
"12116","12116",5190,5780,5977,0.151637764932563
"12118","12118",952,1075,1031,0.0829831932773109
"12119","12119",3400,3547,3275,-0.0367647058823529
"12120","12120",3957,3879,3879,-0.0197119029567854
"12121","12121",4624,4652,4645,0.00454152249134948
"12122","12122",1071,1019,1019,-0.0485527544351074
"12123","12123",2025,3104,3104,0.532839506172839
"12124","12124",2144,2348,2343,0.0928171641791045
"12125","12125",3029,2476,2597,-0.142621327170683
"12126","12126",8995,8981,8204,-0.0879377431906615
"12128","12128",2276,2323,2410,0.0588752196836555
"13531","13531",2276,2323,2410,0.0588752196836555
"12129","12129",3342,3328,4238,0.268102932375823
"12130","12130",4547,4800,4970,0.0930283703540796
"12132","12132",2654,2759,2758,0.0391861341371515
"12133","12133",1168,1205,1147,-0.0179794520547945
"12134","12134",5649,5131,5431,-0.0385909010444326
"12136","12136",3844,3851,3695,-0.0387617065556712
"12137","12137",1738,1738,2496,0.436133486766398
"12138","12138",1556,1551,1520,-0.0231362467866324
"12139","12139",3456,3379,4011,0.160590277777778
"12141","12141",3046,2844,2800,-0.0807616546290217
"12142","12142",4120,4643,4103,-0.00412621359223301
"12143","12143",1166,1164,1222,0.0480274442538593
"13630","13630",1166,1164,1222,0.0480274442538593
"12144","12144",1592,1920,1920,0.206030150753769
"12145","12145",1602,1601,1774,0.107365792759051
"12146","12146",5550,5563,5356,-0.034954954954955
"12147","12147",2774,2736,2736,-0.0136986301369863
"12148","12148",2868,2868,3699,0.289748953974895
"12149","12149",3975,4876,4397,0.106163522012579
"12151","12151",2199,2247,2265,0.0300136425648022
"12152","12152",1942,1725,1869,-0.0375901132852729
"12153","12153",6013,6026,6040,0.00449027107932812
"12154","12154",4281,4196,4450,0.0394767577668769
"12156","12156",2499,2496,2366,-0.0532212885154062
"12157","12157",3548,4078,4023,0.133878241262683
"12158","12158",7466,7465,6707,-0.101660862577016
"12159","12159",2749,2939,2935,0.0676609676245908
"12160","12160",1650,1650,1650,0
"12161","12161",3314,3313,2933,-0.114966807483404
"17843","17843",3314,3313,2933,-0.114966807483404
"12162","12162",2035,1767,1767,-0.131695331695332
"12163","12163",2446,2446,2446,0
"12164","12164",4262,4111,4273,0.00258094791177851
"12165","12165",6254,6205,6209,-0.00719539494723377
"12166","12166",8753,8962,8466,-0.0327887581400663
"12167","12167",1685,1577,1577,-0.0640949554896142
"12168","12168",3086,3325,3305,0.0709656513285807
"12169","12169",2966,2898,2914,-0.0175320296695887
"12170","12170",4915,5068,4312,-0.122685656154629
"12171","12171",2808,2808,2439,-0.131410256410256
"12172","12172",3038,3606,3562,0.1724818959842
"12174","12174",4656,3651,3277,-0.296176975945017
"12175","12175",2833,2766,2504,-0.116131309565831
"12176","12176",4051,3624,3608,-0.109355714638361
"16204","16204",4051,3624,3608,-0.109355714638361
"12177","12177",6994,6274,6036,-0.136974549613955
"12178","12178",2651,2505,2517,-0.050546963410034
"12180","12180",1274,1149,1149,-0.098116169544741
"12181","12181",2669,2732,2424,-0.0917946796553016
"12182","12182",6231,6230,4676,-0.249558658321297
"12183","12183",1444,1444,1343,-0.0699445983379501
"12184","12184",3514,3515,3651,0.0389869095048378
"12185","12185",3608,3677,1910,-0.470620842572062
"12186","12186",4461,4570,4538,0.0172607038780542
"12187","12187",1430,1438,1443,0.00909090909090909
"12189","12189",1485,1685,2050,0.38047138047138
"12190","12190",1623,1543,1498,-0.0770178681454097
"12191","12191",3698,3698,3359,-0.0916711736073553
"12192","12192",4299,4523,4372,0.0169806931844615
"12194","12194",3771,3762,2818,-0.252718111906656
"12196","12196",2825,2887,2721,-0.0368141592920354
"12197","12197",4664,4194,4572,-0.0197255574614065
"12198","12198",5782,5787,6165,0.0662400553441716
"12202","12202",5194,5159,5062,-0.0254139391605699
"12203","12203",4284,4282,3938,-0.080765639589169
"12204","12204",5581,6141,6060,0.0858269127396524
"12205","12205",2925,3063,2256,-0.228717948717949
"12206","12206",1125,1125,1169,0.0391111111111111
"12207","12207",1751,1776,1720,-0.0177041690462593
"13360","13360",1751,1776,1720,-0.0177041690462593
"12208","12208",3044,3265,3295,0.0824572930354796
"12210","12210",1050,1180,1194,0.137142857142857
"12212","12212",2336,2402,2321,-0.00642123287671233
"12213","12213",1174,1141,2155,0.835604770017036
"17214","17214",1174,1141,2155,0.835604770017036
"12214","12214",2574,2834,2837,0.102175602175602
"16407","16407",2574,2834,2837,0.102175602175602
"12215","12215",8352,8342,7313,-0.124401340996169
"12216","12216",2577,2219,2423,-0.0597594101668607
"12217","12217",5066,5031,4906,-0.0315831030398737
"12219","12219",4183,4467,4465,0.0674157303370786
"12220","12220",3930,3910,3884,-0.011704834605598
"12221","12221",2485,2446,2446,-0.0156941649899396
"12222","12222",2736,2614,3196,0.16812865497076
"12223","12223",8067,8061,6969,-0.136110078095946
"12225","12225",2681,2723,2426,-0.0951137635210742
"12226","12226",2707,2796,2831,0.0458071666050979
"12227","12227",3521,3491,3191,-0.0937233740414655
"12388","12388",3521,3491,3191,-0.0937233740414655
"12228","12228",6777,6839,6516,-0.0385126162018592
"12229","12229",3748,3752,3635,-0.0301494130202775
"12231","12231",6590,6969,6380,-0.031866464339909
"12232","12232",1470,1445,1490,0.0136054421768707
"12233","12233",2324,2327,2292,-0.0137693631669535
"12234","12234",6244,6229,6212,-0.0051249199231262
"12236","12236",1837,2298,2298,0.250952640174197
"12237","12237",1363,1566,1494,0.0961115187087307
"12238","12238",8358,8262,8228,-0.0155539602775784
"12239","12239",3967,3967,3947,-0.00504159314343332
"12240","12240",1420,1425,1422,0.00140845070422535
"12241","12241",2751,2750,2403,-0.12649945474373
"12242","12242",1882,1908,1788,-0.0499468650371945
"12243","12243",2508,2545,2611,0.0410685805422648
"15865","15865",2508,2545,2611,0.0410685805422648
"12244","12244",4207,3268,3268,-0.223199429522225
"12245","12245",1141,1611,1659,0.45398773006135
"12246","12246",2439,2445,2362,-0.031570315703157
"12247","12247",3648,3628,3879,0.0633223684210526
"12248","12248",2424,2425,2425,0.000412541254125413
"12249","12249",2364,2364,2402,0.0160744500846024
"12250","12250",4000,4012,3877,-0.03075
"12251","12251",3741,3290,3665,-0.0203154236835071
"12252","12252",2193,2269,2271,0.0355677154582763
"12253","12253",2341,2816,2762,0.179837676206749
"12254","12254",2275,2557,1885,-0.171428571428571
"17550","17550",2275,2557,1885,-0.171428571428571
"19364","19364",2275,2557,1885,-0.171428571428571
"12255","12255",2689,2774,2762,0.0271476385273336
"12256","12256",2865,3365,3203,0.117975567190227
"12257","12257",2424,2372,3483,0.436881188118812
"12258","12258",2350,2513,2495,0.0617021276595745
"12259","12259",2901,2902,2954,0.0182695622199242
"12260","12260",4616,4616,3704,-0.197573656845754
"12261","12261",908,908,908,0
"12262","12262",1215,1522,1097,-0.097119341563786
"12263","12263",8167,8214,8144,-0.00281621158320069
"12264","12264",4259,4380,4379,0.0281756280817093
"12265","12265",4386,4386,4334,-0.0118559051527588
"12266","12266",6265,6264,5564,-0.111891460494812
"12267","12267",1567,1534,1586,0.0121250797702616
"12268","12268",6498,6473,6334,-0.0252385349338258
"12269","12269",1092,1093,982,-0.100732600732601
"12271","12271",4826,4825,4823,-0.000621632822213013
"12272","12272",1415,1415,1268,-0.103886925795053
"12273","12273",1998,1663,1577,-0.210710710710711
"12274","12274",2215,2616,2221,0.00270880361173815
"12275","12275",3964,3812,3821,-0.0360746720484359
"12276","12276",2607,2606,2732,0.0479478327579593
"12277","12277",2565,3131,3362,0.310721247563353
"12278","12278",1347,1347,1348,0.000742390497401633
"12281","12281",2225,2225,2312,0.0391011235955056
"12282","12282",4790,5080,4727,-0.0131524008350731
"18195","18195",4790,5080,4727,-0.0131524008350731
"12283","12283",2134,2542,2500,0.171508903467666
"12284","12284",2992,2992,2796,-0.0655080213903743
"12285","12285",5797,6131,5400,-0.0684836984647231
"12286","12286",3680,4018,3259,-0.114402173913043
"12287","12287",4320,4401,4367,0.0108796296296296
"12288","12288",5445,5762,5404,-0.00752984389348026
"12289","12289",4627,4627,4627,0
"12290","12290",6074,6079,6171,0.0159697069476457
"12291","12291",1364,1504,1471,0.0784457478005865
"12292","12292",1468,1032,995,-0.322207084468665
"12293","12293",1863,1833,1744,-0.0638754696725711
"18524","18524",1863,1833,1744,-0.0638754696725711
"12294","12294",4529,4529,3587,-0.20799293442261
"12295","12295",3508,3563,3303,-0.0584378563283922
"12296","12296",3691,3624,3699,0.00216743429964779
"12297","12297",2778,2778,2778,0
"12298","12298",1706,1778,1778,0.0422039859320047
"16182","16182",1706,1778,1778,0.0422039859320047
"12299","12299",1467,1467,1686,0.149284253578732
"12300","12300",6542,6297,6018,-0.0800978294099664
"12301","12301",2075,2040,2262,0.0901204819277108
"12302","12302",1502,1866,1867,0.243009320905459
"12304","12304",4853,4854,4677,-0.0362662270760354
"12305","12305",1768,2138,1889,0.0684389140271493
"12306","12306",4359,4370,4349,-0.00229410415232852
"12307","12307",4889,5221,5447,0.114133769687053
"12308","12308",8327,8574,8713,0.0463552299747808
"12309","12309",5798,5779,5993,0.0336322869955157
"12310","12310",6514,6514,6375,-0.0213386552041756
"12311","12311",1779,1774,2107,0.184373243395166
"12312","12312",4466,4903,5463,0.223242274966413
"12313","12313",3540,3549,3495,-0.0127118644067797
"12314","12314",6160,6272,6026,-0.0217532467532468
"12315","12315",2894,3021,3022,0.0442294402211472
"12316","12316",9334,10013,9790,0.0488536533104778
"12317","12317",3199,3185,3193,-0.00187558612066271
"12319","12319",4097,4231,4532,0.106175250183061
"12320","12320",1788,1775,1766,-0.0123042505592841
"12321","12321",1645,1605,2000,0.21580547112462
"12322","12322",4268,4735,4983,0.167525773195876
"12323","12323",1591,1751,1541,-0.0314267756128221
"12324","12324",3443,3442,3439,-0.001161777519605
"12325","12325",2490,2570,2401,-0.0357429718875502
"12326","12326",3284,3126,3009,-0.0837393422655298
"12328","12328",5088,5088,4827,-0.0512971698113208
"12329","12329",2028,1999,1976,-0.0256410256410256
"12330","12330",3239,3447,3436,0.0608212411238036
"12331","12331",5689,5139,4735,-0.167692037264897
"12332","12332",1406,1386,1582,0.125177809388336
"12334","12334",7750,7778,7642,-0.0139354838709677
"12335","12335",6776,7644,7620,0.124557260920897
"12336","12336",2832,2943,2943,0.0391949152542373
"12337","12337",1580,1580,2085,0.319620253164557
"12338","12338",6046,6026,4899,-0.189712206417466
"12339","12339",1882,1912,2132,0.132837407013815
"12341","12341",4641,3715,3746,-0.192846369316958
"12342","12342",1602,1533,1775,0.107990012484395
"12343","12343",6872,6872,6511,-0.0525320139697322
"12344","12344",7913,7895,7870,-0.00543409579173512
"12345","12345",4628,4643,4527,-0.0218236819360415
"12346","12346",2519,2620,2738,0.0869392616117507
"12347","12347",4195,4175,4240,0.0107270560190703
"12348","12348",1491,1538,1351,-0.0938967136150235
"12349","12349",2571,2571,3481,0.353947880202256
"12353","12353",2434,2187,2597,0.0669679539852095
"12354","12354",2893,2204,1702,-0.41168337366056
"12355","12355",1918,1962,2312,0.205422314911366
"12356","12356",2245,2289,2163,-0.0365256124721604
"12357","12357",4318,4318,3228,-0.252431681333951
"12359","12359",4232,3996,3994,-0.0562381852551985
"14607","14607",4232,3996,3994,-0.0562381852551985
"12360","12360",2935,3178,3142,0.0705281090289608
"12361","12361",2356,2959,2970,0.260611205432937
"12362","12362",2690,2734,2301,-0.144609665427509
"12363","12363",3254,3116,3144,-0.0338045482483098
"12364","12364",5068,5068,5181,0.0222967640094712
"12365","12365",2498,2598,2879,0.152522017614091
"12366","12366",3748,3747,3747,-0.000266808964781217
"12367","12367",2727,2405,2408,-0.116978364503117
"12368","12368",1642,1737,1699,0.0347137637028015
"12369","12369",1851,1852,1852,0.000540248514316586
"12370","12370",4358,4131,4001,-0.0819183111519045
"12371","12371",2412,2411,2378,-0.0140961857379768
"12372","12372",8029,8413,8094,0.00809565325694358
"12373","12373",4875,4874,4828,-0.00964102564102564
"12374","12374",4995,4711,4835,-0.032032032032032
"12375","12375",2389,2390,2390,0.000418585182084554
"19170","19170",2389,2390,2390,0.000418585182084554
"12376","12376",2023,2023,2048,0.0123578843302027
"12377","12377",1723,1940,1568,-0.089959373186303
"12378","12378",3670,3670,3357,-0.0852861035422343
"12379","12379",1621,1623,1631,0.00616903146206046
"12380","12380",1764,1856,1750,-0.00793650793650794
"12381","12381",2208,4084,1973,-0.10643115942029
"12382","12382",2305,2020,2112,-0.0837310195227766
"12383","12383",1026,1026,588,-0.426900584795322
"12384","12384",680,709,709,0.0426470588235294
"12385","12385",1950,1849,2404,0.232820512820513
"12386","12386",3117,3586,3441,0.103946102021174
"12387","12387",9908,10420,9871,-0.00373435607589826
"12389","12389",6212,6179,6197,-0.00241468126207341
"12390","12390",3533,3500,3183,-0.0990659496178885
"12391","12391",2229,2154,2443,0.0960071781067743
"12393","12393",2834,2834,3534,0.247000705716302
"12394","12394",2521,2071,2072,-0.17810392701309
"12395","12395",2755,2626,2626,-0.0468239564428312
"12396","12396",1428,1428,1428,0
"12397","12397",4000,4000,3997,-0.00075
"12399","12399",3156,3247,3938,0.247782002534854
"12401","12401",895,895,821,-0.0826815642458101
"12402","12402",1816,1823,1825,0.00495594713656388
"12403","12403",5396,4840,4657,-0.136953298739807
"12404","12404",1542,1644,1644,0.066147859922179
"12405","12405",1043,928,817,-0.216682646212848
"12406","12406",4371,4371,4385,0.00320292839167239
"12407","12407",3674,3733,3609,-0.017691888949374
"12408","12408",4575,4697,4699,0.027103825136612
"12410","12410",1965,1892,1821,-0.0732824427480916
"12411","12411",7690,7690,6787,-0.11742522756827
"12412","12412",4418,4853,4831,0.093481213218651
"12413","12413",2549,2477,2477,-0.0282463711259317
"12414","12414",4790,5021,4763,-0.00563674321503132
"12415","12415",5067,5536,5073,0.00118413262285376
"12416","12416",3245,3234,3464,0.0674884437596302
"12417","12417",1387,1350,1361,-0.0187454938716655
"12418","12418",4602,4555,5030,0.0930030421555845
"12419","12419",4556,4667,4570,0.00307287093942054
"12420","12420",2139,2139,2139,0
"12421","12421",1356,1356,1183,-0.127581120943953
"12422","12422",2466,2466,2331,-0.0547445255474453
"15645","15645",2466,2466,2331,-0.0547445255474453
"12423","12423",2002,2002,2005,0.0014985014985015
"12424","12424",8277,8373,8946,0.0808263863718739
"12425","12425",3276,3273,3270,-0.00183150183150183
"12426","12426",3147,3147,3175,0.00889736256752463
"12427","12427",2819,2819,2819,0
"12428","12428",9514,9304,9577,0.00662182047508934
"12429","12429",3349,3350,3350,0.000298596595998806
"12430","12430",2689,2679,3450,0.283004834510971
"12431","12431",1195,1164,1157,-0.0317991631799163
"12432","12432",3924,3575,3277,-0.164882772680938
"12433","12433",3434,3524,3708,0.0797903319743739
"12434","12434",1844,1844,2276,0.234273318872017
"12435","12435",4302,4302,4302,0
"12436","12436",1881,1852,1782,-0.0526315789473684
"12438","12438",2809,2784,2837,0.00996796012815949
"12439","12439",2825,2674,2674,-0.0534513274336283
"12440","12440",4503,4510,4596,0.0206528980679547
"12443","12443",5364,4979,4859,-0.0941461595824012
"12444","12444",4349,4173,4075,-0.0630029891929179
"12445","12445",2542,3154,2670,0.0503540519276161
"12446","12446",2041,2163,2163,0.0597746202841744
"12448","12448",1606,1099,1096,-0.317559153175592
"12449","12449",3140,2916,2916,-0.0713375796178344
"12450","12450",2159,1635,1635,-0.242704955998147
"12452","12452",2892,2620,3252,0.12448132780083
"12453","12453",2480,2461,2443,-0.0149193548387097
"12455","12455",3616,3633,3610,-0.00165929203539823
"12456","12456",2768,2769,2776,0.00289017341040462
"12457","12457",3412,3202,3383,-0.00849941383352872
"12458","12458",6305,6632,6704,0.0632831086439334
"12459","12459",3704,3703,3696,-0.00215982721382289
"12460","12460",2559,2550,2162,-0.155138726064869
"12461","12461",3920,3572,3937,0.00433673469387755
"12462","12462",2701,2688,2688,-0.00481303221029248
"12465","12465",5842,5842,5972,0.0222526532009586
"12467","12467",3159,3163,3134,-0.00791389680278569
"12468","12468",3171,3172,3124,-0.0148218227688426
"12469","12469",3277,3808,3726,0.137015563014953
"12470","12470",4106,4129,4133,0.00657574281539211
"12471","12471",9860,9951,9854,-0.000608519269776876
"12472","12472",5294,5270,4273,-0.192859841329807
"12473","12473",2985,2961,2984,-0.00033500837520938
"12474","12474",2834,2348,2545,-0.10197600564573
"12475","12475",2229,2233,2552,0.144908030506954
"12476","12476",2702,2897,2662,-0.0148038490007402
"12477","12477",2424,2429,2132,-0.12046204620462
"12478","12478",2650,2651,1620,-0.388679245283019
"12479","12479",9742,9741,10018,0.0283309382057072
"12480","12480",4994,4996,5008,0.00280336403684421
"12482","12482",4174,4201,4040,-0.0321034978437949
"12483","12483",1053,964,964,-0.0845204178537512
"12484","12484",3165,3740,3737,0.180726698262243
"12485","12485",4945,4454,4328,-0.124772497472194
"12486","12486",2369,2300,2353,-0.00675390460109751
"12487","12487",4076,3766,3782,-0.0721295387634936
"12488","12488",3007,3312,2991,-0.00532091785833056
"12489","12489",4202,4209,4291,0.0211803902903379
"12490","12490",5324,5288,5289,-0.00657400450788881
"12491","12491",1780,1687,1670,-0.0617977528089888
"12492","12492",1496,1496,1496,0
"12493","12493",4146,3941,3844,-0.0728412928123492
"12494","12494",1515,1515,1436,-0.0521452145214521
"19749","19749",1515,1515,1436,-0.0521452145214521
"12495","12495",2030,2030,1991,-0.0192118226600985
"12496","12496",3125,3125,3169,0.01408
"12497","12497",2954,3007,3248,0.0995260663507109
"12498","12498",5309,5562,5287,-0.0041439065737427
"12499","12499",3415,3101,3182,-0.0682284040995608
"12500","12500",1982,1982,2008,0.0131180625630676
"12501","12501",3600,3823,3788,0.0522222222222222
"12502","12502",749,911,1297,0.731642189586115
"12503","12503",864,864,805,-0.068287037037037
"12504","12504",2508,2471,2464,-0.0175438596491228
"12506","12506",3378,3510,3510,0.0390763765541741
"12507","12507",4948,4813,5262,0.0634599838318513
"12508","12508",3117,2942,3013,-0.0333654154635868
"12510","12510",2085,1244,1242,-0.40431654676259
"12511","12511",3356,3356,2930,-0.126936829558999
"12512","12512",1642,1658,1619,-0.0140073081607795
"12513","12513",6131,5700,5722,-0.066710161474474
"12514","12514",1680,1884,1971,0.173214285714286
"12515","12515",695,1394,1394,1.00575539568345
"12516","12516",1834,1735,1732,-0.0556161395856052
"12517","12517",3146,3034,3060,-0.0273363000635728
"12519","12519",4044,4047,3606,-0.108308605341246
"12520","12520",4159,3913,4142,-0.00408752103871123
"12522","12522",4968,4642,4449,-0.104468599033816
"12523","12523",2382,2498,2502,0.0503778337531486
"18740","18740",2382,2498,2502,0.0503778337531486
"12524","12524",3642,3651,3634,-0.00219659527732015
"12525","12525",1063,1063,1054,-0.00846660395108184
"12526","12526",3260,3260,2759,-0.153680981595092
"12527","12527",2763,1803,2167,-0.215707564241766
"12528","12528",4506,4356,4523,0.00377274744784731
"12529","12529",3432,3432,3449,0.00495337995337995
"12530","12530",2469,2469,2469,0
"12531","12531",2135,2138,2451,0.148009367681499
"12532","12532",2968,2914,3651,0.230121293800539
"12534","12534",4900,4900,4748,-0.0310204081632653
"12535","12535",3390,3013,3038,-0.103834808259587
"12536","12536",2484,2699,1987,-0.200080515297907
"12537","12537",5524,5219,5193,-0.0599203475742216
"12538","12538",3246,3181,2846,-0.123228589032656
"12539","12539",2881,2881,2882,0.000347101700798334
"12758","12758",2881,2881,2882,0.000347101700798334
"12540","12540",3286,3148,3260,-0.0079123554473524
"12541","12541",7136,7320,6878,-0.0361547085201794
"12542","12542",3921,3921,3972,0.0130068859984698
"12543","12543",3143,3141,3144,0.000318167356029271
"12544","12544",4174,4175,4333,0.0380929563967417
"12545","12545",1365,1158,1158,-0.151648351648352
"12546","12546",2159,2149,2117,-0.0194534506716072
"12547","12547",1284,1281,1283,-0.000778816199376947
"12548","12548",3817,3919,3919,0.026722556981923
"12549","12549",2145,2114,2139,-0.0027972027972028
"12550","12550",3355,3338,3338,-0.00506706408345753
"12551","12551",9807,10007,9618,-0.019271948608137
"12552","12552",3290,3330,3182,-0.0328267477203647
"12553","12553",1014,1014,1198,0.181459566074951
"12554","12554",2161,2181,2181,0.00925497454881999
"12555","12555",7801,7677,6870,-0.119343673887963
"12556","12556",4805,4805,4832,0.00561914672216441
"12557","12557",3124,3124,3124,0
"12558","12558",3460,3640,3674,0.061849710982659
"12559","12559",1881,1881,1676,-0.108984582668793
"12560","12560",933,948,895,-0.0407288317256163
"12561","12561",3939,4071,3831,-0.0274181264280274
"12564","12564",7596,7742,7730,0.0176408636124276
"12565","12565",5296,4289,4409,-0.167484894259819
"12566","12566",2256,2260,1907,-0.154698581560284
"12568","12568",2103,2017,1959,-0.0684736091298146
"12569","12569",1513,1879,1809,0.195637805684071
"16841","16841",1513,1879,1809,0.195637805684071
"12570","12570",2949,3033,3033,0.0284842319430315
"12571","12571",2417,2368,2365,-0.0215142738932561
"12572","12572",4108,4513,4392,0.0691333982473223
"12574","12574",6720,6801,6833,0.0168154761904762
"12576","12576",4204,4204,4203,-0.000237868696479543
"12577","12577",6098,5811,5889,-0.034273532305674
"12578","12578",5044,5044,4829,-0.0426249008723236
"12579","12579",4979,4960,4990,0.00220927897168106
"12580","12580",2539,2064,1949,-0.232374950768019
"12581","12581",2095,1812,1809,-0.136515513126492
"12582","12582",1861,1843,2123,0.140784524449221
"12583","12583",2115,2084,2048,-0.0316784869976359
"14089","14089",2115,2084,2048,-0.0316784869976359
"12584","12584",1241,1241,1479,0.191780821917808
"12585","12585",1742,1869,1511,-0.132606199770379
"12586","12586",4958,4942,5156,0.0399354578459056
"12587","12587",7059,7058,6946,-0.016007933135005
"12588","12588",7819,7756,6989,-0.106151681800742
"12589","12589",4201,4543,4379,0.042370864079981
"12591","12591",2267,2098,2116,-0.066607851786502
"12592","12592",2391,2387,2387,-0.00167294019238812
"12593","12593",2812,2812,2643,-0.060099573257468
"12594","12594",6696,5973,5449,-0.186230585424134
"12595","12595",5400,5777,5265,-0.025
"12596","12596",3366,3174,3520,0.0457516339869281
"12597","12597",1868,1203,1301,-0.303533190578158
"12598","12598",4272,4272,4241,-0.00725655430711611
"12600","12600",4243,4419,3333,-0.214470893235918
"12601","12601",2445,2385,2422,-0.00940695296523517
"12603","12603",1457,1461,1488,0.0212765957446809
"12604","12604",3652,4264,4313,0.180996714129244
"12605","12605",5465,5464,4736,-0.133394327538884
"12606","12606",886,1367,1336,0.507900677200903
"12607","12607",8087,8098,8116,0.00358600222579449
"12608","12608",2920,2920,2110,-0.277397260273973
"12609","12609",6685,6814,5675,-0.151084517576664
"12610","12610",7186,6114,6214,-0.135263011411077
"12612","12612",3776,3783,3890,0.0301906779661017
"12613","12613",2734,2797,3031,0.108632040965618
"12614","12614",5876,5627,4921,-0.162525527569775
"12615","12615",4734,5431,4957,0.0471060414026193
"12616","12616",1376,1368,1393,0.0123546511627907
"12617","12617",1335,1513,1479,0.107865168539326
"19236","19236",1335,1513,1479,0.107865168539326
"12618","12618",5131,5131,5078,-0.0103293704930813
"12619","12619",959,966,1265,0.319082377476538
"12620","12620",4495,4501,4077,-0.092992213570634
"12621","12621",3009,3294,2983,-0.00864074443336657
"15525","15525",3009,3294,2983,-0.00864074443336657
"12622","12622",3468,3137,3137,-0.0954440599769319
"12623","12623",873,873,829,-0.0504009163802978
"12624","12624",1454,1599,1601,0.101100412654746
"12625","12625",6956,7528,7195,0.0343588269120184
"12626","12626",2098,2118,2147,0.0233555767397521
"12627","12627",4714,4714,4715,0.000212134068731438
"12628","12628",1265,1260,1261,-0.00316205533596838
"12630","12630",1034,1005,1005,-0.0280464216634429
"12631","12631",2967,2950,2962,-0.00168520390967307
"12632","12632",1910,1910,1855,-0.0287958115183246
"12633","12633",5414,5416,5395,-0.00350942002216476
"12634","12634",8043,8020,7521,-0.0649011562849683
"12635","12635",6307,6397,6160,-0.02330743618202
"12636","12636",3433,3433,2905,-0.153801339935916
"12637","12637",5264,5264,4993,-0.0514817629179331
"12640","12640",5574,5001,4663,-0.163437387872264
"12641","12641",1479,982,1158,-0.217038539553753
"12642","12642",7099,7254,6398,-0.098746302296098
"12643","12643",4018,4548,4330,0.0776505724240916
"12644","12644",2958,3038,2845,-0.0382014874915483
"12645","12645",6380,6409,5793,-0.0920062695924765
"12646","12646",1632,1632,1633,0.000612745098039216
"12647","12647",11987,11492,11429,-0.0465504296321014
"12648","12648",874,874,874,0
"12650","12650",8554,8487,8474,-0.00935234977788169
"12651","12651",2011,2063,2313,0.150174042764794
"12652","12652",2502,2501,2532,0.0119904076738609
"12653","12653",2763,2723,2723,-0.0144770177343467
"12654","12654",2495,1074,1074,-0.569539078156313
"12655","12655",4691,5313,5672,0.209123854188872
"12656","12656",2407,2515,2528,0.0502700457000415
"12657","12657",2721,2721,2723,0.000735023888276369
"12658","12658",1705,1705,1707,0.00117302052785924
"12659","12659",9954,9869,9818,-0.0136628491058871
"12660","12660",7700,9309,8638,0.121818181818182
"12661","12661",3240,3217,3182,-0.0179012345679012
"12662","12662",4976,4665,4816,-0.0321543408360129
"12663","12663",635,584,718,0.130708661417323
"12664","12664",3079,3075,3289,0.0682039623254303
"12665","12665",2464,2564,2494,0.0121753246753247
"12666","12666",1359,1362,1360,0.000735835172921266
"12667","12667",2456,2456,2455,-0.000407166123778502
"12668","12668",2200,2200,2203,0.00136363636363636
"12670","12670",3256,3266,2967,-0.0887592137592138
"12671","12671",930,902,904,-0.0279569892473118
"12673","12673",4532,4427,5466,0.206090026478376
"12676","12676",3865,3862,4643,0.201293661060802
"12678","12678",2881,2805,2882,0.000347101700798334
"12679","12679",3466,3462,3749,0.0816503173687248
"12680","12680",1530,1536,1536,0.00392156862745098
"12681","12681",3970,2935,3114,-0.215617128463476
"12682","12682",2340,2340,1896,-0.18974358974359
"12683","12683",1631,1802,1384,-0.151440833844267
"13296","13296",1631,1802,1384,-0.151440833844267
"12684","12684",4498,4498,4497,-0.000222321031569586
"12685","12685",2076,1893,2445,0.177745664739884
"12686","12686",2336,2283,2428,0.0393835616438356
"12687","12687",6881,6556,7415,0.0776049992733614
"12688","12688",4602,4626,4723,0.0262929161234246
"12689","12689",4833,5470,4541,-0.0604179598593006
"12690","12690",1379,1379,1379,0
"12692","12692",6695,6723,6729,0.00507841672890217
"12693","12693",7702,8600,8824,0.145676447675928
"12694","12694",3963,4102,3310,-0.16477416098915
"12695","12695",1518,1549,1549,0.0204216073781291
"12696","12696",5921,5914,6009,0.0148623543320385
"12697","12697",1971,1971,1969,-0.00101471334348047
"12698","12698",1441,1581,1442,0.000693962526023595
"12699","12699",7320,7231,8255,0.127732240437158
"12700","12700",10138,11112,10692,0.0546458867626751
"12703","12703",1380,1755,2306,0.671014492753623
"12704","12704",3247,3374,3221,-0.00800739143825069
"12705","12705",3197,3198,2830,-0.114795120425399
"12706","12706",4432,3645,3828,-0.136281588447653
"12707","12707",11405,11415,10589,-0.0715475668566418
"12708","12708",3438,3438,3433,-0.0014543339150669
"12709","12709",3057,3056,2994,-0.0206084396467125
"12711","12711",3465,3784,3414,-0.0147186147186147
"12712","12712",2732,2414,2334,-0.145680819912152
"12713","12713",5967,6153,6190,0.0373722138428021
"12714","12714",3663,3621,4144,0.131313131313131
"12715","12715",4089,4770,4683,0.145267791636097
"12716","12716",2252,2253,2253,0.00044404973357016
"12717","12717",3142,3367,3165,0.00732017823042648
"12718","12718",3012,2748,2643,-0.122509960159363
"12719","12719",12551,12538,12422,-0.0102780654927894
"12720","12720",2391,2442,2442,0.0213299874529486
"12721","12721",1163,1241,1252,0.0765262252794497
"14442","14442",1163,1241,1252,0.0765262252794497
"12722","12722",2255,2257,2231,-0.0106430155210643
"12723","12723",3118,3118,3050,-0.0218088518280949
"12724","12724",1901,1980,1822,-0.0415570752235665
"12725","12725",5695,5740,5376,-0.0560140474100088
"12726","12726",7835,7828,7617,-0.0278238672622846
"12727","12727",5433,4589,5153,-0.0515369041045463
"12728","12728",2599,2669,2292,-0.118122354751828
"12729","12729",2664,2659,2657,-0.00262762762762763
"12730","12730",4204,4266,4167,-0.0088011417697431
"12731","12731",1879,1323,1368,-0.271953166577967
"12732","12732",6252,6289,5532,-0.115163147792706
"12733","12733",1548,1548,1794,0.158914728682171
"12734","12734",2441,2508,2304,-0.0561245391233101
"12735","12735",4033,5114,6034,0.496156707165882
"12736","12736",1484,1484,1799,0.212264150943396
"12737","12737",665,664,661,-0.00601503759398496
"12738","12738",8499,8793,8117,-0.0449464642899165
"12739","12739",6688,6668,6562,-0.0188397129186603
"12740","12740",3580,3542,3514,-0.0184357541899441
"12741","12741",2211,2110,2136,-0.033921302578019
"12742","12742",10492,10592,10087,-0.0386008387342737
"12743","12743",1739,1739,1597,-0.0816561242093157
"12744","12744",1884,1885,1928,0.0233545647558386
"12745","12745",3823,3823,5054,0.321998430551923
"12746","12746",6528,6017,6184,-0.0526960784313725
"12747","12747",1621,1621,1621,0
"15856","15856",1621,1621,1621,0
"12748","12748",1716,1752,1719,0.00174825174825175
"12749","12749",4614,4701,5002,0.0840918942349372
"12750","12750",2461,2644,2338,-0.0499796830556684
"12751","12751",2356,2280,2294,-0.0263157894736842
"12752","12752",2390,2312,2312,-0.0326359832635983
"12753","12753",2297,2297,2248,-0.021332172398781
"12754","12754",1729,1639,1444,-0.164835164835165
"12755","12755",1848,1836,1679,-0.0914502164502164
"12756","12756",1181,1181,1181,0
"17775","17775",1181,1181,1181,0
"12757","12757",1966,1977,2193,0.115462868769074
"12759","12759",3526,3532,3146,-0.107770845150312
"12760","12760",3764,4189,4142,0.100425079702444
"12761","12761",5655,5619,5672,0.00300618921308577
"12762","12762",5991,5999,5243,-0.124853947588049
"12763","12763",2506,2501,2586,0.0319233838786911
"12764","12764",1026,2086,1956,0.906432748538012
"12765","12765",3549,3583,3131,-0.117779656241195
"12767","12767",3758,3758,3667,-0.0242150079829697
"12768","12768",6009,5784,6022,0.00216342153436512
"12769","12769",1767,2029,1711,-0.0316921335597057
"12770","12770",3339,3280,3281,-0.0173704702006589
"12771","12771",2008,2008,1991,-0.00846613545816733
"12772","12772",7648,7587,7600,-0.00627615062761506
"12773","12773",2554,2531,2416,-0.0540328895849648
"12774","12774",1672,1673,1805,0.0795454545454545
"12775","12775",2107,2106,2107,0
"12777","12777",8133,7331,7975,-0.0194270256977745
"12779","12779",3808,3863,3885,0.0202205882352941
"12780","12780",2334,2334,2301,-0.0141388174807198
"12781","12781",4578,4184,4226,-0.0768894713848842
"12782","12782",1723,1723,1708,-0.00870574579222287
"12783","12783",5417,5581,5019,-0.073472401698357
"12784","12784",2948,2839,3014,0.0223880597014925
"12785","12785",2933,2982,2750,-0.0623934538015684
"12786","12786",8791,8688,8530,-0.0296894551245592
"12787","12787",5876,7633,6736,0.146358066712049
"12788","12788",1364,1364,1584,0.161290322580645
"12789","12789",2936,2451,2651,-0.0970708446866485
"12790","12790",2038,2038,1991,-0.0230618253189401
"12791","12791",2050,2269,2269,0.106829268292683
"12792","12792",1771,1771,1880,0.0615471485036702
"12793","12793",2863,3225,3110,0.0862731400628711
"12794","12794",7045,7336,6477,-0.080624556422995
"12795","12795",2741,2741,2305,-0.159066034294053
"12796","12796",5702,5438,5419,-0.049631708172571
"12797","12797",2758,2747,2980,0.0804931109499637
"12798","12798",2711,2651,2681,-0.0110660272962007
"12801","12801",4509,4531,4458,-0.0113107119095143
"12802","12802",1881,1882,1924,0.0228601807549176
"12803","12803",1173,1393,1357,0.156862745098039
"12804","12804",7032,6914,6158,-0.124288964732651
"12806","12806",3127,3127,2562,-0.180684362008315
"12807","12807",1847,1522,1555,-0.158094206821873
"13351","13351",1847,1522,1555,-0.158094206821873
"12808","12808",2849,2848,3079,0.0807300807300807
"12809","12809",10975,11006,11287,0.0284282460136674
"12810","12810",2731,2752,2749,0.00659099231050897
"12811","12811",5251,5305,5101,-0.0285659874309655
"12812","12812",4939,5326,5076,0.0277384085847338
"12814","12814",939,939,811,-0.136315228966986
"12815","12815",2123,2539,2492,0.173810645313236
"12955","12955",2123,2539,2492,0.173810645313236
"12818","12818",2000,1991,1922,-0.039
"17206","17206",2000,1991,1922,-0.039
"12819","12819",2158,2159,2031,-0.0588507877664504
"12820","12820",1700,1693,1660,-0.0235294117647059
"12821","12821",944,1171,1171,0.240466101694915
"12822","12822",4314,4315,4283,-0.007185906351414
"12823","12823",1314,1314,1351,0.028158295281583
"12824","12824",819,819,819,0
"12825","12825",5041,4603,4594,-0.0886728823646102
"12826","12826",11596,11575,11639,0.00370817523283891
"12827","12827",901,901,1069,0.18645948945616
"12828","12828",1653,1287,1330,-0.195402298850575
"12829","12829",6066,6066,5947,-0.0196175403890537
"12830","12830",2750,2953,2489,-0.0949090909090909
"12831","12831",5038,5041,5231,0.0383088527193331
"12832","12832",1829,1828,1830,0.000546746856205577
"12833","12833",2766,2984,2696,-0.0253073029645698
"12834","12834",10271,10530,11003,0.0712686203874988
"12835","12835",4412,4473,4301,-0.0251586582048957
"12836","12836",2223,2028,1952,-0.121907332433648
"12837","12837",3291,4075,4030,0.224551807961106
"12838","12838",2011,2012,2047,0.017901541521631
"12839","12839",3361,3095,3380,0.00565307944064267
"12840","12840",2432,2491,2921,0.201069078947368
"12841","12841",1012,1012,1012,0
"15222","15222",1012,1012,1012,0
"12842","12842",5799,5763,5882,0.0143128125538886
"12843","12843",1504,1097,1111,-0.261303191489362
"12844","12844",3414,3166,3285,-0.0377855887521968
"12845","12845",5356,5556,5239,-0.0218446601941748
"12846","12846",2869,2869,3183,0.109445799930289
"12847","12847",1299,1698,1763,0.357197844495766
"12848","12848",6555,8254,8253,0.259038901601831
"12849","12849",3115,2895,2895,-0.0706260032102729
"19724","19724",3115,2895,2895,-0.0706260032102729
"12850","12850",1752,1752,1757,0.00285388127853881
"12851","12851",1231,1161,1153,-0.0633631194151097
"12852","12852",3297,3147,2535,-0.231119199272066
"12854","12854",2233,2212,2156,-0.0344827586206897
"12855","12855",5168,5218,4926,-0.0468266253869969
"12856","12856",2726,2969,3021,0.108217168011739
"19179","19179",2726,2969,3021,0.108217168011739
"12857","12857",2511,2457,2324,-0.0744723217841497
"12858","12858",3407,3335,3417,0.00293513354857646
"12860","12860",3448,3489,3628,0.0522041763341067
"12861","12861",2814,2595,2479,-0.119047619047619
"12862","12862",2788,2770,2770,-0.00645624103299857
"12863","12863",6207,6211,6210,0.000483325277912035
"12864","12864",4707,4686,4369,-0.0718079456129169
"12865","12865",1897,1778,1477,-0.22140221402214
"12866","12866",7082,7232,7236,0.0217452696978255
"12867","12867",1513,1546,1546,0.0218109715796431
"12868","12868",2821,2035,2563,-0.0914569301666076
"12872","12872",1996,1936,1936,-0.030060120240481
"12873","12873",1315,1316,1516,0.152851711026616
"12874","12874",1636,1636,1665,0.0177261613691932
"12875","12875",2710,2710,2792,0.0302583025830258
"12876","12876",1676,1662,1624,-0.0310262529832936
"12877","12877",2030,2030,1874,-0.0768472906403941
"12878","12878",2850,2828,2576,-0.096140350877193
"12879","12879",4454,4454,4527,0.0163897620116749
"12880","12880",5173,5549,5345,0.0332495650492944
"12881","12881",2525,3298,3150,0.247524752475248
"12882","12882",2985,2766,3526,0.181239530988275
"12883","12883",1874,1874,1857,-0.00907150480256137
"12884","12884",977,1119,1094,0.119754350051177
"18853","18853",977,1119,1094,0.119754350051177
"12885","12885",2055,2006,1988,-0.0326034063260341
"12886","12886",1554,1295,1295,-0.166666666666667
"12887","12887",5178,5178,5179,0.000193124758594052
"12888","12888",3511,3510,3649,0.0393050412987753
"12889","12889",4806,4953,4573,-0.0484810653349979
"12890","12890",5113,5091,4808,-0.0596518677879914
"12891","12891",1391,1666,1753,0.260244428468728
"12892","12892",3228,3303,3266,0.0117719950433705
"12893","12893",1534,1692,1964,0.280312907431552
"19922","19922",1534,1692,1964,0.280312907431552
"12894","12894",3062,3103,2335,-0.237426518615284
"12895","12895",1678,1862,1618,-0.0357568533969011
"12896","12896",1292,912,734,-0.431888544891641
"12897","12897",2663,2723,2774,0.0416823131806234
"12898","12898",1753,1753,1697,-0.0319452367370223
"12899","12899",4914,5172,4283,-0.128408628408628
"12900","12900",4411,4373,4963,0.125141691226479
"12901","12901",1043,1010,1275,0.222435282837967
"13666","13666",1043,1010,1275,0.222435282837967
"12902","12902",4719,5007,4718,-0.000211909302818394
"12903","12903",1500,1416,1941,0.294
"12904","12904",2018,2018,1749,-0.133300297324083
"12905","12905",1866,2162,1872,0.00321543408360129
"12906","12906",2051,2324,2386,0.163334958556802
"12907","12907",5590,5589,6190,0.107334525939177
"12908","12908",3134,2992,3083,-0.0162731333758775
"12909","12909",2806,2681,2869,0.0224518888096935
"12911","12911",3146,3092,3089,-0.0181182453909727
"12912","12912",3653,3768,3671,0.00492745688475226
"12913","12913",2892,2343,2371,-0.18015214384509
"12914","12914",4773,4773,3668,-0.23151058034779
"12915","12915",6754,5634,4566,-0.323956174119041
"12916","12916",3382,4059,3691,0.0913660555884092
"12917","12917",2790,2687,2703,-0.0311827956989247
"12918","12918",3499,3500,2792,-0.202057730780223
"12919","12919",3051,2850,2828,-0.0730907899049492
"12920","12920",4024,4024,4074,0.0124254473161034
"13142","13142",4024,4024,4074,0.0124254473161034
"12921","12921",1875,1839,1840,-0.0186666666666667
"12923","12923",2075,2102,3806,0.83421686746988
"12924","12924",5371,5030,5494,0.0229007633587786
"12925","12925",1821,1823,1779,-0.0230642504118616
"12927","12927",7019,7667,7106,0.0123949280524291
"12928","12928",5625,5356,5072,-0.0983111111111111
"12929","12929",2222,2216,2217,-0.00225022502250225
"12930","12930",1221,1338,1235,0.0114660114660115
"12931","12931",3630,3855,3211,-0.115426997245179
"12932","12932",4939,4914,4964,0.00506175339137477
"12933","12933",9781,9978,9882,0.0103261425212146
"12934","12934",2662,2646,2647,-0.00563486100676183
"12936","12936",4850,5120,4867,0.00350515463917526
"12937","12937",4566,4566,4742,0.0385457731055629
"12938","12938",2647,3644,3657,0.381564034756328
"12939","12939",2068,2395,1824,-0.117988394584139
"12940","12940",5291,5319,5317,0.00491400491400491
"12941","12941",3644,3645,3317,-0.0897365532381998
"12942","12942",7502,7647,7239,-0.0350573180485204
"12943","12943",4293,4412,3710,-0.135802469135802
"12945","12945",1461,1251,1367,-0.0643394934976044
"12946","12946",12440,12365,11338,-0.0885852090032154
"12947","12947",1582,1582,1581,-0.000632111251580278
"12948","12948",1565,1748,1837,0.173801916932907
"12949","12949",1792,1367,1367,-0.237165178571429
"12950","12950",3199,3087,3087,-0.0350109409190372
"12951","12951",1942,1942,1895,-0.0242018537590113
"12952","12952",1529,1529,1412,-0.0765206017004578
"12953","12953",12049,11781,11110,-0.0779317785708358
"12954","12954",5302,4861,5503,0.0379102225575255
"12956","12956",7658,7545,7546,-0.0146252285191956
"12957","12957",5178,5144,5213,0.00675936655079181
"12958","12958",7455,7224,7974,0.0696177062374246
"12959","12959",5996,5900,5900,-0.0160106737825217
"12960","12960",5271,4910,4688,-0.110605198254601
"12961","12961",1821,1821,1821,0
"12962","12962",9503,9242,9347,-0.0164158686730506
"12964","12964",5337,5335,5256,-0.015177065767285
"12965","12965",1525,1509,1530,0.00327868852459016
"12967","12967",3855,4774,3773,-0.0212710765239948
"12968","12968",1803,1352,1339,-0.257348863006101
"12969","12969",5307,5309,5311,0.000753721499905785
"12970","12970",2997,2997,2982,-0.005005005005005
"12971","12971",3187,3231,3231,0.0138060872293693
"12972","12972",2562,2673,2631,0.0269320843091335
"12973","12973",3083,3087,2825,-0.0836847226727214
"12974","12974",4718,4114,3862,-0.181432810512929
"12975","12975",6775,6950,7693,0.13549815498155
"12976","12976",3875,3875,3874,-0.000258064516129032
"12977","12977",2712,3194,3201,0.180309734513274
"12978","12978",1465,1465,1465,0
"12979","12979",1174,1133,1160,-0.0119250425894378
"12981","12981",2267,2256,1920,-0.153065725628584
"12982","12982",4705,4681,4992,0.0609989373007439
"12983","12983",2767,2766,2727,-0.0144560896277557
"12984","12984",1555,1557,1893,0.217363344051447
"12987","12987",3703,4334,3227,-0.128544423440454
"12988","12988",1978,1970,1970,-0.00404448938321537
"12989","12989",1267,1220,1287,0.015785319652723
"12991","12991",3029,2827,2750,-0.0921096071310664
"12992","12992",4071,4069,4069,-0.000491279783836895
"12994","12994",4301,4303,4040,-0.0606835619623343
"12996","12996",1908,1930,1930,0.0115303983228512
"15682","15682",1908,1930,1930,0.0115303983228512
"12997","12997",4292,4017,4253,-0.00908667287977633
"12998","12998",2758,2834,2804,0.0166787527193619
"12999","12999",2609,1264,1264,-0.515523188961288
"13000","13000",2119,2119,1641,-0.225578102878716
"13001","13001",3291,3313,3616,0.0987541780613795
"13002","13002",3796,3581,3093,-0.185194942044257
"13003","13003",5120,5135,5150,0.005859375
"13004","13004",3428,3431,3429,0.00029171528588098
"13005","13005",2253,2376,2286,0.014647137150466
"13006","13006",7706,7868,7864,0.0205035037633013
"13007","13007",2480,2480,2444,-0.0145161290322581
"13011","13011",2698,2948,3267,0.210896960711638
"13012","13012",5363,5323,5753,0.0727204922617938
"13013","13013",2575,2538,2548,-0.0104854368932039
"13014","13014",5692,5692,5867,0.030744905130007
"13015","13015",1363,1426,1589,0.165810711665444
"13016","13016",2314,2312,2332,0.00777873811581677
"13017","13017",3474,3474,3468,-0.00172711571675302
"13018","13018",3106,2850,2864,-0.0779137153895686
"13019","13019",3462,2918,2962,-0.144425187752744
"13020","13020",4828,5250,4684,-0.0298260149130075
"13021","13021",5297,6062,5322,0.00471965263356617
"13022","13022",2624,2592,2548,-0.0289634146341463
"13023","13023",1053,1013,1013,-0.0379867046533713
"13025","13025",3072,3238,3074,0.000651041666666667
"13026","13026",4778,4584,4521,-0.0537881958978652
"13027","13027",2101,1906,2989,0.42265587815326
"13028","13028",1399,1422,1558,0.113652609006433
"13030","13030",2750,2749,2749,-0.000363636363636364
"13031","13031",7140,6708,7049,-0.0127450980392157
"13032","13032",2555,2639,3278,0.282974559686888
"13033","13033",9400,9437,9573,0.0184042553191489
"13034","13034",6425,6429,7171,0.116108949416342
"13035","13035",2643,2596,2716,0.027620128641695
"13036","13036",1102,1102,1102,0
"13037","13037",2681,2556,2548,-0.0496083550913838
"13038","13038",2504,2331,2339,-0.0658945686900958
"13039","13039",9335,9335,9230,-0.0112479914301018
"13040","13040",6711,6695,6403,-0.0458947995827746
"13041","13041",3862,3756,3754,-0.027964785085448
"13042","13042",1145,1105,1105,-0.0349344978165939
"13043","13043",5987,5975,5720,-0.0445966260230499
"13044","13044",4598,4185,3100,-0.325793823401479
"13046","13046",2446,2146,2146,-0.122649223221586
"13047","13047",3380,3365,3760,0.112426035502959
"13048","13048",4212,4328,4251,0.00925925925925926
"13049","13049",5323,5310,5449,0.0236708622956979
"13050","13050",1761,1754,1342,-0.237932992617831
"13051","13051",2610,2494,2580,-0.0114942528735632
"13052","13052",5144,5093,5122,-0.00427682737169518
"13053","13053",2690,2359,2300,-0.144981412639405
"13054","13054",2059,2033,2032,-0.0131131617289947
"13056","13056",4533,4531,4526,-0.00154423119347011
"13058","13058",4553,4669,4663,0.0241598945750055
"13059","13059",5550,4925,4496,-0.18990990990991
"13060","13060",1700,2044,2058,0.210588235294118
"13061","13061",3418,3748,3343,-0.0219426565242832
"13062","13062",2576,1866,3070,0.191770186335404
"13063","13063",2609,2539,2437,-0.0659256420084323
"13064","13064",2731,3880,3036,0.11168070303918
"13066","13066",1731,1731,1731,0
"13067","13067",3108,2848,3301,0.0620978120978121
"17691","17691",3108,2848,3301,0.0620978120978121
"13068","13068",3119,3513,3361,0.077588970823982
"13069","13069",2670,2325,3491,0.30749063670412
"13070","13070",3836,4058,3875,0.0101668404588113
"13071","13071",2791,2699,2664,-0.0455034037979219
"13072","13072",5184,4608,4662,-0.100694444444444
"13073","13073",4248,4246,4093,-0.0364877589453861
"13074","13074",3742,3835,3941,0.0531801175841796
"13075","13075",1991,1905,1894,-0.0487192365645404
"13076","13076",1499,2476,2420,0.61440960640427
"13079","13079",7263,6253,6509,-0.103813851025747
"13080","13080",4688,4811,4024,-0.141638225255973
"13081","13081",6252,6217,5127,-0.179942418426104
"13082","13082",3418,3436,3012,-0.118782913984786
"13084","13084",9198,9306,8581,-0.0670797999565123
"13085","13085",1452,1452,1452,0
"13086","13086",1592,1683,1685,0.0584170854271357
"13088","13088",3076,2855,2855,-0.0718465539661899
"13089","13089",4491,4499,5432,0.209530171454019
"13090","13090",2417,2390,2365,-0.0215142738932561
"13091","13091",4936,4907,4433,-0.101904376012966
"13092","13092",1574,1491,1489,-0.054002541296061
"13093","13093",1143,1144,1144,0.000874890638670166
"13094","13094",3481,1992,2719,-0.218902614191324
"13096","13096",2990,2775,2357,-0.211705685618729
"13097","13097",1373,1398,1307,-0.0480699198834669
"13098","13098",2504,2504,2451,-0.0211661341853035
"13099","13099",3891,4353,3897,0.0015420200462606
"13100","13100",1430,1430,1430,0
"13101","13101",3727,3727,3731,0.00107324926214113
"13102","13102",3350,3572,3594,0.0728358208955224
"13103","13103",1628,1627,1626,-0.00122850122850123
"13105","13105",4720,4720,4715,-0.00105932203389831
"13106","13106",1411,1425,1428,0.0120481927710843
"13107","13107",2444,2438,2415,-0.0118657937806874
"13108","13108",2730,3064,2875,0.0531135531135531
"13109","13109",1403,1415,1553,0.106913756236636
"13110","13110",4434,4550,4714,0.063148398737032
"13111","13111",3562,3568,3498,-0.0179674340258282
"13112","13112",3451,4297,4141,0.199942045783831
"13113","13113",1498,1491,1519,0.014018691588785
"13114","13114",4218,5030,4297,0.0187292555713608
"13115","13115",4041,3809,3809,-0.0574115317990596
"13116","13116",6578,7363,7070,0.0747947704469444
"13117","13117",2506,2506,2501,-0.0019952114924182
"13118","13118",3866,3855,3547,-0.0825142265907915
"13119","13119",7094,7103,7100,0.000845785170566676
"13120","13120",2216,2215,2201,-0.00676895306859206
"13121","13121",7385,7767,6505,-0.119160460392688
"13122","13122",5664,4989,4721,-0.16649011299435
"13123","13123",6334,6322,6304,-0.00473634354278497
"13124","13124",5636,5634,4196,-0.255500354861604
"13125","13125",2559,2692,3289,0.28526768268855
"13126","13126",3015,2711,3269,0.0842454394693201
"15860","15860",3015,2711,3269,0.0842454394693201
"13127","13127",3978,3905,4432,0.114127702362996
"13129","13129",1754,1682,1681,-0.0416191562143672
"13130","13130",965,965,973,0.00829015544041451
"13131","13131",3160,3162,3163,0.000949367088607595
"13132","13132",2940,2935,3297,0.121428571428571
"13134","13134",2190,2812,3050,0.392694063926941
"13135","13135",6800,7048,6900,0.0147058823529412
"13136","13136",5280,5895,5641,0.0683712121212121
"13137","13137",3522,3522,3522,0
"13138","13138",1390,1259,1259,-0.0942446043165468
"13139","13139",2112,2017,1846,-0.12594696969697
"13140","13140",7888,8215,7778,-0.0139452332657201
"13141","13141",1782,1783,1726,-0.0314253647586981
"13143","13143",3420,3453,3284,-0.039766081871345
"13144","13144",2499,2500,2634,0.0540216086434574
"13145","13145",5920,5710,6082,0.0273648648648649
"13146","13146",1472,1438,1446,-0.0176630434782609
"13147","13147",6361,6375,6371,0.00157207986165697
"13148","13148",3247,3045,3048,-0.0612873421619957
"13149","13149",1354,1354,1355,0.000738552437223043
"13150","13150",3955,4039,4023,0.0171934260429836
"17122","17122",3955,4039,4023,0.0171934260429836
"13152","13152",1942,1919,1956,0.00720906282183316
"13153","13153",10726,10736,10686,-0.00372925601342532
"13154","13154",6826,5319,4980,-0.270436566070905
"13155","13155",2405,2275,2275,-0.0540540540540541
"13156","13156",4450,4866,3861,-0.132359550561798
"13157","13157",4841,4756,4612,-0.047304275976038
"13158","13158",2333,3130,2570,0.101585940848693
"13159","13159",4676,4729,4740,0.0136869118905047
"13160","13160",3319,3319,3319,0
"13161","13161",2319,2317,2283,-0.0155239327296248
"13162","13162",3404,3369,3650,0.0722679200940071
"13163","13163",780,780,780,0
"13164","13164",5401,5543,5433,0.00592482873541937
"13165","13165",1243,1243,1242,-0.00080450522928399
"13166","13166",2902,2898,2926,0.00827015851137147
"13167","13167",3898,3246,2936,-0.246793227296049
"13168","13168",3716,3715,3949,0.0627018299246502
"13170","13170",2369,2363,2138,-0.0975094976783453
"13171","13171",2708,2833,2742,0.0125553914327917
"13172","13172",5013,5013,4625,-0.0773987632156393
"13173","13173",3010,3001,2716,-0.0976744186046512
"13174","13174",896,1051,1113,0.2421875
"13175","13175",2693,2695,2877,0.0683252877831415
"13176","13176",4142,4145,3723,-0.101158860453887
"13177","13177",1416,1289,1483,0.047316384180791
"13178","13178",11633,11077,11517,-0.00997163242499785
"13179","13179",4149,4156,3403,-0.179802362014943
"13181","13181",3558,3661,3733,0.0491849353569421
"13182","13182",1684,1564,1564,-0.0712589073634204
"13183","13183",7450,7439,7220,-0.0308724832214765
"13184","13184",827,828,2310,1.79322853688029
"13185","13185",4278,3961,4061,-0.0507246376811594
"13186","13186",1454,1454,1454,0
"13187","13187",3940,3893,4127,0.0474619289340102
"13188","13188",2154,2193,2148,-0.00278551532033426
"13189","13189",1407,1087,1019,-0.275764036958067
"13190","13190",1638,1742,1313,-0.198412698412698
"13191","13191",1456,1535,1792,0.230769230769231
"13192","13192",2141,2235,2433,0.136384866884633
"13193","13193",3499,3558,3499,0
"13194","13194",2377,2619,2894,0.217501051745898
"13195","13195",3260,3591,3185,-0.0230061349693252
"13196","13196",565,565,564,-0.00176991150442478
"13197","13197",2707,2665,2471,-0.0871813816032508
"13198","13198",1365,1057,1592,0.166300366300366
"13199","13199",3651,3651,4066,0.113667488359354
"13200","13200",5071,4966,4947,-0.0244527706566752
"14424","14424",5071,4966,4947,-0.0244527706566752
"13203","13203",3224,3791,3085,-0.0431141439205955
"13204","13204",1301,1301,1303,0.00153727901614143
"13205","13205",6369,5082,5082,-0.202072538860104
"13206","13206",2778,2777,2778,0
"13207","13207",3048,3048,3342,0.0964566929133858
"13208","13208",3922,3537,4461,0.137429882712902
"13209","13209",2916,2916,2967,0.0174897119341564
"13210","13210",2728,2463,2562,-0.0608504398826979
"13211","13211",2651,2741,2873,0.0837419841569219
"13212","13212",1496,1601,1600,0.0695187165775401
"13213","13213",6335,6461,6348,0.00205209155485399
"13214","13214",3492,3282,3317,-0.050114547537228
"13216","13216",2148,2187,2666,0.241154562383613
"13217","13217",4279,4282,4453,0.0406637064734751
"13218","13218",1459,1497,1393,-0.0452364633310487
"13219","13219",8316,8180,8008,-0.037037037037037
"13220","13220",2154,2014,2013,-0.0654596100278552
"13221","13221",5829,5744,5684,-0.0248756218905473
"13222","13222",831,831,831,0
"13223","13223",1411,1714,1400,-0.00779588944011339
"13224","13224",9505,9499,9392,-0.0118884797475013
"13225","13225",9898,9655,9466,-0.0436451808446151
"13226","13226",3291,3204,5048,0.533880279550289
"13227","13227",1190,1190,1364,0.146218487394958
"13229","13229",783,1198,1167,0.490421455938697
"13230","13230",2168,1837,1763,-0.186808118081181
"13231","13231",2888,2686,2974,0.0297783933518006
"13232","13232",1902,1931,1780,-0.064143007360673
"13233","13233",9113,9730,8697,-0.0456490727532097
"13234","13234",1045,1045,898,-0.14066985645933
"13235","13235",917,921,921,0.00436205016357688
"13236","13236",2227,2220,2288,0.0273911091154019
"13237","13237",5543,5547,5540,-0.000541223164351434
"13238","13238",5759,6688,6460,0.121722521271054
"13239","13239",5240,5234,5057,-0.0349236641221374
"13240","13240",1415,1680,1673,0.182332155477032
"13243","13243",2370,2721,2480,0.0464135021097046
"17235","17235",2370,2721,2480,0.0464135021097046
"13245","13245",2998,2999,2693,-0.101734489659773
"13246","13246",3593,3733,3263,-0.0918452546618425
"13247","13247",2781,2781,2435,-0.124415677813736
"13248","13248",3043,3040,3071,0.00920144594150509
"13249","13249",2992,2888,3417,0.142045454545455
"13250","13250",1250,1390,1457,0.1656
"13251","13251",1906,1767,1789,-0.0613850996852046
"19027","19027",1906,1767,1789,-0.0613850996852046
"13252","13252",7251,7250,6175,-0.148393325058613
"13253","13253",4415,4170,4399,-0.00362400906002265
"13254","13254",3293,3246,3175,-0.0358335863953841
"13255","13255",1701,1701,1656,-0.0264550264550265
"13256","13256",4218,4218,4190,-0.00663821716453295
"13257","13257",3569,3902,3589,0.00560381059120202
"13258","13258",3971,3307,3819,-0.0382775119617225
"13494","13494",3971,3307,3819,-0.0382775119617225
"13259","13259",650,650,652,0.00307692307692308
"13260","13260",1182,1155,889,-0.247884940778342
"13261","13261",1732,1544,1544,-0.108545034642032
"13262","13262",5302,4489,4531,-0.14541682384006
"13263","13263",3561,3547,3681,0.033698399326032
"13264","13264",3598,3613,3652,0.0150083379655364
"13265","13265",6144,6124,5187,-0.15576171875
"13267","13267",1137,1276,1156,0.0167106420404573
"13268","13268",3532,3533,3023,-0.144110985277463
"13269","13269",1226,1596,1641,0.338499184339315
"13270","13270",1225,1225,1225,0
"13271","13271",5909,5380,5404,-0.0854628532746658
"13272","13272",3171,2965,2955,-0.0681173131504257
"13273","13273",6418,6399,5224,-0.186039264568401
"13274","13274",3677,4014,3233,-0.120750611911885
"13277","13277",4408,4301,4301,-0.0242740471869328
"13278","13278",560,560,560,0
"13279","13279",1747,1796,1661,-0.0492272467086434
"13280","13280",7471,7456,7512,0.00548788649444519
"13281","13281",5479,5240,5241,-0.0434385836831539
"13282","13282",3655,3660,3521,-0.0366621067031464
"13283","13283",1988,2183,2110,0.0613682092555332
"13284","13284",1071,1158,1332,0.243697478991597
"13285","13285",1388,1335,1326,-0.0446685878962536
"13286","13286",15017,15044,13999,-0.0677898381833922
"13287","13287",10556,10536,9850,-0.0668813944676014
"13288","13288",6502,6536,6477,-0.00384497077822209
"13289","13289",7023,6989,7191,0.0239214011106365
"13290","13290",3156,3155,3155,-0.000316856780735108
"13291","13291",2823,2823,2221,-0.213248317392844
"13292","13292",2388,2373,2453,0.0272194304857621
"13293","13293",4182,4291,4045,-0.0327594452415112
"13294","13294",3411,3297,3528,0.0343007915567282
"13295","13295",2520,2550,2553,0.0130952380952381
"13297","13297",2189,2210,2210,0.00959342165372316
"13299","13299",8475,8664,7441,-0.122005899705015
"13300","13300",2345,2345,2248,-0.04136460554371
"13301","13301",5085,5009,4615,-0.0924287118977384
"13302","13302",3759,4218,4218,0.122106943335994
"13303","13303",3181,3046,3495,0.0987110971392644
"13304","13304",1298,1523,1523,0.173343605546995
"13305","13305",4534,3118,3139,-0.307675341861491
"13306","13306",2188,1826,1826,-0.1654478976234
"13307","13307",3647,4493,3794,0.0403071017274472
"13308","13308",2731,2710,2710,-0.00768949102892713
"13310","13310",1150,1171,1329,0.155652173913043
"13311","13311",3404,3473,3424,0.00587544065804935
"13312","13312",1489,1489,1493,0.00268636668905306
"13313","13313",5781,5547,5381,-0.069192181283515
"13314","13314",2945,2936,2925,-0.0067911714770798
"13316","13316",3567,4671,3841,0.0768152509111298
"13318","13318",1884,1950,2053,0.0897027600849257
"13319","13319",3448,4887,3856,0.118329466357309
"13320","13320",4057,3656,3477,-0.142962780379591
"13321","13321",4909,4934,4936,0.00550010185373803
"13323","13323",8526,8517,8106,-0.0492610837438424
"13324","13324",3007,3245,3001,-0.00199534419687396
"13325","13325",2584,2584,2524,-0.0232198142414861
"13327","13327",8152,7126,7173,-0.120093228655545
"13328","13328",6475,6285,6526,0.00787644787644788
"13329","13329",2528,2466,2418,-0.0435126582278481
"13330","13330",2310,2310,2279,-0.0134199134199134
"13331","13331",1365,1365,1365,0
"13332","13332",2857,3219,3065,0.0728036401820091
"13333","13333",2618,2619,2644,0.00993124522536287
"13334","13334",2930,2754,2754,-0.0600682593856655
"13335","13335",3537,3537,3817,0.0791631325982471
"13336","13336",6433,8623,8488,0.319446603450956
"13337","13337",3656,4173,4259,0.164934354485777
"13339","13339",2263,2265,2273,0.00441891294741494
"13340","13340",2737,2312,2350,-0.141395688710267
"13341","13341",2441,2446,2736,0.120852109791069
"13342","13342",5700,5836,5533,-0.0292982456140351
"13343","13343",3095,3128,2960,-0.0436187399030695
"13345","13345",3406,3618,3765,0.10540223135643
"13346","13346",6187,7054,6993,0.130273153386132
"13347","13347",1114,1176,1065,-0.0439856373429084
"13348","13348",6455,6343,6333,-0.0189000774593338
"13349","13349",3824,3825,4055,0.060407949790795
"13350","13350",1772,1772,2010,0.13431151241535
"13352","13352",3581,3581,3602,0.00586428371963139
"13353","13353",1679,1759,1600,-0.0470518165574747
"13354","13354",4190,4238,4692,0.11980906921241
"13356","13356",1704,1704,1704,0
"13357","13357",6373,6072,5207,-0.182959359799153
"13358","13358",3435,3416,3413,-0.00640465793304221
"13359","13359",2486,2826,3472,0.396621078037007
"13361","13361",2281,2418,2348,0.029373081981587
"18091","18091",2281,2418,2348,0.029373081981587
"13362","13362",5389,5447,6318,0.172388198181481
"13363","13363",3921,3869,3683,-0.0606988013261923
"13364","13364",4750,4770,4749,-0.000210526315789474
"13365","13365",2951,2853,2838,-0.0382921043713995
"13366","13366",2207,2005,1969,-0.107838695061169
"13367","13367",2001,1700,1704,-0.148425787106447
"13368","13368",2720,2720,2721,0.000367647058823529
"13369","13369",1480,1618,1908,0.289189189189189
"13370","13370",5484,5423,4687,-0.145331874544128
"13371","13371",2891,2899,2930,0.0134901418194396
"13372","13372",3823,4316,4197,0.0978289301595606
"13373","13373",4703,4687,4823,0.0255156283223474
"13374","13374",2897,2892,2980,0.0286503279254401
"13375","13375",2865,2670,2670,-0.0680628272251309
"13376","13376",2506,2503,2354,-0.0606544293695132
"14681","14681",2506,2503,2354,-0.0606544293695132
"13377","13377",4362,4381,4364,0.000458505272810637
"13378","13378",2477,2471,2685,0.083972547436415
"13379","13379",7511,7512,7334,-0.0235654373585408
"13380","13380",2094,1641,1640,-0.216809933142311
"13381","13381",2102,2104,2225,0.0585156993339676
"13382","13382",1622,2006,2009,0.238594327990136
"13383","13383",4139,4138,4127,-0.00289925102681807
"13385","13385",3984,3432,3268,-0.179718875502008
"13386","13386",5146,5147,5237,0.0176836377769141
"13387","13387",5311,5162,5210,-0.0190171342496705
"13388","13388",4127,4136,4102,-0.00605766900896535
"13389","13389",3677,3614,2843,-0.226815338591243
"13390","13390",1655,1882,1478,-0.106948640483384
"13391","13391",3276,3215,3216,-0.0183150183150183
"13392","13392",3610,3280,3280,-0.0914127423822715
"13393","13393",1670,1663,1666,-0.00239520958083832
"16982","16982",1670,1663,1666,-0.00239520958083832
"13394","13394",10119,10102,11507,0.137167704318609
"13396","13396",4898,4898,4899,0.000204164965291956
"13397","13397",2244,2244,2425,0.0806595365418895
"13398","13398",2394,1812,1812,-0.243107769423559
"13399","13399",4677,4677,4660,-0.00363480863801582
"13400","13400",8132,8016,7885,-0.0303738317757009
"13401","13401",7897,6980,7033,-0.109408636190959
"13403","13403",3543,3866,4081,0.15184871577759
"13404","13404",1959,1960,1959,0
"13405","13405",6527,5068,4841,-0.25831162861958
"13406","13406",1922,1893,2793,0.453173777315297
"14532","14532",1922,1893,2793,0.453173777315297
"16276","16276",1922,1893,2793,0.453173777315297
"13407","13407",998,998,998,0
"13408","13408",2340,2270,2312,-0.011965811965812
"13410","13410",2206,1936,1477,-0.330462375339982
"13411","13411",3069,3013,3013,-0.0182469859889215
"13412","13412",4268,4288,3476,-0.185567010309278
"13413","13413",2035,2111,2384,0.171498771498771
"13416","13416",6261,6257,7137,0.139913751796838
"13417","13417",3765,3985,3903,0.0366533864541833
"13418","13418",2380,2343,2299,-0.0340336134453781
"13419","13419",5086,5643,5755,0.131537554069996
"13420","13420",2074,1916,1840,-0.112825458052073
"13421","13421",2415,2415,2415,0
"13422","13422",1879,1967,1693,-0.0989888238424694
"13423","13423",1333,1384,1446,0.0847711927981995
"13424","13424",2866,2866,3179,0.109211444521982
"13425","13425",1764,1888,1983,0.124149659863946
"13426","13426",2048,2068,2085,0.01806640625
"13427","13427",4270,4271,4081,-0.0442622950819672
"13429","13429",1899,1899,1899,0
"13430","13430",1601,1563,1533,-0.042473454091193
"13431","13431",1686,1552,1597,-0.0527876631079478
"13432","13432",1939,2605,1888,-0.0263022176379577
"18476","18476",1939,2605,1888,-0.0263022176379577
"13433","13433",7595,11076,9860,0.298222514812377
"13434","13434",1754,1878,1878,0.0706955530216648
"13435","13435",4069,4735,4938,0.213565986728926
"13436","13436",13652,14705,14060,0.0298857310284207
"13437","13437",1300,1200,1200,-0.0769230769230769
"13438","13438",4369,4058,4351,-0.00411993591210803
"13439","13439",1269,1269,1377,0.0851063829787234
"13441","13441",5277,5412,5379,0.0193291642978965
"13442","13442",4598,4513,4513,-0.0184862983906046
"13443","13443",1347,1419,1348,0.000742390497401633
"13444","13444",1736,1756,1515,-0.127304147465438
"13446","13446",6645,7799,7100,0.0684725357411588
"13447","13447",2357,2485,3045,0.291896478574459
"13448","13448",3383,2977,3020,-0.107301211942063
"13450","13450",5277,5775,5371,0.017813151411787
"13451","13451",4096,3745,4055,-0.010009765625
"13452","13452",3934,3963,4031,0.0246568378240976
"13453","13453",2578,2027,2027,-0.213731574864236
"13454","13454",4866,4866,4776,-0.0184956843403206
"13455","13455",3758,3753,3753,-0.00133049494411921
"13457","13457",3791,3713,3442,-0.0920601424426273
"13458","13458",2017,2017,2058,0.0203272186415469
"13459","13459",2646,2707,2697,0.0192743764172336
"13460","13460",4085,4283,4315,0.0563035495716034
"17785","17785",4085,4283,4315,0.0563035495716034
"13461","13461",6038,5997,6500,0.0765154024511428
"13462","13462",3346,3205,3085,-0.0780035863717872
"13463","13463",2208,2208,2208,0
"13464","13464",3156,3073,3092,-0.0202788339670469
"13465","13465",4094,4769,4248,0.0376160234489497
"13466","13466",1876,1876,2190,0.167377398720682
"13467","13467",5367,3544,3990,-0.256567915036333
"13468","13468",1128,1864,1748,0.549645390070922
"13469","13469",1879,1878,1816,-0.0335284725918042
"13470","13470",2067,2057,2348,0.135945815191098
"13471","13471",7512,6608,7529,0.00226304579339723
"13472","13472",3539,3539,3599,0.0169539417914665
"13473","13473",6881,6442,6593,-0.0418543816305769
"13474","13474",1680,1680,1680,0
"13475","13475",2616,2590,2534,-0.0313455657492355
"13476","13476",1864,1953,1928,0.0343347639484979
"13477","13477",5243,5243,4193,-0.200267022696929
"13478","13478",1964,1879,1879,-0.0432790224032587
"13479","13479",1770,1609,1562,-0.117514124293785
"13480","13480",6037,5894,6287,0.0414112970018221
"13481","13481",1567,1576,1520,-0.0299936183790683
"14663","14663",1567,1576,1520,-0.0299936183790683
"13482","13482",8325,9308,8166,-0.0190990990990991
"13483","13483",2341,2332,2212,-0.055104656129859
"13484","13484",2930,2941,2858,-0.0245733788395904
"13485","13485",3232,3232,2227,-0.31095297029703
"13486","13486",2568,2393,2434,-0.0521806853582555
"13488","13488",2215,2216,2285,0.0316027088036117
"13489","13489",2315,2309,2311,-0.00172786177105832
"13490","13490",1543,1543,1544,0.000648088139987038
"13491","13491",4936,4935,4740,-0.039708265802269
"13492","13492",4896,4887,4162,-0.149918300653595
"13493","13493",4357,4478,4555,0.0454441129217351
"13495","13495",4724,4725,5535,0.171676545300593
"13496","13496",2294,2294,2305,0.00479511769834351
"13498","13498",4598,4598,4367,-0.0502392344497608
"13499","13499",1455,1455,1479,0.0164948453608247
"13501","13501",3377,3377,3293,-0.0248741486526503
"13502","13502",2637,2714,2453,-0.0697762609025408
"19196","19196",2637,2714,2453,-0.0697762609025408
"13503","13503",3647,3793,4135,0.133808609816287
"13504","13504",2294,2295,3470,0.512641673931997
"13505","13505",3288,3648,3676,0.118004866180049
"13507","13507",2690,2690,2531,-0.0591078066914498
"13508","13508",1657,1657,1657,0
"13511","13511",2365,2347,2353,-0.00507399577167019
"13512","13512",3407,3377,3392,-0.00440270032286469
"13513","13513",3802,2977,2987,-0.21436086270384
"13514","13514",2457,2456,2146,-0.126577126577127
"13515","13515",4541,4373,4358,-0.0402994935036336
"13517","13517",3747,3735,3733,-0.00373632239124633
"13519","13519",2835,2837,3191,0.125573192239859
"13520","13520",1262,1250,1082,-0.142630744849445
"13521","13521",3111,3111,3111,0
"13522","13522",1721,1721,1628,-0.0540383497966299
"13523","13523",3728,3728,3676,-0.0139484978540773
"13524","13524",2344,2372,2105,-0.101962457337884
"13525","13525",7328,7332,6521,-0.110125545851528
"13527","13527",3003,3007,3139,0.0452880452880453
"13528","13528",1659,2106,2106,0.269439421338156
"13529","13529",2489,2424,2549,0.0241060666934512
"19687","19687",2489,2424,2549,0.0241060666934512
"13530","13530",3057,3058,3104,0.0153745502126268
"13532","13532",1190,1282,1282,0.0773109243697479
"13533","13533",2999,2932,3024,0.00833611203734578
"13534","13534",2743,2857,2761,0.00656215822092599
"19386","19386",2743,2857,2761,0.00656215822092599
"13535","13535",6629,6625,5292,-0.20168954593453
"13536","13536",1952,1960,1962,0.00512295081967213
"13732","13732",1952,1960,1962,0.00512295081967213
"13537","13537",1323,1305,1308,-0.0113378684807256
"13538","13538",7609,8135,7303,-0.0402155342357734
"13539","13539",1611,1611,1429,-0.112973308504035
"14194","14194",1611,1611,1429,-0.112973308504035
"13540","13540",1734,1707,1707,-0.0155709342560554
"13541","13541",3112,3107,3243,0.0420951156812339
"13542","13542",6493,6493,6475,-0.00277221623286616
"13543","13543",5152,5117,5220,0.0131987577639752
"13544","13544",1333,1256,1256,-0.0577644411102776
"13545","13545",4365,5001,4402,0.00847651775486827
"13546","13546",1367,1183,1183,-0.134601316752012
"13548","13548",1964,1364,1476,-0.24847250509165
"13549","13549",4075,3885,3914,-0.0395092024539877
"13550","13550",9799,7927,7024,-0.283192162465558
"13551","13551",2474,2650,2655,0.0731608730800323
"13552","13552",5631,5597,4741,-0.158053631681762
"13553","13553",1234,1234,1328,0.0761750405186386
"13554","13554",1404,1276,989,-0.295584045584046
"13556","13556",1947,1946,1946,-0.000513610683102209
"13557","13557",2666,3010,2532,-0.0502625656414104
"13558","13558",3300,4418,4434,0.343636363636364
"13559","13559",2745,2872,2872,0.0462659380692168
"13560","13560",1201,1240,1561,0.299750208159867
"13561","13561",6519,6513,6022,-0.076238686915171
"13562","13562",4604,4584,4622,0.00390964378801043
"13563","13563",5461,5818,4677,-0.143563449917598
"13564","13564",3719,3381,3307,-0.110782468405485
"13565","13565",2129,2123,2099,-0.0140911225927666
"13566","13566",5124,5441,5438,0.06128024980484
"13568","13568",3889,3888,3882,-0.00179994857289792
"13569","13569",1430,1430,1477,0.0328671328671329
"13571","13571",2040,2042,2041,0.000490196078431373
"13572","13572",4205,4740,4290,0.0202140309155767
"13574","13574",5129,4936,4930,-0.0387989861571456
"13575","13575",3096,3106,3018,-0.0251937984496124
"13576","13576",1269,1273,1237,-0.0252167060677699
"13577","13577",1320,987,944,-0.284848484848485
"13578","13578",6806,6789,6894,0.0129297678518954
"13579","13579",8197,8206,7955,-0.0295229962181286
"13580","13580",4749,4749,5903,0.242998526005475
"13581","13581",2828,2715,2705,-0.0434936350777935
"13582","13582",1526,1526,1525,-0.000655307994757536
"13583","13583",2864,2863,2963,0.0345670391061453
"13584","13584",1362,1359,1359,-0.00220264317180617
"13585","13585",1917,1910,1956,0.0203442879499218
"13586","13586",1161,1148,1148,-0.0111972437553833
"13588","13588",2938,3086,2863,-0.0255275697753574
"13589","13589",3600,3607,3597,-0.000833333333333333
"13590","13590",3795,3791,3971,0.0463768115942029
"13591","13591",1420,1420,1454,0.023943661971831
"13592","13592",1810,2675,1892,0.0453038674033149
"13594","13594",1444,1444,1314,-0.0900277008310249
"13596","13596",2725,2735,2797,0.0264220183486239
"13597","13597",2716,2690,2690,-0.00957290132547865
"13598","13598",2881,2923,2923,0.01457827143353
"13599","13599",1764,1640,1564,-0.113378684807256
"19700","19700",1764,1640,1564,-0.113378684807256
"13600","13600",2049,2049,1844,-0.100048804294778
"13601","13601",6142,6357,6116,-0.00423314881146206
"13602","13602",4255,4315,4383,0.0300822561692127
"13603","13603",10132,10691,10679,0.0539873667587841
"13604","13604",3708,3746,3963,0.0687702265372168
"13605","13605",4793,4430,4430,-0.0757354475276445
"13606","13606",4405,3852,4107,-0.0676503972758229
"13608","13608",2107,2016,2016,-0.0431893687707641
"18553","18553",2107,2016,2016,-0.0431893687707641
"13610","13610",2144,1836,2000,-0.0671641791044776
"13611","13611",2775,2631,2552,-0.0803603603603604
"13612","13612",1826,1436,1485,-0.186746987951807
"13613","13613",4417,4398,4228,-0.0427892234548336
"13614","13614",1275,1341,1295,0.0156862745098039
"13615","13615",1912,2536,2535,0.325836820083682
"13616","13616",3353,3499,4044,0.206084103787653
"13617","13617",1788,1622,1621,-0.0934004474272931
"13618","13618",2551,2534,2429,-0.0478243825950608
"17126","17126",2551,2534,2429,-0.0478243825950608
"13619","13619",4392,4392,4428,0.00819672131147541
"13620","13620",8908,9639,8517,-0.0438931297709924
"13621","13621",5576,5159,6705,0.202474892395983
"13622","13622",3198,3198,3079,-0.0372107567229518
"13623","13623",5195,5203,4719,-0.0916265640038499
"13624","13624",1872,1826,1823,-0.0261752136752137
"13625","13625",3811,3815,3638,-0.0453949094725794
"13626","13626",1644,1644,1302,-0.208029197080292
"13627","13627",1325,1325,1325,0
"15915","15915",1325,1325,1325,0
"13628","13628",3028,3028,3001,-0.00891677675033025
"13629","13629",6504,6533,6271,-0.0358241082410824
"13631","13631",3553,3462,3139,-0.116521249648185
"13632","13632",4117,4115,3719,-0.0966723342239495
"13655","13655",4117,4115,3719,-0.0966723342239495
"13633","13633",3440,3379,3428,-0.00348837209302326
"18484","18484",3440,3379,3428,-0.00348837209302326
"13634","13634",1518,1557,1556,0.0250329380764163
"13635","13635",2205,2205,2205,0
"13636","13636",1437,1442,1247,-0.132219902574809
"13637","13637",2970,3061,3061,0.0306397306397306
"13638","13638",3257,3257,3661,0.124040528093337
"13640","13640",1822,1822,1822,0
"13641","13641",4843,4949,5164,0.0662812306421639
"13642","13642",2542,2524,2483,-0.0232100708103855
"13643","13643",4139,4201,4544,0.0978497221551099
"13644","13644",3821,4326,3537,-0.0743260926459042
"13645","13645",5761,5793,5721,-0.0069432390210033
"13646","13646",2932,3005,2957,0.00852660300136426
"13647","13647",2626,2626,2343,-0.107768469154608
"13648","13648",4236,4244,4234,-0.000472143531633617
"13649","13649",4295,4295,3969,-0.0759022118742724
"13650","13650",2247,2247,2247,0
"13651","13651",3577,4498,3328,-0.0696114062063181
"13652","13652",5221,5016,5016,-0.0392645087148056
"13653","13653",2304,2308,2272,-0.0138888888888889
"13654","13654",8887,9632,9388,0.0563744795769101
"13656","13656",2652,2779,2587,-0.0245098039215686
"13657","13657",3850,3850,3809,-0.0106493506493506
"13658","13658",3418,3235,3220,-0.0579286132241077
"13659","13659",2081,2081,2081,0
"13660","13660",1543,1532,1545,0.00129617627997408
"13661","13661",1479,1476,1486,0.00473292765382015
"13663","13663",1960,2545,2539,0.295408163265306
"13664","13664",2112,2176,1961,-0.0714962121212121
"13667","13667",1623,1748,1749,0.077634011090573
"13668","13668",2937,3056,3056,0.0405175348995574
"13669","13669",4409,4395,4392,-0.0038557496030846
"13670","13670",1403,795,795,-0.43335709194583
"13672","13672",3409,3825,3260,-0.0437078322088589
"13674","13674",10022,10026,9610,-0.0411095589702654
"13675","13675",2513,2513,3206,0.275766016713092
"13676","13676",2848,2848,2401,-0.156952247191011
"13677","13677",2429,1994,1993,-0.179497735693701
"13679","13679",3690,3741,3628,-0.0168021680216802
"19674","19674",3690,3741,3628,-0.0168021680216802
"13680","13680",3616,3885,3596,-0.00553097345132743
"13681","13681",1737,1737,1425,-0.179620034542314
"13682","13682",3310,3310,3311,0.000302114803625378
"13683","13683",10919,10799,9733,-0.108618005311842
"13684","13684",897,894,894,-0.00334448160535117
"13685","13685",5349,6038,5257,-0.0171994765376706
"13686","13686",3647,3711,3711,0.017548670139841
"13687","13687",1750,1597,1736,-0.008
"13776","13776",1750,1597,1736,-0.008
"13688","13688",3149,3121,3299,0.0476341695776437
"13689","13689",1252,1253,1252,0
"13690","13690",2664,2740,2740,0.0285285285285285
"13691","13691",3193,2942,2893,-0.0939555277168807
"13692","13692",2101,2101,2101,0
"13693","13693",3778,3504,3561,-0.0574377977766014
"13694","13694",4005,3847,3650,-0.0886392009987516
"13695","13695",1853,2526,2381,0.284943335132218
"13696","13696",6718,7649,6515,-0.0302173265852932
"13697","13697",3175,3468,3161,-0.00440944881889764
"13698","13698",4187,4309,4285,0.0234057797946023
"13699","13699",5428,5278,5302,-0.0232129697862933
"13700","13700",3757,3423,3067,-0.18365717327655
"13701","13701",3945,3945,2854,-0.276552598225602
"13702","13702",2906,2819,2790,-0.0399174122505162
"13703","13703",1699,1699,1199,-0.294290759270159
"13704","13704",2299,2299,2299,0
"13705","13705",879,696,696,-0.208191126279863
"13706","13706",2225,2201,2270,0.0202247191011236
"13708","13708",2647,2645,2601,-0.0173781639591991
"13709","13709",3140,3201,3143,0.000955414012738854
"13710","13710",2113,2116,2320,0.0979649787032655
"13711","13711",1818,1823,1823,0.00275027502750275
"13712","13712",5040,5040,4829,-0.0418650793650794
"13713","13713",2067,2057,2348,0.135945815191098
"13714","13714",7147,7620,6277,-0.121729396949769
"13715","13715",2831,2795,2455,-0.132815259625574
"13716","13716",5757,5713,5453,-0.0528052805280528
"13717","13717",2231,2706,2386,0.0694755714926042
"13718","13718",2878,2969,2830,-0.0166782487838777
"13719","13719",724,724,724,0
"13720","13720",1985,1984,1961,-0.0120906801007557
"13721","13721",3564,3319,3324,-0.0673400673400673
"13723","13723",3036,3048,2891,-0.0477602108036891
"13724","13724",1720,1674,1664,-0.0325581395348837
"13725","13725",6008,6084,5455,-0.0920439414114514
"13726","13726",5442,5442,5205,-0.0435501653803749
"13727","13727",1387,1387,1386,-0.000720980533525595
"13728","13728",4194,4191,3870,-0.0772532188841202
"13729","13729",2719,3103,3105,0.141963957337256
"13730","13730",4291,4777,4628,0.0785364716849219
"13733","13733",1522,1522,1522,0
"13734","13734",1480,1480,1613,0.0898648648648649
"13735","13735",6986,6988,6976,-0.00143143429716576
"13736","13736",4458,4615,4618,0.0358905338716913
"13737","13737",2548,2332,2203,-0.135400313971743
"13738","13738",9733,9700,9702,-0.00318504058358163
"13740","13740",1419,1419,1564,0.102184637068358
"13741","13741",2259,2259,2259,0
"13742","13742",1396,1555,1454,0.0415472779369628
"13743","13743",1915,2225,2285,0.193211488250653
"13744","13744",2057,1549,1538,-0.252309188138065
"13745","13745",2248,2248,2248,0
"13746","13746",2723,2361,2361,-0.132941608520015
"13747","13747",4194,3707,3747,-0.106580829756795
"13748","13748",4932,4678,5221,0.0585969180859692
"13749","13749",761,913,909,0.194480946123522
"13750","13750",2715,2763,2667,-0.0176795580110497
"19180","19180",2715,2763,2667,-0.0176795580110497
"13751","13751",2104,2106,1804,-0.142585551330798
"13752","13752",1798,2220,2220,0.234705228031146
"13753","13753",3746,3355,3411,-0.0894287239722371
"13754","13754",4338,4230,4350,0.00276625172890733
"13755","13755",4965,4287,4705,-0.0523665659617321
"13756","13756",3134,3191,3120,-0.00446713465220166
"13757","13757",3554,3555,3524,-0.0084411930219471
"13758","13758",765,757,752,-0.0169934640522876
"13759","13759",2443,1787,1793,-0.266066311911584
"13761","13761",3308,3212,3122,-0.0562273276904474
"13762","13762",1914,2084,1835,-0.0412748171368861
"13763","13763",6304,4824,4607,-0.269194162436548
"13764","13764",1200,1453,1723,0.435833333333333
"14128","14128",1200,1453,1723,0.435833333333333
"18543","18543",1200,1453,1723,0.435833333333333
"13765","13765",3091,3091,2652,-0.142025234551925
"13766","13766",5791,6129,6322,0.0916940079433604
"13767","13767",1465,1800,1102,-0.24778156996587
"13768","13768",3071,3040,2925,-0.0475415174210355
"13770","13770",2792,2755,2849,0.0204154727793696
"13771","13771",1837,1841,1919,0.0446379967338051
"13773","13773",2243,2047,2047,-0.0873829692376282
"13774","13774",2073,2063,2451,0.182344428364689
"13775","13775",4515,4515,4508,-0.00155038759689922
"13777","13777",5529,5631,5662,0.0240549828178694
"13778","13778",2474,2474,3055,0.234842360549717
"13779","13779",3542,3542,3542,0
"13780","13780",2860,2853,2852,-0.0027972027972028
"13781","13781",1569,1848,1821,0.160611854684512
"13782","13782",2273,2319,2199,-0.0325560932688077
"13784","13784",6100,6341,6317,0.0355737704918033
"13786","13786",3578,4038,3941,0.10145332588038
"13787","13787",3362,3785,3253,-0.0324211778703153
"13788","13788",5632,5726,5647,0.00266335227272727
"13789","13789",3553,3529,3506,-0.0132282578103012
"13790","13790",3405,4404,3640,0.0690161527165932
"13791","13791",1572,1633,1578,0.00381679389312977
"13794","13794",1847,1849,1232,-0.332972387655658
"13796","13796",1912,1912,1888,-0.0125523012552301
"13797","13797",2276,2276,2304,0.0123022847100176
"13798","13798",3501,3501,3501,0
"13799","13799",2570,2816,2816,0.0957198443579767
"13801","13801",11639,13144,12206,0.0487155253887791
"13802","13802",2604,2567,2418,-0.0714285714285714
"13803","13803",3429,3444,3492,0.0183727034120735
"13804","13804",6705,7329,7389,0.102013422818792
"13806","13806",7495,7623,7492,-0.000400266844563042
"13807","13807",1744,1731,1728,-0.00917431192660551
"13808","13808",1882,1881,2030,0.0786397449521785
"13809","13809",2472,2595,2627,0.0627022653721683
"13810","13810",4549,4548,4542,-0.00153879973620576
"19175","19175",4549,4548,4542,-0.00153879973620576
"13811","13811",1101,1200,1217,0.10535876475931
"13812","13812",8426,8180,8468,0.00498457156420603
"13813","13813",2353,2427,2427,0.0314492137696558
"13814","13814",2825,2589,2657,-0.0594690265486726
"13815","13815",2633,2631,2385,-0.0941891378655526
"13816","13816",6512,6498,6472,-0.00614250614250614
"13817","13817",3939,3937,3541,-0.101040873318101
"13818","13818",2902,2877,2621,-0.0968297725706409
"13819","13819",1666,1632,1749,0.0498199279711885
"13820","13820",900,900,746,-0.171111111111111
"13821","13821",6201,6101,6262,0.00983712304467022
"13822","13822",4626,4568,4138,-0.105490704712495
"13823","13823",4356,4249,3880,-0.109274563820018
"13824","13824",1439,1439,1124,-0.218902015288395
"13825","13825",3470,3550,3580,0.031700288184438
"13826","13826",2374,2508,2508,0.0564448188711036
"13827","13827",3023,3023,3340,0.104862719153159
"13828","13828",4829,4871,4810,-0.00393456202112239
"13829","13829",1393,1393,1404,0.00789662598707825
"13830","13830",3968,3158,3767,-0.0506552419354839
"13831","13831",1859,2197,2197,0.181818181818182
"13832","13832",3274,3204,2808,-0.14233353695785
"13834","13834",6231,6379,5943,-0.0462205103514685
"13835","13835",3582,3606,3605,0.00642099385817979
"13836","13836",2347,2362,2574,0.0967192160204516
"13837","13837",3541,3542,4078,0.151652075684835
"13838","13838",2515,3720,2569,0.0214711729622266
"13839","13839",2906,2906,2639,-0.0918788713007571
"13840","13840",4831,4829,4358,-0.0979093355412958
"13841","13841",282,282,282,0
"13842","13842",3536,3535,3483,-0.0149886877828054
"13843","13843",2901,2656,2680,-0.0761806273698725
"13844","13844",2696,2631,2774,0.0289317507418398
"18849","18849",2696,2631,2774,0.0289317507418398
"13845","13845",2866,2871,2884,0.00628053035589672
"13846","13846",1003,1003,1003,0
"13847","13847",3457,3630,3461,0.00115707260630605
"13848","13848",1251,1213,1206,-0.0359712230215827
"13849","13849",8128,8205,8366,0.0292814960629921
"13850","13850",2950,2401,2400,-0.186440677966102
"13851","13851",4681,4681,4409,-0.0581072420422987
"13852","13852",1251,1628,1628,0.301358912869704
"13853","13853",6176,6179,6179,0.000485751295336788
"13854","13854",2363,3218,3082,0.304274227676682
"13855","13855",2114,2095,2114,0
"13856","13856",3657,3724,3775,0.0322668854252119
"13857","13857",4832,4909,4956,0.0256622516556291
"13858","13858",1318,1148,1120,-0.150227617602428
"13859","13859",1198,1452,1452,0.212020033388982
"13860","13860",1634,1637,1676,0.025703794369645
"13861","13861",3050,2759,2502,-0.179672131147541
"13862","13862",1788,1788,1788,0
"13863","13863",5042,5039,5043,0.000198333994446648
"13864","13864",6448,6612,7072,0.0967741935483871
"13865","13865",1635,1635,1357,-0.170030581039755
"13866","13866",2551,2570,3095,0.213249705997648
"13867","13867",3031,2747,2788,-0.0801715605410755
"13868","13868",2466,2465,2604,0.0559610705596107
"13869","13869",4237,4894,4326,0.0210054283691291
"13870","13870",1802,1643,1563,-0.132630410654828
"13871","13871",3125,3582,3569,0.14208
"13872","13872",3796,3776,3773,-0.00605900948366702
"13873","13873",3419,3419,3372,-0.0137467095642001
"13874","13874",5805,5788,5722,-0.0142980189491817
"13875","13875",3882,3139,3928,0.0118495620814013
"13876","13876",9490,9488,9974,0.0510010537407798
"13878","13878",2127,2127,2125,-0.000940291490362012
"13879","13879",2240,2640,2648,0.182142857142857
"17905","17905",2240,2640,2648,0.182142857142857
"13880","13880",8097,8097,8257,0.0197604050883043
"13881","13881",3043,1725,1794,-0.410450213604995
"13882","13882",2075,2007,2018,-0.0274698795180723
"13883","13883",2751,3350,3500,0.272264631043257
"13884","13884",1217,1233,1305,0.0723089564502876
"13885","13885",3446,3446,3854,0.118398142774231
"13886","13886",4552,4448,5598,0.229789103690685
"13887","13887",4843,4720,4686,-0.0324179227751394
"13888","13888",2423,2317,2004,-0.172926124638877
"13890","13890",11768,12078,12007,0.0203093133922502
"13891","13891",2405,2313,2263,-0.059043659043659
"13892","13892",1829,1878,1878,0.0267905959540733
"13893","13893",6331,6935,6531,0.0315905860053704
"13895","13895",1788,1776,1776,-0.00671140939597315
"13896","13896",1362,1396,1408,0.0337738619676946
"13897","13897",4913,4881,4452,-0.0938326887848565
"13898","13898",2555,2555,2545,-0.00391389432485323
"13899","13899",5363,5360,4682,-0.126981167257132
"13900","13900",2181,2502,2494,0.143512150389729
"19581","19581",2181,2502,2494,0.143512150389729
"13901","13901",1078,1069,1010,-0.0630797773654917
"13902","13902",2622,2621,2767,0.055301296720061
"13903","13903",5430,5450,5602,0.0316758747697974
"13904","13904",7529,7024,7501,-0.00371895338026298
"13905","13905",3060,2706,2706,-0.115686274509804
"13906","13906",3334,3436,3356,0.00659868026394721
"13907","13907",3014,3544,3403,0.129064366290644
"13909","13909",6939,6797,6214,-0.104481913820435
"13910","13910",1288,1424,1233,-0.0427018633540373
"13912","13912",3486,3275,3289,-0.0565117613310384
"13913","13913",1736,1729,2024,0.165898617511521
"19382","19382",1736,1729,2024,0.165898617511521
"13914","13914",2451,2451,2970,0.211750305997552
"13915","13915",6464,6590,6334,-0.0201113861386139
"13916","13916",1276,1276,1295,0.0148902821316614
"13917","13917",4270,4502,4537,0.0625292740046838
"13919","13919",6643,6651,6641,-0.000301068794219479
"13920","13920",3478,3452,3514,0.0103507763082231
"13921","13921",1854,2640,1799,-0.0296655879180151
"13922","13922",3593,3693,4370,0.216253826885611
"13923","13923",1975,1975,2004,0.0146835443037975
"13924","13924",5178,5354,5276,0.0189262263422171
"13925","13925",3337,3392,3070,-0.080011986814504
"13926","13926",1161,1162,1162,0.000861326442721792
"13927","13927",5636,5633,5713,0.0136621717530163
"13930","13930",2569,3226,3226,0.255741533670689
"13931","13931",2173,2235,2175,0.00092038656235619
"15595","15595",2173,2235,2175,0.00092038656235619
"13932","13932",7308,7338,5733,-0.21551724137931
"13933","13933",2043,1604,1525,-0.25354870288791
"13934","13934",8137,8140,7735,-0.0494039572323952
"13935","13935",2549,2635,2670,0.0474695959199686
"13936","13936",1338,1318,1318,-0.0149476831091181
"13937","13937",3550,3625,3604,0.0152112676056338
"13938","13938",2144,2228,2761,0.287779850746269
"13939","13939",1261,1261,1261,0
"13940","13940",1528,1696,1695,0.109293193717277
"13941","13941",3834,3834,4215,0.0993740219092332
"13943","13943",1609,1812,1808,0.123679303915475
"13944","13944",5624,5231,5049,-0.10224039829303
"13945","13945",965,938,910,-0.0569948186528497
"13946","13946",1415,1415,1268,-0.103886925795053
"13947","13947",6982,7749,6757,-0.032225723288456
"13948","13948",2549,2549,2547,-0.00078462142016477
"19409","19409",2549,2549,2547,-0.00078462142016477
"13949","13949",3981,3981,3899,-0.0205978397387591
"13950","13950",3261,3640,3227,-0.010426249616682
"16497","16497",3261,3640,3227,-0.010426249616682
"13951","13951",4224,4634,4243,0.00449810606060606
"13953","13953",3979,4070,3694,-0.0716260366926363
"13954","13954",2487,2776,2461,-0.010454362685967
"13956","13956",2421,2421,2294,-0.0524576621230896
"15231","15231",2421,2421,2294,-0.0524576621230896
"13957","13957",4331,4041,4133,-0.0457169244978065
"13958","13958",1959,1887,1868,-0.0464522715671261
"13959","13959",827,805,804,-0.0278113663845224
"13961","13961",2022,2009,2582,0.276953511374876
"13962","13962",5351,5384,5549,0.0370024294524388
"13963","13963",2893,2893,2892,-0.000345661942620118
"13964","13964",3028,3242,3538,0.168428005284016
"13965","13965",2895,2895,2895,0
"13967","13967",3463,3843,3463,0
"13968","13968",4174,4236,4576,0.0963104935313848
"13969","13969",3800,3771,4176,0.0989473684210526
"13970","13970",6094,6634,6667,0.0940269117164424
"13971","13971",3178,3092,3100,-0.0245437382001259
"13972","13972",929,929,953,0.0258342303552207
"13973","13973",1456,1535,1536,0.0549450549450549
"13974","13974",1123,1200,1197,0.0658949243098842
"18974","18974",1123,1200,1197,0.0658949243098842
"13975","13975",1994,2414,2414,0.210631895687061
"13976","13976",1658,1657,1632,-0.0156815440289505
"13977","13977",2820,2523,2470,-0.124113475177305
"13978","13978",1985,1985,2483,0.25088161209068
"13980","13980",3010,3010,3459,0.149169435215947
"13981","13981",2778,2810,2541,-0.0853131749460043
"13982","13982",3225,3603,3320,0.0294573643410853
"13983","13983",2278,2248,2804,0.230904302019315
"13984","13984",6145,6058,4792,-0.220179007323027
"13985","13985",6291,6306,5807,-0.0769353044031156
"13986","13986",6019,7644,7170,0.191227778700781
"13987","13987",1135,929,1038,-0.0854625550660793
"13988","13988",6957,6647,6336,-0.0892626131953428
"13990","13990",2129,2178,2173,0.0206669798027243
"13991","13991",2448,2448,2256,-0.0784313725490196
"13992","13992",1655,1622,1607,-0.0290030211480363
"13993","13993",2292,2478,2402,0.0479930191972077
"13995","13995",3334,3209,3173,-0.0482903419316137
"13996","13996",4124,4127,3852,-0.0659553831231814
"13997","13997",3802,3855,3896,0.0247238295633877
"13998","13998",4803,4804,4755,-0.00999375390381012
"13999","13999",6943,6939,7653,0.102261270344232
"14000","14000",8218,7023,6340,-0.228522754928206
"14001","14001",2056,2056,2057,0.000486381322957198
"14002","14002",5161,5161,4503,-0.127494671575276
"14003","14003",961,1026,980,0.0197710718002081
"14005","14005",3798,4121,3769,-0.00763559768299105
"14006","14006",1496,1498,1498,0.00133689839572193
"14007","14007",2287,2287,2287,0
"14008","14008",2059,2059,2059,0
"14009","14009",3351,3442,3411,0.017905102954342
"14325","14325",3351,3442,3411,0.017905102954342
"14011","14011",1642,1768,1768,0.0767356881851401
"14012","14012",4766,5560,5201,0.0912715065044062
"14013","14013",4089,4335,4237,0.0361946686231352
"16319","16319",4089,4335,4237,0.0361946686231352
"14014","14014",3388,3491,4122,0.216646989374262
"14015","14015",4252,4251,4160,-0.0216368767638758
"14016","14016",2903,2665,2664,-0.0823286255597658
"14017","14017",2917,3075,2750,-0.0572505999314364
"14018","14018",1017,1017,1018,0.000983284169124877
"19716","19716",1017,1017,1018,0.000983284169124877
"14019","14019",1688,1688,1688,0
"14020","14020",1590,1645,1550,-0.0251572327044025
"14021","14021",3227,3227,3755,0.163619460799504
"14022","14022",4174,4503,3776,-0.0953521801629133
"14023","14023",4549,4549,5081,0.116948779951638
"14024","14024",2220,2220,2220,0
"14025","14025",3503,3547,3429,-0.0211247502141022
"14026","14026",4238,4240,3640,-0.141104294478528
"14027","14027",5680,5660,5445,-0.0413732394366197
"14028","14028",4873,4661,4614,-0.0531500102606197
"14029","14029",2947,2877,2877,-0.0237529691211401
"14030","14030",3210,3199,3089,-0.0376947040498442
"14031","14031",891,954,1341,0.505050505050505
"14032","14032",1074,1165,1452,0.35195530726257
"14033","14033",2461,2461,2461,0
"14034","14034",1157,1157,1057,-0.0864304235090752
"14035","14035",2438,2116,2064,-0.153404429860541
"14036","14036",3729,3296,3286,-0.118798605524269
"14037","14037",2260,2258,2589,0.145575221238938
"16243","16243",2260,2258,2589,0.145575221238938
"14039","14039",2203,2224,2225,0.00998638220608261
"14040","14040",8815,8683,8119,-0.0789563244469654
"14041","14041",4224,4164,4199,-0.00591856060606061
"14044","14044",2269,2146,2406,0.0603790215954165
"14045","14045",6137,6137,6578,0.0718592145999674
"14046","14046",2681,2681,2708,0.010070869078702
"14047","14047",1765,1753,2151,0.218696883852691
"14048","14048",5879,5869,5586,-0.0498384078924987
"14049","14049",3610,3610,3042,-0.157340720221607
"15736","15736",3610,3610,3042,-0.157340720221607
"14050","14050",2737,2737,2702,-0.0127877237851662
"14051","14051",2095,2988,3000,0.431980906921241
"14052","14052",5203,5203,5346,0.0274841437632135
"14053","14053",1531,1531,1504,-0.0176355323318093
"15963","15963",1531,1531,1504,-0.0176355323318093
"14054","14054",4844,4809,4784,-0.0123864574731627
"14055","14055",1381,1381,1512,0.0948587979724837
"14056","14056",3120,3162,3245,0.0400641025641026
"14057","14057",1570,1560,1560,-0.00636942675159236
"14060","14060",6628,5861,5732,-0.135184067592034
"14061","14061",4076,4677,4687,0.149901864573111
"14062","14062",8820,8810,7780,-0.117913832199546
"14063","14063",3930,3219,3647,-0.0720101781170484
"14065","14065",3748,3749,3220,-0.140875133404482
"14067","14067",2110,2084,2441,0.156872037914692
"14068","14068",2794,1857,1964,-0.297065139584825
"14069","14069",1404,1404,1307,-0.0690883190883191
"14070","14070",6708,6695,7464,0.112701252236136
"14071","14071",5231,4523,4581,-0.124259223857771
"14072","14072",2435,2499,2353,-0.0336755646817248
"16271","16271",2435,2499,2353,-0.0336755646817248
"14073","14073",1378,1513,1438,0.0435413642960813
"14074","14074",2994,2977,3064,0.0233800935203741
"14075","14075",1598,1441,1580,-0.0112640801001252
"18936","18936",1598,1441,1580,-0.0112640801001252
"14076","14076",2195,2194,2642,0.203644646924829
"14077","14077",2529,2529,2566,0.014630288651641
"14078","14078",4854,3295,4161,-0.142768850432633
"14079","14079",5465,5557,5595,0.0237877401646844
"14080","14080",3768,3733,3623,-0.0384819532908705
"14081","14081",1644,1642,1642,-0.00121654501216545
"14082","14082",2512,2512,2512,0
"14083","14083",1382,1583,1471,0.0643994211287988
"16632","16632",1382,1583,1471,0.0643994211287988
"14084","14084",3867,3870,3766,-0.026118438065684
"14086","14086",1923,1905,1885,-0.0197607904316173
"14087","14087",1513,1496,1497,-0.0105750165234633
"15117","15117",1513,1496,1497,-0.0105750165234633
"14088","14088",6765,6689,6726,-0.0057649667405765
"14090","14090",3255,2933,2834,-0.129339477726575
"14091","14091",2226,2164,2163,-0.0283018867924528
"14092","14092",2515,2905,2980,0.184890656063618
"14093","14093",5215,5602,4780,-0.0834132310642378
"14094","14094",1452,1452,1453,0.00068870523415978
"14095","14095",4106,3569,3613,-0.120068192888456
"14096","14096",1367,1573,1198,-0.123628383321141
"14097","14097",5127,5094,5190,0.0122878876535986
"14098","14098",3151,3487,3566,0.13170422088226
"14099","14099",4525,4824,4835,0.0685082872928177
"14100","14100",1980,1981,1970,-0.00505050505050505
"14101","14101",5114,3847,4405,-0.138639030113414
"14102","14102",4247,4293,4298,0.0120084765716977
"14103","14103",2971,2973,2971,0
"14104","14104",3437,3437,3146,-0.0846668606342741
"14105","14105",4017,4359,4390,0.0928553647000249
"14106","14106",2243,2243,2226,-0.00757913508693714
"14107","14107",1199,1689,1378,0.14929107589658
"14108","14108",3196,3024,3024,-0.0538172715894869
"14109","14109",5450,5478,5383,-0.0122935779816514
"14110","14110",2501,2501,2452,-0.0195921631347461
"14111","14111",2975,3158,3163,0.0631932773109244
"14112","14112",2343,2630,2626,0.120785317968417
"14113","14113",4308,4305,4048,-0.0603528319405757
"14115","14115",4033,4033,3997,-0.00892635755021076
"14116","14116",2504,3579,3124,0.247603833865815
"14117","14117",10133,11749,9777,-0.0351327346294286
"14119","14119",1733,1734,1734,0.000577034045008655
"14120","14120",1408,1435,1436,0.0198863636363636
"14121","14121",2320,2320,1835,-0.209051724137931
"14122","14122",3638,3724,3723,0.0233644859813084
"14123","14123",1558,1556,1556,-0.00128369704749679
"14125","14125",3429,3391,3393,-0.010498687664042
"14126","14126",1735,1736,1736,0.000576368876080692
"14552","14552",1735,1736,1736,0.000576368876080692
"14127","14127",1116,1069,1071,-0.0403225806451613
"14129","14129",5201,5586,5540,0.0651797731205537
"14130","14130",1478,1491,1494,0.0108254397834912
"14131","14131",3687,3687,3257,-0.116625983184161
"14132","14132",5241,5243,5209,-0.00610570501812631
"14133","14133",3414,3415,3481,0.0196250732278852
"14134","14134",2102,2207,2206,0.049476688867745
"14135","14135",5166,5374,4396,-0.149051490514905
"14136","14136",1190,1190,2188,0.838655462184874
"14137","14137",6804,5992,5954,-0.124926513815403
"14138","14138",2306,2244,2020,-0.124024284475282
"14139","14139",1836,1807,1645,-0.104030501089325
"19693","19693",1836,1807,1645,-0.104030501089325
"14140","14140",1873,1838,1925,0.0277629471436199
"14141","14141",1373,1175,1499,0.0917698470502549
"14142","14142",1443,1545,1406,-0.0256410256410256
"14143","14143",1902,1903,1648,-0.133543638275499
"14145","14145",8046,8685,7751,-0.036664180959483
"14146","14146",1279,1304,1477,0.154808444096951
"14147","14147",3533,3532,3485,-0.0135861873761676
"14148","14148",5337,5387,5104,-0.0436574854787334
"14149","14149",2942,3122,3121,0.0608429639700884
"14150","14150",3430,3430,3346,-0.0244897959183673
"14151","14151",3425,4029,3713,0.0840875912408759
"14152","14152",3349,3283,4088,0.220662884443117
"14153","14153",3956,3956,4112,0.0394337714863498
"14154","14154",1563,1563,1563,0
"14155","14155",2500,2501,2370,-0.052
"14156","14156",4024,4533,4718,0.172465208747515
"14157","14157",1338,1338,1338,0
"14158","14158",4093,4071,3895,-0.0483752748595162
"14159","14159",5124,5419,5067,-0.0111241217798595
"14160","14160",3352,3517,3536,0.0548926014319809
"14161","14161",3393,3393,3413,0.00589448865310934
"14162","14162",5829,5719,5716,-0.019385829473323
"14163","14163",4361,4355,4404,0.00986012382481082
"14165","14165",4207,3867,4116,-0.021630615640599
"14166","14166",5634,5586,5435,-0.0353212637557686
"14167","14167",2980,2980,2980,0
"14168","14168",4451,4449,4247,-0.0458323972141092
"14169","14169",2691,2793,2515,-0.0654031958379784
"14172","14172",3709,3464,3440,-0.0725262874090051
"14173","14173",2793,2830,2782,-0.00393841747225206
"14174","14174",2573,2422,2421,-0.0590750097162845
"14175","14175",2919,2876,3330,0.140801644398767
"14176","14176",2291,2281,2281,-0.00436490615451768
"14177","14177",2353,2353,2371,0.00764980875478113
"14178","14178",2755,2781,2915,0.058076225045372
"14179","14179",2878,2633,2635,-0.0844336344683808
"14180","14180",2100,1847,1760,-0.161904761904762
"15991","15991",2100,1847,1760,-0.161904761904762
"14181","14181",3388,3526,4434,0.308736717827627
"14182","14182",1335,1373,1373,0.0284644194756554
"14183","14183",2654,2732,2547,-0.0403165033911078
"14184","14184",1596,1596,1583,-0.0081453634085213
"14185","14185",10314,10297,9538,-0.0752375412061276
"14186","14186",5524,5523,5451,-0.0132150615496017
"14187","14187",4837,4857,4644,-0.0399007649369444
"14188","14188",1755,1078,1076,-0.386894586894587
"14189","14189",1961,1317,1236,-0.369709331973483
"14191","14191",2119,1968,2436,0.149598867390278
"14192","14192",1695,1695,1694,-0.000589970501474926
"14193","14193",1400,1420,1413,0.00928571428571429
"14195","14195",1899,2085,2002,0.0542390731964192
"15812","15812",1899,2085,2002,0.0542390731964192
"14196","14196",3483,3522,3806,0.0927361469997129
"14197","14197",2195,2425,2517,0.146697038724374
"14198","14198",4854,4841,5013,0.0327564894932015
"14199","14199",2193,2197,2197,0.00182398540811674
"14201","14201",5546,5522,5522,-0.00432744320230797
"14202","14202",1512,1683,1683,0.113095238095238
"14203","14203",8885,9262,9354,0.0527855936972425
"14204","14204",2955,2955,2693,-0.088663282571912
"14205","14205",4228,4343,4633,0.0957899716177862
"14206","14206",7404,7330,7354,-0.00675310642895732
"14207","14207",1459,1311,1311,-0.101439342015079
"14210","14210",3598,3854,3550,-0.0133407448582546
"14211","14211",3685,3739,3704,0.00515603799185889
"14212","14212",2589,3375,3332,0.286983391270761
"14213","14213",2629,3057,3058,0.163179916317992
"14214","14214",2829,2507,2505,-0.114528101802757
"14215","14215",5965,5116,5210,-0.126571668063705
"14216","14216",2268,2396,2248,-0.00881834215167548
"14217","14217",4816,4806,4703,-0.0234634551495017
"17490","17490",4816,4806,4703,-0.0234634551495017
"14218","14218",4243,4463,4204,-0.00919160971011077
"14219","14219",4130,4127,4154,0.00581113801452784
"14220","14220",2080,2082,2414,0.160576923076923
"14221","14221",4388,4805,3591,-0.181631722880583
"14222","14222",3728,3986,3419,-0.0828862660944206
"14223","14223",1838,1972,1971,0.0723612622415669
"14224","14224",827,1005,1319,0.594921402660218
"14225","14225",800,800,784,-0.02
"14228","14228",2514,1760,1648,-0.344470962609387
"14229","14229",3691,3691,2855,-0.226496884313194
"14231","14231",3736,3431,3786,0.0133832976445396
"14233","14233",4099,4059,3454,-0.157355452549402
"14234","14234",1144,1025,1025,-0.104020979020979
"14235","14235",11435,10320,10415,-0.0891998250983822
"14236","14236",1553,1546,2298,0.479716677398583
"14237","14237",3755,4347,4321,0.150732356857523
"14238","14238",5881,4818,5443,-0.0744771297398402
"14239","14239",1792,1792,1738,-0.0301339285714286
"14240","14240",3708,3683,3680,-0.0075512405609493
"14241","14241",9015,8915,8578,-0.0484747642817526
"14243","14243",2170,2170,2160,-0.00460829493087558
"14244","14244",1823,1247,1296,-0.289083927591882
"14245","14245",1911,1947,1953,0.021978021978022
"14246","14246",1098,1483,1235,0.124772313296903
"16367","16367",1098,1483,1235,0.124772313296903
"18666","18666",1098,1483,1235,0.124772313296903
"14247","14247",2916,2916,2961,0.0154320987654321
"14248","14248",2343,2764,2749,0.173282116944089
"14249","14249",3793,4206,3743,-0.0131821776957553
"14250","14250",1999,1858,2034,0.0175087543771886
"14251","14251",5027,5135,5059,0.00636562562164313
"14252","14252",2094,1859,1264,-0.396370582617001
"14253","14253",3948,4346,4307,0.0909321175278622
"14254","14254",2688,2616,2616,-0.0267857142857143
"14255","14255",962,962,914,-0.0498960498960499
"14256","14256",3206,3407,3563,0.111353711790393
"14257","14257",988,1048,1048,0.0607287449392713
"14258","14258",4385,4374,4369,-0.00364880273660205
"14259","14259",892,938,915,0.0257847533632287
"14260","14260",4019,4017,3930,-0.022144812142324
"14262","14262",2918,2963,2942,0.00822481151473612
"14263","14263",4481,4873,4381,-0.0223164472216023
"14264","14264",5251,4857,4733,-0.0986478765949343
"14266","14266",1465,1337,1959,0.337201365187713
"14267","14267",4572,4988,5003,0.0942694663167104
"14268","14268",4462,4455,3794,-0.149708650829225
"14269","14269",3263,3524,3037,-0.0692614158749617
"14270","14270",7181,8068,7632,0.0628046233115165
"14272","14272",3112,3112,3112,0
"14273","14273",12244,12230,11253,-0.08093760209082
"14274","14274",5831,5643,4908,-0.158291888183845
"14275","14275",2360,3161,2821,0.195338983050847
"14276","14276",3881,3888,3891,0.0025766555011595
"14277","14277",3495,3499,3504,0.00257510729613734
"14279","14279",859,1063,1065,0.239813736903376
"14280","14280",6959,7931,7231,0.0390860755855726
"14281","14281",2954,2955,2826,-0.043331076506432
"14282","14282",3963,4418,3531,-0.109008327024981
"14283","14283",1942,1961,1977,0.0180226570545829
"15120","15120",1942,1961,1977,0.0180226570545829
"14284","14284",1482,1461,1553,0.0479082321187584
"14285","14285",3137,3491,3491,0.112846668791839
"14286","14286",3933,3922,3443,-0.124586829392321
"14287","14287",1730,1557,1729,-0.000578034682080925
"14288","14288",1913,1890,1890,-0.0120230005227392
"14289","14289",3739,3979,3836,0.0259427654453062
"14290","14290",634,634,671,0.0583596214511041
"14291","14291",6687,6424,6437,-0.0373859727830118
"14292","14292",2697,2674,1953,-0.275862068965517
"14293","14293",1701,1701,1682,-0.0111699000587889
"14294","14294",4846,5137,4970,0.025588113908378
"14297","14297",3120,3065,3311,0.0612179487179487
"14298","14298",3810,3798,4169,0.0942257217847769
"14299","14299",2932,2921,2801,-0.0446793997271487
"14300","14300",6166,6167,6386,0.0356795329224781
"14301","14301",5500,5394,5394,-0.0192727272727273
"14305","14305",1432,1591,1581,0.104050279329609
"14306","14306",5698,5832,5774,0.0133380133380133
"14307","14307",4879,3297,4312,-0.116212338593974
"14308","14308",2670,2645,2607,-0.0235955056179775
"14309","14309",2626,2623,3316,0.262757044935263
"14310","14310",3235,2853,3197,-0.0117465224111283
"14311","14311",5837,6002,5816,-0.00359773856433099
"14312","14312",1262,1274,1376,0.0903328050713154
"14313","14313",2578,2578,2531,-0.0182311869666408
"14314","14314",1522,1522,1493,-0.019053876478318
"14315","14315",2894,2507,2701,-0.0666897028334485
"14316","14316",4210,4210,3396,-0.193349168646081
"14317","14317",1950,2557,2742,0.406153846153846
"14318","14318",6264,5664,5874,-0.0622605363984674
"14319","14319",4453,4618,4528,0.0168425780372782
"14320","14320",3236,3236,2634,-0.186032138442522
"14321","14321",3336,3495,3136,-0.0599520383693046
"14322","14322",1735,1734,1731,-0.00230547550432277
"14323","14323",5875,5880,4859,-0.172936170212766
"14324","14324",2484,2064,1899,-0.235507246376812
"14327","14327",1866,1842,1941,0.0401929260450161
"14329","14329",2310,2520,2538,0.0987012987012987
"18929","18929",2310,2520,2538,0.0987012987012987
"14330","14330",2079,1880,1880,-0.0957190957190957
"14331","14331",2218,2089,2099,-0.0536519386834986
"14332","14332",6064,6123,5005,-0.174637203166227
"14333","14333",1160,1416,1328,0.144827586206897
"14334","14334",10068,9023,9115,-0.0946563369090187
"14335","14335",5707,5620,5222,-0.0849833537760645
"14336","14336",5839,5827,5111,-0.12467888337044
"14337","14337",4218,5309,4363,0.0343764817449028
"14338","14338",2052,2052,2052,0
"14339","14339",9542,9653,9688,0.0153007755187592
"14340","14340",4124,2853,2986,-0.275945683802134
"14342","14342",5019,5871,5260,0.0480175333731819
"14343","14343",1833,1893,1190,-0.350791052918712
"14344","14344",4924,4797,4146,-0.15800162469537
"14345","14345",3948,3887,3893,-0.0139311043566363
"14346","14346",2444,2320,2495,0.0208674304418985
"14347","14347",1818,1902,1856,0.0209020902090209
"14348","14348",4586,5184,4690,0.0226777147841256
"14349","14349",2198,2467,2326,0.0582347588717015
"14350","14350",2145,2295,2318,0.0806526806526807
"14351","14351",2101,2077,2378,0.131841980009519
"14352","14352",2031,2033,2033,0.000984736582964057
"14353","14353",3292,3292,3562,0.0820170109356015
"14354","14354",3871,3509,3468,-0.104107465771119
"14355","14355",4592,4554,4779,0.0407229965156794
"14356","14356",3627,3634,3631,0.00110283981251723
"14357","14357",2010,3178,2105,0.0472636815920398
"14358","14358",4259,4235,4235,-0.00563512561634186
"14359","14359",2243,1961,2458,0.0958537672759697
"14360","14360",2555,2463,2337,-0.0853228962818004
"14361","14361",1951,2017,1944,-0.00358790363915941
"14362","14362",2692,2089,2409,-0.105126300148588
"16101","16101",2692,2089,2409,-0.105126300148588
"16420","16420",2692,2089,2409,-0.105126300148588
"17188","17188",2692,2089,2409,-0.105126300148588
"14363","14363",2084,2084,2318,0.112284069097889
"14364","14364",1347,1347,2153,0.598366740905716
"14365","14365",10078,9661,8108,-0.195475292716809
"14366","14366",1040,1040,1040,0
"14367","14367",2755,2748,2788,0.011978221415608
"14368","14368",2463,2463,2449,-0.00568412505075112
"14369","14369",2848,2826,2963,0.0403792134831461
"14370","14370",4103,4041,4042,-0.0148671703631489
"14371","14371",3665,3529,3538,-0.0346521145975443
"14373","14373",2876,2777,2762,-0.0396383866481224
"14374","14374",4545,4545,4448,-0.0213421342134213
"14376","14376",2594,3654,3528,0.36006168080185
"14377","14377",7488,7550,7354,-0.0178952991452991
"14378","14378",5525,5564,5108,-0.0754751131221719
"14379","14379",3701,3802,3390,-0.0840313428803026
"14380","14380",8568,7454,7651,-0.10702614379085
"14381","14381",821,787,798,-0.0280146163215591
"14382","14382",4303,4819,4497,0.0450848245410179
"14383","14383",1880,1884,2017,0.0728723404255319
"14384","14384",2691,2349,2224,-0.173541434411
"14385","14385",1750,1743,1865,0.0657142857142857
"14386","14386",4456,4444,4401,-0.012342908438061
"14387","14387",2328,2470,2296,-0.013745704467354
"14388","14388",2359,2359,2359,0
"14389","14389",2425,1989,2033,-0.161649484536082
"14390","14390",3058,4406,4406,0.440810987573578
"14391","14391",4180,3627,3808,-0.0889952153110048
"14392","14392",4343,4496,4592,0.0573336403407783
"14393","14393",3161,2838,2819,-0.10819360961721
"14394","14394",3018,3018,3013,-0.00165672630881378
"14395","14395",3714,3805,3805,0.0245018847603662
"14396","14396",6971,6467,6129,-0.120786113900445
"14397","14397",5335,5342,5463,0.0239925023430178
"14398","14398",4100,3910,3910,-0.0463414634146341
"14399","14399",3254,3254,2614,-0.196681007990166
"14400","14400",3014,3006,2998,-0.0053085600530856
"14401","14401",4841,4841,4843,0.000413137781450114
"14402","14402",4328,4471,4487,0.0367375231053604
"14403","14403",2723,2641,2565,-0.0580242379728241
"14404","14404",2658,2605,2655,-0.00112866817155756
"14407","14407",1170,1170,2152,0.839316239316239
"14408","14408",4143,4142,4170,0.00651701665459812
"14409","14409",1765,1596,1827,0.0351274787535411
"14410","14410",3639,3650,3802,0.0447925254190712
"14412","14412",3452,3155,3205,-0.0715527230590962
"14413","14413",2022,2027,2027,0.00247279920870425
"14414","14414",2574,2510,2510,-0.0248640248640249
"14415","14415",3613,3582,3742,0.0357044007749792
"14416","14416",2397,2434,2388,-0.00375469336670839
"14417","14417",2707,2832,2770,0.023272995936461
"17316","17316",2707,2832,2770,0.023272995936461
"14419","14419",4330,4492,4539,0.0482678983833718
"14420","14420",1864,1533,1459,-0.217274678111588
"14421","14421",2465,2744,2919,0.184178498985801
"14422","14422",1078,945,945,-0.123376623376623
"14423","14423",1401,1484,1597,0.139900071377587
"15478","15478",1401,1484,1597,0.139900071377587
"14425","14425",1994,1960,1960,-0.0170511534603811
"14426","14426",4208,4089,3978,-0.0546577946768061
"14428","14428",972,935,935,-0.0380658436213992
"14429","14429",2640,2640,2603,-0.0140151515151515
"14431","14431",3869,3874,3815,-0.0139570948565521
"14432","14432",3400,3400,3397,-0.000882352941176471
"14433","14433",2186,1937,1977,-0.095608417200366
"14434","14434",2373,2390,2403,0.0126422250316056
"14435","14435",2622,1981,1981,-0.244469870327994
"14436","14436",1126,1084,1081,-0.0399644760213144
"16801","16801",1126,1084,1081,-0.0399644760213144
"14437","14437",2577,2707,2728,0.0585952658129608
"14438","14438",2358,2358,2389,0.0131467345207803
"14439","14439",2430,2430,2430,0
"18184","18184",2430,2430,2430,0
"18970","18970",2430,2430,2430,0
"14440","14440",4210,4195,4232,0.00522565320665083
"14441","14441",1848,1757,1786,-0.0335497835497836
"14443","14443",2378,2431,2379,0.000420521446593776
"14444","14444",2574,2574,3433,0.333721833721834
"14445","14445",3632,3200,3211,-0.1159140969163
"14446","14446",4700,4819,5725,0.218085106382979
"14447","14447",867,866,1044,0.204152249134948
"14448","14448",2837,2814,2563,-0.0965808953119492
"14449","14449",3442,3431,3471,0.0084253341080767
"14450","14450",1102,1102,1527,0.385662431941924
"14451","14451",4721,4730,4714,-0.00148273670832451
"14452","14452",6503,6496,5832,-0.103183146240197
"14453","14453",2975,2976,3040,0.0218487394957983
"14454","14454",5133,5132,4534,-0.116695889343464
"14455","14455",1265,1357,1357,0.0727272727272727
"14456","14456",1139,1205,1121,-0.0158033362598771
"14457","14457",6531,6672,6133,-0.0609401316796815
"14458","14458",2076,2428,1987,-0.0428709055876686
"14459","14459",3530,3693,3554,0.00679886685552408
"14461","14461",911,912,899,-0.013172338090011
"14462","14462",2647,2749,2749,0.0385341896486589
"14463","14463",1820,1977,2255,0.239010989010989
"14464","14464",1846,1606,1867,0.0113759479956663
"14465","14465",1961,1992,1832,-0.0657827638959714
"14466","14466",3774,3423,3733,-0.010863804981452
"14467","14467",2160,2162,2162,0.000925925925925926
"14468","14468",1583,1583,1579,-0.00252684775742262
"14469","14469",4327,4327,4419,0.0212618442338803
"14470","14470",3783,3783,3547,-0.0623843510441449
"14471","14471",4069,4119,3243,-0.202998279675596
"14472","14472",7851,7851,7498,-0.0449624251687683
"14473","14473",9070,9503,9382,0.0343991179713341
"14474","14474",4089,4089,4035,-0.0132061628760088
"14475","14475",1083,1019,1115,0.0295475530932595
"14476","14476",1908,1908,1780,-0.0670859538784067
"14477","14477",2859,2801,2769,-0.0314795383001049
"14478","14478",2028,2030,1861,-0.0823471400394477
"14479","14479",1574,1574,1521,-0.0336721728081321
"14481","14481",2438,2437,2345,-0.0381460213289582
"14482","14482",3620,3620,3620,0
"14483","14483",2468,2503,2445,-0.0093192868719611
"14484","14484",3378,3191,3124,-0.0751924215512137
"14632","14632",3378,3191,3124,-0.0751924215512137
"14487","14487",6362,6095,6156,-0.0323797547940899
"14488","14488",1190,1192,1298,0.0907563025210084
"14489","14489",5722,5009,5181,-0.0945473610625655
"14490","14490",5035,5424,5114,0.0156901688182721
"14491","14491",2894,2897,3338,0.153420870767104
"14492","14492",2202,2004,1779,-0.192098092643052
"14493","14493",2403,2403,2305,-0.040782355389097
"14494","14494",2396,2361,2430,0.0141903171953255
"14496","14496",1263,1263,1368,0.0831353919239905
"14497","14497",3441,3446,3194,-0.0717814588782331
"14498","14498",3370,3300,3411,0.0121661721068249
"14499","14499",2944,3112,2993,0.0166440217391304
"14500","14500",10268,10239,9846,-0.0410985586287495
"14501","14501",2174,2060,2023,-0.0694572217111316
"14502","14502",1461,1638,1588,0.0869267624914442
"14503","14503",3482,3532,3235,-0.0709362435381964
"14504","14504",4458,4397,4445,-0.00291610587707492
"14505","14505",3959,3925,4543,0.147511997979288
"14506","14506",3124,3139,2941,-0.0585787451984635
"14507","14507",2216,2301,2063,-0.069043321299639
"14509","14509",1638,1530,1279,-0.219169719169719
"14510","14510",2526,2390,2293,-0.0922406967537609
"14511","14511",3019,2959,2555,-0.153693275919179
"16706","16706",3019,2959,2555,-0.153693275919179
"14512","14512",3543,2539,2399,-0.322890206040079
"14513","14513",4570,4570,3897,-0.1472647702407
"14514","14514",3808,3649,3654,-0.0404411764705882
"14515","14515",3199,3095,3095,-0.0325101594248203
"14516","14516",6752,6871,6445,-0.045468009478673
"14517","14517",7939,8521,7632,-0.0386698576646933
"14518","14518",1591,1591,1591,0
"14519","14519",3373,2680,2724,-0.192410317225022
"14520","14520",1287,1287,1252,-0.0271950271950272
"14522","14522",1725,1736,1588,-0.0794202898550725
"14523","14523",796,796,801,0.00628140703517588
"14524","14524",1994,2117,1997,0.00150451354062187
"14525","14525",2335,2335,2335,0
"14526","14526",5433,5239,4841,-0.108963740106755
"14527","14527",2648,2649,1889,-0.286631419939577
"14528","14528",1564,1604,1644,0.051150895140665
"14529","14529",2958,3114,2857,-0.0341446923597025
"14531","14531",2552,2282,1596,-0.374608150470219
"14533","14533",3251,3249,3459,0.0639803137496155
"14534","14534",3789,4522,3956,0.0440749538136712
"14535","14535",1774,1774,1774,0
"14537","14537",3153,3153,3056,-0.0307643514113543
"14538","14538",6907,5790,5952,-0.138265527725496
"14539","14539",3648,3510,3296,-0.0964912280701754
"14540","14540",5639,5618,5682,0.00762546550806881
"14541","14541",1648,1648,1637,-0.0066747572815534
"14542","14542",2153,2178,2961,0.375290292614956
"14543","14543",3250,3266,3060,-0.0584615384615385
"14544","14544",2210,2320,2252,0.0190045248868778
"14545","14545",2795,2242,2241,-0.198211091234347
"14546","14546",4290,4262,4835,0.127039627039627
"14547","14547",1131,1061,1179,0.0424403183023873
"18705","18705",1131,1061,1179,0.0424403183023873
"14548","14548",1309,1306,1330,0.0160427807486631
"14549","14549",8237,8163,8334,0.0117761320869249
"14550","14550",1323,1324,1324,0.000755857898715042
"14551","14551",3991,3977,3524,-0.117013279879729
"14554","14554",3465,3491,2983,-0.139105339105339
"14555","14555",2796,2794,2100,-0.248927038626609
"14556","14556",2831,2993,3017,0.0657011656658425
"14557","14557",3752,3779,3027,-0.193230277185501
"16064","16064",3752,3779,3027,-0.193230277185501
"14558","14558",2303,2406,2406,0.0447242726877985
"14560","14560",1248,1854,1854,0.485576923076923
"14561","14561",5052,5045,4785,-0.0528503562945368
"14562","14562",3609,3474,3923,0.087004710446107
"14563","14563",2468,3185,2344,-0.0502431118314425
"14564","14564",1828,1749,1749,-0.0432166301969365
"14565","14565",2482,2633,2261,-0.089041095890411
"14566","14566",4387,4387,3706,-0.155231365397766
"14567","14567",4773,5028,4868,0.0199036245547873
"14568","14568",5743,5645,5622,-0.021069127633641
"19601","19601",5743,5645,5622,-0.021069127633641
"14569","14569",1347,1427,1427,0.0593912397921307
"14570","14570",5528,5528,4955,-0.103654124457308
"14573","14573",4914,5680,4759,-0.0315425315425315
"14574","14574",3383,3800,3235,-0.0437481525273426
"14575","14575",6310,6348,6196,-0.0180665610142631
"14577","14577",2762,3025,3245,0.174873280231716
"14578","14578",4142,4148,4145,0.000724287783679382
"14579","14579",1636,1637,1636,0
"14580","14580",3925,4548,3646,-0.0710828025477707
"14583","14583",2716,2712,2352,-0.134020618556701
"14584","14584",1164,1130,1132,-0.0274914089347079
"14585","14585",3776,3767,3776,0
"14586","14586",3636,3263,3282,-0.0973597359735974
"14587","14587",4229,4105,4134,-0.0224639394655947
"14588","14588",2733,2734,2734,0.000365898280278083
"14589","14589",7307,9465,7350,0.00588476803065554
"14590","14590",3182,3340,3334,0.0477686989314896
"14591","14591",3989,3168,3249,-0.185510152920531
"14592","14592",5833,5833,5790,-0.00737184981998971
"14593","14593",6640,5910,5837,-0.120933734939759
"14595","14595",3448,2162,2496,-0.276102088167053
"14597","14597",3092,3109,3226,0.0433376455368693
"17740","17740",3092,3109,3226,0.0433376455368693
"14598","14598",2761,2853,2785,0.0086925027164071
"14599","14599",4542,5154,4205,-0.0741963892558344
"14600","14600",3301,3302,3797,0.150257497727961
"14601","14601",3792,3751,3686,-0.0279535864978903
"14603","14603",4581,4947,4234,-0.0757476533507968
"14604","14604",3043,3043,2970,-0.0239894840617811
"14605","14605",3716,3711,3700,-0.00430570505920344
"14606","14606",3563,3426,3589,0.00729722144260455
"14608","14608",3283,2461,2905,-0.115138592750533
"14609","14609",2339,2304,2312,-0.0115433946130825
"14610","14610",1740,1740,1763,0.0132183908045977
"14611","14611",1697,1698,1644,-0.0312315851502652
"14612","14612",7576,7617,7591,0.00197993664202745
"14613","14613",2457,2541,2541,0.0341880341880342
"14614","14614",2316,2320,2320,0.00172711571675302
"14615","14615",2543,2132,2177,-0.143924498623673
"14616","14616",4875,4467,5030,0.0317948717948718
"16808","16808",4875,4467,5030,0.0317948717948718
"14618","14618",4268,4205,3898,-0.0866916588566073
"14619","14619",6079,6102,5588,-0.0807698634643856
"14620","14620",1843,1767,1757,-0.0466630493760174
"14621","14621",11788,11772,11591,-0.0167119104173736
"14622","14622",2262,3059,2841,0.255968169761273
"14623","14623",684,743,760,0.111111111111111
"14626","14626",5895,5284,5128,-0.13011026293469
"14627","14627",3089,3091,2679,-0.132729038523794
"14628","14628",5650,5648,5540,-0.0194690265486726
"14629","14629",4008,4003,3882,-0.031437125748503
"14630","14630",2250,2222,1608,-0.285333333333333
"14631","14631",5164,5226,5263,0.0191711851278079
"14633","14633",3012,2727,2701,-0.103253652058433
"14634","14634",1183,1183,1183,0
"14635","14635",3108,3109,3214,0.0341055341055341
"14636","14636",7430,7360,7413,-0.00228802153432032
"14637","14637",2788,2797,2094,-0.248923959827834
"14638","14638",1576,1341,1341,-0.149111675126904
"14639","14639",2091,2091,2045,-0.021999043519847
"17368","17368",2091,2091,2045,-0.021999043519847
"14640","14640",2302,2343,2342,0.0173761946133797
"14642","14642",2167,2167,3728,0.720350715274573
"14643","14643",4523,4822,4657,0.0296263541896971
"14644","14644",2214,2219,2210,-0.001806684733514
"14645","14645",3458,4486,3541,0.0240023134759977
"14646","14646",5200,5261,5234,0.00653846153846154
"14647","14647",957,957,957,0
"14649","14649",7303,7437,7343,0.00547720115021224
"14650","14650",1697,1474,1452,-0.144372421921037
"14651","14651",8806,8496,9029,0.0253236429707018
"14652","14652",2960,2855,2730,-0.0777027027027027
"14653","14653",1956,1956,1956,0
"14654","14654",6678,6728,5964,-0.106918238993711
"14655","14655",3715,3715,3750,0.00942126514131898
"14656","14656",1740,1740,1740,0
"14657","14657",3039,2698,2723,-0.103981572885818
"14658","14658",2519,2852,2774,0.101230647082175
"14659","14659",2351,2351,2206,-0.0616758826031476
"14660","14660",6593,6702,5868,-0.109965114515395
"14661","14661",2571,2571,3481,0.353947880202256
"14662","14662",3214,3133,3804,0.183571873055383
"14664","14664",936,936,936,0
"14665","14665",3077,3272,3145,0.0220994475138122
"14666","14666",2375,2328,2366,-0.00378947368421053
"18056","18056",2375,2328,2366,-0.00378947368421053
"14668","14668",9441,8516,9422,-0.00201249867598771
"14669","14669",1372,1694,1381,0.0065597667638484
"14670","14670",501,501,501,0
"14671","14671",1792,1792,1796,0.00223214285714286
"14672","14672",2512,2750,2394,-0.0469745222929936
"14673","14673",2701,3333,2814,0.0418363569048501
"14674","14674",2069,2064,1785,-0.137264378927018
"14675","14675",2465,2465,2465,0
"14676","14676",7480,7868,8020,0.072192513368984
"14677","14677",950,1189,947,-0.00315789473684211
"14679","14679",2952,2621,2620,-0.112466124661247
"14680","14680",7046,7611,6906,-0.0198694294635254
"14682","14682",917,917,921,0.00436205016357688
"17169","17169",917,917,921,0.00436205016357688
"14683","14683",4519,4611,4560,0.00907280371763665
"14684","14684",2280,2600,2488,0.0912280701754386
"14685","14685",1703,1797,1798,0.0557839107457428
"14686","14686",2565,2287,2331,-0.0912280701754386
"14687","14687",5070,5111,5018,-0.0102564102564103
"14688","14688",3468,2759,3187,-0.0810265282583622
"14689","14689",5563,4966,5592,0.00521301456048894
"14690","14690",3144,3103,3689,0.173346055979644
"14691","14691",2703,2658,2700,-0.00110987791342952
"14692","14692",4983,5222,5432,0.0901063616295404
"14693","14693",4143,4122,6136,0.481052377504224
"14694","14694",3122,3122,3012,-0.0352338244714926
"14695","14695",5609,5396,5176,-0.0771973613834908
"14696","14696",1386,1387,948,-0.316017316017316
"14697","14697",5611,5712,6340,0.129923364819105
"14698","14698",3508,3447,3435,-0.0208095781071836
"14699","14699",4947,5326,5311,0.0735799474428947
"14700","14700",3280,3280,3242,-0.0115853658536585
"14701","14701",3163,3163,3038,-0.0395194435662346
"14702","14702",3805,3776,3776,-0.0076215505913272
"14703","14703",3259,3259,3258,-0.000306842589751458
"14704","14704",4221,3985,4728,0.120113717128643
"14705","14705",1550,1815,1815,0.170967741935484
"14706","14706",2970,2958,2956,-0.00471380471380471
"14707","14707",2629,2817,2068,-0.213389121338912
"14708","14708",4743,4579,4545,-0.0417457305502846
"14709","14709",2536,2515,2537,0.000394321766561514
"14710","14710",1993,1993,2011,0.00903161063723031
"14711","14711",7212,7212,7230,0.00249584026622296
"14713","14713",4072,3322,3343,-0.179027504911591
"14714","14714",2762,3222,2583,-0.0648081100651702
"14715","14715",4172,4410,4166,-0.00143815915627996
"14716","14716",2851,2953,3005,0.0540161346895826
"14717","14717",4354,4910,4979,0.143546164446486
"14718","14718",2782,2782,2635,-0.0528396836808052
"14719","14719",7310,7198,7165,-0.0198358413132695
"14720","14720",5491,5612,5467,-0.00437078856310326
"14722","14722",3448,3650,3745,0.0861368909512761
"14723","14723",867,855,1034,0.192618223760092
"14724","14724",6316,6715,7168,0.134895503483217
"14725","14725",3312,3312,3170,-0.0428743961352657
"14726","14726",2486,2901,2839,0.141995172968624
"14727","14727",1922,1922,1929,0.0036420395421436
"14728","14728",1479,1463,1281,-0.133874239350913
"14729","14729",1380,1380,1388,0.00579710144927536
"14730","14730",2911,2432,2433,-0.164204740638956
"14731","14731",1714,1745,1738,0.014002333722287
"14732","14732",1366,1366,1366,0
"14733","14733",11823,12223,10969,-0.0722320899940793
"14735","14735",4791,5132,5020,0.0477979544980171
"14736","14736",2048,2048,2045,-0.00146484375
"14738","14738",6397,6435,6388,-0.00140690948882289
"14739","14739",1933,1933,1918,-0.00775995861355406
"14741","14741",1052,1024,1027,-0.0237642585551331
"14742","14742",2275,2237,2432,0.069010989010989
"14743","14743",3159,3077,3074,-0.0269072491294714
"14744","14744",3609,3548,3591,-0.00498753117206983
"14745","14745",1544,1544,1539,-0.00323834196891192
"17504","17504",1544,1544,1539,-0.00323834196891192
"14746","14746",2506,2506,2635,0.0514764565043895
"14747","14747",2806,2806,2650,-0.0555951532430506
"14748","14748",2987,3061,3026,0.0130565785068631
"14749","14749",3797,3804,3794,-0.000790097445351593
"14750","14750",5562,5295,5168,-0.0708378281193815
"14751","14751",3041,2911,2808,-0.0766195330483394
"18583","18583",3041,2911,2808,-0.0766195330483394
"14752","14752",2209,2209,1080,-0.511090991398823
"14753","14753",3922,3922,3328,-0.151453340132585
"14754","14754",10933,10847,10791,-0.0129882008597823
"14756","14756",3420,3420,3343,-0.0225146198830409
"14757","14757",2556,2557,2557,0.000391236306729264
"14758","14758",3896,4226,3753,-0.0367043121149897
"14759","14759",5473,5144,4925,-0.10012790060296
"14760","14760",3953,3955,3954,0.000252972426005565
"14761","14761",3007,3007,2968,-0.0129697372796807
"14762","14762",2597,2543,2411,-0.071621101270697
"14763","14763",3121,3632,3454,0.106696571611663
"14764","14764",2442,2601,2239,-0.0831285831285831
"14765","14765",2785,2438,2884,0.0355475763016158
"14766","14766",1938,1938,1869,-0.0356037151702786
"14767","14767",4835,4034,4101,-0.151809720785936
"14769","14769",3487,3685,3813,0.0934901061084026
"14770","14770",4383,4681,3889,-0.112708190736938
"14771","14771",2418,2378,2002,-0.172043010752688
"14772","14772",2191,1841,1886,-0.139205842081241
"14773","14773",8240,8174,8095,-0.0175970873786408
"14774","14774",3242,3241,3228,-0.00431832202344232
"14775","14775",2037,4027,3408,0.673048600883652
"14777","14777",1593,1596,1597,0.00251098556183302
"14779","14779",3445,3571,3366,-0.0229317851959361
"14781","14781",2612,2298,2315,-0.113705972434916
"14782","14782",5224,4594,4613,-0.116960183767228
"14783","14783",1747,1747,1747,0
"14784","14784",3063,3049,3047,-0.00522363695723147
"14785","14785",3281,3281,3281,0
"14786","14786",3665,3665,3770,0.0286493860845839
"14787","14787",6523,6508,5886,-0.0976544534723287
"14788","14788",3260,3294,3287,0.00828220858895706
"14789","14789",2395,2395,2412,0.00709812108559499
"14790","14790",1976,1992,1991,0.00759109311740891
"14791","14791",2535,2539,2540,0.0019723865877712
"14792","14792",2690,2576,2587,-0.0382899628252788
"14793","14793",1932,1932,1932,0
"14794","14794",6459,6452,6239,-0.0340610001548227
"14795","14795",3637,3636,2363,-0.350288699477591
"14796","14796",3317,3914,4074,0.228218269520651
"14798","14798",4817,4819,4749,-0.0141166701266348
"14799","14799",797,798,798,0.00125470514429109
"14800","14800",3134,3134,3096,-0.0121250797702616
"14801","14801",2262,2226,2128,-0.0592396109637489
"14803","14803",5704,5705,5673,-0.00543478260869565
"14804","14804",1832,1720,1718,-0.0622270742358079
"18607","18607",1832,1720,1718,-0.0622270742358079
"14805","14805",2136,2136,3014,0.411048689138577
"14806","14806",5287,5244,5213,-0.013996595422735
"14807","14807",2231,2307,2238,0.00313760645450471
"14808","14808",1906,1906,1874,-0.0167890870933893
"14809","14809",1986,1802,1818,-0.0845921450151057
"14810","14810",3220,3306,3203,-0.00527950310559006
"14811","14811",3294,3267,3267,-0.00819672131147541
"14812","14812",897,897,897,0
"14813","14813",2358,2546,2914,0.23579304495335
"14815","14815",5455,5880,6162,0.129605866177819
"14816","14816",3090,2544,2778,-0.100970873786408
"14817","14817",3093,2768,2768,-0.105075978014872
"14818","14818",3152,3121,2736,-0.131979695431472
"14819","14819",3921,4221,4203,0.071920428462127
"14820","14820",3502,3116,2991,-0.145916619074814
"14821","14821",3920,4146,4098,0.0454081632653061
"14822","14822",3398,3773,4001,0.177457327839906
"14823","14823",3292,3292,3292,0
"14825","14825",1070,1130,1205,0.126168224299065
"14826","14826",4273,3843,3638,-0.148607535689211
"14827","14827",2423,2421,2421,-0.000825423029302518
"14828","14828",1961,2000,1969,0.00407955124936257
"14830","14830",3175,3184,3177,0.00062992125984252
"14831","14831",2624,2601,2606,-0.00685975609756098
"14833","14833",2459,2384,2384,-0.0305002033346889
"14834","14834",6734,6880,5881,-0.126670626670627
"14835","14835",4199,4100,4100,-0.0235770421528935
"14836","14836",2520,2261,2300,-0.0873015873015873
"14837","14837",6683,6091,5952,-0.109382014065539
"14838","14838",7222,7163,6985,-0.0328163943505954
"14839","14839",3242,3230,3370,0.0394818013571869
"14841","14841",4231,4211,4100,-0.0309619475301347
"14842","14842",5629,5671,5403,-0.0401492272162018
"14843","14843",5944,5972,5899,-0.00757065948855989
"14844","14844",2681,2581,2581,-0.0372995151063036
"16574","16574",2681,2581,2581,-0.0372995151063036
"14845","14845",3310,3310,3304,-0.00181268882175227
"14846","14846",3139,3139,3088,-0.0162472124880535
"14847","14847",2155,2154,2154,-0.000464037122969838
"14848","14848",2376,2370,3058,0.287037037037037
"14849","14849",2867,2869,2568,-0.104290198814091
"14851","14851",6177,6352,5934,-0.039339485186984
"14852","14852",3675,3657,4281,0.164897959183673
"18838","18838",3675,3657,4281,0.164897959183673
"14853","14853",2907,2909,3215,0.105951152390781
"14854","14854",1371,1382,1382,0.00802334062727936
"14855","14855",917,681,681,-0.257360959651036
"14856","14856",3631,3631,3737,0.0291930597631506
"14857","14857",5046,5046,6102,0.209274673008323
"14858","14858",4826,4840,4839,0.00269374222958972
"14859","14859",7337,7320,5885,-0.197901049475262
"14860","14860",1378,2733,2102,0.525399129172714
"14862","14862",2194,2182,2227,0.0150410209662716
"14863","14863",1955,2146,1898,-0.029156010230179
"14864","14864",5858,5848,5412,-0.0761351997268692
"14865","14865",4692,4692,5146,0.0967604433077579
"14866","14866",1229,1229,1233,0.0032546786004882
"14867","14867",4692,4687,4692,0
"14868","14868",2569,2575,2575,0.00233553912028026
"14869","14869",1839,1814,1556,-0.153887982599239
"14870","14870",2974,2974,2974,0
"14872","14872",4125,4550,4567,0.107151515151515
"14873","14873",4816,4815,5814,0.207225913621262
"14874","14874",5522,5533,5773,0.0454545454545455
"14875","14875",4214,3459,3409,-0.191029900332226
"14876","14876",3036,2967,3214,0.0586297760210804
"14877","14877",1245,1252,1252,0.00562248995983936
"18098","18098",1245,1252,1252,0.00562248995983936
"14878","14878",2026,2026,2026,0
"14879","14879",3611,3609,3299,-0.0864026585433398
"14880","14880",6184,6088,6038,-0.0236093143596378
"14881","14881",2162,1954,1843,-0.147548566142461
"14882","14882",2678,2656,2862,0.0687079910380881
"17934","17934",2678,2656,2862,0.0687079910380881
"14883","14883",2427,2411,2457,0.0123609394313968
"14884","14884",3063,2905,2665,-0.129937969311133
"14885","14885",1707,1695,1694,-0.00761570005858231
"14886","14886",2851,2851,2710,-0.0494563311118906
"14887","14887",2744,2744,2705,-0.0142128279883382
"14888","14888",4528,4466,4508,-0.00441696113074205
"14889","14889",5448,5441,5303,-0.0266152716593245
"14890","14890",2531,2823,2759,0.0900829711576452
"14891","14891",2002,2113,2045,0.0214785214785215
"14892","14892",7882,8256,8134,0.0319715808170515
"14893","14893",11121,11129,10643,-0.0429817462458412
"14894","14894",4656,4630,4760,0.0223367697594502
"14895","14895",3047,3382,3023,-0.00787659993436167
"14896","14896",5113,5257,4393,-0.140817523958537
"14897","14897",1377,1301,1290,-0.0631808278867102
"14898","14898",1272,1379,1223,-0.0385220125786164
"14899","14899",1423,2138,1877,0.319044272663387
"14900","14900",4597,4389,4276,-0.0698281487926909
"14901","14901",2263,2199,2197,-0.0291648254529386
"14902","14902",2122,2609,2250,0.060320452403393
"14903","14903",4215,4194,4892,0.16061684460261
"14904","14904",1265,1265,1265,0
"14906","14906",7890,6805,7180,-0.0899873257287706
"14908","14908",8445,8444,7640,-0.0953226761397277
"14909","14909",4747,4745,3806,-0.198230461344007
"14910","14910",2136,2133,2259,0.0575842696629214
"14911","14911",4802,4546,4569,-0.048521449396085
"14912","14912",3545,3482,3483,-0.0174894217207334
"14914","14914",3461,2794,2919,-0.156602138110373
"14915","14915",2638,2586,2819,0.0686125852918878
"14918","14918",6294,6340,6773,0.0761042262472196
"14919","14919",1948,1979,1980,0.0164271047227926
"14920","14920",3699,3699,4515,0.220600162206002
"14921","14921",1653,1749,2500,0.512401693889897
"14922","14922",1649,1583,1585,-0.0388114008489994
"14923","14923",1756,1756,1494,-0.149202733485194
"14924","14924",2609,2107,2091,-0.198543503257953
"14926","14926",6668,6651,5777,-0.133623275344931
"14927","14927",7077,7073,6628,-0.0634449625547548
"14929","14929",1795,1954,1262,-0.296935933147632
"14930","14930",2817,2817,2782,-0.0124245651402201
"14931","14931",3818,3811,2770,-0.2744892613934
"16596","16596",3818,3811,2770,-0.2744892613934
"18120","18120",3818,3811,2770,-0.2744892613934
"14933","14933",5154,5341,5208,0.010477299185099
"14934","14934",4502,4097,3877,-0.138827187916482
"14936","14936",8591,8579,7841,-0.0873006634850425
"14938","14938",1771,1848,1720,-0.0287972896668549
"14939","14939",3238,3618,3425,0.05775169857937
"14940","14940",3434,3464,3022,-0.119976703552708
"14941","14941",2543,2542,2543,0
"14942","14942",2431,2514,1941,-0.201563142739613
"14943","14943",3476,3598,3298,-0.0512082853855006
"14944","14944",4572,4326,4926,0.0774278215223097
"14945","14945",3684,3692,3686,0.000542888165038002
"14946","14946",5670,5897,6987,0.232275132275132
"14949","14949",7501,7489,6509,-0.132249033462205
"14950","14950",1965,1966,1908,-0.0290076335877863
"14951","14951",7853,8111,7348,-0.0643066344072329
"14952","14952",6538,7405,7063,0.0802997858672377
"14953","14953",2030,2030,1874,-0.0768472906403941
"14954","14954",4141,4557,3581,-0.135233035498672
"14955","14955",5025,4975,5434,0.0813930348258707
"14956","14956",2522,2626,2616,0.0372720063441713
"16112","16112",2522,2626,2616,0.0372720063441713
"14957","14957",4866,5105,4925,0.0121249486230991
"14958","14958",3419,3419,3495,0.0222287218484937
"14959","14959",4188,4317,4331,0.03414517669532
"14960","14960",1095,1140,1175,0.0730593607305936
"14961","14961",1690,1769,1701,0.00650887573964497
"14962","14962",7226,7213,7762,0.0741765845557708
"16669","16669",7226,7213,7762,0.0741765845557708
"14963","14963",2451,1668,2166,-0.116279069767442
"14965","14965",959,959,896,-0.0656934306569343
"14966","14966",8290,7389,6909,-0.166586248492159
"14967","14967",3394,3375,3195,-0.0586328815556865
"15020","15020",3394,3375,3195,-0.0586328815556865
"14968","14968",2098,2156,2090,-0.00381315538608198
"14969","14969",3031,3031,2978,-0.0174859782250082
"14971","14971",2201,2201,2135,-0.0299863698318946
"14972","14972",621,621,621,0
"14973","14973",4309,4317,4307,-0.000464144813181713
"14974","14974",5214,4261,4268,-0.181434599156118
"14975","14975",1434,1259,1307,-0.0885634588563459
"14976","14976",1566,1517,1567,0.000638569604086846
"14977","14977",2945,2946,2784,-0.0546689303904924
"14978","14978",3078,2945,2946,-0.0428849902534113
"14979","14979",1625,1625,1692,0.0412307692307692
"14980","14980",3237,3338,3644,0.125733704046957
"14981","14981",3140,2874,3159,0.00605095541401274
"14982","14982",3613,3838,3763,0.0415167450871852
"14983","14983",4581,4605,4472,-0.023793931456014
"14985","14985",2139,2127,2133,-0.00280504908835905
"14986","14986",2044,1514,1555,-0.239236790606654
"14987","14987",3484,3989,3987,0.144374282433984
"14988","14988",4991,4991,6181,0.238429172510519
"14989","14989",9066,8991,9007,-0.00650783145819546
"14990","14990",2790,2731,3003,0.0763440860215054
"14991","14991",4044,3655,3699,-0.0853115727002967
"14992","14992",1779,1744,1744,-0.0196739741427768
"14993","14993",5661,4954,4855,-0.142377671789436
"14994","14994",3054,3204,3605,0.180419122462344
"14995","14995",6774,6740,6500,-0.040448774726897
"14996","14996",2452,2453,2457,0.00203915171288744
"14997","14997",6985,7078,6592,-0.0562634216177523
"14998","14998",2672,2786,2831,0.0595059880239521
"14999","14999",1773,1744,1671,-0.0575296108291032
"15001","15001",2947,3007,2976,0.00984051577875806
"15002","15002",1849,1851,1776,-0.0394808004326663
"15003","15003",1404,1401,1443,0.0277777777777778
"15004","15004",13596,13642,13612,0.00117681671079729
"15006","15006",1548,1546,1683,0.0872093023255814
"15007","15007",4699,4962,4176,-0.111300276654607
"15008","15008",6581,6583,6136,-0.0676189029022945
"15009","15009",2654,2651,2716,0.0233609645817634
"15010","15010",2995,2966,2189,-0.269115191986644
"15011","15011",2176,2308,2450,0.125919117647059
"15012","15012",3061,2962,2683,-0.123489055864097
"19159","19159",3061,2962,2683,-0.123489055864097
"15013","15013",2351,2351,2351,0
"15014","15014",5724,5567,6039,0.0550314465408805
"15015","15015",3659,3575,3437,-0.0606723148401202
"15016","15016",3455,4030,4009,0.160347322720695
"15017","15017",2552,2551,1993,-0.219043887147335
"15018","15018",4882,4819,4616,-0.054485866448177
"15019","15019",605,605,636,0.0512396694214876
"15021","15021",3518,3475,3296,-0.0631040363843093
"15022","15022",1591,1591,1566,-0.0157133878064111
"15023","15023",3173,3861,3713,0.17018594390167
"15024","15024",1898,1899,1899,0.000526870389884088
"15025","15025",3454,3753,3630,0.0509554140127389
"15026","15026",1574,1574,1376,-0.12579415501906
"15027","15027",2767,2766,2766,-0.000361402240693892
"15028","15028",3625,3625,3530,-0.0262068965517241
"15029","15029",1500,2256,2255,0.503333333333333
"15031","15031",2652,2617,2651,-0.000377073906485671
"15032","15032",8783,8540,8123,-0.075145166799499
"15033","15033",4335,4144,4094,-0.0555940023068051
"15034","15034",1179,1179,1149,-0.0254452926208651
"19806","19806",1179,1179,1149,-0.0254452926208651
"15035","15035",2629,2280,2141,-0.185621909471282
"15036","15036",6624,6725,6637,0.00196256038647343
"15037","15037",2516,2387,2389,-0.0504769475357711
"15038","15038",2660,2710,2696,0.0135338345864662
"15039","15039",5655,4647,3781,-0.331388152077807
"15040","15040",2849,2846,2813,-0.0126360126360126
"15042","15042",1970,2072,1833,-0.0695431472081218
"16178","16178",1970,2072,1833,-0.0695431472081218
"15045","15045",829,681,681,-0.178528347406514
"15046","15046",2915,2891,2899,-0.00548885077186964
"15048","15048",3613,3674,3602,-0.00304456130639358
"15049","15049",8548,8528,8417,-0.0153252222742162
"15050","15050",2905,2907,2594,-0.107056798623064
"15051","15051",5195,5281,5143,-0.010009624639076
"15052","15052",1738,1738,1515,-0.128308400460299
"15053","15053",1421,1366,1347,-0.0520760028149191
"15054","15054",1271,1372,1477,0.162077104642014
"15055","15055",3452,3146,3491,0.011297798377752
"15057","15057",1301,1301,1301,0
"15058","15058",1365,1365,1337,-0.0205128205128205
"15059","15059",1413,1413,1413,0
"15060","15060",9114,9227,9136,0.00241386877331578
"15061","15061",3929,3944,4083,0.0391957241028251
"15062","15062",4199,4309,4091,-0.0257204096213384
"15063","15063",1798,1794,1794,-0.00222469410456062
"15064","15064",9563,9542,8738,-0.086269998954303
"15065","15065",4196,4634,4406,0.050047664442326
"15066","15066",1583,1989,1925,0.216045483259634
"15067","15067",2045,2045,2045,0
"15068","15068",1636,1636,1877,0.147310513447433
"15069","15069",1456,1456,1744,0.197802197802198
"15070","15070",9366,7560,8951,-0.0443092035020286
"15071","15071",2726,2726,3421,0.254952311078503
"15072","15072",5199,5172,5148,-0.00980957876514714
"15073","15073",2685,2666,2651,-0.0126629422718808
"17031","17031",2685,2666,2651,-0.0126629422718808
"15075","15075",6913,7126,7741,0.119774338203385
"15076","15076",4139,4138,4098,-0.00990577434162841
"15077","15077",3354,3062,3156,-0.0590339892665474
"15078","15078",1392,1392,1410,0.0129310344827586
"15079","15079",1657,1376,1434,-0.134580567290284
"15080","15080",1200,1200,1087,-0.0941666666666667
"15081","15081",3571,3571,3576,0.00140016802016242
"15082","15082",3487,3268,2762,-0.207915113277889
"15083","15083",2145,2207,2145,0
"15084","15084",2050,1838,1852,-0.0965853658536585
"15086","15086",1240,1477,1427,0.150806451612903
"15353","15353",1240,1477,1427,0.150806451612903
"15087","15087",4445,4566,4895,0.101237345331834
"15088","15088",1027,1090,1036,0.00876338851022395
"15089","15089",3106,3352,3353,0.0795235028976175
"15090","15090",4193,4205,3549,-0.153589315525876
"15091","15091",997,997,997,0
"15092","15092",3502,3503,3097,-0.115648201027984
"15093","15093",3177,3129,3118,-0.0185709789109223
"15094","15094",5665,5665,5267,-0.0702559576345984
"15095","15095",1258,1258,1268,0.00794912559618442
"15096","15096",5074,5665,4884,-0.0374458021284982
"15097","15097",1829,1893,1868,0.0213231273920175
"15098","15098",2972,3080,3097,0.0420592193808883
"15099","15099",1746,1798,1681,-0.0372279495990836
"15100","15100",2018,2120,2064,0.022794846382557
"15101","15101",3111,2875,2848,-0.0845387335261974
"15102","15102",2674,3257,2951,0.103590127150337
"15103","15103",6262,6475,6576,0.0501437240498243
"15104","15104",6027,6027,5974,-0.00879376140700183
"15105","15105",6825,6716,6441,-0.0562637362637363
"15106","15106",3061,3069,3073,0.0039202874877491
"15107","15107",2415,2446,2092,-0.133747412008282
"15108","15108",4244,4211,4707,0.109095193213949
"15109","15109",1755,1643,1737,-0.0102564102564103
"15110","15110",2857,2804,2808,-0.0171508575428771
"15111","15111",4749,4609,4105,-0.135607496315014
"15112","15112",1568,1617,1617,0.03125
"15113","15113",4560,4247,5121,0.123026315789474
"15114","15114",4917,4133,3977,-0.191173479764084
"15115","15115",1301,1282,1306,0.00384319754035357
"15118","15118",4174,4176,4541,0.0879252515572592
"15119","15119",1494,1494,1373,-0.0809906291834003
"15121","15121",6568,6560,6644,0.0115712545676005
"15122","15122",2628,2466,2456,-0.0654490106544901
"15123","15123",6227,6688,5717,-0.0819013971414806
"15124","15124",1518,1518,1553,0.0230566534914361
"15125","15125",3537,3500,3695,0.0446706248232966
"15127","15127",4633,4251,3664,-0.209151737535074
"15128","15128",7211,7149,6402,-0.112189710165026
"15129","15129",4580,4927,4079,-0.10938864628821
"15130","15130",2814,2818,2499,-0.111940298507463
"15131","15131",2223,2223,2288,0.0292397660818713
"15132","15132",2896,2896,2896,0
"15133","15133",5856,5823,5795,-0.0104166666666667
"15134","15134",7372,7799,7503,0.0177699403147043
"15135","15135",8219,8216,7583,-0.0773816766029931
"15137","15137",4746,4971,5435,0.145174884112937
"15138","15138",4701,4560,4422,-0.0593490746649649
"15140","15140",8684,8961,9377,0.0798019345923538
"15141","15141",3615,3334,3334,-0.077731673582296
"15142","15142",2165,2123,2173,0.00369515011547344
"15143","15143",7653,7644,6587,-0.139291781000915
"15144","15144",7049,6923,6906,-0.0202865654702795
"15145","15145",6362,6328,6301,-0.0095881798176674
"15146","15146",2904,2880,2867,-0.0127410468319559
"15147","15147",3453,3517,3368,-0.0246162757022879
"15148","15148",3008,3586,3336,0.109042553191489
"15149","15149",2447,2480,2472,0.0102165917449939
"15150","15150",7406,7688,7903,0.0671077504725898
"15151","15151",2898,2947,2800,-0.0338164251207729
"15152","15152",5707,5432,5392,-0.05519537410198
"15153","15153",3787,3729,3795,0.00211249009770267
"15154","15154",2319,2375,2184,-0.0582147477360931
"15155","15155",2675,2678,2328,-0.129719626168224
"15156","15156",2212,2215,2215,0.00135623869801085
"15157","15157",3383,2919,2942,-0.130357670706474
"15158","15158",5482,5475,5326,-0.0284567676030646
"15159","15159",1302,1163,1230,-0.0552995391705069
"15162","15162",3643,3643,3643,0
"15163","15163",3066,4147,4422,0.442270058708415
"15164","15164",6051,7510,6386,0.0553627499586845
"15165","15165",3608,4024,3620,0.00332594235033259
"15167","15167",6385,5378,5592,-0.124197337509789
"15168","15168",3087,3224,3269,0.0589569160997732
"15169","15169",3082,2858,3437,0.115184944841012
"15170","15170",9746,9578,10347,0.0616663246460086
"15171","15171",4387,4651,4279,-0.0246181901071347
"15172","15172",5628,5703,5747,0.0211442786069652
"15174","15174",1357,1404,1449,0.0677966101694915
"15175","15175",2307,2334,2355,0.0208062418725618
"19151","19151",2307,2334,2355,0.0208062418725618
"15177","15177",2069,1714,2048,-0.0101498308361527
"15178","15178",4735,4784,4833,0.0206969376979937
"15179","15179",6697,6697,6756,0.00880991488726295
"15180","15180",1474,1475,1474,0
"15181","15181",4329,4803,3858,-0.108801108801109
"15183","15183",2426,2599,2662,0.0972794723825227
"15184","15184",1685,1690,2361,0.401186943620178
"15185","15185",7670,7663,7537,-0.0173402868318123
"15186","15186",3445,3567,3399,-0.0133526850507983
"15187","15187",2656,2632,2522,-0.0504518072289157
"15188","15188",3203,1991,1853,-0.421479862628786
"15189","15189",1905,1979,2308,0.211548556430446
"15190","15190",1035,1452,1452,0.402898550724638
"15191","15191",1688,2077,2077,0.230450236966825
"15193","15193",4219,4462,4171,-0.0113771035790472
"15194","15194",2798,3033,2808,0.00357398141529664
"15195","15195",3070,3055,2925,-0.0472312703583062
"15196","15196",2538,2509,2513,-0.00985027580772262
"15197","15197",2469,2759,2901,0.174969623329283
"15198","15198",1964,2262,1939,-0.0127291242362525
"15199","15199",3676,4303,4333,0.178726877040261
"15200","15200",7408,7539,7745,0.0454913606911447
"15201","15201",14550,14274,14239,-0.0213745704467354
"15202","15202",2935,2935,2915,-0.00681431005110733
"15203","15203",4349,4349,4330,-0.00436882041848701
"15204","15204",5298,5296,5203,-0.0179312948282371
"15205","15205",3855,3865,3742,-0.0293125810635538
"15206","15206",2482,2171,2273,-0.0842062852538276
"15208","15208",5829,5823,5867,0.00651912849545377
"15209","15209",3640,3641,3198,-0.121428571428571
"15210","15210",2766,2765,2752,-0.00506146059291396
"15211","15211",2369,2390,2348,-0.00886449978894048
"18986","18986",2369,2390,2348,-0.00886449978894048
"15212","15212",3228,3195,2884,-0.106567534076828
"15786","15786",3228,3195,2884,-0.106567534076828
"15213","15213",2238,2238,2238,0
"15214","15214",4227,4050,3629,-0.141471492784481
"15215","15215",2925,2913,2958,0.0112820512820513
"15216","15216",3935,3678,3380,-0.141041931385006
"15217","15217",3295,3298,2648,-0.196358118361153
"15218","15218",1738,1738,2393,0.37686996547756
"15219","15219",3081,3099,3114,0.0107108081791626
"15220","15220",2533,2188,3355,0.324516383734702
"15221","15221",3930,3769,3772,-0.0402035623409669
"15223","15223",2343,2346,3080,0.314553990610329
"15224","15224",3437,3823,4270,0.242362525458248
"15225","15225",2195,2190,2190,-0.00227790432801822
"15226","15226",2540,2666,2554,0.00551181102362205
"15227","15227",3025,3057,3099,0.0244628099173554
"15228","15228",5072,5035,4177,-0.176458990536278
"15229","15229",3381,3401,3398,0.00502809819580006
"15230","15230",1553,1553,1553,0
"15232","15232",4856,4422,4763,-0.0191515650741351
"15233","15233",1963,1962,1955,-0.00407539480387163
"15235","15235",3521,3787,3974,0.128656631638739
"15236","15236",1405,1405,1260,-0.103202846975089
"15237","15237",2318,2319,2134,-0.0793787748058671
"15239","15239",3898,3898,3809,-0.0228322216521293
"15241","15241",3398,3398,3233,-0.0485579752795762
"15242","15242",2378,2331,2356,-0.00925147182506308
"15243","15243",2023,2023,2023,0
"15244","15244",957,947,946,-0.0114942528735632
"15245","15245",2484,1813,2449,-0.0140901771336554
"15246","15246",11597,11587,10684,-0.0787272570492369
"15248","15248",2682,2617,2696,0.0052199850857569
"15249","15249",4595,4618,4722,0.0276387377584331
"15250","15250",4224,4311,4758,0.126420454545455
"15251","15251",3418,3420,3330,-0.0257460503218256
"15253","15253",3712,3890,3724,0.00323275862068966
"15254","15254",2364,2364,2540,0.0744500846023689
"15255","15255",1860,1856,1858,-0.0010752688172043
"15256","15256",2988,3085,3026,0.0127175368139224
"15257","15257",1190,1204,1204,0.0117647058823529
"15258","15258",3003,3011,2995,-0.00266400266400266
"15259","15259",1621,1621,1622,0.000616903146206046
"15260","15260",2199,2217,2175,-0.0109140518417462
"15261","15261",13463,14040,13620,0.0116615910272599
"15262","15262",1292,1608,1654,0.280185758513932
"15263","15263",2118,2118,2125,0.00330500472143532
"15264","15264",3964,3989,4018,0.0136226034308779
"15265","15265",1745,1745,1750,0.00286532951289398
"15266","15266",1517,1518,1519,0.001318391562294
"15267","15267",2691,2592,2684,-0.00260126347082869
"15268","15268",944,944,944,0
"15269","15269",5665,5903,5134,-0.0937334510150044
"15270","15270",5645,6040,5671,0.00460584588131089
"15271","15271",1645,1646,1505,-0.0851063829787234
"15272","15272",1533,1534,1534,0.000652315720808871
"15274","15274",3253,3256,3208,-0.013833384568091
"15275","15275",5887,5243,5715,-0.0292169186342789
"15277","15277",1717,1825,1932,0.12521840419336
"15278","15278",6310,6522,5554,-0.119809825673534
"15279","15279",3988,3985,3987,-0.000250752256770311
"16566","16566",3988,3985,3987,-0.000250752256770311
"15282","15282",2083,2073,2063,-0.00960153624579933
"15283","15283",906,906,906,0
"15284","15284",3265,2974,3016,-0.0762633996937213
"15285","15285",3249,3315,3317,0.0209295167743921
"15286","15286",1689,2302,2245,0.329188869153345
"15287","15287",5455,5606,5408,-0.00861594867094409
"15288","15288",2956,3049,3041,0.0287550744248985
"15289","15289",1241,1536,1222,-0.0153102336825141
"15290","15290",5724,5730,5252,-0.0824598183088749
"15291","15291",2537,2695,2288,-0.0981474182104848
"15292","15292",2649,2649,2758,0.0411476028690072
"15293","15293",8499,8148,7063,-0.168961054241675
"15294","15294",3242,2716,2742,-0.154225786551511
"15296","15296",1444,1446,1453,0.00623268698060942
"15297","15297",2260,2281,2664,0.178761061946903
"15298","15298",2169,2169,2166,-0.00138312586445367
"15299","15299",2640,2278,2282,-0.135606060606061
"15300","15300",2573,2804,2716,0.0555771472988729
"15301","15301",1582,1632,1882,0.189633375474083
"15302","15302",4565,3809,3934,-0.138225629791895
"15303","15303",1049,1049,1003,-0.0438512869399428
"15304","15304",2756,2756,2756,0
"15305","15305",3108,3148,3104,-0.00128700128700129
"15306","15306",1767,1764,1834,0.0379173740803622
"15307","15307",914,923,914,0
"15308","15308",1061,1165,990,-0.0669180018850141
"15309","15309",6971,6871,6891,-0.0114761153349591
"15310","15310",1379,2659,1911,0.385786802030457
"15311","15311",2791,2788,2788,-0.00107488355428162
"15312","15312",956,1289,1210,0.265690376569038
"15313","15313",1011,1011,1055,0.0435212660731949
"15314","15314",2269,2202,2194,-0.0330542089026003
"15315","15315",1850,1805,1826,-0.012972972972973
"15317","15317",1162,1151,1165,0.00258175559380379
"15318","15318",4770,5156,4858,0.0184486373165618
"15320","15320",2087,2087,2195,0.0517489218974605
"15321","15321",930,930,504,-0.458064516129032
"15322","15322",978,1075,1100,0.124744376278119
"15325","15325",9552,9443,9148,-0.0422948073701843
"15326","15326",802,802,802,0
"15327","15327",1121,1121,1058,-0.056199821587868
"15328","15328",1716,1573,2046,0.192307692307692
"18743","18743",1716,1573,2046,0.192307692307692
"19885","19885",1716,1573,2046,0.192307692307692
"15329","15329",3992,3993,3993,0.000250501002004008
"15330","15330",6019,6019,5751,-0.0445256687157335
"15331","15331",5305,5121,5646,0.0642789820923657
"15332","15332",1602,1605,1605,0.00187265917602996
"15333","15333",4494,4454,4441,-0.0117935024477081
"15334","15334",2759,3003,2803,0.0159478071765132
"15335","15335",3813,3880,2973,-0.22029897718332
"15336","15336",4113,4251,3924,-0.0459518599562363
"15337","15337",1457,1457,1457,0
"15338","15338",1668,2038,1899,0.138489208633094
"15339","15339",5076,4718,4775,-0.0592986603624902
"15340","15340",14154,14881,13748,-0.0286844708209693
"15341","15341",1956,1956,2168,0.10838445807771
"15342","15342",5545,5493,5541,-0.000721370604147881
"15343","15343",6126,6085,6075,-0.00832517140058766
"15344","15344",1373,1226,1508,0.0983248361252731
"16968","16968",1373,1226,1508,0.0983248361252731
"15345","15345",1985,1983,1983,-0.00100755667506297
"15346","15346",2082,1974,2635,0.265609990393852
"15348","15348",2471,2320,2481,0.00404694455685957
"15349","15349",2150,2151,2151,0.000465116279069767
"15350","15350",14336,14964,13848,-0.0340401785714286
"15351","15351",1818,1767,1503,-0.173267326732673
"15354","15354",2506,2486,2456,-0.019952114924182
"15355","15355",3769,3735,3708,-0.0161846643672062
"15356","15356",6028,5952,5622,-0.0673523556735236
"15357","15357",1124,1124,1124,0
"15358","15358",3075,3392,3107,0.0104065040650407
"15359","15359",2214,2341,2268,0.024390243902439
"15360","15360",4874,5162,4873,-0.000205170291341814
"15361","15361",4815,3641,3773,-0.216407061266874
"15362","15362",1440,1440,1440,0
"15363","15363",2340,2526,2447,0.0457264957264957
"15364","15364",3079,3073,3033,-0.014939915556999
"15365","15365",2660,2656,2483,-0.0665413533834587
"15366","15366",4325,4325,3625,-0.161849710982659
"15367","15367",4122,4121,4128,0.00145560407569141
"15368","15368",6128,6043,5916,-0.0345953002610966
"15369","15369",4264,4366,4365,0.0236866791744841
"15370","15370",1143,1209,1192,0.0428696412948381
"15371","15371",2900,3051,2623,-0.0955172413793103
"15372","15372",5293,5306,5192,-0.019081806159078
"15373","15373",6337,6968,5768,-0.0897901215086003
"15374","15374",2709,2895,2433,-0.10188261351052
"15375","15375",7491,7497,7546,0.00734214390602056
"15376","15376",12731,12725,11281,-0.113895216400911
"15377","15377",4020,4019,4048,0.00696517412935323
"15378","15378",2831,2949,2928,0.0342635111268103
"15379","15379",1743,1989,2230,0.279403327596099
"15380","15380",5452,5432,5365,-0.0159574468085106
"15381","15381",2420,2420,2408,-0.00495867768595041
"15382","15382",2648,2648,2752,0.0392749244712991
"15383","15383",1929,1693,1693,-0.122343182996371
"15385","15385",2911,2980,2695,-0.0742013053933356
"15386","15386",1689,1697,1566,-0.0728241563055062
"15387","15387",4253,4242,4452,0.0467905008229485
"15388","15388",2469,2469,2485,0.00648035641960308
"15389","15389",1595,1604,1510,-0.0532915360501567
"15390","15390",6118,6527,6771,0.106734226871527
"15391","15391",2393,2336,2313,-0.0334308399498537
"15392","15392",1820,1572,1556,-0.145054945054945
"15393","15393",1024,1387,1387,0.3544921875
"15394","15394",4756,3261,3261,-0.314339781328848
"15395","15395",2966,2962,2962,-0.00134861766689144
"15396","15396",4769,5041,5267,0.104424407632627
"15397","15397",4660,5254,5256,0.127896995708154
"15398","15398",4796,4575,4484,-0.0650542118432027
"15399","15399",3689,3626,3320,-0.10002710761724
"15400","15400",4113,4113,4115,0.000486263068319961
"15402","15402",3220,3220,3220,0
"15403","15403",7700,7551,7474,-0.0293506493506493
"15405","15405",2846,3429,3450,0.212227687983134
"15406","15406",6842,6320,6049,-0.115901783104355
"15407","15407",963,1189,1418,0.472481827622015
"15408","15408",4386,4431,4688,0.0688554491564067
"18371","18371",4386,4431,4688,0.0688554491564067
"15409","15409",4650,4739,4727,0.0165591397849462
"15410","15410",1551,1549,1902,0.226305609284333
"15411","15411",1342,1399,1342,0
"15412","15412",1655,1655,1712,0.0344410876132931
"15413","15413",1229,1382,1296,0.0545158665581774
"15414","15414",948,1389,1298,0.369198312236287
"15415","15415",13032,13231,12810,-0.0170349907918969
"15416","15416",5287,4714,4618,-0.12653678834878
"15417","15417",4587,4587,4309,-0.0606060606060606
"15418","15418",4648,5020,4652,0.000860585197934596
"15420","15420",1873,1873,1677,-0.104644954618259
"15421","15421",4835,4799,5821,0.203929679420889
"15423","15423",2527,2526,2525,-0.000791452314998021
"15424","15424",5747,6055,5536,-0.03671480772577
"15425","15425",2961,2927,2592,-0.124620060790274
"15426","15426",3416,2967,1942,-0.431498829039813
"15427","15427",2135,2113,2190,0.0257611241217799
"15428","15428",988,1257,1225,0.239878542510121
"16186","16186",988,1257,1225,0.239878542510121
"15429","15429",4096,4101,3936,-0.0390625
"15430","15430",2502,2497,2497,-0.00199840127897682
"19122","19122",2502,2497,2497,-0.00199840127897682
"15431","15431",1904,1884,1861,-0.0225840336134454
"15432","15432",1449,1551,1861,0.284334023464458
"15433","15433",3103,3408,3151,0.0154689010634869
"15434","15434",4072,4122,4202,0.0319253438113949
"15435","15435",3310,3260,3126,-0.0555891238670695
"15436","15436",4017,4019,4078,0.0151854617874035
"15437","15437",2714,2684,2772,0.0213706705969049
"15438","15438",2536,2570,2537,0.000394321766561514
"15439","15439",6103,6040,5273,-0.135998689169261
"15440","15440",1655,1655,1860,0.123867069486405
"15441","15441",9546,9998,9737,0.0200083804734968
"15444","15444",7296,7476,7783,0.0667489035087719
"15445","15445",1363,1202,1164,-0.146001467351431
"15446","15446",3847,4381,3445,-0.104497010657655
"15447","15447",4096,4243,4239,0.034912109375
"15448","15448",2255,1662,1748,-0.224833702882483
"15449","15449",2729,2730,2832,0.0377427629168193
"15450","15450",3983,3982,3971,-0.00301280441877981
"15451","15451",3213,3595,3228,0.00466853408029879
"15452","15452",2248,1734,1755,-0.219306049822064
"15453","15453",2122,2122,2267,0.0683317624882187
"15454","15454",9112,9973,9745,0.069468832309043
"15455","15455",2189,1826,1826,-0.165829145728643
"15456","15456",1740,1740,1808,0.0390804597701149
"15457","15457",3378,3198,2972,-0.120189461219657
"15458","15458",1111,1110,1110,-0.0009000900090009
"15459","15459",5424,5864,5240,-0.0339233038348083
"15460","15460",3468,3461,3430,-0.010957324106113
"16920","16920",3468,3461,3430,-0.010957324106113
"15461","15461",3412,3412,3298,-0.033411488862837
"15462","15462",4278,4274,4074,-0.0476858345021038
"15463","15463",3185,3827,4038,0.267817896389325
"15464","15464",4194,3456,4141,-0.0126371006199332
"15465","15465",2052,2137,2136,0.0409356725146199
"15466","15466",1232,1198,1158,-0.0600649350649351
"15467","15467",4020,4053,3266,-0.187562189054726
"15468","15468",5413,5497,5393,-0.00369480879364493
"15469","15469",2132,2092,2068,-0.0300187617260788
"15470","15470",3724,3665,4185,0.123791621911923
"15471","15471",4792,4793,4622,-0.0354757929883139
"15472","15472",2596,2776,2969,0.143682588597843
"15473","15473",1161,1148,1148,-0.0111972437553833
"15474","15474",6530,6457,6260,-0.0413476263399694
"15475","15475",1160,1152,1152,-0.00689655172413793
"15476","15476",2129,2135,2132,0.00140911225927666
"15477","15477",5008,4632,4694,-0.0626996805111821
"15479","15479",3309,3216,3414,0.0317316409791478
"15480","15480",3175,3175,3175,0
"15481","15481",4393,4393,4839,0.10152515365354
"15482","15482",11632,10505,10752,-0.0756533700137552
"15483","15483",8116,8126,7085,-0.127033021192706
"15484","15484",5090,5089,4327,-0.149901768172888
"15485","15485",2776,2758,2692,-0.0302593659942363
"15486","15486",2555,2461,2461,-0.0367906066536203
"15487","15487",3336,3336,4842,0.451438848920863
"15488","15488",2916,3027,2989,0.0250342935528121
"15489","15489",6638,6622,7152,0.0774329617354625
"15490","15490",3325,3325,3262,-0.0189473684210526
"15492","15492",2701,2699,2308,-0.145501666049611
"15493","15493",2348,1847,1847,-0.213373083475298
"15494","15494",2628,2605,2605,-0.00875190258751903
"15495","15495",1860,1818,1668,-0.103225806451613
"15496","15496",3939,3632,3783,-0.0396039603960396
"15498","15498",3979,4010,3292,-0.172656446343302
"15499","15499",2380,3272,2420,0.0168067226890756
"15500","15500",1813,1806,1806,-0.00386100386100386
"15501","15501",1922,1922,1902,-0.0104058272632674
"17403","17403",1922,1922,1902,-0.0104058272632674
"15502","15502",2248,2248,2248,0
"15504","15504",3651,3697,3461,-0.0520405368392221
"15505","15505",3158,3156,3161,0.000949968334388854
"15506","15506",1102,1225,1270,0.152450090744102
"15507","15507",8929,8905,9001,0.00806361294657857
"15508","15508",2212,1891,1894,-0.14376130198915
"15509","15509",2632,2675,2706,0.0281155015197568
"15510","15510",1878,1878,2607,0.388178913738019
"15511","15511",2335,2355,2489,0.0659528907922912
"15512","15512",2556,2557,2557,0.000391236306729264
"15513","15513",1447,1447,1337,-0.0760193503800967
"15514","15514",4006,4772,4320,0.0783824263604593
"15515","15515",4538,4538,4579,0.00903481710004407
"15516","15516",2417,2420,2252,-0.0682664460074472
"15517","15517",2683,2683,2684,0.000372717107715244
"15519","15519",4640,4642,4505,-0.0290948275862069
"15521","15521",4602,4601,3996,-0.131681877444589
"15522","15522",4169,4170,4304,0.0323818661549532
"15523","15523",5825,5253,4936,-0.152618025751073
"15524","15524",3413,3461,3479,0.0193378259595664
"15526","15526",10976,10908,10703,-0.0248724489795918
"15527","15527",1935,1919,2593,0.340051679586563
"15529","15529",4383,4425,4390,0.00159707962582706
"15530","15530",1624,1624,1534,-0.0554187192118227
"15532","15532",1572,1515,1538,-0.0216284987277354
"17859","17859",1572,1515,1538,-0.0216284987277354
"15533","15533",2213,2237,2375,0.0732037957523723
"15534","15534",4554,4783,5026,0.103645147123408
"15535","15535",3017,3066,3168,0.0500497182631753
"15538","15538",2518,2502,2481,-0.0146942017474186
"15539","15539",1783,1794,1925,0.0796410544026921
"15540","15540",10235,10235,10299,0.00625305324865657
"15541","15541",4779,4779,4639,-0.0292948315547186
"15542","15542",1204,1217,1186,-0.0149501661129568
"15965","15965",1204,1217,1186,-0.0149501661129568
"15543","15543",3188,3249,3382,0.0608531994981179
"15544","15544",2651,2611,3177,0.198415692191626
"15545","15545",4563,4855,4288,-0.0602673679596757
"15546","15546",3543,3532,3422,-0.0341518487157776
"15547","15547",1248,1038,1041,-0.165865384615385
"15548","15548",984,1008,1007,0.0233739837398374
"15549","15549",6597,6377,6346,-0.0380475973927543
"15550","15550",1787,1756,1681,-0.0593172915500839
"15551","15551",3853,4209,4255,0.104334284972749
"15552","15552",1459,1366,1332,-0.0870459218642906
"15553","15553",1678,1658,1663,-0.00893921334922527
"16424","16424",1678,1658,1663,-0.00893921334922527
"15554","15554",8708,9410,9879,0.134474046853468
"15555","15555",3538,3538,2056,-0.41888072357264
"15556","15556",2036,2518,2349,0.153732809430255
"15557","15557",4254,3446,3446,-0.189938881053126
"15558","15558",2582,2583,2586,0.00154918667699458
"15559","15559",4508,4464,4430,-0.0173025732031943
"15560","15560",3180,2732,2732,-0.140880503144654
"15561","15561",5894,5985,5961,0.0113674923651171
"15562","15562",2378,2522,2356,-0.00925147182506308
"15563","15563",3742,3746,3397,-0.0921966862640299
"15564","15564",1824,2294,2294,0.257675438596491
"15565","15565",5410,5410,5411,0.000184842883548983
"15566","15566",2730,2765,2773,0.0157509157509158
"15567","15567",6360,6511,6320,-0.00628930817610063
"15568","15568",3058,3058,3023,-0.0114453891432309
"15570","15570",2063,2121,2098,0.016965584100824
"15571","15571",1304,1329,1329,0.0191717791411043
"18652","18652",1304,1329,1329,0.0191717791411043
"15572","15572",1934,1980,1976,0.0217166494312306
"15573","15573",4743,5646,5410,0.140628294328484
"15574","15574",4672,4651,4278,-0.0843321917808219
"15575","15575",1576,1578,1581,0.00317258883248731
"15576","15576",3439,3660,3660,0.0642628671125327
"15577","15577",2836,2836,2984,0.0521861777150917
"15578","15578",6420,6358,5661,-0.118224299065421
"15579","15579",3284,3221,3225,-0.0179658952496955
"15580","15580",3618,3698,4006,0.107241569928137
"15581","15581",3978,3971,3701,-0.0696329813976873
"15583","15583",1076,1125,1125,0.0455390334572491
"15585","15585",1782,1783,1642,-0.0785634118967452
"15586","15586",2248,2372,1862,-0.171708185053381
"15587","15587",2560,2466,2295,-0.103515625
"15588","15588",9895,9890,10709,0.0822637695805963
"15589","15589",4064,4063,4327,0.0647145669291339
"15590","15590",2912,2938,3391,0.164491758241758
"15591","15591",3952,4048,3839,-0.0285931174089069
"15592","15592",2226,2189,2201,-0.0112309074573226
"15593","15593",2069,2651,2866,0.385210246495892
"15594","15594",9569,9950,10036,0.0488034277353955
"15596","15596",1657,1686,1679,0.0132770066385033
"15597","15597",2250,2250,2250,0
"15598","15598",3244,3291,3787,0.167385943279901
"15599","15599",7639,6877,6676,-0.126063620892787
"15600","15600",1905,1905,1965,0.031496062992126
"15601","15601",4348,4349,3355,-0.228380864765409
"15603","15603",2053,2053,2019,-0.0165611300535801
"15604","15604",1594,1618,1748,0.0966122961104141
"15605","15605",4851,5546,5150,0.0616367759224902
"15606","15606",2241,2241,2241,0
"15607","15607",1778,2054,2118,0.191226096737908
"15609","15609",3272,3272,3597,0.0993276283618582
"15610","15610",3418,3275,2589,-0.242539496781744
"15611","15611",4380,5620,5145,0.174657534246575
"15613","15613",2227,2228,2238,0.00493938033228559
"15614","15614",3703,4498,3296,-0.109910883067783
"15615","15615",6498,6489,5369,-0.173745767928593
"15616","15616",4974,4290,4174,-0.160836349014877
"15617","15617",4227,4236,3738,-0.115684882895671
"15618","15618",5403,5202,5717,0.0581158615583935
"15619","15619",5059,5054,5031,-0.00553469065032615
"15620","15620",3055,3092,2734,-0.105073649754501
"15621","15621",2138,2135,2316,0.0832553788587465
"15622","15622",4334,4531,4200,-0.0309183202584218
"15623","15623",1785,1783,1780,-0.00280112044817927
"15624","15624",2409,2473,2353,-0.0232461602324616
"15626","15626",4478,4442,4239,-0.0533720410897722
"15627","15627",5511,5648,6393,0.160043549265106
"15628","15628",4909,4778,4238,-0.136687716439193
"15629","15629",3173,3230,3230,0.0179640718562874
"15630","15630",1670,1723,1723,0.0317365269461078
"15631","15631",1638,1605,1657,0.0115995115995116
"15632","15632",3338,3338,3319,-0.00569203115638107
"15633","15633",3822,4385,4354,0.139194139194139
"15634","15634",4872,4623,4850,-0.00451559934318555
"15635","15635",4107,3903,3905,-0.0491843194545897
"15636","15636",1750,1750,1703,-0.0268571428571429
"15637","15637",2151,2605,2561,0.190609019060902
"15638","15638",3788,3764,3752,-0.00950369588173178
"15639","15639",7140,7084,7116,-0.00336134453781513
"15640","15640",2468,2998,2881,0.167341977309562
"15641","15641",5516,6222,5427,-0.0161348803480783
"15642","15642",3842,3367,3407,-0.113222280062467
"15643","15643",5123,5125,5149,0.00507515127854773
"15644","15644",9561,9779,9093,-0.0489488547223094
"15646","15646",2224,2327,2070,-0.0692446043165468
"15647","15647",1774,1774,1497,-0.156144306651635
"15648","15648",5357,4943,4967,-0.0728019413851036
"15650","15650",4454,4372,2962,-0.334979793444095
"15651","15651",2390,2390,2387,-0.00125523012552301
"15652","15652",3273,2215,2222,-0.32111212954476
"15653","15653",2706,2706,2707,0.000369549150036955
"15654","15654",2015,2392,2015,0
"15655","15655",935,922,1048,0.120855614973262
"15656","15656",3763,3762,3286,-0.126760563380282
"15657","15657",6429,6599,6867,0.0681287914139057
"15658","15658",3639,3255,3355,-0.0780434185215719
"15659","15659",3495,3351,3163,-0.0949928469241774
"15660","15660",2319,2063,2163,-0.0672703751617076
"15661","15661",1986,1836,1776,-0.105740181268882
"15663","15663",6369,5846,5906,-0.0726958706233318
"15664","15664",3090,3286,3286,0.0634304207119741
"15665","15665",4792,4786,4841,0.0102253756260434
"15666","15666",1500,1899,1898,0.265333333333333
"15667","15667",1602,1342,1379,-0.139200998751561
"15668","15668",1717,1791,1873,0.0908561444379732
"15669","15669",1105,1054,1056,-0.0443438914027149
"15670","15670",4868,4868,4313,-0.114009860312243
"15671","15671",6627,6651,6630,0.000452693526482571
"15672","15672",1109,1109,1161,0.0468890892696123
"15673","15673",1478,2101,2382,0.611637347767253
"15674","15674",1152,1676,1491,0.294270833333333
"15675","15675",5792,5858,4339,-0.250863259668508
"15676","15676",2427,2494,2697,0.111248454882571
"15677","15677",2556,1913,1834,-0.282472613458529
"15679","15679",3353,2380,2524,-0.247241276468834
"15680","15680",2595,2906,2906,0.119845857418112
"15681","15681",1288,1284,1284,-0.0031055900621118
"15684","15684",1098,1098,1095,-0.00273224043715847
"15685","15685",2823,2976,2970,0.0520722635494155
"15686","15686",1688,1763,1768,0.0473933649289099
"15687","15687",2741,2453,3562,0.299525720539949
"15688","15688",6204,6308,6183,-0.00338491295938104
"15689","15689",3085,3023,3027,-0.0188006482982172
"15690","15690",1309,1724,1639,0.252100840336134
"15691","15691",1236,1236,1257,0.0169902912621359
"18040","18040",1236,1236,1257,0.0169902912621359
"15692","15692",2059,2059,2064,0.00242836328314716
"15693","15693",2200,1872,2065,-0.0613636363636364
"17150","17150",2200,1872,2065,-0.0613636363636364
"15694","15694",5737,5739,5591,-0.0254488408575911
"15696","15696",4880,5305,4966,0.0176229508196721
"15697","15697",3513,3513,3483,-0.0085397096498719
"15698","15698",1503,1304,1308,-0.129740518962076
"15699","15699",4529,4533,4566,0.00816957385736366
"15700","15700",3143,3143,3175,0.0101813553929367
"15701","15701",2092,2509,2505,0.197418738049713
"15702","15702",7555,7539,7753,0.0262078093977498
"15703","15703",3020,3020,1842,-0.390066225165563
"15704","15704",3599,3588,3611,0.00333425951653237
"15705","15705",1585,1591,1650,0.0410094637223975
"15706","15706",2965,3269,3124,0.0536256323777403
"15707","15707",3371,3373,2964,-0.12073568673984
"15708","15708",1549,1800,1900,0.226597805035507
"15709","15709",3537,3475,3194,-0.0969748374328527
"15710","15710",1453,1467,1467,0.00963523743977977
"15712","15712",2099,2006,2029,-0.0333492139113864
"15714","15714",11013,11064,11366,0.0320530282393535
"15715","15715",4785,4520,4443,-0.0714733542319749
"15716","15716",2688,2325,3328,0.238095238095238
"15717","15717",2701,2701,2410,-0.107737874861163
"15718","15718",1287,1699,1699,0.32012432012432
"15719","15719",3203,3114,3228,0.00780518264127381
"15720","15720",2649,2668,2577,-0.0271800679501699
"15721","15721",7212,6233,5838,-0.190515806988353
"15722","15722",5916,6199,5835,-0.0136916835699797
"15723","15723",6704,6703,6441,-0.0392303102625298
"15725","15725",4543,3659,4537,-0.00132071318511996
"15726","15726",3412,3391,3366,-0.0134818288393904
"15727","15727",2748,2741,2712,-0.0131004366812227
"15728","15728",1823,1886,1753,-0.0383982446516731
"15729","15729",4752,5241,5106,0.0744949494949495
"15731","15731",3586,3618,3402,-0.0513106525376464
"15732","15732",3436,3949,3289,-0.0427823050058207
"15733","15733",3503,3516,3451,-0.0148444190693691
"15734","15734",2112,2455,2469,0.169034090909091
"15735","15735",3484,3399,3946,0.132606199770379
"15737","15737",1237,1245,1251,0.0113177041228779
"15738","15738",3840,3672,3669,-0.04453125
"15739","15739",4616,4546,4888,0.0589254766031196
"15740","15740",2365,2016,1939,-0.180126849894292
"15741","15741",2594,3654,3530,0.360832690824981
"15742","15742",3497,3506,3493,-0.00114383757506434
"15743","15743",5055,4792,4742,-0.0619188921859545
"15744","15744",4138,4142,4144,0.0014499758337361
"15745","15745",4327,4232,3798,-0.122255604344812
"15746","15746",3951,3767,3333,-0.156416097190585
"15747","15747",4131,4131,2570,-0.377874606632777
"15748","15748",4898,5032,5087,0.0385871784401797
"15749","15749",3719,3715,3880,0.043291207313794
"15750","15750",4437,4434,4462,0.00563443768311922
"15751","15751",2264,2259,1975,-0.127650176678445
"18707","18707",2264,2259,1975,-0.127650176678445
"15752","15752",3441,3543,3542,0.029351932577739
"15753","15753",3489,4238,4536,0.300085984522786
"15754","15754",1236,1236,1260,0.0194174757281553
"15755","15755",1175,1371,1127,-0.0408510638297872
"17159","17159",1175,1371,1127,-0.0408510638297872
"18372","18372",1175,1371,1127,-0.0408510638297872
"15756","15756",4582,3580,3587,-0.217154081187254
"15759","15759",3869,3774,2743,-0.291031274231067
"15760","15760",5592,5445,4912,-0.121602288984263
"15761","15761",1516,1360,1316,-0.131926121372032
"15762","15762",3714,3754,3474,-0.0646203554119548
"15763","15763",3963,3929,3870,-0.0234670704012112
"15764","15764",6655,6654,6632,-0.00345604808414726
"15768","15768",2688,2688,2752,0.0238095238095238
"15769","15769",6269,6259,6005,-0.0421119795820705
"15770","15770",3767,3926,3242,-0.139368197504646
"15771","15771",4868,3969,4810,-0.0119145439605588
"15772","15772",4134,4148,4147,0.00314465408805031
"15773","15773",4450,3930,4362,-0.0197752808988764
"15774","15774",4329,4331,4299,-0.00693000693000693
"15775","15775",1496,1496,1483,-0.00868983957219251
"15776","15776",4586,4435,4718,0.0287832533798517
"15777","15777",2987,2756,3151,0.0549045865416806
"15778","15778",1703,1703,1698,-0.00293599530240752
"15779","15779",5746,6171,5526,-0.0382875043508528
"15780","15780",1359,1354,1303,-0.0412067696835909
"15781","15781",8163,9113,7919,-0.0298909714565723
"15782","15782",1878,1721,1822,-0.0298189563365282
"16740","16740",1878,1721,1822,-0.0298189563365282
"15783","15783",1948,1948,2257,0.158624229979466
"15785","15785",5146,5155,5138,-0.00155460551884959
"15787","15787",1802,1765,1741,-0.0338512763596004
"15788","15788",1823,1967,2193,0.202962150301701
"15789","15789",3541,3981,4171,0.177915842982208
"15790","15790",5250,4958,5095,-0.0295238095238095
"15791","15791",1576,1577,1577,0.000634517766497462
"15792","15792",1932,1923,2048,0.0600414078674948
"15793","15793",4152,4090,3946,-0.0496146435452794
"15794","15794",3533,3533,3531,-0.000566091140673648
"15795","15795",2760,2897,2930,0.0615942028985507
"15796","15796",3667,3613,3587,-0.0218161985274066
"15797","15797",1667,1667,1844,0.106178764247151
"15798","15798",2712,2712,1826,-0.32669616519174
"15799","15799",1289,1289,1289,0
"15801","15801",5252,5238,5140,-0.0213252094440213
"15802","15802",3512,3544,3544,0.00911161731207289
"15803","15803",3240,3430,3459,0.0675925925925926
"15804","15804",2982,2990,2506,-0.15962441314554
"15806","15806",2537,2553,2553,0.00630666141111549
"15807","15807",5217,5036,4632,-0.11213341000575
"15808","15808",3570,3734,3586,0.00448179271708683
"15809","15809",1405,1301,1752,0.246975088967972
"15810","15810",6800,6803,6420,-0.0558823529411765
"15811","15811",2873,2872,2448,-0.14792899408284
"15813","15813",907,903,903,-0.00441014332965821
"15814","15814",745,759,759,0.0187919463087248
"15817","15817",3926,3916,3823,-0.0262353540499236
"15818","15818",2411,2411,2472,0.0253007051016176
"15819","15819",7641,7640,7551,-0.0117785630153121
"15820","15820",4409,3425,4042,-0.0832388296665911
"15822","15822",2049,2049,2049,0
"15823","15823",3446,3446,2276,-0.339524085896692
"15824","15824",1878,1878,1878,0
"15825","15825",963,963,978,0.0155763239875389
"15826","15826",5120,5543,5411,0.0568359375
"15827","15827",2381,2390,2359,-0.00923981520369593
"15828","15828",1772,1865,1865,0.0524830699774266
"15829","15829",2163,2163,2110,-0.0245030050855294
"15832","15832",1566,1718,1672,0.0676883780332056
"15833","15833",4615,4564,4245,-0.0801733477789816
"15834","15834",3745,3745,3771,0.00694259012016021
"15835","15835",2530,2737,2232,-0.117786561264822
"15836","15836",3270,2617,2597,-0.205810397553517
"15838","15838",1654,1654,1652,-0.00120918984280532
"15839","15839",986,960,960,-0.026369168356998
"15840","15840",2078,2084,1959,-0.0572666025024062
"15841","15841",1886,1898,1911,0.0132555673382821
"16442","16442",1886,1898,1911,0.0132555673382821
"15842","15842",4606,4606,4602,-0.000868432479374729
"15843","15843",2573,2726,2482,-0.0353672755538282
"15844","15844",3176,3380,2987,-0.0595088161209068
"15845","15845",1133,1133,1133,0
"15846","15846",2108,1815,1896,-0.100569259962049
"15849","15849",1436,1383,1441,0.00348189415041783
"15850","15850",3760,3308,3375,-0.102393617021277
"15851","15851",3898,5493,4663,0.196254489481786
"15852","15852",2890,3165,3265,0.129757785467128
"15853","15853",1139,1139,1363,0.196663740122915
"15854","15854",2999,3032,3245,0.0820273424474825
"15855","15855",6812,6810,6038,-0.113623018203171
"15857","15857",2003,2371,2372,0.184223664503245
"15858","15858",3253,3254,3254,0.000307408545957578
"15859","15859",6019,6360,6504,0.0805781691310849
"15861","15861",2568,2640,2716,0.0576323987538941
"15862","15862",7199,7550,7192,-0.000972357271843312
"15863","15863",1545,1545,1576,0.0200647249190939
"15864","15864",3178,3019,2959,-0.0689112649465072
"17408","17408",3178,3019,2959,-0.0689112649465072
"15866","15866",4434,4561,4364,-0.015787099684258
"15867","15867",3242,3244,2029,-0.374151758173967
"19333","19333",3242,3244,2029,-0.374151758173967
"15868","15868",4739,4835,4135,-0.127453049166491
"15869","15869",5287,5310,5513,0.0427463589937583
"15870","15870",1435,1435,1435,0
"15871","15871",842,709,664,-0.211401425178147
"15872","15872",4679,4745,4727,0.0102586022654413
"15873","15873",2972,3481,3892,0.309555854643338
"15874","15874",934,934,934,0
"15876","15876",4548,4547,4242,-0.0672823218997362
"15877","15877",8461,8543,10186,0.203876610329748
"15878","15878",4215,4336,3175,-0.246737841043891
"15879","15879",1192,1177,1239,0.0394295302013423
"15880","15880",5579,5579,4763,-0.146262771105933
"15883","15883",3151,3268,3144,-0.00222151697873691
"15884","15884",1486,1487,1487,0.000672947510094213
"15885","15885",5068,5048,4999,-0.0136148382004736
"15886","15886",4262,4337,3852,-0.0961989676208353
"15887","15887",2186,2177,2311,0.0571820677035682
"15888","15888",2652,3044,3226,0.216440422322775
"15889","15889",1656,1562,1680,0.0144927536231884
"15890","15890",1789,1785,1785,-0.00223588596981554
"19038","19038",1789,1785,1785,-0.00223588596981554
"15891","15891",2458,2443,2537,0.032139951179821
"15893","15893",3511,3570,3550,0.0111079464540017
"15894","15894",2458,2737,2638,0.0732302685109845
"15895","15895",8993,9668,9502,0.0565995774491271
"15896","15896",1467,1468,1541,0.0504430811179277
"15897","15897",3196,2909,2984,-0.0663329161451815
"15898","15898",6508,6696,5594,-0.140442532267978
"15899","15899",1746,1744,1919,0.0990836197021764
"15900","15900",2024,2727,1970,-0.0266798418972332
"15901","15901",1944,1839,2045,0.0519547325102881
"15902","15902",3474,3452,3429,-0.0129533678756477
"15903","15903",2849,2849,2706,-0.0501930501930502
"15904","15904",4139,4245,3948,-0.0461464121768543
"15905","15905",1763,2049,1971,0.117980714690868
"15906","15906",898,898,902,0.0044543429844098
"15907","15907",2437,2437,2662,0.0923266311038162
"15908","15908",4568,4556,4518,-0.0109457092819615
"15909","15909",2200,2165,2306,0.0481818181818182
"15910","15910",1965,2041,1963,-0.00101781170483461
"15911","15911",2427,1471,1471,-0.393901936547178
"15912","15912",727,693,834,0.147180192572215
"15913","15913",2250,2251,2286,0.016
"15914","15914",4452,4494,4008,-0.0997304582210243
"15916","15916",4050,4049,3853,-0.048641975308642
"15918","15918",1531,1620,1681,0.0979751796211626
"15919","15919",4830,4744,4686,-0.0298136645962733
"15920","15920",4838,4896,4691,-0.0303844563869368
"15921","15921",10780,10780,9746,-0.0959183673469388
"15922","15922",1344,1349,1328,-0.0119047619047619
"15923","15923",2839,3106,2776,-0.0221909122930609
"15924","15924",4969,5028,4904,-0.0130811028375931
"15925","15925",5035,5062,4974,-0.0121151936444886
"15926","15926",991,992,992,0.00100908173562059
"15927","15927",3770,3776,3577,-0.0511936339522546
"15928","15928",1600,1574,1574,-0.01625
"15929","15929",7437,8369,8331,0.120209762000807
"15931","15931",7478,7471,7142,-0.0449317999465098
"15932","15932",3109,2889,2889,-0.0707623029913155
"15933","15933",4235,4277,5029,0.187485242030697
"15934","15934",6294,6204,6177,-0.0185891325071497
"15935","15935",6401,6501,6311,-0.0140603030776441
"15936","15936",9033,9160,8962,-0.00786006863721909
"15937","15937",1552,1494,1494,-0.0373711340206186
"15938","15938",3429,3494,3577,0.0431612715077282
"19250","19250",3429,3494,3577,0.0431612715077282
"15939","15939",2263,2263,2257,-0.00265134776844896
"15941","15941",2831,2348,2280,-0.194630872483221
"15942","15942",7001,6987,7698,0.0995572061134124
"15943","15943",3026,2783,3049,0.00760079312623926
"15944","15944",1332,1332,1343,0.00825825825825826
"15945","15945",5462,3844,3921,-0.282131087513731
"15946","15946",2242,2201,2177,-0.0289919714540589
"15947","15947",795,795,828,0.0415094339622641
"15948","15948",3483,3708,3698,0.0617283950617284
"15949","15949",6869,6393,6359,-0.0742466152278352
"15950","15950",2382,2330,2375,-0.00293870696893367
"17878","17878",2382,2330,2375,-0.00293870696893367
"15951","15951",4222,4191,3761,-0.109189957366177
"15952","15952",691,691,733,0.060781476121563
"15953","15953",2151,2162,1850,-0.139934913993491
"15954","15954",7497,7492,7293,-0.0272108843537415
"15955","15955",4292,4702,4112,-0.0419384902143523
"15956","15956",1199,1199,1199,0
"15957","15957",2188,2206,2170,-0.00822669104204753
"15958","15958",502,586,508,0.0119521912350598
"15959","15959",6393,5856,6008,-0.0602221179414985
"15961","15961",5714,5599,5213,-0.0876793839691985
"15962","15962",3053,3588,3617,0.184736324926302
"15964","15964",4205,4483,4254,0.0116527942925089
"15967","15967",1595,1594,1593,-0.00125391849529781
"15968","15968",3475,3556,3494,0.00546762589928058
"15969","15969",1144,1204,1186,0.0367132867132867
"15970","15970",2293,2290,2554,0.113824683820323
"15971","15971",3241,3401,3430,0.0583153347732181
"15972","15972",3546,2590,2495,-0.29639029892837
"15974","15974",2242,2247,2195,-0.0209634255129349
"15975","15975",7934,7772,7829,-0.0132341820015125
"15976","15976",3315,3312,3313,-0.000603318250377074
"15977","15977",3294,3294,3263,-0.00941105039465695
"15978","15978",1819,1836,1731,-0.0483782297965915
"15979","15979",3176,3100,3167,-0.00283375314861461
"15980","15980",6543,6539,7700,0.176830200213969
"15982","15982",3350,3445,3318,-0.00955223880597015
"15983","15983",3013,2785,3227,0.0710255559243279
"15984","15984",2985,2903,3094,0.0365159128978224
"15986","15986",1842,1842,1792,-0.0271444082519001
"15987","15987",1827,1803,1556,-0.148330596606459
"18761","18761",1827,1803,1556,-0.148330596606459
"15988","15988",3509,3434,3786,0.0789398689085209
"15989","15989",1408,1408,1090,-0.225852272727273
"15990","15990",3737,3737,3737,0
"15992","15992",965,1031,1029,0.0663212435233161
"15993","15993",7013,7006,6779,-0.0333666048766576
"15994","15994",1662,2389,2449,0.47352587244284
"15995","15995",4164,4164,3959,-0.0492315081652257
"15996","15996",6728,8195,7698,0.144173602853746
"15997","15997",4299,3181,3211,-0.253082112119097
"15998","15998",4465,4786,4646,0.0405375139977604
"16000","16000",2181,2215,2200,0.00871160018340211
"16001","16001",968,969,969,0.00103305785123967
"16002","16002",1616,1836,1599,-0.010519801980198
"16003","16003",8508,9331,8529,0.00246826516220028
"16004","16004",1237,1242,1445,0.168148746968472
"16005","16005",2728,2333,2507,-0.0810117302052786
"16006","16006",2758,2796,2739,-0.00688905003625816
"16007","16007",1669,1669,1635,-0.0203714799281007
"16008","16008",658,675,514,-0.218844984802432
"16009","16009",1770,1786,1785,0.00847457627118644
"16010","16010",5041,5013,4993,-0.00952192025391787
"16011","16011",2601,1943,1900,-0.269511726259131
"16012","16012",4303,3532,4000,-0.0704159888449919
"16013","16013",4028,4028,3990,-0.00943396226415094
"16014","16014",3377,3861,3663,0.0846905537459283
"16015","16015",1938,1938,1938,0
"16016","16016",3271,3310,3510,0.0730663405686334
"16017","16017",3752,4446,4210,0.122068230277185
"16018","16018",4292,4627,4567,0.0640726933830382
"16019","16019",3651,2836,2921,-0.199945220487538
"16020","16020",2387,2386,2492,0.0439882697947214
"16021","16021",5389,5382,5112,-0.051401002041195
"16022","16022",5661,5416,5645,-0.00282635576753224
"16023","16023",5242,5250,4773,-0.0894696680656238
"16024","16024",5426,5412,4515,-0.167895318835238
"16025","16025",2206,2206,2202,-0.00181323662737987
"16026","16026",2012,1218,1241,-0.383200795228628
"16027","16027",2469,2428,2497,0.0113406237343054
"16028","16028",2585,2561,2562,-0.00889748549323017
"16029","16029",1517,1529,1513,-0.002636783124588
"16030","16030",3086,3593,3746,0.213869086195723
"16031","16031",2776,2753,2725,-0.018371757925072
"16032","16032",5948,5938,5767,-0.0304303967720242
"16033","16033",3218,3429,3458,0.074580484773151
"16034","16034",2248,2312,2200,-0.0213523131672598
"16035","16035",2150,2230,2423,0.126976744186047
"16036","16036",2723,2258,2486,-0.0870363569592361
"16037","16037",1196,1495,1448,0.210702341137124
"16038","16038",2136,2129,2390,0.118913857677903
"16039","16039",1652,1358,1353,-0.180992736077482
"16040","16040",2075,2054,1938,-0.0660240963855422
"16041","16041",5376,4845,4746,-0.1171875
"16042","16042",3368,3368,3368,0
"16044","16044",2174,2286,2040,-0.0616375344986201
"16045","16045",4734,4768,4742,0.00168990283058724
"16046","16046",3530,3368,3279,-0.0711048158640227
"16047","16047",5822,6177,5465,-0.0613191343181037
"16048","16048",1406,1386,1582,0.125177809388336
"16049","16049",3774,3774,4300,0.139374668786433
"16050","16050",4592,4520,4014,-0.125871080139373
"16051","16051",7830,8086,8173,0.0438058748403576
"16052","16052",1320,1320,1602,0.213636363636364
"16053","16053",4140,4094,4094,-0.0111111111111111
"16054","16054",1731,1731,1940,0.120739456961294
"16055","16055",5274,4990,5634,0.068259385665529
"16056","16056",10925,11472,10365,-0.0512585812356979
"16059","16059",1347,1631,1305,-0.0311804008908686
"16060","16060",1714,1717,1719,0.0029171528588098
"16061","16061",2464,2473,2677,0.0864448051948052
"16062","16062",7052,6953,6472,-0.0822461712989223
"16063","16063",2116,2193,2321,0.0968809073724008
"16065","16065",1862,1862,1820,-0.0225563909774436
"16066","16066",2188,2314,2314,0.0575868372943327
"16067","16067",4072,4087,4101,0.00712180746561886
"16068","16068",9847,9867,9446,-0.0407230628617853
"16069","16069",2979,2979,3665,0.230278616985566
"16070","16070",2650,2650,2620,-0.0113207547169811
"16072","16072",4814,4611,4794,-0.00415454923140839
"16074","16074",2274,2449,2444,0.0747581354441513
"16075","16075",4163,4353,4131,-0.00768676435263031
"16076","16076",2122,2128,2466,0.162111215834119
"16077","16077",2941,2941,2533,-0.138728323699422
"16078","16078",5676,5931,5626,-0.00880902043692741
"16079","16079",1636,1888,1990,0.21638141809291
"16081","16081",1984,1967,1932,-0.0262096774193548
"16082","16082",1318,1318,1318,0
"16083","16083",5912,6042,6685,0.13075101488498
"16084","16084",2559,2535,3440,0.344275107463853
"16085","16085",4129,4104,3602,-0.127633809639138
"16086","16086",4459,4215,4239,-0.0493384166853555
"16087","16087",8362,8274,7789,-0.0685242764888783
"16088","16088",1945,1838,1943,-0.00102827763496144
"16089","16089",3184,3179,3179,-0.00157035175879397
"16090","16090",5241,5241,5325,0.0160274756725816
"16091","16091",3595,3587,3569,-0.00723226703755216
"16092","16092",1997,1760,1749,-0.124186279419129
"16093","16093",5126,4852,4678,-0.0873975809598127
"16094","16094",3853,4158,4279,0.110563197508435
"16095","16095",3284,3470,3263,-0.00639464068209501
"16096","16096",3582,3591,3900,0.0887772194304858
"16097","16097",3791,3739,4071,0.0738591400685835
"16098","16098",8271,8258,8428,0.0189819852496675
"16099","16099",4988,5472,4926,-0.01242983159583
"16100","16100",4378,4376,4268,-0.0251256281407035
"16102","16102",3054,4439,3699,0.211198428290766
"16103","16103",4985,5076,4927,-0.0116349047141424
"16104","16104",3414,2917,2917,-0.145577035735208
"16105","16105",2067,2417,2684,0.298500241896468
"16106","16106",2025,2144,2226,0.0992592592592593
"19181","19181",2025,2144,2226,0.0992592592592593
"16107","16107",4009,3979,3928,-0.0202045397854827
"16108","16108",857,865,865,0.00933488914819136
"16109","16109",2750,1790,1790,-0.349090909090909
"16110","16110",1180,1180,831,-0.295762711864407
"16111","16111",1861,1848,1849,-0.00644814615797958
"16113","16113",4731,4941,4956,0.0475586556753329
"16114","16114",5448,5363,5596,0.0271659324522761
"16115","16115",3168,3272,3147,-0.00662878787878788
"16117","16117",3729,3729,3726,-0.00080450522928399
"16118","16118",4493,4476,4435,-0.0129089695081237
"16119","16119",2742,2833,2622,-0.0437636761487965
"16120","16120",1577,2020,2020,0.280913126188966
"16121","16121",3645,3776,3725,0.0219478737997256
"16122","16122",2576,2601,2601,0.00970496894409938
"16123","16123",4757,4751,4779,0.0046247635064116
"16124","16124",4045,4277,4295,0.0618046971569839
"16126","16126",1958,2004,2049,0.0464759959141982
"16127","16127",3726,3725,3668,-0.0155662909286098
"16128","16128",4666,4840,4835,0.0362194599228461
"16129","16129",2843,3027,3073,0.0809004572634541
"16130","16130",3778,3777,3950,0.0455267337215458
"16131","16131",8005,8008,7586,-0.0523422860712055
"16134","16134",1155,1155,1155,0
"16135","16135",4203,4333,4346,0.0340233166785629
"16136","16136",1497,1497,1497,0
"16137","16137",4092,4307,4959,0.211876832844575
"16138","16138",3700,3701,3661,-0.0105405405405405
"16139","16139",2363,2431,2375,0.00507829030892933
"16141","16141",1508,1512,1494,-0.00928381962864721
"16142","16142",5076,4920,4932,-0.0283687943262411
"16144","16144",2121,2176,2292,0.0806223479490806
"16146","16146",3128,3112,3212,0.0268542199488491
"16149","16149",2676,2696,2810,0.0500747384155456
"16150","16150",2314,3281,2835,0.225151253241141
"16151","16151",6346,6212,5951,-0.0622439331862591
"16152","16152",1507,1511,1486,-0.0139349701393497
"16154","16154",1907,1876,1876,-0.016255899318301
"16155","16155",4133,4210,4193,0.0145172997822405
"16156","16156",5603,5585,5635,0.00571122612885954
"16157","16157",1795,1801,1642,-0.0852367688022284
"16158","16158",5353,5354,5354,0.000186811133943583
"16159","16159",8406,8345,8060,-0.0411610754223174
"16160","16160",2061,2338,2467,0.196991751576904
"16161","16161",3167,3205,3183,0.00505209977897063
"16163","16163",2310,2305,2305,-0.00216450216450216
"16164","16164",2129,2163,2156,0.0126820103334899
"16166","16166",2175,2175,2175,0
"16167","16167",661,553,553,-0.16338880484115
"16168","16168",3338,3354,3186,-0.0455362492510485
"16169","16169",1544,1550,1237,-0.198834196891192
"16170","16170",1752,1579,1579,-0.0987442922374429
"16171","16171",4658,4597,4647,-0.00236152855302705
"16172","16172",6138,6150,5080,-0.172368849788205
"16173","16173",2658,2658,2629,-0.0109104589917231
"16174","16174",8036,10145,9376,0.16674962667994
"16175","16175",6391,6595,6313,-0.0122046628070724
"16176","16176",6072,6060,6159,0.0143280632411067
"16177","16177",2035,2035,2085,0.0245700245700246
"16179","16179",5717,5730,7098,0.241560258877033
"16181","16181",2663,2309,2309,-0.132932782576042
"16183","16183",3823,4130,3874,0.0133403086581219
"16184","16184",1823,1823,1313,-0.279758639605047
"16185","16185",3946,3938,3631,-0.0798276735935124
"16187","16187",5421,5596,5178,-0.0448256779192031
"16188","16188",3732,3732,3778,0.0123258306538049
"16189","16189",2346,2365,2768,0.179880647911338
"16190","16190",4486,4488,4488,0.000445831475702185
"16192","16192",3419,3419,3263,-0.0456273764258555
"16195","16195",6049,6092,6017,-0.00529013060009919
"16196","16196",8827,6990,6955,-0.212076583210604
"16197","16197",4052,4064,3842,-0.0518262586377098
"16198","16198",1973,1954,1754,-0.110998479472884
"16199","16199",2493,2701,3197,0.282390693943041
"16201","16201",4561,4561,4942,0.0835343126507345
"16202","16202",4272,4910,4311,0.00912921348314607
"16203","16203",10853,10293,10259,-0.0547314106698609
"16205","16205",3228,3229,3211,-0.00526641883519207
"16206","16206",6962,6960,7613,0.0935076127549555
"16207","16207",1310,1303,1326,0.0122137404580153
"16208","16208",7990,8110,7942,-0.00600750938673342
"16210","16210",4123,4117,4127,0.000970167353868542
"16211","16211",2654,2977,2977,0.121703089675961
"16212","16212",1962,2001,1954,-0.00407747196738022
"16213","16213",4362,3679,4215,-0.0337001375515818
"16214","16214",4028,3965,3641,-0.096077457795432
"16217","16217",2935,3097,3144,0.0712095400340716
"16218","16218",2914,2880,2861,-0.018188057652711
"16220","16220",5493,5797,5703,0.0382304751501912
"16221","16221",3504,3492,2952,-0.157534246575342
"16222","16222",1345,1426,1763,0.310780669144981
"16223","16223",1175,1175,1174,-0.000851063829787234
"16224","16224",2973,2973,2973,0
"16225","16225",5321,5316,5292,-0.00545010336402932
"16226","16226",4197,4471,4740,0.129378127233738
"16227","16227",3448,3453,3453,0.00145011600928074
"16228","16228",4846,4834,3662,-0.244325216673545
"16229","16229",4540,4540,3527,-0.223127753303965
"16230","16230",1139,1200,1273,0.117647058823529
"16231","16231",1763,1771,1771,0.00453771979580261
"16233","16233",2301,2065,2198,-0.0447631464580617
"16234","16234",1316,1316,1284,-0.0243161094224924
"16235","16235",1121,1111,1111,-0.00892060660124889
"16236","16236",1884,1779,2114,0.12208067940552
"16237","16237",1787,1750,1699,-0.0492445439283716
"16238","16238",1351,1398,1398,0.0347890451517395
"16239","16239",1399,1401,1401,0.00142959256611866
"16240","16240",989,1335,1231,0.24469160768453
"16241","16241",2101,2061,2061,-0.0190385530699667
"16242","16242",4270,4280,4343,0.017096018735363
"16244","16244",1846,2057,2126,0.151679306608884
"16245","16245",6290,6570,6787,0.0790143084260731
"16246","16246",2547,2547,2441,-0.0416175893207695
"16247","16247",6854,7194,7904,0.1531952144733
"16248","16248",2483,3057,3014,0.213854208618607
"16250","16250",5370,5356,4934,-0.0811918063314711
"16251","16251",1990,1988,1988,-0.00100502512562814
"16252","16252",2841,2842,2900,0.0207673354452658
"16253","16253",2104,2093,2401,0.14115969581749
"16254","16254",3805,4095,3985,0.0473061760840999
"16255","16255",6121,6553,6095,-0.00424767194902794
"16256","16256",8292,8529,8394,0.012301013024602
"16257","16257",3120,3045,3411,0.0932692307692308
"16258","16258",2038,2038,2064,0.0127576054955839
"16259","16259",1370,1247,1230,-0.102189781021898
"16261","16261",1844,2355,2105,0.141540130151844
"16262","16262",2135,2200,2221,0.0402810304449649
"16263","16263",2046,2046,2046,0
"16265","16265",9839,9934,9429,-0.0416709015143815
"16266","16266",3525,3780,3480,-0.0127659574468085
"16267","16267",4381,4390,3543,-0.191280529559461
"16268","16268",3081,3540,3310,0.074326517364492
"16269","16269",3147,3148,3135,-0.00381315538608198
"16270","16270",2315,2459,2446,0.0565874730021598
"16272","16272",3598,3288,3242,-0.0989438576987215
"16273","16273",1980,1661,1856,-0.0626262626262626
"16274","16274",6361,6050,6202,-0.0249960698003459
"16275","16275",2875,2708,3139,0.0918260869565217
"16278","16278",2954,2374,2498,-0.154366960054164
"16279","16279",2389,2365,3021,0.264545835077438
"16280","16280",8386,7709,7665,-0.0859766277128548
"16281","16281",3487,3459,2958,-0.151706337826212
"16282","16282",4176,4243,4294,0.0282567049808429
"17023","17023",4176,4243,4294,0.0282567049808429
"16284","16284",2977,3000,2744,-0.0782667114544844
"16285","16285",2206,2206,2199,-0.00317316409791478
"16286","16286",7389,7389,6825,-0.0763296792529436
"16288","16288",5327,5331,5053,-0.0514360803454102
"16289","16289",4100,4065,4013,-0.021219512195122
"16290","16290",2922,2828,2543,-0.129705681040383
"16291","16291",2141,2141,1915,-0.105558150397011
"16292","16292",7473,7429,6080,-0.186404389134217
"16293","16293",2926,2757,2992,0.0225563909774436
"16295","16295",3423,3348,3131,-0.0853052877592755
"16296","16296",5963,6256,6040,0.01291296327352
"16297","16297",2324,2108,2099,-0.096815834767642
"16298","16298",6835,6221,6346,-0.0715435259692758
"16299","16299",4860,5231,4441,-0.0862139917695473
"16302","16302",6452,7118,6444,-0.00123992560446373
"16303","16303",1958,1966,1245,-0.36414708886619
"16304","16304",3338,3963,3051,-0.0859796285200719
"16305","16305",3277,3173,3074,-0.0619469026548673
"16306","16306",1696,1695,1695,-0.000589622641509434
"16307","16307",1322,1288,1379,0.0431164901664145
"16309","16309",2943,2944,2944,0.000339789330615019
"16310","16310",3078,2898,2577,-0.162768031189084
"16311","16311",6666,6498,8286,0.243024302430243
"16312","16312",1833,2050,1698,-0.0736497545008183
"16313","16313",2050,2052,2045,-0.0024390243902439
"16314","16314",2759,2900,2764,0.00181225081551287
"16316","16316",3778,3678,3831,0.0140285865537321
"16317","16317",2625,2802,2009,-0.234666666666667
"16320","16320",2726,2726,2725,-0.000366837857666911
"16321","16321",7591,8006,8732,0.150309577130813
"16322","16322",1668,1718,1501,-0.100119904076739
"16323","16323",3156,3167,3079,-0.0243979721166033
"16324","16324",7210,7213,7227,0.00235783633841886
"16325","16325",3578,4108,3308,-0.0754611514812745
"16326","16326",12813,12623,12027,-0.0613439475532662
"16327","16327",7597,7577,6292,-0.171778333552718
"16328","16328",6001,5990,5881,-0.0199966672221296
"16329","16329",1624,1622,1724,0.061576354679803
"16330","16330",7337,7704,7355,0.00245331879514788
"16331","16331",3889,3871,3830,-0.0151709951144253
"16332","16332",3432,3417,2909,-0.152389277389277
"16333","16333",1861,2185,2195,0.179473401397098
"16334","16334",1873,1872,1290,-0.311265349706353
"16336","16336",1454,1454,1089,-0.251031636863824
"16337","16337",1739,1739,1739,0
"16338","16338",4575,3367,3341,-0.269726775956284
"16339","16339",3200,3200,3001,-0.0621875
"16340","16340",3320,3320,3206,-0.0343373493975904
"16341","16341",2750,2745,2432,-0.115636363636364
"16342","16342",3503,3675,3172,-0.0944904367684842
"16343","16343",4223,3775,3744,-0.113426474070566
"16344","16344",10428,10123,9984,-0.0425776754890679
"16345","16345",9876,10695,10220,0.0348319157553665
"16346","16346",2189,2220,2207,0.00822293284604842
"16347","16347",4351,4747,4205,-0.0335555044817283
"16348","16348",4324,4121,3926,-0.0920444033302498
"16349","16349",10934,10820,12105,0.107097128223889
"16350","16350",2615,3008,2920,0.116634799235182
"16351","16351",6019,5822,5515,-0.0837348396743645
"16352","16352",3545,3502,3443,-0.0287729196050776
"17196","17196",3545,3502,3443,-0.0287729196050776
"16353","16353",2851,2851,2419,-0.15152578042792
"16354","16354",3077,3065,3101,0.00779980500487488
"16355","16355",2942,2931,2614,-0.111488783140721
"16356","16356",4933,4934,4754,-0.0362862355564565
"16357","16357",2170,2170,2093,-0.0354838709677419
"16358","16358",4222,4462,4062,-0.0378967314069162
"16359","16359",2562,2560,2560,-0.00078064012490242
"16360","16360",2741,2458,3174,0.157971543232397
"16361","16361",3425,3351,3026,-0.116496350364964
"16362","16362",3104,3571,2855,-0.0802190721649485
"16363","16363",1893,1893,1871,-0.01162176439514
"16364","16364",6094,6088,6022,-0.0118148999015425
"16365","16365",2847,2748,2716,-0.0460133473832104
"16369","16369",6280,6260,6123,-0.025
"16370","16370",9166,10204,9579,0.0450578223870827
"16371","16371",1946,1985,1950,0.00205549845837616
"16372","16372",3694,3694,4039,0.0933946940985382
"16373","16373",13063,12817,12391,-0.0514430069662405
"16374","16374",3420,3263,3547,0.0371345029239766
"16375","16375",2738,2738,2908,0.0620891161431702
"16376","16376",3353,3295,3323,-0.00894721145243066
"16377","16377",2220,2219,3045,0.371621621621622
"16378","16378",1378,1378,1205,-0.125544267053701
"16379","16379",4112,4490,4311,0.0483949416342412
"16380","16380",6146,6139,5913,-0.0379108363163033
"16381","16381",5506,5263,5559,0.00962586269524155
"16383","16383",9194,9181,8854,-0.036980639547531
"16384","16384",1233,1233,1217,-0.0129764801297648
"16385","16385",4157,3951,4058,-0.023815251383209
"16386","16386",3303,3352,3384,0.0245231607629428
"16388","16388",5628,4769,4865,-0.135572139303483
"16389","16389",824,824,825,0.00121359223300971
"16390","16390",7378,7355,8517,0.154377880184332
"16391","16391",2072,2366,2366,0.141891891891892
"16392","16392",1384,1384,1425,0.0296242774566474
"16393","16393",3381,3383,3375,-0.00177462289263532
"16394","16394",4647,4631,4463,-0.0395954379169357
"16395","16395",7354,7350,6578,-0.105520805004079
"16396","16396",2040,2008,2008,-0.0156862745098039
"16397","16397",3182,3359,3353,0.0537397862979258
"16398","16398",4983,5423,5218,0.0471603451735902
"16399","16399",3054,3070,3086,0.0104780615586117
"16401","16401",7499,7619,7448,-0.00680090678757168
"16402","16402",5671,5731,5623,-0.00846411567624757
"16403","16403",2373,2360,2356,-0.00716392751790982
"16404","16404",2666,2666,2284,-0.143285821455364
"16405","16405",3870,4081,3601,-0.0695090439276486
"16406","16406",4588,4676,4381,-0.0451176983435048
"16408","16408",1245,1312,1332,0.0698795180722892
"16409","16409",2421,790,790,-0.673688558446923
"16410","16410",3088,3154,3157,0.0223445595854922
"16411","16411",2884,2877,3092,0.072122052704577
"16413","16413",3877,3915,3898,0.00541655919525406
"16414","16414",2242,2206,2419,0.0789473684210526
"16415","16415",2687,2687,2732,0.0167473018235951
"16416","16416",6432,6434,6629,0.0306281094527363
"16417","16417",1924,2141,2152,0.118503118503119
"16418","16418",4586,4712,4763,0.038595726122983
"16419","16419",2657,2743,2303,-0.13323296951449
"16421","16421",2666,3415,2806,0.0525131282820705
"18462","18462",2666,3415,2806,0.0525131282820705
"16422","16422",7658,7381,6875,-0.102246017236876
"16423","16423",4738,4724,4806,0.0143520472773322
"16425","16425",5408,5462,5619,0.0390162721893491
"16426","16426",4621,4609,5165,0.117723436485609
"16427","16427",3781,3761,3728,-0.0140174556995504
"16428","16428",3881,3863,3749,-0.0340118526153053
"16430","16430",3022,3022,4075,0.348444738583719
"16431","16431",5108,5031,5030,-0.0152701644479248
"16432","16432",2566,2601,2386,-0.0701480904130943
"16433","16433",3902,3956,3341,-0.143772424397745
"16434","16434",2360,2427,2314,-0.0194915254237288
"16436","16436",1205,1171,1171,-0.0282157676348548
"16437","16437",2890,2703,2731,-0.0550173010380623
"16438","16438",2648,2649,2741,0.0351208459214502
"16440","16440",8461,8609,8396,-0.00768230705590356
"16441","16441",5235,5179,5002,-0.0445081184336199
"16443","16443",4731,3011,3140,-0.336292538575354
"16444","16444",1533,1533,1533,0
"16445","16445",2758,2758,2758,0
"16446","16446",4902,4828,4828,-0.0150958792329661
"16447","16447",4607,4411,5690,0.235077056652919
"16448","16448",3499,3189,3189,-0.0885967419262646
"16449","16449",2431,2430,2432,0.000411353352529823
"16450","16450",7436,7556,7346,-0.0121032813340506
"16451","16451",3078,2921,3239,0.0523066926575698
"16452","16452",2737,2769,2609,-0.0467665327000365
"16453","16453",2391,2392,2393,0.000836470096194061
"16454","16454",4792,4791,4808,0.00333889816360601
"16455","16455",2887,2724,2579,-0.106685140284032
"16456","16456",1744,1841,1971,0.130160550458716
"16457","16457",3041,3052,3080,0.012824728707662
"16458","16458",2373,2339,2339,-0.0143278550358196
"16459","16459",1293,882,882,-0.317865429234339
"16460","16460",2920,2959,2999,0.0270547945205479
"16461","16461",3682,3597,3758,0.0206409560021727
"16462","16462",3953,3645,3645,-0.0779155072097141
"16463","16463",1693,1419,1420,-0.161252215002953
"17405","17405",1693,1419,1420,-0.161252215002953
"16464","16464",5432,5435,5558,0.0231958762886598
"16465","16465",2625,2776,2937,0.118857142857143
"16466","16466",2397,2445,2654,0.107217355027117
"16467","16467",3014,3477,3619,0.200729927007299
"16468","16468",5472,5475,5392,-0.0146198830409357
"16469","16469",5129,5129,5129,0
"16471","16471",5302,5303,4657,-0.121652206714447
"16472","16472",1538,1576,1576,0.0247074122236671
"16474","16474",2271,2280,2226,-0.0198150594451783
"16475","16475",3059,3062,3069,0.003269042170644
"16476","16476",1877,1877,2047,0.0905700586041556
"16477","16477",4420,4420,4418,-0.000452488687782805
"16478","16478",5439,6539,5831,0.0720720720720721
"16479","16479",7457,7457,7254,-0.0272227437307228
"16480","16480",2289,2108,2187,-0.0445609436435125
"16481","16481",7434,7317,7384,-0.0067258541834813
"16482","16482",7807,7775,7783,-0.00307416421160497
"16483","16483",3151,3032,3286,0.0428435417327832
"16484","16484",2984,3113,3120,0.0455764075067024
"16486","16486",4129,4129,4129,0
"16487","16487",3504,3503,3652,0.0422374429223744
"16488","16488",2413,2412,2415,0.000828843762950684
"16489","16489",6163,6137,6147,-0.00259613824436151
"16490","16490",5717,5763,5695,-0.00384817211824383
"16491","16491",2225,2270,2046,-0.0804494382022472
"16492","16492",852,852,857,0.00586854460093897
"18716","18716",852,852,857,0.00586854460093897
"16493","16493",2496,2708,2507,0.00440705128205128
"16494","16494",953,903,903,-0.0524658971668416
"16495","16495",3524,3571,3333,-0.054199772985244
"16496","16496",846,975,763,-0.0981087470449173
"16499","16499",1745,1765,1760,0.00859598853868195
"16500","16500",6016,5942,5883,-0.0221077127659574
"16501","16501",4788,5137,5426,0.133249791144528
"16502","16502",1352,1352,1396,0.0325443786982249
"16503","16503",2905,2845,2887,-0.00619621342512909
"16504","16504",3206,3210,3286,0.0249532127261385
"16505","16505",3415,3459,3377,-0.0111273792093704
"16506","16506",5706,5713,5555,-0.0264633718892394
"16507","16507",1694,1877,1633,-0.0360094451003542
"16508","16508",3274,3248,3294,0.00610873549175321
"16509","16509",1072,1057,885,-0.174440298507463
"16510","16510",1642,1641,1654,0.00730816077953715
"16511","16511",2390,2394,2394,0.00167364016736402
"16512","16512",3693,3870,3711,0.00487408610885459
"16513","16513",1746,1747,1729,-0.00973654066437572
"16516","16516",5898,5386,4896,-0.169888097660224
"16517","16517",3941,3940,4171,0.0583608221263639
"16518","16518",3842,3843,3949,0.0278500780843311
"16519","16519",10641,10932,11808,0.109670143783479
"16520","16520",5992,4719,4719,-0.212449933244326
"16522","16522",7219,7199,6502,-0.0993212356282034
"16523","16523",1454,1428,1258,-0.134800550206327
"17872","17872",1454,1428,1258,-0.134800550206327
"16525","16525",1533,1482,1482,-0.0332681017612524
"16526","16526",2445,2746,2436,-0.00368098159509202
"16527","16527",3001,3162,2885,-0.0386537820726425
"16528","16528",3352,3316,3347,-0.00149164677804296
"16529","16529",4468,4466,4392,-0.0170098478066249
"16531","16531",1866,2035,1823,-0.0230439442658092
"16532","16532",7454,7493,8010,0.0745908237188087
"16533","16533",2094,1854,1981,-0.05396370582617
"16535","16535",3558,3289,3136,-0.118605958403598
"16536","16536",1252,1231,1232,-0.0159744408945687
"16537","16537",2653,2388,2531,-0.0459856765925368
"16538","16538",1348,1330,1330,-0.013353115727003
"16539","16539",4409,4867,4865,0.10342481288274
"16540","16540",3877,3527,3527,-0.0902759865875677
"16542","16542",2992,2992,2824,-0.0561497326203209
"16543","16543",1153,1153,1107,-0.0398959236773634
"16544","16544",1777,1857,1820,0.024198086662915
"16546","16546",798,798,798,0
"16547","16547",2445,2438,2238,-0.0846625766871166
"16548","16548",1117,1120,1117,0
"16549","16549",2238,2249,1859,-0.16934763181412
"16550","16550",1556,1555,1554,-0.0012853470437018
"16551","16551",6303,6171,6083,-0.0349040139616056
"16552","16552",1568,2068,1647,0.0503826530612245
"16553","16553",7311,7242,7073,-0.0325536862262344
"16554","16554",6536,5705,7585,0.160495716034272
"16555","16555",4564,4310,4118,-0.0977212971078002
"18290","18290",4564,4310,4118,-0.0977212971078002
"16556","16556",1882,1882,1924,0.0223166843783209
"16557","16557",5065,4718,5287,0.0438302073050345
"16558","16558",6018,5514,5204,-0.135260884014623
"16559","16559",2957,2063,2124,-0.281704430165709
"16561","16561",2126,2126,2224,0.0460959548447789
"16562","16562",2669,2634,2658,-0.00412139378044211
"16563","16563",2205,1939,2237,0.0145124716553288
"16564","16564",4226,4188,4219,-0.00165641268338855
"16565","16565",996,908,907,-0.0893574297188755
"16567","16567",2420,2366,2101,-0.131818181818182
"16568","16568",2334,2317,2251,-0.0355612682090831
"16569","16569",4956,5019,4765,-0.0385391444713479
"16570","16570",9160,10091,9138,-0.00240174672489083
"16571","16571",3157,3730,3816,0.20874247703516
"16572","16572",1285,1185,1183,-0.0793774319066148
"16573","16573",1938,2026,2291,0.182146542827657
"16575","16575",3922,4148,4051,0.0328913819479857
"16576","16576",5115,4708,4465,-0.127077223851417
"16577","16577",2608,2608,2892,0.108895705521472
"16578","16578",811,1014,1181,0.456226880394575
"16579","16579",2866,2969,2938,0.0251221214235869
"16580","16580",1168,1168,1277,0.0933219178082192
"16581","16581",2947,3185,2871,-0.0257889379029522
"16583","16583",3603,3687,4357,0.209270052733833
"16584","16584",3658,3651,3345,-0.0855658829961728
"16585","16585",1194,1254,1314,0.100502512562814
"16586","16586",6021,5791,5563,-0.0760670984886232
"16587","16587",4370,4351,4565,0.0446224256292906
"16589","16589",3670,3403,3364,-0.0833787465940054
"16590","16590",3926,3664,3812,-0.0290371879775853
"16591","16591",1741,1715,1671,-0.0402067777139575
"16592","16592",2693,3350,2788,0.0352766431489046
"16593","16593",3763,3737,3782,0.00504916290193994
"16594","16594",2518,2713,2640,0.0484511517077045
"16595","16595",5800,5800,4994,-0.138965517241379
"16597","16597",11151,11651,11603,0.0405344812124473
"16598","16598",3153,3153,2912,-0.0764351411354266
"16599","16599",2925,1958,1313,-0.551111111111111
"16600","16600",986,986,949,-0.037525354969574
"16601","16601",2175,2204,2249,0.0340229885057471
"16602","16602",3498,3668,3469,-0.0082904516866781
"16603","16603",5158,5520,5360,0.039162466072121
"16604","16604",2621,2599,2726,0.0400610454025181
"16605","16605",3213,3214,2884,-0.10239651416122
"16606","16606",3375,3615,3616,0.0714074074074074
"16607","16607",1966,2387,2387,0.214140386571719
"17475","17475",1966,2387,2387,0.214140386571719
"16608","16608",1494,1495,1495,0.000669344042838019
"16688","16688",1494,1495,1495,0.000669344042838019
"16609","16609",2407,2403,2097,-0.12879102617366
"16610","16610",1926,1926,1926,0
"16611","16611",1649,2094,2094,0.269860521528199
"16612","16612",3432,3069,3069,-0.105769230769231
"16613","16613",5136,5136,4945,-0.0371884735202492
"16614","16614",2552,2552,1442,-0.434952978056426
"16615","16615",4963,5049,4754,-0.0421116260326415
"16616","16616",2001,2004,2004,0.00149925037481259
"16617","16617",3422,3416,3256,-0.0485096434833431
"16618","16618",2979,2435,2480,-0.167505874454515
"16619","16619",2962,3020,3020,0.0195813639432816
"16620","16620",3393,3355,3550,0.0462717359269083
"16621","16621",5619,5921,5815,0.0348816515394198
"16622","16622",5559,5792,5923,0.0654794027702824
"16623","16623",2351,2351,2351,0
"16624","16624",1276,1289,1290,0.0109717868338558
"16625","16625",2793,2793,3334,0.193698532044397
"16626","16626",1441,1440,1787,0.240111034004164
"16627","16627",2561,2561,2501,-0.0234283483014447
"16628","16628",2705,3190,3035,0.121996303142329
"16629","16629",4520,5762,4939,0.0926991150442478
"16630","16630",2994,2927,2927,-0.022378089512358
"16631","16631",2385,2631,2517,0.0553459119496855
"16633","16633",656,661,661,0.00762195121951219
"16634","16634",1452,1028,1028,-0.292011019283747
"16635","16635",4637,5283,4990,0.0761268061246496
"16636","16636",2835,2515,3131,0.104409171075838
"16637","16637",1995,2048,2006,0.00551378446115288
"16638","16638",998,1174,1173,0.175350701402806
"16639","16639",4472,4475,4362,-0.0245974955277281
"16640","16640",3456,2763,3209,-0.0714699074074074
"16641","16641",2956,3799,3330,0.126522327469553
"16642","16642",3673,3669,3669,-0.00108902804247209
"16643","16643",1879,1735,1596,-0.150612027674295
"16644","16644",5335,5335,5163,-0.0322399250234302
"16646","16646",1740,1674,1759,0.0109195402298851
"16647","16647",7802,7803,9030,0.157395539605229
"16648","16648",1133,1083,1180,0.0414827890556046
"16649","16649",1888,2371,1854,-0.0180084745762712
"16650","16650",2900,3125,3125,0.0775862068965517
"16652","16652",3570,3576,3575,0.00140056022408964
"16653","16653",3999,3941,3939,-0.0150037509377344
"16654","16654",3330,4281,3693,0.109009009009009
"16655","16655",9997,9995,10128,0.0131039311793538
"16656","16656",1945,2004,1712,-0.119794344473008
"16657","16657",1843,4289,1779,-0.0347259902333152
"16658","16658",1144,1143,1149,0.00437062937062937
"16659","16659",1494,1455,1455,-0.0261044176706827
"16660","16660",756,756,1155,0.527777777777778
"16661","16661",2548,2312,2313,-0.0922291993720565
"16662","16662",6600,6744,5894,-0.106969696969697
"16663","16663",1514,1373,1373,-0.0931307793923382
"16665","16665",1989,1989,1992,0.00150829562594268
"16666","16666",2629,2629,2357,-0.103461392164321
"16667","16667",1767,1760,1320,-0.252971137521222
"16668","16668",1782,1825,1740,-0.0235690235690236
"16670","16670",1381,1350,1517,0.0984793627805938
"16671","16671",2279,2341,2279,0
"16672","16672",2270,3311,3493,0.538766519823789
"16673","16673",3009,3009,2603,-0.134928547690263
"16674","16674",1140,1135,1140,0
"16675","16675",1448,1398,1270,-0.12292817679558
"16676","16676",4547,4596,4304,-0.0534418297778755
"16677","16677",2471,2391,2420,-0.0206394172399838
"16679","16679",2958,2929,3381,0.143002028397566
"16680","16680",1709,1709,2123,0.242246928028087
"16682","16682",4672,4652,4803,0.0280393835616438
"16683","16683",2404,2405,2271,-0.055324459234609
"16684","16684",3045,2968,2950,-0.0311986863711002
"16685","16685",2177,2314,2295,0.0542030316949931
"16939","16939",2177,2314,2295,0.0542030316949931
"16686","16686",886,1363,1189,0.341986455981941
"16687","16687",3066,3035,3078,0.00391389432485323
"16689","16689",2474,1923,1954,-0.21018593371059
"16690","16690",5711,6033,5856,0.0253895990194362
"16691","16691",1569,2465,2712,0.72848948374761
"16692","16692",2203,2203,2203,0
"16693","16693",1802,1802,1795,-0.00388457269700333
"16694","16694",4970,5027,5011,0.00824949698189135
"16695","16695",10355,10428,10411,0.00540801545147272
"16696","16696",2500,2737,2494,-0.0024
"16697","16697",1870,1987,2305,0.232620320855615
"16698","16698",6771,6705,6831,0.00886132033673017
"16699","16699",2320,1832,2340,0.00862068965517241
"16700","16700",2474,2474,2467,-0.00282942603071948
"16701","16701",2109,2266,2503,0.186818397344713
"16702","16702",1717,2028,2027,0.180547466511357
"16703","16703",3615,3421,3422,-0.0533886583679115
"16704","16704",2954,2960,2756,-0.0670277589708869
"16705","16705",4941,4941,4757,-0.0372394252175673
"16707","16707",1913,2210,2213,0.156821745948772
"16708","16708",12451,11947,11562,-0.0713998875592322
"16709","16709",2662,2658,2658,-0.00150262960180316
"16710","16710",2641,2641,3419,0.29458538432412
"16711","16711",2158,2158,2202,0.020389249304912
"18220","18220",2158,2158,2202,0.020389249304912
"16712","16712",2399,2356,1990,-0.170487703209671
"16714","16714",1655,1658,1588,-0.0404833836858006
"16715","16715",9197,8653,7679,-0.165053821898445
"16716","16716",6604,6573,7262,0.0996365838885524
"16717","16717",7238,7241,7120,-0.0163028460900801
"16718","16718",8941,9164,9360,0.0468627670282966
"16719","16719",2568,2553,2564,-0.00155763239875389
"16720","16720",2769,2613,2597,-0.0621162874684001
"16721","16721",1836,1390,1392,-0.241830065359477
"16723","16723",2551,2521,2521,-0.0117600940807526
"16724","16724",4092,4315,3484,-0.148582600195503
"16725","16725",3411,3379,3334,-0.0225740252125476
"16726","16726",3726,2874,2895,-0.223027375201288
"16727","16727",2546,2546,2546,0
"16728","16728",2280,2280,2280,0
"16729","16729",2538,2619,2078,-0.181245074862096
"16730","16730",4375,4150,4261,-0.0260571428571429
"16731","16731",3420,3429,3312,-0.0315789473684211
"16732","16732",977,1119,1094,0.119754350051177
"16733","16733",5298,5298,5296,-0.000377500943752359
"16735","16735",2015,2019,2019,0.00198511166253102
"16736","16736",5553,5280,5550,-0.000540248514316586
"16737","16737",3644,3643,3553,-0.0249725576289791
"16738","16738",1920,1918,1918,-0.00104166666666667
"16739","16739",4270,4748,4701,0.100936768149883
"16741","16741",2904,2695,2692,-0.0730027548209366
"16742","16742",6356,6356,6542,0.0292636878539962
"16743","16743",1865,2575,1973,0.0579088471849866
"16745","16745",2713,2713,2713,0
"16746","16746",6188,6032,5536,-0.105365223012282
"16747","16747",2944,2329,2328,-0.209239130434783
"16748","16748",4044,4027,3913,-0.0323936696340257
"16749","16749",2276,2279,2279,0.00131810193321617
"16751","16751",2086,1772,1817,-0.12895493767977
"16752","16752",3146,2720,2692,-0.144310235219326
"16753","16753",2544,2648,2530,-0.00550314465408805
"16754","16754",1399,1766,1758,0.256611865618299
"16755","16755",5427,4687,4822,-0.111479638842823
"16756","16756",475,826,754,0.587368421052632
"16757","16757",2007,2008,2093,0.0428500249128052
"16758","16758",2963,2981,3011,0.0161997975025312
"16759","16759",4128,3862,3788,-0.0823643410852713
"16761","16761",2271,2271,2270,-0.000440334654337296
"16762","16762",2692,2704,2704,0.00445765230312036
"16763","16763",2201,2250,2104,-0.0440708768741481
"16764","16764",2915,2915,2708,-0.0710120068610635
"16766","16766",4303,4041,4300,-0.000697188008366256
"16768","16768",5894,5712,6530,0.107906345436037
"16769","16769",3437,2653,3111,-0.0948501600232761
"16770","16770",5600,5764,5754,0.0275
"16771","16771",4854,4918,4806,-0.00988875154511743
"16772","16772",1434,1424,1425,-0.00627615062761506
"16773","16773",7232,7234,7240,0.00110619469026549
"16774","16774",1188,1188,1188,0
"16776","16776",8206,8263,8390,0.0224226175968803
"16778","16778",5887,6119,6037,0.0254798709019874
"16779","16779",3764,3741,3573,-0.0507438894792774
"16780","16780",1590,1764,1583,-0.00440251572327044
"16781","16781",3334,3553,3435,0.0302939412117576
"16782","16782",9660,9859,10038,0.0391304347826087
"16783","16783",3056,3056,2524,-0.174083769633508
"16785","16785",2460,3045,3575,0.453252032520325
"16786","16786",3865,3592,3852,-0.00336351875808538
"16787","16787",795,1087,1087,0.367295597484277
"16789","16789",2554,2555,2655,0.0395458104933438
"16790","16790",1796,1828,1833,0.0206013363028953
"16791","16791",1787,1896,1714,-0.0408505875769446
"16792","16792",1265,1262,1371,0.0837944664031621
"16793","16793",2439,2243,2259,-0.0738007380073801
"16794","16794",2587,2839,2635,0.0185543100115964
"16795","16795",3912,3913,3794,-0.0301635991820041
"16796","16796",7309,7373,6510,-0.109317280065672
"16798","16798",2582,2582,2594,0.00464756003098373
"16799","16799",4036,3993,3957,-0.0195738354806739
"16800","16800",603,604,609,0.00995024875621891
"16803","16803",3278,3303,3303,0.00762660158633313
"16804","16804",2480,2480,2589,0.0439516129032258
"16805","16805",8276,8279,6761,-0.183059449009183
"16806","16806",1575,1575,1575,0
"16807","16807",3474,3858,3548,0.0213010938399539
"16809","16809",750,753,1173,0.564
"16810","16810",6221,6220,5637,-0.0938755827037454
"16812","16812",4840,4726,3697,-0.236157024793388
"16813","16813",2121,2477,2528,0.191890617633192
"16814","16814",2336,2336,2274,-0.026541095890411
"16815","16815",3393,3393,3393,0
"19234","19234",3393,3393,3393,0
"16816","16816",4462,4408,4623,0.0360824742268041
"16817","16817",2858,2685,2682,-0.0615815255423373
"16818","16818",1368,1368,1368,0
"16819","16819",1524,1521,1512,-0.0078740157480315
"16820","16820",936,929,1018,0.0876068376068376
"16821","16821",4252,4333,4425,0.04068673565381
"16822","16822",3594,3473,3463,-0.0364496382860323
"16824","16824",7384,7579,7403,0.00257313109425785
"16825","16825",3135,3023,3094,-0.0130781499202552
"17245","17245",3135,3023,3094,-0.0130781499202552
"16827","16827",2854,2933,2924,0.0245269796776454
"16828","16828",3614,3691,3226,-0.107360265633647
"16830","16830",5399,5345,5380,-0.0035191702167068
"16831","16831",2057,2057,2162,0.051045211473019
"16832","16832",3839,3840,3987,0.0385517061734827
"16833","16833",5163,5283,5139,-0.00464846019755956
"16834","16834",2061,2060,2061,0
"16835","16835",3291,3180,3520,0.0695837131570951
"16836","16836",1145,1142,1142,-0.00262008733624454
"16837","16837",4506,4418,3782,-0.160674656014203
"16838","16838",5919,5920,5917,-0.000337894914681534
"16839","16839",2165,2375,2375,0.0969976905311778
"16840","16840",7799,7863,7681,-0.0151301448903706
"16842","16842",961,1206,1206,0.254942767950052
"16843","16843",4632,4906,3706,-0.199913644214162
"16844","16844",1022,1020,930,-0.0900195694716243
"16845","16845",2726,3044,2761,0.0128393250183419
"18933","18933",2726,3044,2761,0.0128393250183419
"16846","16846",3066,3000,3405,0.110567514677104
"16847","16847",2469,2469,2737,0.108545970028352
"16848","16848",2313,2379,2630,0.137051448335495
"16849","16849",3905,3905,1990,-0.490396927016645
"16850","16850",4129,4129,3797,-0.0804068781787358
"16851","16851",4039,4047,4037,-0.000495172072295123
"16852","16852",3772,3870,3887,0.0304878048780488
"16853","16853",3989,3982,3990,0.000250689395838556
"16854","16854",4415,4418,4272,-0.0323895809739524
"16855","16855",7754,7517,7652,-0.0131545009027599
"16856","16856",4632,5820,5111,0.103411053540587
"16857","16857",2569,2861,3180,0.23783573374854
"16858","16858",3224,3224,3052,-0.0533498759305211
"16859","16859",4797,5089,4769,-0.00583698144673754
"16860","16860",4072,4097,4330,0.0633595284872299
"16861","16861",2198,2198,2187,-0.00500454959053685
"16862","16862",902,902,798,-0.11529933481153
"16863","16863",3841,3824,3898,0.0148398854464983
"16864","16864",3862,4306,4461,0.155100983946142
"16865","16865",6462,7286,6199,-0.0406994738471062
"16866","16866",1567,1567,2004,0.278876834716018
"16869","16869",3942,3942,3647,-0.0748351090816844
"16870","16870",1511,1412,1306,-0.13567174056916
"16871","16871",3075,3074,2984,-0.0295934959349594
"16872","16872",2000,1345,1345,-0.3275
"16873","16873",5314,5369,5430,0.0218291305984193
"16874","16874",3382,3006,2886,-0.146658781785925
"16875","16875",4757,4702,4824,0.0140845070422535
"16876","16876",5509,4410,4668,-0.15265928480668
"16877","16877",2893,2893,2894,0.000345661942620118
"16879","16879",1735,1732,1727,-0.00461095100864553
"16880","16880",3984,3981,4283,0.0750502008032129
"16881","16881",3587,3578,3858,0.0755505993866741
"16882","16882",4619,4615,3910,-0.153496427798225
"16883","16883",4385,4889,4668,0.0645381984036488
"16884","16884",4602,4587,4529,-0.0158626684050413
"16885","16885",2810,2810,2811,0.000355871886120996
"16886","16886",3314,3273,3380,0.019915509957755
"16887","16887",1574,1574,1574,0
"16888","16888",7768,8557,8664,0.115345005149331
"16889","16889",3235,3413,3400,0.0510046367851623
"16891","16891",4670,4660,4609,-0.0130620985010707
"16892","16892",2941,2406,2425,-0.175450527031622
"16893","16893",3075,3199,2994,-0.0263414634146341
"16895","16895",4090,4109,3585,-0.123471882640587
"16896","16896",2462,2463,2600,0.0560519902518278
"16898","16898",4003,3934,3998,-0.00124906320259805
"16899","16899",4276,4418,4240,-0.00841908325537886
"16900","16900",6238,6230,5368,-0.139467778134017
"16902","16902",2733,2925,2284,-0.164288327844859
"16903","16903",2625,2625,2616,-0.00342857142857143
"16905","16905",5900,5393,5432,-0.0793220338983051
"16906","16906",9946,9822,10201,0.0256384476171325
"16907","16907",1733,1736,1796,0.0363531448355453
"16908","16908",2603,2863,2737,0.0514790626200538
"16909","16909",5125,5016,5016,-0.0212682926829268
"16910","16910",8019,7931,7897,-0.0152138670657189
"16911","16911",2021,1950,1995,-0.0128649183572489
"16912","16912",3586,3910,3625,0.0108756274400446
"16913","16913",2902,3311,3497,0.205031013094418
"16914","16914",3395,3548,2864,-0.15640648011782
"16915","16915",1477,1477,1477,0
"16916","16916",1488,1833,1838,0.235215053763441
"16918","16918",5197,5426,5686,0.0940927458148932
"16919","16919",3396,4232,3303,-0.0273851590106007
"16921","16921",2672,2752,2752,0.029940119760479
"16922","16922",2494,2306,2579,0.0340817963111468
"16923","16923",5264,5179,6043,0.14798632218845
"16924","16924",2773,2873,2780,0.00252434186801298
"16925","16925",9581,9679,9492,-0.00928921824444212
"16926","16926",4021,4212,3695,-0.0810743596120368
"16927","16927",5420,5420,4791,-0.116051660516605
"16928","16928",3011,3020,3029,0.00597808037196945
"16929","16929",4544,4560,4931,0.0851672535211268
"16930","16930",1512,1512,1512,0
"16931","16931",4584,3766,3787,-0.173865619546248
"16933","16933",2842,2919,2901,0.0207600281491907
"16934","16934",3974,3974,3869,-0.0264217413185707
"16935","16935",5153,4975,5060,-0.0180477391810596
"16936","16936",1826,1737,1811,-0.00821467688937568
"16937","16937",3661,3459,3515,-0.0398798142583993
"16938","16938",3819,4031,3466,-0.092432573972244
"16940","16940",3201,3218,3085,-0.0362386754139331
"16941","16941",3398,3146,3146,-0.0741612713360801
"16942","16942",4733,4458,4583,-0.031692372702303
"16943","16943",2818,2785,2791,-0.00958126330731015
"16944","16944",1552,1520,1281,-0.174613402061856
"16945","16945",2985,3075,3039,0.0180904522613065
"16946","16946",3340,3341,3309,-0.0092814371257485
"16947","16947",4551,4505,5886,0.293342122610415
"16948","16948",7257,7681,7373,0.0159845666253273
"16949","16949",3492,4132,3953,0.132016036655212
"16951","16951",5419,5422,5180,-0.0441040782432183
"16952","16952",4875,4898,5052,0.0363076923076923
"16953","16953",5143,5043,5291,0.0287769784172662
"16954","16954",6207,6206,6079,-0.0206218785242468
"16956","16956",3312,3276,3385,0.0220410628019324
"16958","16958",3192,3186,3027,-0.0516917293233083
"16959","16959",2549,2485,2485,-0.0251078854452727
"16960","16960",2846,2703,2749,-0.0340829234012649
"16962","16962",2149,2302,2885,0.342484876686831
"16963","16963",3178,3393,2872,-0.0962869729389553
"16964","16964",4982,5022,4805,-0.0355279004415897
"16965","16965",986,1737,1572,0.594320486815416
"16966","16966",2477,2124,2174,-0.122325393621316
"16969","16969",835,838,1639,0.962874251497006
"16970","16970",1734,1716,1718,-0.00922722029988466
"16971","16971",3682,4003,4060,0.102661596958175
"16972","16972",3298,3712,2544,-0.228623408126137
"16973","16973",2427,2462,2462,0.0144210960032962
"16974","16974",4526,4525,4486,-0.00883782589482987
"16975","16975",4551,4753,4702,0.033179520984399
"16976","16976",6287,6292,6025,-0.0416732940989343
"16977","16977",2366,2357,2308,-0.0245139475908707
"16978","16978",2906,3299,3214,0.105987611837577
"16979","16979",7237,6389,6451,-0.108608539450048
"16980","16980",2405,2264,2264,-0.0586278586278586
"16981","16981",7528,7685,7526,-0.00026567481402763
"16983","16983",3541,3072,2989,-0.155888167184411
"16984","16984",1468,1565,1716,0.168937329700272
"17575","17575",1468,1565,1716,0.168937329700272
"16987","16987",4729,4811,4662,-0.0141679001903151
"16988","16988",4495,5173,4454,-0.00912124582869855
"16989","16989",4096,4096,4100,0.0009765625
"16990","16990",2344,2077,2334,-0.00426621160409556
"16991","16991",2766,3367,2776,0.00361532899493854
"16992","16992",4082,4629,4498,0.101910828025478
"16993","16993",6074,6032,6214,0.0230490615739216
"16995","16995",2579,2027,2168,-0.159364094610314
"16996","16996",1798,1749,1745,-0.0294771968854283
"16997","16997",1217,1217,1217,0
"16998","16998",731,777,777,0.0629274965800274
"17000","17000",2751,2625,2672,-0.0287168302435478
"17001","17001",1658,1658,1658,0
"17002","17002",1028,1485,1307,0.271400778210117
"17003","17003",2008,2441,2442,0.216135458167331
"17004","17004",2462,2813,2692,0.0934199837530463
"17006","17006",2200,2241,2912,0.323636363636364
"17008","17008",4139,4138,4162,0.0055568978014013
"17009","17009",2179,2114,2018,-0.0738871041762276
"17011","17011",2917,2848,2848,-0.0236544394926294
"17012","17012",3287,3410,3388,0.0307271067843018
"17013","17013",2165,1964,2549,0.177367205542725
"17014","17014",1119,1119,1150,0.0277033065236819
"17016","17016",2157,2157,2058,-0.0458970792767733
"17017","17017",2575,2780,2780,0.0796116504854369
"17018","17018",4113,4112,3786,-0.0795040116703136
"17019","17019",3027,3272,2899,-0.0422860918401057
"17021","17021",6257,6113,6234,-0.00367588301102765
"17022","17022",11393,11283,11734,0.0299306591766874
"17024","17024",2612,2401,2402,-0.0803981623277182
"17025","17025",5023,5023,4984,-0.00776428429225562
"17027","17027",1080,876,868,-0.196296296296296
"17028","17028",2278,2278,2086,-0.0842844600526778
"17029","17029",3686,4006,3212,-0.128594682582746
"17032","17032",7705,7686,7826,0.0157040882543803
"17033","17033",6308,5704,5389,-0.14568801521877
"17034","17034",1308,1621,1618,0.237003058103976
"17035","17035",1066,1031,1023,-0.0403377110694184
"17038","17038",2282,2217,2735,0.198510078878177
"17039","17039",4809,4977,4721,-0.0182990226658349
"17040","17040",1563,1578,1637,0.0473448496481126
"17041","17041",3407,3407,3442,0.0102729674200176
"17042","17042",2373,2113,2367,-0.00252844500632111
"18074","18074",2373,2113,2367,-0.00252844500632111
"17045","17045",2727,3071,2766,0.0143014301430143
"17046","17046",2932,2964,2931,-0.00034106412005457
"17047","17047",2459,2700,2555,0.0390402602684018
"17048","17048",3523,3267,2864,-0.187056485949475
"17049","17049",4135,4135,4373,0.0575574365175333
"17050","17050",3626,3612,3632,0.00165471594043023
"17051","17051",3435,3373,3102,-0.096943231441048
"17052","17052",4562,4562,3708,-0.187198597106532
"17053","17053",2515,3202,2762,0.0982107355864811
"17054","17054",4264,4578,4544,0.0656660412757974
"17055","17055",3263,3956,3572,0.0946981305547043
"17056","17056",6610,7227,6601,-0.00136157337367625
"17057","17057",8763,8744,6918,-0.210544334132147
"17058","17058",1281,1292,1229,-0.0405932864949258
"17060","17060",2428,2447,2249,-0.0737232289950577
"17061","17061",2349,2352,2238,-0.0472541507024266
"17062","17062",1857,1844,1732,-0.0673128702207862
"17063","17063",4436,4431,4390,-0.0103697024346258
"17064","17064",9513,9521,8666,-0.0890360559234731
"17066","17066",2415,2402,2489,0.0306418219461698
"17067","17067",5503,5452,4760,-0.135017263310921
"17068","17068",6400,6421,5508,-0.139375
"17069","17069",2713,2740,4378,0.613711758201253
"19723","19723",2713,2740,4378,0.613711758201253
"17070","17070",2039,2021,2067,0.0137322216772928
"17071","17071",1992,2053,1992,0
"17072","17072",1246,1248,1248,0.00160513643659711
"17073","17073",3977,4843,4134,0.0394769927080714
"17074","17074",1013,1032,1863,0.839091806515301
"17075","17075",3878,4223,3774,-0.0268179473955647
"17076","17076",3090,3629,3770,0.220064724919094
"17208","17208",3090,3629,3770,0.220064724919094
"17712","17712",3090,3629,3770,0.220064724919094
"17077","17077",4727,5144,4739,0.00253860799661519
"17078","17078",2247,1485,1539,-0.315086782376502
"17079","17079",5403,5728,5609,0.0381269665000925
"17080","17080",1683,1909,1724,0.0243612596553773
"17081","17081",2030,1994,2057,0.0133004926108374
"17082","17082",1871,1871,2095,0.119722073757349
"17083","17083",4643,4811,4731,0.0189532629765238
"17084","17084",2107,2581,2670,0.267204556241101
"17085","17085",7423,7839,7234,-0.0254614037451165
"17086","17086",1158,1158,1158,0
"17087","17087",1266,1328,1236,-0.023696682464455
"17088","17088",2334,1795,1863,-0.201799485861183
"17089","17089",3436,3429,3429,-0.0020372526193248
"17091","17091",5865,5941,5854,-0.00187553282182438
"17093","17093",3884,3960,3944,0.0154479917610711
"17094","17094",1809,1745,1651,-0.0873410724156993
"17096","17096",1645,1649,945,-0.425531914893617
"19943","19943",1645,1649,945,-0.425531914893617
"17097","17097",2767,2428,2627,-0.0505963136971449
"17098","17098",3215,3303,4166,0.295800933125972
"17100","17100",1307,1243,1343,0.0275439938791125
"17101","17101",3413,3309,3482,0.0202168180486376
"17102","17102",4307,4131,4115,-0.0445785929881588
"17103","17103",2570,2325,2637,0.0260700389105058
"17104","17104",1946,1946,1937,-0.00462487153134635
"17105","17105",4202,3819,4604,0.0956687291765826
"17106","17106",3803,3835,3763,-0.0105180120957139
"17107","17107",2737,2827,3131,0.1439532334673
"17108","17108",5657,5624,4929,-0.128690118437334
"17109","17109",3930,3930,3929,-0.000254452926208651
"17110","17110",936,936,890,-0.0491452991452991
"17111","17111",5330,5255,4620,-0.133208255159475
"17112","17112",2048,2052,1890,-0.0771484375
"17113","17113",2986,2903,2733,-0.0847287340924313
"17114","17114",1482,1481,1481,-0.000674763832658569
"17115","17115",3303,3400,3287,-0.00484408113835907
"17116","17116",2562,2022,1578,-0.384074941451991
"17117","17117",1801,1799,1800,-0.000555247084952804
"17118","17118",6523,7024,6561,0.00582554039552353
"17119","17119",4470,4948,4250,-0.0492170022371365
"17123","17123",3367,3158,2570,-0.236709236709237
"17125","17125",3561,3524,3309,-0.0707666385846672
"17127","17127",7402,7526,7056,-0.0467441232099433
"17128","17128",2960,2958,2959,-0.000337837837837838
"17129","17129",2346,2028,2045,-0.128303495311168
"17130","17130",4747,3997,3929,-0.172319359595534
"17131","17131",4722,4716,4500,-0.0470139771283355
"17132","17132",765,757,752,-0.0169934640522876
"17133","17133",5037,5191,4575,-0.0917212626563431
"17134","17134",3825,3550,3720,-0.0274509803921569
"17135","17135",1515,1515,1515,0
"17136","17136",4141,4141,4145,0.000965950253561942
"17138","17138",1139,1268,1321,0.159789288849868
"17139","17139",4419,4354,4190,-0.0518216791129215
"17140","17140",2795,2830,2742,-0.0189624329159213
"17141","17141",1727,1727,1773,0.026635784597568
"17142","17142",3121,3121,2213,-0.290932393463633
"17143","17143",5521,5487,5487,-0.00615830465495381
"17144","17144",3168,3273,3273,0.0331439393939394
"17145","17145",4221,4791,4691,0.111348021795783
"17146","17146",2459,2634,2490,0.0126067507116714
"17147","17147",4474,4474,4542,0.0151989271345552
"17148","17148",2370,2358,2556,0.0784810126582278
"17149","17149",5061,5060,6250,0.234933807547915
"17151","17151",2034,2332,2194,0.0786627335299902
"17152","17152",3878,3878,3898,0.00515729757607014
"17153","17153",2515,2626,2731,0.0858846918489066
"17154","17154",2286,2281,2281,-0.00218722659667542
"17155","17155",1562,1583,1588,0.0166453265044814
"17156","17156",1355,1393,1394,0.0287822878228782
"17161","17161",6035,5873,6665,0.104391052195526
"17162","17162",1727,1135,1082,-0.373480023161552
"17163","17163",4062,4100,4369,0.0755785327424914
"17164","17164",7557,7541,6198,-0.179833267169512
"17165","17165",1040,1040,1006,-0.0326923076923077
"17166","17166",5940,6352,5561,-0.0638047138047138
"17167","17167",4602,4602,4130,-0.102564102564103
"17168","17168",5946,5861,5830,-0.0195089135553313
"17171","17171",1467,1457,1540,0.0497614178595774
"17172","17172",2458,2897,3033,0.23393002441009
"17173","17173",4289,3799,3768,-0.121473536955001
"17174","17174",4330,4316,3895,-0.100461893764434
"17175","17175",4661,4609,4659,-0.000429092469427162
"17176","17176",3751,3074,3796,0.0119968008531058
"17178","17178",4304,4282,3154,-0.267193308550186
"17179","17179",3713,3287,3902,0.0509022353891732
"17180","17180",2041,2202,2202,0.0788829005389515
"17181","17181",11606,9042,10657,-0.0817680510080993
"17182","17182",4924,5036,5580,0.133225020308692
"17183","17183",480,480,480,0
"17184","17184",1893,1893,1893,0
"17185","17185",4029,4039,4013,-0.00397120873665922
"17186","17186",3718,3298,3438,-0.0753093060785369
"17187","17187",2501,2838,3362,0.344262295081967
"17189","17189",5892,5560,5714,-0.0302104548540394
"17190","17190",5469,5533,5617,0.0270616200402267
"17191","17191",883,896,896,0.014722536806342
"17192","17192",1011,1011,1011,0
"17193","17193",4817,5642,6464,0.3419140543907
"17194","17194",687,687,1300,0.892285298398836
"17197","17197",3152,3253,3212,0.0190355329949239
"17198","17198",1779,1774,2107,0.184373243395166
"17199","17199",6715,5777,5996,-0.107073715562174
"17200","17200",2555,3037,3051,0.19412915851272
"17201","17201",2113,2113,2051,-0.0293421675343114
"19575","19575",2113,2113,2051,-0.0293421675343114
"17202","17202",2576,2579,2559,-0.00659937888198758
"17203","17203",4036,4034,3990,-0.0113974231912785
"17204","17204",2331,2252,2252,-0.0338910338910339
"17207","17207",2702,3117,2961,0.0958549222797927
"17209","17209",1136,1328,1328,0.169014084507042
"17210","17210",4577,4577,4172,-0.0884859077998689
"17211","17211",4891,4885,4866,-0.0051114291555919
"17212","17212",6557,6162,6314,-0.0370596309287784
"17216","17216",3502,3407,3504,0.000571102227298686
"17217","17217",4712,4730,4595,-0.024830220713073
"17218","17218",1998,1971,1609,-0.194694694694695
"17219","17219",10334,10092,9907,-0.0413199148442036
"17220","17220",4223,3676,3721,-0.118872839213829
"17221","17221",4753,3479,3480,-0.267830843677677
"17222","17222",2252,2292,2503,0.11145648312611
"17223","17223",6893,7043,7383,0.071086609603946
"17224","17224",3907,3737,4271,0.0931661121064756
"17225","17225",1514,1511,1861,0.229194187582563
"17226","17226",3487,3485,3549,0.0177803269285919
"17227","17227",2693,3294,2703,0.00371333085777943
"17228","17228",1838,1938,2095,0.139825897714907
"17229","17229",4824,4991,4160,-0.137645107794362
"17230","17230",3744,3959,3468,-0.0737179487179487
"17231","17231",4395,4395,4875,0.109215017064846
"17232","17232",3494,3388,3215,-0.0798511734401832
"17233","17233",1916,1916,1912,-0.00208768267223382
"17234","17234",3917,3743,3346,-0.14577482767424
"17236","17236",1105,1105,1113,0.00723981900452489
"18741","18741",1105,1105,1113,0.00723981900452489
"17239","17239",1925,1958,1576,-0.181298701298701
"17240","17240",1826,2481,2343,0.283132530120482
"17241","17241",6345,6352,6308,-0.00583136327817179
"17243","17243",8773,8767,8168,-0.0689615866864243
"17246","17246",3432,3434,3228,-0.0594405594405594
"17247","17247",1597,1605,2056,0.287413901064496
"17248","17248",3082,3069,3037,-0.0146009085009734
"19660","19660",3082,3069,3037,-0.0146009085009734
"17249","17249",2224,2624,2386,0.072841726618705
"17250","17250",7189,6035,6301,-0.12352204757268
"17251","17251",2685,2717,2511,-0.064804469273743
"17253","17253",4354,4354,4347,-0.00160771704180064
"17254","17254",3140,3141,2922,-0.0694267515923567
"17255","17255",2376,2824,2605,0.0963804713804714
"17256","17256",2120,2120,2101,-0.0089622641509434
"17258","17258",2478,2434,2793,0.127118644067797
"17259","17259",2951,2951,2951,0
"17260","17260",4350,4543,4275,-0.0172413793103448
"17261","17261",3585,3587,3645,0.0167364016736402
"17263","17263",4694,4277,4184,-0.108649339582446
"17264","17264",2265,2113,2519,0.112141280353201
"17265","17265",1518,1481,1483,-0.0230566534914361
"17266","17266",2406,2408,2408,0.000831255195344971
"17267","17267",5572,5422,5530,-0.00753768844221105
"17269","17269",1885,1890,1890,0.0026525198938992
"17270","17270",5223,4472,4404,-0.156806433084434
"17272","17272",6338,6337,6723,0.060744714420953
"17273","17273",1591,1592,1343,-0.155876807039598
"17274","17274",2093,2119,2119,0.0124223602484472
"17275","17275",2999,2850,2930,-0.0230076692230744
"17276","17276",5695,5245,4955,-0.129938542581212
"17277","17277",1269,1270,1270,0.000788022064617809
"17278","17278",9373,9495,9410,0.00394750880187773
"17280","17280",1069,1008,838,-0.216089803554724
"17281","17281",3554,3558,3267,-0.0807540799099606
"17282","17282",2257,2255,2260,0.00132919805050953
"17283","17283",1990,1992,1938,-0.0261306532663317
"17285","17285",3264,3258,2955,-0.0946691176470588
"17286","17286",5690,5686,5676,-0.00246045694200351
"17287","17287",1902,1733,1733,-0.0888538380651945
"17288","17288",3049,2576,2071,-0.320760905214825
"17289","17289",1173,1224,1169,-0.00341005967604433
"17290","17290",717,780,960,0.338912133891213
"17291","17291",3023,2927,2942,-0.0267945749255706
"17292","17292",4343,4344,4344,0.000230255583697905
"17293","17293",5306,5508,5844,0.10139464756879
"17294","17294",4604,4270,4233,-0.0805821025195482
"17296","17296",2113,2020,2064,-0.0231897775674397
"17297","17297",1934,1934,1967,0.0170630816959669
"17298","17298",1960,1960,1908,-0.026530612244898
"17299","17299",2649,2634,2650,0.000377500943752359
"17300","17300",2496,2477,2478,-0.00721153846153846
"17301","17301",3792,3792,4391,0.157964135021097
"17303","17303",5789,6825,6855,0.184142338918639
"17304","17304",12355,12379,11366,-0.0800485633346823
"17305","17305",2884,3131,3134,0.0866851595006935
"17306","17306",2986,2987,2885,-0.0338245144005358
"17307","17307",5375,4776,4402,-0.181023255813953
"17308","17308",2969,2972,2616,-0.118895250926238
"17312","17312",5680,5673,5580,-0.0176056338028169
"17313","17313",3169,3221,3335,0.0523824550331335
"17314","17314",2692,2304,2373,-0.118499257057949
"17315","17315",4947,3862,3862,-0.219324843339398
"17317","17317",1832,1590,1514,-0.173580786026201
"17318","17318",7829,8248,8260,0.0550517307446673
"17320","17320",4586,4891,4745,0.0346707370257305
"17321","17321",5453,5709,5035,-0.0766550522648084
"17322","17322",5810,5758,5698,-0.0192771084337349
"17323","17323",1822,1822,1863,0.0225027442371021
"17324","17324",2596,2582,2589,-0.00269645608628659
"17325","17325",1185,1346,1374,0.159493670886076
"17328","17328",7622,7545,7726,0.0136447126738389
"17329","17329",4625,4620,4617,-0.00172972972972973
"17330","17330",1533,1502,1659,0.0821917808219178
"17331","17331",1122,1122,1755,0.564171122994652
"17332","17332",2006,2060,1958,-0.0239282153539382
"17333","17333",1152,1139,1051,-0.0876736111111111
"17335","17335",907,909,909,0.00220507166482911
"17336","17336",858,1439,1349,0.572261072261072
"17337","17337",1926,1923,1814,-0.0581516095534787
"17338","17338",3001,3011,3011,0.00333222259246918
"17339","17339",1397,1397,1397,0
"17340","17340",4973,4973,3502,-0.295797305449427
"17341","17341",1140,1374,1284,0.126315789473684
"17342","17342",2129,2772,1865,-0.124001878816346
"17343","17343",2934,3057,3057,0.0419222903885481
"17344","17344",4336,4335,4300,-0.00830258302583026
"17345","17345",4392,4389,4166,-0.0514571948998178
"17346","17346",2889,2893,2890,0.000346140533056421
"17347","17347",3191,3181,2480,-0.222814164838609
"17348","17348",312,539,608,0.948717948717949
"17349","17349",3243,3212,3168,-0.0231267345050879
"17350","17350",5998,5651,5822,-0.0293431143714572
"17352","17352",4220,4130,4661,0.104502369668246
"17353","17353",2539,2526,2526,-0.0051201260338716
"17355","17355",3227,3678,3243,0.00495816547877285
"17356","17356",9217,9272,8091,-0.122165563632418
"17357","17357",3950,3980,2517,-0.362784810126582
"17358","17358",1510,1510,1521,0.00728476821192053
"17359","17359",2789,3343,3463,0.241663678737899
"17360","17360",840,842,842,0.00238095238095238
"17361","17361",2238,2240,2218,-0.00893655049151028
"19422","19422",2238,2240,2218,-0.00893655049151028
"17362","17362",3001,2989,3608,0.202265911362879
"17363","17363",2011,2811,2815,0.399801093983093
"17364","17364",2019,2036,2185,0.0822189202575532
"17365","17365",4996,4120,4214,-0.156525220176141
"17366","17366",3683,4336,4348,0.180559326635895
"17367","17367",3538,3691,2963,-0.162521198417185
"17369","17369",2853,3254,3642,0.276550998948475
"17370","17370",5775,5713,6335,0.096969696969697
"17371","17371",1687,1882,1520,-0.0989922940130409
"17372","17372",2084,2082,2093,0.00431861804222649
"17373","17373",2026,2026,2028,0.000987166831194472
"17374","17374",3438,3543,3343,-0.0276323443862711
"17375","17375",5783,5973,6236,0.0783330451322843
"17376","17376",2132,2127,2654,0.24484052532833
"17378","17378",5248,5356,5354,0.0201981707317073
"17379","17379",3040,3051,3307,0.087828947368421
"17380","17380",909,964,986,0.0847084708470847
"17381","17381",1429,1429,1367,-0.0433869839048285
"17382","17382",6348,6870,6412,0.0100819155639572
"17383","17383",4193,4192,4220,0.00643930360124016
"17384","17384",5064,5211,5169,0.0207345971563981
"17385","17385",3159,3117,3092,-0.0212092434314657
"17386","17386",1469,1470,1504,0.0238257317903336
"17387","17387",2665,2685,2932,0.100187617260788
"17389","17389",4150,4238,4056,-0.0226506024096386
"18071","18071",4150,4238,4056,-0.0226506024096386
"17390","17390",3418,3871,3985,0.165886483323581
"17391","17391",3015,2956,2762,-0.0839137645107794
"17392","17392",2364,2508,2577,0.0901015228426396
"18882","18882",2364,2508,2577,0.0901015228426396
"17393","17393",7234,7218,6980,-0.0351119712468897
"17394","17394",2356,2182,2138,-0.0925297113752122
"17395","17395",1129,1000,1058,-0.0628875110717449
"17396","17396",3147,3110,2957,-0.0603749602796314
"17397","17397",4508,4508,4656,0.0328305235137533
"17398","17398",2929,2847,2431,-0.170023898941618
"17399","17399",1598,1675,1575,-0.0143929912390488
"19691","19691",1598,1675,1575,-0.0143929912390488
"17400","17400",1776,1784,1785,0.00506756756756757
"17401","17401",4959,3687,3949,-0.203670094777173
"17402","17402",2885,3060,3199,0.108838821490468
"17404","17404",3138,2836,2542,-0.189929891650733
"17406","17406",3175,3175,3175,0
"17407","17407",1459,1217,1298,-0.110349554489376
"17409","17409",5476,5334,3917,-0.284696859021183
"17410","17410",2611,2161,2161,-0.172347759479127
"17412","17412",2631,2631,2779,0.056252375522615
"17413","17413",5066,5739,5002,-0.0126332412159495
"17414","17414",3589,3390,4123,0.148787963220953
"17415","17415",3376,3378,2748,-0.186018957345972
"17416","17416",13650,12712,12728,-0.0675457875457876
"17417","17417",8436,8434,8519,0.00983878615457563
"17418","17418",2787,2849,2478,-0.110871905274489
"17419","17419",2523,2717,2415,-0.0428061831153389
"17421","17421",2305,2317,2534,0.0993492407809111
"17422","17422",4974,5054,4968,-0.00120627261761158
"17423","17423",10548,10325,10394,-0.0145999241562381
"17424","17424",1186,1186,1592,0.342327150084317
"17425","17425",2175,2175,2175,0
"17426","17426",7782,7994,7963,0.0232588023644307
"17427","17427",4528,3773,4014,-0.113515901060071
"17428","17428",2643,2643,1996,-0.24479757850927
"17429","17429",9219,9190,9406,0.0202841956828289
"17430","17430",5307,5371,5327,0.00376860749952892
"17431","17431",4990,4275,4361,-0.126052104208417
"17432","17432",1706,1706,1626,-0.0468933177022274
"17433","17433",7026,6719,7904,0.124964417876459
"17434","17434",1809,1806,1853,0.0243228302929795
"17436","17436",1560,1719,1707,0.0942307692307692
"17437","17437",2804,2812,2802,-0.000713266761768902
"17438","17438",1124,1124,1086,-0.0338078291814947
"17439","17439",5034,5240,5754,0.143027413587604
"17440","17440",4007,4212,4152,0.036186673321687
"17441","17441",1289,1290,1290,0.000775795190069822
"17442","17442",2000,1885,1956,-0.022
"17443","17443",6537,6537,6717,0.0275355667737494
"17444","17444",6436,6440,6269,-0.0259477936606588
"17445","17445",3270,3270,3246,-0.0073394495412844
"17447","17447",1914,1782,1782,-0.0689655172413793
"17448","17448",2823,2492,2473,-0.123981579879561
"17449","17449",2282,2282,2159,-0.0539000876424189
"17451","17451",2597,2853,2905,0.118598382749326
"17452","17452",3698,3692,3696,-0.000540832882639265
"17453","17453",4358,4531,4182,-0.0403854979348325
"17454","17454",1784,1784,1892,0.0605381165919283
"17455","17455",1640,1619,1788,0.0902439024390244
"17456","17456",3935,3892,3361,-0.145870393900889
"17457","17457",9357,9997,9080,-0.029603505397029
"17458","17458",5389,5384,6184,0.147522731490072
"17459","17459",1724,1724,1825,0.058584686774942
"17461","17461",2905,2787,2793,-0.0385542168674699
"17462","17462",1811,1984,1985,0.0960795140806184
"17463","17463",2463,2703,2496,0.0133982947624848
"17464","17464",3304,3461,3503,0.0602300242130751
"17465","17465",3090,2917,2913,-0.0572815533980583
"19310","19310",3090,2917,2913,-0.0572815533980583
"17467","17467",1955,1894,1754,-0.102813299232737
"17468","17468",2660,2647,3021,0.135714285714286
"17469","17469",3770,3771,3819,0.0129973474801061
"17470","17470",3896,4007,4067,0.0438911704312115
"17471","17471",1392,1877,2323,0.66882183908046
"17472","17472",2843,2913,2769,-0.02602884277172
"17473","17473",1476,1476,1385,-0.0616531165311653
"17474","17474",1731,1710,1648,-0.047949162333911
"17476","17476",4823,5319,4525,-0.0617872693344391
"17477","17477",4731,5427,4796,0.0137391671950962
"17478","17478",6722,6723,6647,-0.0111573936328474
"17479","17479",6032,6086,5897,-0.0223806366047745
"17481","17481",1261,1340,1705,0.352101506740682
"17482","17482",1662,1821,1517,-0.0872442839951865
"17483","17483",3523,3501,3466,-0.0161793925631564
"17484","17484",2555,2418,2461,-0.0367906066536203
"17485","17485",1441,1441,1441,0
"17486","17486",3784,3753,3825,0.0108350951374207
"17487","17487",2244,2244,2244,0
"17488","17488",2877,2797,2796,-0.0281543274244004
"17489","17489",5351,4710,4965,-0.0721360493365726
"17491","17491",5948,5930,5473,-0.0798587760591796
"17492","17492",2327,2327,1459,-0.373012462397937
"17493","17493",2499,2861,2772,0.109243697478992
"17494","17494",3171,2740,2761,-0.129296751813308
"17495","17495",6472,6436,6918,0.0689122373300371
"17496","17496",1466,1431,1357,-0.0743519781718963
"17497","17497",7789,7865,7836,0.00603415072538195
"17498","17498",1328,1289,1305,-0.0173192771084337
"17499","17499",3780,4168,4151,0.0981481481481482
"17500","17500",3302,3454,3463,0.0487583282858873
"17501","17501",2240,2332,3023,0.349553571428571
"17502","17502",1780,1280,1146,-0.356179775280899
"17503","17503",1244,1244,1244,0
"17505","17505",2262,2190,2462,0.0884173297966401
"17506","17506",2610,2782,2776,0.0636015325670498
"17507","17507",2847,2847,2824,-0.00807867931155602
"17508","17508",4358,4346,4256,-0.023405231757687
"17510","17510",5091,5085,4313,-0.152818699666077
"17511","17511",1108,1108,1108,0
"17512","17512",3440,3440,3420,-0.00581395348837209
"17513","17513",1996,1995,1995,-0.000501002004008016
"17515","17515",2454,2454,1957,-0.202526487367563
"17516","17516",3142,3252,3288,0.0464672183322724
"17518","17518",1440,1440,1441,0.000694444444444444
"17519","17519",2175,2149,2189,0.0064367816091954
"17520","17520",2972,3422,2975,0.00100942126514132
"17521","17521",2391,3080,3080,0.288163948138854
"17522","17522",6865,6992,6628,-0.0345229424617626
"17524","17524",824,1140,1098,0.33252427184466
"17525","17525",3617,3613,3659,0.0116118330107824
"17526","17526",6039,6012,5998,-0.00678920351051499
"17527","17527",3036,2967,2815,-0.0727931488801054
"17528","17528",3401,3401,4507,0.32519847103793
"17529","17529",870,1369,1280,0.471264367816092
"17530","17530",8952,9627,10061,0.123882931188561
"17531","17531",5285,5278,5247,-0.00719016083254494
"17532","17532",4644,4304,4113,-0.114341085271318
"17533","17533",1779,1779,1781,0.00112422709387296
"17534","17534",5326,5376,4493,-0.156402553511078
"17535","17535",2939,3063,2797,-0.0483157536577067
"17536","17536",3206,3202,3157,-0.0152838427947598
"17537","17537",1889,1726,2193,0.160931709899418
"17538","17538",4130,5070,4281,0.0365617433414044
"17540","17540",2415,2376,2726,0.128778467908903
"17541","17541",3446,3869,3921,0.137840975043529
"17542","17542",5042,4944,4251,-0.156882189607299
"17543","17543",2258,2244,2241,-0.00752878653675819
"17545","17545",1637,1478,1478,-0.097128894318876
"17546","17546",2985,2985,2838,-0.0492462311557789
"17547","17547",2132,2351,2314,0.0853658536585366
"18980","18980",2132,2351,2314,0.0853658536585366
"17548","17548",1366,1282,1270,-0.0702781844802343
"17549","17549",9373,9368,10722,0.143924037127921
"17551","17551",4897,4082,4341,-0.113538901368185
"17552","17552",8737,9410,9568,0.0951127389264049
"17553","17553",3114,3121,2468,-0.207450224791265
"17554","17554",12471,12284,10573,-0.152193087964077
"17555","17555",1417,1411,1498,0.0571630204657728
"17557","17557",3608,3633,3553,-0.0152439024390244
"17558","17558",3147,3084,3060,-0.0276453765490944
"17559","17559",2822,2822,2796,-0.00921332388377038
"17560","17560",6424,6407,6407,-0.00264632627646326
"17561","17561",1646,1750,1751,0.0637910085054678
"17562","17562",2484,2484,2484,0
"17563","17563",5985,5982,5771,-0.0357560568086884
"17564","17564",4388,4222,4405,0.00387420237010027
"17565","17565",3994,3993,3867,-0.0317976965448172
"17566","17566",4713,4752,4684,-0.0061531932951411
"17567","17567",2350,2350,2350,0
"17568","17568",1018,1096,1212,0.19056974459725
"17569","17569",2610,3943,3925,0.503831417624521
"17570","17570",3031,3029,2827,-0.0673045199604091
"17571","17571",2592,2059,2528,-0.0246913580246914
"17572","17572",1006,1006,1068,0.0616302186878728
"17573","17573",2537,2555,2554,0.00670082774931021
"17574","17574",4254,4840,4231,-0.00540667606958157
"17576","17576",6058,6073,5967,-0.0150214592274678
"17577","17577",891,1054,1050,0.178451178451178
"17578","17578",2975,3077,3077,0.0342857142857143
"17579","17579",2785,2814,2285,-0.179533213644524
"17580","17580",2380,2352,1910,-0.197478991596639
"17581","17581",1490,1490,1490,0
"17582","17582",2811,2913,2913,0.0362860192102455
"17583","17583",5586,5325,5386,-0.0358037952022914
"17584","17584",2008,2100,2229,0.110059760956175
"17585","17585",2111,2223,2863,0.356229275225012
"17586","17586",4274,4278,4195,-0.0184838558727188
"17588","17588",2954,2266,2266,-0.232904536222072
"17589","17589",4866,4748,4720,-0.0300041101520756
"17591","17591",1306,1315,1212,-0.0719754977029096
"17592","17592",2767,2767,1918,-0.306830502349115
"17593","17593",2013,2013,2055,0.0208643815201192
"17594","17594",2208,2557,2839,0.285778985507246
"17595","17595",3616,3616,3503,-0.03125
"17598","17598",2840,2952,2790,-0.0176056338028169
"17600","17600",4014,3911,3459,-0.138266068759342
"17601","17601",2559,2559,2559,0
"17602","17602",3306,3830,3708,0.121597096188748
"17603","17603",4454,6394,4821,0.0823978446340368
"17604","17604",1007,1007,1006,-0.00099304865938431
"17606","17606",5081,4423,4268,-0.16000787246605
"17607","17607",4089,4057,3505,-0.142822205918317
"17608","17608",10614,8835,10014,-0.0565291124929339
"17609","17609",1973,1642,1568,-0.205271160669032
"17610","17610",1294,1294,1294,0
"17611","17611",1121,1124,1124,0.00267618198037467
"17612","17612",4432,4376,4329,-0.0232400722021661
"17613","17613",6323,6310,6482,0.0251462913174126
"17614","17614",980,1016,1154,0.177551020408163
"17807","17807",980,1016,1154,0.177551020408163
"19789","19789",980,1016,1154,0.177551020408163
"17615","17615",5121,5032,5910,0.154071470415934
"17616","17616",2924,3204,3455,0.181600547195622
"17617","17617",1586,1420,1419,-0.105296343001261
"17618","17618",2458,2369,2369,-0.0362082994304312
"17619","17619",4030,4030,3899,-0.0325062034739454
"17620","17620",2651,2592,2404,-0.0931723877781969
"17621","17621",9759,10622,9988,0.0234655190080951
"17622","17622",3489,3448,3266,-0.0639151619375179
"17623","17623",2939,2939,2761,-0.0605648179652943
"17624","17624",8366,8366,8253,-0.0135070523547693
"17625","17625",4605,4513,4421,-0.039956568946797
"17627","17627",4104,3969,3929,-0.0426413255360624
"17628","17628",3515,3514,2517,-0.283926031294452
"18038","18038",3515,3514,2517,-0.283926031294452
"17629","17629",4444,5006,4101,-0.0771827182718272
"17630","17630",2352,2352,1929,-0.17984693877551
"17631","17631",6267,6267,4459,-0.288495292803574
"17632","17632",5014,4748,4269,-0.148583964898285
"17633","17633",1120,1065,1067,-0.0473214285714286
"17634","17634",1157,1157,1157,0
"17635","17635",2376,2260,2225,-0.0635521885521886
"17636","17636",4402,4932,4698,0.0672421626533394
"17637","17637",2840,2840,2085,-0.265845070422535
"17638","17638",2014,2017,1765,-0.123634558093347
"17639","17639",3505,3822,3822,0.0904422253922967
"17640","17640",4652,4754,4789,0.0294496990541703
"17641","17641",5768,5832,5720,-0.00832177531206657
"17642","17642",4793,4432,4374,-0.0874191529313582
"17643","17643",1627,1627,1767,0.0860479409956976
"17644","17644",1332,1330,1277,-0.0412912912912913
"17645","17645",1847,1720,1770,-0.0416892257715214
"17646","17646",7876,7992,8137,0.0331386490604368
"17647","17647",2543,2543,2765,0.0872984663782934
"17648","17648",3077,3118,2712,-0.118622034449139
"17649","17649",5128,5504,4935,-0.0376365054602184
"17650","17650",3508,3508,3134,-0.106613454960091
"17651","17651",3148,3745,3154,0.00190597204574333
"17652","17652",1876,1985,1863,-0.00692963752665245
"17654","17654",5316,6122,6236,0.17306245297216
"17655","17655",4527,4533,4198,-0.0726750607466313
"17656","17656",1457,1524,1536,0.0542210020590254
"17657","17657",2332,2332,2190,-0.0608919382504288
"17658","17658",4525,4899,4842,0.0700552486187845
"17659","17659",5471,5474,5444,-0.0049351124108938
"17661","17661",2662,3027,2862,0.0751314800901578
"17662","17662",1578,1578,1578,0
"17663","17663",1399,1399,1522,0.0879199428162974
"17665","17665",1858,3373,2039,0.0974165769644779
"17666","17666",4407,4464,4584,0.0401633764465623
"17667","17667",5263,4325,4325,-0.178225346760403
"17668","17668",3684,3795,4609,0.251085776330076
"17669","17669",5361,5469,5498,0.025554933781011
"17670","17670",9254,7561,8695,-0.0604063107845256
"17671","17671",1822,1822,1704,-0.0647639956092206
"17672","17672",1628,1628,1595,-0.0202702702702703
"17673","17673",2140,2106,1990,-0.0700934579439252
"17674","17674",1214,1218,1396,0.1499176276771
"17675","17675",3670,3675,3503,-0.0455040871934605
"17676","17676",1723,1686,1690,-0.0191526407428903
"17677","17677",2115,2214,2205,0.0425531914893617
"17678","17678",2167,2126,2016,-0.0696815874480849
"17679","17679",3046,2872,3281,0.07715036112935
"17680","17680",2705,4555,2624,-0.0299445471349353
"17681","17681",3465,3476,3505,0.0115440115440115
"17682","17682",2289,2573,2288,-0.000436871996505024
"17683","17683",5346,5309,4377,-0.181257014590348
"17685","17685",3516,3434,3440,-0.0216154721274175
"17686","17686",2146,2278,2548,0.187325256290774
"17687","17687",2019,2104,2079,0.0297176820208024
"17688","17688",2686,2686,2720,0.0126582278481013
"17689","17689",3202,3199,3198,-0.00124921923797626
"17690","17690",4905,4495,3762,-0.23302752293578
"17694","17694",4450,4291,4294,-0.0350561797752809
"17695","17695",1089,1089,1089,0
"17696","17696",3507,3507,3539,0.00912460792700314
"17697","17697",1132,1219,1121,-0.00971731448763251
"17698","17698",9207,9028,7803,-0.152492668621701
"17699","17699",1750,1750,1640,-0.0628571428571429
"17700","17700",6335,6232,6198,-0.0216258879242305
"17701","17701",4870,4877,4924,0.011088295687885
"17702","17702",1600,1655,1480,-0.075
"17703","17703",6615,7118,5355,-0.19047619047619
"17704","17704",7067,7397,7848,0.110513655016273
"17706","17706",1795,1799,1799,0.00222841225626741
"17707","17707",4151,3705,3547,-0.145507106721272
"17708","17708",2155,2146,1970,-0.08584686774942
"17709","17709",1420,1420,1420,0
"17710","17710",3185,3112,2638,-0.171742543171115
"17711","17711",1985,1984,2303,0.160201511335013
"17713","17713",3160,3355,3095,-0.0205696202531646
"17714","17714",3936,3913,3809,-0.0322662601626016
"17715","17715",5570,5551,5418,-0.0272890484739677
"17716","17716",2815,2461,3089,0.097335701598579
"17717","17717",4998,4756,4613,-0.07703081232493
"17718","17718",7118,7119,8057,0.131919078392807
"17719","17719",2358,2361,2225,-0.0564037319762511
"17720","17720",1326,1326,1445,0.0897435897435897
"17721","17721",1982,2009,2009,0.0136226034308779
"17722","17722",1295,1345,1263,-0.0247104247104247
"17723","17723",6351,7960,7725,0.216343882853094
"17724","17724",4285,4285,4134,-0.0352392065344224
"17725","17725",4595,4593,4380,-0.0467899891186072
"17726","17726",5843,5781,6421,0.0989217867533801
"17727","17727",1325,1072,1071,-0.191698113207547
"17728","17728",1778,2062,1951,0.0973003374578178
"17729","17729",1765,1823,1705,-0.0339943342776204
"17730","17730",3166,3390,3252,0.0271636133922931
"17731","17731",1125,1137,1136,0.00977777777777778
"17732","17732",3926,3951,3399,-0.134233316352522
"17733","17733",1333,1264,1253,-0.0600150037509377
"17734","17734",7671,6818,5820,-0.241298396558467
"17735","17735",2383,2459,2490,0.0449013848090642
"17736","17736",4275,4264,4278,0.000701754385964912
"17737","17737",4091,4091,3643,-0.109508677584943
"17738","17738",4034,4130,4769,0.182201289043133
"17739","17739",1886,1869,1819,-0.035524920466596
"17741","17741",1995,2133,1882,-0.0566416040100251
"17742","17742",2917,2799,2523,-0.135070277682551
"17743","17743",6516,6934,6529,0.0019950890116636
"17744","17744",2985,2989,2841,-0.0482412060301508
"17745","17745",5769,5772,5683,-0.014907262957185
"17746","17746",893,893,1199,0.342665173572228
"17747","17747",2047,2049,2384,0.164631167562286
"17748","17748",2872,2872,2886,0.00487465181058496
"17749","17749",1107,1089,1089,-0.016260162601626
"17750","17750",2303,2291,2428,0.0542770299609205
"17751","17751",2092,2092,2097,0.00239005736137667
"17752","17752",2609,2933,2936,0.125335377539287
"17753","17753",2734,2883,2966,0.0848573518653987
"17979","17979",2734,2883,2966,0.0848573518653987
"17754","17754",4331,4213,4577,0.0567998152851535
"17755","17755",2919,2878,2767,-0.052072627612196
"17756","17756",4137,4102,4104,-0.00797679477882524
"17757","17757",1877,1607,1832,-0.0239744272775706
"17758","17758",3753,3753,3748,-0.00133226751931788
"17760","17760",1347,1476,1405,0.0430586488492947
"17761","17761",2599,2669,2288,-0.119661408233936
"17762","17762",5151,5151,5151,0
"17763","17763",2734,2734,2734,0
"17764","17764",1960,1948,2015,0.0280612244897959
"17765","17765",2979,2959,2931,-0.0161127895266868
"17766","17766",1789,1790,1744,-0.0251537171604248
"17767","17767",1932,2326,2270,0.174948240165631
"17768","17768",9421,9483,9431,0.00106145844390192
"17769","17769",3198,3600,3343,0.0453408380237649
"17770","17770",1467,1467,1515,0.032719836400818
"17771","17771",1464,1948,1940,0.325136612021858
"17772","17772",1728,1728,1624,-0.0601851851851852
"17773","17773",4703,4329,4265,-0.0931320433765681
"17774","17774",2023,2022,2048,0.0123578843302027
"17776","17776",2854,2854,2850,-0.00140154169586545
"17777","17777",5610,6655,6021,0.0732620320855615
"17778","17778",4727,4594,4142,-0.12375713983499
"17779","17779",2654,2651,2618,-0.0135644310474755
"17780","17780",3005,3116,3078,0.0242928452579035
"17781","17781",2149,2183,2548,0.185667752442997
"17782","17782",2922,2904,3185,0.0900068446269678
"17783","17783",2889,3195,3008,0.0411907234337141
"17784","17784",2250,2249,2026,-0.0995555555555555
"17786","17786",2175,2000,1999,-0.0809195402298851
"17787","17787",617,617,617,0
"17788","17788",2952,2992,2760,-0.0650406504065041
"17789","17789",1327,1363,1349,0.0165787490580256
"17790","17790",5765,5763,5764,-0.000173460537727667
"17791","17791",3563,3253,3098,-0.130507998877351
"17792","17792",1699,1702,1668,-0.0182460270747499
"17793","17793",3698,3996,3709,0.00297458085451595
"17794","17794",3886,3887,3805,-0.0208440555841482
"17795","17795",2680,2680,2246,-0.161940298507463
"17796","17796",4841,4656,4606,-0.0485436893203883
"17797","17797",1923,1572,1387,-0.27873114924597
"17798","17798",2929,2842,2642,-0.097985660635029
"17799","17799",1222,1181,1111,-0.0908346972176759
"17800","17800",1136,1179,1168,0.028169014084507
"17801","17801",3147,3603,3571,0.13473149030823
"17802","17802",1183,1290,1188,0.00422654268808115
"17803","17803",2191,1876,1921,-0.123231401186673
"17811","17811",2191,1876,1921,-0.123231401186673
"17804","17804",4216,4216,4151,-0.0154174573055028
"17805","17805",4661,4602,4468,-0.0414074232997211
"17806","17806",3485,3898,3845,0.103299856527977
"17808","17808",6424,6432,5973,-0.0702054794520548
"17812","17812",2812,3798,3042,0.0817923186344239
"17813","17813",2357,2360,2162,-0.0827322868052609
"17814","17814",3503,3503,3507,0.00114187838995147
"17815","17815",5669,5655,5652,-0.00299876521432351
"17816","17816",3773,3547,3500,-0.0723562152133581
"17817","17817",1726,1659,2104,0.219003476245655
"17818","17818",3899,3988,3988,0.0228263657348038
"17820","17820",3204,3174,3264,0.0187265917602996
"17821","17821",7984,7930,8720,0.0921843687374749
"17822","17822",3378,2044,2044,-0.394908229721729
"17823","17823",3395,3842,3842,0.131664212076583
"17824","17824",6340,5794,5849,-0.0774447949526814
"17826","17826",1899,2000,2000,0.0531858873091101
"17827","17827",1174,1114,1461,0.244463373083475
"17828","17828",2903,2986,2907,0.00137788494660696
"17830","17830",3447,3635,2902,-0.158108500145054
"17831","17831",2611,2699,2540,-0.0271926464955956
"17832","17832",4710,4705,4491,-0.0464968152866242
"17833","17833",2071,2013,1981,-0.0434572670207629
"17834","17834",7691,8644,7919,0.0296450396567416
"17835","17835",3482,3049,3191,-0.0835726593911545
"17836","17836",3873,4448,4394,0.134521043119029
"17837","17837",3158,3612,3657,0.158011399620013
"17838","17838",5747,5737,5793,0.00800417609187402
"17839","17839",6131,6122,5692,-0.0716033273527973
"17840","17840",1998,2213,2108,0.0550550550550551
"17841","17841",11261,11838,11827,0.050261966077613
"17842","17842",1987,1987,2096,0.0548565676899849
"17844","17844",1490,1453,1454,-0.0241610738255034
"17845","17845",5224,5224,4986,-0.0455589586523737
"17846","17846",6401,6386,6275,-0.0196844243087018
"17848","17848",7998,8940,7835,-0.0203800950237559
"17849","17849",3199,3151,3163,-0.0112535167239762
"17850","17850",1690,1694,1691,0.000591715976331361
"17851","17851",2665,2701,2901,0.0885553470919325
"17852","17852",5333,4416,4463,-0.163135195949747
"17853","17853",1965,1682,1907,-0.0295165394402036
"17854","17854",1198,1422,1339,0.117696160267112
"17855","17855",1574,1574,1706,0.0838627700127065
"17856","17856",5305,5384,5430,0.0235626767200754
"17857","17857",4627,4640,4292,-0.0724011238383402
"17858","17858",3887,3882,3760,-0.032673012606123
"17860","17860",2517,2517,2506,-0.00437028208184346
"17861","17861",3746,3698,3697,-0.0130806193272824
"19688","19688",3746,3698,3697,-0.0130806193272824
"17862","17862",3323,3324,3257,-0.0198615708696961
"17863","17863",2747,2750,2714,-0.0120131052056789
"17864","17864",2080,2080,2080,0
"17865","17865",2621,2602,2706,0.0324303700877528
"17866","17866",3602,3592,3589,-0.00360910605219323
"17867","17867",2788,2786,2523,-0.0950502152080344
"17868","17868",2193,2299,1871,-0.146830825353397
"17869","17869",1331,1331,1330,-0.000751314800901578
"17870","17870",5311,4949,5580,0.0506495951798155
"17871","17871",4471,4469,4448,-0.00514426302840528
"17873","17873",2500,2500,2473,-0.0108
"17874","17874",1559,1558,1500,-0.0378447722899294
"17875","17875",1685,1466,1464,-0.131157270029674
"17876","17876",2222,2222,2222,0
"17877","17877",3897,3923,3693,-0.0523479599692071
"17880","17880",3268,3268,3271,0.000917992656058752
"17881","17881",1694,1694,1401,-0.172963400236127
"17882","17882",8529,8823,8194,-0.0392777582366045
"17883","17883",2091,2242,2212,0.0578670492587279
"17884","17884",1256,1256,1285,0.0230891719745223
"17885","17885",1178,1632,1395,0.184210526315789
"17886","17886",3411,3457,3456,0.0131926121372032
"17887","17887",5185,5013,4728,-0.0881388621022179
"17888","17888",1813,1813,2051,0.131274131274131
"17889","17889",2060,2206,2191,0.0635922330097087
"17890","17890",1328,1336,1275,-0.0399096385542169
"17891","17891",5753,6283,5834,0.014079610637928
"17892","17892",1746,1746,1961,0.123138602520046
"17894","17894",4085,4121,4008,-0.0188494492044064
"17895","17895",4528,4494,4469,-0.013030035335689
"17897","17897",1299,1299,1299,0
"17898","17898",3823,3145,3225,-0.156421658383468
"17900","17900",6642,6622,6652,0.00150557061126167
"17901","17901",1452,1549,1549,0.0668044077134986
"17902","17902",1935,1935,2340,0.209302325581395
"17903","17903",2260,2296,2237,-0.0101769911504425
"17904","17904",3917,4087,4163,0.0628031656880265
"17906","17906",646,667,846,0.309597523219814
"17907","17907",2746,2748,2682,-0.023306627822287
"17909","17909",2270,2270,2225,-0.0198237885462555
"17910","17910",2117,1929,1929,-0.0888049126121871
"17911","17911",2947,2447,3051,0.0352901255514082
"17912","17912",1092,1244,1156,0.0586080586080586
"17913","17913",4495,4173,4444,-0.0113459399332592
"17914","17914",4112,4115,4116,0.000972762645914397
"17915","17915",4194,4275,3902,-0.0696232713400095
"17916","17916",2119,2410,2211,0.0434167059933931
"17917","17917",4931,4933,4932,0.000202798620969377
"17918","17918",6812,6792,6960,0.0217263652378156
"17919","17919",7622,8006,7761,0.018236683285227
"17920","17920",2162,2156,2031,-0.0605920444033302
"17921","17921",5833,5777,5379,-0.0778330190296588
"17922","17922",4643,4643,4805,0.0348912341158734
"17923","17923",1996,1996,1997,0.000501002004008016
"17924","17924",2296,2314,2170,-0.0548780487804878
"17925","17925",2203,1830,1827,-0.17067635043123
"17926","17926",3313,3313,3312,-0.000301841231512225
"17927","17927",2960,2948,2687,-0.0922297297297297
"17928","17928",11107,11057,11114,0.000630233186278923
"17929","17929",6375,5502,5107,-0.198901960784314
"17930","17930",5343,5315,3833,-0.282612764364589
"17931","17931",3940,3929,3926,-0.00355329949238579
"17932","17932",5202,4603,4579,-0.119761630142253
"17933","17933",3838,3838,3219,-0.161281917665451
"17935","17935",2657,2209,2209,-0.168611215656756
"17937","17937",2373,2409,2362,-0.00463548251158871
"17939","17939",959,959,959,0
"17942","17942",4417,4891,4176,-0.0545619198551053
"17943","17943",637,688,693,0.0879120879120879
"17944","17944",6574,6575,7654,0.164283541223
"17945","17945",3265,3265,2926,-0.103828483920368
"17946","17946",3216,3304,4235,0.316853233830846
"17947","17947",4074,3552,3579,-0.121502209131075
"17948","17948",1655,1706,1706,0.0308157099697885
"17949","17949",660,900,900,0.363636363636364
"17950","17950",2550,2550,2554,0.00156862745098039
"17951","17951",3823,4012,3776,-0.0122940099398378
"17952","17952",2969,3385,4360,0.468507915122937
"17953","17953",990,828,828,-0.163636363636364
"17954","17954",4103,4105,4087,-0.00389958566902267
"17955","17955",3448,3165,3615,0.0484338747099768
"17956","17956",1083,1112,1164,0.074792243767313
"17957","17957",3811,3543,3554,-0.0674363684072422
"17958","17958",11481,11197,11577,0.00836164097204076
"17959","17959",4384,4293,4315,-0.0157390510948905
"17960","17960",3485,3522,3522,0.0106169296987088
"17961","17961",2404,2662,2360,-0.0183028286189684
"17962","17962",6028,6547,6454,0.0706702057067021
"17963","17963",2403,2430,2281,-0.0507698709945901
"18969","18969",2403,2430,2281,-0.0507698709945901
"17964","17964",1491,1443,1440,-0.03420523138833
"17965","17965",3841,3823,2979,-0.224420723769852
"18709","18709",3841,3823,2979,-0.224420723769852
"17966","17966",2548,2544,2571,0.00902668759811617
"17967","17967",2793,2792,2788,-0.00179018976011457
"17968","17968",671,671,674,0.00447093889716841
"17970","17970",1515,1516,1398,-0.0772277227722772
"17971","17971",2617,2604,2437,-0.0687810470003821
"17972","17972",1660,1653,1664,0.00240963855421687
"19864","19864",1660,1653,1664,0.00240963855421687
"17973","17973",990,990,1002,0.0121212121212121
"17974","17974",7200,7191,6423,-0.107916666666667
"17975","17975",1352,1352,1352,0
"17976","17976",2015,2052,1838,-0.0878411910669975
"17977","17977",6214,6172,6208,-0.000965561635017702
"17978","17978",1359,1269,1270,-0.0654893303899926
"17980","17980",8835,8814,8406,-0.0485568760611205
"17981","17981",1306,1240,1401,0.0727411944869832
"17982","17982",810,810,814,0.00493827160493827
"17983","17983",1734,1401,1400,-0.192618223760092
"17984","17984",2441,2465,2476,0.014338385907415
"17986","17986",5250,5175,5099,-0.0287619047619048
"17987","17987",2412,2411,2279,-0.0551409618573798
"17988","17988",1694,1694,1698,0.00236127508854782
"17989","17989",5166,5152,5218,0.0100658149438637
"17990","17990",4101,4124,4256,0.0377956595952207
"17991","17991",2366,3324,3531,0.492392223161454
"17992","17992",3321,3321,3361,0.0120445648900933
"17994","17994",2825,2795,2794,-0.0109734513274336
"17995","17995",3229,3552,3548,0.098792195726231
"17996","17996",10032,10614,9594,-0.0436602870813397
"17997","17997",915,915,915,0
"17998","17998",5130,4314,4359,-0.150292397660819
"17999","17999",4798,6290,5415,0.128595248020008
"18000","18000",3948,3948,3621,-0.0828267477203647
"18001","18001",2784,2952,2883,0.0355603448275862
"18002","18002",9671,9265,10063,0.040533553924103
"18003","18003",6029,6028,5828,-0.0333388621661967
"18004","18004",3493,3406,3363,-0.0372172917263098
"18006","18006",2837,2908,2860,0.00810715544589355
"18007","18007",2442,2373,2043,-0.163390663390663
"18008","18008",2485,2448,2447,-0.0152917505030181
"18010","18010",7285,7285,7532,0.0339052848318463
"18011","18011",4733,5745,5373,0.135220790196493
"18013","18013",1742,1748,1947,0.117680826636051
"18014","18014",4327,4328,4895,0.131268777443957
"18015","18015",2254,2254,2254,0
"18016","18016",4327,4186,4186,-0.032586087358447
"18017","18017",3228,3138,3166,-0.0192069392812887
"18018","18018",5658,6456,5476,-0.0321668434075645
"18019","18019",3166,3141,2904,-0.0827542640555907
"18020","18020",2433,2432,2432,-0.00041101520756268
"18021","18021",6073,6953,6365,0.0480816729787584
"18022","18022",12948,12951,12536,-0.0318195860364535
"18023","18023",1817,1826,2084,0.14694551458448
"18024","18024",4043,4032,4063,0.0049468216670789
"18025","18025",1272,1433,1494,0.174528301886792
"18026","18026",2270,2270,2225,-0.0198237885462555
"18027","18027",3600,3600,3429,-0.0475
"18028","18028",4230,4262,4190,-0.00945626477541371
"18029","18029",1847,1847,1857,0.00541418516513265
"18030","18030",4160,3989,4053,-0.0257211538461538
"18031","18031",4792,4792,3688,-0.230383973288815
"18032","18032",2724,2724,2686,-0.0139500734214391
"18033","18033",3932,3643,3643,-0.073499491353001
"18034","18034",2348,2348,2348,0
"18035","18035",3290,3290,3683,0.119452887537994
"18036","18036",6332,6299,6297,-0.00552747946936197
"18037","18037",4467,4627,3483,-0.220282068502351
"18039","18039",3810,4640,4581,0.202362204724409
"18041","18041",3080,3028,3028,-0.0168831168831169
"18043","18043",1942,1895,1872,-0.0360453141091658
"18044","18044",1691,1780,1358,-0.19692489651094
"18045","18045",4988,5094,3944,-0.209302325581395
"18046","18046",1333,1051,1138,-0.146286571642911
"18047","18047",1306,1306,1306,0
"18049","18049",2549,2549,2493,-0.0219693997646136
"18050","18050",3045,3102,3023,-0.00722495894909688
"18052","18052",5273,4997,4994,-0.0529110563246729
"18053","18053",1664,1664,1555,-0.0655048076923077
"18054","18054",2545,2419,2340,-0.0805500982318271
"18055","18055",2303,2530,2560,0.111593573599653
"18057","18057",2317,2317,2274,-0.0185584807941303
"18058","18058",1712,1322,1593,-0.0695093457943925
"18059","18059",1476,1476,1581,0.0711382113821138
"18060","18060",829,829,829,0
"18061","18061",1828,1878,1907,0.0432166301969365
"18062","18062",1918,1918,1923,0.00260688216892596
"18064","18064",2437,2436,2154,-0.116126384899467
"18065","18065",2274,2274,2274,0
"18066","18066",7223,7236,7235,0.00166135954589506
"18067","18067",7287,7399,7366,0.0108412240977082
"18068","18068",2059,2059,2101,0.0203982515784361
"18070","18070",3649,3632,3632,-0.00465881063305015
"18072","18072",5213,5258,4960,-0.0485325148666795
"18073","18073",4041,4299,4020,-0.00519673348181143
"18075","18075",803,803,753,-0.062266500622665
"18076","18076",2388,2346,2027,-0.151172529313233
"18078","18078",12619,11513,12190,-0.0339963547032253
"18079","18079",6835,6834,6767,-0.0099487929773226
"18080","18080",1771,2167,1968,0.111236589497459
"18081","18081",2193,2711,2540,0.158230734154127
"18082","18082",2343,1856,2472,0.0550576184379001
"18083","18083",1811,1814,1779,-0.0176697956929873
"18084","18084",11465,11342,11359,-0.00924552987352813
"18085","18085",1942,1851,2375,0.222966014418126
"18086","18086",5552,5553,5550,-0.000360230547550432
"18087","18087",3399,3850,3850,0.132686084142395
"18088","18088",2379,2375,2388,0.00378310214375788
"18089","18089",3946,4038,3912,-0.00861632032437912
"18090","18090",3626,3626,3388,-0.0656370656370656
"18092","18092",4098,4030,4473,0.0915080527086384
"18093","18093",3997,4222,4022,0.0062546910182637
"18094","18094",2054,2054,2020,-0.0165530671859786
"18095","18095",4920,4989,4975,0.0111788617886179
"18099","18099",852,803,860,0.00938967136150235
"18100","18100",4249,4250,4218,-0.00729583431395622
"18488","18488",4249,4250,4218,-0.00729583431395622
"18101","18101",2310,2207,2207,-0.0445887445887446
"18102","18102",2197,1944,2199,0.000910332271279017
"18103","18103",5504,5509,4758,-0.135537790697674
"18104","18104",5815,6242,5469,-0.0595012897678418
"18105","18105",4059,4048,4513,0.111850209411185
"18106","18106",6006,5554,6362,0.0592740592740593
"18108","18108",3544,3764,3867,0.0911399548532731
"18110","18110",4236,4222,4030,-0.0486307837582625
"18111","18111",3586,3586,3492,-0.0262130507529281
"18112","18112",4339,4339,3868,-0.108550357225167
"18113","18113",5495,5601,5277,-0.0396724294813467
"18114","18114",1487,1487,1487,0
"18115","18115",6894,6821,5920,-0.141282274441543
"18116","18116",4609,4502,4162,-0.0969841614233022
"18117","18117",3217,3217,3302,0.0264221324215107
"18118","18118",4575,4555,4631,0.0122404371584699
"18119","18119",4429,4561,4392,-0.0083540302551366
"18121","18121",4819,4817,4649,-0.0352770284291347
"18123","18123",3480,4881,4050,0.163793103448276
"18124","18124",751,751,752,0.00133155792276964
"18125","18125",5757,4964,5566,-0.0331770019107174
"18126","18126",6500,6363,5561,-0.144461538461538
"18127","18127",1881,1851,1938,0.0303030303030303
"18130","18130",4189,4138,4193,0.00095488183337312
"18131","18131",8133,8483,8448,0.0387310955367023
"18132","18132",5894,5631,6457,0.0955208686800136
"18133","18133",4150,4101,4107,-0.0103614457831325
"18134","18134",3713,3920,3990,0.074602747104767
"18137","18137",1164,1164,1169,0.00429553264604811
"18138","18138",6770,6304,6014,-0.111669128508124
"18139","18139",5908,5903,4080,-0.309410968178741
"18140","18140",3770,3489,3528,-0.0641909814323607
"18141","18141",4499,4464,4880,0.0846854856634808
"18142","18142",2660,2662,2809,0.056015037593985
"18143","18143",2327,2327,2327,0
"18144","18144",4069,4206,4311,0.059474072253625
"18145","18145",2312,2597,2553,0.10423875432526
"18146","18146",2464,2464,2134,-0.133928571428571
"18147","18147",3341,2807,2803,-0.161029631846752
"18148","18148",1578,1577,1577,-0.000633713561470215
"19759","19759",1578,1577,1577,-0.000633713561470215
"18149","18149",6570,6587,5511,-0.161187214611872
"18151","18151",3042,3044,2968,-0.0243261012491782
"18152","18152",7389,7430,7291,-0.0132629584517526
"18153","18153",3372,3058,3138,-0.0693950177935943
"18155","18155",2730,2733,2492,-0.0871794871794872
"18156","18156",3832,3825,3522,-0.0808977035490605
"18157","18157",4073,4271,4572,0.122514117358213
"18158","18158",2650,2650,2652,0.000754716981132075
"18159","18159",484,440,412,-0.148760330578512
"18160","18160",4281,4457,2055,-0.519971969166083
"18161","18161",2150,2160,2144,-0.0027906976744186
"18162","18162",1939,1939,1900,-0.0201134605466735
"18163","18163",3438,3428,3396,-0.012216404886562
"18164","18164",2323,2601,2897,0.247094274644856
"18166","18166",1751,1751,1751,0
"18167","18167",5011,5014,4580,-0.0860107762921573
"18168","18168",860,800,829,-0.036046511627907
"18169","18169",6027,5838,6037,0.00165920026547204
"18171","18171",1586,1572,1572,-0.00882723833543506
"18172","18172",4654,4654,4636,-0.00386764073914912
"18173","18173",3494,3494,3093,-0.114768174012593
"18174","18174",3577,3597,3687,0.0307520268381325
"18176","18176",3960,3960,4088,0.0323232323232323
"18177","18177",3063,3245,3200,0.0447273914462945
"18178","18178",3928,4106,4018,0.0229124236252546
"18179","18179",2044,2044,2044,0
"18181","18181",3078,3103,3007,-0.0230669265756985
"18182","18182",1490,2218,2192,0.471140939597315
"18185","18185",2567,2567,2542,-0.00973899493572263
"18186","18186",2078,2078,2077,-0.000481231953801732
"18187","18187",4112,4106,3824,-0.0700389105058366
"18189","18189",4687,5160,5088,0.0855557926178792
"18190","18190",4638,4669,4638,0
"18191","18191",4083,4079,4019,-0.0156747489590987
"18192","18192",3082,3111,3353,0.0879299156391953
"18193","18193",6347,6102,6390,0.00677485426185599
"18194","18194",2221,2221,1996,-0.10130571814498
"18196","18196",2486,2486,3903,0.569991954947707
"18197","18197",2755,2755,2843,0.0319419237749546
"18198","18198",2329,2330,2142,-0.0802919708029197
"18199","18199",738,738,738,0
"18200","18200",3010,2976,2901,-0.0362126245847176
"18201","18201",4634,4636,3980,-0.141130772550712
"18202","18202",10905,11376,10067,-0.0768454837230628
"18203","18203",2062,1914,1877,-0.0897187196896217
"18204","18204",6924,7383,6953,0.00418833044482958
"18205","18205",2364,2286,2358,-0.00253807106598985
"18206","18206",4027,4473,4473,0.110752421157189
"18207","18207",4158,4489,4540,0.0918710918710919
"18208","18208",2403,2251,2810,0.169371618809821
"18209","18209",4735,4721,4728,-0.00147835269271383
"18210","18210",3435,3423,3314,-0.0352256186317322
"18211","18211",3196,3540,4039,0.263767209011264
"18212","18212",6929,7023,6820,-0.015730985712224
"18213","18213",3045,3000,3105,0.0197044334975369
"18214","18214",2443,2954,2756,0.128121162505117
"18215","18215",1942,1997,2052,0.0566426364572606
"18217","18217",1594,1583,1594,0
"18218","18218",3928,4302,3740,-0.0478615071283096
"18339","18339",3928,4302,3740,-0.0478615071283096
"18219","18219",5453,5519,3889,-0.286814597469283
"18221","18221",1739,1626,1616,-0.070730304772858
"18222","18222",6400,6396,7556,0.180625
"18223","18223",1745,1745,1745,0
"19470","19470",1745,1745,1745,0
"18224","18224",4030,3877,3901,-0.0320099255583127
"18225","18225",1154,990,886,-0.232235701906412
"18226","18226",3584,4362,4119,0.149274553571429
"18227","18227",1986,1809,1830,-0.0785498489425982
"18228","18228",807,1044,1000,0.239157372986369
"18229","18229",1108,1278,1278,0.153429602888087
"18870","18870",1108,1278,1278,0.153429602888087
"18231","18231",1431,1399,1466,0.0244584206848358
"18232","18232",10154,10696,10191,0.00364388418357298
"18234","18234",4002,4157,3853,-0.0372313843078461
"18235","18235",7021,7442,7069,0.00683663295826805
"18237","18237",4737,5040,5114,0.0795862360143551
"18238","18238",8172,8333,7459,-0.0872491434165443
"18239","18239",3662,2898,2844,-0.223375204806117
"18240","18240",4971,4982,4979,0.0016093341380004
"18241","18241",850,850,829,-0.0247058823529412
"18242","18242",7650,7652,7705,0.00718954248366013
"18243","18243",2449,2323,2286,-0.0665577786851776
"18244","18244",1843,1842,1940,0.0526315789473684
"18245","18245",2163,2162,2323,0.0739713361072584
"18246","18246",3708,3708,3374,-0.0900755124056095
"18247","18247",3494,3575,3537,0.0123068116771608
"18248","18248",2493,2530,2526,0.01323706377858
"18249","18249",6145,6170,6210,0.0105777054515867
"18250","18250",1935,1935,1704,-0.11937984496124
"18251","18251",3327,3445,4057,0.21941689209498
"18252","18252",6731,6715,5778,-0.141583717129698
"18253","18253",3004,3024,2972,-0.0106524633821571
"18254","18254",11873,11500,11749,-0.010443864229765
"18255","18255",4387,4313,4621,0.0533394118987919
"18256","18256",1251,1112,1294,0.0343725019984013
"18257","18257",1526,1524,1792,0.174311926605505
"18258","18258",4078,4078,4068,-0.00245218244237371
"18259","18259",2598,2438,2447,-0.0581216320246343
"18260","18260",2517,2826,2826,0.122765196662694
"18261","18261",4271,4135,4422,0.0353547178646687
"18262","18262",4034,4032,3997,-0.00917203767972236
"18263","18263",6922,6922,4813,-0.304680728113262
"18264","18264",3062,3191,3487,0.13879817112998
"18265","18265",1844,1868,1900,0.0303687635574837
"18266","18266",7694,7277,6620,-0.139589290356122
"18267","18267",6154,6158,4866,-0.209294767630809
"18268","18268",970,1039,1098,0.131958762886598
"18269","18269",1580,1597,1579,-0.000632911392405063
"18270","18270",2551,1897,1815,-0.288514308114465
"18271","18271",3631,4190,3938,0.0845497108234646
"18272","18272",2459,2212,2696,0.0963806425376169
"19803","19803",2459,2212,2696,0.0963806425376169
"18273","18273",2856,3111,3132,0.0966386554621849
"18274","18274",3502,3518,3664,0.0462592804111936
"18275","18275",3150,3232,3800,0.206349206349206
"18276","18276",2538,2538,2535,-0.00118203309692671
"18277","18277",5530,5530,5536,0.00108499095840868
"18278","18278",7711,7601,7248,-0.0600440928543639
"18279","18279",3690,3688,3719,0.00785907859078591
"18281","18281",2187,2187,3593,0.642889803383631
"18282","18282",5333,5878,5241,-0.017251078192387
"18284","18284",1525,1517,1560,0.0229508196721311
"18285","18285",10512,10600,11415,0.0859018264840183
"18286","18286",2835,2808,2762,-0.0257495590828924
"18287","18287",4037,4041,3590,-0.110725786475105
"18288","18288",4523,4620,4298,-0.0497457439752377
"18289","18289",1953,1797,1937,-0.00819252432155658
"18292","18292",10136,10190,9927,-0.0206195737963694
"18293","18293",2749,2749,2749,0
"18294","18294",5461,5352,5321,-0.0256363303424281
"18295","18295",4253,4162,4130,-0.0289207618151893
"18296","18296",3825,3820,3774,-0.0133333333333333
"18297","18297",4154,4044,3586,-0.136735676456428
"18298","18298",2038,1844,1985,-0.0260058881256133
"18299","18299",3831,3080,3769,-0.0161837640302793
"18300","18300",2860,2507,2353,-0.177272727272727
"18301","18301",2508,2476,2438,-0.0279106858054226
"18303","18303",5566,6135,5766,0.0359324469996407
"18304","18304",1855,1795,1745,-0.0592991913746631
"18305","18305",2144,1941,2077,-0.03125
"18306","18306",4938,4231,4180,-0.153503442689348
"18307","18307",3299,2287,2287,-0.306759624128524
"18308","18308",3062,3120,3120,0.0189418680600914
"18309","18309",2700,2994,2978,0.102962962962963
"18310","18310",4418,4472,3855,-0.127433227704844
"18311","18311",4153,4762,4650,0.119672525884902
"18312","18312",3024,3065,2874,-0.0496031746031746
"18313","18313",966,966,966,0
"18314","18314",1762,1742,1744,-0.0102156640181612
"18315","18315",3140,3277,3156,0.00509554140127389
"18316","18316",1575,1498,1501,-0.046984126984127
"18317","18317",5147,5611,5153,0.00116572760831552
"18318","18318",2307,2107,2019,-0.124837451235371
"18319","18319",5041,4528,4528,-0.101765522713747
"18320","18320",3563,3563,3508,-0.0154364299747404
"18321","18321",7323,7545,7045,-0.0379625836405845
"18322","18322",3211,2485,2960,-0.0781687947679851
"18324","18324",4113,3921,3965,-0.0359834670556771
"18325","18325",2216,2215,2275,0.0266245487364621
"18327","18327",1671,1688,1688,0.0101735487731897
"18328","18328",668,655,655,-0.0194610778443114
"18330","18330",1264,1264,1200,-0.0506329113924051
"18331","18331",2709,2707,2691,-0.00664451827242525
"18332","18332",779,1131,1161,0.490372272143774
"18333","18333",1545,1545,1544,-0.000647249190938511
"18334","18334",1918,1918,1917,-0.000521376433785193
"18335","18335",3617,3268,3265,-0.0973182195189383
"18336","18336",2248,2245,2246,-0.000889679715302491
"18338","18338",3556,3527,2695,-0.242125984251968
"18340","18340",8254,8442,8376,0.0147807123818755
"18341","18341",1290,1381,1379,0.0689922480620155
"18342","18342",4539,3054,3359,-0.259969156201807
"18344","18344",2694,2907,2674,-0.00742390497401633
"18345","18345",2850,2853,2738,-0.0392982456140351
"18346","18346",2287,2293,2361,0.0323567993003935
"18347","18347",6245,6248,6119,-0.0201761409127302
"18348","18348",5883,4661,5220,-0.112697603263641
"18349","18349",4128,4132,3282,-0.204941860465116
"18350","18350",2417,2480,2479,0.0256516342573438
"18351","18351",5679,5227,4987,-0.12185243880965
"18352","18352",6769,8454,7982,0.179199290884917
"18353","18353",4275,4267,4358,0.0194152046783626
"18354","18354",751,751,774,0.0306258322237017
"18355","18355",12095,12098,11667,-0.035386523356759
"18356","18356",2202,2204,2009,-0.0876475930971844
"18358","18358",4203,4204,4163,-0.00951701165833928
"18359","18359",1800,1800,1766,-0.0188888888888889
"18360","18360",3788,3449,3360,-0.1129883843717
"18361","18361",1571,2152,1758,0.119032463399109
"18362","18362",1795,1794,1790,-0.00278551532033426
"18363","18363",2113,2051,2054,-0.0279223852342641
"18365","18365",2785,2487,2487,-0.107001795332136
"18366","18366",1178,1178,1283,0.0891341256366723
"18367","18367",2085,2036,2041,-0.0211031175059952
"18368","18368",1018,1085,1235,0.213163064833006
"18369","18369",3747,4034,3132,-0.164131305044035
"18370","18370",7434,7368,7458,0.00322841000807102
"18373","18373",3615,2927,3174,-0.121991701244813
"18374","18374",1899,1892,1921,0.0115850447604002
"18375","18375",8294,7452,7592,-0.0846394984326019
"18377","18377",1490,1490,1491,0.000671140939597315
"18378","18378",3854,3743,3594,-0.0674623767514271
"18379","18379",1124,1677,1690,0.50355871886121
"18380","18380",2881,4104,3274,0.136410968413745
"18381","18381",4725,4724,4571,-0.0325925925925926
"18382","18382",1839,2138,2279,0.239260467645459
"18383","18383",5811,5882,5763,-0.00826019617965927
"18385","18385",2636,2636,2576,-0.0227617602427921
"18386","18386",926,926,900,-0.0280777537796976
"18387","18387",1887,1887,1887,0
"18388","18388",1392,1057,1188,-0.146551724137931
"18389","18389",2917,2835,2893,-0.0082276311278711
"18390","18390",1581,1934,1871,0.183428209993675
"18391","18391",6748,6526,5770,-0.144931831653823
"18392","18392",2328,2291,2273,-0.0236254295532646
"18393","18393",1846,1847,1851,0.00270855904658722
"18394","18394",3067,3021,3162,0.0309748940332573
"18395","18395",2015,2015,2015,0
"18396","18396",3967,3849,3848,-0.0299974792034283
"18397","18397",3746,3743,3711,-0.00934329951948745
"18398","18398",4788,4228,3546,-0.259398496240602
"18399","18399",2672,2672,2672,0
"18400","18400",2209,2209,1932,-0.125396106835672
"18402","18402",2683,2683,2807,0.0462169213566903
"18403","18403",3726,3726,2825,-0.241814278046162
"18404","18404",1829,1873,1877,0.0262438490978677
"18405","18405",3176,2932,2933,-0.0765113350125945
"18406","18406",2183,2259,2035,-0.0677966101694915
"18407","18407",3206,3714,3636,0.134123518402994
"18408","18408",4241,4235,3843,-0.0938457910870078
"18409","18409",1539,1543,1551,0.00779727095516569
"18410","18410",3038,3585,3544,0.166556945358789
"18411","18411",4943,4870,5262,0.0645357070604896
"18412","18412",6875,6692,6939,0.00930909090909091
"18413","18413",5767,6129,5289,-0.0828853823478412
"18414","18414",3717,3288,3333,-0.103309120258273
"18415","18415",2155,2194,2194,0.0180974477958237
"18416","18416",2151,1973,2232,0.0376569037656904
"18417","18417",4213,4216,4232,0.00450985046285307
"18418","18418",2156,2175,2173,0.00788497217068646
"18419","18419",3016,3118,3150,0.0444297082228117
"18420","18420",7993,7223,7275,-0.0898286000250219
"18421","18421",4337,4337,4316,-0.00484205672123588
"18422","18422",2313,3318,3362,0.453523562472979
"18423","18423",3202,3202,4300,0.342910680824485
"18424","18424",3071,3143,3152,0.0263757733637252
"18425","18425",1744,1770,1877,0.0762614678899083
"18426","18426",3363,3813,4042,0.2019030627416
"18427","18427",1336,1336,1043,-0.219311377245509
"18428","18428",4830,3932,3951,-0.181987577639752
"18429","18429",10205,10155,9572,-0.0620284174424302
"18430","18430",2892,2892,2961,0.0238589211618257
"18431","18431",2727,2725,2468,-0.094976164283095
"18434","18434",7933,8078,7090,-0.106264969116349
"18435","18435",4342,4341,5474,0.26070935052971
"18436","18436",2022,2054,2011,-0.00544015825914936
"18437","18437",2174,2174,2075,-0.0455381784728611
"18438","18438",2973,2788,2613,-0.12108980827447
"18439","18439",2487,2487,2489,0.000804181745074387
"18440","18440",1939,2569,2569,0.324909747292419
"18441","18441",3152,2757,2756,-0.125634517766497
"18442","18442",2348,2318,2318,-0.0127768313458262
"18443","18443",7631,7799,7544,-0.0114008648931988
"18444","18444",4407,3939,4045,-0.0821420467438167
"18445","18445",2045,2145,1873,-0.0841075794621027
"18446","18446",7682,7681,7019,-0.0863056495704244
"18447","18447",2635,3105,2977,0.129791271347249
"18448","18448",1145,1145,1145,0
"18449","18449",7099,6038,6176,-0.130018312438372
"18450","18450",2848,2440,2146,-0.246488764044944
"18451","18451",1288,1281,1958,0.520186335403727
"18452","18452",3483,3488,3773,0.0832615561297732
"18453","18453",2160,2526,2456,0.137037037037037
"18454","18454",3448,3444,3256,-0.0556844547563805
"18455","18455",2588,2589,2573,-0.00579598145285935
"18456","18456",2206,2168,2485,0.126473254759746
"18823","18823",2206,2168,2485,0.126473254759746
"18457","18457",3823,3887,3823,0
"18458","18458",2414,1458,2489,0.0310687655343828
"18461","18461",845,1165,1165,0.378698224852071
"18463","18463",1743,1766,1781,0.0218014916810098
"18464","18464",1481,1980,1934,0.305874409182984
"18466","18466",5218,5313,5253,0.00670755078574166
"18467","18467",1156,1961,1961,0.69636678200692
"18470","18470",4448,3954,3315,-0.254721223021583
"18471","18471",1269,1268,1268,-0.000788022064617809
"18472","18472",2522,2399,2246,-0.10943695479778
"18473","18473",1957,1938,1770,-0.0955544200306592
"18475","18475",5656,5661,5435,-0.0390735502121641
"18477","18477",1124,1124,1124,0
"18478","18478",1003,1061,918,-0.0847457627118644
"18479","18479",4962,4962,4448,-0.103587263200322
"18480","18480",8619,8866,7370,-0.144912402830955
"18481","18481",3630,3696,3299,-0.0911845730027548
"18482","18482",3237,3403,3500,0.0812480691998764
"18483","18483",5726,5719,5700,-0.00454069158225637
"18485","18485",6599,6595,6114,-0.0734959842400364
"18486","18486",3582,2976,2688,-0.249581239530988
"18487","18487",2113,2098,2086,-0.0127780407004259
"18489","18489",1908,1959,1995,0.0455974842767296
"18490","18490",2342,2198,2368,0.0111016225448335
"18491","18491",8539,9118,9105,0.0662841082093922
"18492","18492",5154,5102,5311,0.0304617772603803
"18493","18493",8235,8235,8209,-0.00315725561627201
"18494","18494",4105,4636,4004,-0.0246041412911084
"18495","18495",6107,6092,6072,-0.00573112821352546
"18496","18496",2021,1782,1802,-0.108362196932212
"18497","18497",1899,1956,2645,0.392838335966298
"18498","18498",4171,4384,4385,0.051306641093263
"18499","18499",7356,7301,6957,-0.0542414355628059
"18500","18500",3960,4062,4056,0.0242424242424242
"18501","18501",8035,7908,7862,-0.0215308027380212
"18502","18502",2023,2380,2380,0.176470588235294
"18503","18503",3756,3672,3728,-0.00745473908413206
"18504","18504",9722,9632,9016,-0.0726188027154906
"18506","18506",5706,5600,5514,-0.0336487907465825
"18507","18507",1180,1212,1253,0.061864406779661
"18508","18508",5191,5182,4484,-0.136197264496244
"18509","18509",1854,1851,1974,0.0647249190938511
"18510","18510",1636,1638,2410,0.473105134474328
"18511","18511",3324,3382,3090,-0.0703971119133574
"18512","18512",3489,3439,3633,0.0412725709372313
"18513","18513",5261,5639,5004,-0.0488500285116898
"18514","18514",4697,4452,4681,-0.00340642963593783
"18515","18515",2228,3368,2233,0.00224416517055655
"18517","18517",1944,1944,1788,-0.0802469135802469
"18518","18518",10903,9331,9224,-0.1539943134917
"18519","18519",4651,4495,4087,-0.121264244248549
"18520","18520",1459,1460,1449,-0.00685400959561343
"18521","18521",2058,2274,2220,0.0787172011661808
"18522","18522",1145,1152,1102,-0.0375545851528384
"18523","18523",7467,7473,7769,0.0404446230079014
"18525","18525",3364,3602,3358,-0.00178359096313912
"18526","18526",7145,7146,7241,0.0134359692092372
"18528","18528",2974,2963,2979,0.00168123739071957
"18529","18529",3401,3438,3467,0.0194060570420465
"18530","18530",3997,4037,4077,0.0200150112584438
"18532","18532",4015,4112,3787,-0.0567870485678705
"18533","18533",1404,1435,1603,0.141737891737892
"18534","18534",5283,5425,5294,0.00208215029339391
"18535","18535",4232,4035,4063,-0.0399338374291115
"18536","18536",5059,5063,5669,0.12057718916782
"18537","18537",3352,3318,3480,0.0381861575178998
"18538","18538",3815,3689,3732,-0.0217562254259502
"18539","18539",3552,2876,3057,-0.139358108108108
"18540","18540",1673,1524,1581,-0.054991034070532
"18542","18542",6212,6229,7310,0.176754668383773
"18544","18544",4522,4522,4522,0
"18546","18546",5291,5374,5386,0.017955017955018
"18547","18547",2090,2086,2207,0.0559808612440191
"18549","18549",12310,12320,11948,-0.0294069861900894
"18550","18550",5696,5697,5445,-0.0440660112359551
"18552","18552",2986,2986,2979,-0.00234427327528466
"18556","18556",2040,2117,2117,0.0377450980392157
"18557","18557",2090,2088,1395,-0.332535885167464
"18558","18558",6132,6496,6469,0.0549575994781474
"18559","18559",1786,1778,1934,0.0828667413213886
"18733","18733",1786,1778,1934,0.0828667413213886
"19845","19845",1786,1778,1934,0.0828667413213886
"18560","18560",4048,4476,4166,0.0291501976284585
"18561","18561",1426,1426,1426,0
"18563","18563",9443,8544,8443,-0.105898549189876
"18564","18564",3008,3349,3303,0.0980718085106383
"18565","18565",2328,2117,2247,-0.0347938144329897
"18566","18566",3368,3256,2667,-0.20813539192399
"18567","18567",2896,4102,3272,0.129834254143646
"18568","18568",4025,4083,4017,-0.00198757763975155
"18569","18569",4394,3894,4682,0.0655439235320892
"18570","18570",3295,3295,3334,0.0118361153262519
"18571","18571",2371,2454,2456,0.0358498523829608
"18572","18572",1675,1675,1675,0
"18573","18573",1727,1725,1725,-0.00115807759119861
"18574","18574",1989,2010,2007,0.00904977375565611
"18575","18575",4859,4158,4040,-0.168553200246964
"18576","18576",2997,3044,3110,0.0377043710377044
"18577","18577",2873,2873,2870,-0.00104420466411417
"18578","18578",2240,1809,1809,-0.192410714285714
"18579","18579",2653,2560,2560,-0.0350546551074256
"18580","18580",6664,6642,6299,-0.0547719087635054
"18581","18581",8726,8788,9203,0.0546642218656887
"18582","18582",2959,2911,2879,-0.0270361608651571
"18584","18584",5698,5698,4529,-0.205159705159705
"18585","18585",2169,2050,2013,-0.0719225449515906
"18586","18586",3808,3888,3760,-0.0126050420168067
"18587","18587",2150,2150,2156,0.0027906976744186
"18588","18588",3328,3153,3153,-0.0525841346153846
"18589","18589",2618,2705,2705,0.033231474407945
"18590","18590",4558,4558,4508,-0.0109697235629662
"18591","18591",3852,2324,2369,-0.384994807892004
"18592","18592",1415,1625,1698,0.2
"18593","18593",3266,3006,2651,-0.188303735456216
"18594","18594",1678,1675,1675,-0.00178784266984505
"18595","18595",9065,10053,7845,-0.134583563154992
"18596","18596",2671,2671,2678,0.00262074129539498
"18597","18597",4295,4820,5289,0.231431897555297
"18598","18598",7019,6982,6954,-0.00926057842997578
"18599","18599",2695,2694,3059,0.135064935064935
"18600","18600",6310,6199,6408,0.0155309033280507
"18601","18601",2929,3108,2750,-0.0611130078525094
"18603","18603",4965,5140,4130,-0.168177240684794
"18604","18604",1321,1321,1435,0.0862982588947767
"18605","18605",2849,2607,2624,-0.078975078975079
"18606","18606",7881,8171,8578,0.0884405532292856
"18608","18608",4259,4026,4185,-0.0173749706503874
"18609","18609",2719,2746,2873,0.0566384700257448
"18610","18610",1553,1553,1859,0.19703799098519
"18611","18611",669,669,669,0
"18612","18612",1578,1657,1577,-0.000633713561470215
"19066","19066",1578,1657,1577,-0.000633713561470215
"19293","19293",1578,1657,1577,-0.000633713561470215
"18613","18613",3827,4181,4210,0.100078390384113
"18614","18614",4940,4936,4934,-0.00121457489878543
"18615","18615",2975,3279,3122,0.0494117647058823
"18616","18616",3771,3767,3763,-0.00212145319543888
"18617","18617",1981,1968,1968,-0.00656234225138819
"18618","18618",2343,2347,2346,0.00128040973111396
"18619","18619",773,765,1218,0.575679172056921
"18620","18620",1017,1038,1063,0.0452310717797443
"18621","18621",2986,2979,3327,0.114199598124581
"18622","18622",8794,8732,8647,-0.0167159426881965
"18623","18623",2302,2046,2022,-0.121633362293658
"18624","18624",773,773,773,0
"18626","18626",1195,1194,2767,1.31548117154812
"18627","18627",6683,6869,6530,-0.0228939099206943
"18628","18628",2951,2951,2904,-0.01592680447306
"18629","18629",2238,2221,2408,0.0759606791778374
"18630","18630",1117,1118,1133,0.0143240823634736
"18631","18631",7030,6781,7007,-0.00327169274537696
"18632","18632",5308,5634,4916,-0.0738507912584778
"18633","18633",2597,2630,2576,-0.00808625336927224
"18634","18634",2499,2575,2382,-0.0468187274909964
"18635","18635",2922,2554,3092,0.0581793292265571
"18636","18636",7007,7031,6613,-0.0562294848009134
"18637","18637",1343,1343,1288,-0.0409530900967982
"18638","18638",1385,1385,1366,-0.0137184115523466
"18639","18639",2223,2256,2642,0.188484030589294
"18640","18640",10581,9721,9561,-0.0963992061241849
"18641","18641",3725,3725,3694,-0.00832214765100671
"18642","18642",6801,6875,6429,-0.0546978385531539
"18643","18643",2755,3241,2799,0.0159709618874773
"18644","18644",7772,8666,8742,0.124806999485332
"18645","18645",4178,3917,3977,-0.0481091431306845
"18647","18647",6033,6160,5726,-0.0508867893253771
"18648","18648",5397,5461,5461,0.0118584398740041
"18649","18649",4985,5530,5521,0.107522567703109
"18650","18650",4400,4400,4864,0.105454545454545
"18651","18651",1328,1328,1187,-0.106174698795181
"18653","18653",2161,2028,2157,-0.001850994909764
"18655","18655",5996,5886,5882,-0.0190126751167445
"18656","18656",5592,5777,5660,0.0121602288984263
"18657","18657",4632,4633,4713,0.0174870466321244
"18658","18658",3393,3397,3167,-0.0666077217801356
"18659","18659",7916,7834,7168,-0.0944921677614957
"18660","18660",841,841,841,0
"18661","18661",3551,2824,3619,0.0191495353421571
"18662","18662",1125,1125,868,-0.228444444444444
"18663","18663",2196,2196,2094,-0.046448087431694
"18664","18664",2717,2783,2644,-0.0268678689731321
"18665","18665",2597,2723,2754,0.0604543704274162
"18667","18667",3829,3828,3403,-0.111256202663881
"18668","18668",2835,2465,1942,-0.314991181657848
"18669","18669",2811,2286,2639,-0.0611881892564924
"18670","18670",2527,2904,3297,0.304709141274238
"18671","18671",5832,5240,5338,-0.0847050754458162
"18673","18673",2316,2316,2310,-0.00259067357512953
"18674","18674",7850,7855,6907,-0.120127388535032
"18675","18675",3342,3342,3219,-0.0368043087971275
"18676","18676",3284,3522,3278,-0.00182704019488429
"18677","18677",1890,1853,2074,0.0973544973544974
"18681","18681",8574,8544,7227,-0.157102869139258
"18683","18683",3581,3567,3573,-0.00223401284557386
"18684","18684",5425,5336,5304,-0.0223041474654378
"18685","18685",8851,10720,9460,0.0688057846571009
"18686","18686",2524,2555,2461,-0.0249603803486529
"18817","18817",2524,2555,2461,-0.0249603803486529
"18687","18687",5057,5054,5021,-0.00711884516511766
"18688","18688",5884,5735,5504,-0.0645819170632223
"18689","18689",2924,2869,2292,-0.216142270861833
"18690","18690",947,947,991,0.0464625131995776
"18691","18691",4436,4494,4538,0.0229936880072137
"18692","18692",1972,1997,2117,0.0735294117647059
"18694","18694",1624,1735,1400,-0.137931034482759
"18695","18695",2667,2667,2854,0.0701162354705662
"18696","18696",4289,4945,5371,0.252273257169503
"18697","18697",1789,1793,1793,0.00223588596981554
"18698","18698",2574,2946,2939,0.141802641802642
"18699","18699",4468,4869,4237,-0.0517009847806625
"18700","18700",4574,4719,4771,0.0430695233930914
"18701","18701",2898,2899,2941,0.0148378191856453
"18702","18702",1905,1937,2264,0.188451443569554
"18703","18703",1755,1755,1755,0
"18704","18704",1554,1803,1796,0.155727155727156
"18706","18706",1494,1854,1964,0.314591700133869
"18708","18708",3608,3522,3470,-0.0382483370288248
"18710","18710",3634,3947,3047,-0.161529994496423
"18711","18711",7138,6819,7016,-0.0170916223031662
"18712","18712",2056,2038,2038,-0.00875486381322957
"18713","18713",1436,1425,1436,0
"18714","18714",1563,1563,1563,0
"18715","18715",2869,3171,2869,0
"18717","18717",2256,2380,2346,0.0398936170212766
"18718","18718",1665,1665,2065,0.24024024024024
"18719","18719",2618,2769,2740,0.0466004583651643
"18720","18720",3471,3475,3131,-0.0979544799769519
"18721","18721",2403,2819,2816,0.171868497711194
"18723","18723",1460,1461,1461,0.000684931506849315
"18724","18724",4852,4846,4874,0.00453421269579555
"18725","18725",3401,3401,2212,-0.34960305792414
"18726","18726",2414,2488,2792,0.156586578293289
"18727","18727",4290,4716,4416,0.0293706293706294
"18728","18728",2746,2850,2783,0.0134741442097597
"18729","18729",2931,2954,3032,0.0344592289321051
"18730","18730",9284,9536,10238,0.102757432141318
"18731","18731",3204,2502,2519,-0.213795255930087
"18732","18732",2373,2252,2252,-0.0509903076274758
"18734","18734",3958,3282,3333,-0.157908034360788
"18735","18735",2373,2373,2276,-0.0408765276021913
"18736","18736",3666,3417,4048,0.104200763775232
"18737","18737",1005,1005,1153,0.14726368159204
"18738","18738",3723,3715,3714,-0.0024174053182917
"18739","18739",2580,2579,3048,0.181395348837209
"18742","18742",3421,3420,3288,-0.0388775211926337
"18744","18744",2346,2469,2450,0.0443307757885763
"18745","18745",1953,1819,1733,-0.112647209421403
"18746","18746",4581,4580,4513,-0.0148439205413665
"18747","18747",6734,6730,6731,-0.000445500445500445
"18748","18748",6636,7410,6861,0.0339059674502712
"18749","18749",3599,3649,3385,-0.0594609613781606
"18750","18750",1586,1587,1587,0.000630517023959647
"18751","18751",10598,10646,11386,0.0743536516323835
"18754","18754",3275,3372,3418,0.0436641221374046
"18755","18755",1846,1844,1844,-0.00108342361863489
"18756","18756",3942,3944,4020,0.0197869101978691
"18757","18757",2249,1736,1736,-0.228101378390396
"18759","18759",4894,4225,4433,-0.0941969758888435
"18760","18760",1708,1709,1709,0.000585480093676815
"18763","18763",2249,1736,1736,-0.228101378390396
"18764","18764",1757,1748,1701,-0.0318725099601594
"18766","18766",3326,3429,3663,0.101322910402886
"18768","18768",1950,2607,2534,0.29948717948718
"18769","18769",1729,1791,1674,-0.0318102949681897
"18770","18770",2415,2040,2000,-0.17184265010352
"18771","18771",1311,1311,1220,-0.0694126620900076
"18772","18772",2883,2986,2946,0.0218522372528616
"18773","18773",2211,2203,2199,-0.00542740841248304
"18774","18774",3383,3383,3462,0.023352054389595
"18775","18775",3334,3282,3546,0.0635872825434913
"18776","18776",3492,3263,3253,-0.0684421534936999
"18777","18777",3854,3854,3807,-0.0121951219512195
"18778","18778",2343,1935,1889,-0.193768672641912
"18779","18779",3017,2937,1955,-0.352005303281405
"18780","18780",2731,2731,2732,0.000366166239472721
"18781","18781",1085,1055,1054,-0.0285714285714286
"18782","18782",2229,2230,2198,-0.0139075818752804
"18783","18783",1357,1439,1336,-0.0154753131908622
"18784","18784",3266,3791,3685,0.128291488058788
"18785","18785",6018,6700,6240,0.036889332003988
"18786","18786",4460,4422,4421,-0.00874439461883408
"18788","18788",3442,3855,3392,-0.0145264381173736
"18789","18789",2933,1745,1745,-0.405046027957722
"18790","18790",2649,2649,2530,-0.0449226123065308
"18791","18791",2316,1357,1360,-0.412780656303972
"18792","18792",1107,1311,1133,0.023486901535682
"18793","18793",1886,1630,1630,-0.135737009544008
"18794","18794",2335,2414,2432,0.041541755888651
"18795","18795",3957,3957,3944,-0.00328531715946424
"18796","18796",889,890,890,0.00112485939257593
"18797","18797",1042,1115,1318,0.264875239923225
"18798","18798",7418,5638,5778,-0.221083850094365
"18799","18799",3448,3974,3936,0.1415313225058
"18800","18800",3810,3810,3810,0
"18801","18801",1851,1853,1825,-0.0140464613722312
"18802","18802",2201,1853,1860,-0.154929577464789
"18803","18803",2672,2655,2491,-0.0677395209580838
"18804","18804",3891,3892,4103,0.0544847083012079
"18805","18805",2546,2547,2084,-0.181461115475255
"18806","18806",2713,2756,3212,0.18392922963509
"18807","18807",7104,6949,6894,-0.0295608108108108
"18809","18809",2657,3073,2803,0.0549491908167106
"18810","18810",9800,9839,9647,-0.0156122448979592
"18811","18811",2068,2103,2107,0.0188588007736944
"18813","18813",5156,5608,4922,-0.0453840186190846
"18814","18814",2506,1700,1699,-0.322027134876297
"18815","18815",2241,2189,2154,-0.0388219544846051
"18816","18816",2403,2367,2371,-0.0133166874739908
"18818","18818",3820,3533,3490,-0.0863874345549738
"18819","18819",1740,1740,1741,0.000574712643678161
"18820","18820",5972,6459,6057,0.0142330877427997
"18821","18821",2412,2414,2420,0.0033167495854063
"18822","18822",2022,2022,2036,0.00692383778437191
"18824","18824",2222,1829,1713,-0.229072907290729
"18826","18826",2481,2481,2502,0.00846432889963724
"18827","18827",4330,4330,4302,-0.00646651270207852
"18828","18828",3546,3668,3679,0.0375070501974055
"18829","18829",994,946,880,-0.114688128772636
"18830","18830",1627,1665,1687,0.0368776889981561
"18831","18831",4067,4063,4941,0.214900417998525
"18832","18832",2546,2546,3004,0.179890023566379
"18833","18833",2245,2245,1841,-0.179955456570156
"18835","18835",2098,2098,4389,1.09199237368923
"18836","18836",1011,1011,1011,0
"18837","18837",5153,5151,4972,-0.0351251698039977
"18839","18839",3401,3401,3401,0
"18840","18840",1504,1534,1492,-0.00797872340425532
"18841","18841",4706,4638,4604,-0.0216744581385465
"18842","18842",2707,3940,2978,0.100110823790174
"18843","18843",1905,1935,2324,0.21994750656168
"18844","18844",4236,4236,4096,-0.0330500472143532
"18845","18845",930,930,930,0
"18846","18846",2981,2912,2654,-0.109694733310969
"18847","18847",4452,5495,5032,0.130278526504942
"18848","18848",2216,2216,2736,0.234657039711191
"18850","18850",6547,6486,6267,-0.042767679853368
"18851","18851",1741,1741,1979,0.136703044227455
"18852","18852",982,974,921,-0.0621181262729124
"18854","18854",6613,6613,6868,0.038560411311054
"18855","18855",2879,2917,2821,-0.0201458839874957
"18856","18856",2536,3008,2866,0.1301261829653
"18857","18857",1485,1587,2077,0.398653198653199
"18858","18858",1214,1149,1149,-0.0535420098846787
"18859","18859",2706,2706,2016,-0.254988913525499
"18860","18860",873,873,859,-0.0160366552119129
"18861","18861",2437,2383,2505,0.0279031596224867
"18862","18862",2451,2451,2394,-0.0232558139534884
"18863","18863",992,1339,1116,0.125
"18864","18864",3328,3328,2281,-0.314603365384615
"18866","18866",1239,1208,1064,-0.141242937853107
"18867","18867",2980,2980,2982,0.000671140939597315
"18868","18868",2185,2512,2118,-0.0306636155606407
"18871","18871",10656,11036,10251,-0.0380067567567568
"18872","18872",3591,4848,4146,0.154553049289891
"18875","18875",4149,4674,4226,0.0185586888406845
"18876","18876",3456,3455,3188,-0.0775462962962963
"18877","18877",2209,2434,2849,0.289723856948846
"18878","18878",3072,2727,3178,0.0345052083333333
"18879","18879",6341,6307,6145,-0.030909951111812
"18880","18880",7638,7585,7240,-0.0521078816444095
"18881","18881",3858,3935,3525,-0.0863141524105754
"18883","18883",1477,1477,1430,-0.031821259309411
"18884","18884",1422,1801,2128,0.49648382559775
"18885","18885",4911,4955,4537,-0.0761555691305233
"18886","18886",3606,3256,3406,-0.0554631170271769
"18887","18887",1522,1522,1522,0
"18888","18888",3076,3097,2945,-0.0425877763328999
"18889","18889",3084,3084,2961,-0.0398832684824903
"18891","18891",2153,2153,2498,0.160241523455643
"18893","18893",3652,3867,3375,-0.0758488499452355
"18894","18894",3846,4645,4672,0.21476859074363
"18895","18895",1741,1743,1869,0.0735209649626651
"18896","18896",3030,3030,3023,-0.00231023102310231
"18898","18898",2596,2596,2476,-0.0462249614791988
"18899","18899",1625,1663,1663,0.0233846153846154
"18900","18900",6634,6797,6717,0.0125113053964426
"18902","18902",2429,2427,2567,0.0568135034993825
"18903","18903",989,1061,918,-0.0717896865520728
"18905","18905",8889,8918,9038,0.0167622904713691
"18906","18906",4229,4229,4179,-0.0118231260345235
"18907","18907",2675,3075,3075,0.149532710280374
"18908","18908",3686,3666,3650,-0.00976668475311991
"18909","18909",2129,2147,2147,0.00845467355565993
"18910","18910",1843,1843,1790,-0.0287574606619642
"18911","18911",3538,3537,3574,0.0101752402487281
"18913","18913",3079,3203,3120,0.0133160116921078
"18914","18914",4205,4077,4039,-0.0394768133174792
"18915","18915",3574,3576,3432,-0.0397313933967543
"18916","18916",3331,3259,3239,-0.0276193335334734
"18917","18917",4171,4302,4316,0.0347638456005754
"18919","18919",1223,1220,1220,-0.00245298446443173
"18920","18920",735,796,735,0
"18921","18921",1639,1369,1422,-0.132397803538743
"18922","18922",10286,10482,10405,0.0115691230799144
"18923","18923",3595,4047,3770,0.0486787204450626
"18924","18924",3636,3636,2760,-0.240924092409241
"18925","18925",3101,2561,2605,-0.159948403740729
"18926","18926",5119,5118,3945,-0.229341668294589
"18927","18927",3846,3857,2973,-0.226989079563183
"18928","18928",1635,1635,1624,-0.00672782874617737
"18930","18930",5102,5078,5124,0.00431203449627597
"18932","18932",1135,1135,1243,0.0951541850220264
"18934","18934",3087,3087,3188,0.0327178490443797
"18935","18935",3834,3825,3775,-0.0153886280646844
"18937","18937",2531,2286,2358,-0.0683524298696167
"18938","18938",3924,3906,3390,-0.136085626911315
"18939","18939",4883,4837,4692,-0.0391152979725579
"18940","18940",1780,1780,1763,-0.00955056179775281
"18941","18941",2098,1675,1675,-0.201620591039085
"18943","18943",4520,4655,5167,0.143141592920354
"18944","18944",5311,5273,5279,-0.00602523065336095
"18945","18945",1837,2157,2031,0.105606967882417
"18946","18946",3051,3043,2100,-0.311701081612586
"18947","18947",1714,1676,1949,0.137106184364061
"18948","18948",5557,4755,4965,-0.106532301601584
"18950","18950",3269,3256,3216,-0.016212909146528
"18951","18951",1498,1462,1389,-0.0727636849132176
"18952","18952",1986,1986,1508,-0.240684793554884
"18953","18953",3219,3162,3162,-0.0177073625349487
"18954","18954",3356,3457,3389,0.00983313468414779
"18955","18955",2204,2395,2436,0.105263157894737
"18956","18956",3854,3785,3810,-0.01141670991178
"18957","18957",1777,1777,1880,0.0579628587507034
"18958","18958",1643,1643,1666,0.0139987827145466
"18959","18959",4453,4453,4280,-0.0388502133393218
"18960","18960",4459,4459,4282,-0.0396949988786723
"18961","18961",1704,1750,1699,-0.00293427230046948
"18962","18962",3697,3780,3910,0.0576142818501488
"18963","18963",1877,1858,1858,-0.0101225359616409
"18964","18964",5423,5294,5229,-0.0357735570717315
"18965","18965",9252,9163,9035,-0.0234543882403805
"18966","18966",3987,3987,3989,0.000501630298470028
"18967","18967",4279,4283,3656,-0.14559476513204
"18968","18968",5967,6741,6172,0.0343556225909167
"18971","18971",1936,2147,2170,0.120867768595041
"18972","18972",2061,2061,2061,0
"18973","18973",4410,4246,4262,-0.0335600907029478
"18975","18975",2333,2408,2491,0.0677239605657951
"18976","18976",4407,4394,4320,-0.0197413206262764
"18977","18977",2181,2181,2514,0.152682255845942
"18978","18978",7419,6397,6330,-0.14678528103518
"18981","18981",4205,4196,3658,-0.130083234244946
"18982","18982",1456,1285,1266,-0.130494505494506
"18983","18983",1039,1038,977,-0.0596727622714148
"18984","18984",1340,1342,1173,-0.124626865671642
"18985","18985",4240,4466,4121,-0.0280660377358491
"18987","18987",1465,1367,1367,-0.0668941979522184
"18988","18988",3267,3267,3377,0.0336700336700337
"18989","18989",5062,4317,4931,-0.0258790991702884
"18990","18990",3362,3601,3653,0.0865556216537775
"18991","18991",2354,2353,2501,0.062446898895497
"18992","18992",2069,2437,2341,0.131464475592073
"18993","18993",6383,6380,6355,-0.00438665204449318
"18994","18994",2589,2600,2600,0.00424874468906914
"18995","18995",2703,2611,2619,-0.0310765815760266
"18996","18996",2258,3519,3561,0.577059344552701
"18997","18997",1977,1977,1946,-0.0156803237228123
"18998","18998",2279,1746,1743,-0.235190873189996
"19000","19000",3064,3051,3027,-0.0120757180156658
"19001","19001",2509,2324,2424,-0.0338780390593862
"19002","19002",2638,2825,2507,-0.0496588324488249
"19003","19003",1263,1263,1263,0
"19004","19004",974,974,974,0
"19005","19005",2117,2244,2188,0.033538025507794
"19006","19006",5691,5833,5652,-0.00685292567211386
"19007","19007",1710,1713,1713,0.00175438596491228
"19008","19008",1038,1038,1038,0
"19009","19009",3785,4041,3788,0.000792602377807133
"19010","19010",1117,1117,1117,0
"19011","19011",3013,2954,3067,0.0179223365416528
"19012","19012",3932,3928,3928,-0.00101729399796541
"19013","19013",3232,3517,3083,-0.0461014851485149
"19014","19014",2439,2439,2821,0.156621566215662
"19374","19374",2439,2439,2821,0.156621566215662
"19015","19015",1885,2123,1760,-0.0663129973474801
"19016","19016",3006,3009,2996,-0.00332667997338656
"19017","19017",3414,3371,3360,-0.015817223198594
"19018","19018",5506,5602,5701,0.0354159099164548
"19019","19019",4465,4466,4728,0.0589025755879059
"19020","19020",4597,3118,3115,-0.322384163584947
"19021","19021",1592,1876,1570,-0.0138190954773869
"19022","19022",1518,1507,1606,0.0579710144927536
"19023","19023",6061,6045,6153,0.0151790133641313
"19024","19024",3536,3599,4146,0.172511312217195
"19025","19025",4935,4999,4762,-0.0350557244174265
"19026","19026",2867,2539,2539,-0.114405301709104
"19028","19028",7747,7951,7750,0.000387246676132697
"19029","19029",2400,2416,1616,-0.326666666666667
"19030","19030",1921,1921,1921,0
"19031","19031",4335,3890,3938,-0.0915801614763553
"19032","19032",1209,1208,1235,0.021505376344086
"19033","19033",1560,967,1009,-0.353205128205128
"19284","19284",1560,967,1009,-0.353205128205128
"19034","19034",2312,1974,1974,-0.146193771626298
"19035","19035",9105,9092,9039,-0.00724876441515651
"19036","19036",5280,5279,5284,0.000757575757575758
"19037","19037",2100,2182,2184,0.04
"19039","19039",1400,1316,1307,-0.0664285714285714
"19040","19040",3373,2860,3378,0.00148235991698784
"19041","19041",1942,2681,2064,0.062821833161689
"19042","19042",1898,1900,1860,-0.0200210748155954
"19043","19043",1848,1848,1578,-0.146103896103896
"19044","19044",2075,2050,2132,0.0274698795180723
"19045","19045",1552,1312,1230,-0.207474226804124
"19046","19046",1223,1223,1467,0.199509403107114
"19047","19047",2093,2093,2093,0
"19049","19049",2341,2162,2261,-0.0341734301580521
"19050","19050",5933,5928,6619,0.115624473285016
"19051","19051",2214,2634,2476,0.118337850045167
"19052","19052",3727,3727,3599,-0.0343439763885162
"19053","19053",5826,5613,5566,-0.0446275317542053
"19054","19054",1964,1911,2108,0.0733197556008147
"19055","19055",3534,3013,2945,-0.166666666666667
"19056","19056",2340,2340,2340,0
"19057","19057",886,882,881,-0.00564334085778781
"19058","19058",2219,2264,2263,0.0198287516899504
"19059","19059",1346,1346,1347,0.000742942050520059
"19060","19060",3090,3107,3084,-0.00194174757281553
"19061","19061",3239,3219,3198,-0.0126582278481013
"19062","19062",3894,3865,3259,-0.163071391884951
"19063","19063",5437,5518,5516,0.0145300717307339
"19064","19064",4726,4727,4724,-0.000423190859077444
"19065","19065",5667,6083,4124,-0.27227810128816
"19067","19067",3531,3531,3670,0.0393656188048711
"19068","19068",1350,1350,1344,-0.00444444444444444
"19069","19069",4749,4720,4565,-0.0387449989471468
"19070","19070",3531,3817,3538,0.00198244123477768
"19071","19071",3409,3409,2867,-0.158990906424171
"19072","19072",3262,3364,3365,0.0315757204169221
"19073","19073",4263,3834,4092,-0.0401125967628431
"19074","19074",1621,1637,1390,-0.142504626773597
"19075","19075",4763,4703,4531,-0.0487087969766954
"19076","19076",3537,3540,3541,0.00113090189426067
"19077","19077",3452,2624,3578,0.0365005793742758
"19078","19078",1876,1881,1909,0.017590618336887
"19079","19079",8458,6916,6915,-0.182430834712698
"19081","19081",1793,1810,1538,-0.142219743446737
"19082","19082",7635,8049,7204,-0.0564505566470203
"19083","19083",2387,2437,3056,0.280268118977796
"19084","19084",4441,4182,4247,-0.0436838549876154
"19085","19085",3090,3452,3556,0.150809061488673
"19086","19086",1840,1987,2031,0.103804347826087
"19087","19087",5725,5796,5723,-0.000349344978165939
"19088","19088",5925,5892,5690,-0.039662447257384
"19089","19089",6036,7052,6274,0.0394300861497681
"19090","19090",4958,4604,4791,-0.0336829366680113
"19091","19091",2868,3156,2686,-0.0634588563458856
"19092","19092",1407,1370,1427,0.0142146410803127
"19093","19093",2464,2463,2448,-0.00649350649350649
"19094","19094",1716,1773,1773,0.0332167832167832
"19095","19095",991,991,949,-0.0423814328960646
"19096","19096",4844,4844,3619,-0.252890173410405
"19097","19097",2393,2827,2827,0.181362306727957
"19098","19098",4339,4640,4755,0.0958746254897442
"19099","19099",1422,1247,1395,-0.0189873417721519
"19100","19100",1989,2245,2297,0.154851684263449
"19101","19101",4221,4222,4078,-0.0338782279080787
"19102","19102",1872,1867,2102,0.122863247863248
"19103","19103",2171,2173,2119,-0.0239520958083832
"19105","19105",1783,1766,1766,-0.00953449242849131
"19106","19106",3739,3160,3144,-0.159133458143889
"19107","19107",3378,2504,2529,-0.25133214920071
"19108","19108",5320,5287,4787,-0.100187969924812
"19109","19109",4020,4150,4164,0.0358208955223881
"19111","19111",5947,6509,6622,0.113502606356146
"19113","19113",1917,1918,2669,0.392279603547209
"19114","19114",1689,1689,1879,0.112492599171107
"19116","19116",2170,2170,2870,0.32258064516129
"19117","19117",7005,6953,7058,0.00756602426837973
"19118","19118",4668,4624,4487,-0.0387746358183376
"19119","19119",4114,4144,4101,-0.00315994166261546
"19120","19120",2325,2248,2248,-0.0331182795698925
"19123","19123",2519,2514,2514,-0.00198491464867011
"19124","19124",2984,2653,2610,-0.125335120643432
"19125","19125",4791,4789,4680,-0.0231684408265498
"19126","19126",2332,2324,2324,-0.00343053173241852
"19127","19127",2305,2305,2419,0.0494577006507592
"19128","19128",4544,4462,4496,-0.0105633802816901
"19130","19130",4551,4535,3840,-0.156229400131839
"19131","19131",2476,2455,2508,0.012924071082391
"19134","19134",5147,5041,5016,-0.0254517194482223
"19135","19135",3748,2976,3266,-0.128601921024546
"19136","19136",4300,4202,4252,-0.0111627906976744
"19138","19138",1328,1255,1291,-0.0278614457831325
"19139","19139",6033,6028,5951,-0.0135919111553124
"19140","19140",1838,2042,2000,0.088139281828074
"19141","19141",3957,3956,3905,-0.013141268637857
"19142","19142",5184,5472,5987,0.154899691358025
"19143","19143",12059,12744,12748,0.0571357492329381
"19144","19144",1617,1576,1505,-0.0692640692640693
"19145","19145",7093,7088,6914,-0.0252361483152404
"19146","19146",2677,2627,3831,0.431079566679118
"19147","19147",1163,1163,1189,0.0223559759243336
"19148","19148",12081,11832,12538,0.0378279943713269
"19149","19149",3597,3597,4049,0.125660272449263
"19150","19150",2615,2577,2579,-0.0137667304015296
"19152","19152",4827,5852,4748,-0.0163662730474415
"19153","19153",3662,4392,3415,-0.0674494811578372
"19154","19154",2137,2423,2422,0.133364529714553
"19155","19155",5741,5620,5716,-0.00435464204842362
"19156","19156",11951,12246,11770,-0.0151451761358882
"19157","19157",4018,4018,4012,-0.00149328023892484
"19158","19158",8170,8173,7842,-0.0401468788249694
"19160","19160",2645,2727,2574,-0.0268431001890359
"19161","19161",6166,5988,5841,-0.0527084009082063
"19162","19162",3927,3924,3968,0.0104405398523046
"19163","19163",2323,2908,2854,0.228583727938011
"19164","19164",2717,2811,2947,0.0846521899153478
"19165","19165",3519,4070,3606,0.0247229326513214
"19166","19166",4252,4543,3713,-0.126763875823142
"19167","19167",1629,1569,1601,-0.0171884591774095
"19169","19169",7800,7766,7769,-0.00397435897435897
"19171","19171",4852,4852,5007,0.0319455894476505
"19173","19173",2261,2276,2276,0.00663423264042459
"19174","19174",3463,2543,1977,-0.429107710077967
"19176","19176",3674,3852,2849,-0.224550898203593
"19177","19177",1629,1952,1952,0.198281154082259
"19178","19178",2298,2554,2606,0.134029590948651
"19182","19182",1789,1789,2140,0.196198993851314
"19183","19183",7553,7540,7407,-0.0193300675228386
"19184","19184",2715,2716,4276,0.574953959484346
"19185","19185",2115,2027,1779,-0.15886524822695
"19186","19186",1381,1286,1285,-0.0695148443157133
"19187","19187",9563,9707,9866,0.0316846177977622
"19188","19188",2104,2104,2273,0.0803231939163498
"19189","19189",1780,1780,1771,-0.0050561797752809
"19190","19190",2255,1643,1710,-0.241685144124169
"19311","19311",2255,1643,1710,-0.241685144124169
"19191","19191",6353,6407,5495,-0.135054305052731
"19192","19192",4659,4659,4216,-0.0950847821420906
"19193","19193",6627,6677,6390,-0.0357627885921231
"19194","19194",3392,3393,3337,-0.0162146226415094
"19195","19195",3770,3554,3286,-0.128381962864721
"19197","19197",2540,2666,2554,0.00551181102362205
"19198","19198",5474,5482,5472,-0.000365363536719035
"19199","19199",2162,2162,2092,-0.032377428307123
"19200","19200",2360,2141,2063,-0.125847457627119
"19202","19202",3686,3687,3688,0.000542593597395551
"19203","19203",8198,8201,8131,-0.00817272505489144
"19204","19204",2641,2781,2927,0.108292313517607
"19206","19206",2606,2623,2490,-0.044512663085188
"19207","19207",3911,3986,3501,-0.10483252365124
"19208","19208",3292,2994,3658,0.111178614823815
"19209","19209",4671,4246,3518,-0.246842217940484
"19211","19211",3239,3113,3188,-0.0157456004939796
"19213","19213",6094,6088,5849,-0.0402034788316377
"19214","19214",4681,4705,4996,0.0672933133945738
"19215","19215",4895,4895,4139,-0.154443309499489
"19216","19216",2198,2201,2159,-0.0177434030937216
"19217","19217",2735,2735,2715,-0.00731261425959781
"19218","19218",4124,4124,2919,-0.292192046556741
"19219","19219",2161,2326,2325,0.0758907913003239
"19220","19220",13486,13916,12964,-0.0387068070591725
"19221","19221",5755,5740,6386,0.109643788010426
"19222","19222",1729,1545,1500,-0.132446500867553
"19223","19223",2674,3047,2705,0.0115931189229619
"19224","19224",2914,2836,2909,-0.00171585449553878
"19225","19225",2794,2115,3132,0.120973514674302
"19227","19227",2782,1865,1865,-0.329618979151689
"19229","19229",3325,3241,3241,-0.0252631578947368
"19230","19230",1518,1481,1483,-0.0230566534914361
"19231","19231",2280,2280,2152,-0.056140350877193
"19232","19232",4971,4344,4528,-0.0891168778917723
"19233","19233",2420,2942,2504,0.0347107438016529
"19235","19235",3831,4354,4018,0.0488123205429392
"19237","19237",3759,3750,3842,0.0220803405160947
"19238","19238",1030,1112,1030,0
"19239","19239",4489,4489,4407,-0.0182668745823123
"19240","19240",1316,1370,1427,0.0843465045592705
"19241","19241",2817,2824,2823,0.00212992545260916
"19242","19242",6417,6161,6180,-0.0369331463300608
"19243","19243",4084,4114,4057,-0.00661116552399608
"19244","19244",1863,1807,1889,0.0139559849704777
"19245","19245",9063,9148,8799,-0.0291294273419398
"19246","19246",3983,4429,4383,0.100426813959327
"19247","19247",3867,3723,3861,-0.00155159038013964
"19248","19248",1697,1766,1908,0.124337065409546
"19249","19249",9426,8889,7878,-0.164226607256525
"19251","19251",6258,6836,6171,-0.013902205177373
"19252","19252",2211,2300,2393,0.0823156942559928
"19253","19253",1935,1964,1967,0.0165374677002584
"19254","19254",6439,6350,6321,-0.0183258269917689
"19255","19255",2617,2617,2617,0
"19256","19256",3840,3840,3733,-0.0278645833333333
"19257","19257",2353,2353,2353,0
"19260","19260",1672,1704,1745,0.0436602870813397
"19261","19261",1810,1804,1804,-0.00331491712707182
"19263","19263",7213,7313,7254,0.00568418133924858
"19264","19264",1224,1168,1182,-0.0343137254901961
"19265","19265",5209,4635,5095,-0.0218851986945671
"19266","19266",3759,3759,3709,-0.0133014099494546
"19267","19267",5171,6059,5832,0.127828273061303
"19268","19268",1587,1836,1759,0.108380592312539
"19269","19269",2663,2942,2906,0.0912504693954187
"19271","19271",3875,3876,4118,0.0627096774193548
"19272","19272",4594,4588,4201,-0.0855463648236831
"19273","19273",1242,1174,1277,0.0281803542673108
"19274","19274",2929,2929,3191,0.0894503243427791
"19275","19275",2591,2512,2475,-0.0447703589347742
"19276","19276",835,833,1024,0.226347305389222
"19738","19738",835,833,1024,0.226347305389222
"19278","19278",2025,1700,2424,0.197037037037037
"19279","19279",3622,3325,3423,-0.0549420209828824
"19280","19280",11643,10314,10244,-0.120158034870738
"19281","19281",4825,4808,4787,-0.00787564766839378
"19282","19282",1231,1681,1540,0.251015434606011
"19285","19285",3607,3609,3675,0.0188522317715553
"19286","19286",3631,3635,3576,-0.0151473423299367
"19287","19287",5535,5562,5744,0.0377597109304426
"19288","19288",4763,4768,4749,-0.00293932395549024
"19289","19289",1663,1976,1998,0.201443174984967
"19290","19290",1666,1666,1670,0.00240096038415366
"19292","19292",1305,1340,1224,-0.0620689655172414
"19294","19294",5185,4814,4627,-0.107618129218901
"19295","19295",3929,3895,3868,-0.0155255790277424
"19296","19296",5896,4637,4662,-0.209294436906377
"19297","19297",3540,3354,3826,0.0807909604519774
"19298","19298",2434,2434,2435,0.000410846343467543
"19299","19299",1303,1386,1303,0
"19300","19300",8670,8690,8738,0.00784313725490196
"19301","19301",1841,2465,2063,0.120586637696904
"19302","19302",2843,2843,2872,0.010200492437566
"19303","19303",2545,2757,2568,0.00903732809430255
"19305","19305",2084,2084,2229,0.0695777351247601
"19306","19306",2145,2145,2144,-0.000466200466200466
"19307","19307",1959,1959,1963,0.00204185809086269
"19308","19308",3068,3341,2912,-0.0508474576271186
"19312","19312",3256,3256,3658,0.123464373464373
"19313","19313",2445,2449,2075,-0.151329243353783
"19314","19314",3645,3658,2934,-0.195061728395062
"19315","19315",3415,3414,3374,-0.0120058565153734
"19316","19316",1652,1676,1855,0.122881355932203
"19317","19317",1524,1524,1542,0.0118110236220472
"19318","19318",5537,5440,5976,0.0792848112696406
"19320","19320",3578,3674,3584,0.00167691447736165
"19321","19321",3150,3180,3423,0.0866666666666667
"19322","19322",2476,2475,1691,-0.317043618739903
"19323","19323",1598,1597,1598,0
"19325","19325",3097,3109,2735,-0.116887310300291
"19326","19326",3636,4223,3408,-0.0627062706270627
"19327","19327",4561,4776,4753,0.0420960315720237
"19328","19328",6027,5200,4780,-0.206902273104364
"19329","19329",2724,2727,2212,-0.187958883994126
"19330","19330",2583,2583,2573,-0.00387146728610143
"19331","19331",2624,2602,2634,0.0038109756097561
"19334","19334",4185,3734,3779,-0.0970131421744325
"19335","19335",5336,5992,5672,0.0629685157421289
"19336","19336",3532,3532,4297,0.216591166477916
"19337","19337",8413,7853,7713,-0.0832045643646737
"19338","19338",6823,7233,6832,0.00131906785871318
"19339","19339",4920,4891,4615,-0.0619918699186992
"19340","19340",2367,1978,1984,-0.161808196028728
"19341","19341",3999,4034,3226,-0.193298324581145
"19342","19342",2498,2596,3219,0.288630904723779
"19343","19343",12707,13233,11691,-0.0799559298024711
"19344","19344",2004,2003,2031,0.0134730538922156
"19345","19345",2618,2606,2735,0.0446906035141329
"19346","19346",2829,3044,2828,-0.000353481795687522
"19347","19347",5053,5258,4968,-0.016821690085098
"19348","19348",1751,1751,1815,0.0365505425471159
"19349","19349",2774,2774,2774,0
"19350","19350",3142,3142,2919,-0.0709739019732654
"19351","19351",3751,4218,4508,0.201812849906692
"19352","19352",1862,1883,1883,0.0112781954887218
"19353","19353",2127,2143,2125,-0.000940291490362012
"19354","19354",4207,3359,3359,-0.201568813881626
"19355","19355",4472,4470,4812,0.0760286225402504
"19356","19356",2158,2167,2167,0.00417052826691381
"19358","19358",1892,1892,1893,0.000528541226215645
"19359","19359",2182,2182,2200,0.00824931255728689
"19360","19360",3361,3425,3322,-0.0116036893781613
"19361","19361",809,809,809,0
"19362","19362",1996,1850,1952,-0.0220440881763527
"19363","19363",988,858,812,-0.178137651821862
"19366","19366",4435,4435,4445,0.00225479143179256
"19367","19367",4749,4667,4833,0.0176879343019583
"19368","19368",1815,1803,1803,-0.00661157024793388
"19369","19369",3353,3537,3696,0.102296450939457
"19370","19370",5135,5101,4792,-0.0667964946445959
"19371","19371",1179,1178,1165,-0.0118744698897371
"19372","19372",2321,2321,2287,-0.014648858250754
"19373","19373",4200,4200,4144,-0.0133333333333333
"19375","19375",3530,2372,2394,-0.321813031161473
"19376","19376",3601,3930,3930,0.0913635101360733
"19377","19377",3852,4560,3330,-0.135514018691589
"19378","19378",4089,3754,3712,-0.0921985815602837
"19379","19379",1429,1429,1378,-0.0356892932120364
"19380","19380",1483,1483,1689,0.138907619689818
"19381","19381",7361,8054,6713,-0.0880315174568673
"19383","19383",2413,2786,2502,0.0368835474513054
"19384","19384",1395,1228,1272,-0.0881720430107527
"19385","19385",1528,1508,1566,0.024869109947644
"19387","19387",5103,5103,4495,-0.119145600627082
"19388","19388",1554,1593,1593,0.0250965250965251
"19389","19389",2548,2377,3226,0.266091051805338
"19390","19390",3542,3714,3790,0.070016939582157
"19391","19391",2578,3767,2616,0.0147401086113266
"19392","19392",1954,1917,1917,-0.018935516888434
"19393","19393",3194,3198,3823,0.196931747025673
"19394","19394",5494,5544,5584,0.0163815070986531
"19395","19395",3045,3389,3086,0.0134646962233169
"19396","19396",11001,10873,10491,-0.046359421870739
"19397","19397",8773,8793,8767,-0.000683916562179414
"19398","19398",3323,3297,3489,0.0499548600662052
"19399","19399",1204,1258,1286,0.0681063122923588
"19400","19400",1515,1516,2672,0.763696369636964
"19401","19401",4878,4866,4875,-0.000615006150061501
"19403","19403",4040,4037,3866,-0.0430693069306931
"19404","19404",2188,2189,2189,0.000457038391224863
"19405","19405",1217,1217,1050,-0.137222678718159
"19406","19406",3483,2422,2627,-0.245765144989951
"19407","19407",2077,2386,2664,0.28261916225325
"19411","19411",4137,4138,4031,-0.0256224317138023
"19412","19412",1670,1744,1740,0.0419161676646707
"19413","19413",3028,3546,2691,-0.111294583883752
"19414","19414",4648,4684,4283,-0.0785283993115318
"19415","19415",3679,3658,3651,-0.00761076379450938
"19416","19416",3027,2986,3055,0.00925008259002313
"19417","19417",7807,7832,7090,-0.0918406558216985
"19418","19418",3823,3823,3808,-0.00392362019356526
"19419","19419",7440,7424,7707,0.0358870967741935
"19420","19420",4693,4862,4699,0.00127849989345834
"19421","19421",2900,2900,3212,0.107586206896552
"19423","19423",3787,3977,3475,-0.082387113810404
"19424","19424",5599,5629,5435,-0.0292909448115735
"19425","19425",1349,1601,1601,0.186805040770941
"19426","19426",2040,2452,2108,0.0333333333333333
"19427","19427",1432,1432,1422,-0.00698324022346369
"19428","19428",1787,1847,1846,0.0330162283156128
"19429","19429",1676,1676,1676,0
"19430","19430",7205,7145,7190,-0.00208188757807078
"19431","19431",1893,1894,2143,0.132065504490227
"19432","19432",6206,6206,6207,0.000161134386077989
"19433","19433",2228,2234,2273,0.020197486535009
"19434","19434",2798,2798,3443,0.230521801286633
"19435","19435",6044,6153,5502,-0.0896757114493713
"19436","19436",3309,3250,3574,0.0800846177092777
"19437","19437",1643,1643,1643,0
"19438","19438",3389,3356,3052,-0.0994393626438477
"19439","19439",5508,5610,5250,-0.0468409586056645
"19441","19441",1737,1697,2041,0.175014392630973
"19442","19442",3840,3411,3253,-0.152864583333333
"19444","19444",1842,2063,1912,0.0380021715526602
"19445","19445",3115,2894,2894,-0.0709470304975923
"19446","19446",2602,2659,2656,0.0207532667179093
"19448","19448",1709,1709,1709,0
"19449","19449",2304,2303,2985,0.295572916666667
"19451","19451",1689,1689,1675,-0.00828892835997632
"19452","19452",2381,2427,2427,0.0193196136077278
"19455","19455",11111,11089,10549,-0.0505805058050581
"19456","19456",1328,1328,1328,0
"19457","19457",3011,3032,3041,0.00996346728661574
"19458","19458",3117,3118,3118,0.000320821302534488
"19459","19459",2406,2406,2410,0.00166251039068994
"19460","19460",1027,1067,1015,-0.0116845180136319
"19461","19461",5633,5633,6572,0.166696254216226
"19462","19462",3603,3602,3600,-0.000832639467110741
"19463","19463",7651,7647,7569,-0.0107175532610116
"19464","19464",3293,3619,3344,0.0154873975098694
"19465","19465",3316,3118,3272,-0.0132689987937274
"19466","19466",3199,3187,3229,0.00937793060331354
"19467","19467",3550,3608,3369,-0.0509859154929577
"19468","19468",1978,1856,1531,-0.225985844287159
"19469","19469",1792,1811,1801,0.00502232142857143
"19471","19471",1706,1819,1819,0.0662368112543962
"19472","19472",6116,6274,6005,-0.0181491170699804
"19473","19473",2721,2686,3001,0.102903344358692
"19474","19474",2526,2522,2402,-0.049089469517023
"19475","19475",2005,1976,1975,-0.0149625935162095
"19476","19476",2195,2871,3184,0.450569476082005
"19477","19477",4108,4169,3997,-0.0270204479065239
"19478","19478",2205,2215,2215,0.00453514739229025
"19480","19480",2286,2285,1937,-0.152668416447944
"19481","19481",4810,3749,3767,-0.216839916839917
"19482","19482",3305,3302,3299,-0.00181543116490166
"19483","19483",2777,2378,2364,-0.148721642059777
"19484","19484",4426,4558,4421,-0.00112968820605513
"19485","19485",4657,4813,4623,-0.0073008374490015
"19487","19487",4291,4311,4558,0.0622232579818224
"19488","19488",4880,5485,4794,-0.0176229508196721
"19489","19489",4177,4177,4284,0.0256164711515442
"19490","19490",2010,2084,2088,0.0388059701492537
"19491","19491",2571,2571,1985,-0.227926876701672
"19492","19492",2683,2723,2564,-0.044353335818114
"19493","19493",2495,2495,2385,-0.0440881763527054
"19494","19494",6054,5779,5943,-0.0183349851337958
"19495","19495",3549,3452,4218,0.188503803888419
"19496","19496",4252,4470,3513,-0.173800564440263
"19497","19497",1572,1572,1630,0.0368956743002544
"19498","19498",6003,6004,5257,-0.124271197734466
"19499","19499",7609,7797,7731,0.016033644368511
"19500","19500",4680,4305,4598,-0.0175213675213675
"19501","19501",4397,4386,4700,0.0689106208778713
"19502","19502",2068,2068,2068,0
"19503","19503",2138,1949,1913,-0.105238540692236
"19505","19505",4087,4636,4675,0.143870809885001
"19506","19506",1274,1689,1690,0.326530612244898
"19507","19507",5996,5285,5312,-0.114076050700467
"19508","19508",2526,2873,1673,-0.337688044338876
"19509","19509",4011,4217,4221,0.0523560209424084
"19510","19510",4605,4344,4404,-0.0436482084690554
"19511","19511",3328,3328,3032,-0.0889423076923077
"19512","19512",5319,5063,4765,-0.104154916337657
"19514","19514",1685,1685,1684,-0.000593471810089021
"19515","19515",3537,3182,3181,-0.1006502685892
"19516","19516",3149,3165,2913,-0.0749444268021594
"19517","19517",2200,2199,2199,-0.000454545454545455
"19518","19518",3455,3461,3485,0.00868306801736614
"19519","19519",3531,3530,3784,0.0716510903426791
"19520","19520",1345,1345,1454,0.0810408921933086
"19521","19521",2072,2870,3004,0.44980694980695
"19522","19522",4155,4163,4577,0.101564380264741
"19523","19523",2571,3089,2910,0.131855309218203
"19524","19524",2193,2269,2271,0.0355677154582763
"19525","19525",2177,2578,2537,0.165365181442352
"19526","19526",8848,8952,8798,-0.00565099457504521
"19527","19527",3616,3724,3742,0.0348451327433628
"19528","19528",4430,4505,4485,0.0124153498871332
"19529","19529",2807,2822,2829,0.00783754898468115
"19530","19530",3601,3539,2760,-0.233546237156345
"19531","19531",1713,1969,2126,0.241097489784005
"19532","19532",2672,2753,2753,0.030314371257485
"19533","19533",7179,7179,7269,0.0125365649811952
"19535","19535",5840,6692,5950,0.0188356164383562
"19536","19536",6334,6634,6516,0.0287338174928955
"19537","19537",6952,6953,7408,0.0655926352128884
"19539","19539",2035,2524,2402,0.18034398034398
"19540","19540",3850,3701,3915,0.0168831168831169
"19541","19541",3660,3577,3644,-0.00437158469945355
"19542","19542",1429,1429,1874,0.311406578026592
"19543","19543",4127,3687,3747,-0.0920765689362733
"19544","19544",2399,2955,2510,0.0462692788661942
"19545","19545",2817,3537,3020,0.0720624778132765
"19546","19546",903,896,929,0.0287929125138427
"19547","19547",3314,3520,3820,0.152685576342788
"19548","19548",4697,4759,4684,-0.00276772407919949
"19549","19549",2911,2911,2882,-0.00996221229817932
"19550","19550",2785,2785,2931,0.0524236983842011
"19551","19551",2957,3424,3281,0.109570510652689
"19553","19553",1688,1647,1647,-0.0242890995260664
"19554","19554",3573,3545,3367,-0.0576546319619368
"19555","19555",5637,4733,4464,-0.208089409260245
"19556","19556",2964,3268,3526,0.189608636977058
"19557","19557",2755,2852,2684,-0.0257713248638838
"19558","19558",2725,2867,2861,0.0499082568807339
"19559","19559",2003,1804,1794,-0.104343484772841
"19560","19560",12227,12661,12325,0.00801504866279545
"19561","19561",849,849,855,0.00706713780918728
"19562","19562",2176,2412,2412,0.108455882352941
"19563","19563",4369,4369,4133,-0.0540169375143053
"19564","19564",1570,1570,1304,-0.169426751592357
"19565","19565",4631,4614,4779,0.0319585402720795
"19566","19566",2769,4321,4320,0.560130010834236
"19567","19567",1937,1954,1954,0.00877645844088797
"19568","19568",7751,7751,7532,-0.0282544187846729
"19569","19569",1794,1794,1551,-0.135451505016722
"19570","19570",3829,4899,3957,0.0334290937581614
"19571","19571",12826,12801,13074,0.0193357243099953
"19572","19572",845,845,874,0.0343195266272189
"19573","19573",1286,1616,1305,0.0147744945567652
"19574","19574",2974,2800,2784,-0.0638870208473436
"19576","19576",7006,6191,5598,-0.200970596631459
"19578","19578",6325,6525,5611,-0.112885375494071
"19579","19579",3457,4284,4086,0.181949667341626
"19580","19580",1496,1496,1483,-0.00868983957219251
"19582","19582",4410,4349,4459,0.0111111111111111
"19583","19583",5297,4876,4805,-0.0928827638285822
"19584","19584",3316,3316,2884,-0.130277442702051
"19585","19585",3440,3412,2967,-0.1375
"19586","19586",2775,2860,2829,0.0194594594594595
"19587","19587",2354,2354,2353,-0.000424808836023789
"19588","19588",4027,4080,4115,0.0218524956543333
"19589","19589",2236,1954,1879,-0.159660107334526
"19590","19590",5422,5395,4494,-0.17115455551457
"19591","19591",7065,5699,6255,-0.114649681528662
"19592","19592",5407,6328,5662,0.0471610874791936
"19593","19593",5769,6000,5110,-0.114231235916103
"19594","19594",3080,3022,3022,-0.0188311688311688
"19595","19595",3318,3250,3279,-0.011754068716094
"19597","19597",1371,1019,1031,-0.24799416484318
"19598","19598",2241,2408,2228,-0.00580098170459616
"19599","19599",3145,3145,3147,0.000635930047694754
"19600","19600",4720,4720,4796,0.0161016949152542
"19602","19602",6822,6822,6693,-0.0189094107299912
"19603","19603",3758,3225,3225,-0.141830761043108
"19604","19604",3679,3679,3594,-0.0231041043761892
"19605","19605",4333,4431,3815,-0.119547657512116
"19606","19606",6051,5041,4803,-0.206246901338622
"19607","19607",3538,3772,3571,0.00932730356133409
"19608","19608",1931,1425,1425,-0.262040393578457
"19609","19609",7505,7545,7374,-0.0174550299800133
"19611","19611",1037,1036,1032,-0.00482160077145612
"19612","19612",5772,5777,5591,-0.0313582813582814
"19613","19613",3867,3867,3904,0.0095681406775278
"19614","19614",1435,1435,1389,-0.0320557491289199
"19615","19615",4193,4153,3922,-0.0646315287383735
"19616","19616",12787,12257,11311,-0.115429733322906
"19617","19617",1226,1226,1226,0
"19618","19618",1217,1217,1313,0.0788824979457683
"19619","19619",1698,1698,1720,0.0129564193168433
"19620","19620",2428,2341,2312,-0.0477759472817133
"19621","19621",2341,2340,2278,-0.026911576249466
"19622","19622",4003,4004,4004,0.00024981264051961
"19623","19623",1157,1157,1158,0.000864304235090752
"19624","19624",1780,1811,3247,0.824157303370787
"19625","19625",5534,6586,6498,0.174195880014456
"19626","19626",1786,1805,2053,0.1494960806271
"19628","19628",9337,9292,9039,-0.0319160329870408
"19629","19629",2653,2670,2671,0.00678477195627591
"19631","19631",2415,2418,2422,0.00289855072463768
"19632","19632",6038,4561,4095,-0.32179529645578
"19633","19633",4493,4500,4355,-0.0307144446917427
"19634","19634",12307,12470,12323,0.00130007312911351
"19635","19635",5411,5399,5124,-0.0530401034928849
"19636","19636",2975,3043,3881,0.30453781512605
"19637","19637",6244,6347,6878,0.101537475976938
"19638","19638",1548,1548,1645,0.0626614987080103
"19639","19639",1173,1039,1031,-0.121057118499574
"19640","19640",4286,3932,3932,-0.08259449370042
"19641","19641",4446,4682,4709,0.0591542959964013
"19642","19642",3184,3181,3170,-0.00439698492462312
"19643","19643",3226,3214,3282,0.0173589584624923
"19644","19644",1396,1396,1399,0.00214899713467049
"19645","19645",1385,1606,1650,0.191335740072202
"19646","19646",1377,1377,1377,0
"19648","19648",3279,3241,3254,-0.00762427569380909
"19649","19649",3278,3278,2735,-0.165649786455156
"19650","19650",2287,2202,2202,-0.0371665937909926
"19651","19651",1572,1604,1601,0.0184478371501272
"19652","19652",8066,7831,7691,-0.0464914455740144
"19653","19653",2521,2525,2522,0.000396667988893296
"19654","19654",1698,1722,1590,-0.0636042402826855
"19655","19655",5320,5251,5052,-0.0503759398496241
"19656","19656",10097,10078,9375,-0.0715063880360503
"19657","19657",3516,4092,3930,0.117747440273038
"19658","19658",2284,2284,2284,0
"19659","19659",865,865,866,0.00115606936416185
"19661","19661",2681,2681,2697,0.00596792241700858
"19662","19662",855,925,856,0.00116959064327485
"19664","19664",4002,3997,3556,-0.111444277861069
"19666","19666",4753,5175,4085,-0.14054281506417
"19667","19667",1866,1663,1662,-0.109324758842444
"19668","19668",4397,4396,4362,-0.007959972708665
"19669","19669",2350,2319,2274,-0.0323404255319149
"19670","19670",3373,2791,2791,-0.172546694337385
"19671","19671",2328,2326,1732,-0.256013745704467
"19672","19672",5436,4741,4600,-0.153789551140545
"19675","19675",1621,1621,1557,-0.0394818013571869
"19676","19676",7161,6885,7129,-0.00446864962993995
"19677","19677",3002,3000,2416,-0.195203197868088
"19678","19678",1172,1172,1190,0.015358361774744
"19679","19679",1138,1176,1176,0.0333919156414763
"19680","19680",9245,8130,8325,-0.0995132504056247
"19681","19681",2007,1785,1825,-0.0906826108619831
"19682","19682",2876,2877,2877,0.000347705146036161
"19683","19683",2979,2974,2974,-0.00167841557569654
"19684","19684",3039,3033,3560,0.17143797301744
"19685","19685",3451,3405,3231,-0.0637496377861489
"19686","19686",3198,3207,3190,-0.00250156347717323
"19689","19689",2645,3026,3167,0.197353497164461
"19690","19690",1412,1392,1392,-0.0141643059490085
"19692","19692",6554,6244,6395,-0.0242599938968569
"19695","19695",1184,1189,1189,0.00422297297297297
"19696","19696",5293,5423,5557,0.049877196296996
"19697","19697",3364,3425,2882,-0.143281807372176
"19698","19698",4501,3315,4004,-0.110419906687403
"19699","19699",2234,2206,2197,-0.0165622202327663
"19701","19701",5962,6625,5995,0.00553505535055351
"19702","19702",10281,10907,10672,0.0380313199105145
"19703","19703",2493,2643,2643,0.0601684717208183
"19704","19704",3030,3030,3074,0.0145214521452145
"19705","19705",3426,3342,3325,-0.0294804436660829
"19706","19706",2228,2259,2448,0.0987432675044883
"19707","19707",1796,1791,1789,-0.00389755011135857
"19708","19708",3041,3342,3219,0.0585333771785597
"19709","19709",11278,11031,11557,0.0247384287994325
"19710","19710",3552,3555,3236,-0.088963963963964
"19711","19711",1788,1788,1893,0.0587248322147651
"19713","19713",4242,3745,3817,-0.1001885902876
"19714","19714",11794,11942,11913,0.0100898762082415
"19715","19715",12784,12825,12389,-0.0308979974968711
"19717","19717",2890,2900,2750,-0.0484429065743945
"19719","19719",1906,1906,1905,-0.000524658971668416
"19720","19720",2905,2905,2906,0.000344234079173838
"19721","19721",2370,2370,1893,-0.20126582278481
"19722","19722",1802,1885,1992,0.105438401775805
"19725","19725",1617,1617,1616,-0.000618429189857761
"19727","19727",2164,2011,1938,-0.104436229205176
"19728","19728",1042,1043,972,-0.0671785028790787
"19729","19729",1655,1655,1655,0
"19730","19730",4905,4552,4677,-0.0464831804281346
"19731","19731",1574,1576,2035,0.292884371029225
"19732","19732",4440,4384,4376,-0.0144144144144144
"19733","19733",3871,5050,4175,0.0785326788943426
"19735","19735",5116,5399,5013,-0.0201329163408913
"19736","19736",4885,4783,4727,-0.0323439099283521
"19739","19739",6063,7392,6351,0.0475012370113805
"19740","19740",1467,1629,1618,0.102931152010907
"19741","19741",1720,1739,1740,0.0116279069767442
"19742","19742",8051,8366,8961,0.113029437336977
"19743","19743",1751,1932,1266,-0.276984580239863
"19744","19744",3134,3328,3205,0.0226547543075941
"19745","19745",3177,3178,3127,-0.0157381177211206
"19746","19746",3066,3066,2942,-0.04044357469015
"19748","19748",2385,2590,2601,0.0905660377358491
"19750","19750",11802,12149,12442,0.0542280969327233
"19751","19751",2180,2709,2709,0.242660550458716
"19752","19752",4202,4176,3513,-0.163969538315088
"19753","19753",4849,5576,5575,0.149721592080841
"19754","19754",8149,8234,7929,-0.0269971775677997
"19755","19755",2838,2838,2882,0.0155038759689922
"19756","19756",4306,3568,4424,0.0274036228518347
"19757","19757",9352,9900,9986,0.0677929854576561
"19758","19758",2651,2579,2074,-0.217653715579027
"19760","19760",5947,6085,6130,0.0307718177232218
"19761","19761",5607,5611,5303,-0.0542179418583913
"19762","19762",4204,4194,4188,-0.00380589914367269
"19763","19763",1222,1230,1230,0.00654664484451719
"19764","19764",1911,1911,1285,-0.327577184720042
"19765","19765",4519,4557,4647,0.0283248506306705
"19945","19945",4519,4557,4647,0.0283248506306705
"19766","19766",3164,3130,3817,0.206384323640961
"19767","19767",1124,1130,1143,0.0169039145907473
"19768","19768",646,581,597,-0.0758513931888545
"19769","19769",1726,1163,1081,-0.37369640787949
"19770","19770",1710,1709,1694,-0.00935672514619883
"19771","19771",1549,1244,1285,-0.170432537120723
"19772","19772",1780,1346,1463,-0.178089887640449
"19774","19774",1625,1625,1816,0.117538461538462
"19775","19775",916,907,1006,0.0982532751091703
"19776","19776",3278,3213,4106,0.252593044539353
"19777","19777",2668,2667,2619,-0.0183658170914543
"19778","19778",2670,2554,3514,0.316104868913858
"19779","19779",8358,8286,7886,-0.0564728403924384
"19780","19780",2576,2576,2576,0
"19781","19781",5191,5620,5161,-0.00577923328838374
"19784","19784",1415,1416,1416,0.000706713780918728
"19785","19785",2214,2242,2201,-0.00587172538392051
"19786","19786",2862,2862,2862,0
"19787","19787",3607,3611,4234,0.173828666481841
"19788","19788",1090,1090,1146,0.0513761467889908
"19790","19790",7932,8117,7815,-0.014750378214826
"19791","19791",5188,5563,5950,0.146877409406322
"19793","19793",2199,2201,2202,0.00136425648021828
"19795","19795",2980,2981,2252,-0.244295302013423
"19796","19796",2703,2703,2850,0.0543840177580466
"19798","19798",2823,2346,2080,-0.263195182430039
"19799","19799",2084,1453,1459,-0.299904030710173
"19800","19800",2135,2197,2205,0.0327868852459016
"19801","19801",2508,2490,2490,-0.00717703349282297
"19802","19802",3533,3407,3416,-0.0331163317294084
"19804","19804",1722,2092,2033,0.180603948896632
"19805","19805",991,990,2091,1.10998990918264
"19807","19807",4053,4064,4030,-0.00567480878361707
"19808","19808",3838,3063,3842,0.00104220948410631
"19809","19809",3162,3166,3085,-0.0243516761543327
"19810","19810",1627,1627,1627,0
"19813","19813",2455,2868,2887,0.175967413441955
"19814","19814",4558,4556,4819,0.0572619569986836
"19815","19815",3652,3402,3824,0.0470974808324206
"19816","19816",2985,2985,2985,0
"19817","19817",2235,2236,2908,0.301118568232662
"19818","19818",12967,13147,11337,-0.12570370941621
"19820","19820",3860,3885,3528,-0.0860103626943005
"19821","19821",5852,5860,6377,0.0897129186602871
"19822","19822",6675,6796,6657,-0.00269662921348315
"19823","19823",584,561,541,-0.0736301369863014
"19824","19824",2299,2208,2209,-0.039147455415398
"19825","19825",4173,4134,4145,-0.00670980110232447
"19826","19826",4110,4110,4034,-0.0184914841849148
"19827","19827",2917,2849,2812,-0.0359958861844361
"19829","19829",1855,1883,1668,-0.100808625336927
"19831","19831",2425,1758,1644,-0.322061855670103
"19832","19832",5417,5119,5270,-0.0271367915820565
"19833","19833",3563,3672,3827,0.0740948638787539
"19834","19834",2978,3502,3382,0.135661517797179
"19835","19835",4316,4312,3666,-0.150602409638554
"19836","19836",1632,1632,1633,0.000612745098039216
"19837","19837",5245,3698,3607,-0.312297426120114
"19838","19838",2931,2931,2953,0.00750597065847834
"19839","19839",2520,2520,2501,-0.00753968253968254
"19841","19841",2761,2830,2462,-0.108294096341905
"19842","19842",1763,1763,1878,0.0652297220646625
"19843","19843",4217,4220,4069,-0.0350960398387479
"19844","19844",3493,4479,4134,0.18350987689665
"19846","19846",1798,1538,1576,-0.123470522803115
"19848","19848",1522,2197,2197,0.443495400788436
"19849","19849",1868,1873,1873,0.00267665952890792
"19850","19850",3528,3605,2987,-0.153344671201814
"19851","19851",3271,3042,3042,-0.0700091715071843
"19852","19852",2479,2480,2462,-0.00685760387252925
"19853","19853",3291,3333,2652,-0.194165907019143
"19854","19854",5599,7216,6370,0.1377031612788
"19855","19855",2251,2197,2196,-0.0244335850733008
"19856","19856",1231,1330,1325,0.0763606823720552
"19857","19857",5531,6382,5521,-0.00180799132164166
"19858","19858",1903,1903,1491,-0.216500262743037
"19859","19859",4447,4373,4120,-0.0735327186867551
"19860","19860",2433,2692,2737,0.124948623099055
"19861","19861",2891,1910,1910,-0.339328951919751
"19862","19862",1856,1848,2142,0.154094827586207
"19863","19863",747,747,765,0.0240963855421687
"19865","19865",4815,5308,4238,-0.119833852544133
"19866","19866",2249,2321,2690,0.196087149844375
"19867","19867",5830,5831,5667,-0.027958833619211
"19869","19869",2389,1962,2081,-0.128924236082043
"19871","19871",4378,4538,4521,0.0326633165829146
"19872","19872",1722,1722,1756,0.0197444831591173
"19873","19873",2113,2051,1931,-0.0861334595362045
"19874","19874",2828,2652,2783,-0.0159123055162659
"19875","19875",3547,3808,3500,-0.0132506343388779
"19876","19876",6116,6118,6122,0.000981033355134075
"19877","19877",1417,1411,1498,0.0571630204657728
"19878","19878",1093,1118,1132,0.0356816102470265
"19880","19880",1229,1229,1220,-0.00732302685109845
"19881","19881",1540,1590,1477,-0.0409090909090909
"19882","19882",4471,4442,4554,0.0185640796242451
"19884","19884",3621,3609,3692,0.0196078431372549
"19886","19886",5166,4842,5473,0.059427022841657
"19887","19887",3155,3154,2460,-0.220285261489699
"19888","19888",2104,2088,2125,0.00998098859315589
"19889","19889",864,864,848,-0.0185185185185185
"19890","19890",2983,2873,2611,-0.12470667113644
"19892","19892",3731,4028,4027,0.079335298847494
"19893","19893",2351,2373,2860,0.216503615482773
"19894","19894",2236,2140,2425,0.084525939177102
"19895","19895",1361,1355,1355,-0.00440852314474651
"19896","19896",4762,4456,4607,-0.0325493490130197
"19897","19897",7678,7781,6871,-0.105105496222975
"19898","19898",2325,2327,2341,0.00688172043010753
"19899","19899",1726,1802,1879,0.0886442641946698
"19900","19900",3674,3674,4284,0.166031573217202
"19901","19901",2180,2164,2470,0.13302752293578
"19902","19902",2817,2976,2979,0.0575079872204473
"19903","19903",3305,4009,3866,0.169742813918306
"19905","19905",2366,2250,2250,-0.0490278951817413
"19906","19906",4382,4384,4387,0.00114103149246919
"19907","19907",3573,3238,3238,-0.0937587461516933
"19909","19909",3052,2618,2643,-0.134010484927916
"19911","19911",1352,1333,1332,-0.014792899408284
"19913","19913",4865,4735,4732,-0.0273381294964029
"19914","19914",1635,1477,1477,-0.0966360856269113
"19915","19915",3247,3247,3222,-0.00769941484447182
"19916","19916",6229,5858,6426,0.0316262642478729
"19917","19917",7124,7086,7658,0.074957888826502
"19918","19918",2481,3034,3188,0.284965739621121
"19919","19919",3392,3387,3387,-0.00147405660377359
"19920","19920",2964,2968,2764,-0.0674763832658569
"19921","19921",1949,1580,1882,-0.034376603386352
"19923","19923",1447,1406,1341,-0.073255010366275
"19924","19924",5061,4757,4973,-0.0173878680102746
"19925","19925",3698,3685,2648,-0.283937263385614
"19926","19926",4958,4398,4117,-0.169624848729326
"19927","19927",4061,4185,4175,0.0280719034720512
"19928","19928",4513,4513,4512,-0.00022158209616663
"19929","19929",1143,1146,1467,0.283464566929134
"19930","19930",4124,4111,4111,-0.00315227934044617
"19931","19931",3352,3372,3352,0
"19933","19933",3466,3136,3137,-0.0949221004039238
"19934","19934",863,965,791,-0.0834298957126304
"19935","19935",11284,11647,11571,0.0254342431761787
"19936","19936",2227,1954,1849,-0.169735069600359
"19937","19937",7508,7056,7477,-0.00412892914224827
"19938","19938",1530,1531,1531,0.00065359477124183
"19939","19939",2513,2770,2460,-0.0210903302825308
"19940","19940",4571,4572,4502,-0.0150951651717349
"19941","19941",4618,4525,4533,-0.0184062364660026
"19942","19942",3182,2325,2746,-0.137020741671904
"19944","19944",2946,2946,2306,-0.21724372029871
"19946","19946",3791,3880,4038,0.0651543128462147
"19947","19947",3173,3335,3378,0.06460762685156
"19948","19948",6469,6758,6439,-0.00463750193229247
"19950","19950",11034,11056,10713,-0.0290918977705275
"19951","19951",3952,4273,3964,0.00303643724696356
"19953","19953",2663,2652,2384,-0.104769057453999
"19954","19954",5946,5946,5791,-0.0260679448368651
"19955","19955",1326,1332,1481,0.116892911010558
"19956","19956",3869,3867,3851,-0.00465236495218403
"19957","19957",2989,2983,2979,-0.00334560053529609
"19958","19958",2228,2228,1633,-0.26705565529623
"19959","19959",2728,2729,2396,-0.121700879765396
"19960","19960",1821,1811,1813,-0.00439319055464031
"19962","19962",2332,2332,2334,0.000857632933104631
"19963","19963",3780,3780,3757,-0.00608465608465609
"19964","19964",3037,3078,2673,-0.119855120184392
"19965","19965",1094,1094,1153,0.0539305301645338
"19966","19966",4495,4485,4461,-0.00756395995550612
"19967","19967",2055,2453,2380,0.158150851581509
"19968","19968",3800,3871,3850,0.0131578947368421
"19969","19969",6091,6508,5402,-0.113117714660975
"19970","19970",3814,3814,4920,0.289984268484531
"19971","19971",8889,8821,8776,-0.0127123410957363
"19972","19972",4322,4361,3752,-0.131883387320685
"19974","19974",1203,1282,1636,0.359933499584372
"19975","19975",1493,1896,1818,0.21768251841929
"19976","19976",3648,3574,3557,-0.0249451754385965
"19977","19977",5379,5379,5256,-0.0228667038482989
"19978","19978",5949,5949,5955,0.00100857286938981
"19979","19979",1778,1777,1843,0.0365579302587177
"19980","19980",5086,5086,4936,-0.0294927251278018
"19981","19981",561,564,601,0.071301247771836
"19982","19982",2641,3166,2716,0.0283983339644074
"19983","19983",3142,3085,3060,-0.026098026734564
"19984","19984",1758,1758,1672,-0.0489192263936291
"19986","19986",4777,4728,4751,-0.00544274649361524
"19987","19987",2954,2885,2927,-0.00914014895057549
"19988","19988",5645,5645,5648,0.000531443755535872
"19989","19989",7455,7490,8777,0.177330650570087
"19990","19990",1177,942,942,-0.199660152931181
"19991","19991",4116,4176,4198,0.0199222546161322
"19992","19992",2214,2212,2908,0.313459801264679
"19994","19994",3607,2931,2982,-0.173274189076795
"19995","19995",2542,2479,2406,-0.0535011801730921
"19997","19997",5193,5164,5430,0.0456383593298671
"19998","19998",2123,1969,1964,-0.0748940178991993
"19999","19999",3916,4305,4603,0.175434116445352
"20000","20000",3463,3795,3643,0.0519780537106555
