"from_id","to_id","dist_2018","dist_2020","dist_2022","change_pct"
"1","1",6341,6532,6487,0.0230247595016559
"2","2",2368,2096,2520,0.0641891891891892
"3","3",1699,1664,1370,-0.193643319599765
"4","4",4560,4387,4541,-0.00416666666666667
"5","5",2727,2727,2371,-0.130546387972131
"6","6",2046,2041,1541,-0.246823069403715
"7","7",3976,3976,3904,-0.0181086519114688
"8","8",1522,1638,1638,0.076215505913272
"9","9",4580,4591,4308,-0.0593886462882096
"10","10",1788,1785,1499,-0.161633109619687
"13217","13217",1788,1785,1499,-0.161633109619687
"11","11",2290,2091,2080,-0.091703056768559
"8513","8513",2290,2091,2080,-0.091703056768559
"12","12",5967,6512,6660,0.116138763197587
"13","13",7988,8786,8404,0.0520781171757636
"14","14",2693,2658,2800,0.0397326401782399
"15","15",4456,4489,3678,-0.1745960502693
"16","16",1514,1516,1309,-0.135402906208719
"17","17",1281,1284,1182,-0.0772833723653396
"6561","6561",1281,1284,1182,-0.0772833723653396
"18","18",9214,9188,7044,-0.235511178641198
"19","19",5378,5038,5225,-0.0284492376348085
"20","20",3537,3546,3179,-0.10121571953633
"21","21",6113,6112,4911,-0.196630132504499
"22","22",1841,1706,1608,-0.12656165127648
"11879","11879",1841,1706,1608,-0.12656165127648
"23","23",4125,4550,4588,0.112242424242424
"24","24",3641,3678,3491,-0.0411974732216424
"25","25",4544,4222,4212,-0.0730633802816901
"26","26",1283,1280,1200,-0.0646921278254092
"27","27",8100,8404,7205,-0.110493827160494
"28","28",2773,3009,2902,0.0465200144248107
"29","29",4270,4839,3970,-0.0702576112412178
"30","30",5082,5093,4691,-0.0769382133018497
"31","31",2659,2658,2565,-0.0353516359533659
"32","32",1904,1904,1905,0.000525210084033613
"33","33",5727,6336,4976,-0.13113322856644
"34","34",2788,2787,2962,0.0624103299856528
"35","35",2580,2660,2707,0.0492248062015504
"36","36",4564,4562,4378,-0.0407537248028046
"37","37",2418,2824,2694,0.114143920595533
"38","38",2291,2293,2263,-0.0122217372326495
"18477","18477",2291,2293,2263,-0.0122217372326495
"39","39",3239,3240,3548,0.0953998147576412
"40","40",1189,1189,1209,0.0168208578637511
"41","41",5570,5761,6104,0.0958707360861759
"42","42",4503,4223,4227,-0.061292471685543
"43","43",7544,7533,9713,0.287513255567338
"44","44",4297,3931,3810,-0.113334884803351
"45","45",3298,3282,3281,-0.00515463917525773
"46","46",10512,10623,11011,0.0474695585996956
"47","47",1633,1633,1745,0.0685854255970606
"10108","10108",1633,1633,1745,0.0685854255970606
"48","48",7792,7790,8134,0.0438911704312115
"49","49",7962,6369,6902,-0.133132378799297
"50","50",4123,4123,4104,-0.00460829493087558
"51","51",3654,4103,3443,-0.0577449370552819
"52","52",5339,5306,4711,-0.117625023412624
"53","53",7464,7635,4593,-0.384646302250804
"54","54",8969,8883,8675,-0.0327795740885271
"55","55",2045,2046,1961,-0.0410757946210269
"56","56",2518,2518,2482,-0.0142970611596505
"57","57",2148,2139,2156,0.0037243947858473
"8013","8013",2148,2139,2156,0.0037243947858473
"58","58",6734,6720,6858,0.0184140184140184
"59","59",4301,4855,3976,-0.0755638223668914
"60","60",3450,3582,3224,-0.0655072463768116
"61","61",10418,10259,10114,-0.0291802649260895
"62","62",1490,1490,1486,-0.00268456375838926
"63","63",3021,2443,1850,-0.387619993379676
"64","64",3280,3279,3263,-0.00518292682926829
"65","65",1128,1128,940,-0.166666666666667
"13222","13222",1128,1128,940,-0.166666666666667
"66","66",2843,2755,2638,-0.0721069293000352
"67","67",3771,3765,3782,0.00291699814372845
"10727","10727",3771,3765,3782,0.00291699814372845
"68","68",4512,4811,10758,1.3843085106383
"69","69",2729,2724,2571,-0.057896665445218
"70","70",1200,1200,1148,-0.0433333333333333
"71","71",5230,5226,5017,-0.0407265774378585
"72","72",3943,5694,4240,0.0753233578493533
"12656","12656",3943,5694,4240,0.0753233578493533
"73","73",4353,4357,3942,-0.0944176430048243
"74","74",4632,4702,4649,0.00367012089810017
"75","75",2583,2616,2749,0.0642663569492838
"76","76",5407,5089,8217,0.519696689476604
"77","77",11227,10206,11632,0.0360737507793712
"78","78",2917,2923,3531,0.210490229688036
"79","79",1222,1227,1094,-0.104746317512275
"1807","1807",1222,1227,1094,-0.104746317512275
"80","80",4130,3830,4407,0.0670702179176755
"81","81",3733,3652,3726,-0.00187516742566301
"3082","3082",3733,3652,3726,-0.00187516742566301
"11145","11145",3733,3652,3726,-0.00187516742566301
"82","82",3159,3169,3394,0.0743906299461855
"83","83",1635,1397,1300,-0.204892966360856
"84","84",2949,2950,2386,-0.190912173618176
"85","85",1807,2175,2168,0.199778638627559
"86","86",7248,5210,5526,-0.237582781456954
"87","87",2179,2179,2146,-0.0151445617255622
"88","88",6189,5689,3754,-0.393439974147681
"89","89",4867,4662,4610,-0.0528046024244915
"90","90",4286,4247,4290,0.000933271115258983
"91","91",5192,5179,5440,0.0477657935285054
"92","92",2357,2032,2058,-0.1268561731014
"93","93",1923,1938,1790,-0.0691627665106604
"94","94",1822,1818,1653,-0.092755214050494
"95","95",1751,1705,1624,-0.0725299828669332
"3517","3517",1751,1705,1624,-0.0725299828669332
"96","96",1813,2065,1892,0.0435741864313293
"97","97",7416,7204,6047,-0.184600862998921
"98","98",3509,3684,3555,0.0131091479053861
"99","99",8339,11198,9803,0.17556061877923
"100","100",3381,3372,3205,-0.0520556048506359
"101","101",3303,3096,2959,-0.10414774447472
"102","102",9712,9727,8157,-0.160111202635914
"103","103",2955,2959,2990,0.011844331641286
"9110","9110",2955,2959,2990,0.011844331641286
"104","104",2127,2124,2472,0.162200282087447
"105","105",1073,1070,1065,-0.00745573159366263
"106","106",4378,4357,4066,-0.0712654179990863
"107","107",1888,1888,1922,0.0180084745762712
"108","108",2361,2361,3187,0.349851757729776
"13299","13299",2361,2361,3187,0.349851757729776
"109","109",3607,3686,3283,-0.0898253396174106
"110","110",3497,3232,3088,-0.116957392050329
"266","266",3497,3232,3088,-0.116957392050329
"111","111",3361,3364,3221,-0.0416542695626302
"112","112",3790,3790,4029,0.0630606860158311
"113","113",2810,2798,2854,0.0156583629893238
"114","114",4767,4759,4456,-0.065240192993497
"115","115",3426,3407,2147,-0.373321657910099
"116","116",3922,3919,3617,-0.077766445690974
"117","117",5257,5257,7479,0.422674529199163
"118","118",3260,3267,3293,0.0101226993865031
"119","119",1875,1888,1880,0.00266666666666667
"120","120",4180,4301,3034,-0.274162679425837
"121","121",1057,1021,1110,0.0501419110690634
"122","122",3056,3085,3372,0.103403141361257
"123","123",1858,1528,1525,-0.179224973089343
"124","124",4884,4902,4676,-0.0425880425880426
"125","125",3391,3391,3379,-0.00353877912120318
"126","126",2333,2922,2166,-0.0715816545220746
"15922","15922",2333,2922,2166,-0.0715816545220746
"127","127",4511,4851,4782,0.0600753713145644
"128","128",2547,2545,2720,0.0679230467216333
"15053","15053",2547,2545,2720,0.0679230467216333
"129","129",3027,3024,3059,0.0105715229600264
"130","130",5804,4854,4056,-0.301171605789111
"131","131",2466,2854,2852,0.156528791565288
"132","132",2505,2652,3156,0.259880239520958
"133","133",6469,6492,5636,-0.128767970319988
"134","134",5218,5146,4242,-0.18704484476811
"135","135",3017,3008,2809,-0.0689426582698044
"136","136",3397,4018,3959,0.165440094200765
"137","137",3255,3255,2563,-0.212596006144393
"138","138",1507,1507,1487,-0.013271400132714
"139","139",3987,3986,3893,-0.0235766240280913
"5157","5157",3987,3986,3893,-0.0235766240280913
"140","140",1195,1215,1215,0.0167364016736402
"141","141",3789,3379,3104,-0.180786487199789
"142","142",2396,2379,2673,0.115609348914858
"143","143",2196,3912,3805,0.732695810564663
"144","144",1745,1742,2363,0.354154727793696
"145","145",2364,2364,2364,0
"146","146",2291,2296,2662,0.161938018332606
"147","147",1972,1973,1714,-0.130831643002028
"148","148",9869,10144,8522,-0.136487992704428
"149","149",2128,2103,2716,0.276315789473684
"150","150",1529,1748,1381,-0.0967952910398954
"8257","8257",1529,1748,1381,-0.0967952910398954
"151","151",3784,3676,3658,-0.0332980972515856
"152","152",8329,8161,8502,0.0207708008164245
"153","153",1397,1548,1434,0.0264853256979241
"154","154",4151,4153,4350,0.0479402553601542
"155","155",4331,4256,4305,-0.00600323250981298
"156","156",2989,2647,2611,-0.126463700234192
"157","157",1345,1292,1483,0.102602230483271
"158","158",1577,1577,1595,0.0114140773620799
"159","159",1330,1336,1619,0.217293233082707
"160","160",3262,2885,2958,-0.0931943592887799
"1164","1164",3262,2885,2958,-0.0931943592887799
"161","161",1944,1964,1602,-0.175925925925926
"162","162",1010,1013,1023,0.0128712871287129
"163","163",2679,2329,2224,-0.169839492347891
"164","164",2408,2575,2391,-0.00705980066445183
"165","165",3979,2860,2998,-0.246544357878864
"166","166",3403,3370,3714,0.0913899500440788
"167","167",4744,4790,4373,-0.0782040472175379
"17584","17584",4744,4790,4373,-0.0782040472175379
"168","168",1665,1667,1750,0.0510510510510511
"169","169",2342,2344,2325,-0.00725875320239112
"170","170",1973,1894,1912,-0.0309173846933604
"4266","4266",1973,1894,1912,-0.0309173846933604
"6895","6895",1973,1894,1912,-0.0309173846933604
"15873","15873",1973,1894,1912,-0.0309173846933604
"19143","19143",1973,1894,1912,-0.0309173846933604
"171","171",4311,4172,4096,-0.0498724193922524
"172","172",4406,3612,3476,-0.211075805719473
"173","173",2391,2338,2448,0.0238393977415307
"174","174",2060,2064,2041,-0.00922330097087379
"8074","8074",2060,2064,2041,-0.00922330097087379
"175","175",1789,1816,1874,0.0475125768585802
"9437","9437",1789,1816,1874,0.0475125768585802
"176","176",2037,2035,2072,0.0171821305841924
"177","177",4714,4764,4589,-0.0265167585914298
"13424","13424",4714,4764,4589,-0.0265167585914298
"178","178",6166,8487,7686,0.246513136555303
"179","179",3312,3305,2896,-0.1256038647343
"180","180",2515,2515,2286,-0.0910536779324056
"181","181",1609,1696,1639,0.0186451211932878
"3234","3234",1609,1696,1639,0.0186451211932878
"11434","11434",1609,1696,1639,0.0186451211932878
"182","182",2512,2517,2382,-0.0517515923566879
"183","183",2389,2389,2415,0.0108832147341984
"184","184",3344,3505,2666,-0.202751196172249
"185","185",3349,3371,3385,0.010749477455957
"186","186",6478,6357,5986,-0.0759493670886076
"187","187",4983,4985,5092,0.0218743728677504
"188","188",1547,1307,1528,-0.0122818358112476
"10332","10332",1547,1307,1528,-0.0122818358112476
"189","189",2775,2795,2763,-0.00432432432432432
"14043","14043",2775,2795,2763,-0.00432432432432432
"190","190",1589,1620,1621,0.0201384518565135
"14140","14140",1589,1620,1621,0.0201384518565135
"191","191",2436,2422,2294,-0.0582922824302135
"599","599",2436,2422,2294,-0.0582922824302135
"7529","7529",2436,2422,2294,-0.0582922824302135
"192","192",1187,1188,1375,0.15838247683235
"193","193",1314,1220,1218,-0.0730593607305936
"6021","6021",1314,1220,1218,-0.0730593607305936
"14533","14533",1314,1220,1218,-0.0730593607305936
"16043","16043",1314,1220,1218,-0.0730593607305936
"194","194",2939,2837,2669,-0.0918679823069071
"14285","14285",2939,2837,2669,-0.0918679823069071
"16304","16304",2939,2837,2669,-0.0918679823069071
"195","195",4072,3545,3591,-0.118123772102161
"196","196",2788,2247,2627,-0.0577474892395983
"197","197",8247,8108,7204,-0.126470231599369
"198","198",1432,1432,1730,0.208100558659218
"199","199",2937,3013,3121,0.062648961525366
"200","200",2036,2123,2176,0.068762278978389
"201","201",6566,6072,5659,-0.138135851355468
"202","202",1427,1425,1478,0.035739313244569
"203","203",3257,3146,2787,-0.144304574762051
"8156","8156",3257,3146,2787,-0.144304574762051
"204","204",7706,7686,8022,0.0410070075266026
"205","205",2406,2401,2089,-0.131753948462178
"206","206",6938,7179,6458,-0.0691842029403286
"207","207",1193,1194,1235,0.0352053646269908
"208","208",6839,7018,7620,0.114197982161135
"209","209",1195,1201,581,-0.513807531380753
"210","210",4583,4616,3945,-0.139210124372682
"211","211",5689,6191,6306,0.108454912989981
"212","212",2575,2396,1551,-0.397669902912621
"19968","19968",2575,2396,1551,-0.397669902912621
"213","213",2248,2033,2331,0.0369217081850534
"214","214",2750,2739,2637,-0.0410909090909091
"215","215",2334,1995,2030,-0.130248500428449
"216","216",2150,2143,1902,-0.115348837209302
"10942","10942",2150,2143,1902,-0.115348837209302
"217","217",2480,2463,2143,-0.135887096774194
"8690","8690",2480,2463,2143,-0.135887096774194
"11308","11308",2480,2463,2143,-0.135887096774194
"218","218",6304,6416,5592,-0.112944162436548
"219","219",4870,4863,5214,0.0706365503080082
"220","220",2760,2024,2133,-0.227173913043478
"221","221",1921,2000,1971,0.0260281103591879
"222","222",1952,1730,1857,-0.0486680327868852
"16696","16696",1952,1730,1857,-0.0486680327868852
"223","223",3307,3307,3046,-0.0789234956153614
"757","757",3307,3307,3046,-0.0789234956153614
"9211","9211",3307,3307,3046,-0.0789234956153614
"224","224",6884,6891,6289,-0.086432306798373
"225","225",3815,3595,3712,-0.0269986893840105
"226","226",1887,1890,2348,0.244303126656068
"227","227",4843,4818,3893,-0.196159405327276
"228","228",6220,6546,6843,0.10016077170418
"229","229",2334,2001,2017,-0.135818337617823
"230","230",1875,1881,2095,0.117333333333333
"231","231",2669,2644,2305,-0.136380666916448
"17059","17059",2669,2644,2305,-0.136380666916448
"232","232",1905,1905,1434,-0.247244094488189
"3276","3276",1905,1905,1434,-0.247244094488189
"10662","10662",1905,1905,1434,-0.247244094488189
"233","233",5561,4870,4904,-0.118144218665708
"234","234",10505,10536,9995,-0.048548310328415
"235","235",3554,3459,3055,-0.140405177265053
"236","236",2116,2116,1792,-0.153119092627599
"15776","15776",2116,2116,1792,-0.153119092627599
"237","237",1819,1785,1796,-0.0126443100604728
"983","983",1819,1785,1796,-0.0126443100604728
"5357","5357",1819,1785,1796,-0.0126443100604728
"238","238",3845,3845,3977,0.0343302990897269
"9938","9938",3845,3845,3977,0.0343302990897269
"239","239",2252,2254,2087,-0.0732682060390764
"240","240",2163,2164,1966,-0.0910772075820619
"241","241",5803,5720,5636,-0.0287782181630191
"242","242",1584,1503,1641,0.0359848484848485
"6463","6463",1584,1503,1641,0.0359848484848485
"243","243",1638,1694,1887,0.152014652014652
"7517","7517",1638,1694,1887,0.152014652014652
"244","244",3872,3820,3779,-0.0240185950413223
"245","245",2070,2207,2144,0.0357487922705314
"246","246",2917,2917,2916,-0.000342817963661296
"19100","19100",2917,2917,2916,-0.000342817963661296
"247","247",4045,4055,4126,0.0200247218788628
"248","248",2123,2124,1975,-0.0697126707489402
"249","249",9078,9599,6240,-0.312623925974884
"250","250",4134,4099,3884,-0.0604741170778907
"251","251",2404,1922,2338,-0.0274542429284526
"8544","8544",2404,1922,2338,-0.0274542429284526
"15822","15822",2404,1922,2338,-0.0274542429284526
"252","252",5517,5339,4221,-0.234910277324633
"253","253",6575,6591,6355,-0.0334600760456274
"254","254",1639,1639,1624,-0.00915192190359976
"19724","19724",1639,1639,1624,-0.00915192190359976
"255","255",1655,1638,2086,0.260422960725076
"256","256",3510,3458,3645,0.0384615384615385
"257","257",17334,17793,13711,-0.209011191877235
"258","258",5038,5210,4923,-0.0228265184597062
"259","259",1944,1946,1937,-0.00360082304526749
"260","260",5496,4867,4887,-0.110807860262009
"261","261",3948,3564,3648,-0.0759878419452888
"262","262",3124,2631,3082,-0.0134443021766965
"263","263",2395,2389,2123,-0.11356993736952
"10454","10454",2395,2389,2123,-0.11356993736952
"264","264",6916,7469,4966,-0.281954887218045
"13066","13066",6916,7469,4966,-0.281954887218045
"265","265",4595,4296,4387,-0.0452665941240479
"267","267",3208,3171,3408,0.0623441396508728
"268","268",4120,4119,3641,-0.11626213592233
"269","269",5015,4513,4595,-0.0837487537387837
"270","270",4902,5017,4898,-0.000815993472052224
"271","271",5646,5599,5565,-0.014346439957492
"272","272",2344,2156,2158,-0.0793515358361775
"17375","17375",2344,2156,2158,-0.0793515358361775
"273","273",2783,3965,2871,0.0316205533596838
"274","274",2222,2064,1989,-0.104860486048605
"275","275",3705,3683,3773,0.0183535762483131
"276","276",1665,1665,1665,0
"19765","19765",1665,1665,1665,0
"277","277",1136,1128,1100,-0.0316901408450704
"278","278",1839,1894,1654,-0.100598151169114
"7951","7951",1839,1894,1654,-0.100598151169114
"279","279",4992,4992,4605,-0.0775240384615385
"280","280",2936,2924,2493,-0.150885558583106
"281","281",1491,1504,1616,0.0838363514419852
"282","282",1939,1938,1916,-0.0118617844249613
"283","283",3674,3679,3867,0.052531301034295
"284","284",1369,1249,1382,0.00949598246895544
"285","285",1374,1345,1495,0.0880640465793304
"286","286",3102,2887,2876,-0.072856221792392
"287","287",10160,10257,10353,0.018996062992126
"288","288",5036,5027,8739,0.735305798252581
"289","289",1911,1909,1634,-0.144950287807431
"290","290",4316,4316,4282,-0.00787766450417053
"291","291",3940,3940,1898,-0.518274111675127
"292","292",2612,2747,2724,0.0428790199081164
"293","293",1391,1651,1757,0.263120057512581
"294","294",2370,2445,2288,-0.0345991561181435
"295","295",3795,3638,3870,0.0197628458498024
"17431","17431",3795,3638,3870,0.0197628458498024
"296","296",1767,1740,1836,0.0390492359932088
"17024","17024",1767,1740,1836,0.0390492359932088
"297","297",1693,1719,1732,0.0230360307147076
"298","298",2760,2553,2372,-0.140579710144928
"299","299",5724,5586,5722,-0.000349406009783368
"300","300",10347,10448,6971,-0.326278148255533
"301","301",3996,3956,3383,-0.153403403403403
"302","302",6794,6059,5568,-0.180453341183397
"303","303",6502,6497,6375,-0.0195324515533682
"304","304",7414,10447,9200,0.240895602913407
"305","305",2727,2719,2623,-0.0381371470480381
"306","306",1508,1337,1322,-0.123342175066313
"307","307",4434,4258,4358,-0.0171402796571944
"308","308",2379,2440,2475,0.0403530895334174
"309","309",3250,3248,3764,0.158153846153846
"310","310",4456,4754,3615,-0.188734290843806
"311","311",2652,2651,2555,-0.0365761689291101
"312","312",4688,4423,4243,-0.0949232081911263
"313","313",2605,2572,2600,-0.00191938579654511
"314","314",1763,1722,1368,-0.224049914917754
"315","315",2552,2556,2565,0.00509404388714734
"316","316",1200,1095,1103,-0.0808333333333333
"903","903",1200,1095,1103,-0.0808333333333333
"12281","12281",1200,1095,1103,-0.0808333333333333
"14411","14411",1200,1095,1103,-0.0808333333333333
"317","317",2410,2410,2022,-0.160995850622407
"318","318",7195,7178,6522,-0.0935371785962474
"319","319",3596,6308,3678,0.0228031145717464
"320","320",2095,2106,1923,-0.0821002386634845
"321","321",1930,2668,1973,0.022279792746114
"322","322",1136,1148,1044,-0.0809859154929577
"323","323",3838,3980,4403,0.147212089630016
"324","324",2680,2678,2889,0.0779850746268657
"7054","7054",2680,2678,2889,0.0779850746268657
"325","325",11141,11224,10321,-0.0736020105915088
"326","326",6470,6468,5771,-0.108037094281298
"327","327",2014,1963,1686,-0.162859980139027
"328","328",2571,2571,2381,-0.073901205756515
"329","329",3423,3650,3531,0.0315512708150745
"330","330",2176,2048,2016,-0.0735294117647059
"331","331",2038,2043,1980,-0.028459273797841
"11174","11174",2038,2043,1980,-0.028459273797841
"332","332",2319,2149,2057,-0.112979732643381
"333","333",2747,3082,2026,-0.26246814706953
"334","334",4247,4205,4280,0.0077701907228632
"335","335",4049,3776,3875,-0.0429735737219066
"13639","13639",4049,3776,3875,-0.0429735737219066
"14126","14126",4049,3776,3875,-0.0429735737219066
"336","336",986,985,975,-0.0111561866125761
"337","337",2507,2123,1959,-0.218587953729557
"338","338",3453,3341,3206,-0.071532001158413
"409","409",3453,3341,3206,-0.071532001158413
"11537","11537",3453,3341,3206,-0.071532001158413
"12070","12070",3453,3341,3206,-0.071532001158413
"339","339",10249,10216,10428,0.017465118548151
"340","340",7707,7723,8335,0.0814843648631115
"341","341",4386,4385,5697,0.29890560875513
"342","342",10938,11458,8460,-0.226549643444871
"343","343",2937,2876,2625,-0.106230847803882
"344","344",5528,5531,5357,-0.0309334298118669
"345","345",9789,12780,10866,0.110021452650935
"346","346",4546,4092,4192,-0.0778706555213374
"347","347",2533,2533,2722,0.0746150809317015
"348","348",4611,4617,4077,-0.115810019518543
"349","349",1675,1676,1806,0.0782089552238806
"13773","13773",1675,1676,1806,0.0782089552238806
"350","350",1128,1128,1729,0.532801418439716
"11337","11337",1128,1128,1729,0.532801418439716
"19969","19969",1128,1128,1729,0.532801418439716
"351","351",2282,2282,2524,0.106047326906223
"352","352",1717,4209,1786,0.0401863715783343
"9101","9101",1717,4209,1786,0.0401863715783343
"17077","17077",1717,4209,1786,0.0401863715783343
"17232","17232",1717,4209,1786,0.0401863715783343
"353","353",7747,7628,8105,0.0462114366851685
"354","354",1761,1761,1876,0.0653038046564452
"355","355",1668,1677,1668,0
"356","356",4945,5074,3893,-0.212740141557128
"3633","3633",4945,5074,3893,-0.212740141557128
"357","357",5771,5782,4976,-0.137757754288685
"358","358",2016,1801,1814,-0.100198412698413
"2131","2131",2016,1801,1814,-0.100198412698413
"359","359",2737,2623,2619,-0.0431128973328462
"360","360",2189,2175,1679,-0.232983097304705
"9719","9719",2189,2175,1679,-0.232983097304705
"361","361",8377,6980,7306,-0.127850065655963
"362","362",2783,2782,2772,-0.00395256916996047
"363","363",4288,4296,3953,-0.078125
"364","364",5724,5042,5337,-0.0676100628930818
"365","365",1352,1353,1360,0.00591715976331361
"366","366",1504,1499,2014,0.339095744680851
"2106","2106",1504,1499,2014,0.339095744680851
"367","367",2164,2174,2489,0.150184842883549
"368","368",2134,1972,2064,-0.0328022492970947
"3288","3288",2134,1972,2064,-0.0328022492970947
"6352","6352",2134,1972,2064,-0.0328022492970947
"8430","8430",2134,1972,2064,-0.0328022492970947
"18502","18502",2134,1972,2064,-0.0328022492970947
"369","369",3225,3172,3029,-0.0607751937984496
"19098","19098",3225,3172,3029,-0.0607751937984496
"370","370",2281,2284,2069,-0.0929416922402455
"15313","15313",2281,2284,2069,-0.0929416922402455
"371","371",4676,4673,4686,0.00213857998289136
"372","372",3187,2943,2960,-0.0712268591151553
"12067","12067",3187,2943,2960,-0.0712268591151553
"373","373",3998,3972,3844,-0.0385192596298149
"374","374",4100,4100,3375,-0.176829268292683
"375","375",5205,5420,5761,0.106820365033622
"376","376",571,569,569,-0.00350262697022767
"377","377",3219,3280,3315,0.0298229263746505
"378","378",1203,1203,939,-0.219451371571072
"379","379",2183,2120,2561,0.173156207054512
"380","380",1453,1451,1449,-0.00275292498279422
"12062","12062",1453,1451,1449,-0.00275292498279422
"381","381",2756,2215,2353,-0.14622641509434
"6269","6269",2756,2215,2353,-0.14622641509434
"382","382",8163,7886,6706,-0.178488300869778
"383","383",5137,5285,5154,0.00330932450846798
"384","384",5338,5353,6176,0.156987635818659
"385","385",2522,2518,2005,-0.204996034892942
"386","386",1639,1636,1644,0.00305064063453325
"387","387",4971,4972,4998,0.00543150271575136
"388","388",1891,1595,1879,-0.00634584875727129
"389","389",2586,2350,2271,-0.121809744779582
"390","390",3680,3689,3470,-0.0570652173913043
"6052","6052",3680,3689,3470,-0.0570652173913043
"391","391",3044,3044,3185,0.0463206307490145
"392","392",1813,1818,1688,-0.0689464975179261
"393","393",6282,7231,6551,0.0428207577204712
"394","394",1251,1233,1328,0.061550759392486
"395","395",8425,9241,6644,-0.211394658753709
"396","396",1471,1480,1502,0.0210740992522094
"397","397",4197,4556,4394,0.0469382892542292
"398","398",4601,4987,4964,0.0788958921973484
"399","399",2400,2372,2405,0.00208333333333333
"400","400",7038,7541,7382,0.0488775220233021
"401","401",3872,3684,3308,-0.145661157024793
"402","402",4628,4061,3649,-0.211538461538462
"403","403",1923,1923,1787,-0.0707228289131565
"404","404",4765,3405,2693,-0.434837355718783
"405","405",1284,1309,1309,0.0194704049844237
"406","406",3230,3230,3764,0.165325077399381
"407","407",3402,3596,3402,0
"408","408",4834,4866,3886,-0.196110881257758
"10334","10334",4834,4866,3886,-0.196110881257758
"410","410",2007,2001,1947,-0.0298953662182362
"8364","8364",2007,2001,1947,-0.0298953662182362
"411","411",1512,1564,1501,-0.00727513227513227
"9813","9813",1512,1564,1501,-0.00727513227513227
"412","412",4505,4588,3877,-0.139400665926748
"413","413",2353,2331,3104,0.319167020824479
"7371","7371",2353,2331,3104,0.319167020824479
"16155","16155",2353,2331,3104,0.319167020824479
"414","414",3433,3512,3841,0.118846489950481
"415","415",2436,2134,2084,-0.144499178981938
"416","416",2852,2435,2886,0.0119214586255259
"417","417",2347,2253,2157,-0.0809544098849595
"418","418",3899,3698,4032,0.0341113105924596
"419","419",6224,6231,5615,-0.0978470437017995
"420","420",925,675,656,-0.290810810810811
"421","421",1428,1430,1293,-0.0945378151260504
"17160","17160",1428,1430,1293,-0.0945378151260504
"422","422",2179,2179,2254,0.0344194584671868
"7875","7875",2179,2179,2254,0.0344194584671868
"423","423",3041,2105,2132,-0.298914830647813
"424","424",2546,2737,2631,0.0333857030636292
"425","425",2074,2096,2113,0.0188042430086789
"11423","11423",2074,2096,2113,0.0188042430086789
"426","426",1839,1930,1935,0.0522022838499184
"5556","5556",1839,1930,1935,0.0522022838499184
"427","427",6614,6605,10842,0.639250075597218
"428","428",2280,2284,2347,0.0293859649122807
"429","429",8393,8600,8734,0.0406290956749672
"430","430",2200,2200,2186,-0.00636363636363636
"431","431",2552,1842,1611,-0.368730407523511
"432","432",5986,5683,4802,-0.197794854660875
"433","433",1830,1832,1475,-0.193989071038251
"6757","6757",1830,1832,1475,-0.193989071038251
"434","434",9969,9598,10535,0.056776005617414
"435","435",2255,2254,2086,-0.0749445676274945
"436","436",1810,1805,1423,-0.213812154696133
"437","437",2782,2656,2665,-0.0420560747663551
"438","438",5027,4933,4609,-0.0831509846827133
"439","439",2750,2231,3363,0.222909090909091
"3742","3742",2750,2231,3363,0.222909090909091
"440","440",2270,2141,1961,-0.136123348017621
"5214","5214",2270,2141,1961,-0.136123348017621
"441","441",4855,6071,6015,0.238928939237899
"442","442",1853,1848,1567,-0.154344306529951
"17443","17443",1853,1848,1567,-0.154344306529951
"443","443",3559,3532,3729,0.047766226468109
"444","444",4534,3294,3072,-0.322452580502867
"445","445",2259,2259,1861,-0.17618415227977
"446","446",3371,3179,3226,-0.0430139424503115
"447","447",3371,4304,3237,-0.0397508157816672
"448","448",6044,6044,6063,0.00314361350099272
"449","449",3904,3904,3822,-0.0210040983606557
"450","450",4739,4879,4946,0.0436801012871914
"451","451",1881,2059,1579,-0.160552897395003
"452","452",374,374,425,0.136363636363636
"453","453",4659,4661,4823,0.0352006868426701
"454","454",4500,4499,4312,-0.0417777777777778
"455","455",2741,2528,2304,-0.159430864647939
"456","456",1398,1398,1389,-0.00643776824034335
"457","457",7043,7287,6117,-0.131478063325288
"458","458",2841,2841,2774,-0.0235832453361492
"7784","7784",2841,2841,2774,-0.0235832453361492
"11105","11105",2841,2841,2774,-0.0235832453361492
"459","459",8711,8710,7647,-0.122144415107336
"460","460",12867,13043,9286,-0.278308852102277
"461","461",1444,1444,1172,-0.188365650969529
"462","462",3017,3121,3046,0.00961219754723235
"463","463",4659,4511,4465,-0.0416398368748659
"464","464",3093,3091,2626,-0.150986097639832
"465","465",4042,4087,3989,-0.0131123206333498
"466","466",3426,3219,2781,-0.188266199649737
"940","940",3426,3219,2781,-0.188266199649737
"467","467",3178,3419,3716,0.169288860918817
"468","468",1978,1985,2259,0.14206268958544
"469","469",1440,1416,1352,-0.0611111111111111
"470","470",1774,1787,1872,0.0552423900789177
"471","471",1975,1912,1948,-0.0136708860759494
"472","472",7033,6660,4970,-0.293331437508887
"473","473",3330,3320,3323,-0.0021021021021021
"14746","14746",3330,3320,3323,-0.0021021021021021
"16606","16606",3330,3320,3323,-0.0021021021021021
"474","474",4481,4480,4889,0.0910511046641375
"475","475",1639,2438,2437,0.486882245271507
"476","476",1012,1010,1010,-0.00197628458498024
"478","478",4690,4632,4481,-0.0445628997867804
"479","479",7315,10010,8444,0.15434039644566
"480","480",4026,4053,4049,0.00571286636860407
"481","481",10916,9652,9463,-0.133107365335288
"482","482",2181,2536,1751,-0.197157267308574
"483","483",3464,3519,3231,-0.0672632794457275
"484","484",1268,1245,1401,0.104889589905363
"485","485",8803,8672,8527,-0.0313529478586845
"486","486",1897,1885,1786,-0.0585134422772799
"487","487",3720,3575,3796,0.0204301075268817
"488","488",4572,4604,3654,-0.200787401574803
"489","489",2166,2095,2163,-0.00138504155124654
"490","490",5153,4687,5027,-0.0244517756646614
"491","491",4203,4207,3825,-0.0899357601713062
"492","492",5285,5284,4263,-0.193377483443709
"493","493",3512,3512,2771,-0.210990888382688
"494","494",1536,1476,1745,0.136067708333333
"495","495",1695,1697,1591,-0.0613569321533923
"496","496",6303,6178,6081,-0.0352213231794384
"497","497",8109,8083,8363,0.0313232211123443
"498","498",2412,2457,2691,0.115671641791045
"4207","4207",2412,2457,2691,0.115671641791045
"499","499",3229,3175,3153,-0.0235366986683184
"500","500",3024,2836,3418,0.130291005291005
"501","501",2558,2552,2665,0.0418295543393276
"502","502",1159,1159,1165,0.00517687661777394
"16240","16240",1159,1159,1165,0.00517687661777394
"503","503",2260,2261,2228,-0.0141592920353982
"9742","9742",2260,2261,2228,-0.0141592920353982
"504","504",3142,3152,2573,-0.181094844048377
"14740","14740",3142,3152,2573,-0.181094844048377
"505","505",4885,4827,4950,0.0133060388945752
"506","506",2984,2985,3013,0.00971849865951743
"507","507",3791,3206,2954,-0.220786072276444
"508","508",854,880,880,0.0304449648711944
"509","509",10058,10088,9196,-0.0857029230463313
"510","510",3886,3711,3784,-0.0262480699948533
"511","511",1513,1705,1715,0.133509583608724
"512","512",1902,1806,1837,-0.0341745531019979
"513","513",2783,2661,2659,-0.0445562342795544
"514","514",2877,2877,2813,-0.0222453945081682
"19155","19155",2877,2877,2813,-0.0222453945081682
"515","515",5755,7029,6949,0.207471763683753
"516","516",1681,1635,1377,-0.180844735276621
"517","517",3532,3534,3438,-0.0266138165345413
"518","518",5530,5751,4393,-0.205605786618445
"519","519",1602,1850,1155,-0.279026217228464
"520","520",3905,3848,3403,-0.128553137003841
"521","521",7020,7252,6380,-0.0911680911680912
"522","522",3752,3603,3209,-0.144722814498934
"523","523",3011,2896,2929,-0.027233477250083
"524","524",2378,2380,2177,-0.084524810765349
"525","525",3516,3538,3135,-0.108361774744027
"9853","9853",3516,3538,3135,-0.108361774744027
"526","526",10380,10121,7889,-0.239980732177264
"527","527",1760,1760,1743,-0.00965909090909091
"10542","10542",1760,1760,1743,-0.00965909090909091
"11080","11080",1760,1760,1743,-0.00965909090909091
"14293","14293",1760,1760,1743,-0.00965909090909091
"528","528",2538,2541,2500,-0.0149724192277384
"529","529",704,707,666,-0.0539772727272727
"530","530",3377,2867,3663,0.0846905537459283
"531","531",8444,8142,8308,-0.0161061108479394
"532","532",5104,5076,4774,-0.0646551724137931
"533","533",2164,1865,1847,-0.146487985212569
"11450","11450",2164,1865,1847,-0.146487985212569
"534","534",7357,7760,6418,-0.127633546282452
"535","535",5627,5652,5709,0.0145725964101653
"536","536",3828,4587,3913,0.0222048066875653
"537","537",2347,2347,2337,-0.00426075841499787
"538","538",3012,3002,2177,-0.277224435590969
"539","539",2029,2341,2172,0.0704780680137999
"540","540",2237,2360,2286,0.021904336164506
"541","541",4478,4510,4388,-0.0200982581509602
"542","542",9544,10069,6880,-0.279128248113998
"543","543",3507,3718,3527,0.00570287995437696
"544","544",3960,4137,4042,0.0207070707070707
"545","545",6736,6903,6730,-0.000890736342042755
"546","546",7464,7401,6686,-0.104233654876742
"547","547",5736,6288,6067,0.0577057182705718
"548","548",4663,3806,3726,-0.200943598541711
"549","549",7654,9593,9343,0.220668931277763
"550","550",2355,2336,2261,-0.0399150743099788
"551","551",4927,6551,5113,0.037751167038766
"552","552",5581,5581,4881,-0.125425550976527
"553","553",2152,2155,1758,-0.183085501858736
"554","554",3722,3380,3625,-0.0260612573885008
"555","555",5862,5744,5312,-0.0938246332309792
"556","556",1280,1280,1280,0
"557","557",3254,3068,2959,-0.0906576521204671
"13457","13457",3254,3068,2959,-0.0906576521204671
"558","558",1446,1640,1732,0.197786998616874
"3083","3083",1446,1640,1732,0.197786998616874
"16883","16883",1446,1640,1732,0.197786998616874
"559","559",7587,7470,7713,0.0166073546856465
"560","560",3791,3675,3610,-0.0477446584014772
"561","561",9205,11296,10194,0.107441607821836
"562","562",3219,3419,2978,-0.0748679714196956
"563","563",3032,3023,3400,0.121372031662269
"564","564",1557,1753,1358,-0.127809890815671
"19520","19520",1557,1753,1358,-0.127809890815671
"565","565",8590,8764,5697,-0.336786961583236
"8833","8833",8590,8764,5697,-0.336786961583236
"566","566",1847,1847,1847,0
"567","567",2164,2161,2275,0.0512939001848429
"568","568",2856,2789,3109,0.0885854341736695
"569","569",1929,2002,2087,0.0819077242094349
"570","570",1464,1200,1352,-0.0765027322404372
"571","571",3618,3578,3628,0.00276395798783858
"572","572",7492,7492,7021,-0.0628670581954084
"573","573",8204,8827,8090,-0.0138956606533398
"574","574",3733,3948,3921,0.0503616394320922
"575","575",2783,2765,4120,0.480416816385196
"576","576",2149,2153,2148,-0.000465332712889716
"577","577",3481,3268,2923,-0.160298764722781
"578","578",5551,5115,4941,-0.10989010989011
"579","579",2579,2757,2632,0.0205506010081427
"580","580",7340,7494,7253,-0.0118528610354223
"581","581",2608,2462,2451,-0.0601993865030675
"582","582",4764,4274,4244,-0.109151973131822
"583","583",4881,4880,4988,0.0219217373489039
"584","584",1943,1943,1435,-0.261451363870304
"585","585",2531,2493,2767,0.0932437771631766
"586","586",2739,2591,2673,-0.0240963855421687
"587","587",6289,5732,7839,0.246462076641755
"588","588",1778,1778,2060,0.158605174353206
"589","589",2253,2265,2281,0.01242787394585
"18362","18362",2253,2265,2281,0.01242787394585
"19299","19299",2253,2265,2281,0.01242787394585
"590","590",2340,1992,1883,-0.195299145299145
"591","591",3498,3247,3299,-0.0568896512292739
"14840","14840",3498,3247,3299,-0.0568896512292739
"592","592",6422,6599,6071,-0.0546558704453441
"593","593",1264,1272,1285,0.0166139240506329
"594","594",2391,2394,3548,0.483897950648264
"17970","17970",2391,2394,3548,0.483897950648264
"595","595",8197,8127,7518,-0.0828351836037575
"596","596",2087,2087,2097,0.00479156684235745
"597","597",1406,1762,1477,0.05049786628734
"15258","15258",1406,1762,1477,0.05049786628734
"598","598",3212,3237,3127,-0.0264632627646326
"600","600",2264,2264,2122,-0.0627208480565371
"3731","3731",2264,2264,2122,-0.0627208480565371
"601","601",5390,5387,5496,0.0196660482374768
"602","602",4227,4231,3809,-0.0988881003075467
"603","603",5244,5248,5453,0.0398550724637681
"604","604",2756,2823,2554,-0.0732946298984035
"605","605",3938,3459,3633,-0.0774504824784154
"606","606",11611,8500,7885,-0.320902592369305
"607","607",1591,1594,1597,0.00377121307353866
"608","608",4436,4325,4155,-0.0633453561767358
"609","609",2442,2431,2720,0.113841113841114
"7870","7870",2442,2431,2720,0.113841113841114
"12552","12552",2442,2431,2720,0.113841113841114
"610","610",5537,5916,4626,-0.16452952862561
"611","611",4407,4403,4419,0.00272294077603812
"612","612",3185,3149,2356,-0.260282574568289
"16323","16323",3185,3149,2356,-0.260282574568289
"613","613",4858,4856,5056,0.0407575133799918
"614","614",5025,4763,4868,-0.0312437810945274
"615","615",4188,4188,3670,-0.123686723973257
"616","616",6594,6595,5213,-0.209432817713072
"617","617",1813,1809,1796,-0.00937672366243795
"618","618",2932,2902,3132,0.0682128240109141
"619","619",1528,1528,2117,0.385471204188482
"620","620",2795,2806,2662,-0.0475849731663685
"621","621",2271,2275,1561,-0.31263760457948
"3722","3722",2271,2275,1561,-0.31263760457948
"622","622",3981,3772,3453,-0.132629992464205
"623","623",5890,5848,2420,-0.589134125636672
"624","624",1488,1488,1363,-0.084005376344086
"13224","13224",1488,1488,1363,-0.084005376344086
"625","625",3542,3538,3575,0.0093167701863354
"626","626",1787,1804,1513,-0.153329602686066
"627","627",1127,1109,1048,-0.0700976042590949
"628","628",3350,2885,3190,-0.0477611940298507
"629","629",1250,1250,1083,-0.1336
"630","630",3973,3973,4008,0.00880946388119809
"631","631",6563,6062,5765,-0.121590735943928
"632","632",12567,12338,11328,-0.0985915492957746
"633","633",4344,4344,3680,-0.152854511970534
"634","634",1091,1089,1102,0.0100824931255729
"17055","17055",1091,1089,1102,0.0100824931255729
"635","635",4701,4699,4361,-0.0723250372261221
"636","636",2539,2377,2455,-0.0330838912957857
"7984","7984",2539,2377,2455,-0.0330838912957857
"637","637",3624,3626,2801,-0.227097130242826
"638","638",6231,5984,6076,-0.0248756218905473
"639","639",1256,1602,1409,0.121815286624204
"640","640",2370,3704,3422,0.443881856540084
"641","641",6324,7490,6682,0.0566097406704617
"642","642",2012,2036,1986,-0.0129224652087475
"10710","10710",2012,2036,1986,-0.0129224652087475
"12594","12594",2012,2036,1986,-0.0129224652087475
"643","643",8415,9062,8179,-0.0280451574569222
"644","644",2543,2607,2575,0.0125835627211954
"645","645",3420,3227,3244,-0.0514619883040936
"646","646",6454,6146,4219,-0.346296870158042
"12485","12485",6454,6146,4219,-0.346296870158042
"647","647",2723,2714,2707,-0.00587587219977965
"648","648",2799,2807,2810,0.00392997499106824
"649","649",3312,3302,3433,0.0365338164251208
"650","650",2020,2684,3161,0.564851485148515
"651","651",1549,1566,1558,0.00581020012911556
"652","652",2948,2949,2870,-0.0264586160108548
"653","653",3597,3905,3459,-0.0383653044203503
"654","654",6639,7883,7286,0.0974544359090224
"655","655",1401,1401,1379,-0.0157030692362598
"656","656",7040,6896,6829,-0.0299715909090909
"657","657",5613,5524,5372,-0.0429360413326207
"658","658",2806,2812,2405,-0.142908054169637
"659","659",850,681,651,-0.234117647058824
"660","660",4430,4166,4212,-0.0492099322799097
"661","661",1944,1945,1869,-0.0385802469135802
"662","662",3162,2803,2942,-0.0695762175838077
"3655","3655",3162,2803,2942,-0.0695762175838077
"663","663",2168,2174,2122,-0.0212177121771218
"664","664",4156,4497,4382,0.0543792107795958
"665","665",3293,3129,2974,-0.0968721530519283
"666","666",1358,1364,1411,0.0390279823269514
"667","667",2329,2336,2419,0.038643194504079
"668","668",3181,3204,3205,0.00754479723357435
"669","669",14774,13751,13936,-0.0567212670908352
"670","670",6301,6304,5863,-0.069512775749881
"671","671",4922,4888,4803,-0.0241771637545713
"672","672",3496,3468,4005,0.145594965675057
"673","673",3427,3191,3017,-0.119638167493434
"674","674",5351,5340,4988,-0.0678377873294711
"675","675",2358,2355,2528,0.0720949957591179
"676","676",3629,3366,3181,-0.1234499862221
"677","677",3055,3278,3206,0.0494271685761047
"7841","7841",3055,3278,3206,0.0494271685761047
"19924","19924",3055,3278,3206,0.0494271685761047
"678","678",8619,8938,8368,-0.0291217078547395
"679","679",5544,5547,4902,-0.115800865800866
"680","680",5168,5084,4360,-0.156346749226006
"681","681",5341,5345,4664,-0.126755289271672
"682","682",4837,4843,4443,-0.0814554475914823
"683","683",3020,3018,2419,-0.199006622516556
"684","684",1999,1999,1697,-0.151075537768884
"685","685",1347,1347,1791,0.329621380846325
"11305","11305",1347,1347,1791,0.329621380846325
"686","686",3185,3076,3068,-0.036734693877551
"687","687",3497,3493,3391,-0.030311695739205
"688","688",6329,6519,6688,0.0567230210143783
"689","689",3156,3156,2866,-0.0918884664131812
"3513","3513",3156,3156,2866,-0.0918884664131812
"690","690",2045,2044,1864,-0.0885085574572127
"11306","11306",2045,2044,1864,-0.0885085574572127
"691","691",4036,4195,4089,0.0131318136769078
"692","692",6122,6489,6515,0.0641947076118915
"693","693",1782,1782,1753,-0.0162738496071829
"17135","17135",1782,1782,1753,-0.0162738496071829
"694","694",2943,2780,2898,-0.0152905198776758
"695","695",2580,2369,2376,-0.0790697674418605
"14387","14387",2580,2369,2376,-0.0790697674418605
"696","696",9877,10248,7627,-0.227801964159158
"697","697",2017,1961,1949,-0.0337134357957362
"698","698",1083,1083,1084,0.000923361034164358
"699","699",3746,3745,3824,0.0208222103577149
"700","700",2888,3094,3072,0.0637119113573407
"701","701",4081,4309,4190,0.0267091399166871
"702","702",2042,2027,2108,0.0323212536728697
"703","703",6046,6006,4527,-0.251240489579888
"4860","4860",6046,6006,4527,-0.251240489579888
"704","704",1921,1912,1910,-0.00572618427902134
"705","705",2032,1972,897,-0.558562992125984
"706","706",7714,7878,7747,0.00427793621986
"707","707",4148,4055,4189,0.00988428158148505
"708","708",3086,3230,2718,-0.119248217757615
"709","709",1985,2096,2133,0.0745591939546599
"710","710",8785,9023,8890,0.0119521912350598
"711","711",6149,6122,6284,0.0219547893966499
"712","712",1676,1674,1757,0.0483293556085919
"8959","8959",1676,1674,1757,0.0483293556085919
"713","713",6247,6212,3298,-0.472066591964143
"714","714",5173,4891,4959,-0.0413686448869128
"715","715",4191,3963,3964,-0.0541636840849439
"716","716",2890,2786,2863,-0.00934256055363322
"717","717",5529,5068,4124,-0.254114668113583
"718","718",7169,7003,6862,-0.0428232668433533
"719","719",5724,5724,5920,0.0342417889587701
"720","720",2253,2250,2454,0.0892143808255659
"721","721",4048,4354,3677,-0.0916501976284585
"12261","12261",4048,4354,3677,-0.0916501976284585
"722","722",3190,3190,3435,0.0768025078369906
"723","723",3573,3710,3752,0.0500979568989645
"724","724",8396,9979,8393,-0.000357313006193425
"725","725",4237,4242,4250,0.0030682086381874
"726","726",4228,4169,3818,-0.0969725638599811
"727","727",3111,2277,2288,-0.264545162327226
"728","728",4761,4776,4671,-0.0189035916824197
"729","729",5062,3731,3744,-0.26037139470565
"730","730",1722,1722,1807,0.0493612078977933
"731","731",2640,2342,2509,-0.0496212121212121
"18574","18574",2640,2342,2509,-0.0496212121212121
"732","732",8230,8921,8039,-0.0232077764277035
"733","733",4864,4495,5290,0.0875822368421053
"734","734",2225,2226,2484,0.116404494382022
"13608","13608",2225,2226,2484,0.116404494382022
"735","735",1566,1496,1483,-0.0530012771392082
"736","736",5552,4131,5503,-0.00882564841498559
"737","737",6300,6171,5825,-0.0753968253968254
"738","738",3861,3373,3390,-0.121989121989122
"739","739",5343,5310,5084,-0.0484746397155156
"740","740",814,735,668,-0.179361179361179
"741","741",4225,4225,3965,-0.0615384615384615
"18944","18944",4225,4225,3965,-0.0615384615384615
"742","742",2820,2821,2784,-0.0127659574468085
"743","743",3643,3613,3532,-0.0304693933571232
"744","744",4914,4914,4808,-0.0215710215710216
"745","745",7197,7204,7073,-0.0172294011393636
"746","746",3224,3105,3521,0.09212158808933
"747","747",4903,4914,5087,0.0375280440546604
"17073","17073",4903,4914,5087,0.0375280440546604
"748","748",3368,3451,3112,-0.0760095011876485
"749","749",3704,3640,3459,-0.0661447084233261
"750","750",6181,6026,4839,-0.217116971363857
"751","751",4167,4245,3720,-0.107271418286537
"752","752",2423,2698,2524,0.0416838629797771
"753","753",1386,1386,1394,0.00577200577200577
"754","754",2194,2194,2184,-0.00455788514129444
"755","755",1604,1542,1589,-0.00935162094763092
"756","756",3693,3710,3546,-0.0398050365556458
"758","758",8815,9459,6556,-0.256267725467952
"759","759",1406,1441,1432,0.0184921763869132
"9471","9471",1406,1441,1432,0.0184921763869132
"760","760",1470,1468,1557,0.0591836734693878
"761","761",1474,1295,1299,-0.118724559023066
"762","762",3161,3118,3196,0.0110724454286618
"763","763",2233,2177,2225,-0.00358262427227944
"1223","1223",2233,2177,2225,-0.00358262427227944
"16632","16632",2233,2177,2225,-0.00358262427227944
"764","764",2164,2164,2592,0.197781885397412
"765","765",4527,4547,4532,0.00110448420587586
"766","766",4300,4255,4331,0.0072093023255814
"767","767",1932,1760,1737,-0.100931677018634
"19554","19554",1932,1760,1737,-0.100931677018634
"768","768",4107,4126,4150,0.0104699293888483
"769","769",928,1126,1075,0.158405172413793
"770","770",4032,4416,3349,-0.169394841269841
"771","771",5518,5137,5044,-0.0859006886553099
"772","772",2293,2294,2098,-0.085041430440471
"773","773",1796,1676,1236,-0.311804008908686
"774","774",3611,3602,3547,-0.0177236222653005
"775","775",2189,2186,2007,-0.0831429876656007
"6866","6866",2189,2186,2007,-0.0831429876656007
"776","776",1158,1158,1756,0.516407599309154
"777","777",3098,3101,4261,0.375403486120077
"778","778",4366,4678,4023,-0.0785616124599176
"779","779",3434,3296,2770,-0.19336051252184
"12113","12113",3434,3296,2770,-0.19336051252184
"780","780",2061,2093,2047,-0.00679281901989326
"8699","8699",2061,2093,2047,-0.00679281901989326
"781","781",3506,3504,3523,0.00484883057615516
"782","782",3090,3727,3860,0.249190938511327
"783","783",1911,1805,1675,-0.123495552066981
"784","784",4560,4968,5303,0.162938596491228
"785","785",5137,5211,4870,-0.0519758613977029
"786","786",9898,10918,8305,-0.160941604364518
"787","787",4808,4927,4874,0.0137271214642263
"788","788",4475,4787,3511,-0.215418994413408
"789","789",3264,3274,3369,0.0321691176470588
"790","790",6489,6930,5937,-0.0850670365233472
"791","791",1729,1811,1815,0.0497397339502603
"792","792",3944,3960,2922,-0.259127789046653
"793","793",4423,4081,4140,-0.0639837214560253
"794","794",5825,5605,5538,-0.0492703862660944
"795","795",3812,3812,3694,-0.0309548793284365
"796","796",4036,3443,3578,-0.113478691774034
"797","797",2723,2727,1925,-0.29305912596401
"4937","4937",2723,2727,1925,-0.29305912596401
"798","798",3898,3869,3321,-0.148024628014366
"799","799",5401,5401,5035,-0.067765228661359
"800","800",2535,2428,2341,-0.0765285996055227
"801","801",3026,3010,3047,0.0069398545935228
"802","802",1634,1634,1694,0.0367197062423501
"17148","17148",1634,1634,1694,0.0367197062423501
"803","803",4030,2899,2946,-0.268982630272953
"804","804",5689,5680,7876,0.384426085428019
"805","805",2307,2302,1770,-0.232769830949285
"806","806",5201,5755,4885,-0.0607575466256489
"807","807",1552,1551,1517,-0.0225515463917526
"808","808",3876,3419,2682,-0.308049535603715
"810","810",2831,4525,2845,0.0049452490286118
"811","811",5444,5324,4435,-0.185341660543718
"812","812",1351,1554,1060,-0.21539600296077
"15104","15104",1351,1554,1060,-0.21539600296077
"813","813",1630,1632,1327,-0.185889570552147
"814","814",1806,1888,1908,0.0564784053156146
"815","815",2838,2838,2767,-0.0250176180408739
"816","816",3617,3643,4834,0.336466685098148
"817","817",4805,4903,5101,0.0616024973985432
"818","818",11294,11031,10203,-0.0965999645829644
"819","819",3984,3889,3368,-0.154618473895582
"820","820",905,869,817,-0.0972375690607735
"821","821",3624,3624,3656,0.00883002207505519
"822","822",8829,8851,9823,0.112583531543776
"823","823",2004,2058,1940,-0.031936127744511
"824","824",2364,2194,2302,-0.0262267343485618
"11802","11802",2364,2194,2302,-0.0262267343485618
"825","825",2371,2314,2954,0.24588781105019
"826","826",2192,2262,2235,0.0196167883211679
"827","827",3246,3246,3241,-0.00154035736290819
"828","828",4486,4237,3947,-0.120151582701739
"829","829",3915,3907,3592,-0.0825031928480204
"830","830",5161,5327,5313,0.0294516566556869
"831","831",3381,3722,3564,0.0541259982253771
"832","832",721,720,777,0.0776699029126214
"833","833",3303,3068,3069,-0.0708446866485014
"834","834",2697,2705,2533,-0.060808305524657
"835","835",7557,7546,6305,-0.165674209342332
"836","836",4874,4774,4959,0.0174394747640542
"837","837",2539,2695,2553,0.00551398188263096
"838","838",1906,1906,1477,-0.22507869884575
"839","839",3612,3610,3765,0.042358803986711
"840","840",2581,2628,2499,-0.0317706315381635
"841","841",2327,2325,3295,0.415986248388483
"842","842",1723,1723,1672,-0.0295995356935577
"843","843",6175,6830,6102,-0.0118218623481781
"844","844",2852,3524,3414,0.197054698457223
"845","845",4043,3972,3405,-0.157803611179817
"846","846",10969,10926,11329,0.0328197647916857
"847","847",7984,7719,7639,-0.0432114228456914
"848","848",2298,2298,2306,0.00348128807658834
"849","849",2647,2625,2711,0.0241783150736683
"850","850",2053,2179,2127,0.0360448124695567
"851","851",11891,12216,12421,0.044571524682533
"852","852",6089,6648,5914,-0.0287403514534406
"853","853",6031,6102,5976,-0.00911954899684961
"854","854",1772,1772,1913,0.0795711060948081
"855","855",2560,2568,2407,-0.059765625
"856","856",1373,1373,1371,-0.00145666423889294
"19165","19165",1373,1373,1371,-0.00145666423889294
"857","857",1472,1556,1424,-0.0326086956521739
"11619","11619",1472,1556,1424,-0.0326086956521739
"858","858",2641,3809,2649,0.00302915562287012
"859","859",2821,2853,2304,-0.183268344558667
"860","860",8910,8916,8443,-0.0524130190796857
"861","861",4369,4345,2807,-0.357518883039597
"862","862",4357,4426,4441,0.0192793206334634
"863","863",3819,3716,3408,-0.107619795758052
"864","864",6585,5633,5368,-0.184813971146545
"865","865",1292,1316,1344,0.0402476780185759
"866","866",4126,4138,4247,0.0293262239457101
"867","867",3767,3797,4289,0.138571807804619
"868","868",2645,2478,2553,-0.0347826086956522
"869","869",10306,10261,9011,-0.125654958276732
"870","870",3959,3959,4208,0.0628946703713059
"871","871",1724,1728,1250,-0.274941995359629
"872","872",7213,7175,6333,-0.122001940939969
"873","873",1050,998,1022,-0.0266666666666667
"874","874",1270,1280,1311,0.0322834645669291
"875","875",1424,1424,1919,0.347612359550562
"9490","9490",1424,1424,1919,0.347612359550562
"876","876",3247,3236,2076,-0.36064059131506
"877","877",3658,3491,3241,-0.113996719518863
"878","878",2154,2044,2037,-0.0543175487465181
"879","879",4031,4001,3543,-0.121061771272637
"880","880",8599,8921,8423,-0.0204674962204908
"881","881",2813,3161,2985,0.0611446853892641
"882","882",4310,4458,3866,-0.103016241299304
"883","883",3372,3382,3266,-0.031435349940688
"884","884",3332,2859,3362,0.00900360144057623
"885","885",2823,2823,1948,-0.309953949698902
"886","886",2575,2575,2575,0
"1533","1533",2575,2575,2575,0
"887","887",3942,3663,3734,-0.0527650938609843
"888","888",1579,1397,1620,0.025965801139962
"889","889",1453,1627,1380,-0.0502408809359945
"18728","18728",1453,1627,1380,-0.0502408809359945
"890","890",7231,7241,6675,-0.0768911630479878
"891","891",3650,3650,3804,0.0421917808219178
"892","892",1468,1468,1717,0.169618528610354
"893","893",2906,2976,3245,0.116655196145905
"894","894",2238,2240,2023,-0.0960679177837355
"895","895",2136,2270,2122,-0.00655430711610487
"896","896",2473,2435,2785,0.126162555600485
"897","897",1289,1289,1293,0.00310318076027929
"898","898",9510,9519,9338,-0.0180862250262881
"899","899",2002,2002,2006,0.001998001998002
"18670","18670",2002,2002,2006,0.001998001998002
"900","900",3449,3423,3195,-0.073644534647724
"4450","4450",3449,3423,3195,-0.073644534647724
"901","901",5972,5597,4854,-0.187206965840589
"902","902",1988,1988,2460,0.237424547283702
"904","904",4103,3827,2915,-0.289544235924933
"2677","2677",4103,3827,2915,-0.289544235924933
"905","905",4661,4238,3875,-0.168633340484874
"906","906",5338,5331,4292,-0.19595354065193
"907","907",2595,2964,2941,0.133333333333333
"908","908",3966,3966,3967,0.000252143217347453
"909","909",2242,2125,2120,-0.0544157002676182
"910","910",4284,4413,3153,-0.264005602240896
"911","911",8454,8434,8548,0.0111189969245328
"912","912",1912,1903,2168,0.133891213389121
"913","913",3870,3532,3432,-0.113178294573643
"914","914",3320,3305,3193,-0.0382530120481928
"915","915",2283,2281,2001,-0.123521681997372
"916","916",7004,6681,6655,-0.0498286693318104
"917","917",2055,2389,2177,0.059367396593674
"8517","8517",2055,2389,2177,0.059367396593674
"918","918",5554,5545,8804,0.585163845876846
"13515","13515",5554,5545,8804,0.585163845876846
"919","919",3480,3671,3701,0.0635057471264368
"920","920",1568,1748,2118,0.350765306122449
"921","921",6608,6578,4248,-0.357142857142857
"922","922",3028,3030,3315,0.094782034346103
"923","923",3757,3757,3765,0.00212935853074261
"3117","3117",3757,3757,3765,0.00212935853074261
"924","924",4368,4382,3604,-0.174908424908425
"925","925",766,670,791,0.0326370757180157
"926","926",5666,5472,5712,0.00811860218849276
"927","927",12345,12302,11053,-0.10465775617659
"928","928",3994,4196,3893,-0.0252879318978468
"929","929",3599,3656,3838,0.0664073353709364
"930","930",6358,6379,5825,-0.0838313935199748
"931","931",5665,5635,5955,0.0511915269196823
"932","932",2697,2509,2811,0.0422691879866518
"18706","18706",2697,2509,2811,0.0422691879866518
"933","933",4827,4834,4683,-0.0298321939092604
"934","934",2639,2643,2992,0.133762788935203
"935","935",2962,2904,3044,0.0276839972991222
"10363","10363",2962,2904,3044,0.0276839972991222
"936","936",2434,2454,2493,0.024239934264585
"12004","12004",2434,2454,2493,0.024239934264585
"937","937",3542,3555,3325,-0.0612648221343874
"14311","14311",3542,3555,3325,-0.0612648221343874
"18514","18514",3542,3555,3325,-0.0612648221343874
"938","938",6087,5899,5818,-0.0441925414818466
"939","939",2070,2070,2086,0.00772946859903382
"941","941",2708,2629,2556,-0.0561299852289513
"11122","11122",2708,2629,2556,-0.0561299852289513
"942","942",4184,4201,4198,0.00334608030592734
"943","943",2248,2140,2112,-0.0604982206405694
"944","944",9424,9175,9036,-0.0411714770797963
"945","945",2537,2414,2732,0.07686243594797
"946","946",5726,5771,12039,1.10251484456863
"947","947",2629,2347,2420,-0.0794979079497908
"4311","4311",2629,2347,2420,-0.0794979079497908
"13388","13388",2629,2347,2420,-0.0794979079497908
"948","948",4029,4024,4532,0.124844874658724
"949","949",7535,7538,7677,0.0188453881884539
"950","950",1294,1295,853,-0.34080370942813
"951","951",2113,2011,1913,-0.0946521533364884
"12205","12205",2113,2011,1913,-0.0946521533364884
"952","952",3899,3899,2822,-0.276224672993075
"14161","14161",3899,3899,2822,-0.276224672993075
"953","953",4584,4584,2744,-0.401396160558464
"954","954",1505,1488,1678,0.114950166112957
"14459","14459",1505,1488,1678,0.114950166112957
"955","955",2607,2370,2065,-0.207901802838512
"956","956",9570,9603,9486,-0.00877742946708464
"13021","13021",9570,9603,9486,-0.00877742946708464
"957","957",3465,4300,3713,0.0715728715728716
"958","958",6051,6022,5417,-0.104776070071063
"959","959",3138,3137,3146,0.00254939451880178
"960","960",3078,3070,3219,0.0458089668615984
"961","961",7213,6996,6790,-0.0586441147927353
"962","962",3701,3199,3319,-0.103215347203459
"963","963",4107,4360,4481,0.091064037009983
"964","964",3085,2503,2490,-0.192868719611021
"6169","6169",3085,2503,2490,-0.192868719611021
"965","965",5917,5650,5269,-0.109514956903836
"966","966",2335,2337,1530,-0.34475374732334
"10439","10439",2335,2337,1530,-0.34475374732334
"19854","19854",2335,2337,1530,-0.34475374732334
"967","967",3954,4147,4167,0.0538694992412747
"968","968",2874,2862,2845,-0.0100904662491301
"969","969",4910,5327,5301,0.0796334012219959
"970","970",2643,2660,2562,-0.0306469920544835
"1000","1000",2643,2660,2562,-0.0306469920544835
"971","971",9428,9448,7654,-0.188162918964786
"972","972",2149,2148,2368,0.101907864122848
"973","973",3066,3176,3197,0.0427266797129811
"974","974",3044,2971,2969,-0.0246386333771353
"14739","14739",3044,2971,2969,-0.0246386333771353
"975","975",6190,6156,6423,0.0376413570274636
"976","976",1114,1114,1029,-0.0763016157989228
"977","977",6513,6234,6496,-0.00261016428681099
"978","978",1865,2921,2249,0.205898123324397
"979","979",1773,1653,1621,-0.0857304004512126
"980","980",1901,1901,1938,0.0194634402945818
"981","981",4421,4519,3514,-0.205157204252432
"982","982",8491,9196,8258,-0.027440819691438
"984","984",3107,3171,3188,0.026070164145478
"985","985",3350,3350,2870,-0.143283582089552
"6859","6859",3350,3350,2870,-0.143283582089552
"986","986",3182,3193,3870,0.216216216216216
"987","987",3451,3693,3203,-0.0718632280498406
"988","988",2332,2168,2326,-0.00257289879931389
"989","989",5989,6058,4979,-0.168642511270663
"990","990",4351,4312,3546,-0.185014939094461
"991","991",1857,1859,1857,0
"992","992",1562,1605,1587,0.0160051216389245
"11315","11315",1562,1605,1587,0.0160051216389245
"12011","12011",1562,1605,1587,0.0160051216389245
"993","993",2569,2489,2069,-0.194628260023355
"994","994",4709,4696,3853,-0.18177957103419
"995","995",2571,2966,2633,0.0241151302994944
"996","996",5945,5963,5802,-0.024053826745164
"997","997",2458,2461,2515,0.0231895850284784
"998","998",6487,6369,6228,-0.0399260058578696
"999","999",6322,6417,6798,0.0752926289149004
"1001","1001",7518,7466,7500,-0.00239425379090184
"1002","1002",1944,1894,1682,-0.13477366255144
"19283","19283",1944,1894,1682,-0.13477366255144
"1003","1003",3071,3062,3555,0.157603386519049
"1004","1004",7596,7960,7144,-0.0595050026329647
"1005","1005",4465,4465,4208,-0.057558790593505
"18378","18378",4465,4465,4208,-0.057558790593505
"1006","1006",3206,3200,3328,0.0380536494073612
"1007","1007",3180,3556,2548,-0.19874213836478
"1008","1008",2489,2575,2441,-0.0192848533547609
"15723","15723",2489,2575,2441,-0.0192848533547609
"1009","1009",1705,1705,1990,0.167155425219941
"1010","1010",2429,2394,2168,-0.107451626183615
"1011","1011",4570,4535,3434,-0.248577680525164
"18593","18593",4570,4535,3434,-0.248577680525164
"1012","1012",1706,1706,1708,0.00117233294255569
"1013","1013",2383,2483,2500,0.0490977759127151
"1014","1014",2024,1903,1927,-0.0479249011857708
"12649","12649",2024,1903,1927,-0.0479249011857708
"1015","1015",1082,1078,1078,-0.00369685767097967
"1016","1016",2713,2713,2479,-0.0862513822336896
"1017","1017",4099,3722,3875,-0.0546474749939009
"1018","1018",3362,3361,3585,0.0663295657346817
"11274","11274",3362,3361,3585,0.0663295657346817
"1019","1019",2728,2864,2633,-0.0348240469208211
"15543","15543",2728,2864,2633,-0.0348240469208211
"1020","1020",6483,6455,6212,-0.0418016350455036
"1021","1021",3876,4433,3869,-0.00180598555211558
"1022","1022",1898,4422,1782,-0.0611169652265543
"1023","1023",5654,5659,6216,0.0993986558188893
"1024","1024",4284,4230,5913,0.380252100840336
"1025","1025",5843,6012,5344,-0.0854013349306863
"1026","1026",11442,11670,10564,-0.0767348365670337
"1027","1027",2307,2217,2068,-0.103597745990464
"1028","1028",2024,2016,1754,-0.133399209486166
"1029","1029",2657,2218,2195,-0.173880316146029
"1030","1030",3203,3203,3220,0.00530752419606619
"1031","1031",5058,5089,5729,0.132661130881771
"1032","1032",2212,2025,2123,-0.0402350813743219
"11485","11485",2212,2025,2123,-0.0402350813743219
"1033","1033",2412,2423,2690,0.115257048092869
"1034","1034",3525,3785,4036,0.144964539007092
"1035","1035",3346,3346,2839,-0.151524208009564
"1036","1036",2397,2271,2306,-0.0379641218189403
"6327","6327",2397,2271,2306,-0.0379641218189403
"11243","11243",2397,2271,2306,-0.0379641218189403
"1037","1037",2952,2952,3020,0.0230352303523035
"1038","1038",4041,4046,3815,-0.0559267508042564
"1039","1039",3103,3826,3131,0.00902352562036739
"1040","1040",4448,5061,4517,0.0155125899280576
"17417","17417",4448,5061,4517,0.0155125899280576
"1041","1041",4524,4153,5091,0.125331564986737
"1042","1042",2758,2509,2268,-0.177664974619289
"1043","1043",4302,4235,3618,-0.158995815899582
"1044","1044",1281,1281,1281,0
"1045","1045",4110,4173,4276,0.0403892944038929
"1046","1046",6906,6931,8619,0.248045178105995
"1047","1047",1746,1855,1660,-0.0492554410080183
"12446","12446",1746,1855,1660,-0.0492554410080183
"1048","1048",6678,6610,5916,-0.114106019766397
"1049","1049",3383,3322,3318,-0.0192137156370086
"1050","1050",5175,5172,3206,-0.38048309178744
"1051","1051",3723,3038,3059,-0.178350792371743
"1052","1052",1709,1709,1182,-0.308367466354593
"1053","1053",2144,2143,2550,0.189365671641791
"1054","1054",6842,6599,6911,0.0100847705349313
"1055","1055",4160,3405,3341,-0.196875
"1056","1056",2837,2712,2709,-0.0451180824814945
"1057","1057",4703,4774,5872,0.248564745906868
"1058","1058",2447,2305,2250,-0.0805067429505517
"1059","1059",4783,4878,4921,0.0288521848212419
"1060","1060",2828,3338,2883,0.0194483734087694
"1061","1061",2819,2155,2155,-0.235544519333097
"1062","1062",2669,2675,2737,0.0254777070063694
"19921","19921",2669,2675,2737,0.0254777070063694
"1063","1063",2219,2228,1984,-0.105903560162235
"1064","1064",5152,5458,5218,0.0128105590062112
"1065","1065",6123,6135,5351,-0.126081985954597
"1066","1066",2573,2574,3045,0.183443451224252
"1067","1067",1981,1898,2151,0.0858152448258455
"8988","8988",1981,1898,2151,0.0858152448258455
"1068","1068",6926,6773,3790,-0.452786601212821
"1069","1069",3025,3021,2756,-0.0889256198347107
"1814","1814",3025,3021,2756,-0.0889256198347107
"1070","1070",3509,3391,3082,-0.121687090339128
"1071","1071",4381,4211,4137,-0.0556950467929696
"1072","1072",2595,2481,2314,-0.108285163776493
"7568","7568",2595,2481,2314,-0.108285163776493
"1073","1073",4731,4747,4740,0.00190234622701332
"1074","1074",2609,2610,2447,-0.0620927558451514
"14465","14465",2609,2610,2447,-0.0620927558451514
"1075","1075",6215,6649,13716,1.20691874497184
"1076","1076",1887,1890,1868,-0.0100688924218336
"1077","1077",1070,1063,1095,0.0233644859813084
"1078","1078",3539,3531,2478,-0.299802204012433
"1079","1079",2281,2234,2480,0.0872424375274003
"1080","1080",4832,4385,4142,-0.142798013245033
"1081","1081",1472,1562,1574,0.0692934782608696
"1082","1082",2874,2874,2719,-0.0539318023660404
"1083","1083",4822,4825,4842,0.00414765657403567
"1084","1084",3698,3391,2987,-0.192266089778259
"1085","1085",4157,4332,4194,0.00890064950685591
"1086","1086",10720,10727,9327,-0.129944029850746
"1087","1087",2778,2727,3510,0.263498920086393
"18983","18983",2778,2727,3510,0.263498920086393
"1088","1088",8134,7668,6426,-0.209982788296041
"1089","1089",4905,5180,4824,-0.0165137614678899
"1090","1090",6126,7310,7243,0.182337577538361
"1091","1091",1281,1287,1086,-0.152224824355972
"1092","1092",4797,5243,5437,0.133416718782572
"1093","1093",2711,2370,2266,-0.16414607156031
"1094","1094",1683,1708,1715,0.0190136660724896
"1095","1095",2145,2293,2295,0.0699300699300699
"1096","1096",2088,2191,2216,0.0613026819923372
"8832","8832",2088,2191,2216,0.0613026819923372
"1097","1097",1944,2697,3436,0.767489711934156
"1098","1098",3033,3646,3346,0.103198153643258
"1099","1099",1396,1420,1424,0.0200573065902579
"1100","1100",3770,3410,3821,0.0135278514588859
"1101","1101",3499,3466,3810,0.0888825378679623
"1102","1102",4363,4366,3837,-0.120559248223699
"19315","19315",4363,4366,3837,-0.120559248223699
"1103","1103",2925,2949,2647,-0.095042735042735
"1104","1104",6255,6255,5647,-0.0972022382094325
"1105","1105",2651,2651,2651,0
"1106","1106",4238,4229,4273,0.00825861255309108
"1107","1107",1916,1924,1497,-0.218684759916493
"12298","12298",1916,1924,1497,-0.218684759916493
"1108","1108",3437,3460,2814,-0.181262729124236
"1109","1109",10762,10732,10622,-0.0130087344359784
"1110","1110",1764,1764,1907,0.0810657596371882
"1111","1111",1931,1941,1833,-0.0507509062661833
"6908","6908",1931,1941,1833,-0.0507509062661833
"1112","1112",2864,3183,2142,-0.252094972067039
"1113","1113",6700,6417,6247,-0.0676119402985075
"1114","1114",5626,5628,5509,-0.0207963028794881
"1115","1115",3601,3601,3862,0.0724798667036934
"1116","1116",4366,4632,4688,0.0737517178195144
"1117","1117",3123,3068,3230,0.0342619276336856
"3167","3167",3123,3068,3230,0.0342619276336856
"1118","1118",3771,3807,2453,-0.349509413948555
"1119","1119",2635,2628,2823,0.0713472485768501
"1120","1120",2169,2169,2760,0.272475795297372
"12154","12154",2169,2169,2760,0.272475795297372
"1121","1121",3150,3175,3206,0.0177777777777778
"1122","1122",1509,1506,1810,0.19946984758118
"1123","1123",917,913,912,-0.0054525627044711
"1124","1124",2723,2723,2867,0.0528828497980169
"1125","1125",3688,3541,3249,-0.119034707158351
"1126","1126",2039,2042,2247,0.102010789602746
"1127","1127",2155,2157,2162,0.00324825986078886
"1128","1128",2424,2225,2317,-0.0441419141914191
"5269","5269",2424,2225,2317,-0.0441419141914191
"1129","1129",1861,1860,1765,-0.0515851692638366
"1130","1130",5907,5816,5445,-0.0782122905027933
"1131","1131",2870,2870,2352,-0.180487804878049
"1132","1132",1164,1111,942,-0.190721649484536
"1133","1133",4799,4817,4493,-0.0637632840175036
"1134","1134",3147,3146,2758,-0.123609787098824
"1135","1135",3632,3677,3824,0.052863436123348
"1136","1136",10507,12188,10425,-0.00780432092890454
"1137","1137",1254,1254,1262,0.00637958532695375
"1138","1138",2285,2256,1866,-0.183369803063457
"1139","1139",8731,8721,11612,0.329973657083954
"1140","1140",1442,1446,1405,-0.0256588072122053
"1141","1141",2191,2121,2313,0.0556823368324966
"1142","1142",3135,3135,3847,0.227113237639553
"1143","1143",1633,1639,1641,0.00489895897121862
"1144","1144",3949,3796,4045,0.0243099518865536
"1145","1145",6968,7373,6817,-0.0216704936854191
"1146","1146",2304,2108,2216,-0.0381944444444444
"9533","9533",2304,2108,2216,-0.0381944444444444
"10430","10430",2304,2108,2216,-0.0381944444444444
"1147","1147",10725,10858,9815,-0.0848484848484849
"1148","1148",5672,5650,5769,0.0171015514809591
"1149","1149",2869,2872,2383,-0.169397002439875
"1150","1150",6698,6702,6602,-0.0143326366079427
"1151","1151",2312,2333,2499,0.0808823529411765
"7882","7882",2312,2333,2499,0.0808823529411765
"8773","8773",2312,2333,2499,0.0808823529411765
"1152","1152",3860,3996,3144,-0.185492227979275
"10327","10327",3860,3996,3144,-0.185492227979275
"1153","1153",4023,4489,4600,0.14342530449913
"1154","1154",5305,5306,4557,-0.140999057492931
"1155","1155",1931,1930,1923,-0.00414293112377007
"1156","1156",3010,3010,3030,0.00664451827242525
"1157","1157",5806,5694,5749,-0.00981743024457458
"1158","1158",2572,2558,2003,-0.221228615863142
"1159","1159",2496,2797,2110,-0.154647435897436
"1160","1160",1964,1960,1917,-0.0239307535641548
"1161","1161",2771,2770,2771,0
"1162","1162",5189,5177,5248,0.0113702062054346
"1163","1163",1645,1645,1470,-0.106382978723404
"1165","1165",3507,3513,3655,0.0422013116623895
"1166","1166",4569,4595,4607,0.00831691836288028
"10837","10837",4569,4595,4607,0.00831691836288028
"1167","1167",3901,3901,3873,-0.00717764675724173
"1168","1168",2406,2417,2537,0.0544472152950956
"1169","1169",2777,2893,2950,0.0622974432841196
"1170","1170",2199,2199,2318,0.0541155070486585
"1171","1171",1311,1333,1444,0.101449275362319
"1172","1172",1600,1586,1615,0.009375
"1173","1173",1985,1909,1905,-0.0403022670025189
"1174","1174",2929,2950,2683,-0.0839877091157392
"1175","1175",6900,6736,6245,-0.0949275362318841
"1176","1176",3180,3197,2713,-0.14685534591195
"7151","7151",3180,3197,2713,-0.14685534591195
"1177","1177",3389,3224,2610,-0.229861316022425
"1739","1739",3389,3224,2610,-0.229861316022425
"1178","1178",1902,1770,1812,-0.0473186119873817
"1179","1179",4969,4972,4973,0.000804990943851882
"1180","1180",2445,2445,2288,-0.0642126789366053
"1181","1181",6942,6942,6959,0.0024488619994238
"1182","1182",1920,1923,3065,0.596354166666667
"1183","1183",2200,2068,2011,-0.0859090909090909
"2772","2772",2200,2068,2011,-0.0859090909090909
"1184","1184",3408,3350,3317,-0.0267018779342723
"1185","1185",3301,3257,3024,-0.0839139654650106
"9216","9216",3301,3257,3024,-0.0839139654650106
"1186","1186",3770,3672,3382,-0.102917771883289
"1187","1187",3288,2947,2662,-0.190389294403893
"18916","18916",3288,2947,2662,-0.190389294403893
"1188","1188",5365,5362,4640,-0.135135135135135
"1189","1189",3190,3247,3344,0.0482758620689655
"1190","1190",6195,6295,6223,0.00451977401129944
"1191","1191",2631,2610,3249,0.234891676168757
"1192","1192",5810,5799,5807,-0.000516351118760757
"1193","1193",866,870,855,-0.01270207852194
"1194","1194",2314,2682,2655,0.147363872082973
"1195","1195",6590,6604,6986,0.0600910470409712
"1196","1196",3531,3519,4161,0.178419711129991
"1197","1197",2091,2081,2067,-0.0114777618364419
"1198","1198",1832,1832,1735,-0.0529475982532751
"1199","1199",4617,4720,5084,0.101147931557288
"1200","1200",9669,10014,10151,0.0498500361981591
"1201","1201",2469,2320,2244,-0.0911300121506683
"1202","1202",2320,1891,1941,-0.163362068965517
"1203","1203",2962,3065,3018,0.0189061444969615
"1204","1204",2501,2490,2384,-0.046781287485006
"1205","1205",7909,6448,5551,-0.298141357946643
"1206","1206",4348,4659,4370,0.00505979760809568
"1207","1207",3105,3284,3432,0.105314009661836
"1208","1208",5779,6230,5407,-0.0643709984426371
"1209","1209",3512,3693,3352,-0.0455580865603645
"1210","1210",5355,5645,5363,0.00149393090569561
"1211","1211",9213,9756,8930,-0.0307174644524042
"1212","1212",1142,1137,1125,-0.0148861646234676
"1213","1213",2117,2117,3403,0.607463391591875
"1214","1214",1198,1190,1163,-0.0292153589315526
"1215","1215",1677,1677,1684,0.00417412045319022
"1216","1216",6856,6701,5870,-0.143815635939323
"1217","1217",8860,9434,8301,-0.0630925507900677
"1218","1218",4724,4680,3988,-0.15580016934801
"1219","1219",4540,4544,3792,-0.164757709251101
"1220","1220",1906,1906,2046,0.0734522560335782
"1221","1221",1815,1539,1497,-0.175206611570248
"18762","18762",1815,1539,1497,-0.175206611570248
"1222","1222",3311,3311,3448,0.0413772274237391
"1224","1224",5619,5611,5560,-0.0105000889838049
"1225","1225",2785,2728,2998,0.0764811490125673
"1226","1226",2133,2133,2133,0
"1227","1227",1872,1805,1726,-0.077991452991453
"9058","9058",1872,1805,1726,-0.077991452991453
"1228","1228",3365,2855,3651,0.0849925705794948
"1229","1229",2787,2787,2848,0.0218873340509508
"1230","1230",3468,3469,3519,0.0147058823529412
"11034","11034",3468,3469,3519,0.0147058823529412
"1231","1231",8483,8586,7319,-0.13721560768596
"1232","1232",6014,5713,7553,0.255902893249085
"1233","1233",2986,2605,2491,-0.165773610180844
"1234","1234",2202,2143,2172,-0.0136239782016349
"15756","15756",2202,2143,2172,-0.0136239782016349
"1235","1235",2511,2513,2315,-0.0780565511748307
"1236","1236",2010,2002,1987,-0.0114427860696517
"1237","1237",6964,6879,6956,-0.00114876507754164
"1238","1238",1461,1446,1342,-0.08145106091718
"6414","6414",1461,1446,1342,-0.08145106091718
"1239","1239",2459,2498,2634,0.0711671411142741
"1240","1240",1915,1998,2379,0.242297650130548
"1241","1241",5713,5752,5791,0.0136530719411868
"1242","1242",3595,3196,3107,-0.135744089012517
"1243","1243",5177,5184,6521,0.259609812632799
"1244","1244",7405,7419,7362,-0.00580688723835246
"1245","1245",2933,3021,2371,-0.191612683259461
"1246","1246",4486,4173,3671,-0.18167632634864
"1247","1247",2472,2472,2494,0.00889967637540453
"1248","1248",2107,2056,2133,0.0123398196487897
"1249","1249",2262,3082,2951,0.304597701149425
"1250","1250",2798,2347,2230,-0.203002144388849
"1251","1251",4018,4158,4317,0.0744151319064211
"1252","1252",4788,5135,4997,0.0436507936507936
"1253","1253",2163,2163,2163,0
"1254","1254",2270,2297,2300,0.013215859030837
"14674","14674",2270,2297,2300,0.013215859030837
"1255","1255",2310,2312,2448,0.0597402597402597
"1256","1256",3755,3793,3825,0.018641810918775
"9222","9222",3755,3793,3825,0.018641810918775
"10829","10829",3755,3793,3825,0.018641810918775
"1257","1257",2583,2562,2285,-0.115369725125823
"8568","8568",2583,2562,2285,-0.115369725125823
"1258","1258",1916,1974,2319,0.210334029227557
"1259","1259",3077,3053,4131,0.342541436464088
"1260","1260",1826,2300,1971,0.0794085432639649
"1261","1261",6298,6287,5557,-0.11765639885678
"1262","1262",2104,2082,2185,0.0384980988593156
"1263","1263",5886,6160,6253,0.0623513421678559
"1264","1264",1980,1980,1266,-0.360606060606061
"1265","1265",2239,2240,2112,-0.0567217507815989
"1266","1266",2521,2664,2748,0.0900436334787783
"1267","1267",5985,5985,5951,-0.00568086883876358
"1268","1268",1635,1700,1700,0.0397553516819572
"1269","1269",6792,6834,5809,-0.144729093050648
"1270","1270",1529,1529,1561,0.0209287115761936
"12615","12615",1529,1529,1561,0.0209287115761936
"1271","1271",2197,2204,1821,-0.171142467000455
"9033","9033",2197,2204,1821,-0.171142467000455
"1272","1272",9062,9434,6451,-0.288126241447804
"1273","1273",5850,6555,8633,0.475726495726496
"1274","1274",5692,5886,5499,-0.0339072382290935
"1275","1275",1688,1901,1903,0.127369668246445
"1276","1276",2020,2020,2090,0.0346534653465347
"1277","1277",4769,4356,4290,-0.100440343887607
"1278","1278",5489,5811,5425,-0.0116596830023684
"16032","16032",5489,5811,5425,-0.0116596830023684
"1279","1279",1660,1622,1622,-0.0228915662650602
"1280","1280",4371,4187,4163,-0.0475863646762755
"1281","1281",2209,2207,1981,-0.103214124038026
"1282","1282",3208,3086,3869,0.206047381546135
"1283","1283",2240,2221,2609,0.164732142857143
"1284","1284",1945,1560,2069,0.0637532133676093
"6237","6237",1945,1560,2069,0.0637532133676093
"9353","9353",1945,1560,2069,0.0637532133676093
"1285","1285",4969,4692,4759,-0.0422620245522238
"1286","1286",7662,7574,6882,-0.101801096319499
"1287","1287",4291,4065,4052,-0.0556979725005826
"1288","1288",2295,2429,2764,0.204357298474946
"1289","1289",2309,2286,1997,-0.135123430056301
"9308","9308",2309,2286,1997,-0.135123430056301
"18967","18967",2309,2286,1997,-0.135123430056301
"1290","1290",5055,4956,4190,-0.171117705242334
"1291","1291",3855,3835,3424,-0.111802853437095
"1292","1292",3438,3438,3447,0.00261780104712042
"1293","1293",1052,1052,1141,0.0846007604562738
"1294","1294",1873,1402,1421,-0.241324079017619
"1295","1295",2043,2164,1918,-0.0611845325501713
"1296","1296",2180,2180,1978,-0.0926605504587156
"1297","1297",2408,2405,2406,-0.000830564784053156
"1298","1298",5153,5155,4915,-0.0461866873665826
"1299","1299",2068,2130,1779,-0.139748549323017
"1300","1300",5422,5420,5795,0.0687938030247141
"1301","1301",3184,3186,2746,-0.137562814070352
"1302","1302",882,879,897,0.0170068027210884
"8246","8246",882,879,897,0.0170068027210884
"1303","1303",2135,2021,2023,-0.0524590163934426
"1304","1304",1670,1153,1194,-0.28502994011976
"1305","1305",5092,4358,4836,-0.0502749410840534
"1306","1306",5191,5164,4814,-0.0726256983240224
"1307","1307",6848,6873,7237,0.0568049065420561
"1308","1308",1495,1492,1515,0.0133779264214047
"18106","18106",1495,1492,1515,0.0133779264214047
"1309","1309",3229,3229,3353,0.0384019820377826
"1310","1310",6384,6284,5507,-0.137374686716792
"1311","1311",10418,10427,9324,-0.105010558648493
"1312","1312",2566,2553,2592,0.0101325019485581
"1313","1313",3215,3212,3380,0.0513219284603421
"1314","1314",1550,1522,2031,0.310322580645161
"1315","1315",3713,3709,3892,0.0482089954214921
"1316","1316",5487,4945,9290,0.693092764716603
"1317","1317",2577,2569,2561,-0.00620876988746605
"1318","1318",3122,2996,2993,-0.041319666880205
"1319","1319",2909,2908,2839,-0.0240632519766243
"1320","1320",9629,9638,9265,-0.0378024717000727
"1321","1321",4390,4493,4266,-0.028246013667426
"1322","1322",3715,3690,3753,0.010228802153432
"1323","1323",1730,1731,1752,0.0127167630057803
"1324","1324",8608,8288,7733,-0.101649628252788
"1325","1325",2723,2519,2012,-0.261109070877708
"1326","1326",2683,2647,2851,0.062616474096161
"1327","1327",1425,1663,1666,0.169122807017544
"12946","12946",1425,1663,1666,0.169122807017544
"1328","1328",7506,7640,6507,-0.133093525179856
"1329","1329",2438,2442,1698,-0.303527481542248
"16659","16659",2438,2442,1698,-0.303527481542248
"1330","1330",2664,3316,3050,0.144894894894895
"1331","1331",5998,6161,5740,-0.0430143381127042
"1332","1332",2758,2758,1758,-0.362581580855693
"1333","1333",6988,6876,6234,-0.107899255867201
"1334","1334",744,546,545,-0.26747311827957
"1335","1335",2148,2152,1396,-0.350093109869646
"1336","1336",2284,2164,1781,-0.220227670753065
"1337","1337",2065,1965,1963,-0.0493946731234867
"5665","5665",2065,1965,1963,-0.0493946731234867
"1338","1338",4397,4425,4370,-0.00614055037525586
"1339","1339",3146,2670,2850,-0.0940877304513668
"1340","1340",1710,1710,1710,0
"1341","1341",3107,3003,2688,-0.134856775024139
"16484","16484",3107,3003,2688,-0.134856775024139
"1342","1342",2117,2117,2043,-0.0349551251771375
"1343","1343",2008,2017,2001,-0.00348605577689243
"1344","1344",2104,2104,2108,0.00190114068441065
"1345","1345",2895,2448,2470,-0.146804835924007
"1346","1346",4004,3996,4144,0.034965034965035
"1347","1347",2217,2019,1456,-0.343256653134867
"1348","1348",1744,1745,1767,0.0131880733944954
"1349","1349",3621,3638,3178,-0.122341894504281
"1350","1350",5609,6230,5536,-0.0130147976466393
"1351","1351",2437,2211,2165,-0.111612638489947
"1352","1352",4286,4254,3826,-0.107326178254783
"1353","1353",6087,6059,6004,-0.0136356168884508
"1354","1354",3392,2954,3011,-0.112323113207547
"1355","1355",2047,2046,2080,0.0161211529066927
"1356","1356",2408,2875,2446,0.01578073089701
"1357","1357",3654,3238,3237,-0.114121510673235
"1358","1358",6141,6014,5386,-0.122944145904576
"1359","1359",3482,3467,2680,-0.230327398047099
"1360","1360",1000,1000,1493,0.493
"1361","1361",4095,4185,4048,-0.0114774114774115
"1362","1362",4684,4623,4629,-0.0117421007685739
"1363","1363",4953,4941,5192,0.0482535836866546
"1364","1364",10400,10478,10924,0.0503846153846154
"1365","1365",4834,5505,4563,-0.0560612329333885
"1366","1366",2211,2056,2064,-0.0664857530529172
"1367","1367",1925,2293,2297,0.193246753246753
"1368","1368",6311,5643,5306,-0.159245761369038
"1369","1369",2971,2800,2944,-0.00908784920902053
"1370","1370",4533,4041,4014,-0.114493712772998
"1371","1371",2383,2377,2496,0.0474192194712547
"1372","1372",3927,3927,3907,-0.00509294626941686
"1373","1373",1482,1481,1474,-0.00539811066126856
"1374","1374",2813,2944,2382,-0.153217205830075
"1375","1375",6004,5917,5314,-0.114923384410393
"1376","1376",3649,3621,2583,-0.292134831460674
"15220","15220",3649,3621,2583,-0.292134831460674
"1377","1377",1933,1964,2211,0.143817899637869
"1378","1378",2246,2817,2017,-0.101959038290294
"12433","12433",2246,2817,2017,-0.101959038290294
"1379","1379",3918,3878,2981,-0.239152628892292
"1380","1380",4829,4832,4863,0.00704079519569269
"1381","1381",1794,1790,1636,-0.0880713489409142
"1382","1382",1405,1407,1585,0.128113879003559
"1383","1383",2097,1991,1892,-0.0977587029089175
"1384","1384",2827,2576,2487,-0.120268836222144
"1385","1385",1032,1400,1400,0.356589147286822
"1386","1386",3498,4054,3102,-0.113207547169811
"1387","1387",5331,5149,5434,0.0193209529169011
"1388","1388",5387,5545,5767,0.0705401893447188
"1389","1389",7058,7047,11061,0.567157835080759
"1390","1390",5497,5438,4763,-0.133527378570129
"1391","1391",4824,4827,4374,-0.0932835820895522
"1392","1392",2854,2833,2683,-0.0599159074982481
"1393","1393",4163,4197,4309,0.0350708623588758
"1394","1394",1413,1386,1532,0.0842179759377212
"1395","1395",2340,2222,2199,-0.0602564102564103
"1396","1396",3502,3498,3550,0.0137064534551685
"1397","1397",3975,3025,3233,-0.186666666666667
"8464","8464",3975,3025,3233,-0.186666666666667
"13026","13026",3975,3025,3233,-0.186666666666667
"1398","1398",2208,2216,2215,0.00317028985507246
"1399","1399",1108,976,1023,-0.0767148014440433
"1400","1400",10084,9193,8483,-0.158766362554542
"1401","1401",5939,5903,4215,-0.290284559690184
"2929","2929",5939,5903,4215,-0.290284559690184
"1402","1402",4632,4569,3856,-0.167530224525043
"1403","1403",4530,4496,4303,-0.0501103752759382
"1404","1404",2647,2554,2592,-0.0207782395164337
"1405","1405",2421,2421,2495,0.0305658818669971
"1406","1406",1864,1319,1447,-0.223712446351931
"1407","1407",3365,3458,3227,-0.0410104011887073
"19443","19443",3365,3458,3227,-0.0410104011887073
"1408","1408",3668,3671,3659,-0.002453653217012
"1409","1409",4085,4084,3894,-0.0467564259485924
"1410","1410",7012,7447,6981,-0.00442099258414147
"1411","1411",5250,5257,4708,-0.103238095238095
"1412","1412",4090,4057,4238,0.0361858190709046
"1413","1413",3183,2813,2688,-0.155513666352498
"6027","6027",3183,2813,2688,-0.155513666352498
"10591","10591",3183,2813,2688,-0.155513666352498
"1414","1414",2922,2922,2942,0.00684462696783025
"1415","1415",6930,6592,7795,0.124819624819625
"1416","1416",6557,6527,5349,-0.184230593259112
"1417","1417",5735,5848,5749,0.0024411508282476
"1418","1418",2871,2679,2156,-0.24904214559387
"1419","1419",1742,1742,1872,0.0746268656716418
"1420","1420",2659,2606,2587,-0.0270778488153441
"8443","8443",2659,2606,2587,-0.0270778488153441
"1421","1421",5234,5130,4431,-0.15341994650363
"1422","1422",2892,3149,3151,0.0895573997233748
"1423","1423",1715,1788,2461,0.434985422740525
"1424","1424",4444,4444,4445,0.000225022502250225
"1425","1425",4704,4216,3392,-0.27891156462585
"1426","1426",3612,3235,3236,-0.104097452934662
"1427","1427",4780,5002,4681,-0.0207112970711297
"1428","1428",3457,3445,3250,-0.0598785073763379
"1813","1813",3457,3445,3250,-0.0598785073763379
"1429","1429",2545,2457,2226,-0.125343811394892
"1430","1430",3611,3623,3100,-0.141512046524508
"2784","2784",3611,3623,3100,-0.141512046524508
"1431","1431",1243,1373,1181,-0.0498793242156074
"1432","1432",3803,3797,3554,-0.0654746252958191
"1433","1433",3158,3158,3169,0.00348321722609246
"1434","1434",4303,3770,3401,-0.209621194515454
"1435","1435",3326,3353,3242,-0.0252555622369212
"16358","16358",3326,3353,3242,-0.0252555622369212
"1436","1436",6690,7008,8541,0.276681614349776
"1437","1437",6647,6585,6064,-0.0877087407853167
"1438","1438",2317,2321,2252,-0.0280535174794994
"1439","1439",3921,3927,3698,-0.05687324662076
"1440","1440",10499,9423,6980,-0.335174778550338
"1441","1441",4168,3513,3322,-0.202975047984645
"1442","1442",3578,3551,3741,0.0455561766349916
"1443","1443",4138,4138,4446,0.0744320927984534
"1444","1444",2633,2633,2079,-0.210406380554501
"1445","1445",4991,4611,3453,-0.308154678421158
"1446","1446",8480,7721,8316,-0.0193396226415094
"1447","1447",1582,1559,1417,-0.104298356510746
"10015","10015",1582,1559,1417,-0.104298356510746
"1448","1448",3378,3688,3310,-0.0201302545885139
"1449","1449",11118,10207,10582,-0.0482101097319662
"1450","1450",4393,4563,4532,0.0316412474391077
"1451","1451",2614,2665,2516,-0.0374904361132364
"1452","1452",1153,1143,1172,0.0164787510841284
"1453","1453",2794,2799,2454,-0.121689334287759
"1454","1454",2072,2071,1979,-0.0448841698841699
"1455","1455",4311,4391,4558,0.0572952911157504
"1456","1456",7377,8963,7305,-0.00976006506710045
"1457","1457",1733,1725,1399,-0.192729371032891
"16297","16297",1733,1725,1399,-0.192729371032891
"1458","1458",8623,9342,8454,-0.0195987475356604
"1459","1459",3014,3000,2382,-0.209688122096881
"1460","1460",2294,2298,2181,-0.0492589363557105
"3386","3386",2294,2298,2181,-0.0492589363557105
"1461","1461",1180,1175,921,-0.219491525423729
"1462","1462",4862,5095,6126,0.259975318798848
"1463","1463",2910,2933,2529,-0.130927835051546
"1464","1464",5198,5056,4764,-0.0834936514043863
"1465","1465",2716,2722,2891,0.0644329896907216
"1466","1466",3702,3570,3526,-0.0475418692598595
"4868","4868",3702,3570,3526,-0.0475418692598595
"1467","1467",4829,4522,3319,-0.312694139573411
"1468","1468",6037,6083,5734,-0.0501904919662084
"1469","1469",7679,8114,7806,0.0165386117984113
"1470","1470",2332,2347,1949,-0.164236706689537
"1471","1471",8162,8233,8151,-0.00134770889487871
"1472","1472",4718,4686,4246,-0.100042390843578
"1473","1473",2679,2679,2679,0
"1474","1474",1872,1871,1785,-0.046474358974359
"2900","2900",1872,1871,1785,-0.046474358974359
"12348","12348",1872,1871,1785,-0.046474358974359
"1475","1475",2537,2538,2813,0.108789909341742
"1476","1476",5573,5046,5167,-0.0728512470841557
"1477","1477",8714,8621,8224,-0.0562313518476016
"1478","1478",3308,3296,3065,-0.0734582829504232
"1479","1479",2844,2677,2561,-0.0995077355836849
"1480","1480",2077,1825,1784,-0.141068849301878
"1481","1481",4847,4905,5035,0.038786878481535
"1482","1482",4408,4512,3633,-0.175816696914701
"1483","1483",3527,3347,3385,-0.040260844910689
"1484","1484",3553,3569,3630,0.021671826625387
"1485","1485",5472,5483,5630,0.028874269005848
"1486","1486",3823,3842,3615,-0.0544075333507716
"1487","1487",1509,1329,1358,-0.100066269052353
"1488","1488",1190,1241,1152,-0.0319327731092437
"12361","12361",1190,1241,1152,-0.0319327731092437
"1489","1489",925,817,862,-0.0681081081081081
"1490","1490",2188,2188,2141,-0.0214808043875686
"4056","4056",2188,2188,2141,-0.0214808043875686
"1491","1491",2628,2519,2494,-0.0509893455098935
"1492","1492",1376,1376,1630,0.184593023255814
"1493","1493",1487,1490,1344,-0.0961667787491594
"1494","1494",3652,3654,3455,-0.0539430449069003
"1495","1495",4068,4042,5882,0.445919370698132
"1496","1496",4292,4287,4330,0.00885368126747437
"1497","1497",3630,3631,3522,-0.0297520661157025
"1498","1498",10585,12805,11163,0.0546055739253661
"1499","1499",2591,2485,2406,-0.0714010034735623
"1500","1500",1949,1742,1742,-0.106208311954849
"1501","1501",3567,3557,3232,-0.0939164564059434
"1502","1502",3145,3034,3054,-0.0289348171701113
"13122","13122",3145,3034,3054,-0.0289348171701113
"1503","1503",3668,3572,3046,-0.169574700109051
"1504","1504",3529,3040,3029,-0.14168319637291
"1505","1505",3295,3086,2787,-0.154172989377845
"1506","1506",1526,1413,1409,-0.0766710353866317
"1507","1507",2867,2495,2484,-0.133589117544472
"1508","1508",4647,5796,3371,-0.274585754250054
"1509","1509",1850,1854,1615,-0.127027027027027
"1510","1510",3913,3789,3938,0.00638895987733197
"1511","1511",2073,2076,1953,-0.0578871201157742
"1512","1512",5002,4878,7101,0.419632147141144
"1513","1513",3099,3188,3157,0.0187157147466925
"18200","18200",3099,3188,3157,0.0187157147466925
"1514","1514",6371,6381,7277,0.142206874901899
"1515","1515",2801,2814,2570,-0.082470546233488
"1516","1516",2472,2480,2300,-0.06957928802589
"1517","1517",3494,4535,3790,0.0847166571265026
"1518","1518",3301,3134,2219,-0.327779460769464
"18491","18491",3301,3134,2219,-0.327779460769464
"19292","19292",3301,3134,2219,-0.327779460769464
"1519","1519",3015,2883,3634,0.20530679933665
"1520","1520",3281,2633,2605,-0.206034745504419
"1521","1521",2862,2863,2413,-0.156883298392732
"1522","1522",4423,4281,4334,-0.0201220890798101
"1523","1523",2408,2515,3452,0.433554817275748
"1524","1524",1828,1617,1442,-0.211159737417943
"1525","1525",1422,1434,1469,0.0330520393811533
"1526","1526",6739,6599,6719,-0.00296779937676213
"1527","1527",1392,1526,1296,-0.0689655172413793
"6993","6993",1392,1526,1296,-0.0689655172413793
"1528","1528",7064,8223,8177,0.157559456398641
"1529","1529",4100,5633,3991,-0.0265853658536585
"1530","1530",2070,1541,1555,-0.248792270531401
"1531","1531",1829,1872,1459,-0.202296336796063
"1532","1532",2007,2281,2171,0.0817140009965122
"10822","10822",2007,2281,2171,0.0817140009965122
"1534","1534",3767,3887,3800,0.00876028670029201
"1535","1535",3060,3360,3142,0.026797385620915
"1536","1536",1393,1487,1138,-0.183058147882268
"7888","7888",1393,1487,1138,-0.183058147882268
"9504","9504",1393,1487,1138,-0.183058147882268
"1537","1537",4226,4240,3712,-0.121628017037388
"1538","1538",3607,3304,3472,-0.0374272248405877
"1539","1539",2704,2618,2692,-0.00443786982248521
"1540","1540",1898,1898,1682,-0.113804004214963
"1541","1541",3283,3503,3120,-0.0496497106305209
"4565","4565",3283,3503,3120,-0.0496497106305209
"1542","1542",1911,1900,2072,0.0842490842490843
"7281","7281",1911,1900,2072,0.0842490842490843
"1543","1543",1660,1689,1394,-0.160240963855422
"1544","1544",4675,4715,5200,0.112299465240642
"1545","1545",4604,4346,4370,-0.0508253692441355
"1546","1546",7030,7333,5425,-0.228307254623044
"1547","1547",3531,3600,3436,-0.02690455961484
"5933","5933",3531,3600,3436,-0.02690455961484
"1548","1548",2680,2682,2611,-0.0257462686567164
"1549","1549",1493,1803,1542,0.0328198258539853
"6663","6663",1493,1803,1542,0.0328198258539853
"1550","1550",4277,4277,1106,-0.741407528641571
"1551","1551",4312,4282,4537,0.0521799628942486
"1552","1552",1709,1711,1771,0.0362785254534816
"1553","1553",2169,2169,2186,0.0078377132319041
"1554","1554",1581,1589,1948,0.23213156230234
"1555","1555",3325,3313,3158,-0.0502255639097744
"11826","11826",3325,3313,3158,-0.0502255639097744
"1556","1556",1948,1943,1995,0.0241273100616016
"1557","1557",2972,2695,2732,-0.0807537012113055
"7259","7259",2972,2695,2732,-0.0807537012113055
"1558","1558",2918,3181,3075,0.0538039753255655
"1559","1559",1966,1957,1959,-0.00356052899287894
"5943","5943",1966,1957,1959,-0.00356052899287894
"1560","1560",3374,3309,3108,-0.0788381742738589
"6175","6175",3374,3309,3108,-0.0788381742738589
"1561","1561",4555,4101,4141,-0.0908891328210757
"1562","1562",3269,3268,4011,0.226980728051392
"1563","1563",3720,3818,3694,-0.00698924731182796
"1564","1564",12674,12793,13139,0.0366892851507022
"1565","1565",1292,1382,1764,0.365325077399381
"1566","1566",1292,1832,2093,0.619969040247678
"5668","5668",1292,1832,2093,0.619969040247678
"1567","1567",3446,3335,3013,-0.125652930934417
"1568","1568",4168,3729,3510,-0.157869481765835
"1569","1569",4109,4188,5111,0.243854952543198
"1570","1570",7061,7054,6891,-0.0240759099277723
"1571","1571",4153,4126,4209,0.0134842282687214
"1572","1572",11453,11268,11379,-0.00646118920806775
"1573","1573",1550,1550,1351,-0.128387096774194
"1574","1574",3380,3136,3130,-0.0739644970414201
"1575","1575",3679,2729,2947,-0.198967110627888
"8830","8830",3679,2729,2947,-0.198967110627888
"16305","16305",3679,2729,2947,-0.198967110627888
"1576","1576",2097,2372,2370,0.130185979971388
"1577","1577",3475,3540,3342,-0.038273381294964
"1578","1578",7050,7015,6227,-0.116737588652482
"1579","1579",3985,4004,3758,-0.0569636135508156
"1580","1580",981,1202,1031,0.0509683995922528
"1581","1581",4938,10520,7964,0.612798703928716
"1582","1582",1319,1400,1354,0.0265352539802881
"4054","4054",1319,1400,1354,0.0265352539802881
"1583","1583",2958,2964,3246,0.0973630831643002
"1584","1584",2813,2812,2732,-0.0287948809100604
"1585","1585",3759,3761,2653,-0.294227188081937
"1586","1586",1131,1131,1131,0
"1587","1587",2628,2701,2371,-0.09779299847793
"5631","5631",2628,2701,2371,-0.09779299847793
"16031","16031",2628,2701,2371,-0.09779299847793
"1588","1588",8369,8378,8076,-0.0350101565300514
"1589","1589",3475,3607,3688,0.061294964028777
"1590","1590",4686,4706,4571,-0.0245411865130175
"1591","1591",4453,4363,4497,0.00988097911520323
"1592","1592",2071,1502,1502,-0.274746499275712
"1593","1593",1806,1804,1804,-0.00110741971207087
"5332","5332",1806,1804,1804,-0.00110741971207087
"1594","1594",3846,3856,3228,-0.160686427457098
"1595","1595",4665,4402,4512,-0.0327974276527331
"1596","1596",3718,3477,3289,-0.115384615384615
"1597","1597",5865,5425,5490,-0.0639386189258312
"1598","1598",1876,1780,1502,-0.199360341151386
"1599","1599",1484,1485,1149,-0.225741239892183
"1600","1600",3885,3887,3317,-0.146203346203346
"1601","1601",1376,1429,1484,0.0784883720930233
"1602","1602",4995,4447,5102,0.0214214214214214
"1603","1603",3671,3669,3580,-0.0247888858621629
"1604","1604",1707,1710,1748,0.0240187463386057
"1605","1605",2410,2329,1910,-0.20746887966805
"1606","1606",4320,4043,3821,-0.115509259259259
"1607","1607",1589,1589,1589,0
"16230","16230",1589,1589,1589,0
"1608","1608",4290,3732,3543,-0.174125874125874
"1609","1609",2936,2936,7013,1.38862397820163
"1610","1610",4735,4840,4972,0.0500527983104541
"1611","1611",3597,3597,3163,-0.120656102307478
"1612","1612",1876,1855,1537,-0.180703624733475
"1613","1613",4528,4528,2588,-0.428445229681979
"1614","1614",2440,2644,2568,0.0524590163934426
"1615","1615",1204,1205,1162,-0.0348837209302326
"1616","1616",2122,2023,1918,-0.0961357210179076
"1617","1617",6204,6412,6308,0.0167633784655061
"1618","1618",2666,2665,2689,0.0086271567891973
"1619","1619",8023,8034,7999,-0.00299139972578836
"1620","1620",3093,3077,2992,-0.0326543808600065
"1621","1621",2880,2861,2434,-0.154861111111111
"1622","1622",1628,1628,1929,0.184889434889435
"10176","10176",1628,1628,1929,0.184889434889435
"1623","1623",6415,5290,5483,-0.145284489477786
"1624","1624",4143,4331,4434,0.0702389572773353
"1625","1625",981,1190,1424,0.45158002038736
"1626","1626",3439,3002,2411,-0.298924105844722
"1627","1627",2190,2210,2120,-0.0319634703196347
"1628","1628",2165,2155,2188,0.0106235565819861
"11568","11568",2165,2155,2188,0.0106235565819861
"15144","15144",2165,2155,2188,0.0106235565819861
"1629","1629",8643,9097,7704,-0.108642832349879
"1630","1630",2714,2563,2594,-0.0442151805453206
"1631","1631",1944,1933,1840,-0.0534979423868313
"5811","5811",1944,1933,1840,-0.0534979423868313
"1632","1632",5950,5996,6140,0.0319327731092437
"1633","1633",2864,2357,2618,-0.0858938547486034
"1634","1634",2243,2241,2047,-0.0873829692376282
"1635","1635",5305,5892,5014,-0.0548539114043355
"13243","13243",5305,5892,5014,-0.0548539114043355
"1636","1636",3051,3051,3050,-0.000327761389708292
"1637","1637",1976,1525,1448,-0.267206477732794
"1638","1638",6043,5773,4884,-0.191792156213801
"1639","1639",2285,2276,2932,0.283150984682713
"16727","16727",2285,2276,2932,0.283150984682713
"1640","1640",3128,3848,3140,0.00383631713554987
"4520","4520",3128,3848,3140,0.00383631713554987
"17865","17865",3128,3848,3140,0.00383631713554987
"1641","1641",2215,3043,2964,0.338148984198646
"1642","1642",3945,3962,3596,-0.0884664131812421
"1643","1643",4521,4521,4514,-0.0015483300154833
"1644","1644",1968,1826,2051,0.0421747967479675
"1645","1645",5471,5064,4782,-0.125936757448364
"1646","1646",6786,6797,7661,0.128941939286767
"1647","1647",10230,10096,10099,-0.0128054740957967
"1648","1648",10667,10772,10399,-0.0251242148682854
"1649","1649",1524,1559,1760,0.154855643044619
"1650","1650",4616,4616,4585,-0.0067157712305026
"1651","1651",3164,3164,3372,0.0657395701643489
"1652","1652",5096,5395,5615,0.101844583987441
"1653","1653",3324,2868,2862,-0.13898916967509
"1654","1654",2177,2168,2205,0.0128617363344051
"1655","1655",1954,1919,1944,-0.00511770726714432
"12170","12170",1954,1919,1944,-0.00511770726714432
"1656","1656",5934,5832,5868,-0.0111223458038423
"1657","1657",1108,1351,1094,-0.0126353790613718
"7503","7503",1108,1351,1094,-0.0126353790613718
"8541","8541",1108,1351,1094,-0.0126353790613718
"1658","1658",3789,3803,3456,-0.0878859857482185
"1659","1659",9736,9634,8847,-0.0913105998356615
"1660","1660",1865,1859,1572,-0.157104557640751
"1661","1661",12476,12496,12239,-0.0189964732285989
"1662","1662",1578,1989,1548,-0.0190114068441065
"1663","1663",4083,4080,4023,-0.014695077149155
"1664","1664",5689,5497,5300,-0.0683775707505713
"1665","1665",6878,7289,6483,-0.0574294853154987
"2017","2017",6878,7289,6483,-0.0574294853154987
"1666","1666",3062,3082,3041,-0.00685826257348138
"1667","1667",6099,5974,5953,-0.0239383505492704
"1668","1668",3373,3285,2566,-0.239252890601838
"15340","15340",3373,3285,2566,-0.239252890601838
"18801","18801",3373,3285,2566,-0.239252890601838
"1669","1669",6327,5537,5851,-0.0752331278647068
"1670","1670",4152,4144,3986,-0.039980732177264
"1671","1671",4895,4895,6965,0.422880490296221
"1672","1672",2673,2699,2952,0.104377104377104
"1673","1673",6883,6850,5566,-0.191340985035595
"1674","1674",1913,1769,1583,-0.172503920543649
"14183","14183",1913,1769,1583,-0.172503920543649
"18000","18000",1913,1769,1583,-0.172503920543649
"1675","1675",1898,1907,1966,0.035827186512118
"1676","1676",1313,1287,1274,-0.0297029702970297
"1677","1677",2770,2740,2727,-0.0155234657039711
"1678","1678",2638,3006,3008,0.140257771038666
"1679","1679",3815,3092,3291,-0.13735255570118
"1680","1680",1836,1990,1994,0.0860566448801743
"10184","10184",1836,1990,1994,0.0860566448801743
"1681","1681",2346,2462,2462,0.0494458653026428
"1953","1953",2346,2462,2462,0.0494458653026428
"1682","1682",2450,2549,2513,0.0257142857142857
"1683","1683",7061,7272,7130,0.00977198697068404
"1684","1684",5502,5374,5237,-0.0481643038894947
"9440","9440",5502,5374,5237,-0.0481643038894947
"1685","1685",1321,1321,1321,0
"1686","1686",4557,4577,4467,-0.0197498354180382
"1687","1687",6494,6540,6095,-0.0614413304588851
"1688","1688",1318,1265,1451,0.100910470409712
"1689","1689",3856,3852,3940,0.0217842323651452
"1690","1690",8264,8522,7703,-0.0678848015488867
"1691","1691",1087,1069,1110,0.0211591536338546
"1692","1692",3380,3338,3345,-0.0103550295857988
"1693","1693",9405,10022,9427,0.00233918128654971
"1694","1694",2623,2696,3369,0.284407167365612
"1695","1695",8140,8150,10909,0.34017199017199
"1696","1696",2260,2248,2264,0.00176991150442478
"1697","1697",3250,3144,2112,-0.350153846153846
"1698","1698",1651,1646,1617,-0.0205935796486978
"1699","1699",5366,8307,7304,0.361162877376072
"1700","1700",3127,3115,1501,-0.51998720818676
"1701","1701",1998,1998,1982,-0.00800800800800801
"1702","1702",5018,5136,5117,0.0197289756875249
"1703","1703",1305,1436,1285,-0.0153256704980843
"1704","1704",1607,1607,1473,-0.0833851897946484
"1705","1705",1817,1818,1851,0.0187121629058888
"1706","1706",7137,7408,7727,0.0826677875858204
"1707","1707",4827,5126,5023,0.0406049305987156
"1708","1708",5194,5256,5110,-0.0161725067385445
"1709","1709",4290,4090,3463,-0.192773892773893
"1710","1710",3878,3746,3748,-0.0335224342444559
"1711","1711",1460,1460,1708,0.16986301369863
"4559","4559",1460,1460,1708,0.16986301369863
"1712","1712",3581,3642,3602,0.00586428371963139
"1713","1713",2216,2240,1917,-0.134927797833935
"1714","1714",3177,3345,3180,0.000944287063267233
"1715","1715",3077,3180,3750,0.2187195320117
"1716","1716",3528,3430,3406,-0.0345804988662132
"1717","1717",1299,1282,1104,-0.150115473441109
"1718","1718",2443,2415,2420,-0.00941465411379452
"1719","1719",4352,4461,4528,0.0404411764705882
"1720","1720",7413,7367,7566,0.0206394172399838
"1721","1721",3268,3268,3476,0.0636474908200734
"1722","1722",6455,6364,5871,-0.0904725019364833
"1723","1723",5786,5788,5286,-0.0864154856550294
"1724","1724",4295,4301,3858,-0.10174621653085
"1725","1725",2385,2385,2440,0.0230607966457023
"1726","1726",1284,1251,1265,-0.014797507788162
"1727","1727",6071,6248,5720,-0.0578158458244111
"1728","1728",7194,7149,6921,-0.0379482902418682
"1729","1729",1900,1891,1852,-0.0252631578947368
"1730","1730",2684,2517,2540,-0.0536512667660209
"18986","18986",2684,2517,2540,-0.0536512667660209
"1731","1731",2463,2461,2020,-0.179861956963053
"1732","1732",1874,1823,1393,-0.25667022411953
"1733","1733",7541,7867,8617,0.142686646333378
"10012","10012",7541,7867,8617,0.142686646333378
"1734","1734",2282,2166,2562,0.122699386503067
"1735","1735",2245,2680,2297,0.023162583518931
"1736","1736",3779,3992,3717,-0.0164064567345859
"1737","1737",5587,5587,5549,-0.00680150349024521
"1738","1738",2120,2178,2580,0.216981132075472
"1740","1740",4867,5399,5221,0.072734744195603
"1741","1741",2809,5348,2784,-0.0088999644001424
"1742","1742",3152,3159,3247,0.0301395939086294
"1743","1743",4609,4682,4816,0.044912128444348
"1744","1744",3050,3030,3081,0.0101639344262295
"1745","1745",2241,2369,2437,0.0874609549308344
"4194","4194",2241,2369,2437,0.0874609549308344
"1746","1746",2554,2091,2173,-0.149177760375881
"1747","1747",2689,2684,2926,0.0881368538490145
"7920","7920",2689,2684,2926,0.0881368538490145
"1748","1748",6333,5620,5617,-0.113058582030633
"1749","1749",1626,1648,1517,-0.0670356703567036
"1750","1750",4962,4798,4605,-0.0719467956469166
"1751","1751",2998,3005,2332,-0.222148098732488
"1752","1752",4507,4058,3985,-0.115819835810961
"1753","1753",3056,3053,3077,0.0068717277486911
"1754","1754",4754,4756,4245,-0.107067732435843
"7424","7424",4754,4756,4245,-0.107067732435843
"1755","1755",2198,2202,2037,-0.0732484076433121
"1756","1756",3092,2790,2820,-0.0879689521345408
"1757","1757",2415,2620,2689,0.113457556935818
"1758","1758",1998,1999,1858,-0.0700700700700701
"5402","5402",1998,1999,1858,-0.0700700700700701
"1759","1759",1556,1563,1632,0.0488431876606684
"1760","1760",2824,2686,2699,-0.0442634560906516
"1761","1761",4072,4441,4442,0.0908644400785855
"1762","1762",1092,991,985,-0.097985347985348
"4298","4298",1092,991,985,-0.097985347985348
"1763","1763",3517,3632,3561,0.0125106624964458
"1764","1764",6237,6421,6179,-0.00929934263267597
"1765","1765",2990,2658,2558,-0.144481605351171
"1766","1766",3146,3144,4478,0.423394787031151
"1767","1767",4284,4596,3508,-0.181139122315593
"8640","8640",4284,4596,3508,-0.181139122315593
"1768","1768",1288,1288,1870,0.451863354037267
"1769","1769",3193,2703,2283,-0.284998434074538
"10150","10150",3193,2703,2283,-0.284998434074538
"1770","1770",5034,5061,6107,0.213150576082638
"1771","1771",2576,2582,2458,-0.0458074534161491
"1772","1772",5369,4994,4380,-0.184205624883591
"1773","1773",3492,3560,3083,-0.117124856815578
"1774","1774",3457,3457,3728,0.0783916690772346
"1775","1775",3118,2943,3219,0.0323925593329057
"1776","1776",2542,2542,2573,0.0121951219512195
"1777","1777",2642,2652,2196,-0.168811506434519
"1778","1778",1261,1261,1488,0.180015860428232
"1779","1779",5410,4279,4322,-0.201109057301294
"1780","1780",12895,14181,12843,-0.00403257076386196
"1781","1781",2342,2342,3077,0.313834329632793
"1782","1782",3238,3284,2878,-0.111179740580605
"1783","1783",5561,5561,4775,-0.141341485344363
"1784","1784",2816,2825,2703,-0.0401278409090909
"1785","1785",3540,3531,6469,0.827401129943503
"16610","16610",3540,3531,6469,0.827401129943503
"1786","1786",2134,2489,2058,-0.0356138706654171
"1787","1787",3540,3087,3083,-0.12909604519774
"1788","1788",4728,4732,4582,-0.0308798646362098
"1789","1789",3331,3407,3341,0.00300210147102972
"1790","1790",5611,5322,5046,-0.10069506326858
"1791","1791",1789,1781,1884,0.0531022917831191
"1792","1792",2625,2529,2284,-0.129904761904762
"4419","4419",2625,2529,2284,-0.129904761904762
"19764","19764",2625,2529,2284,-0.129904761904762
"1793","1793",5918,6217,11132,0.881040892193309
"1794","1794",2139,1903,1884,-0.119214586255259
"1795","1795",2025,2029,2039,0.00691358024691358
"1796","1796",2235,1997,2018,-0.0970917225950783
"1797","1797",3317,3286,3188,-0.0388905637624359
"1798","1798",3773,3770,3810,0.00980652001060164
"1799","1799",3225,3129,3038,-0.057984496124031
"1800","1800",4287,4322,3978,-0.0720783764870539
"1801","1801",2850,2844,2855,0.00175438596491228
"1802","1802",5095,5288,5266,0.0335623159960746
"13402","13402",5095,5288,5266,0.0335623159960746
"1803","1803",3487,3492,3493,0.00172067679954115
"1804","1804",6075,6022,5718,-0.0587654320987654
"1805","1805",3948,4972,4148,0.0506585612968592
"1806","1806",2559,2858,2215,-0.134427510746385
"1808","1808",7652,7814,6797,-0.1117354939885
"1809","1809",8974,8950,9072,0.0109204368174727
"1810","1810",1199,1194,1303,0.0867389491242702
"1811","1811",2007,2008,1840,-0.083208769307424
"1812","1812",1528,1898,1611,0.0543193717277487
"6257","6257",1528,1898,1611,0.0543193717277487
"1815","1815",10948,10870,11111,0.0148885641213007
"1816","1816",2397,2397,2492,0.0396328744263663
"1817","1817",1828,1834,1961,0.0727571115973742
"1818","1818",3780,3922,3697,-0.021957671957672
"1819","1819",7397,6838,6480,-0.123969176693254
"1820","1820",1670,1670,1603,-0.0401197604790419
"1821","1821",1815,1815,1443,-0.20495867768595
"1822","1822",1616,1616,1616,0
"1823","1823",4649,4649,4656,0.00150570015057002
"3574","3574",4649,4649,4656,0.00150570015057002
"18138","18138",4649,4649,4656,0.00150570015057002
"1824","1824",2938,2632,2260,-0.230769230769231
"3564","3564",2938,2632,2260,-0.230769230769231
"1825","1825",1922,2236,1507,-0.215920915712799
"1826","1826",3149,3150,3358,0.0663702762781836
"1827","1827",2588,2588,2685,0.0374806800618238
"1828","1828",1565,1321,1295,-0.172523961661342
"13713","13713",1565,1321,1295,-0.172523961661342
"1829","1829",2947,3018,2601,-0.117407533084493
"1830","1830",9400,10206,9965,0.0601063829787234
"1831","1831",4786,4671,4795,0.00188048474717927
"1832","1832",4390,4398,4627,0.0539863325740319
"1833","1833",2001,1515,1497,-0.251874062968516
"1834","1834",1607,1612,1613,0.00373366521468575
"1835","1835",2217,2217,2319,0.0460081190798376
"1836","1836",8430,8234,7623,-0.095729537366548
"1837","1837",5784,5577,5132,-0.112724757952974
"18805","18805",5784,5577,5132,-0.112724757952974
"1838","1838",9360,9176,9633,0.0291666666666667
"1839","1839",1454,1473,1448,-0.00412654745529574
"1840","1840",1936,1340,1341,-0.307334710743802
"7639","7639",1936,1340,1341,-0.307334710743802
"1841","1841",3856,3778,3596,-0.0674273858921162
"1842","1842",2602,2601,2601,-0.000384319754035357
"1843","1843",2380,2130,2241,-0.0584033613445378
"1844","1844",4020,3986,3895,-0.0310945273631841
"1845","1845",5067,4803,4381,-0.135385829879613
"1846","1846",2851,2831,2653,-0.0694493160294633
"1847","1847",1577,1581,1689,0.0710209258084971
"1848","1848",4165,4200,4222,0.0136854741896759
"1849","1849",3796,3740,3688,-0.0284510010537408
"1850","1850",3821,3684,3439,-0.0999738288406176
"1851","1851",2080,2031,2073,-0.00336538461538462
"1852","1852",2005,1568,1451,-0.276309226932668
"1853","1853",5126,4952,5321,0.0380413577838471
"1854","1854",2392,2489,2333,-0.0246655518394649
"1855","1855",1667,1667,1667,0
"1856","1856",2097,2063,2229,0.0629470672389127
"1857","1857",618,676,763,0.23462783171521
"1858","1858",2606,2720,2844,0.091327705295472
"1859","1859",5729,5942,5945,0.0377029149938907
"1860","1860",5733,5713,5177,-0.0969823826966684
"1861","1861",5822,5931,5887,0.011164548265201
"1862","1862",1779,2087,1355,-0.238336143901068
"1863","1863",4116,3473,3317,-0.194120505344995
"12009","12009",4116,3473,3317,-0.194120505344995
"1864","1864",3184,3160,3146,-0.0119346733668342
"1865","1865",2793,2861,2732,-0.0218403150733978
"1866","1866",2101,2096,2748,0.307948595906711
"1867","1867",2015,2012,1964,-0.0253101736972705
"1868","1868",2760,2717,2757,-0.00108695652173913
"1869","1869",1954,1945,1801,-0.0783009211873081
"1870","1870",2565,2491,2409,-0.0608187134502924
"1871","1871",3058,3030,2905,-0.0500327011118378
"1872","1872",8956,9551,8206,-0.0837427422956677
"1873","1873",3999,3570,3516,-0.120780195048762
"1874","1874",2760,2760,2751,-0.00326086956521739
"1875","1875",3502,3580,3572,0.019988577955454
"1876","1876",1732,1829,1787,0.0317551963048499
"1877","1877",5892,5913,5562,-0.0560081466395112
"1878","1878",9079,8036,6619,-0.270954950985791
"1879","1879",2755,2812,2835,0.029038112522686
"1880","1880",1242,1141,1330,0.07085346215781
"1881","1881",2889,2435,2869,-0.00692281066112842
"1882","1882",5489,5316,5522,0.00601202404809619
"1883","1883",5785,5882,5517,-0.0463267070008643
"1884","1884",4190,4158,4480,0.0692124105011933
"1885","1885",6109,5905,6069,-0.00654771648387625
"1886","1886",4610,4675,4636,0.00563991323210412
"1887","1887",1368,1355,1394,0.0190058479532164
"1888","1888",3321,3284,2217,-0.332429990966576
"1889","1889",2976,2690,2838,-0.0463709677419355
"1890","1890",3073,3064,2607,-0.151643345265213
"1891","1891",1297,1297,1073,-0.172706245181187
"1892","1892",3515,3517,2801,-0.203129445234708
"1893","1893",3032,3052,3014,-0.00593667546174142
"19115","19115",3032,3052,3014,-0.00593667546174142
"1894","1894",6890,7542,6823,-0.00972423802612482
"1895","1895",3655,3467,3504,-0.041313269493844
"8691","8691",3655,3467,3504,-0.041313269493844
"1896","1896",2224,2226,2180,-0.0197841726618705
"1897","1897",2577,2577,2611,0.0131936360108653
"1898","1898",1632,1634,1485,-0.0900735294117647
"1899","1899",2997,2996,2904,-0.031031031031031
"1900","1900",1386,1494,1537,0.108946608946609
"1901","1901",2172,2171,1976,-0.0902394106813996
"1902","1902",4479,4357,4699,0.0491181067202501
"1903","1903",1896,1515,2196,0.158227848101266
"1904","1904",4167,4236,4501,0.080153587712983
"1905","1905",3499,3496,3307,-0.0548728208059446
"1906","1906",1465,1526,1623,0.107849829351536
"1907","1907",1353,1356,1330,-0.0169992609016999
"1908","1908",8474,8429,7181,-0.15258437573755
"1909","1909",937,927,979,0.0448239060832444
"1910","1910",8242,8281,8307,0.00788643533123028
"1911","1911",3666,3482,3606,-0.016366612111293
"1912","1912",1473,1473,1339,-0.0909708078750849
"1913","1913",2925,2648,2642,-0.0967521367521368
"1914","1914",2391,2392,2462,0.0296946884148892
"1915","1915",3117,3178,3436,0.102341995508502
"1916","1916",5054,5096,5004,-0.00989315393747527
"1917","1917",3097,2974,2817,-0.0904100742654182
"9755","9755",3097,2974,2817,-0.0904100742654182
"1918","1918",7280,7247,4510,-0.380494505494505
"1919","1919",2940,2953,2661,-0.0948979591836735
"1920","1920",2512,2382,2446,-0.0262738853503185
"9155","9155",2512,2382,2446,-0.0262738853503185
"1921","1921",3023,3030,3031,0.00264637777042673
"16954","16954",3023,3030,3031,0.00264637777042673
"1922","1922",3446,3388,2401,-0.303250145095763
"1923","1923",3334,3198,3570,0.0707858428314337
"1924","1924",3582,3582,3867,0.0795644891122278
"1925","1925",2184,2187,2186,0.000915750915750916
"1926","1926",1163,1254,1216,0.0455717970765262
"2642","2642",1163,1254,1216,0.0455717970765262
"1927","1927",5219,5164,5216,-0.000574822762981414
"1928","1928",3033,3033,2764,-0.0886910649521925
"6605","6605",3033,3033,2764,-0.0886910649521925
"1929","1929",3175,3122,3013,-0.0510236220472441
"1930","1930",974,959,954,-0.0205338809034908
"1931","1931",6179,6313,6248,0.0111668554782327
"1932","1932",2002,2037,2051,0.0244755244755245
"1933","1933",1380,1252,1302,-0.0565217391304348
"17225","17225",1380,1252,1302,-0.0565217391304348
"1934","1934",2170,2173,2087,-0.0382488479262673
"18954","18954",2170,2173,2087,-0.0382488479262673
"1935","1935",6958,6949,6553,-0.0582063811440069
"1936","1936",7181,8011,7638,0.0636401615373903
"1937","1937",3648,3548,4803,0.316611842105263
"1938","1938",4020,4032,3785,-0.0584577114427861
"1939","1939",4566,4387,4354,-0.0464301357862462
"1940","1940",7972,8006,7832,-0.0175614651279478
"1941","1941",2142,2142,2141,-0.000466853408029879
"12761","12761",2142,2142,2141,-0.000466853408029879
"1942","1942",2775,2597,2597,-0.0641441441441441
"1943","1943",5930,5856,6372,0.0745362563237774
"1944","1944",2530,2516,2508,-0.00869565217391304
"1945","1945",4120,4111,4015,-0.0254854368932039
"1946","1946",2007,2010,2221,0.106626806178376
"1947","1947",5748,5813,5620,-0.0222686151704941
"1948","1948",2101,1813,2178,0.0366492146596859
"13043","13043",2101,1813,2178,0.0366492146596859
"1949","1949",1446,1443,1428,-0.012448132780083
"18097","18097",1446,1443,1428,-0.012448132780083
"1950","1950",6647,6551,6663,0.002407100947796
"1951","1951",1110,1111,1124,0.0126126126126126
"1952","1952",9123,9689,11934,0.308122328181519
"1954","1954",2298,2357,2324,0.0113141862489121
"1955","1955",4698,4661,2747,-0.415283099191145
"1956","1956",2023,1973,2065,0.0207612456747405
"4506","4506",2023,1973,2065,0.0207612456747405
"8782","8782",2023,1973,2065,0.0207612456747405
"1957","1957",1373,1373,1373,0
"6280","6280",1373,1373,1373,0
"1958","1958",4251,4253,4534,0.0665725711597271
"1959","1959",2158,2164,2033,-0.0579240037071362
"1960","1960",1226,1286,1313,0.0709624796084829
"1961","1961",3697,3691,4215,0.140113605626183
"1962","1962",3963,3975,3566,-0.100176633863235
"1963","1963",3158,2857,2893,-0.0839138695376821
"16752","16752",3158,2857,2893,-0.0839138695376821
"1964","1964",2412,2412,2598,0.0771144278606965
"1965","1965",5313,5449,5008,-0.0574063617541878
"1966","1966",2180,1965,2036,-0.0660550458715596
"1967","1967",4878,4862,5055,0.0362853628536285
"1968","1968",2788,2790,2918,0.0466284074605452
"1969","1969",2453,2468,2718,0.108030982470444
"12204","12204",2453,2468,2718,0.108030982470444
"1970","1970",9736,8956,10328,0.0608052588331964
"1971","1971",6373,5610,4867,-0.23630943040954
"1972","1972",2151,2161,2203,0.0241748024174802
"7604","7604",2151,2161,2203,0.0241748024174802
"1973","1973",9452,9455,7870,-0.167371984765129
"11257","11257",9452,9455,7870,-0.167371984765129
"1974","1974",3421,3574,2790,-0.184448991522946
"1975","1975",4153,4172,4398,0.0589934986756562
"1976","1976",1375,1325,1329,-0.0334545454545455
"1977","1977",6642,6786,6832,0.0286058416139717
"1978","1978",1613,1613,1785,0.106633601983881
"1979","1979",1824,1828,2058,0.128289473684211
"1980","1980",2033,1951,2479,0.219380226266601
"1981","1981",1206,1214,1451,0.203150912106136
"1982","1982",4372,4355,4361,-0.002516010978957
"1983","1983",4162,5207,4128,-0.00816914944738107
"1984","1984",8565,8873,7928,-0.0743724460011675
"1985","1985",1976,1976,2099,0.062246963562753
"5408","5408",1976,1976,2099,0.062246963562753
"1986","1986",6286,5820,5859,-0.0679287305122494
"1987","1987",4878,4542,3263,-0.331078310783108
"5022","5022",4878,4542,3263,-0.331078310783108
"1988","1988",2143,2139,2132,-0.00513299113392441
"3472","3472",2143,2139,2132,-0.00513299113392441
"1989","1989",2314,2324,2311,-0.00129645635263613
"11053","11053",2314,2324,2311,-0.00129645635263613
"1990","1990",3185,3619,3292,0.0335949764521193
"1991","1991",3933,3948,3236,-0.17721840833969
"1992","1992",1390,1057,1166,-0.161151079136691
"2665","2665",1390,1057,1166,-0.161151079136691
"19760","19760",1390,1057,1166,-0.161151079136691
"1993","1993",4151,3558,3338,-0.195856420139725
"1994","1994",10402,10910,10174,-0.0219188617573544
"1995","1995",2279,2279,2279,0
"1996","1996",1991,1991,1337,-0.328478151682572
"1997","1997",1763,1767,1803,0.022688598979013
"1998","1998",5825,4776,4799,-0.176137339055794
"1999","1999",4240,4296,4417,0.0417452830188679
"2000","2000",3585,3535,3398,-0.0521617852161785
"2001","2001",1384,1393,1474,0.065028901734104
"2002","2002",2787,2608,2408,-0.135988518119842
"2003","2003",4750,4138,3276,-0.310315789473684
"2004","2004",3742,3740,3662,-0.0213789417423838
"2005","2005",4283,2434,2036,-0.524632267102498
"5317","5317",4283,2434,2036,-0.524632267102498
"11097","11097",4283,2434,2036,-0.524632267102498
"2006","2006",2795,2675,2866,0.0254025044722719
"2007","2007",4312,4413,4758,0.103432282003711
"2008","2008",2783,2783,2815,0.011498383039885
"2009","2009",2223,2339,2339,0.0521817363922627
"2010","2010",1994,2551,1623,-0.186058174523571
"8524","8524",1994,2551,1623,-0.186058174523571
"2011","2011",1541,1541,1530,-0.00713822193380921
"17763","17763",1541,1541,1530,-0.00713822193380921
"2012","2012",5409,5638,5395,-0.00258827879460159
"2013","2013",2811,2802,2837,0.00924937744574884
"2014","2014",3852,3799,3591,-0.0677570093457944
"2015","2015",2645,2645,2973,0.124007561436673
"2016","2016",3904,3904,3791,-0.0289446721311475
"2018","2018",1157,1153,1574,0.360414866032844
"2019","2019",4711,4692,4774,0.0133729569093611
"2020","2020",1606,1646,1525,-0.0504358655043587
"2021","2021",4034,3390,3400,-0.157164105106594
"2022","2022",2213,1652,1902,-0.140533212833258
"2023","2023",5005,4992,5035,0.00599400599400599
"2024","2024",2644,2646,2338,-0.115733736762481
"2025","2025",3631,3517,3629,-0.000550812448361333
"7854","7854",3631,3517,3629,-0.000550812448361333
"2026","2026",2139,2247,2243,0.0486208508648901
"2027","2027",6956,6959,7139,0.0263082231167338
"2028","2028",4333,4305,4267,-0.0152319409185322
"2029","2029",12150,12433,11988,-0.0133333333333333
"2030","2030",7727,9952,8058,0.0428368060049178
"2031","2031",8037,8112,7556,-0.0598482020654473
"2032","2032",4965,4997,4356,-0.122658610271903
"2033","2033",3602,3602,3619,0.00471960022209883
"2034","2034",5129,5140,4931,-0.0386040163774615
"2035","2035",1845,1820,1720,-0.0677506775067751
"10899","10899",1845,1820,1720,-0.0677506775067751
"2036","2036",3430,3195,3199,-0.0673469387755102
"2037","2037",1523,1522,1316,-0.13591595535128
"14780","14780",1523,1522,1316,-0.13591595535128
"2038","2038",3689,2739,2949,-0.20059636757929
"4285","4285",3689,2739,2949,-0.20059636757929
"13689","13689",3689,2739,2949,-0.20059636757929
"16357","16357",3689,2739,2949,-0.20059636757929
"16655","16655",3689,2739,2949,-0.20059636757929
"2039","2039",2808,2391,2384,-0.150997150997151
"8290","8290",2808,2391,2384,-0.150997150997151
"18116","18116",2808,2391,2384,-0.150997150997151
"2040","2040",1621,1620,1617,-0.00246761258482418
"2041","2041",3773,3776,3576,-0.0522130930294196
"2042","2042",8736,9021,6754,-0.226877289377289
"2043","2043",5871,5431,5490,-0.0648952478283086
"2044","2044",7137,7322,7799,0.0927560599691747
"2045","2045",2381,2496,2466,0.0356992860142797
"2046","2046",4988,4456,5194,0.041299117882919
"2047","2047",2946,2898,2945,-0.000339443312966735
"2048","2048",5206,4730,4637,-0.109296965040338
"2049","2049",3201,3200,3603,0.125585754451734
"2050","2050",1318,1319,1333,0.0113808801213961
"5826","5826",1318,1319,1333,0.0113808801213961
"15920","15920",1318,1319,1333,0.0113808801213961
"2051","2051",4585,4584,3884,-0.15288985823337
"15421","15421",4585,4584,3884,-0.15288985823337
"2052","2052",3752,3602,3864,0.0298507462686567
"2053","2053",3470,2323,2329,-0.328818443804035
"2054","2054",3692,3847,3657,-0.00947995666305525
"2055","2055",3181,2854,2385,-0.250235774913549
"2056","2056",1921,1916,1999,0.0406038521603332
"2057","2057",3431,3669,3547,0.0338093850189449
"19988","19988",3431,3669,3547,0.0338093850189449
"2058","2058",3753,3747,3715,-0.0101252331468159
"2059","2059",1809,1617,1626,-0.101160862354892
"2060","2060",13838,13833,13331,-0.0366382425205955
"2061","2061",1770,1774,1683,-0.0491525423728814
"2062","2062",5209,4963,5073,-0.0261086580917643
"2063","2063",4219,4068,3955,-0.0625740696847594
"2064","2064",2290,2304,2353,0.0275109170305677
"2065","2065",2022,2124,1678,-0.170128585558853
"2066","2066",1935,1941,1847,-0.0454780361757106
"2067","2067",3331,3329,3251,-0.0240168117682378
"2068","2068",5093,5057,5017,-0.0149224425682309
"2069","2069",1687,1687,1481,-0.122110254890338
"2070","2070",2166,2159,2065,-0.0466297322253001
"12178","12178",2166,2159,2065,-0.0466297322253001
"2071","2071",1161,1161,1028,-0.114556416881998
"2072","2072",855,798,838,-0.0198830409356725
"2073","2073",2086,2086,2233,0.0704697986577181
"9539","9539",2086,2086,2233,0.0704697986577181
"2074","2074",7087,7142,6632,-0.0642020601100607
"2075","2075",8063,7955,8126,0.00781346893215925
"2076","2076",3560,3630,3678,0.0331460674157303
"2077","2077",2409,2393,2700,0.12079701120797
"7641","7641",2409,2393,2700,0.12079701120797
"2078","2078",6301,6182,6378,0.0122202824948421
"2079","2079",996,807,854,-0.142570281124498
"2080","2080",2741,2926,2770,0.0105800802626779
"2081","2081",6376,6098,6100,-0.0432873274780427
"2082","2082",8743,8703,8374,-0.0422051927256091
"2083","2083",3100,3298,3147,0.0151612903225806
"2084","2084",5191,5209,4656,-0.103062993642843
"2085","2085",4136,4123,3637,-0.120647969052224
"2086","2086",1472,1463,1566,0.0638586956521739
"2087","2087",1512,1656,1728,0.142857142857143
"2088","2088",9414,9351,9406,-0.000849798172933928
"2089","2089",1397,1397,1017,-0.272011453113815
"12059","12059",1397,1397,1017,-0.272011453113815
"2090","2090",1777,1856,1851,0.0416432189082724
"2091","2091",1907,1906,1908,0.000524383848977452
"2092","2092",1007,1005,1073,0.0655412115193644
"3619","3619",1007,1005,1073,0.0655412115193644
"2093","2093",3996,3242,3453,-0.135885885885886
"12624","12624",3996,3242,3453,-0.135885885885886
"2094","2094",8345,8155,6127,-0.265787896944278
"2095","2095",4269,4272,3683,-0.137268681189974
"2096","2096",2959,2970,3015,0.01892531260561
"2097","2097",3764,3664,4723,0.254782146652497
"2098","2098",3545,2957,3011,-0.150634696755994
"8557","8557",3545,2957,3011,-0.150634696755994
"2099","2099",4168,3974,3876,-0.0700575815738964
"2100","2100",2715,2712,2503,-0.0780847145488029
"2101","2101",3428,3547,2764,-0.193698949824971
"2102","2102",3535,3487,3530,-0.00141442715700141
"2103","2103",5928,6026,5932,0.000674763832658569
"2104","2104",938,1038,1138,0.213219616204691
"2105","2105",2377,2337,2390,0.00546907867059318
"2107","2107",2903,2410,2666,-0.0816396830864623
"2739","2739",2903,2410,2666,-0.0816396830864623
"2108","2108",2594,2597,2540,-0.0208172706245181
"2109","2109",5564,5513,5674,0.0197699496764917
"2110","2110",3674,3233,3043,-0.171747414262384
"2111","2111",5905,6120,5081,-0.139542760372566
"2112","2112",4700,4699,4569,-0.0278723404255319
"2113","2113",8327,9907,8802,0.0570433529482407
"2114","2114",5682,5739,4796,-0.155931010207673
"2115","2115",3457,3457,2923,-0.154469192941857
"2116","2116",3615,3609,3126,-0.135269709543568
"2117","2117",10661,10655,9314,-0.126348372572929
"2118","2118",2834,2803,2812,-0.00776287932251235
"2119","2119",3497,3493,3499,0.00057191878753217
"2120","2120",1137,1387,2354,1.07036059806508
"2121","2121",4775,4784,4124,-0.136335078534031
"2122","2122",4753,4758,4757,0.000841573742899221
"2123","2123",2894,2898,2581,-0.108154803040774
"2124","2124",5056,5034,4495,-0.110957278481013
"2125","2125",6396,6581,6510,0.0178236397748593
"2126","2126",5641,5613,5567,-0.013118241446552
"2127","2127",4328,4297,4047,-0.0649260628465804
"2128","2128",4384,4386,4494,0.0250912408759124
"2129","2129",3071,3080,3045,-0.00846629762292413
"2130","2130",4727,4659,3703,-0.216627882377829
"2132","2132",2095,2093,2092,-0.00143198090692124
"2133","2133",1296,1406,1426,0.100308641975309
"12377","12377",1296,1406,1426,0.100308641975309
"2134","2134",2344,2318,2217,-0.0541808873720137
"2135","2135",3438,3479,3250,-0.0546829552065154
"2136","2136",6174,6122,6341,0.0270489148040168
"2137","2137",6247,6697,6730,0.0773171122138627
"2138","2138",8900,9044,9601,0.0787640449438202
"2139","2139",2553,2530,2167,-0.151194672933803
"2140","2140",2390,2390,2380,-0.00418410041841004
"2141","2141",4792,5347,4483,-0.0644824707846411
"2142","2142",5469,5446,3879,-0.290729566648382
"2143","2143",2272,2263,2449,0.0779049295774648
"2144","2144",1019,1019,1093,0.0726202158979392
"2145","2145",2582,2582,2676,0.0364058869093726
"2146","2146",4836,4815,4654,-0.0376344086021505
"2147","2147",4625,4777,4038,-0.126918918918919
"2148","2148",3906,3917,4107,0.0514592933947773
"2149","2149",8007,8094,9841,0.229049581616086
"2150","2150",1420,1420,1552,0.0929577464788732
"11210","11210",1420,1420,1552,0.0929577464788732
"2151","2151",2152,2062,1514,-0.296468401486989
"2152","2152",1417,1420,1416,-0.000705716302046577
"2153","2153",3178,3164,2777,-0.126179987413468
"2154","2154",5746,6447,6124,0.0657848938391925
"2155","2155",4654,4418,5416,0.163730124623979
"2156","2156",6101,6101,5666,-0.071299786920177
"2157","2157",2093,2137,1972,-0.0578117534639274
"2158","2158",7594,7787,5802,-0.235975770345009
"2159","2159",4166,4107,3998,-0.0403264522323572
"2160","2160",1916,1976,2001,0.0443632567849687
"2161","2161",2924,2717,2824,-0.0341997264021888
"4076","4076",2924,2717,2824,-0.0341997264021888
"2162","2162",3425,3979,3390,-0.0102189781021898
"2163","2163",2634,2384,2481,-0.0580865603644647
"2164","2164",5862,5862,4315,-0.263903104742409
"2165","2165",3199,3198,4032,0.260393873085339
"2166","2166",5737,5741,5688,-0.00854104932891755
"2167","2167",6537,6622,5755,-0.119626740094845
"2168","2168",9046,8860,8420,-0.0692018571744417
"2169","2169",4071,4065,4127,0.0137558339474331
"2170","2170",2408,2471,2317,-0.0377906976744186
"2171","2171",1432,1433,1533,0.0705307262569832
"2172","2172",3487,3326,3257,-0.0659592773157442
"2173","2173",3635,3206,2345,-0.354883081155433
"2174","2174",1324,895,897,-0.322507552870091
"2175","2175",5012,4927,4645,-0.0732242617717478
"2176","2176",1870,1870,2014,0.0770053475935829
"2177","2177",3970,4511,3613,-0.0899244332493703
"2178","2178",1724,1724,1743,0.0110208816705336
"2179","2179",2115,2213,2180,0.0307328605200946
"11072","11072",2115,2213,2180,0.0307328605200946
"16629","16629",2115,2213,2180,0.0307328605200946
"2180","2180",5524,4458,4097,-0.258327299058653
"3734","3734",5524,4458,4097,-0.258327299058653
"2181","2181",2432,2401,2280,-0.0625
"2182","2182",1744,1737,1567,-0.101490825688073
"5289","5289",1744,1737,1567,-0.101490825688073
"2183","2183",6713,6737,6676,-0.00551169372858632
"2184","2184",5070,5289,3722,-0.265877712031558
"2185","2185",1194,1202,1204,0.00837520938023451
"2186","2186",2056,2057,2182,0.061284046692607
"11706","11706",2056,2057,2182,0.061284046692607
"2187","2187",9366,9579,7792,-0.168054665812513
"2188","2188",3853,4102,4093,0.0622891253568648
"2189","2189",4603,5419,5442,0.182272431023246
"2190","2190",4087,4640,3496,-0.144604844629312
"8516","8516",4087,4640,3496,-0.144604844629312
"19753","19753",4087,4640,3496,-0.144604844629312
"2191","2191",2422,2422,2254,-0.069364161849711
"2192","2192",3623,3637,3523,-0.0276014352746343
"2193","2193",6718,6763,5759,-0.14275081869604
"2194","2194",3115,3362,3606,0.157624398073836
"3830","3830",3115,3362,3606,0.157624398073836
"2195","2195",3316,3329,3240,-0.02291917973462
"2196","2196",7363,7402,7325,-0.00516093983430667
"2197","2197",3090,3097,3145,0.0177993527508091
"2198","2198",3694,3337,3735,0.0110990795885219
"2199","2199",2312,2312,2063,-0.107698961937716
"2200","2200",4342,3701,4517,0.0403040073698756
"2201","2201",7001,6736,7838,0.11955434937866
"2202","2202",2062,2241,2085,0.0111542192046557
"2203","2203",4191,4181,4210,0.00453352421856359
"2204","2204",2917,2575,2301,-0.211175865615358
"2205","2205",8660,9086,8096,-0.0651270207852194
"2206","2206",2564,2579,2567,0.00117004680187207
"16717","16717",2564,2579,2567,0.00117004680187207
"2207","2207",7019,7541,6931,-0.0125373984898134
"2208","2208",1468,1468,1459,-0.0061307901907357
"2209","2209",3472,3535,3446,-0.00748847926267281
"2210","2210",1542,1312,1341,-0.130350194552529
"2211","2211",5635,5633,4739,-0.159006211180124
"5947","5947",5635,5633,4739,-0.159006211180124
"2212","2212",3070,3049,2888,-0.0592833876221498
"2213","2213",9850,9921,7097,-0.279492385786802
"2214","2214",7656,7776,9343,0.220350052246604
"2215","2215",6958,6964,6535,-0.0607933314170739
"14202","14202",6958,6964,6535,-0.0607933314170739
"2216","2216",1841,1752,1754,-0.0472569255839218
"2217","2217",4845,4746,4711,-0.0276573787409701
"2218","2218",1827,1653,1650,-0.09688013136289
"2219","2219",5978,6011,5104,-0.146202743392439
"2220","2220",5537,5530,6424,0.160195051471916
"2221","2221",5893,5943,4859,-0.175462413032411
"2222","2222",2503,2498,2559,0.0223731522173392
"2223","2223",2180,2180,2256,0.0348623853211009
"2224","2224",4092,4094,4091,-0.000244379276637341
"2225","2225",3174,3174,2173,-0.315374921235035
"2226","2226",3266,3266,2663,-0.184629516227802
"2227","2227",3319,3916,3931,0.184392889424525
"2228","2228",1280,1267,1244,-0.028125
"2229","2229",5018,4973,5356,0.0673575129533679
"2230","2230",4324,4094,3755,-0.13159111933395
"11751","11751",4324,4094,3755,-0.13159111933395
"2231","2231",3659,3582,3723,0.0174911177917464
"2232","2232",5133,5113,5161,0.00545489966880966
"2233","2233",10406,10717,9557,-0.0815875456467423
"2234","2234",2260,2046,1556,-0.311504424778761
"2235","2235",1850,2033,2063,0.115135135135135
"10324","10324",1850,2033,2063,0.115135135135135
"2236","2236",5820,5922,6016,0.0336769759450172
"2237","2237",4202,3806,3850,-0.0837696335078534
"2238","2238",2223,2222,2058,-0.0742240215924427
"2239","2239",7017,9025,8099,0.154196950263645
"2240","2240",2635,2882,2951,0.119924098671727
"9012","9012",2635,2882,2951,0.119924098671727
"2241","2241",4578,5338,4562,-0.00349497597204019
"2242","2242",1163,1163,1160,-0.00257953568357696
"2243","2243",2366,2209,2253,-0.047759932375317
"5032","5032",2366,2209,2253,-0.047759932375317
"5959","5959",2366,2209,2253,-0.047759932375317
"6416","6416",2366,2209,2253,-0.047759932375317
"8306","8306",2366,2209,2253,-0.047759932375317
"2244","2244",5220,5245,5199,-0.00402298850574713
"2245","2245",5615,5932,5002,-0.109171861086376
"2246","2246",2118,2114,1280,-0.395656279508971
"2247","2247",2551,2886,2387,-0.0642885143081145
"8333","8333",2551,2886,2387,-0.0642885143081145
"2248","2248",1735,1739,1317,-0.240922190201729
"2249","2249",3820,3627,3041,-0.203926701570681
"2250","2250",3699,3685,3684,-0.0040551500405515
"2251","2251",4973,5129,4047,-0.186205509752664
"2252","2252",2223,2234,2322,0.0445344129554656
"2253","2253",3748,3868,3646,-0.0272145144076841
"2254","2254",9729,10406,7945,-0.183369308253675
"2255","2255",2968,2609,3014,0.0154986522911051
"7431","7431",2968,2609,3014,0.0154986522911051
"2256","2256",4992,4996,4858,-0.0268429487179487
"2257","2257",3316,3319,2722,-0.17913148371532
"2258","2258",2065,2066,2136,0.0343825665859564
"2259","2259",4573,4544,4475,-0.0214301333916466
"2260","2260",3954,3954,4251,0.075113808801214
"2261","2261",7179,7111,6602,-0.0803733110461067
"2262","2262",9890,10377,10145,0.025783619817998
"2263","2263",1186,1196,1193,0.00590219224283305
"18638","18638",1186,1196,1193,0.00590219224283305
"2264","2264",2824,2918,3086,0.0927762039660057
"2265","2265",3301,2979,2501,-0.242350802787034
"2266","2266",1400,1403,1425,0.0178571428571429
"14218","14218",1400,1403,1425,0.0178571428571429
"2267","2267",4511,4506,3869,-0.14231877632454
"2268","2268",6525,6546,6492,-0.00505747126436782
"2269","2269",2837,2821,2611,-0.0796616143813888
"2270","2270",1063,1063,876,-0.175917215428034
"2271","2271",4281,3745,3669,-0.142957252978276
"2272","2272",2692,2368,2377,-0.117013372956909
"2273","2273",6174,6038,6041,-0.0215419501133787
"2274","2274",1345,1140,927,-0.310780669144981
"2275","2275",12923,12478,11306,-0.1251257447961
"2276","2276",2427,2300,2223,-0.0840543881334982
"2277","2277",1258,1270,1267,0.00715421303656598
"2278","2278",4893,4964,3920,-0.198855507868383
"2279","2279",2104,2019,2172,0.032319391634981
"2280","2280",1886,1563,1376,-0.270413573700954
"9026","9026",1886,1563,1376,-0.270413573700954
"2281","2281",4075,3922,4424,0.0856441717791411
"2282","2282",7795,7798,7784,-0.00141116100064144
"2283","2283",2660,2384,1722,-0.352631578947368
"16185","16185",2660,2384,1722,-0.352631578947368
"2284","2284",1351,1350,1346,-0.00370096225018505
"2285","2285",4048,4602,3820,-0.0563241106719368
"2286","2286",8353,8328,5387,-0.355082006464743
"2287","2287",10180,10014,10600,0.0412573673870334
"2288","2288",5938,5092,4874,-0.179184910744358
"2289","2289",974,974,963,-0.0112936344969199
"2290","2290",2891,2464,2683,-0.0719474230370114
"2291","2291",3521,3956,3892,0.105367793240557
"2292","2292",1682,1682,1699,0.0101070154577883
"2293","2293",3759,3773,3245,-0.136738494280394
"8145","8145",3759,3773,3245,-0.136738494280394
"2294","2294",2316,1964,2099,-0.0936960276338515
"2295","2295",1723,1749,1739,0.00928612884503772
"2296","2296",5155,5125,3678,-0.286517943743938
"2297","2297",3252,3253,3454,0.0621156211562116
"2298","2298",3213,2447,2124,-0.338935574229692
"2299","2299",2266,2266,2268,0.00088261253309797
"2300","2300",3042,3042,3062,0.00657462195923734
"2301","2301",6465,5856,5526,-0.145243619489559
"2302","2302",4283,4362,4420,0.0319869250525333
"2303","2303",3583,3588,3322,-0.072843985487022
"2304","2304",1652,1655,1645,-0.00423728813559322
"2305","2305",1576,1508,1597,0.0133248730964467
"16721","16721",1576,1508,1597,0.0133248730964467
"2306","2306",3109,3029,3404,0.0948858153747186
"15980","15980",3109,3029,3404,0.0948858153747186
"2307","2307",1826,1831,1815,-0.00602409638554217
"2308","2308",3578,3576,3265,-0.087479038569033
"2309","2309",3425,3066,3115,-0.0905109489051095
"16681","16681",3425,3066,3115,-0.0905109489051095
"2310","2310",1985,1985,1617,-0.185390428211587
"2311","2311",8710,8719,8487,-0.0256027554535017
"2312","2312",1762,1762,1526,-0.133938706015891
"2313","2313",4098,4435,4587,0.119326500732064
"2314","2314",7816,8052,7665,-0.0193193449334698
"2315","2315",994,988,996,0.00201207243460765
"2316","2316",1692,1715,1789,0.0573286052009456
"19237","19237",1692,1715,1789,0.0573286052009456
"2317","2317",4778,4907,4286,-0.1029719547928
"2318","2318",2670,2110,2510,-0.0599250936329588
"2319","2319",5086,5293,4949,-0.026936688950059
"2320","2320",2176,2175,1262,-0.420036764705882
"2321","2321",5285,5185,4585,-0.132450331125828
"2322","2322",6489,6377,5740,-0.115426105717368
"2323","2323",3224,3225,3052,-0.0533498759305211
"2324","2324",1446,1342,1428,-0.012448132780083
"2325","2325",6229,5849,3750,-0.397977203403436
"6599","6599",6229,5849,3750,-0.397977203403436
"2326","2326",6817,6851,6491,-0.0478216224145519
"2327","2327",4686,4900,3073,-0.344216816047802
"2328","2328",2056,2067,2515,0.223249027237354
"2329","2329",3848,3854,3429,-0.108887733887734
"2330","2330",1367,1555,1355,-0.00877834674469642
"6961","6961",1367,1555,1355,-0.00877834674469642
"2331","2331",4749,4531,4544,-0.0431669825226363
"2332","2332",2823,2986,2982,0.0563230605738576
"2333","2333",1690,1690,1621,-0.0408284023668639
"2334","2334",3812,5251,3653,-0.041710388247639
"2335","2335",2197,2252,2508,0.141556668183887
"2336","2336",2941,2943,3016,0.0255015300918055
"2337","2337",4099,4004,3797,-0.0736765064649915
"2338","2338",3993,3988,4048,0.0137741046831956
"2339","2339",2152,2151,1962,-0.0882899628252788
"2340","2340",2921,2941,3008,0.0297843204382061
"2341","2341",2839,2925,2748,-0.0320535399788658
"2342","2342",11632,12231,13892,0.194291609353508
"2343","2343",3536,3536,3535,-0.000282805429864253
"2344","2344",4922,5059,7145,0.451645672490857
"2345","2345",2145,2366,2375,0.107226107226107
"2346","2346",3104,3277,3191,0.0280283505154639
"2347","2347",3356,3390,3377,0.00625744934445769
"2348","2348",2490,2518,2544,0.0216867469879518
"2349","2349",5133,4817,5069,-0.0124683421001364
"2350","2350",3047,3116,3116,0.0226452248112898
"2351","2351",1754,1818,1776,0.0125427594070696
"2352","2352",4000,4011,3734,-0.0665
"2353","2353",5068,5072,4311,-0.149368587213891
"2354","2354",9696,7801,7515,-0.224938118811881
"2355","2355",3517,3556,3536,0.00540233153255616
"2356","2356",3953,3953,4182,0.0579306855552745
"2357","2357",1368,1377,1705,0.246345029239766
"2358","2358",3756,3817,3530,-0.0601703940362087
"2359","2359",2137,1884,1876,-0.122133832475433
"2360","2360",2209,2236,2223,0.006337709370756
"2361","2361",977,977,1129,0.155578300921187
"4151","4151",977,977,1129,0.155578300921187
"2362","2362",7389,7086,7229,-0.0216538097171471
"2363","2363",3330,3330,2748,-0.174774774774775
"2364","2364",3959,4078,3947,-0.0030310684516292
"2366","2366",4843,5114,4312,-0.10964278339872
"2368","2368",1395,1293,1374,-0.0150537634408602
"16260","16260",1395,1293,1374,-0.0150537634408602
"2369","2369",3104,3172,3160,0.0180412371134021
"2370","2370",4445,4408,4472,0.00607424071991001
"2371","2371",2581,2592,3139,0.216195273149942
"2372","2372",3714,3703,3726,0.00323101777059774
"2373","2373",2297,2221,2264,-0.0143665650848933
"2374","2374",3000,3018,2751,-0.083
"2375","2375",5350,5299,5120,-0.0429906542056075
"2376","2376",3786,3590,3382,-0.106708927628104
"7579","7579",3786,3590,3382,-0.106708927628104
"2377","2377",5799,5804,5864,0.011208829108467
"2378","2378",2092,2453,2071,-0.010038240917782
"2379","2379",3598,3415,3340,-0.0717065036131184
"2380","2380",971,933,933,-0.03913491246138
"2381","2381",2392,2387,2212,-0.0752508361204013
"2382","2382",4776,4565,4735,-0.00858458961474037
"2383","2383",3366,3312,3110,-0.0760546642899584
"2384","2384",11256,11245,10627,-0.0558813077469794
"2385","2385",4166,3729,3506,-0.158425348055689
"2386","2386",1768,1585,1546,-0.125565610859729
"17268","17268",1768,1585,1546,-0.125565610859729
"19801","19801",1768,1585,1546,-0.125565610859729
"2387","2387",2334,2356,2260,-0.0317052270779777
"2388","2388",6993,6940,6968,-0.00357500357500357
"2389","2389",2320,2120,2213,-0.0461206896551724
"2390","2390",5338,5326,6062,0.135631322592731
"2391","2391",2384,3195,3397,0.42491610738255
"2392","2392",1193,1209,2432,1.03855825649623
"2393","2393",3778,3778,3830,0.0137638962413976
"2394","2394",2484,2483,2578,0.0378421900161031
"2395","2395",3649,3711,3999,0.0959166895039737
"2396","2396",8422,8582,8185,-0.0281405841842793
"2397","2397",1923,1923,1889,-0.0176807072282891
"2398","2398",3747,3726,4152,0.10808646917534
"2399","2399",8758,8718,8383,-0.0428179949760219
"2400","2400",5212,5193,4291,-0.176707597851113
"2401","2401",617,617,748,0.212317666126418
"2402","2402",3201,3223,3309,0.0337394564198688
"2403","2403",1916,1916,2198,0.147181628392484
"2404","2404",1918,1917,2003,0.0443169968717414
"2405","2405",2558,2569,2431,-0.0496481626270524
"2406","2406",4193,4402,3968,-0.053660863343668
"6945","6945",4193,4402,3968,-0.053660863343668
"2407","2407",5185,5191,4424,-0.146769527483124
"2408","2408",11455,11532,11145,-0.0270624181580096
"2409","2409",4521,4523,4722,0.0444591904445919
"2410","2410",2476,2343,2391,-0.034329563812601
"2411","2411",2116,2021,2038,-0.0368620037807183
"2412","2412",3384,3202,2469,-0.270390070921986
"2413","2413",2728,2730,2501,-0.0832111436950147
"2414","2414",7569,7540,7589,0.00264235698242833
"2415","2415",1057,1068,1182,0.118259224219489
"2416","2416",4663,4246,4246,-0.0894274072485524
"2417","2417",5858,5854,5565,-0.0500170706725845
"2418","2418",1375,1375,1951,0.418909090909091
"2419","2419",4323,4323,4724,0.0927596576451538
"2420","2420",1789,1723,1575,-0.119619899385131
"2421","2421",2565,2488,2490,-0.0292397660818713
"2422","2422",3620,3617,3705,0.0234806629834254
"2423","2423",8552,10137,8487,-0.00760056127221703
"2424","2424",2278,2303,2540,0.115013169446883
"2425","2425",4397,4448,4472,0.0170570843757107
"2426","2426",5241,5250,5286,0.00858614768174013
"2427","2427",4375,4798,4359,-0.00365714285714286
"2428","2428",4724,3774,3358,-0.289161727349704
"2429","2429",5781,5778,5624,-0.0271579311537796
"2430","2430",7442,7440,6452,-0.13302875571083
"2431","2431",4248,4210,4177,-0.016713747645951
"2432","2432",5203,5191,5324,0.0232558139534884
"2433","2433",2685,2478,2264,-0.156797020484171
"6147","6147",2685,2478,2264,-0.156797020484171
"2434","2434",4133,4122,3989,-0.0348415194773772
"2435","2435",2756,2635,2681,-0.0272133526850508
"2436","2436",1434,1436,1469,0.0244072524407252
"10131","10131",1434,1436,1469,0.0244072524407252
"2437","2437",2334,2469,2244,-0.038560411311054
"2438","2438",4297,4089,4269,-0.006516174074936
"2439","2439",2235,2312,2339,0.0465324384787472
"2440","2440",4453,4268,3802,-0.146193577363575
"5048","5048",4453,4268,3802,-0.146193577363575
"2441","2441",4832,4846,4712,-0.0248344370860927
"2442","2442",1810,1810,1826,0.00883977900552486
"2443","2443",1412,1409,1384,-0.0198300283286119
"18968","18968",1412,1409,1384,-0.0198300283286119
"2444","2444",9445,9567,9334,-0.0117522498676548
"2445","2445",3372,3380,3800,0.126927639383155
"2446","2446",3696,3699,3952,0.0692640692640693
"2447","2447",11801,12004,11208,-0.0502499788153546
"2448","2448",1518,1349,1395,-0.0810276679841897
"2449","2449",1378,1359,1380,0.00145137880986938
"2450","2450",2388,2331,2300,-0.0368509212730318
"2451","2451",4856,4385,4427,-0.0883443163097199
"2452","2452",1687,1694,1406,-0.166567871962063
"2453","2453",2466,2367,2446,-0.008110300081103
"18850","18850",2466,2367,2446,-0.008110300081103
"2454","2454",3591,3549,3478,-0.0314675577833473
"2455","2455",4106,4040,3828,-0.0677057963955188
"2456","2456",5551,5513,5809,0.0464781120518825
"2457","2457",4740,4714,4413,-0.0689873417721519
"2458","2458",6332,6876,6963,0.0996525584333544
"2459","2459",2657,2824,2779,0.0459164471208129
"2460","2460",3069,3079,3044,-0.00814597588791137
"2461","2461",1331,1330,1460,0.0969196093163035
"2462","2462",1307,1307,1312,0.00382555470543229
"2463","2463",3883,3864,3949,0.0169971671388102
"2464","2464",2618,2621,2894,0.105423987776929
"2465","2465",4314,4271,4214,-0.0231803430690774
"2466","2466",5254,5287,5755,0.0953559192995813
"2467","2467",3240,3171,2983,-0.079320987654321
"2468","2468",4097,4097,4020,-0.0187942396875763
"2469","2469",12489,12810,12361,-0.0102490191368404
"2470","2470",2061,2061,2061,0
"15819","15819",2061,2061,2061,0
"2471","2471",1283,1373,1430,0.114575214341387
"2472","2472",2373,2369,2632,0.109144542772861
"6279","6279",2373,2369,2632,0.109144542772861
"2473","2473",3806,3783,3476,-0.0867052023121387
"2474","2474",5596,5594,4300,-0.231593995711222
"2475","2475",4379,4447,4497,0.0269467915049098
"2476","2476",1740,1739,1725,-0.00862068965517241
"2477","2477",4900,4912,3759,-0.232857142857143
"2478","2478",10198,10426,10361,0.0159835261816042
"2479","2479",3043,3043,2578,-0.152809727242852
"2480","2480",1363,1267,1305,-0.0425531914893617
"2481","2481",1658,1802,1787,0.0778045838359469
"2482","2482",2582,2584,2585,0.00116189000774593
"2483","2483",958,958,891,-0.069937369519833
"2484","2484",2546,2339,2335,-0.0828750981932443
"2485","2485",2993,2975,3222,0.076511861009021
"2486","2486",2418,2421,2502,0.0347394540942928
"2487","2487",4350,4073,4184,-0.0381609195402299
"19046","19046",4350,4073,4184,-0.0381609195402299
"2488","2488",2740,2525,2565,-0.0638686131386861
"2489","2489",4432,2966,3115,-0.297157039711191
"2490","2490",4740,4765,4769,0.00611814345991561
"2491","2491",5524,5605,5237,-0.0519551049963794
"2492","2492",5313,6630,3955,-0.255599472990777
"2493","2493",4606,4189,4238,-0.079895788102475
"2494","2494",4173,4684,4677,0.12077641984184
"2495","2495",3400,3351,3519,0.035
"2496","2496",1201,1242,1189,-0.00999167360532889
"8348","8348",1201,1242,1189,-0.00999167360532889
"2497","2497",3402,3402,3785,0.112580834803057
"2498","2498",2273,2264,2000,-0.12010558732952
"14776","14776",2273,2264,2000,-0.12010558732952
"2499","2499",4756,4741,4544,-0.0445752733389403
"2500","2500",3047,3047,2563,-0.15884476534296
"18032","18032",3047,3047,2563,-0.15884476534296
"18265","18265",3047,3047,2563,-0.15884476534296
"2501","2501",1866,1866,1633,-0.12486602357985
"16404","16404",1866,1866,1633,-0.12486602357985
"2502","2502",1452,1527,1327,-0.0860881542699724
"14629","14629",1452,1527,1327,-0.0860881542699724
"2503","2503",7892,7629,7357,-0.0677901672579828
"2504","2504",1342,1284,1283,-0.0439642324888227
"6123","6123",1342,1284,1283,-0.0439642324888227
"2505","2505",2678,2678,2433,-0.0914861837191934
"9979","9979",2678,2678,2433,-0.0914861837191934
"2506","2506",6050,6054,6060,0.00165289256198347
"2507","2507",2102,2124,1904,-0.0941960038058991
"2508","2508",5550,4381,4872,-0.122162162162162
"2509","2509",4319,4346,3981,-0.0782588562167168
"2510","2510",813,813,720,-0.114391143911439
"2511","2511",3533,3471,3767,0.0662326634588169
"2512","2512",2269,2580,1924,-0.152049360951961
"2513","2513",2182,2187,2063,-0.0545371219065078
"9207","9207",2182,2187,2063,-0.0545371219065078
"2514","2514",6227,5822,5875,-0.0565280231251004
"2515","2515",4334,4162,4068,-0.0613751730503
"2516","2516",3915,4075,4002,0.0222222222222222
"2517","2517",2246,2817,2228,-0.00801424755120214
"2518","2518",1709,1403,1359,-0.204798127559977
"2519","2519",5018,6609,4803,-0.0428457552809884
"2520","2520",1826,1721,1800,-0.0142387732749179
"14455","14455",1826,1721,1800,-0.0142387732749179
"2521","2521",8428,8488,7884,-0.064546748932131
"2522","2522",2462,2462,2481,0.00771730300568643
"2523","2523",4306,4317,4498,0.0445889456572225
"2524","2524",1682,1683,1734,0.0309155766944114
"5522","5522",1682,1683,1734,0.0309155766944114
"2525","2525",5386,4434,5280,-0.019680653546231
"2526","2526",3122,4183,2875,-0.0791159513132607
"16371","16371",3122,4183,2875,-0.0791159513132607
"2527","2527",2330,2130,1842,-0.209442060085837
"2528","2528",1085,1106,748,-0.310599078341014
"2529","2529",4052,4021,4220,0.0414610069101678
"2530","2530",2798,2798,2800,0.000714796283059328
"2531","2531",7676,7646,7509,-0.0217561229807191
"2532","2532",9352,9930,8891,-0.0492942686056458
"2533","2533",2712,2677,2484,-0.084070796460177
"12292","12292",2712,2677,2484,-0.084070796460177
"2534","2534",2674,2674,2705,0.0115931189229619
"2535","2535",3574,3588,3594,0.00559597090095131
"2536","2536",1982,1440,1576,-0.204843592330979
"2537","2537",4908,4908,4778,-0.0264873675631622
"2538","2538",1854,2169,1252,-0.32470334412082
"2539","2539",4768,4932,2908,-0.39010067114094
"2540","2540",2069,2069,2234,0.0797486708554857
"2541","2541",1034,1034,1198,0.158607350096712
"2542","2542",6415,6549,6484,0.0107560405300078
"2543","2543",2660,3078,2760,0.037593984962406
"17228","17228",2660,3078,2760,0.037593984962406
"2544","2544",2935,3112,2210,-0.247018739352641
"15361","15361",2935,3112,2210,-0.247018739352641
"2545","2545",5163,5162,4734,-0.0830912260313771
"2546","2546",974,974,910,-0.0657084188911704
"2547","2547",2389,2114,1955,-0.181665969024697
"3340","3340",2389,2114,1955,-0.181665969024697
"2548","2548",3872,3858,4153,0.0725723140495868
"2549","2549",4175,4175,4047,-0.0306586826347305
"12712","12712",4175,4175,4047,-0.0306586826347305
"2550","2550",7877,7842,7169,-0.089881934746731
"2551","2551",6136,9392,6625,0.0796936114732725
"2552","2552",3406,3407,3311,-0.0278919553728714
"2553","2553",4010,4009,4037,0.00673316708229426
"2554","2554",6193,6131,6290,0.0156628451477475
"2555","2555",5504,5124,2910,-0.471293604651163
"2556","2556",2970,2970,2951,-0.0063973063973064
"2557","2557",11045,11167,10833,-0.019194205522861
"2558","2558",5895,7791,6586,0.117217981340119
"2559","2559",3383,3649,3652,0.079515223174697
"2560","2560",12567,12338,10801,-0.140526776478078
"2561","2561",3468,4398,3789,0.092560553633218
"2562","2562",2172,2120,2147,-0.0115101289134438
"5887","5887",2172,2120,2147,-0.0115101289134438
"7697","7697",2172,2120,2147,-0.0115101289134438
"10471","10471",2172,2120,2147,-0.0115101289134438
"2563","2563",2930,3134,2913,-0.00580204778156997
"2564","2564",7127,6906,6531,-0.0836256489406482
"2565","2565",3147,3147,2800,-0.110263743247537
"7974","7974",3147,3147,2800,-0.110263743247537
"2566","2566",2381,2391,2626,0.102897942041159
"2567","2567",4195,3995,3707,-0.116328963051251
"2568","2568",5774,5250,4793,-0.169899549705577
"2569","2569",1492,1826,1630,0.0924932975871314
"2570","2570",1908,1632,1671,-0.124213836477987
"3163","3163",1908,1632,1671,-0.124213836477987
"6262","6262",1908,1632,1671,-0.124213836477987
"7111","7111",1908,1632,1671,-0.124213836477987
"15015","15015",1908,1632,1671,-0.124213836477987
"2571","2571",11795,11977,11041,-0.0639253921153031
"2572","2572",2495,2494,1712,-0.313827655310621
"2573","2573",5269,5175,4717,-0.10476371227937
"2574","2574",3742,3747,3736,-0.00160342063067878
"2575","2575",2502,2503,2591,0.0355715427657874
"2576","2576",2695,2240,2860,0.0612244897959184
"2577","2577",2387,2248,2226,-0.0674486803519062
"2578","2578",1221,1221,1311,0.0737100737100737
"2579","2579",1316,1316,1070,-0.18693009118541
"2580","2580",3963,3910,3955,-0.00201867272268483
"2581","2581",2047,2005,1907,-0.0683927699071812
"14003","14003",2047,2005,1907,-0.0683927699071812
"2582","2582",2014,1900,1974,-0.0198609731876862
"2583","2583",1008,832,782,-0.224206349206349
"2584","2584",7706,7673,7477,-0.0297171035556709
"2585","2585",2830,2940,2877,0.0166077738515901
"19362","19362",2830,2940,2877,0.0166077738515901
"2586","2586",3799,3780,3491,-0.0810739668333772
"2587","2587",3742,5507,4849,0.295831106360235
"2588","2588",3258,3100,3009,-0.076427255985267
"2589","2589",4962,4942,5268,0.0616686819830713
"13571","13571",4962,4942,5268,0.0616686819830713
"2590","2590",3036,3118,2443,-0.19532279314888
"2591","2591",2781,2931,2781,0
"6157","6157",2781,2931,2781,0
"2592","2592",3639,3478,3560,-0.0217092607859302
"2593","2593",2663,2662,2569,-0.0352985354862937
"2594","2594",2299,2299,2553,0.11048281861679
"2595","2595",689,689,689,0
"2596","2596",5992,5966,5579,-0.0689252336448598
"2597","2597",4184,4184,2143,-0.487810707456979
"2598","2598",3204,3216,3186,-0.00561797752808989
"2599","2599",6148,6112,5596,-0.0897852960312297
"2600","2600",5648,5463,5192,-0.0807365439093484
"2601","2601",8911,9034,13328,0.495679497250589
"2602","2602",10855,10975,10496,-0.0330723169046522
"2603","2603",10390,10554,8361,-0.195283926852743
"2604","2604",2647,2722,2685,0.0143558745749906
"2605","2605",3413,3413,3385,-0.00820392616466452
"2606","2606",1357,1357,1214,-0.105379513633014
"2607","2607",3520,3595,3466,-0.0153409090909091
"2608","2608",5837,5534,4445,-0.23847867054994
"2609","2609",1728,1422,1480,-0.143518518518519
"2610","2610",3593,2939,3057,-0.149178959087114
"2611","2611",3628,3527,3455,-0.0476846747519294
"2612","2612",4621,4584,3782,-0.181562432373945
"2613","2613",4030,4000,3955,-0.0186104218362283
"2614","2614",1719,1651,1695,-0.0139616055846422
"3591","3591",1719,1651,1695,-0.0139616055846422
"8518","8518",1719,1651,1695,-0.0139616055846422
"12654","12654",1719,1651,1695,-0.0139616055846422
"2615","2615",9314,9542,9349,0.00375778398110371
"2616","2616",3892,3974,3886,-0.00154162384378212
"2617","2617",14756,14496,12251,-0.169761452968284
"2618","2618",3226,3226,3330,0.032238065716057
"2619","2619",1054,1059,1083,0.0275142314990512
"2620","2620",2056,1823,1690,-0.178015564202335
"2621","2621",1672,1702,1499,-0.103468899521531
"2622","2622",7037,5768,6456,-0.0825635924399602
"2623","2623",4188,4354,3832,-0.0850047755491882
"2624","2624",2505,2505,2023,-0.192415169660679
"15704","15704",2505,2505,2023,-0.192415169660679
"2625","2625",1442,1440,1600,0.109570041608877
"2626","2626",3912,3912,3809,-0.0263292433537832
"2627","2627",9785,10117,9750,-0.00357690342360756
"2628","2628",3863,3866,3920,0.0147553714729485
"2629","2629",3061,2990,2638,-0.138190133943156
"2630","2630",5464,5463,5268,-0.0358711566617862
"5031","5031",5464,5463,5268,-0.0358711566617862
"2631","2631",903,882,1494,0.654485049833887
"2632","2632",3122,3140,3140,0.00576553491351698
"2633","2633",5726,5655,5787,0.0106531610199092
"2634","2634",2379,2399,2128,-0.105506515342581
"2635","2635",5386,5334,4761,-0.116041589305607
"2636","2636",3647,3295,3262,-0.105566218809981
"19577","19577",3647,3295,3262,-0.105566218809981
"2637","2637",2843,2846,3068,0.0791417516707703
"2638","2638",1042,1052,1048,0.00575815738963532
"2639","2639",2595,2599,2607,0.0046242774566474
"2640","2640",4081,4105,3971,-0.0269541778975741
"2641","2641",3106,3693,2626,-0.154539600772698
"2643","2643",4311,3959,4969,0.152632799814428
"2644","2644",1698,1693,1722,0.0141342756183746
"2645","2645",1220,1220,1223,0.00245901639344262
"2646","2646",2779,2789,2299,-0.172724001439367
"2647","2647",6761,6704,6107,-0.0967312527732584
"2648","2648",4092,4212,4168,0.0185728250244379
"2650","2650",3874,3877,3930,0.0144553433144037
"6756","6756",3874,3877,3930,0.0144553433144037
"2651","2651",2600,2602,2688,0.0338461538461538
"2652","2652",5829,5868,4756,-0.18407960199005
"4686","4686",5829,5868,4756,-0.18407960199005
"2653","2653",3085,3158,3162,0.0249594813614263
"2654","2654",2836,2780,2825,-0.0038787023977433
"2655","2655",2957,2840,2781,-0.0595197835644234
"5182","5182",2957,2840,2781,-0.0595197835644234
"14424","14424",2957,2840,2781,-0.0595197835644234
"2656","2656",1407,1724,1876,0.333333333333333
"2657","2657",1789,1790,1790,0.000558971492453885
"2658","2658",5920,5887,4375,-0.26097972972973
"2659","2659",2422,2419,2384,-0.0156895127993394
"2660","2660",2025,2025,2013,-0.00592592592592593
"2661","2661",2088,1883,1749,-0.16235632183908
"2662","2662",2382,2580,2725,0.14399664147775
"2663","2663",10187,10203,9206,-0.0962992048689506
"2664","2664",7686,7623,7593,-0.0120999219359875
"2666","2666",7189,6981,5185,-0.278759215468076
"2667","2667",3247,3251,3117,-0.0400369571912535
"15734","15734",3247,3251,3117,-0.0400369571912535
"2668","2668",2136,2059,1808,-0.153558052434457
"6609","6609",2136,2059,1808,-0.153558052434457
"2669","2669",4997,4997,6257,0.252151290774465
"2670","2670",2600,2600,2482,-0.0453846153846154
"2671","2671",6206,7102,6303,0.0156300354495649
"2672","2672",2485,2520,2073,-0.16579476861167
"2673","2673",5367,5092,5335,-0.00596236258617477
"2674","2674",3009,3203,3195,0.061814556331007
"2675","2675",2761,3269,2752,-0.00325968851865266
"2676","2676",1899,1592,1549,-0.184307530279094
"2678","2678",2763,2566,2634,-0.0466883821932682
"2679","2679",3405,3231,3384,-0.00616740088105727
"2680","2680",2383,2221,2181,-0.0847671002937474
"2681","2681",1923,1827,1882,-0.0213208528341134
"2682","2682",2889,3069,2703,-0.0643821391484943
"2683","2683",2406,2404,1695,-0.295511221945137
"2684","2684",5288,5842,4712,-0.1089258698941
"2685","2685",2780,2590,2273,-0.182374100719424
"3419","3419",2780,2590,2273,-0.182374100719424
"2686","2686",2991,2991,2796,-0.0651955867602808
"2687","2687",3420,3418,3689,0.0786549707602339
"2688","2688",2822,3231,3280,0.162296243798724
"7127","7127",2822,3231,3280,0.162296243798724
"2689","2689",1369,1324,1596,0.16581446311176
"2690","2690",1745,1745,1771,0.0148997134670487
"7458","7458",1745,1745,1771,0.0148997134670487
"2691","2691",4477,4477,3946,-0.1186062095153
"2692","2692",4202,4189,4183,-0.00452165635411709
"2693","2693",4098,4549,3311,-0.192044899951196
"2694","2694",1698,1661,1656,-0.0247349823321555
"2695","2695",2437,2439,2445,0.00328272466146902
"2696","2696",1248,1224,1182,-0.0528846153846154
"18696","18696",1248,1224,1182,-0.0528846153846154
"2697","2697",10857,12608,11715,0.0790273556231003
"2698","2698",8255,8967,7798,-0.0553603876438522
"2699","2699",3847,3545,3811,-0.00935794125292436
"2700","2700",2091,2086,2086,-0.00239120038259206
"2701","2701",3518,3526,3778,0.0739056281978397
"2702","2702",2857,3411,2266,-0.206860343017151
"2703","2703",1980,1953,2036,0.0282828282828283
"2704","2704",10388,9030,7813,-0.247882171736619
"2705","2705",3681,3670,3650,-0.00842162455854387
"2706","2706",2491,3201,2688,0.079084704937776
"2707","2707",1229,1252,1219,-0.0081366965012205
"2708","2708",2219,1945,1862,-0.160883280757098
"2709","2709",3037,2789,2969,-0.0223905169575239
"2710","2710",2825,2731,2849,0.00849557522123894
"2711","2711",5097,5097,5114,0.00333529527172847
"2712","2712",4263,4263,4229,-0.00797560403471734
"2713","2713",2443,2462,2684,0.0986492018010643
"2714","2714",4190,3831,4194,0.000954653937947494
"2715","2715",6403,6545,6627,0.0349836014368265
"2716","2716",3223,3187,2972,-0.0778777536456717
"2717","2717",1839,1831,1782,-0.0309951060358891
"12632","12632",1839,1831,1782,-0.0309951060358891
"2718","2718",2249,1975,2027,-0.0987105380168964
"2719","2719",4256,4565,3537,-0.168937969924812
"2720","2720",1431,1271,1500,0.0482180293501048
"2721","2721",1504,1620,1620,0.0771276595744681
"2722","2722",4180,4256,4171,-0.00215311004784689
"2723","2723",2816,3097,3086,0.0958806818181818
"2724","2724",1066,1065,1540,0.444652908067542
"2725","2725",2749,2604,2598,-0.0549290651145871
"2726","2726",8627,8613,5938,-0.311695838646111
"2727","2727",3248,3248,3359,0.0341748768472906
"2728","2728",2037,2038,2180,0.0702012763868434
"2729","2729",5334,5348,6059,0.135920509936258
"2730","2730",3944,4006,3794,-0.0380324543610548
"2731","2731",3346,3424,2890,-0.136282127913927
"2732","2732",1441,1648,1664,0.154753643303262
"13038","13038",1441,1648,1664,0.154753643303262
"18381","18381",1441,1648,1664,0.154753643303262
"2733","2733",1538,1538,1432,-0.0689206762028609
"2734","2734",2936,2574,1898,-0.353542234332425
"2735","2735",3844,3817,3822,-0.00572320499479709
"2736","2736",717,687,567,-0.209205020920502
"2737","2737",10505,11464,8443,-0.196287482151356
"2738","2738",1330,1207,1376,0.0345864661654135
"12202","12202",1330,1207,1376,0.0345864661654135
"2740","2740",2013,1896,1909,-0.0516641828117238
"15531","15531",2013,1896,1909,-0.0516641828117238
"2741","2741",1986,1932,2290,0.153071500503525
"17696","17696",1986,1932,2290,0.153071500503525
"2742","2742",1242,1242,1691,0.361513687600644
"2743","2743",4639,4650,4038,-0.129553783142919
"2744","2744",3182,3148,3457,0.0864236329352608
"2745","2745",2204,2195,1812,-0.177858439201452
"6618","6618",2204,2195,1812,-0.177858439201452
"2746","2746",1649,1660,1727,0.047301394784718
"17254","17254",1649,1660,1727,0.047301394784718
"18592","18592",1649,1660,1727,0.047301394784718
"2747","2747",2772,2772,2857,0.0306637806637807
"2748","2748",7046,6942,6312,-0.10417258018734
"2749","2749",2130,2127,2067,-0.0295774647887324
"2750","2750",4400,4194,3992,-0.0927272727272727
"2751","2751",2950,2951,2457,-0.167118644067797
"2752","2752",5610,5737,6699,0.194117647058824
"2753","2753",4886,5279,4504,-0.0781825624232501
"2754","2754",2574,2378,2424,-0.0582750582750583
"2755","2755",1783,1814,1832,0.0274817722938867
"2756","2756",1588,1588,1552,-0.0226700251889169
"2757","2757",4262,4264,4235,-0.00633505396527452
"2758","2758",2107,2107,1844,-0.124822021831989
"2759","2759",2317,2216,2044,-0.117824773413897
"2760","2760",8639,8572,8354,-0.0329899293899757
"2761","2761",2417,2421,1872,-0.22548613984278
"2762","2762",7172,7528,7185,0.00181260457334077
"2763","2763",4548,4558,4404,-0.0316622691292876
"2764","2764",2092,2100,2326,0.111854684512428
"2765","2765",2882,2888,1275,-0.557598889659958
"2766","2766",851,855,857,0.00705052878965922
"2767","2767",7166,8481,8655,0.207786770862406
"2768","2768",2303,2277,2279,-0.0104211897524967
"2769","2769",3281,3271,3132,-0.0454129838463883
"2770","2770",1566,1566,1620,0.0344827586206897
"2771","2771",9238,9200,8871,-0.0397272136826153
"2774","2774",4412,3859,4608,0.0444242973708069
"2775","2775",7453,7696,9089,0.219508922581511
"2776","2776",1289,1377,1380,0.0705973622963538
"2777","2777",2369,2605,2456,0.0367243562684677
"2778","2778",5737,5716,3700,-0.355063622102144
"2779","2779",3076,3192,3193,0.038036410923277
"2780","2780",2477,2474,2474,-0.00121114251110214
"2781","2781",4636,4627,4693,0.0122950819672131
"2782","2782",4711,5752,5011,0.0636807471874337
"2783","2783",5663,5478,2670,-0.528518453116723
"2785","2785",3935,3155,3759,-0.0447268106734435
"2786","2786",2042,2242,2145,0.0504407443682664
"2787","2787",5184,5495,3692,-0.287808641975309
"2788","2788",8012,8266,7483,-0.0660259610584124
"2789","2789",3768,3718,3707,-0.0161889596602972
"2790","2790",2269,2270,2080,-0.0832966064345527
"2791","2791",2615,2388,2560,-0.0210325047801147
"2792","2792",1921,2001,1699,-0.115564809994794
"2793","2793",1680,1871,2147,0.27797619047619
"3428","3428",1680,1871,2147,0.27797619047619
"2794","2794",8085,8043,7804,-0.0347557204700062
"2795","2795",5685,5781,5796,0.0195250659630607
"2796","2796",1301,1300,1150,-0.116064565718678
"19470","19470",1301,1300,1150,-0.116064565718678
"2797","2797",7268,7376,7106,-0.0222894881673087
"2798","2798",2354,2201,2306,-0.0203908241291419
"2799","2799",2848,2840,2795,-0.0186095505617978
"6781","6781",2848,2840,2795,-0.0186095505617978
"2800","2800",4519,4521,4664,0.0320867448550564
"2801","2801",5512,5472,6875,0.247278664731495
"2802","2802",5092,5226,4308,-0.153967007069914
"2803","2803",4338,4305,4475,0.0315813739050254
"2804","2804",2046,2095,2080,0.0166177908113392
"2805","2805",9430,9514,9612,0.0193001060445387
"2806","2806",3646,3619,4128,0.132199670872189
"2807","2807",2311,2428,2425,0.0493292946776287
"2808","2808",2725,2483,2257,-0.171743119266055
"2809","2809",5153,5606,4836,-0.061517562584902
"2810","2810",2896,2971,3147,0.086671270718232
"2811","2811",3351,3171,2387,-0.287675320799761
"2812","2812",3768,3755,3763,-0.00132696390658174
"2813","2813",4403,3167,2649,-0.398364751305928
"6582","6582",4403,3167,2649,-0.398364751305928
"2814","2814",1047,1047,1047,0
"2815","2815",1872,1872,1754,-0.063034188034188
"8041","8041",1872,1872,1754,-0.063034188034188
"16802","16802",1872,1872,1754,-0.063034188034188
"2816","2816",2924,3329,2857,-0.0229138166894665
"2817","2817",1774,1774,1913,0.0783540022547914
"15525","15525",1774,1774,1913,0.0783540022547914
"2818","2818",1268,1271,1195,-0.0575709779179811
"7253","7253",1268,1271,1195,-0.0575709779179811
"19900","19900",1268,1271,1195,-0.0575709779179811
"2819","2819",4381,4381,7525,0.717644373430724
"2820","2820",6602,6569,6045,-0.0843683732202363
"2821","2821",1644,1592,1588,-0.0340632603406326
"2822","2822",4197,4172,4505,0.0733857517274244
"9351","9351",4197,4172,4505,0.0733857517274244
"2823","2823",3246,3245,3178,-0.0209488601355514
"2824","2824",13162,12535,12784,-0.0287190396596262
"2825","2825",4852,4800,4452,-0.0824402308326463
"2826","2826",1448,1444,1219,-0.158149171270718
"2827","2827",7212,6829,6720,-0.0682196339434276
"2828","2828",4285,4518,4378,0.0217036172695449
"2829","2829",3248,3227,3867,0.19057881773399
"2830","2830",1515,1515,1582,0.0442244224422442
"2831","2831",2506,2380,2321,-0.0738228252194733
"2832","2832",4776,4767,7076,0.481574539363484
"2833","2833",1952,1952,2239,0.14702868852459
"2834","2834",8735,9260,6401,-0.267200915855753
"2835","2835",2260,2264,2253,-0.00309734513274336
"2836","2836",1281,1287,1099,-0.14207650273224
"2837","2837",3381,3379,3244,-0.0405205560485064
"2838","2838",3008,2831,2919,-0.0295877659574468
"2839","2839",2289,2281,2229,-0.0262123197903014
"2840","2840",5441,5212,5187,-0.0466825951111928
"2841","2841",6022,6049,5865,-0.0260710727333112
"2842","2842",2617,2635,2651,0.0129919755445166
"2843","2843",886,886,1110,0.252821670428894
"2844","2844",6806,6855,7853,0.153834851601528
"2845","2845",2936,2908,2784,-0.0517711171662125
"2846","2846",1740,1740,1740,0
"2847","2847",5078,5077,4709,-0.0726664040961008
"2848","2848",2939,2941,3025,0.0292616536236815
"2849","2849",2449,2580,2538,0.0363413638219681
"2850","2850",4384,4406,4693,0.0704835766423358
"2851","2851",3648,3642,3616,-0.0087719298245614
"2852","2852",1644,1644,1486,-0.0961070559610706
"10442","10442",1644,1644,1486,-0.0961070559610706
"2853","2853",2365,2315,1668,-0.294714587737844
"2854","2854",5283,6212,6318,0.195911413969336
"2855","2855",1630,1630,1624,-0.00368098159509202
"2856","2856",9800,9651,10309,0.0519387755102041
"2857","2857",6241,6203,5869,-0.0596058323986541
"2858","2858",1587,1485,1462,-0.0787649653434152
"2859","2859",2040,2040,1420,-0.303921568627451
"2860","2860",2204,1769,1976,-0.103448275862069
"2861","2861",7561,7870,7521,-0.0052903055151435
"2862","2862",1302,1301,1301,-0.000768049155145929
"2863","2863",2945,2954,2920,-0.00848896434634975
"2864","2864",10377,10324,10280,-0.00934759564421316
"2865","2865",3813,3580,3954,0.036978756884343
"2866","2866",1810,1779,1836,0.0143646408839779
"2867","2867",1437,1437,1532,0.0661099512874043
"2868","2868",4324,4315,4395,0.0164199814986124
"2869","2869",1252,1252,1218,-0.0271565495207668
"2870","2870",4181,4181,7159,0.71226979191581
"2871","2871",3004,2984,2901,-0.0342876165113182
"2872","2872",2794,2436,2842,0.0171796707229778
"2873","2873",2764,2765,3078,0.113603473227207
"11356","11356",2764,2765,3078,0.113603473227207
"2874","2874",1198,1234,1235,0.0308848080133556
"2875","2875",3941,4054,4188,0.0626744481096169
"2876","2876",4615,4606,4802,0.0405200433369447
"2877","2877",2273,2276,2188,-0.0373955125384954
"2878","2878",2845,2316,1851,-0.349384885764499
"2879","2879",3543,3573,3643,0.0282246683601468
"2880","2880",10177,10280,11195,0.100029478235236
"2881","2881",2664,2164,1888,-0.291291291291291
"2882","2882",2213,2257,2262,0.0221418888386805
"2883","2883",4582,4050,7257,0.583806198166739
"10788","10788",4582,4050,7257,0.583806198166739
"2884","2884",6919,6387,6265,-0.0945223298164475
"2885","2885",2291,2293,2270,-0.00916630292448712
"10409","10409",2291,2293,2270,-0.00916630292448712
"2886","2886",7490,7760,3999,-0.466088117489987
"2887","2887",1739,1748,2028,0.166187464059804
"2888","2888",2296,2298,2376,0.0348432055749129
"2889","2889",4937,4180,3978,-0.194247518736075
"2890","2890",1484,1508,1735,0.169137466307278
"2891","2891",1977,1969,1783,-0.0981284774911482
"2892","2892",1590,1577,1559,-0.0194968553459119
"2893","2893",3237,3235,3225,-0.00370713623725672
"2894","2894",7791,7914,7192,-0.0768835836221281
"2895","2895",4090,4059,4502,0.100733496332518
"2896","2896",2850,2841,2297,-0.194035087719298
"2897","2897",6517,6517,5938,-0.0888445603805432
"2898","2898",6556,5816,5574,-0.149786455155583
"2899","2899",1536,1536,1541,0.00325520833333333
"4570","4570",1536,1536,1541,0.00325520833333333
"2901","2901",4786,5051,5261,0.0992478061011283
"2902","2902",2369,2369,2369,0
"2903","2903",2117,2115,1952,-0.0779404818138876
"2905","2905",3452,3452,2917,-0.154982618771727
"11393","11393",3452,3452,2917,-0.154982618771727
"17101","17101",3452,3452,2917,-0.154982618771727
"2906","2906",4470,4465,4355,-0.0257270693512304
"2907","2907",1401,1416,1412,0.00785153461812991
"2908","2908",5264,5484,5096,-0.0319148936170213
"2909","2909",1248,1243,738,-0.408653846153846
"2910","2910",4966,5170,5239,0.0549738219895288
"2911","2911",2644,2889,3226,0.220121028744327
"3332","3332",2644,2889,3226,0.220121028744327
"2912","2912",4067,3898,4081,0.00344234079173838
"2913","2913",5137,5315,5315,0.0346505742651353
"2914","2914",2120,1828,1835,-0.134433962264151
"18149","18149",2120,1828,1835,-0.134433962264151
"2915","2915",2516,2516,2578,0.0246422893481717
"2916","2916",3713,3695,3460,-0.0681389711823324
"2917","2917",3907,3904,3246,-0.169183516764781
"2918","2918",3218,3256,3260,0.0130515848353014
"2919","2919",5883,6055,3525,-0.400815910249873
"2920","2920",3781,3183,3189,-0.156572335361016
"2921","2921",704,772,772,0.0965909090909091
"2922","2922",5849,5459,6347,0.0851427594460592
"2923","2923",3445,3729,3800,0.103047895500726
"2924","2924",1358,1298,1300,-0.0427098674521355
"3552","3552",1358,1298,1300,-0.0427098674521355
"14537","14537",1358,1298,1300,-0.0427098674521355
"2925","2925",1832,1830,2052,0.120087336244541
"2926","2926",4776,4685,4240,-0.112227805695142
"2927","2927",1396,1391,1401,0.00358166189111748
"2928","2928",1843,1845,1854,0.00596852957135106
"2930","2930",6988,6963,5447,-0.220520892959359
"2931","2931",7098,8379,7334,0.0332488024795717
"2932","2932",2391,2393,2579,0.0786281890422417
"2933","2933",2337,2293,2187,-0.0641848523748395
"16002","16002",2337,2293,2187,-0.0641848523748395
"2934","2934",9644,9605,7479,-0.224491912069681
"2935","2935",3999,3999,4136,0.0342585646411603
"2936","2936",4592,4594,5022,0.0936411149825784
"2937","2937",1669,1836,2172,0.301378070701019
"5013","5013",1669,1836,2172,0.301378070701019
"12855","12855",1669,1836,2172,0.301378070701019
"16338","16338",1669,1836,2172,0.301378070701019
"2938","2938",2079,2084,2107,0.0134680134680135
"2939","2939",2934,2929,2781,-0.0521472392638037
"2940","2940",1595,1595,1595,0
"2941","2941",9442,9016,9914,0.049989409023512
"2942","2942",1285,1140,1140,-0.11284046692607
"2943","2943",1773,1761,1776,0.00169204737732657
"2944","2944",4633,4995,4662,0.00625944312540471
"2945","2945",4543,4578,4169,-0.0823244552058111
"2946","2946",1592,1592,1665,0.0458542713567839
"5820","5820",1592,1592,1665,0.0458542713567839
"2947","2947",2397,2401,2652,0.106382978723404
"9822","9822",2397,2401,2652,0.106382978723404
"2948","2948",3142,2644,2432,-0.225970719287078
"2949","2949",2630,2630,2628,-0.000760456273764259
"2950","2950",1391,1391,1443,0.0373831775700935
"3369","3369",1391,1391,1443,0.0373831775700935
"7637","7637",1391,1391,1443,0.0373831775700935
"2951","2951",1736,1729,1614,-0.0702764976958525
"2952","2952",5222,5229,5029,-0.0369590195327461
"2953","2953",4461,4465,4551,0.0201748486886348
"2954","2954",5978,6100,5678,-0.0501840080294413
"2955","2955",6703,6923,5750,-0.142175145457258
"2956","2956",3305,3205,3051,-0.0768532526475038
"18744","18744",3305,3205,3051,-0.0768532526475038
"2957","2957",2562,2553,3381,0.319672131147541
"12412","12412",2562,2553,3381,0.319672131147541
"2958","2958",4173,4221,4172,-0.000239635753654445
"2959","2959",2493,2493,2530,0.0148415563578018
"2960","2960",4180,3785,3494,-0.164114832535885
"2961","2961",2554,2554,1862,-0.270947533281128
"2962","2962",1820,1827,1879,0.0324175824175824
"2963","2963",5981,5743,5900,-0.0135428858050493
"2964","2964",3082,3225,2812,-0.0876054510058404
"2965","2965",6895,6883,6452,-0.0642494561276287
"2966","2966",3145,3137,2888,-0.0817170111287758
"2967","2967",1561,1620,1976,0.265855221012172
"2968","2968",2593,2911,1918,-0.260316236020054
"2969","2969",3578,3745,3613,0.00978200111794299
"2970","2970",2602,2568,2609,0.0026902382782475
"2971","2971",1942,1843,1258,-0.35221421215242
"2972","2972",2518,2537,2385,-0.0528196981731533
"2973","2973",4507,4424,3951,-0.12336365653428
"2974","2974",1547,1453,1401,-0.0943762120232708
"2975","2975",1081,1171,984,-0.089731729879741
"2976","2976",1925,1963,2379,0.235844155844156
"3097","3097",1925,1963,2379,0.235844155844156
"2977","2977",1706,1706,1953,0.144783118405627
"2978","2978",2526,2353,2165,-0.142913697545527
"5781","5781",2526,2353,2165,-0.142913697545527
"2979","2979",2286,2181,2211,-0.0328083989501312
"17262","17262",2286,2181,2211,-0.0328083989501312
"17735","17735",2286,2181,2211,-0.0328083989501312
"2980","2980",6886,6616,6096,-0.114725530060993
"2981","2981",3534,3541,3446,-0.0249009620826259
"2982","2982",3847,3783,2905,-0.244866129451521
"2983","2983",5426,5249,5986,0.103206782159971
"2984","2984",3382,3017,2737,-0.190715552927262
"2985","2985",2319,2272,2114,-0.0884001724881414
"2986","2986",3439,3426,3158,-0.0817097993602792
"2987","2987",1336,1345,1310,-0.0194610778443114
"4292","4292",1336,1345,1310,-0.0194610778443114
"2988","2988",3220,3163,3058,-0.0503105590062112
"2989","2989",4020,4021,4182,0.0402985074626866
"2990","2990",1624,1624,1692,0.041871921182266
"2991","2991",3272,3272,3320,0.0146699266503667
"2992","2992",1320,1109,813,-0.384090909090909
"16039","16039",1320,1109,813,-0.384090909090909
"2993","2993",3447,3545,2154,-0.375108790252393
"2994","2994",3561,3222,3241,-0.089862398202752
"2995","2995",2545,2510,2310,-0.0923379174852652
"5776","5776",2545,2510,2310,-0.0923379174852652
"2996","2996",7477,7530,6756,-0.0964290490838572
"2997","2997",1781,1817,1817,0.0202133632790567
"2998","2998",2593,2593,2578,-0.00578480524489009
"2999","2999",3354,3981,3126,-0.0679785330948122
"3000","3000",4025,4023,4917,0.221614906832298
"3001","3001",4079,4010,4187,0.0264770777151263
"3002","3002",3894,3899,3612,-0.0724191063174114
"3003","3003",2862,2778,2846,-0.00559049615653389
"3004","3004",1603,1639,1614,0.00686213349968808
"3005","3005",4992,4042,6291,0.260216346153846
"3006","3006",11893,11818,11588,-0.0256453375935424
"3007","3007",3509,3497,6286,0.791393559418638
"3008","3008",2274,2242,2287,0.00571679859278804
"3009","3009",5902,5903,6052,0.0254151135208404
"3010","3010",6112,6243,6039,-0.0119437172774869
"3011","3011",4697,4927,4066,-0.134341068767298
"3012","3012",3495,3482,3316,-0.0512160228898426
"3013","3013",1093,1011,1010,-0.0759377859103385
"3014","3014",3120,2912,3013,-0.0342948717948718
"3015","3015",3292,3294,3450,0.0479951397326853
"3016","3016",5481,5489,4597,-0.161284437146506
"3017","3017",2588,2541,2635,0.018160741885626
"19860","19860",2588,2541,2635,0.018160741885626
"3018","3018",1406,1406,1978,0.406827880512091
"3019","3019",2667,2665,2534,-0.0498687664041995
"3020","3020",4832,4843,4353,-0.0991307947019868
"3021","3021",2854,2853,2823,-0.0108619481429573
"5181","5181",2854,2853,2823,-0.0108619481429573
"3022","3022",4113,4843,4717,0.146851446632628
"3023","3023",9301,9307,8653,-0.069669927964735
"3024","3024",2896,2899,2888,-0.00276243093922652
"3025","3025",1975,1970,2228,0.128101265822785
"3026","3026",1867,1881,1495,-0.19925013390466
"7592","7592",1867,1881,1495,-0.19925013390466
"3027","3027",3309,3309,3298,-0.00332426715019643
"3028","3028",2865,2918,3361,0.173123909249564
"3029","3029",2123,2123,1476,-0.304757418747056
"11682","11682",2123,2123,1476,-0.304757418747056
"3030","3030",3864,4434,3652,-0.0548654244306418
"3031","3031",2448,2439,2013,-0.177696078431373
"10125","10125",2448,2439,2013,-0.177696078431373
"3032","3032",3841,2982,3459,-0.0994532673782869
"3033","3033",4837,4837,6477,0.339053132106678
"3034","3034",2842,2839,4372,0.53835327234342
"3035","3035",4639,5253,4713,0.0159517137314076
"3036","3036",3127,3285,2946,-0.0578829549088583
"3037","3037",4351,4193,5019,0.153527924615031
"3038","3038",3264,3257,3372,0.0330882352941176
"3039","3039",10657,10901,12652,0.187200900816365
"3040","3040",1794,1784,1748,-0.0256410256410256
"4989","4989",1794,1784,1748,-0.0256410256410256
"3041","3041",1651,2196,2247,0.36099333737129
"3042","3042",3632,2810,2757,-0.2409140969163
"3043","3043",1818,1887,1938,0.066006600660066
"3044","3044",2150,2150,1959,-0.0888372093023256
"3045","3045",5294,5121,4499,-0.150170003777862
"3046","3046",5957,5057,4880,-0.180795702534833
"3047","3047",3352,3339,2755,-0.178102625298329
"3048","3048",2972,3149,3170,0.0666218034993271
"3049","3049",2561,2559,2329,-0.090589613432253
"4644","4644",2561,2559,2329,-0.090589613432253
"3050","3050",1693,1696,1804,0.0655640874187832
"3051","3051",2036,2036,2036,0
"3052","3052",10753,11540,9896,-0.0796986887380266
"3053","3053",3647,3683,3812,0.0452426652042775
"18490","18490",3647,3683,3812,0.0452426652042775
"3054","3054",1681,1739,1745,0.0380725758477097
"3055","3055",4616,4606,4735,0.0257798960138648
"3056","3056",3340,3340,3255,-0.0254491017964072
"3057","3057",2754,2730,2399,-0.128903413217139
"3058","3058",2989,2989,2728,-0.0873201739712278
"3059","3059",6322,6120,6239,-0.0131287567225562
"3060","3060",2822,2356,2726,-0.0340184266477675
"3061","3061",5587,5609,4615,-0.173975299803114
"3062","3062",3388,3386,3410,0.00649350649350649
"3063","3063",3906,4084,4087,0.0463389656938044
"3064","3064",1920,1920,1602,-0.165625
"3065","3065",7880,7819,4686,-0.405329949238579
"3066","3066",4090,4050,4127,0.00904645476772616
"14461","14461",4090,4050,4127,0.00904645476772616
"18181","18181",4090,4050,4127,0.00904645476772616
"3067","3067",2559,2049,2848,0.112934740132864
"3068","3068",4091,5624,4954,0.210950867758494
"3069","3069",3099,3068,3133,0.0109712810584059
"3070","3070",1975,2024,1979,0.0020253164556962
"3071","3071",2864,2859,3251,0.135125698324022
"3072","3072",2955,3035,2479,-0.161082910321489
"3073","3073",3895,3895,3890,-0.00128369704749679
"3074","3074",3983,3997,3749,-0.0587496861662064
"3075","3075",3693,3616,2967,-0.196588139723802
"3076","3076",2076,2393,1685,-0.188342967244701
"3173","3173",2076,2393,1685,-0.188342967244701
"13397","13397",2076,2393,1685,-0.188342967244701
"18233","18233",2076,2393,1685,-0.188342967244701
"3077","3077",6205,7030,6262,0.00918614020950846
"3078","3078",6314,6506,6873,0.0885334178017105
"3079","3079",5389,5025,4933,-0.0846168120244943
"3080","3080",9601,10120,9290,-0.0323924591188418
"3081","3081",6371,6071,6194,-0.0277821378119604
"3084","3084",3528,3265,3044,-0.13718820861678
"3085","3085",2142,2066,1782,-0.168067226890756
"3086","3086",3298,3341,3388,0.0272892662219527
"3087","3087",1974,2005,1940,-0.0172239108409321
"3088","3088",2553,2553,2326,-0.0889150019584802
"3089","3089",2128,2051,1778,-0.164473684210526
"13599","13599",2128,2051,1778,-0.164473684210526
"3090","3090",3170,3152,2393,-0.245110410094637
"3091","3091",1465,1494,1238,-0.154948805460751
"3092","3092",2897,2896,2328,-0.196410079392475
"3093","3093",2936,2811,2813,-0.0418937329700272
"17243","17243",2936,2811,2813,-0.0418937329700272
"3094","3094",6604,7142,6133,-0.071320411871593
"3095","3095",1428,1416,1550,0.0854341736694678
"3096","3096",3423,3307,3027,-0.115687992988606
"3098","3098",2449,2051,2060,-0.158840342997142
"3099","3099",1142,1258,1251,0.095446584938704
"3100","3100",2343,2719,2728,0.164319248826291
"10375","10375",2343,2719,2728,0.164319248826291
"3101","3101",1314,1314,1315,0.00076103500761035
"3102","3102",3574,3894,3737,0.0456071628427532
"3103","3103",3917,3906,6269,0.600459535358693
"3104","3104",4945,5347,5441,0.100303336703741
"3105","3105",1147,1146,1115,-0.027898866608544
"3106","3106",2969,2559,2842,-0.0427753452340855
"3107","3107",5841,5852,4030,-0.3100496490327
"3108","3108",1917,1949,2035,0.0615545122587376
"3109","3109",4116,4116,6340,0.540330417881438
"3110","3110",2371,2444,2426,0.0231969633066217
"3111","3111",2084,2078,1997,-0.041746641074856
"3112","3112",2233,2233,2271,0.0170174652933274
"3113","3113",9358,11038,9914,0.0594144047873477
"3114","3114",4322,4310,4313,-0.0020823692734845
"3115","3115",2097,2415,1947,-0.0715307582260372
"3116","3116",2960,2850,2804,-0.0527027027027027
"3118","3118",8704,9142,8174,-0.0608915441176471
"3119","3119",3623,4131,3728,0.028981507038366
"3120","3120",4408,4367,3758,-0.147459165154265
"3121","3121",9133,9085,7624,-0.165225008211979
"3122","3122",3237,4685,2676,-0.173308619091752
"3123","3123",4720,4714,4273,-0.0947033898305085
"3124","3124",3684,3436,3068,-0.167209554831705
"3125","3125",4669,4699,4816,0.0314842578710645
"3126","3126",1836,1825,1671,-0.0898692810457516
"11497","11497",1836,1825,1671,-0.0898692810457516
"3127","3127",3277,3274,3274,-0.00091547146780592
"3128","3128",3049,3085,3340,0.0954411282387668
"3129","3129",7577,7234,7320,-0.0339184373762703
"3130","3130",6787,6597,6854,0.00987181376160307
"3131","3131",1148,1148,1145,-0.00261324041811847
"3132","3132",3728,3869,3895,0.0447961373390558
"3133","3133",3166,2973,2968,-0.0625394819962097
"3134","3134",2431,2431,2387,-0.0180995475113122
"3135","3135",2233,2230,2157,-0.0340349305866547
"3136","3136",4290,4428,3629,-0.154079254079254
"3137","3137",4767,4805,4696,-0.0148940633522131
"3138","3138",4347,4118,4113,-0.0538302277432712
"3139","3139",4550,4328,3959,-0.12989010989011
"3140","3140",6920,7063,6633,-0.0414739884393064
"3141","3141",4601,4160,4190,-0.0893284068680722
"3142","3142",3176,3163,3352,0.0554156171284635
"3143","3143",6103,6182,5501,-0.0986400131083074
"3144","3144",3319,3323,3055,-0.0795420307321482
"3145","3145",5008,5046,4270,-0.147364217252396
"3146","3146",3512,3336,3598,0.0244874715261959
"3147","3147",928,1043,1044,0.125
"3148","3148",5676,5603,4276,-0.246652572233968
"3149","3149",3634,3823,3374,-0.0715465052283985
"3150","3150",1645,1653,1263,-0.232218844984802
"3151","3151",5670,5532,5535,-0.0238095238095238
"3152","3152",3943,3451,3414,-0.134161805731676
"3153","3153",4373,4292,4285,-0.0201234850217242
"3154","3154",1679,1683,1510,-0.100655151876117
"3155","3155",2516,2511,2350,-0.0659777424483307
"3156","3156",3058,3040,3148,0.0294310006540222
"3157","3157",3036,2829,2024,-0.333333333333333
"3158","3158",5345,5345,5005,-0.0636108512628625
"3159","3159",2775,2766,2877,0.0367567567567568
"3160","3160",4682,4499,4297,-0.0822298163178129
"13468","13468",4682,4499,4297,-0.0822298163178129
"15146","15146",4682,4499,4297,-0.0822298163178129
"3161","3161",1691,1691,1371,-0.189237137788291
"8015","8015",1691,1691,1371,-0.189237137788291
"14264","14264",1691,1691,1371,-0.189237137788291
"3162","3162",1247,1250,1056,-0.153167602245389
"3164","3164",3009,2958,3558,0.182452642073779
"3165","3165",11387,12366,8846,-0.223149205234039
"3166","3166",6097,6094,3920,-0.357060849598163
"3168","3168",2222,2169,1857,-0.164266426642664
"7496","7496",2222,2169,1857,-0.164266426642664
"14091","14091",2222,2169,1857,-0.164266426642664
"3169","3169",4190,4300,4236,0.0109785202863962
"12993","12993",4190,4300,4236,0.0109785202863962
"3170","3170",4372,4349,4693,0.0734217749313815
"3171","3171",4306,4426,3631,-0.156758012076173
"3172","3172",14909,15367,11601,-0.221879401703669
"3174","3174",2573,2360,2533,-0.0155460551884959
"3175","3175",1895,1895,1526,-0.194722955145119
"3176","3176",1703,1703,1621,-0.0481503229594833
"3177","3177",3774,3774,3085,-0.182564917859036
"3178","3178",4773,4192,4066,-0.148124869055102
"3179","3179",2630,2751,2678,0.0182509505703422
"3180","3180",5945,5851,5682,-0.0442388561816653
"3181","3181",1328,1340,1562,0.176204819277108
"3182","3182",2576,2579,2394,-0.0706521739130435
"3183","3183",1441,1441,1439,-0.00138792505204719
"18152","18152",1441,1441,1439,-0.00138792505204719
"3184","3184",3582,2545,2539,-0.291178112786153
"5921","5921",3582,2545,2539,-0.291178112786153
"3185","3185",4993,5085,4015,-0.195874223913479
"3186","3186",2239,2249,2046,-0.086199196069674
"3187","3187",7732,7049,7353,-0.0490170719089498
"3188","3188",2614,2614,2793,0.0684774292272379
"15637","15637",2614,2614,2793,0.0684774292272379
"3189","3189",1656,1658,1918,0.158212560386473
"3190","3190",5331,5919,4547,-0.147064340649034
"3191","3191",6614,6620,5428,-0.179316601149078
"3192","3192",4206,4729,4829,0.148121730860675
"3193","3193",3453,3476,3550,0.0280915146249638
"3194","3194",3322,3322,3437,0.0346177001806141
"4158","4158",3322,3322,3437,0.0346177001806141
"3195","3195",1733,1743,1739,0.00346220427005193
"3196","3196",4433,3256,3335,-0.247687796074893
"12958","12958",4433,3256,3335,-0.247687796074893
"3197","3197",3984,3981,3075,-0.22816265060241
"3198","3198",3465,3517,2876,-0.16998556998557
"3199","3199",2196,1984,2066,-0.0591985428051002
"3200","3200",4134,4040,3758,-0.0909530720851476
"18726","18726",4134,4040,3758,-0.0909530720851476
"3201","3201",2986,3117,2987,0.000334896182183523
"3202","3202",3547,3548,3835,0.0811953763744009
"3203","3203",1492,1419,1399,-0.0623324396782842
"3204","3204",3881,4313,4289,0.105127544447307
"4922","4922",3881,4313,4289,0.105127544447307
"3205","3205",7797,7783,7153,-0.0825958702064897
"3206","3206",7463,7463,6852,-0.0818705614364197
"3207","3207",5678,5835,4770,-0.159915463191265
"3208","3208",4234,4349,7823,0.847661785545583
"3209","3209",4457,4273,4215,-0.0542966120708997
"3210","3210",1440,1344,1424,-0.0111111111111111
"3211","3211",4303,4298,3488,-0.189402742272833
"3212","3212",3456,4049,2470,-0.285300925925926
"3213","3213",3631,3672,3680,0.0134949049848527
"3214","3214",2949,3088,3099,0.0508646998982706
"3215","3215",3535,3530,3194,-0.0964639321074965
"3216","3216",1679,1511,1416,-0.156640857653365
"3217","3217",1800,2161,1616,-0.102222222222222
"18298","18298",1800,2161,1616,-0.102222222222222
"3218","3218",1407,1648,1876,0.333333333333333
"3219","3219",4996,5271,5363,0.0734587670136109
"3220","3220",1358,1365,1378,0.0147275405007364
"3221","3221",1830,1465,2374,0.297267759562842
"3222","3222",5903,5639,4773,-0.19142808741318
"3223","3223",1677,1640,1725,0.0286225402504472
"3224","3224",6107,6102,5557,-0.090060586212543
"3225","3225",2192,2192,3015,0.375456204379562
"3226","3226",3665,3628,3605,-0.0163710777626194
"3227","3227",3010,3013,3074,0.0212624584717608
"3228","3228",2320,2102,2001,-0.1375
"3229","3229",3576,3471,3551,-0.0069910514541387
"9718","9718",3576,3471,3551,-0.0069910514541387
"11131","11131",3576,3471,3551,-0.0069910514541387
"3230","3230",4902,4926,4040,-0.175846593227254
"3231","3231",2439,2484,2449,0.00410004100041
"3232","3232",3426,3444,3502,0.0221833041447752
"3233","3233",3152,3152,3152,0
"3235","3235",2044,2052,2026,-0.00880626223091976
"3236","3236",2997,3001,2886,-0.037037037037037
"3237","3237",3498,3464,3658,0.0457404230989137
"3238","3238",3738,5383,4006,0.0716960941680043
"3239","3239",2363,2364,2248,-0.0486669487939061
"3240","3240",3570,3590,4067,0.13921568627451
"3241","3241",2260,2477,2436,0.0778761061946903
"3242","3242",6229,6371,5562,-0.107079788087976
"3243","3243",2025,2084,2090,0.0320987654320988
"3244","3244",1337,1294,1287,-0.037397157816006
"3245","3245",11405,11624,11684,0.0244629548443665
"3246","3246",1521,1725,2174,0.429322813938199
"3247","3247",1164,1250,1201,0.031786941580756
"3248","3248",3230,2901,2912,-0.0984520123839009
"3249","3249",3455,3371,3129,-0.094356005788712
"3250","3250",1633,1612,1478,-0.0949173300673607
"3251","3251",940,937,1137,0.209574468085106
"3252","3252",1855,1844,1888,0.0177897574123989
"7859","7859",1855,1844,1888,0.0177897574123989
"13616","13616",1855,1844,1888,0.0177897574123989
"3253","3253",2039,2097,2077,0.0186365865620402
"12572","12572",2039,2097,2077,0.0186365865620402
"3254","3254",2343,2345,2275,-0.0290226205719163
"15682","15682",2343,2345,2275,-0.0290226205719163
"3255","3255",2380,2380,2564,0.0773109243697479
"3256","3256",4074,4077,3810,-0.0648011782032401
"3257","3257",3746,3858,3635,-0.0296316070475174
"12812","12812",3746,3858,3635,-0.0296316070475174
"3258","3258",2349,2386,2412,0.0268199233716475
"3259","3259",2699,2577,2555,-0.0533530937384216
"4919","4919",2699,2577,2555,-0.0533530937384216
"3260","3260",2701,2713,2598,-0.0381340244353943
"3261","3261",2929,2908,3398,0.160122908842608
"3262","3262",3426,3432,3298,-0.0373613543490952
"3263","3263",7105,7413,6544,-0.0789584799437016
"3264","3264",2642,2652,2666,0.00908402725208176
"3265","3265",4491,4722,4549,0.01291471832554
"3266","3266",1473,1487,1672,0.13509843856076
"3267","3267",7135,7555,7719,0.0818500350385424
"3268","3268",2422,2417,2787,0.150701899256813
"3269","3269",4664,4567,4417,-0.052958833619211
"3270","3270",4091,4091,4093,0.000488878024932779
"3271","3271",1046,1137,1289,0.232313575525813
"3272","3272",2307,2307,2421,0.0494148244473342
"3273","3273",8660,7672,10616,0.225866050808314
"3274","3274",3088,3114,4940,0.599740932642487
"3275","3275",4109,4678,3965,-0.0350450231199805
"3277","3277",4999,5330,4568,-0.0862172434486897
"3278","3278",3295,2934,3073,-0.0673748103186646
"3279","3279",8261,7058,7064,-0.144897712141387
"3280","3280",4441,4400,3654,-0.177212339563161
"3281","3281",3814,3706,4021,0.0542737283691662
"3282","3282",3580,2634,2565,-0.283519553072626
"3283","3283",2623,2623,2481,-0.0541364849409074
"3284","3284",4081,3863,3729,-0.0862533692722372
"3285","3285",2859,2864,2645,-0.0748513466246939
"3286","3286",9383,9373,11909,0.269210273899606
"3287","3287",5123,5210,5667,0.106187780597306
"3289","3289",2752,4218,2573,-0.0650436046511628
"3290","3290",2640,2631,1806,-0.315909090909091
"15840","15840",2640,2631,1806,-0.315909090909091
"3291","3291",2543,2416,2089,-0.17852929610696
"3292","3292",8793,9558,8753,-0.00454907312635051
"3293","3293",2712,3047,2839,0.0468289085545723
"14978","14978",2712,3047,2839,0.0468289085545723
"3294","3294",2073,2085,2139,0.0318379160636758
"3295","3295",2249,2252,1978,-0.120497999110716
"3296","3296",4568,4526,4587,0.00415936952714536
"3297","3297",1310,971,867,-0.338167938931298
"3298","3298",3270,3271,2785,-0.148318042813456
"9198","9198",3270,3271,2785,-0.148318042813456
"3299","3299",10628,10780,10982,0.0333082423786225
"3300","3300",3334,3318,3295,-0.0116976604679064
"3301","3301",3398,3373,3432,0.0100058858151854
"3302","3302",3072,2952,2901,-0.0556640625
"3303","3303",1083,1073,1069,-0.012927054478301
"3304","3304",3195,3168,3201,0.00187793427230047
"3305","3305",9739,9736,9485,-0.0260807064380327
"3306","3306",9155,9780,9787,0.0690333151283452
"3307","3307",2550,2613,2360,-0.0745098039215686
"3308","3308",4901,4891,4856,-0.00918179963272801
"3309","3309",6940,6894,7821,0.126945244956772
"3310","3310",7699,7782,6399,-0.16885309780491
"3311","3311",4281,4282,4083,-0.0462508759635599
"3312","3312",6592,5537,5509,-0.164290048543689
"3313","3313",2194,1889,1966,-0.103919781221513
"3314","3314",3292,3292,5514,0.674969623329283
"3315","3315",3406,3192,3086,-0.0939518496770405
"3316","3316",15426,14431,14467,-0.0621677687021911
"3317","3317",3866,3814,3722,-0.0372478013450595
"3318","3318",1136,1269,1030,-0.0933098591549296
"6595","6595",1136,1269,1030,-0.0933098591549296
"3319","3319",4872,4965,4689,-0.0375615763546798
"3320","3320",4833,4622,4296,-0.111111111111111
"3321","3321",3352,2730,2548,-0.239856801909308
"3322","3322",2903,3144,2370,-0.183603169135377
"3323","3323",9950,9921,9278,-0.0675376884422111
"3324","3324",2340,1586,1478,-0.368376068376068
"3325","3325",6713,6801,6906,0.0287501862058692
"3326","3326",2535,2535,2593,0.022879684418146
"3327","3327",7511,7467,4963,-0.33923578751165
"3328","3328",2665,2242,2340,-0.121951219512195
"3329","3329",7615,9458,9015,0.183847669074196
"3330","3330",5183,5183,5919,0.142002701138337
"3331","3331",1884,1889,1768,-0.0615711252653928
"14873","14873",1884,1889,1768,-0.0615711252653928
"3333","3333",8269,7982,7083,-0.143427258435119
"3334","3334",1397,863,863,-0.382247673586256
"3335","3335",2324,2314,1724,-0.258175559380379
"3336","3336",1108,1108,1170,0.055956678700361
"7258","7258",1108,1108,1170,0.055956678700361
"3337","3337",2476,2477,2490,0.00565428109854604
"3338","3338",3543,3471,3764,0.0623765170759244
"3339","3339",4171,4163,4026,-0.0347638456005754
"3341","3341",1320,1316,1481,0.121969696969697
"3342","3342",2793,2503,2468,-0.116362334407447
"3343","3343",2977,2922,2929,-0.0161236143768895
"3344","3344",2308,2440,2528,0.0953206239168111
"3345","3345",3239,3239,2482,-0.233714109292992
"3346","3346",3127,3125,2970,-0.0502078669651423
"3348","3348",4625,4656,4920,0.0637837837837838
"3349","3349",2227,2220,2261,0.0152671755725191
"3350","3350",4323,4633,3681,-0.148507980569049
"3351","3351",2986,2986,2725,-0.0874079035498995
"17621","17621",2986,2986,2725,-0.0874079035498995
"3352","3352",4520,4552,4956,0.0964601769911504
"3353","3353",2293,2293,2641,0.151766245093764
"19055","19055",2293,2293,2641,0.151766245093764
"3354","3354",1030,1030,1030,0
"3355","3355",3167,3724,3377,0.0663088095989896
"3356","3356",7630,7802,7212,-0.05478374836173
"3357","3357",4190,4171,4426,0.0563245823389021
"3358","3358",1753,1836,1772,0.0108385624643468
"3359","3359",5096,5066,3487,-0.315737833594976
"3360","3360",3451,3451,4306,0.247754274123442
"3361","3361",2779,2816,2791,0.00431810003598417
"14005","14005",2779,2816,2791,0.00431810003598417
"3362","3362",2903,2911,2923,0.00688942473303479
"3363","3363",3131,3039,3108,-0.00734589587991057
"3364","3364",7477,7472,7189,-0.0385181222415407
"3365","3365",12896,12823,11654,-0.0963089330024814
"3366","3366",957,854,874,-0.0867293625914316
"3367","3367",6055,6009,5295,-0.125516102394715
"3368","3368",2621,2659,2789,0.064097672644029
"4447","4447",2621,2659,2789,0.064097672644029
"10986","10986",2621,2659,2789,0.064097672644029
"13111","13111",2621,2659,2789,0.064097672644029
"3370","3370",2339,2341,2300,-0.016673792218897
"3371","3371",7921,8216,7093,-0.104532256028279
"3372","3372",778,786,822,0.0565552699228792
"10031","10031",778,786,822,0.0565552699228792
"3373","3373",2052,2055,2091,0.0190058479532164
"3374","3374",5975,5974,5919,-0.00937238493723849
"3375","3375",2083,2252,2303,0.105616898703793
"3376","3376",3701,3701,3611,-0.02431775195893
"11482","11482",3701,3701,3611,-0.02431775195893
"3377","3377",4671,4652,4711,0.00856347677156926
"3378","3378",4830,5046,4043,-0.162939958592133
"3379","3379",4848,4848,5111,0.0542491749174917
"3380","3380",3327,3145,2952,-0.112714156898106
"3381","3381",2135,2137,2085,-0.0234192037470726
"3382","3382",4776,4785,4009,-0.160594639865997
"3383","3383",3058,3050,3151,0.0304120340091563
"3384","3384",3032,2699,2761,-0.0893799472295514
"3385","3385",2150,2095,1865,-0.132558139534884
"8599","8599",2150,2095,1865,-0.132558139534884
"11870","11870",2150,2095,1865,-0.132558139534884
"3387","3387",4779,4972,3773,-0.210504289600335
"3388","3388",2247,2264,1877,-0.164663996439697
"3389","3389",4677,4652,4643,-0.00726961727603164
"3390","3390",2824,2944,2831,0.00247875354107649
"3391","3391",3192,3147,3329,0.0429197994987469
"3392","3392",3041,2860,2914,-0.0417625780993094
"3393","3393",4454,4456,5187,0.164571171980242
"3394","3394",3229,3611,2842,-0.119851347166305
"3395","3395",2188,2087,2089,-0.0452468007312614
"3396","3396",1991,1991,2050,0.029633350075339
"3397","3397",1637,1637,1489,-0.0904092852779475
"3398","3398",1977,1969,1691,-0.144663631765301
"3399","3399",5358,5380,5325,-0.00615901455767077
"3400","3400",3494,3301,3319,-0.0500858614768174
"3401","3401",2726,2351,3151,0.155906089508437
"9324","9324",2726,2351,3151,0.155906089508437
"10988","10988",2726,2351,3151,0.155906089508437
"3402","3402",2944,2944,3240,0.10054347826087
"3403","3403",6767,6915,6313,-0.0670902911186641
"3404","3404",1898,1898,2054,0.0821917808219178
"3405","3405",1342,1345,1305,-0.0275707898658718
"3406","3406",4689,4671,4181,-0.108338664960546
"3407","3407",2491,2493,2297,-0.0778803693295865
"3408","3408",2333,2800,2872,0.231033004714959
"4750","4750",2333,2800,2872,0.231033004714959
"3409","3409",4826,3747,3684,-0.23663489432242
"3410","3410",2269,2269,2477,0.0916703393565447
"3411","3411",4314,4867,3852,-0.107093184979138
"7923","7923",4314,4867,3852,-0.107093184979138
"18958","18958",4314,4867,3852,-0.107093184979138
"3412","3412",2860,2863,2566,-0.102797202797203
"3413","3413",3332,3325,3262,-0.0210084033613445
"3414","3414",4079,4233,4372,0.0718313312086296
"3415","3415",3191,2628,2850,-0.106863052334691
"3416","3416",2309,2290,2301,-0.00346470333477696
"5704","5704",2309,2290,2301,-0.00346470333477696
"3417","3417",4498,4428,4464,-0.00755891507336594
"3418","3418",5383,5485,4561,-0.152702953743266
"3420","3420",2933,5578,5642,0.9236276849642
"3421","3421",4313,3948,4074,-0.0554138650591236
"3422","3422",3921,3231,3284,-0.162458556490691
"3423","3423",6835,7010,6839,0.000585223116313094
"3424","3424",2423,1957,1939,-0.199752373091209
"3425","3425",4102,4102,4069,-0.00804485616772306
"3426","3426",3398,3053,4040,0.188934667451442
"3427","3427",3178,3178,2928,-0.078665827564506
"3429","3429",6112,4510,4277,-0.300229057591623
"3430","3430",6995,6467,7058,0.00900643316654753
"3431","3431",8007,8087,7969,-0.0047458473835394
"3432","3432",7737,7707,7811,0.00956443065787773
"3434","3434",3734,3911,3979,0.0656132833422603
"3435","3435",2460,2667,2762,0.122764227642276
"3436","3436",4578,4485,4279,-0.0653123634775011
"3437","3437",1887,1872,1800,-0.0461049284578696
"10932","10932",1887,1872,1800,-0.0461049284578696
"3438","3438",6387,6363,6806,0.0656020040707687
"3439","3439",2757,2760,2718,-0.014145810663765
"3440","3440",7270,7242,6678,-0.0814305364511692
"3441","3441",10674,9441,10275,-0.037380550871276
"3442","3442",3930,4465,3812,-0.0300254452926209
"3443","3443",3247,2939,5457,0.680628272251309
"3444","3444",1736,1738,1719,-0.0097926267281106
"3445","3445",1954,1954,1921,-0.0168884339815763
"8142","8142",1954,1954,1921,-0.0168884339815763
"3446","3446",2175,2175,2174,-0.000459770114942529
"3447","3447",3213,3145,2836,-0.117335823218176
"3448","3448",2660,3108,2809,0.056015037593985
"18439","18439",2660,3108,2809,0.056015037593985
"3449","3449",2084,2071,2871,0.37763915547025
"3450","3450",1680,1680,1676,-0.00238095238095238
"3451","3451",3525,3511,1566,-0.555744680851064
"3452","3452",1635,1283,1593,-0.0256880733944954
"17105","17105",1635,1283,1593,-0.0256880733944954
"3453","3453",3933,3933,3876,-0.0144927536231884
"3454","3454",3935,3411,3236,-0.177636594663278
"3455","3455",10871,11554,8241,-0.241928065495355
"3456","3456",1972,2097,2211,0.121196754563895
"3457","3457",3305,3355,3444,0.0420574886535552
"3458","3458",5248,5100,5393,0.0276295731707317
"5390","5390",5248,5100,5393,0.0276295731707317
"3459","3459",11666,10076,11038,-0.0538316475227156
"3460","3460",2114,2146,1982,-0.0624408703878903
"3461","3461",1966,2002,2004,0.0193285859613428
"3462","3462",4320,4317,4584,0.0611111111111111
"3463","3463",2200,2200,2198,-0.000909090909090909
"3464","3464",4204,3905,3330,-0.207897240723121
"3465","3465",2091,2155,2612,0.249163079866093
"3466","3466",2384,2402,1942,-0.185402684563758
"3467","3467",2551,2275,2223,-0.128577028616229
"14436","14436",2551,2275,2223,-0.128577028616229
"3468","3468",1598,1646,1580,-0.0112640801001252
"14809","14809",1598,1646,1580,-0.0112640801001252
"3469","3469",4870,4568,4606,-0.0542094455852156
"3470","3470",1544,1544,1546,0.00129533678756477
"3471","3471",1603,1602,1882,0.174048658764816
"3473","3473",1640,1641,1469,-0.104268292682927
"3474","3474",3004,3031,2882,-0.040612516644474
"3475","3475",3624,3902,4774,0.317328918322296
"3476","3476",3831,3831,3880,0.0127903941529627
"12972","12972",3831,3831,3880,0.0127903941529627
"3477","3477",3266,3267,2908,-0.109614206981017
"3478","3478",4814,4449,4337,-0.0990859991690902
"3480","3480",4898,4803,5122,0.0457329522253981
"14606","14606",4898,4803,5122,0.0457329522253981
"3481","3481",528,594,533,0.00946969696969697
"3482","3482",1900,1902,1795,-0.0552631578947368
"3483","3483",1541,1540,1192,-0.226476314081765
"3484","3484",1798,1793,1790,-0.00444938820912125
"3485","3485",10902,10904,8421,-0.22757292239956
"3486","3486",5241,5234,5161,-0.0152642625453158
"3487","3487",1974,1974,2009,0.0177304964539007
"3488","3488",2036,1972,1935,-0.0496070726915521
"12217","12217",2036,1972,1935,-0.0496070726915521
"3489","3489",4700,4573,4662,-0.00808510638297872
"3490","3490",12112,12218,11290,-0.0678665785997358
"3491","3491",8292,7986,8126,-0.0200192957067053
"3492","3492",847,856,2163,1.55371900826446
"3493","3493",861,855,900,0.0452961672473868
"18236","18236",861,855,900,0.0452961672473868
"3494","3494",8963,8919,7638,-0.147829967644762
"3495","3495",5127,4848,4785,-0.0667056758338209
"3496","3496",2336,2336,2181,-0.0663527397260274
"3497","3497",3213,3124,3174,-0.0121381886087768
"3498","3498",1749,1749,1825,0.043453401943968
"3499","3499",3002,3725,2954,-0.0159893404397069
"3500","3500",1252,921,1272,0.0159744408945687
"3501","3501",3533,3505,3252,-0.0795358052646476
"3502","3502",3828,3826,3377,-0.117816091954023
"3503","3503",2856,2856,2787,-0.0241596638655462
"3504","3504",4449,4496,4372,-0.0173072600584401
"3505","3505",2966,2876,2439,-0.177680377612947
"3506","3506",5062,5282,4748,-0.0620308178585539
"3507","3507",5977,5862,4313,-0.278400535385645
"3508","3508",2960,2958,2845,-0.0388513513513514
"3509","3509",1734,1737,1727,-0.00403690888119954
"3510","3510",9269,9176,8283,-0.106376092350847
"3511","3511",2156,2053,2172,0.00742115027829314
"3512","3512",11674,10710,13454,0.152475586774028
"3514","3514",2666,2892,2794,0.0480120030007502
"3515","3515",2011,1828,1707,-0.151168572849329
"3516","3516",4672,4387,4546,-0.0269691780821918
"3518","3518",3743,3729,3449,-0.0785466203580016
"3519","3519",3470,3474,3710,0.069164265129683
"3520","3520",5995,6150,5308,-0.114595496246872
"3521","3521",3896,3852,3859,-0.00949691991786448
"3522","3522",1144,1105,965,-0.156468531468531
"3523","3523",4327,4598,4874,0.126415530390571
"3524","3524",1391,1479,1315,-0.0546369518332135
"3525","3525",4424,4410,4099,-0.0734629294755877
"3526","3526",5559,7012,4966,-0.106673862205433
"3527","3527",1690,1777,1830,0.0828402366863905
"3528","3528",3808,3755,5107,0.341123949579832
"3529","3529",1940,1950,1840,-0.0515463917525773
"3530","3530",2371,2123,2094,-0.116828342471531
"8250","8250",2371,2123,2094,-0.116828342471531
"3531","3531",3970,4762,4206,0.0594458438287154
"3532","3532",8357,8374,8318,-0.00466674644011009
"3533","3533",1691,1685,1541,-0.0887049083382614
"3534","3534",1374,1466,1335,-0.0283842794759825
"3535","3535",1382,1337,1456,0.0535455861070912
"3536","3536",7812,7735,6743,-0.1368407578085
"3537","3537",2238,2365,2355,0.0522788203753351
"3538","3538",4482,4482,3947,-0.119366354306113
"3539","3539",2472,2472,1555,-0.370954692556634
"9050","9050",2472,2472,1555,-0.370954692556634
"3540","3540",5570,5541,5427,-0.025673249551167
"3541","3541",7495,7805,6537,-0.127818545697131
"3542","3542",3003,2658,2658,-0.114885114885115
"3543","3543",3452,3451,2123,-0.384994206257242
"3544","3544",6194,6415,6256,0.0100096867936713
"3545","3545",456,456,453,-0.00657894736842105
"3546","3546",7015,6739,6170,-0.120456165359943
"3547","3547",1806,1806,2086,0.155038759689922
"6851","6851",1806,1806,2086,0.155038759689922
"12685","12685",1806,1806,2086,0.155038759689922
"3548","3548",1995,1855,1832,-0.0817042606516291
"3549","3549",1159,1159,1172,0.0112165660051769
"3550","3550",4018,4732,3958,-0.0149328023892484
"3551","3551",4903,4896,4737,-0.033856822353661
"3553","3553",2307,2310,2227,-0.0346770697876029
"3554","3554",1838,1841,1851,0.00707290533188248
"3555","3555",1810,1817,1719,-0.0502762430939227
"15745","15745",1810,1817,1719,-0.0502762430939227
"3556","3556",4047,4385,3762,-0.0704225352112676
"3557","3557",4533,4513,4313,-0.0485329803662034
"3558","3558",2800,2847,2939,0.0496428571428571
"14935","14935",2800,2847,2939,0.0496428571428571
"3559","3559",2008,1995,2008,0
"3560","3560",4428,4068,3708,-0.16260162601626
"3561","3561",3225,3291,3190,-0.0108527131782946
"3562","3562",2200,2144,1972,-0.103636363636364
"3563","3563",3445,3445,3574,0.0374455732946299
"3565","3565",4548,4622,4424,-0.0272647317502199
"3566","3566",1657,1664,1492,-0.0995775497887749
"3773","3773",1657,1664,1492,-0.0995775497887749
"13898","13898",1657,1664,1492,-0.0995775497887749
"3567","3567",7760,7746,6953,-0.103994845360825
"3568","3568",4080,4079,4067,-0.00318627450980392
"3569","3569",3787,3219,3212,-0.151835225772379
"3570","3570",3284,3236,2889,-0.120280146163216
"3571","3571",3284,3275,3424,0.0426309378806334
"3572","3572",1377,1733,1527,0.108932461873638
"19941","19941",1377,1733,1527,0.108932461873638
"3573","3573",3397,3273,3009,-0.114218428024728
"3575","3575",1120,1455,954,-0.148214285714286
"7216","7216",1120,1455,954,-0.148214285714286
"14412","14412",1120,1455,954,-0.148214285714286
"3576","3576",5040,5033,5328,0.0571428571428571
"3577","3577",3010,3010,3009,-0.000332225913621262
"3578","3578",2178,2170,2167,-0.00505050505050505
"3579","3579",8848,7425,6939,-0.215754972875226
"3580","3580",3493,3446,3001,-0.140853134841111
"3581","3581",2099,2094,1794,-0.145307289185326
"11351","11351",2099,2094,1794,-0.145307289185326
"3582","3582",2466,2564,2490,0.0097323600973236
"3583","3583",2913,2790,2843,-0.0240302094061105
"3584","3584",917,1072,1074,0.171210468920393
"3585","3585",4321,4398,4473,0.0351770423513076
"3586","3586",8770,8760,9268,0.0567844925883694
"3587","3587",1799,1801,1897,0.0544747081712062
"4999","4999",1799,1801,1897,0.0544747081712062
"3588","3588",4719,4622,4511,-0.0440771349862259
"3589","3589",4126,4125,3584,-0.131362094037809
"3590","3590",997,997,974,-0.0230692076228686
"3592","3592",4499,4484,4105,-0.0875750166703712
"3593","3593",5071,4493,4057,-0.199960560047328
"3594","3594",6415,6999,5846,-0.0886983632112237
"3595","3595",9175,10139,10271,0.119455040871935
"3596","3596",2033,2032,1932,-0.0496802754549926
"3597","3597",2721,2721,2688,-0.0121278941565601
"3598","3598",3224,3349,3445,0.0685483870967742
"3599","3599",3356,3412,3410,0.0160905840286055
"3600","3600",2898,2930,2528,-0.127674258109041
"3601","3601",6073,4956,4156,-0.315659476370822
"3602","3602",2711,2677,2816,0.0387310955367023
"3603","3603",4403,4403,4403,0
"7419","7419",4403,4403,4403,0
"3604","3604",8395,8400,7578,-0.0973198332340679
"3605","3605",5064,5103,5019,-0.00888625592417062
"3606","3606",3608,3608,3259,-0.0967294900221729
"3607","3607",1590,921,921,-0.420754716981132
"3608","3608",3982,3987,3924,-0.0145655449522853
"13547","13547",3982,3987,3924,-0.0145655449522853
"3609","3609",7191,7217,7809,0.0859407592824364
"3610","3610",2957,2874,2770,-0.0632397700371999
"3611","3611",8883,9656,8529,-0.0398514015535292
"3612","3612",1844,1844,1824,-0.0108459869848156
"3613","3613",6011,6006,6247,0.039261354183996
"3614","3614",6928,6919,10832,0.5635103926097
"3615","3615",1698,1510,1488,-0.123674911660777
"3616","3616",9375,8230,5968,-0.363413333333333
"3617","3617",1563,1563,1578,0.00959692898272553
"3618","3618",2294,2384,2344,0.021795989537925
"7133","7133",2294,2384,2344,0.021795989537925
"3620","3620",3632,3638,3310,-0.0886563876651982
"3621","3621",3364,3155,2746,-0.183709869203329
"3622","3622",1350,1285,1432,0.0607407407407407
"12417","12417",1350,1285,1432,0.0607407407407407
"3623","3623",3502,3751,3833,0.0945174186179326
"3624","3624",7174,8438,8426,0.174519096738221
"3625","3625",2175,2469,2050,-0.0574712643678161
"3626","3626",1288,1288,1288,0
"3627","3627",9046,9013,9447,0.0443289851868229
"3628","3628",1537,1480,1531,-0.00390370852309694
"10338","10338",1537,1480,1531,-0.00390370852309694
"3629","3629",2463,2407,2016,-0.181485992691839
"3630","3630",3712,3216,3216,-0.133620689655172
"3631","3631",12537,12643,12471,-0.00526441732471883
"3632","3632",1544,1457,1489,-0.0356217616580311
"3634","3634",5136,4761,4717,-0.0815809968847352
"3635","3635",1948,2102,1985,0.018993839835729
"13030","13030",1948,2102,1985,0.018993839835729
"19934","19934",1948,2102,1985,0.018993839835729
"3636","3636",2639,2950,2945,0.115953012504737
"3637","3637",1768,1663,1585,-0.103506787330317
"3638","3638",3882,3862,4218,0.0865533230293663
"5955","5955",3882,3862,4218,0.0865533230293663
"3639","3639",6275,6276,6267,-0.00127490039840637
"3640","3640",4964,4955,4468,-0.0999194198227236
"3641","3641",2501,2501,2358,-0.0571771291483407
"3642","3642",10431,10714,9788,-0.0616431789857157
"3643","3643",2249,2131,2180,-0.0306803023566029
"3644","3644",4104,4086,3715,-0.0947855750487329
"3645","3645",5611,5330,4642,-0.172696489039387
"3646","3646",8064,9239,8756,0.0858134920634921
"3647","3647",1830,1830,1849,0.0103825136612022
"3648","3648",5272,5272,4958,-0.0595599393019727
"3649","3649",2449,2434,2246,-0.0828909759085341
"3650","3650",6230,7612,7879,0.264686998394864
"3651","3651",2961,2952,6643,1.2434988179669
"3652","3652",2618,2551,2600,-0.00687547746371276
"3653","3653",5314,5210,5338,0.00451637184794881
"3654","3654",1386,1386,1705,0.23015873015873
"12073","12073",1386,1386,1705,0.23015873015873
"3656","3656",10733,10679,10775,0.00391316500512438
"3657","3657",6180,6180,6612,0.0699029126213592
"3658","3658",3986,3915,3937,-0.0122930255895635
"3659","3659",2190,1806,1897,-0.1337899543379
"10406","10406",2190,1806,1897,-0.1337899543379
"3660","3660",6717,6717,6868,0.0224802739318148
"3661","3661",2326,2577,3758,0.615649183147034
"3662","3662",715,718,636,-0.11048951048951
"3663","3663",4961,4722,4183,-0.156823221124773
"3664","3664",2984,3064,3019,0.0117292225201072
"3665","3665",7253,7276,6273,-0.135116503515787
"3666","3666",4460,4131,3731,-0.163452914798206
"5334","5334",4460,4131,3731,-0.163452914798206
"3667","3667",1583,1821,1806,0.140871762476311
"3668","3668",3973,3977,4181,0.0523533853511201
"3669","3669",3042,3017,3039,-0.000986193293885602
"3670","3670",3907,3907,3410,-0.12720757614538
"3671","3671",4541,4486,4458,-0.018277912354107
"3672","3672",1583,1821,1806,0.140871762476311
"3673","3673",5340,5028,4355,-0.184456928838951
"3674","3674",2421,2413,1994,-0.176373399421727
"3675","3675",5122,4696,4767,-0.0693088637251074
"3676","3676",2257,2283,2284,0.0119627824545857
"3677","3677",8300,8310,7524,-0.0934939759036145
"3678","3678",3194,3200,3539,0.108015028177833
"3685","3685",3194,3200,3539,0.108015028177833
"5205","5205",3194,3200,3539,0.108015028177833
"3679","3679",2902,2895,2591,-0.107167470709855
"3680","3680",2571,2466,2544,-0.0105017502917153
"6553","6553",2571,2466,2544,-0.0105017502917153
"12573","12573",2571,2466,2544,-0.0105017502917153
"15317","15317",2571,2466,2544,-0.0105017502917153
"3681","3681",2748,2736,2551,-0.071688500727802
"3682","3682",6006,5997,9232,0.537129537129537
"3683","3683",863,843,941,0.0903823870220162
"3684","3684",7299,7239,9800,0.342649678038087
"3686","3686",3096,3086,3118,0.00710594315245478
"3687","3687",4304,4489,4845,0.125697026022305
"3688","3688",5619,5479,4779,-0.149492792311799
"3689","3689",2742,2735,2001,-0.270240700218818
"3690","3690",2579,2570,2509,-0.0271423032183017
"3691","3691",7832,7815,8002,0.02170582226762
"3692","3692",3412,3406,3423,0.00322391559202814
"3693","3693",5409,5020,6154,0.137733407284156
"3694","3694",2534,2537,2128,-0.160220994475138
"3695","3695",1684,1661,1788,0.0617577197149644
"8110","8110",1684,1661,1788,0.0617577197149644
"3696","3696",5956,5902,7662,0.286433848220282
"3697","3697",4542,4551,5521,0.215543813298107
"3698","3698",1001,1001,996,-0.004995004995005
"3699","3699",2137,2135,3755,0.757136172204024
"3700","3700",8586,9470,8407,-0.0208478919170743
"3701","3701",1607,1607,1608,0.000622277535780958
"3702","3702",13566,13626,13615,0.00361197110423117
"3703","3703",2774,2242,2877,0.0371304974765681
"3704","3704",3528,3601,3286,-0.06859410430839
"3705","3705",1473,1364,1415,-0.0393754243041412
"3706","3706",1628,1628,1695,0.0411547911547912
"3707","3707",3321,3320,3116,-0.0617283950617284
"3708","3708",1181,1183,1219,0.0321761219305673
"3709","3709",6619,6755,6551,-0.0102734552047137
"3710","3710",2452,2438,2408,-0.0179445350734095
"3711","3711",1594,1593,1887,0.183814303638645
"3712","3712",4612,4919,4663,0.0110581092801388
"3713","3713",1299,1293,1156,-0.11008468052348
"3714","3714",2854,2854,2824,-0.0105115627189909
"3715","3715",1417,1498,1353,-0.0451658433309809
"10392","10392",1417,1498,1353,-0.0451658433309809
"3716","3716",1967,2019,2262,0.149974580579563
"18536","18536",1967,2019,2262,0.149974580579563
"3717","3717",3583,3315,2750,-0.232486742952833
"3718","3718",2526,2526,2559,0.0130641330166271
"3719","3719",4765,4794,4697,-0.0142707240293809
"3720","3720",1607,1612,1603,-0.00248911014312383
"3721","3721",5627,5618,5976,0.0620223920383864
"3723","3723",1655,1664,1654,-0.000604229607250755
"3724","3724",7015,7024,7074,0.00841054882394868
"3725","3725",3169,3169,2930,-0.075418112969391
"3726","3726",1203,1030,1009,-0.161263507896924
"10048","10048",1203,1030,1009,-0.161263507896924
"3727","3727",3035,3035,3090,0.0181219110378913
"3728","3728",3375,3375,3253,-0.0361481481481482
"3729","3729",2565,2876,2651,0.0335282651072125
"3730","3730",4297,4080,4076,-0.0514312310914592
"3732","3732",1180,1137,1133,-0.0398305084745763
"3733","3733",824,804,844,0.0242718446601942
"7699","7699",824,804,844,0.0242718446601942
"3735","3735",5670,5518,5414,-0.0451499118165785
"3736","3736",3184,3225,3301,0.0367462311557789
"3737","3737",7500,7804,7528,0.00373333333333333
"3738","3738",9588,10101,10123,0.0557989153108052
"3739","3739",3744,3664,3290,-0.121260683760684
"3740","3740",4956,4676,4677,-0.0562953995157385
"3741","3741",3959,3965,3972,0.00328365748926497
"3743","3743",2681,2749,2562,-0.0443864229765013
"3744","3744",8495,8819,9488,0.116892289582107
"3745","3745",5120,5126,4774,-0.067578125
"14989","14989",5120,5126,4774,-0.067578125
"3746","3746",3413,3442,3884,0.138001757984178
"3747","3747",7294,7085,6914,-0.0520976144776529
"3748","3748",7467,7437,5186,-0.305477434043123
"3749","3749",2611,2552,3157,0.20911528150134
"3750","3750",4563,4609,4577,0.00306815691431076
"3751","3751",1937,1921,2153,0.1115126484254
"3752","3752",3888,4155,4157,0.0691872427983539
"3753","3753",1926,1750,1915,-0.00571131879543095
"5614","5614",1926,1750,1915,-0.00571131879543095
"3754","3754",2108,2108,2039,-0.0327324478178368
"3755","3755",1295,1291,1441,0.112741312741313
"3756","3756",5072,4828,5291,0.0431782334384858
"3757","3757",5434,5244,5065,-0.0679057784320942
"3758","3758",4294,4297,4545,0.0584536562645552
"3759","3759",3663,3521,3144,-0.141687141687142
"3760","3760",1887,1870,2021,0.0710121886592475
"3761","3761",5348,5344,4976,-0.0695587135377711
"3762","3762",4102,3718,3925,-0.0431496830814237
"3763","3763",1782,1783,1618,-0.0920314253647587
"3764","3764",3430,2392,2428,-0.292128279883382
"3765","3765",4029,4288,4894,0.214693472325639
"5465","5465",4029,4288,4894,0.214693472325639
"3766","3766",11282,13950,12300,0.0902322283283106
"3767","3767",1955,1953,2031,0.0388746803069054
"3768","3768",3520,3617,3776,0.0727272727272727
"3769","3769",2189,2122,2203,0.00639561443581544
"16225","16225",2189,2122,2203,0.00639561443581544
"3770","3770",1953,1953,1614,-0.17357910906298
"3771","3771",6556,6620,6109,-0.0681818181818182
"3772","3772",4535,4567,2839,-0.373980154355017
"3774","3774",2971,2967,2813,-0.0531807472231572
"3775","3775",3783,3794,3311,-0.12476870208829
"3776","3776",5340,7780,4783,-0.104307116104869
"3777","3777",3814,3801,3363,-0.118248557944415
"3778","3778",6894,6350,6384,-0.0739773716275022
"3779","3779",4121,3996,3978,-0.0347003154574132
"3780","3780",4284,3863,3729,-0.129551820728291
"15735","15735",4284,3863,3729,-0.129551820728291
"3781","3781",3876,3826,3380,-0.12796697626419
"3782","3782",1878,1880,1850,-0.0149094781682641
"5341","5341",1878,1880,1850,-0.0149094781682641
"3783","3783",1595,1545,1545,-0.0313479623824451
"3784","3784",2136,2207,2139,0.00140449438202247
"3785","3785",8577,8650,7514,-0.123936108196339
"3786","3786",3749,3749,3288,-0.122966124299813
"3787","3787",4563,4563,4887,0.0710059171597633
"3788","3788",3592,3592,3088,-0.140311804008909
"19850","19850",3592,3592,3088,-0.140311804008909
"3789","3789",4159,4152,3068,-0.262322673719644
"3790","3790",5497,5467,5566,0.0125523012552301
"3791","3791",1260,1252,1251,-0.00714285714285714
"3792","3792",2908,3025,3025,0.0402338376891334
"3793","3793",10023,10121,9277,-0.0744288137284246
"3794","3794",1683,1680,1702,0.0112893642305407
"8871","8871",1683,1680,1702,0.0112893642305407
"3795","3795",11599,12042,8552,-0.262695059918959
"3796","3796",2674,2674,2796,0.0456245325355273
"3797","3797",7753,7970,6628,-0.145105120598478
"3798","3798",3700,3695,3687,-0.00351351351351351
"3799","3799",3966,3598,3545,-0.106152294503278
"3800","3800",2869,2942,2699,-0.0592540955036598
"3801","3801",2681,2681,2522,-0.0593062290190228
"3802","3802",5251,5937,5485,0.0445629403923062
"3803","3803",3318,3629,3296,-0.00663050030138638
"3804","3804",4618,4126,4099,-0.112386314421828
"3805","3805",1532,1120,1120,-0.268929503916449
"3806","3806",4187,4047,4146,-0.00979221399570098
"3807","3807",4163,4160,4228,0.0156137400912803
"3808","3808",2118,2118,1845,-0.128895184135977
"8726","8726",2118,2118,1845,-0.128895184135977
"3809","3809",2143,2084,2241,0.0457302846476902
"3810","3810",5841,5843,4857,-0.168464304057524
"3811","3811",2375,2375,2354,-0.00884210526315789
"3812","3812",3702,4005,3138,-0.152350081037277
"3813","3813",3044,2967,2969,-0.0246386333771353
"3814","3814",1232,1133,1081,-0.122564935064935
"3815","3815",3046,4146,3093,0.01543007222587
"3816","3816",3846,4020,3671,-0.0455018200728029
"3817","3817",8039,9392,8235,0.0243811419330763
"3818","3818",11159,11891,10379,-0.0698987364459181
"3819","3819",1196,978,1328,0.110367892976589
"3820","3820",1570,1777,1784,0.136305732484076
"14952","14952",1570,1777,1784,0.136305732484076
"3821","3821",970,971,1242,0.280412371134021
"3822","3822",4254,4254,4262,0.00188058298072402
"3823","3823",7735,8004,8909,0.151777634130575
"3824","3824",1883,1885,2030,0.0780669144981413
"16637","16637",1883,1885,2030,0.0780669144981413
"3825","3825",1752,1354,1432,-0.182648401826484
"18217","18217",1752,1354,1432,-0.182648401826484
"3826","3826",4716,3796,3813,-0.19147582697201
"3827","3827",1187,1185,1186,-0.0008424599831508
"7638","7638",1187,1185,1186,-0.0008424599831508
"3828","3828",1617,1625,1554,-0.038961038961039
"4780","4780",1617,1625,1554,-0.038961038961039
"3829","3829",3297,3222,3218,-0.0239611768274189
"3831","3831",2788,2703,3035,0.0885939741750359
"3832","3832",2582,2583,2760,0.0689388071262587
"3833","3833",1584,1578,1528,-0.0353535353535354
"3834","3834",2004,2004,2004,0
"3835","3835",960,960,1123,0.169791666666667
"10194","10194",960,960,1123,0.169791666666667
"3836","3836",7349,7435,7361,0.00163287522111852
"3837","3837",1747,1456,2234,0.278763594733829
"6035","6035",1747,1456,2234,0.278763594733829
"3838","3838",1975,2171,2111,0.0688607594936709
"3839","3839",2467,2428,2129,-0.137008512363194
"3840","3840",4630,4368,4412,-0.0470842332613391
"3841","3841",2153,2153,2127,-0.0120761727821644
"3843","3843",4062,3977,3626,-0.107336287543082
"3844","3844",1844,1537,1618,-0.122559652928416
"3845","3845",3479,3710,3828,0.100316182811153
"3846","3846",9244,9136,8989,-0.0275854608394634
"3847","3847",3349,3351,3196,-0.0456852791878173
"3848","3848",8878,8370,8212,-0.0750168956972291
"3849","3849",7986,8018,8185,0.0249186075632357
"3850","3850",1868,1868,1866,-0.00107066381156317
"3851","3851",8163,8460,8073,-0.0110253583241455
"3852","3852",11009,11055,11477,0.0425106730856572
"3853","3853",1436,1422,1305,-0.0912256267409471
"3854","3854",5787,5497,5222,-0.097632624848799
"3855","3855",1216,1228,1256,0.0328947368421053
"3856","3856",2684,2687,2522,-0.0603576751117735
"4531","4531",2684,2687,2522,-0.0603576751117735
"13830","13830",2684,2687,2522,-0.0603576751117735
"3857","3857",1533,1590,1610,0.0502283105022831
"3858","3858",1996,2005,1918,-0.0390781563126252
"3859","3859",2445,2442,2965,0.212678936605317
"3860","3860",12382,12875,11358,-0.0827006945566144
"3861","3861",4733,4470,4592,-0.0297908303401648
"3862","3862",3279,3068,2780,-0.152180542848429
"3863","3863",2023,1588,1378,-0.318833415719229
"3864","3864",2505,2023,2233,-0.108582834331337
"14677","14677",2505,2023,2233,-0.108582834331337
"3865","3865",4438,4479,3913,-0.118296529968454
"3866","3866",8658,8670,7619,-0.12000462000462
"3867","3867",2518,2515,2791,0.108419380460683
"3868","3868",1586,1517,1516,-0.0441361916771753
"3869","3869",2436,2436,2459,0.00944170771756979
"3870","3870",7437,7297,7440,0.000403388463089956
"3871","3871",6104,6318,4965,-0.186598951507208
"3872","3872",1770,1770,1755,-0.00847457627118644
"9456","9456",1770,1770,1755,-0.00847457627118644
"3873","3873",4736,4747,3288,-0.305743243243243
"3874","3874",1251,1254,1914,0.529976019184652
"15753","15753",1251,1254,1914,0.529976019184652
"3875","3875",8379,8379,7542,-0.0998925886143931
"3876","3876",7325,7336,5761,-0.213515358361775
"3877","3877",1757,1626,1703,-0.0307342060330108
"3878","3878",2573,2567,2351,-0.0862806062961523
"3879","3879",1764,1775,2335,0.323696145124717
"17326","17326",1764,1775,2335,0.323696145124717
"3880","3880",6452,6935,6887,0.0674209547427154
"3881","3881",3200,2836,3095,-0.0328125
"3882","3882",3466,5521,3132,-0.0963646855164455
"11968","11968",3466,5521,3132,-0.0963646855164455
"3883","3883",4249,4091,3742,-0.119322193457284
"3884","3884",8886,10419,8643,-0.0273463875759622
"3885","3885",4218,4219,5463,0.295163584637269
"3886","3886",1186,1178,1402,0.18212478920742
"13806","13806",1186,1178,1402,0.18212478920742
"3887","3887",2679,2671,2820,0.0526315789473684
"3888","3888",5592,4849,4854,-0.131974248927039
"3889","3889",4812,4812,4967,0.0322111388196176
"3890","3890",1598,1574,1773,0.109511889862328
"7982","7982",1598,1574,1773,0.109511889862328
"3891","3891",3210,3210,3369,0.0495327102803738
"16149","16149",3210,3210,3369,0.0495327102803738
"3892","3892",3923,3919,6183,0.576089727249554
"3893","3893",1936,1935,2565,0.324896694214876
"3894","3894",1344,1344,1658,0.233630952380952
"11507","11507",1344,1344,1658,0.233630952380952
"3895","3895",979,1028,1047,0.0694586312563841
"3896","3896",4687,4687,4695,0.00170684873053126
"3897","3897",1388,1479,1334,-0.0389048991354467
"3898","3898",1452,1271,1565,0.0778236914600551
"3900","3900",1334,1338,1453,0.0892053973013493
"7629","7629",1334,1338,1453,0.0892053973013493
"3901","3901",6252,6021,5899,-0.0564619321817019
"3902","3902",1536,1618,1596,0.0390625
"3903","3903",3289,3491,3399,0.0334448160535117
"3904","3904",2585,2057,2025,-0.216634429400387
"17705","17705",2585,2057,2025,-0.216634429400387
"3905","3905",4877,4890,5031,0.0315767890096371
"3906","3906",5785,5762,4135,-0.285220397579948
"3907","3907",1412,1412,1296,-0.0821529745042493
"3908","3908",1354,1307,1342,-0.00886262924667651
"7145","7145",1354,1307,1342,-0.00886262924667651
"3909","3909",4553,4453,4322,-0.0507357786075115
"3910","3910",4767,4062,4193,-0.120411160058737
"3911","3911",8200,8194,9574,0.167560975609756
"3912","3912",5394,5607,5062,-0.0615498702261772
"3913","3913",4849,4825,2950,-0.391627139616416
"3914","3914",819,934,1063,0.297924297924298
"3915","3915",5553,5581,5271,-0.050783360345759
"3916","3916",5562,5571,5247,-0.0566343042071197
"3917","3917",1571,1670,1775,0.129853596435391
"3918","3918",1439,1384,1456,0.0118137595552467
"3919","3919",3506,3478,3426,-0.0228180262407302
"3920","3920",6492,6451,6343,-0.0229513247073321
"3921","3921",3028,3390,2919,-0.035997357992074
"3922","3922",4360,4061,3653,-0.162155963302752
"3923","3923",1830,1827,1754,-0.0415300546448087
"3924","3924",2547,2271,1637,-0.357283078131135
"3925","3925",4661,4656,4710,0.0105127655009655
"3926","3926",1419,1391,1914,0.348837209302326
"3927","3927",5549,5444,5422,-0.0228870066678681
"3928","3928",3194,3242,3274,0.0250469630557295
"3929","3929",4124,4115,7434,0.802618816682832
"3930","3930",2449,2487,4739,0.935075541037158
"3931","3931",2757,2766,2893,0.049328980776206
"3932","3932",2485,2431,2089,-0.159356136820926
"3933","3933",6402,5943,5938,-0.0724773508278663
"3934","3934",2615,2615,2605,-0.00382409177820268
"3935","3935",1393,955,739,-0.469490308686289
"3936","3936",2758,2850,3257,0.180928208846991
"3937","3937",5887,5848,5781,-0.0180057754374045
"3938","3938",2446,2446,4268,0.744889615699101
"3939","3939",2250,2249,2376,0.056
"3940","3940",2411,2413,2333,-0.0323517212774782
"3941","3941",5345,4795,5458,0.0211412535079514
"3942","3942",1430,1431,1632,0.141258741258741
"3943","3943",1593,1208,1320,-0.171374764595104
"3944","3944",1476,1786,1328,-0.100271002710027
"3945","3945",8272,7426,7417,-0.103360735009671
"3946","3946",1049,1371,1018,-0.0295519542421354
"3947","3947",5239,5242,4900,-0.0647070051536553
"3948","3948",2784,2163,2403,-0.136853448275862
"3949","3949",3967,3954,3870,-0.0244517267456516
"3950","3950",1006,1006,910,-0.095427435387674
"3951","3951",5272,4756,4605,-0.126517450682853
"4578","4578",5272,4756,4605,-0.126517450682853
"3952","3952",3809,4697,2577,-0.323444473615122
"8643","8643",3809,4697,2577,-0.323444473615122
"3953","3953",5041,5044,5178,0.0271771473913906
"3954","3954",1965,1965,2067,0.0519083969465649
"3955","3955",2188,2188,2676,0.223034734917733
"3956","3956",4378,4424,5175,0.182046596619461
"3957","3957",2682,2685,2610,-0.0268456375838926
"3958","3958",2701,2699,2933,0.0858941132913736
"3959","3959",8203,8208,7760,-0.0540046324515421
"3960","3960",6312,6114,4853,-0.231147021546261
"3961","3961",2308,2310,1985,-0.139948006932409
"3962","3962",2067,2066,2077,0.00483792936623125
"3963","3963",2268,2344,2511,0.107142857142857
"3964","3964",1511,1515,1387,-0.0820648577101257
"3965","3965",2378,2379,2364,-0.00588730025231287
"14612","14612",2378,2379,2364,-0.00588730025231287
"3966","3966",1672,1665,1462,-0.125598086124402
"13288","13288",1672,1665,1462,-0.125598086124402
"3967","3967",3120,2869,2879,-0.0772435897435897
"3968","3968",4868,4872,4532,-0.0690221857025472
"3969","3969",4065,4088,4154,0.0218942189421894
"3970","3970",2684,2599,2657,-0.0100596125186289
"3971","3971",4136,4137,3981,-0.0374758220502901
"3972","3972",1208,1192,1228,0.0165562913907285
"3973","3973",2012,2017,1995,-0.0084493041749503
"3974","3974",6594,6561,6472,-0.0185016681831968
"3975","3975",4415,4419,3413,-0.226953567383918
"6380","6380",4415,4419,3413,-0.226953567383918
"3976","3976",4969,4792,5133,0.0330046286979271
"3977","3977",11347,10152,10554,-0.0698863135630563
"3978","3978",5097,5097,4858,-0.046890327643712
"3979","3979",1951,2301,2190,0.122501281394157
"19712","19712",1951,2301,2190,0.122501281394157
"3980","3980",2464,2447,2496,0.012987012987013
"3981","3981",4985,4983,4386,-0.120160481444333
"14324","14324",4985,4983,4386,-0.120160481444333
"3982","3982",4470,4472,4561,0.0203579418344519
"3983","3983",5411,5424,4784,-0.115875069303271
"3984","3984",5967,5870,6317,0.0586559410088822
"3985","3985",2226,2226,2141,-0.0381850853548967
"3986","3986",3877,3877,3480,-0.102398761929327
"11192","11192",3877,3877,3480,-0.102398761929327
"3987","3987",9367,9744,9445,0.00832710579694673
"5986","5986",9367,9744,9445,0.00832710579694673
"3988","3988",2264,2267,1913,-0.155035335689046
"3989","3989",3637,3637,4756,0.307671157547429
"3990","3990",9730,9128,8478,-0.128674203494347
"3991","3991",1788,1789,1653,-0.075503355704698
"3992","3992",3994,3044,3262,-0.183274912368553
"5407","5407",3994,3044,3262,-0.183274912368553
"3993","3993",1574,1572,1589,0.00952986022871665
"3994","3994",2555,2550,2946,0.153033268101761
"3995","3995",1676,1679,1700,0.0143198090692124
"18619","18619",1676,1679,1700,0.0143198090692124
"3996","3996",2748,3476,2728,-0.00727802037845706
"4160","4160",2748,3476,2728,-0.00727802037845706
"3997","3997",4889,4841,4965,0.0155451012476989
"3998","3998",5224,5400,4765,-0.0878637059724349
"3999","3999",2570,2383,2060,-0.198443579766537
"4000","4000",3358,3455,3368,0.00297796307325789
"4001","4001",1960,1970,2363,0.205612244897959
"4002","4002",4168,3223,3326,-0.202015355086372
"4003","4003",12505,12509,12072,-0.0346261495401839
"4004","4004",1920,1891,2039,0.0619791666666667
"4005","4005",3445,3434,3283,-0.0470246734397678
"4006","4006",2523,2523,2502,-0.00832342449464923
"4007","4007",1838,1657,1658,-0.0979325353645267
"4008","4008",2425,2425,2219,-0.0849484536082474
"4009","4009",5925,5828,5672,-0.0427004219409283
"4010","4010",2015,2009,1404,-0.303225806451613
"4011","4011",965,967,977,0.0124352331606218
"4012","4012",2020,2178,2000,-0.0099009900990099
"4013","4013",3021,2616,2835,-0.0615690168818272
"4014","4014",968,1106,1104,0.140495867768595
"4015","4015",3346,3653,3607,0.0780035863717872
"4016","4016",2443,2443,2201,-0.0990585345886205
"4017","4017",1800,1804,1903,0.0572222222222222
"4018","4018",2253,2255,2301,0.0213049267643142
"4019","4019",1534,1534,1270,-0.172099087353325
"8071","8071",1534,1534,1270,-0.172099087353325
"14371","14371",1534,1534,1270,-0.172099087353325
"4020","4020",4206,4171,3966,-0.0570613409415121
"4021","4021",1285,1267,1279,-0.0046692607003891
"17146","17146",1285,1267,1279,-0.0046692607003891
"4022","4022",6115,6668,5971,-0.0235486508585446
"4023","4023",3794,3356,3410,-0.101212440695836
"4024","4024",1467,1468,1651,0.125426039536469
"4025","4025",9361,9883,9713,0.0376028202115159
"4026","4026",5593,6244,4859,-0.131235472912569
"4027","4027",2401,2402,2374,-0.0112453144523115
"4028","4028",6459,6635,5284,-0.181916705372349
"4029","4029",5399,5399,5385,-0.00259307279125764
"4030","4030",1354,1238,1111,-0.179468242245199
"4031","4031",745,745,911,0.222818791946309
"7896","7896",745,745,911,0.222818791946309
"4032","4032",6899,6670,6908,0.00130453688940426
"4033","4033",2811,2280,3242,0.153326218427606
"4034","4034",7589,7925,8126,0.0707603109764132
"4035","4035",1560,1550,1602,0.0269230769230769
"4036","4036",4196,4196,4193,-0.000714966634890372
"4037","4037",2041,2003,1953,-0.0431161195492406
"4808","4808",2041,2003,1953,-0.0431161195492406
"4038","4038",4982,5433,4647,-0.0672420714572461
"4039","4039",3094,3120,3024,-0.0226244343891403
"4040","4040",4207,4208,3946,-0.0620394580461136
"4041","4041",1639,1639,1996,0.217815741305674
"4042","4042",1039,1039,721,-0.306063522617902
"4043","4043",4207,4207,4207,0
"4044","4044",2915,2919,3458,0.186277873070326
"4045","4045",3394,3409,3030,-0.107248084855628
"4046","4046",5156,5195,5362,0.0399534522885958
"4047","4047",5102,5172,5216,0.02234417875343
"4048","4048",3668,3679,4265,0.162758996728462
"4049","4049",1288,1297,1225,-0.0489130434782609
"13434","13434",1288,1297,1225,-0.0489130434782609
"4050","4050",2896,2855,2718,-0.0614640883977901
"4051","4051",4913,4809,4845,-0.013840830449827
"4052","4052",3579,5190,3443,-0.0379994411846885
"4053","4053",6009,5406,4425,-0.263604593110335
"6529","6529",6009,5406,4425,-0.263604593110335
"4055","4055",3492,3648,3820,0.0939289805269187
"4057","4057",4298,4294,4440,0.0330386226151698
"18658","18658",4298,4294,4440,0.0330386226151698
"4058","4058",5892,4562,8306,0.409708078750849
"4059","4059",7388,6892,6757,-0.0854087709799675
"4060","4060",2446,2487,3159,0.291496320523303
"4061","4061",3164,3028,2875,-0.0913400758533502
"4062","4062",7291,6460,6065,-0.168152516801536
"4063","4063",1941,2062,2130,0.0973724884080371
"4064","4064",8592,8673,7971,-0.0722765363128492
"4065","4065",2227,2221,1970,-0.115401885945218
"4066","4066",1289,1289,1253,-0.0279286268425136
"4067","4067",3572,3632,3631,0.0165173572228443
"4068","4068",1701,1710,1715,0.00823045267489712
"4069","4069",2418,2417,2425,0.00289495450785773
"4070","4070",3882,4167,5101,0.314013395157135
"4071","4071",2864,2789,2998,0.0467877094972067
"4072","4072",4255,4255,4250,-0.00117508813160987
"4073","4073",3527,3479,3489,-0.0107740289197618
"4074","4074",8005,7891,7929,-0.00949406620861961
"4075","4075",3946,3941,3887,-0.0149518499746579
"4077","4077",3871,3875,3899,0.00723327305605787
"4078","4078",3080,2870,2916,-0.0532467532467532
"4079","4079",2827,2724,2502,-0.11496285815352
"4080","4080",3179,3116,3415,0.0742371815036175
"4081","4081",10728,10699,9800,-0.0865026099925429
"4082","4082",3370,3369,5141,0.525519287833828
"4083","4083",6983,6023,7760,0.111270227695833
"4084","4084",2313,2363,2279,-0.0146995244271509
"4085","4085",2534,2534,1425,-0.437647987371744
"4086","4086",1554,1317,1054,-0.321750321750322
"4087","4087",7404,7822,7935,0.0717179902755267
"4088","4088",1713,1713,1545,-0.0980735551663748
"8897","8897",1713,1713,1545,-0.0980735551663748
"4089","4089",1459,1459,1378,-0.0555174777244688
"4090","4090",7400,7807,7725,0.0439189189189189
"4091","4091",4053,4142,3794,-0.0639032815198618
"4092","4092",1567,1571,1573,0.00382897255902999
"4093","4093",5226,5220,5155,-0.0135859165709912
"4094","4094",5599,5599,5600,0.00017860332202179
"4095","4095",4477,4463,4566,0.0198793835157472
"4096","4096",3620,3624,3662,0.0116022099447514
"4097","4097",3101,3102,2904,-0.0635278942276685
"4098","4098",8114,8092,5026,-0.380576780872566
"4099","4099",9728,8893,9390,-0.0347450657894737
"4100","4100",3109,3108,2868,-0.0775168864586684
"11857","11857",3109,3108,2868,-0.0775168864586684
"4101","4101",2648,2620,3369,0.272280966767372
"19117","19117",2648,2620,3369,0.272280966767372
"4102","4102",969,969,968,-0.00103199174406605
"4103","4103",4232,4265,4370,0.0326086956521739
"4104","4104",5224,5052,5326,0.0195252679938744
"4105","4105",2264,2308,2421,0.0693462897526502
"4106","4106",3647,3691,3649,0.00054839594187003
"4107","4107",3764,3755,3719,-0.0119553666312434
"4108","4108",2883,2883,2407,-0.165105792577177
"4109","4109",6942,6885,7153,0.0303946989340248
"4110","4110",2883,2883,3367,0.167880679847381
"4111","4111",1737,1734,1482,-0.146804835924007
"4112","4112",1659,1659,1329,-0.198915009041591
"4113","4113",3911,3556,3401,-0.13040143185886
"4114","4114",1911,1913,1879,-0.0167451596023025
"4115","4115",4785,5477,5043,0.0539184952978056
"4116","4116",5655,6287,5430,-0.0397877984084881
"4117","4117",3984,3399,3580,-0.10140562248996
"4118","4118",4007,4021,3683,-0.080858497629149
"4119","4119",4756,4749,4780,0.00504625735912532
"4120","4120",4508,4500,4192,-0.0700976042590949
"4121","4121",2866,2878,2884,0.00628053035589672
"4122","4122",852,1170,848,-0.00469483568075117
"10800","10800",852,1170,848,-0.00469483568075117
"4123","4123",7458,7467,7076,-0.0512201662644141
"4124","4124",2995,2835,2944,-0.0170283806343907
"4125","4125",5130,5407,5404,0.053411306042885
"4126","4126",1423,1440,1636,0.149683766690091
"4127","4127",1869,2206,2208,0.181380417335474
"4128","4128",3755,3756,3753,-0.000532623169107856
"4129","4129",1786,1789,1787,0.000559910414333707
"4130","4130",3113,3038,3059,-0.017346610986187
"9133","9133",3113,3038,3059,-0.017346610986187
"4131","4131",9592,9773,8368,-0.127606338615513
"4132","4132",2456,2178,2173,-0.115228013029316
"6298","6298",2456,2178,2173,-0.115228013029316
"4133","4133",6121,5778,5856,-0.043293579480477
"4134","4134",9089,9280,9096,0.000770161733964132
"4135","4135",4121,3864,4159,0.0092210628488231
"4136","4136",6606,6647,6793,0.0283075991522858
"4137","4137",4494,4496,4424,-0.0155763239875389
"4138","4138",3792,3792,3812,0.00527426160337553
"4139","4139",12424,13151,11383,-0.0837894397939472
"4140","4140",2505,2538,2536,0.012375249500998
"4141","4141",6875,6845,6552,-0.0469818181818182
"4142","4142",2438,2457,2106,-0.136177194421657
"4143","4143",4813,4879,4841,0.00581757739455641
"4144","4144",6617,6731,6980,0.0548586972948466
"4145","4145",2254,2315,2352,0.0434782608695652
"4146","4146",1998,1989,1593,-0.202702702702703
"4147","4147",4594,4456,4300,-0.0639965171963431
"4148","4148",2495,2616,2814,0.127855711422846
"4149","4149",3850,3918,3404,-0.115844155844156
"4150","4150",1114,1114,1107,-0.00628366247755835
"4152","4152",2261,2261,2364,0.0455550641309155
"4153","4153",4605,4602,3686,-0.19956568946797
"4154","4154",7791,7760,7892,0.0129636760364523
"4155","4155",4332,4409,4144,-0.0433979686057248
"4156","4156",3218,3208,3214,-0.00124300807955252
"4157","4157",5220,4822,4209,-0.19367816091954
"4159","4159",4946,5040,4827,-0.0240598463404772
"4161","4161",4636,4639,3907,-0.157247627264884
"16723","16723",4636,4639,3907,-0.157247627264884
"4162","4162",2459,2311,2445,-0.00569337128914193
"10286","10286",2459,2311,2445,-0.00569337128914193
"4163","4163",4503,4501,4656,0.0339773484343771
"4164","4164",3838,6725,3703,-0.0351745700885878
"15656","15656",3838,6725,3703,-0.0351745700885878
"17007","17007",3838,6725,3703,-0.0351745700885878
"4165","4165",3547,3463,3582,0.00986749365661122
"4166","4166",1824,1806,1740,-0.0460526315789474
"5208","5208",1824,1806,1740,-0.0460526315789474
"10732","10732",1824,1806,1740,-0.0460526315789474
"16264","16264",1824,1806,1740,-0.0460526315789474
"4167","4167",2624,2633,2626,0.00076219512195122
"9038","9038",2624,2633,2626,0.00076219512195122
"4168","4168",4615,4615,4712,0.0210184182015168
"4169","4169",1909,1909,1939,0.0157150340492404
"4170","4170",5777,5740,5741,-0.00623160810109053
"4171","4171",3793,3987,3537,-0.0674927498022673
"4172","4172",2320,2238,2283,-0.015948275862069
"4173","4173",2739,2955,2981,0.0883534136546185
"4174","4174",4640,4640,4252,-0.0836206896551724
"4175","4175",1540,1529,1685,0.0941558441558442
"4176","4176",4894,4079,3476,-0.289742541888026
"4177","4177",1642,1642,1489,-0.0931790499390987
"4178","4178",2241,2241,2234,-0.00312360553324409
"4179","4179",3494,4686,3230,-0.0755580995993131
"4180","4180",2313,2305,2290,-0.00994379593601383
"4181","4181",4239,4229,4250,0.00259495163953763
"4182","4182",2137,2137,3175,0.485727655591951
"4183","4183",3666,3582,3583,-0.0226404800872886
"4184","4184",3773,5106,4493,0.190829578584681
"4185","4185",1670,1268,1195,-0.284431137724551
"4186","4186",2805,2605,2605,-0.071301247771836
"4187","4187",2867,2863,3029,0.0565050575514475
"4188","4188",2076,2267,2925,0.408959537572254
"4189","4189",3502,3502,4008,0.144488863506568
"4190","4190",4828,5043,4980,0.0314830157415079
"4191","4191",3586,3586,3453,-0.0370886781929727
"4192","4192",6707,6429,6579,-0.019084538541822
"4193","4193",7443,7520,7587,0.0193470374848851
"4195","4195",5097,4957,4742,-0.0696488130272709
"4196","4196",3984,4332,3819,-0.0414156626506024
"4197","4197",3630,3628,3546,-0.0231404958677686
"4198","4198",5548,5821,5826,0.0501081470800288
"4199","4199",9667,9439,7657,-0.207923864694321
"4200","4200",2248,2248,2233,-0.00667259786476868
"4201","4201",6414,6319,6639,0.0350795135640786
"4202","4202",8951,8940,6359,-0.289576583621942
"4203","4203",3703,3707,3991,0.0777747772076695
"4204","4204",4942,5255,5526,0.118170781060299
"4205","4205",4173,3903,3727,-0.106877546129883
"4206","4206",2639,2645,2698,0.0223569533914361
"4208","4208",3792,3801,3685,-0.0282172995780591
"4209","4209",2076,2076,2074,-0.000963391136801541
"4210","4210",1825,1952,2238,0.226301369863014
"4211","4211",4010,3971,3874,-0.0339152119700748
"4212","4212",2339,2339,2536,0.0842240273621206
"4213","4213",4414,3756,3657,-0.17149977344812
"4214","4214",3082,3093,2366,-0.232316677482154
"4216","4216",3398,3386,3323,-0.0220718069452619
"4217","4217",10575,10739,10030,-0.0515366430260047
"4218","4218",4627,5053,4989,0.0782364382969527
"4219","4219",3845,3907,3754,-0.023667100130039
"4220","4220",2759,2769,2304,-0.164914824211671
"13789","13789",2759,2769,2304,-0.164914824211671
"4221","4221",3820,3621,3611,-0.0547120418848168
"4222","4222",2243,2220,2159,-0.0374498439589835
"4223","4223",2424,2189,2488,0.0264026402640264
"4224","4224",1392,1392,1075,-0.227729885057471
"4455","4455",1392,1392,1075,-0.227729885057471
"4225","4225",9975,9987,9578,-0.0397994987468672
"4226","4226",1906,1779,1777,-0.0676810073452256
"6632","6632",1906,1779,1777,-0.0676810073452256
"19617","19617",1906,1779,1777,-0.0676810073452256
"4227","4227",4745,4738,4658,-0.0183350895679663
"4228","4228",4542,4477,3801,-0.163143989431968
"4229","4229",4350,4352,7407,0.702758620689655
"4230","4230",1711,1719,1515,-0.114552893045003
"4231","4231",2632,2202,2105,-0.200227963525836
"7008","7008",2632,2202,2105,-0.200227963525836
"4232","4232",7792,7859,7726,-0.00847022587268994
"4233","4233",5085,5080,3857,-0.24149459193707
"4234","4234",2043,2043,1987,-0.0274106705824767
"4235","4235",1489,1491,1490,0.000671591672263264
"15962","15962",1489,1491,1490,0.000671591672263264
"4236","4236",1891,1891,1930,0.0206240084611317
"13334","13334",1891,1891,1930,0.0206240084611317
"4237","4237",3605,3570,2926,-0.188349514563107
"4238","4238",3573,3578,3405,-0.0470193115029387
"4239","4239",4642,4259,4348,-0.0633347694959069
"4240","4240",8060,7092,6973,-0.134863523573201
"4241","4241",1778,1778,1463,-0.177165354330709
"4242","4242",3605,3809,3621,0.00443828016643551
"4243","4243",2193,2195,2241,0.0218878248974008
"4244","4244",6066,5786,5806,-0.0428618529508737
"4245","4245",1933,1929,2186,0.130884635281945
"4246","4246",4053,4052,5384,0.328398716999753
"4247","4247",2068,2064,2237,0.0817214700193424
"4248","4248",2110,2108,2227,0.0554502369668246
"4249","4249",2916,2905,2709,-0.0709876543209877
"11462","11462",2916,2905,2709,-0.0709876543209877
"4250","4250",4054,4528,3461,-0.146275283670449
"19898","19898",4054,4528,3461,-0.146275283670449
"4251","4251",2382,2388,2359,-0.00965575146935348
"4252","4252",3639,3639,3659,0.00549601538884309
"4253","4253",4720,4718,4115,-0.128177966101695
"4254","4254",2189,2178,2194,0.00228414801279123
"4255","4255",2145,2260,2235,0.041958041958042
"4256","4256",3403,4160,3033,-0.108727593300029
"4257","4257",5733,5637,5511,-0.0387231815803244
"4258","4258",3988,3979,2911,-0.270060180541625
"4259","4259",5689,7008,6985,0.227808050624011
"4260","4260",3503,3478,3042,-0.131601484441907
"4261","4261",5492,5520,5254,-0.0433357611070648
"4262","4262",1477,1477,1507,0.02031144211239
"9943","9943",1477,1477,1507,0.02031144211239
"4263","4263",5086,5066,4770,-0.0621313409359025
"5966","5966",5086,5066,4770,-0.0621313409359025
"4264","4264",2271,2262,2269,-0.000880669308674593
"4265","4265",3660,3670,3835,0.0478142076502732
"4267","4267",3186,3186,3153,-0.0103578154425612
"4268","4268",4591,4590,4581,-0.00217817468961011
"4269","4269",2906,2907,2858,-0.0165175498967653
"4270","4270",3052,3052,2934,-0.0386631716906946
"12306","12306",3052,3052,2934,-0.0386631716906946
"4271","4271",2029,2164,2169,0.0689995071463775
"4272","4272",1397,1397,1452,0.0393700787401575
"17342","17342",1397,1397,1452,0.0393700787401575
"4273","4273",3850,3551,3096,-0.195844155844156
"4274","4274",1173,1175,1173,0
"4275","4275",1090,1052,928,-0.148623853211009
"8477","8477",1090,1052,928,-0.148623853211009
"4276","4276",7640,7642,7252,-0.0507853403141361
"4277","4277",2825,2829,2422,-0.142654867256637
"4278","4278",3552,3546,3956,0.113738738738739
"4279","4279",868,1037,799,-0.0794930875576037
"6329","6329",868,1037,799,-0.0794930875576037
"14186","14186",868,1037,799,-0.0794930875576037
"4280","4280",2264,2248,2266,0.00088339222614841
"4281","4281",1487,1496,1165,-0.216543375924681
"4282","4282",1962,1711,1947,-0.00764525993883792
"9808","9808",1962,1711,1947,-0.00764525993883792
"4283","4283",1671,1657,1609,-0.0371035308198683
"4284","4284",3036,3288,3363,0.107707509881423
"19306","19306",3036,3288,3363,0.107707509881423
"4286","4286",2236,3861,2211,-0.0111806797853309
"4287","4287",1740,1740,1734,-0.00344827586206897
"4288","4288",2172,2222,2244,0.0331491712707182
"4289","4289",3861,3547,3575,-0.0740740740740741
"4290","4290",2884,2907,2979,0.0329403606102635
"4291","4291",2288,1770,2900,0.267482517482518
"4293","4293",4299,3328,4846,0.127238892765759
"7417","7417",4299,3328,4846,0.127238892765759
"4294","4294",2368,2450,2358,-0.00422297297297297
"13636","13636",2368,2450,2358,-0.00422297297297297
"4295","4295",5279,5294,5493,0.0405379806781587
"4296","4296",5691,5661,4467,-0.21507643647865
"4297","4297",10605,10315,9763,-0.0793965110796794
"4299","4299",7228,7076,6837,-0.0540951853901494
"4300","4300",1624,1707,1855,0.142241379310345
"4301","4301",2413,2417,2423,0.00414421881475342
"4302","4302",3028,3028,2943,-0.0280713342140026
"4303","4303",5351,6045,6179,0.154737432255653
"4304","4304",2410,2266,2279,-0.054356846473029
"4305","4305",9530,6578,8585,-0.0991605456453305
"4306","4306",3636,3633,3710,0.0203520352035204
"17087","17087",3636,3633,3710,0.0203520352035204
"4307","4307",5243,5243,4920,-0.0616059507915316
"4308","4308",4514,4280,4395,-0.0263624280017723
"4309","4309",2954,2754,2874,-0.02708192281652
"13933","13933",2954,2754,2874,-0.02708192281652
"4310","4310",4872,4813,4462,-0.0841543513957307
"18602","18602",4872,4813,4462,-0.0841543513957307
"4312","4312",1909,1909,2712,0.420639078051336
"4313","4313",2143,2157,1660,-0.225384974335044
"4314","4314",3953,3989,4033,0.0202377940804452
"4315","4315",1527,1575,1466,-0.0399476096922069
"4316","4316",2226,2225,2068,-0.0709793351302785
"4317","4317",2524,3136,3206,0.270206022187005
"4318","4318",2024,1996,1779,-0.12104743083004
"4319","4319",1801,1696,1847,0.025541365907829
"4320","4320",4404,3840,3624,-0.177111716621253
"4440","4440",4404,3840,3624,-0.177111716621253
"4321","4321",4498,4509,3736,-0.169408626056025
"4322","4322",1844,1846,2211,0.199023861171367
"4323","4323",4128,4112,3449,-0.164486434108527
"4324","4324",11001,11120,13165,0.19670939005545
"4325","4325",4861,4850,4971,0.0226290886648838
"4326","4326",3891,4061,3508,-0.098432279619635
"4327","4327",2744,2817,3486,0.270408163265306
"4328","4328",1792,1592,1555,-0.132254464285714
"4329","4329",5289,5442,5093,-0.0370580449990546
"4330","4330",2208,2165,2089,-0.0538949275362319
"4331","4331",5195,5292,4945,-0.0481231953801732
"4332","4332",1833,1833,1833,0
"4333","4333",1533,1502,1600,0.0437051532941944
"4334","4334",2501,2511,2603,0.0407836865253898
"4335","4335",2572,2572,2596,0.00933125972006221
"4336","4336",2973,2979,3235,0.0881264715775311
"13805","13805",2973,2979,3235,0.0881264715775311
"16585","16585",2973,2979,3235,0.0881264715775311
"4337","4337",5333,4950,3150,-0.409338083630227
"4338","4338",10248,10376,11202,0.0930913348946136
"4339","4339",7826,8076,7351,-0.0606951188346537
"4340","4340",5975,5974,6010,0.00585774058577406
"4341","4341",3141,3133,2857,-0.090417064629099
"4342","4342",1797,1699,1802,0.00278241513633834
"4343","4343",6125,6198,5620,-0.0824489795918367
"4344","4344",2473,2473,3119,0.261221188839466
"4345","4345",720,714,771,0.0708333333333333
"4346","4346",1485,1517,1491,0.00404040404040404
"4347","4347",1864,1718,1694,-0.0912017167381974
"7346","7346",1864,1718,1694,-0.0912017167381974
"10809","10809",1864,1718,1694,-0.0912017167381974
"4348","4348",7329,7349,7124,-0.027971073816346
"4349","4349",2921,2921,2358,-0.19274221157138
"4350","4350",4492,4488,4806,0.0699020480854853
"12020","12020",4492,4488,4806,0.0699020480854853
"4351","4351",824,825,824,0
"4352","4352",2328,2318,1744,-0.25085910652921
"4353","4353",3150,3562,3401,0.0796825396825397
"19350","19350",3150,3562,3401,0.0796825396825397
"4354","4354",1860,1860,1860,0
"4355","4355",1749,1929,1779,0.0171526586620926
"5076","5076",1749,1929,1779,0.0171526586620926
"6573","6573",1749,1929,1779,0.0171526586620926
"4356","4356",1785,1778,1902,0.065546218487395
"4357","4357",3469,3458,3150,-0.0919573364081868
"4358","4358",3089,2913,2900,-0.0611848494658466
"5054","5054",3089,2913,2900,-0.0611848494658466
"4359","4359",695,947,950,0.366906474820144
"4360","4360",4124,3944,3292,-0.201745877788555
"4361","4361",3470,3825,3730,0.0749279538904899
"8687","8687",3470,3825,3730,0.0749279538904899
"4362","4362",13409,13889,10929,-0.184950406443434
"4363","4363",2407,2693,1915,-0.204403822185293
"4364","4364",1902,1905,2264,0.190325972660358
"4365","4365",5268,5434,5782,0.0975702353834472
"4366","4366",1862,1862,1687,-0.093984962406015
"4367","4367",2879,2867,2890,0.00382077110107676
"6586","6586",2879,2867,2890,0.00382077110107676
"4368","4368",4823,4913,4944,0.0250881194277421
"4369","4369",6014,4886,5104,-0.151313601596275
"4370","4370",3893,3950,2958,-0.240174672489083
"4371","4371",2286,2323,3581,0.566491688538933
"15280","15280",2286,2323,3581,0.566491688538933
"4372","4372",2585,2582,2819,0.0905222437137331
"4373","4373",3787,3580,3958,0.0451544758383945
"4374","4374",1909,1845,1803,-0.0555264536406496
"12098","12098",1909,1845,1803,-0.0555264536406496
"4375","4375",1984,1984,1953,-0.015625
"4376","4376",2065,1965,1963,-0.0493946731234867
"4377","4377",2528,2528,2954,0.168512658227848
"4378","4378",6546,6247,5883,-0.1012832263978
"4379","4379",8060,8215,7671,-0.0482630272952854
"4380","4380",2093,1885,1885,-0.0993788819875776
"4381","4381",3342,3658,2904,-0.131059245960503
"4382","4382",2997,2997,3097,0.0333667000333667
"4383","4383",5020,5040,5138,0.0235059760956175
"4384","4384",7452,7593,7281,-0.0229468599033816
"4385","4385",4250,4200,4135,-0.0270588235294118
"4386","4386",1860,1860,1855,-0.00268817204301075
"4387","4387",4572,4624,4194,-0.0826771653543307
"4388","4388",1557,1560,1578,0.0134874759152216
"4389","4389",3209,3187,3388,0.0557806170146463
"4390","4390",4507,3853,4064,-0.0982915464832483
"4391","4391",10218,10208,13142,0.286161675474653
"4392","4392",3012,3000,3031,0.00630810092961487
"4393","4393",1457,1444,997,-0.315717227179135
"4394","4394",2008,2012,2109,0.0502988047808765
"4395","4395",3315,3311,3207,-0.032579185520362
"4396","4396",2126,2125,1888,-0.111947318908749
"9474","9474",2126,2125,1888,-0.111947318908749
"4397","4397",5320,5396,5441,0.0227443609022556
"4398","4398",6866,6737,6700,-0.0241771045732595
"4399","4399",5140,5024,4124,-0.197665369649805
"4400","4400",4173,3653,3634,-0.129163671219746
"4401","4401",9382,9391,9463,0.00863355361330207
"4402","4402",4906,4659,4689,-0.0442315532001631
"4403","4403",2125,1783,1908,-0.102117647058824
"4405","4405",3337,3313,4016,0.203476176206173
"4406","4406",5751,5147,5053,-0.121370196487567
"4407","4407",1943,1942,1941,-0.00102933607822954
"4408","4408",2766,2764,2819,0.0191612436731743
"4409","4409",6070,5795,5173,-0.147775947281713
"4410","4410",3219,3188,3175,-0.0136688412550482
"4411","4411",2287,2267,2296,0.00393528640139921
"4412","4412",4100,4103,4114,0.00341463414634146
"4413","4413",2723,3002,2704,-0.00697759823723834
"4414","4414",2803,2808,2108,-0.247948626471638
"4415","4415",2925,2654,2450,-0.162393162393162
"4416","4416",3589,3589,3505,-0.0234048481471162
"4417","4417",2331,2337,2439,0.0463320463320463
"4418","4418",3369,3466,3326,-0.0127634312852478
"4420","4420",3844,3694,3601,-0.0632154006243496
"4421","4421",2604,2594,2592,-0.00460829493087558
"4422","4422",4329,4375,3693,-0.146916146916147
"4423","4423",1800,1783,1719,-0.045
"4424","4424",3573,3516,3342,-0.0646515533165407
"4425","4425",4317,4356,3420,-0.20778318276581
"4426","4426",3154,3155,3175,0.00665821179454661
"10595","10595",3154,3155,3175,0.00665821179454661
"4427","4427",2272,2272,2831,0.246038732394366
"4428","4428",2573,2571,2567,-0.00233190827827439
"4429","4429",2113,2109,1433,-0.321817321344061
"7194","7194",2113,2109,1433,-0.321817321344061
"13095","13095",2113,2109,1433,-0.321817321344061
"4430","4430",3505,3584,3760,0.072753209700428
"4667","4667",3505,3584,3760,0.072753209700428
"10861","10861",3505,3584,3760,0.072753209700428
"4431","4431",2643,2258,2571,-0.0272417707150965
"4432","4432",6004,5223,5163,-0.140073284477015
"4433","4433",2330,2325,2312,-0.00772532188841202
"11086","11086",2330,2325,2312,-0.00772532188841202
"4434","4434",3474,3455,3172,-0.0869314910765688
"4435","4435",3462,4902,3784,0.0930098209127672
"4436","4436",2386,2595,2698,0.130762782900251
"4437","4437",3204,2969,2526,-0.211610486891386
"4438","4438",972,990,1041,0.0709876543209877
"4439","4439",4572,4229,4475,-0.0212160979877515
"4441","4441",1362,1362,1388,0.0190895741556534
"4442","4442",1861,1869,2020,0.0854379365932294
"4443","4443",3659,3826,2567,-0.298442197321673
"4444","4444",2021,2107,1966,-0.0272142503711034
"4445","4445",5657,5823,4853,-0.142124801131342
"4446","4446",1288,1293,1283,-0.00388198757763975
"4448","4448",6173,5294,5476,-0.112911064312328
"4449","4449",1481,1476,1287,-0.13099257258609
"4451","4451",5824,5790,4718,-0.189903846153846
"8556","8556",5824,5790,4718,-0.189903846153846
"4452","4452",4764,4501,4613,-0.031696053736356
"4453","4453",3880,3567,3271,-0.156958762886598
"4454","4454",2309,2244,2226,-0.035946297098311
"4456","4456",6940,7302,6823,-0.0168587896253602
"4457","4457",3269,3268,4032,0.233404710920771
"4458","4458",2702,2697,2720,0.00666173205033309
"4459","4459",1591,1591,1618,0.0169704588309239
"4460","4460",1678,1680,1733,0.032777115613826
"4461","4461",3384,3384,3399,0.00443262411347518
"4462","4462",3697,3785,3752,0.0148769272383013
"4463","4463",3270,3428,3552,0.0862385321100917
"4464","4464",3447,3445,3219,-0.0661444734551784
"4465","4465",1223,1043,1042,-0.147996729354047
"4466","4466",2179,1952,2095,-0.0385497934832492
"16597","16597",2179,1952,2095,-0.0385497934832492
"4467","4467",6292,6233,5201,-0.173394787031151
"4468","4468",2922,2562,2206,-0.245037645448323
"4469","4469",6382,5511,4949,-0.22453776245691
"7250","7250",6382,5511,4949,-0.22453776245691
"4470","4470",3442,3435,3290,-0.0441603718768158
"4471","4471",1138,865,1290,0.133567662565905
"12456","12456",1138,865,1290,0.133567662565905
"4472","4472",8590,8599,9036,0.0519208381839348
"18531","18531",8590,8599,9036,0.0519208381839348
"4473","4473",4148,4148,4208,0.0144648023143684
"4474","4474",2228,2144,2189,-0.0175044883303411
"4475","4475",3662,3724,3489,-0.0472419442927362
"5767","5767",3662,3724,3489,-0.0472419442927362
"14904","14904",3662,3724,3489,-0.0472419442927362
"4476","4476",3254,3253,3183,-0.021819299323909
"4477","4477",2199,2199,2296,0.0441109595270578
"4478","4478",2266,2292,3311,0.461165048543689
"4479","4479",5934,7842,7520,0.267273340074149
"4480","4480",3018,3168,2670,-0.115308151093439
"4481","4481",6639,6561,6122,-0.0778731736707335
"4482","4482",4879,4923,4991,0.0229555236728838
"4483","4483",7151,7406,4327,-0.39490980282478
"4484","4484",972,972,972,0
"4485","4485",1451,1443,1441,-0.00689179875947622
"4486","4486",3396,3399,3038,-0.105418138987044
"14390","14390",3396,3399,3038,-0.105418138987044
"4487","4487",1658,1662,1310,-0.209891435464415
"4488","4488",8132,8940,7909,-0.0274225282833251
"4489","4489",6727,6772,12927,0.921658986175115
"4490","4490",1158,1177,1069,-0.0768566493955095
"4491","4491",1481,1481,1473,-0.00540175557056043
"4492","4492",3178,3122,3159,-0.00597860289490245
"17517","17517",3178,3122,3159,-0.00597860289490245
"4493","4493",4398,4338,4693,0.0670759436107321
"4494","4494",2429,2379,2385,-0.0181144503911075
"4495","4495",3773,4026,3866,0.0246488205671879
"4496","4496",1725,1829,1818,0.0539130434782609
"4497","4497",6266,7550,5882,-0.0612831152250239
"4498","4498",2678,2829,2683,0.00186706497386109
"4499","4499",2913,2713,2823,-0.0308959835221421
"4500","4500",2137,2176,2126,-0.00514740290126345
"4501","4501",1531,1539,1330,-0.131286740692358
"4732","4732",1531,1539,1330,-0.131286740692358
"4502","4502",4727,4734,5155,0.0905436852126084
"4503","4503",4767,5459,5394,0.131529263687854
"4504","4504",4036,4038,4072,0.0089197224975223
"4505","4505",2793,2780,2690,-0.0368779090583602
"10707","10707",2793,2780,2690,-0.0368779090583602
"4507","4507",1364,1374,1545,0.132697947214076
"4508","4508",2943,3012,2898,-0.0152905198776758
"4509","4509",2821,2835,2823,0.000708968450903935
"16836","16836",2821,2835,2823,0.000708968450903935
"4510","4510",6721,6565,7560,0.124832614194316
"4511","4511",4829,5387,4726,-0.0213294677987161
"4512","4512",7703,7621,7542,-0.020900947682721
"4513","4513",5528,4520,3960,-0.283646888567294
"4514","4514",4766,4766,6988,0.466219051615611
"14508","14508",4766,4766,6988,0.466219051615611
"16085","16085",4766,4766,6988,0.466219051615611
"4515","4515",4696,4683,4691,-0.00106473594548552
"4516","4516",2456,2352,2341,-0.0468241042345277
"4517","4517",4051,4061,3733,-0.0784991360157986
"4518","4518",5885,6445,3986,-0.32268479184367
"4519","4519",2209,2218,2268,0.0267089180624717
"4521","4521",1278,1633,1314,0.028169014084507
"4522","4522",6419,6363,6050,-0.0574855896557096
"4523","4523",1440,1443,1641,0.139583333333333
"11432","11432",1440,1443,1641,0.139583333333333
"4524","4524",3576,3034,3030,-0.152684563758389
"4525","4525",843,846,844,0.00118623962040332
"4526","4526",3130,2908,3070,-0.0191693290734824
"4527","4527",2353,2547,2630,0.117722056948576
"4528","4528",1731,1731,1201,-0.306181398035817
"4529","4529",5762,5733,5572,-0.0329746615758417
"4530","4530",7204,7267,7036,-0.0233203775680178
"4532","4532",2926,2928,3593,0.227956254272044
"4533","4533",3834,3837,4023,0.0492957746478873
"4534","4534",1522,1522,1553,0.0203679369250986
"4535","4535",6302,6034,6755,0.0718819422405585
"4536","4536",1057,962,1108,0.0482497634815516
"4537","4537",2953,3655,3171,0.073823230612936
"4538","4538",2202,2202,2455,0.114895549500454
"4539","4539",1427,1427,1312,-0.0805886475122635
"4540","4540",7144,6554,5489,-0.231662933930571
"4541","4541",2593,2609,2945,0.135750096413421
"4542","4542",6168,6167,5522,-0.10473411154345
"4543","4543",2855,2839,2503,-0.123292469352014
"4544","4544",5518,5767,5302,-0.0391446176150779
"4545","4545",2292,2434,1956,-0.146596858638743
"4546","4546",1910,1910,1914,0.00209424083769634
"4547","4547",8283,8260,5969,-0.279367378968973
"4548","4548",3348,3358,3288,-0.017921146953405
"4549","4549",3257,3186,3803,0.167638931532085
"4550","4550",2270,2263,2729,0.202202643171806
"4551","4551",1333,1313,1462,0.0967741935483871
"4552","4552",3870,3804,4097,0.058656330749354
"4553","4553",2274,2274,2319,0.0197889182058048
"4554","4554",8567,8690,8628,0.00712034551184779
"4555","4555",2243,1858,1695,-0.244315648684797
"17124","17124",2243,1858,1695,-0.244315648684797
"4556","4556",10191,10081,9322,-0.0852713178294574
"4557","4557",5116,5239,5035,-0.0158326817826427
"4558","4558",4102,3581,3267,-0.203559239395417
"9096","9096",4102,3581,3267,-0.203559239395417
"4560","4560",4169,4226,4270,0.0242264331974095
"4561","4561",7039,7063,7220,0.0257138798124734
"4562","4562",2397,2321,2346,-0.0212765957446809
"4563","4563",8343,8345,8403,0.00719165767709457
"4564","4564",4658,4801,4381,-0.0594675826534994
"4566","4566",2476,2475,3077,0.242730210016155
"4567","4567",2211,2167,1731,-0.217096336499322
"4568","4568",1107,1107,1107,0
"4569","4569",8132,8776,4935,-0.393138219380226
"4571","4571",2839,2834,3042,0.0715040507220852
"4572","4572",4223,4162,3812,-0.0973241771252664
"4573","4573",1925,1873,2425,0.25974025974026
"4574","4574",5919,5960,5600,-0.0538942388917047
"4575","4575",2725,2373,2642,-0.0304587155963303
"4576","4576",3315,3342,3337,0.00663650075414781
"4577","4577",2280,2289,2246,-0.0149122807017544
"9078","9078",2280,2289,2246,-0.0149122807017544
"4579","4579",4995,5097,3321,-0.335135135135135
"4580","4580",9355,9350,11634,0.243613041154463
"4581","4581",3751,3736,3539,-0.0565182617968542
"4582","4582",3800,3865,3685,-0.0302631578947368
"4583","4583",4114,4831,3787,-0.0794846864365581
"4584","4584",2170,2122,2522,0.16221198156682
"4585","4585",847,847,683,-0.193624557260921
"4586","4586",939,970,1059,0.12779552715655
"4587","4587",1029,1113,965,-0.0621963070942663
"4588","4588",6495,6489,8733,0.344572748267898
"4589","4589",3645,3786,4019,0.102606310013717
"15068","15068",3645,3786,4019,0.102606310013717
"4590","4590",4250,3494,3530,-0.169411764705882
"4591","4591",2204,2176,2381,0.0803085299455535
"17842","17842",2204,2176,2381,0.0803085299455535
"4592","4592",2058,1988,1990,-0.033041788143829
"4593","4593",2650,2652,2311,-0.127924528301887
"10962","10962",2650,2652,2311,-0.127924528301887
"4594","4594",6240,6148,5990,-0.0400641025641026
"4595","4595",2220,2221,2193,-0.0121621621621622
"4596","4596",2286,2005,2099,-0.0818022747156605
"4597","4597",4707,4707,3504,-0.255576800509879
"4598","4598",6476,6067,6108,-0.0568252007411983
"4599","4599",5624,5552,4966,-0.116998577524893
"4600","4600",4351,3597,3854,-0.114226614571363
"12934","12934",4351,3597,3854,-0.114226614571363
"4601","4601",1134,1134,1452,0.28042328042328
"4602","4602",5667,5750,5186,-0.084877360155285
"4603","4603",2740,3049,2568,-0.0627737226277372
"4604","4604",3452,3450,3024,-0.123986095017381
"4605","4605",5171,5142,5089,-0.0158576677625218
"4606","4606",4762,4762,4750,-0.00251994960100798
"4607","4607",7793,7920,7285,-0.0651867060182215
"4608","4608",11490,11217,11519,0.00252393385552654
"4609","4609",4559,4045,3652,-0.19894713753016
"4610","4610",1667,1667,1596,-0.0425914817036593
"19884","19884",1667,1667,1596,-0.0425914817036593
"4611","4611",2214,2062,2405,0.0862691960252936
"4612","4612",4314,4317,4364,0.0115901715345387
"4613","4613",2485,3995,3383,0.361368209255533
"4614","4614",12564,12910,11368,-0.0951926138172556
"4615","4615",2684,2786,3061,0.140461997019374
"4616","4616",3576,3563,3955,0.105984340044743
"14972","14972",3576,3563,3955,0.105984340044743
"4617","4617",7077,7294,7198,0.0170976402430408
"4618","4618",5349,5349,4618,-0.136661058141709
"4619","4619",5960,5848,5185,-0.13003355704698
"4620","4620",1661,1524,1595,-0.0397350993377483
"17233","17233",1661,1524,1595,-0.0397350993377483
"4621","4621",4784,4670,4805,0.00438963210702341
"11582","11582",4784,4670,4805,0.00438963210702341
"4622","4622",2190,2297,2231,0.0187214611872146
"4623","4623",3610,3820,3500,-0.0304709141274238
"4624","4624",2892,2900,2566,-0.112724757952974
"4625","4625",6850,6849,7027,0.0258394160583942
"4626","4626",3119,3207,3229,0.0352677140109009
"4627","4627",1535,1572,2287,0.489902280130293
"4628","4628",4030,4018,6447,0.599751861042184
"4629","4629",2102,2102,2037,-0.0309229305423406
"4630","4630",3130,2820,2454,-0.215974440894569
"4631","4631",3214,3170,3148,-0.0205351586807716
"4632","4632",5102,4665,5181,0.015484123872991
"4633","4633",3666,3861,3744,0.0212765957446809
"7229","7229",3666,3861,3744,0.0212765957446809
"4634","4634",3791,3038,2852,-0.247691901872857
"4635","4635",2469,2469,3014,0.22073714054273
"4636","4636",1489,1491,1747,0.173270651443922
"4637","4637",3726,5011,3635,-0.024422973698336
"4638","4638",4110,3515,3288,-0.2
"4639","4639",2745,2758,3252,0.184699453551913
"4640","4640",5362,4618,3893,-0.2739649384558
"4641","4641",1222,1204,1272,0.0409165302782324
"9578","9578",1222,1204,1272,0.0409165302782324
"13744","13744",1222,1204,1272,0.0409165302782324
"4642","4642",1311,1202,1234,-0.0587337909992372
"8049","8049",1311,1202,1234,-0.0587337909992372
"4643","4643",1540,1594,1673,0.0863636363636364
"4645","4645",2452,2480,2309,-0.0583197389885807
"16220","16220",2452,2480,2309,-0.0583197389885807
"4646","4646",3072,3062,1462,-0.524088541666667
"4647","4647",2720,2711,2515,-0.0753676470588235
"4648","4648",4269,4262,4450,0.0423986882173811
"4649","4649",2517,2543,2544,0.0107270560190703
"4650","4650",1899,1899,2873,0.512901527119537
"4651","4651",5008,4757,5378,0.0738817891373802
"4652","4652",1284,1782,1099,-0.144080996884735
"11886","11886",1284,1782,1099,-0.144080996884735
"4653","4653",2219,2113,2193,-0.0117169896349707
"4654","4654",6912,6924,6489,-0.0611979166666667
"4655","4655",3599,3634,3583,-0.00444567935537649
"4656","4656",4103,3924,3869,-0.0570314404094565
"4657","4657",2678,2727,2615,-0.0235250186706497
"4658","4658",1348,1434,1503,0.114985163204748
"17933","17933",1348,1434,1503,0.114985163204748
"4659","4659",1473,1494,1423,-0.0339443312966735
"15116","15116",1473,1494,1423,-0.0339443312966735
"4660","4660",2835,2653,2276,-0.197178130511464
"4661","4661",12637,12283,10327,-0.182796549814038
"4662","4662",1668,1668,1668,0
"4663","4663",1647,1628,1760,0.0686095931997571
"4664","4664",5782,5879,5514,-0.0463507436873054
"4665","4665",5157,5144,4409,-0.145045569129339
"4666","4666",2068,2068,2086,0.00870406189555126
"4668","4668",4087,4008,4306,0.0535845363347198
"4669","4669",1883,1885,1898,0.0079660116834838
"8105","8105",1883,1885,1898,0.0079660116834838
"4670","4670",2932,3185,2924,-0.00272851296043656
"4671","4671",2028,2069,2051,0.0113412228796844
"7239","7239",2028,2069,2051,0.0113412228796844
"4672","4672",3037,3039,2648,-0.128086927889365
"4673","4673",7391,7558,7853,0.0625084562305507
"4674","4674",1375,1375,1424,0.0356363636363636
"4675","4675",3480,3483,3464,-0.00459770114942529
"4676","4676",5129,6709,5233,0.0202768570871515
"4677","4677",4869,4907,4941,0.0147874306839187
"4678","4678",2494,2488,2040,-0.182036888532478
"4679","4679",1076,1085,981,-0.0882899628252788
"4680","4680",1938,1938,2417,0.247162022703818
"4681","4681",4011,3739,3646,-0.0909997506856146
"4682","4682",3799,3503,3232,-0.149249802579626
"4683","4683",6934,7628,6843,-0.0131237381021056
"4684","4684",4255,3981,4070,-0.0434782608695652
"9900","9900",4255,3981,4070,-0.0434782608695652
"13053","13053",4255,3981,4070,-0.0434782608695652
"13117","13117",4255,3981,4070,-0.0434782608695652
"4685","4685",7139,7204,6835,-0.0425829948172013
"4687","4687",2302,2538,2008,-0.127715030408341
"4823","4823",2302,2538,2008,-0.127715030408341
"9948","9948",2302,2538,2008,-0.127715030408341
"4688","4688",9711,9790,11712,0.206054989187519
"4689","4689",4578,4424,4484,-0.0205329838357361
"4690","4690",6306,6274,5130,-0.186489058039962
"4691","4691",5879,5897,5933,0.00918523558428304
"4692","4692",1691,1802,1573,-0.0697811945594323
"4693","4693",3706,3584,3729,0.0062061521856449
"4694","4694",9153,9323,7342,-0.197858625587239
"4695","4695",5513,5475,5605,0.0166878287683657
"4696","4696",2803,2802,2446,-0.127363539065287
"4697","4697",1361,1361,1384,0.0168993387215283
"4698","4698",5117,5105,4672,-0.0869650185655658
"4699","4699",3570,3568,3068,-0.140616246498599
"7362","7362",3570,3568,3068,-0.140616246498599
"4700","4700",6060,6102,6372,0.0514851485148515
"4701","4701",3115,3114,3144,0.00930979133226324
"4702","4702",5083,4537,5209,0.0247885107220146
"4703","4703",3005,2707,2780,-0.0748752079866889
"4704","4704",3290,3380,2939,-0.106686930091185
"4705","4705",5752,5632,3787,-0.341620305980529
"4706","4706",5565,5580,5273,-0.052470799640611
"4707","4707",5977,5981,5704,-0.0456750878367074
"4708","4708",5745,5750,5505,-0.0417754569190601
"4709","4709",1684,1689,1509,-0.103919239904988
"6879","6879",1684,1689,1509,-0.103919239904988
"4710","4710",4157,4110,4297,0.0336781332691845
"4711","4711",1465,1467,1412,-0.0361774744027304
"4712","4712",2487,2487,2424,-0.0253317249698432
"4714","4714",4854,4843,7961,0.640090646889164
"4715","4715",2464,2362,2326,-0.0560064935064935
"4716","4716",3433,3272,2555,-0.25575298572677
"4717","4717",4303,3433,3396,-0.210783174529398
"4718","4718",1865,1865,1869,0.00214477211796247
"4719","4719",2889,2151,1802,-0.376254759432329
"4720","4720",3097,3553,3759,0.213755247013239
"4721","4721",1229,2028,2027,0.649308380797396
"4722","4722",10277,10382,10693,0.0404787389315948
"4723","4723",1877,1856,1913,0.0191795418220565
"4724","4724",4567,4355,4762,0.0426976133128969
"4725","4725",4575,4475,4334,-0.0526775956284153
"4726","4726",5508,8013,7326,0.330065359477124
"4727","4727",3265,3265,2561,-0.2156202143951
"4728","4728",3035,3779,3671,0.209555189456343
"4729","4729",3254,3253,3102,-0.0467117393976644
"4730","4730",1807,1711,1714,-0.0514665190924184
"4731","4731",7206,8355,7500,0.0407993338884263
"4733","4733",2585,2583,3805,0.471953578336557
"4734","4734",7328,7706,6878,-0.0614082969432314
"4735","4735",6786,6873,6537,-0.0366931918656057
"4736","4736",1880,1863,1842,-0.0202127659574468
"4737","4737",5084,4896,3351,-0.34087332808812
"4738","4738",6073,6073,6025,-0.00790383665404248
"4739","4739",4149,4146,4048,-0.0243432152325862
"4740","4740",1641,1644,1805,0.0999390615478367
"16261","16261",1641,1644,1805,0.0999390615478367
"4741","4741",2644,2626,2847,0.0767776096822995
"4742","4742",3653,3661,4609,0.261702710101287
"4743","4743",10070,9767,8344,-0.171400198609732
"4744","4744",2384,2368,2465,0.0339765100671141
"4745","4745",2536,2535,2310,-0.0891167192429022
"8285","8285",2536,2535,2310,-0.0891167192429022
"4746","4746",4303,4029,4546,0.0564722286776667
"4747","4747",4476,4527,4489,0.00290437890974084
"4748","4748",3888,3888,3309,-0.14891975308642
"4749","4749",2670,2670,2668,-0.000749063670411985
"10860","10860",2670,2670,2668,-0.000749063670411985
"4751","4751",2226,2232,2562,0.150943396226415
"4752","4752",4063,4063,3781,-0.0694068422348019
"4753","4753",4669,4725,4686,0.00364103662454487
"4754","4754",2135,2154,2414,0.130679156908665
"4755","4755",4466,4528,4289,-0.0396327810120914
"4756","4756",2562,2507,2480,-0.0320062451209992
"4757","4757",1537,1537,1541,0.00260247234873129
"4758","4758",8913,8886,9028,0.0129025019634242
"4759","4759",1228,1228,1237,0.00732899022801303
"4760","4760",4047,4047,4594,0.135161848282679
"4761","4761",4793,5538,4736,-0.0118923430002086
"4762","4762",3912,3789,4145,0.059560327198364
"4763","4763",4945,4954,5161,0.043680485338726
"4764","4764",3158,3158,2147,-0.320139328689044
"4765","4765",3207,3215,3099,-0.0336763330215154
"17885","17885",3207,3215,3099,-0.0336763330215154
"4766","4766",2250,2248,1793,-0.203111111111111
"12176","12176",2250,2248,1793,-0.203111111111111
"19278","19278",2250,2248,1793,-0.203111111111111
"4767","4767",1597,1589,1695,0.0613650594865373
"4768","4768",1480,1480,1475,-0.00337837837837838
"4769","4769",3030,2534,2534,-0.163696369636964
"4770","4770",2157,2180,2142,-0.00695410292072323
"4771","4771",6144,6165,6050,-0.0152994791666667
"4772","4772",2562,2562,2256,-0.11943793911007
"4773","4773",3292,3223,3240,-0.0157958687727825
"4774","4774",976,976,1002,0.0266393442622951
"4775","4775",5234,4656,4703,-0.101452044325564
"4776","4776",2668,2666,2558,-0.0412293853073463
"4777","4777",1864,1864,1942,0.0418454935622318
"4778","4778",1819,1836,1822,0.00164925783397471
"4779","4779",888,889,885,-0.00337837837837838
"4781","4781",2497,2463,2602,0.0420504605526632
"4782","4782",5968,5987,5409,-0.0936662198391421
"4783","4783",2729,2722,2892,0.0597288384023452
"12507","12507",2729,2722,2892,0.0597288384023452
"4784","4784",2992,2953,2903,-0.0297459893048128
"4785","4785",3502,3499,2841,-0.188749286122216
"4786","4786",6343,6680,6397,0.00851332177203216
"4787","4787",7333,7192,7166,-0.0227737624437474
"4788","4788",5608,5609,5820,0.0378031383737518
"4789","4789",1509,1512,1807,0.197481776010603
"4790","4790",2665,2600,2472,-0.0724202626641651
"4791","4791",2869,3027,3206,0.117462530498432
"4792","4792",5971,5860,5919,-0.00870875900184224
"4793","4793",2855,2824,3267,0.14430823117338
"4794","4794",5201,5224,5065,-0.0261488175350894
"4795","4795",4849,5243,4781,-0.0140235100020623
"4797","4797",5275,4163,4330,-0.17914691943128
"4798","4798",6872,6661,5984,-0.129220023282887
"4799","4799",2664,2603,2595,-0.0259009009009009
"16646","16646",2664,2603,2595,-0.0259009009009009
"4800","4800",2787,2789,2404,-0.137423753139577
"4801","4801",6529,6539,6463,-0.0101087455965692
"4802","4802",4794,4791,4048,-0.15561118064247
"4803","4803",3197,3420,2896,-0.094150766343447
"4804","4804",6606,6078,6666,0.00908265213442325
"4805","4805",5421,5827,5067,-0.0653016048699502
"4806","4806",7379,7473,6521,-0.11627591814609
"4807","4807",4139,4547,4128,-0.00265764677458323
"4809","4809",1716,1717,1775,0.0343822843822844
"4810","4810",1563,1563,1583,0.0127959053103007
"4811","4811",3439,3336,3124,-0.0915963943006688
"4812","4812",2445,2338,2355,-0.0368098159509202
"4813","4813",870,848,900,0.0344827586206897
"4814","4814",2400,2417,2760,0.15
"4815","4815",1002,1003,1004,0.00199600798403194
"4816","4816",2240,2356,2361,0.0540178571428571
"4817","4817",2353,2354,4034,0.714407139821504
"4818","4818",3241,3038,3150,-0.0280777537796976
"4819","4819",5120,4997,4619,-0.0978515625
"4820","4820",4259,3760,2984,-0.299366048368162
"4821","4821",825,809,824,-0.00121212121212121
"4822","4822",3659,3561,3477,-0.0497403662202788
"4824","4824",2156,2156,2111,-0.0208719851576994
"4825","4825",2762,2591,2455,-0.111151339608979
"4826","4826",2520,2535,2706,0.0738095238095238
"4827","4827",2131,1649,2023,-0.0506804317221962
"4828","4828",1519,1524,1164,-0.233706385780118
"4829","4829",1976,2003,1991,0.00759109311740891
"4830","4830",2532,2536,2539,0.00276461295418641
"4831","4831",3078,3073,2590,-0.158544509421702
"4832","4832",2124,1985,1989,-0.0635593220338983
"4833","4833",6918,7263,6997,0.0114194854004047
"4834","4834",3527,3561,3778,0.0711652962857953
"4835","4835",3906,3905,4003,0.0248335893497184
"4836","4836",770,770,831,0.0792207792207792
"18497","18497",770,770,831,0.0792207792207792
"4837","4837",3178,2716,2740,-0.137822529893014
"4838","4838",3034,3026,2964,-0.023071852340145
"4839","4839",1989,1880,1734,-0.128205128205128
"4840","4840",2024,2026,2598,0.283596837944664
"16332","16332",2024,2026,2598,0.283596837944664
"4841","4841",8572,8461,7280,-0.150723285114326
"4842","4842",1548,1539,1662,0.0736434108527132
"4843","4843",1949,1949,1926,-0.0118009235505387
"4844","4844",1383,1381,1275,-0.0780911062906725
"4845","4845",2573,2574,2891,0.123591138748543
"4846","4846",2285,2285,1895,-0.170678336980306
"4847","4847",1248,1219,1320,0.0576923076923077
"4848","4848",2181,2181,2131,-0.0229252636405319
"4849","4849",3978,3978,4253,0.0691302161890397
"4850","4850",1493,1493,1181,-0.208975217682518
"7929","7929",1493,1493,1181,-0.208975217682518
"4851","4851",4227,4220,4772,0.12893304944405
"4852","4852",2068,1920,1917,-0.0730174081237911
"4853","4853",2773,2773,2784,0.00396682293544897
"4854","4854",8053,7991,8133,0.00993418601763318
"4855","4855",4203,4183,4098,-0.0249821556031406
"4856","4856",3207,3236,3367,0.0498908637355784
"4857","4857",8481,8467,7748,-0.0864284872066973
"4858","4858",2074,2074,2134,0.0289296046287367
"4859","4859",2797,2825,2532,-0.0947443689667501
"4861","4861",4131,4247,8103,0.961510530137981
"4862","4862",3833,3994,3770,-0.0164362118445082
"4863","4863",1569,2091,1983,0.263862332695985
"4864","4864",3174,3166,2630,-0.171392564587272
"4865","4865",1502,1775,1492,-0.0066577896138482
"5691","5691",1502,1775,1492,-0.0066577896138482
"4866","4866",3865,3795,3480,-0.0996119016817594
"4867","4867",1927,1927,2228,0.156201349247535
"4869","4869",1302,1302,1244,-0.0445468509984639
"4870","4870",5778,5744,5721,-0.009865005192108
"4871","4871",4355,4593,6311,0.449138920780712
"4872","4872",4835,4958,4321,-0.106308169596691
"4873","4873",2290,2295,2305,0.00655021834061135
"7141","7141",2290,2295,2305,0.00655021834061135
"4874","4874",966,966,1014,0.0496894409937888
"4875","4875",6137,5807,5773,-0.0593123676063223
"4876","4876",2417,2417,2445,0.0115846090194456
"4877","4877",1275,1275,1274,-0.000784313725490196
"13654","13654",1275,1275,1274,-0.000784313725490196
"4878","4878",2747,5298,4298,0.564615944666909
"4879","4879",1934,1995,2188,0.131334022750776
"4880","4880",1779,1791,1753,-0.0146149522203485
"4881","4881",2207,2206,1669,-0.243769823289533
"4882","4882",1847,1847,1847,0
"4883","4883",2127,1966,2046,-0.0380818053596615
"4884","4884",5268,4492,4206,-0.201594533029613
"9473","9473",5268,4492,4206,-0.201594533029613
"4885","4885",4672,4849,3931,-0.158604452054795
"4886","4886",2768,2768,2765,-0.00108381502890173
"4887","4887",1481,1486,1470,-0.00742741390952059
"4888","4888",3707,3417,3441,-0.0717561370380361
"7034","7034",3707,3417,3441,-0.0717561370380361
"4889","4889",6848,6354,4512,-0.341121495327103
"4890","4890",3581,3599,3266,-0.0879642557944708
"4891","4891",3959,3836,3539,-0.106087395807022
"4892","4892",2734,2594,2472,-0.0958302852962692
"4893","4893",3164,3012,2947,-0.0685840707964602
"4894","4894",2442,2839,2311,-0.0536445536445536
"4895","4895",3102,3122,3104,0.000644745325596389
"4896","4896",1814,1814,1639,-0.0964718853362734
"4897","4897",4017,3729,3636,-0.0948469006721434
"4898","4898",7299,7413,9418,0.29031374160844
"4899","4899",4587,4619,4587,0
"4900","4900",3099,3023,3142,0.0138754436915134
"4901","4901",1859,1859,1501,-0.192576654115116
"4902","4902",4149,4033,3600,-0.132321041214751
"4903","4903",3645,3551,3656,0.00301783264746228
"16588","16588",3645,3551,3656,0.00301783264746228
"4904","4904",3803,3871,4065,0.0688929792269261
"4905","4905",3965,4080,4112,0.0370744010088272
"4906","4906",1578,1560,1729,0.0956907477820025
"4907","4907",3812,3313,3185,-0.164480587618048
"4908","4908",2946,2255,2405,-0.183638832315003
"4909","4909",4820,4834,4601,-0.0454356846473029
"10907","10907",4820,4834,4601,-0.0454356846473029
"4910","4910",7434,7448,7815,0.0512510088781275
"4911","4911",3225,3172,2964,-0.0809302325581395
"4912","4912",3337,3351,3304,-0.00988912196583758
"4913","4913",4646,4749,4824,0.0383125269048644
"4914","4914",3458,3437,3293,-0.0477154424522846
"4915","4915",2307,2498,2252,-0.023840485478977
"4916","4916",1243,1243,1457,0.172164119066774
"4917","4917",2323,2318,2602,0.120103314679294
"4918","4918",3167,2985,3032,-0.0426270918850647
"4920","4920",2535,2535,1697,-0.330571992110454
"4921","4921",1620,1616,1329,-0.17962962962963
"4923","4923",2997,2937,2967,-0.01001001001001
"4924","4924",7643,7617,7492,-0.0197566400628026
"4925","4925",2114,2241,2364,0.118259224219489
"6947","6947",2114,2241,2364,0.118259224219489
"11986","11986",2114,2241,2364,0.118259224219489
"4926","4926",8752,8938,8960,0.0237659963436929
"4927","4927",2182,2307,2256,0.0339138405132906
"4928","4928",833,833,1177,0.41296518607443
"4929","4929",2560,2559,1946,-0.23984375
"4930","4930",2269,2272,1928,-0.150286469810489
"4931","4931",3654,3557,3245,-0.111932129173508
"4932","4932",971,963,812,-0.163748712667353
"4933","4933",2807,2905,2657,-0.0534378339864624
"4934","4934",3328,3328,3362,0.0102163461538462
"4935","4935",2915,2912,2561,-0.121440823327616
"4936","4936",1713,2145,2158,0.259778166958552
"4938","4938",8411,8216,8218,-0.0229461419569611
"4939","4939",3072,3371,2068,-0.326822916666667
"4940","4940",10386,10316,10030,-0.0342769112266513
"4941","4941",3791,3840,4175,0.1012925349512
"4942","4942",6989,7816,5643,-0.192588353126341
"4943","4943",4947,4929,4968,0.00424499696785931
"4944","4944",2952,2950,2084,-0.294037940379404
"4945","4945",6537,6335,7624,0.166284228239253
"4946","4946",1438,1431,1415,-0.0159944367176634
"4947","4947",2585,2541,2537,-0.018568665377176
"15573","15573",2585,2541,2537,-0.018568665377176
"19618","19618",2585,2541,2537,-0.018568665377176
"4948","4948",2571,2433,2490,-0.0315052508751459
"4949","4949",1584,1701,1390,-0.122474747474747
"4950","4950",5550,5653,5345,-0.0369369369369369
"4951","4951",3115,2971,3476,0.115890850722311
"4952","4952",4437,4442,3728,-0.159792652693261
"4953","4953",8348,8477,8525,0.0212026832774317
"4954","4954",3466,4300,3604,0.0398153491055972
"4955","4955",3389,3508,3279,-0.0324579521982886
"4956","4956",2386,2386,2599,0.0892707460184409
"4957","4957",3332,3367,2890,-0.13265306122449
"4958","4958",4485,4378,4383,-0.022742474916388
"4959","4959",5352,4390,4110,-0.232062780269058
"4960","4960",1981,2061,2033,0.0262493690055528
"4961","4961",4115,4034,3611,-0.122478736330498
"4962","4962",3275,3277,3278,0.000916030534351145
"19031","19031",3275,3277,3278,0.000916030534351145
"4963","4963",7723,7385,13865,0.795286805645475
"4964","4964",1394,1245,1299,-0.0681492109038737
"4965","4965",1545,1545,1462,-0.0537216828478964
"4966","4966",2934,2936,3211,0.0944103612815269
"4967","4967",3994,3781,3620,-0.0936404606910366
"4968","4968",3341,3323,3154,-0.0559712660879976
"4969","4969",8608,7705,9333,0.0842239776951673
"4970","4970",8162,8559,7074,-0.133300661602548
"4971","4971",3171,3172,2936,-0.0741091138442132
"4972","4972",1754,1733,2411,0.374572405929304
"4973","4973",1779,1786,1851,0.0404721753794266
"4974","4974",3717,3450,3258,-0.123486682808717
"4975","4975",3974,3910,3703,-0.068193256165073
"4976","4976",2777,2777,3414,0.229384227583723
"4977","4977",2470,2481,3294,0.333603238866397
"4978","4978",2001,1986,2181,0.0899550224887556
"4979","4979",5365,5371,5100,-0.0493942218080149
"4980","4980",2416,2418,2494,0.0322847682119205
"4981","4981",3378,3382,2816,-0.166370633510953
"4982","4982",2802,3845,2187,-0.21948608137045
"4983","4983",2083,2071,2088,0.00240038406144983
"4984","4984",3761,3501,3537,-0.0595586280244616
"6075","6075",3761,3501,3537,-0.0595586280244616
"4985","4985",4406,4406,4379,-0.00612800726282342
"4986","4986",3516,3203,3138,-0.107508532423208
"4987","4987",7768,7799,7909,0.0181513903192585
"4988","4988",3016,3736,4109,0.362400530503979
"4990","4990",1650,1698,2274,0.378181818181818
"14851","14851",1650,1698,2274,0.378181818181818
"4991","4991",3211,3349,2821,-0.121457489878543
"4992","4992",4324,3946,4134,-0.043940795559667
"4993","4993",3113,2747,3147,0.0109219402505622
"4994","4994",1530,1530,1526,-0.00261437908496732
"4995","4995",6978,6916,5335,-0.235454284895386
"4996","4996",4719,4849,4329,-0.0826446280991736
"4997","4997",4755,4761,5034,0.0586750788643533
"4998","4998",3569,3757,3199,-0.103670495937237
"5000","5000",2397,2339,2506,0.0454735085523571
"5001","5001",5633,5811,5519,-0.0202378838984555
"5002","5002",2388,2368,2474,0.0360134003350084
"8143","8143",2388,2368,2474,0.0360134003350084
"5003","5003",1965,1905,1917,-0.0244274809160305
"5004","5004",8362,8362,8410,0.00574025352786415
"5005","5005",1572,1769,1739,0.106234096692112
"7439","7439",1572,1769,1739,0.106234096692112
"5006","5006",2147,2145,2327,0.0838379133674895
"5007","5007",2297,2300,2193,-0.0452764475402699
"8277","8277",2297,2300,2193,-0.0452764475402699
"5008","5008",3131,3686,3141,0.00319386777387416
"5009","5009",3541,3537,2820,-0.203614798079639
"5010","5010",2960,2646,3078,0.0398648648648649
"5011","5011",4488,3993,4000,-0.10873440285205
"5012","5012",6746,6284,5959,-0.116661725466943
"5014","5014",2713,2598,2505,-0.0766678953188352
"5015","5015",1674,2560,2462,0.470728793309438
"5016","5016",7469,7843,6814,-0.0876958093452939
"5017","5017",3224,3224,5290,0.640818858560794
"5018","5018",5574,5575,6188,0.110154287764621
"5019","5019",5282,5275,7690,0.455887921241954
"5020","5020",4252,4339,4505,0.0595014111006585
"5021","5021",5241,5157,5287,0.00877695096355657
"5023","5023",3791,3872,3688,-0.0271696122395146
"5024","5024",1216,1194,1035,-0.148848684210526
"5025","5025",5964,5806,5296,-0.112005365526492
"5026","5026",2712,2781,2595,-0.043141592920354
"5027","5027",1941,1941,1842,-0.0510046367851623
"5028","5028",1607,1607,1600,-0.00435594275046671
"5387","5387",1607,1607,1600,-0.00435594275046671
"5029","5029",2305,2291,2231,-0.0321041214750542
"6815","6815",2305,2291,2231,-0.0321041214750542
"5030","5030",2490,2635,2700,0.0843373493975904
"5033","5033",3871,4020,3646,-0.0581245156290364
"5034","5034",8190,8350,7551,-0.078021978021978
"5035","5035",4172,4308,4466,0.0704697986577181
"9368","9368",4172,4308,4466,0.0704697986577181
"5036","5036",1253,1242,1325,0.0574620909816441
"5037","5037",1433,1496,1498,0.0453593859036985
"5038","5038",2855,2783,2058,-0.279159369527145
"7589","7589",2855,2783,2058,-0.279159369527145
"10864","10864",2855,2783,2058,-0.279159369527145
"5039","5039",5117,5121,4381,-0.143834277897205
"5040","5040",3288,4002,2698,-0.179440389294404
"5041","5041",2177,2217,2392,0.0987597611391824
"5042","5042",6298,6273,4456,-0.292473801206732
"5043","5043",5781,5768,3835,-0.3366199619443
"5044","5044",2666,2748,2697,0.0116279069767442
"5045","5045",4546,4418,4372,-0.0382754069511659
"14963","14963",4546,4418,4372,-0.0382754069511659
"5046","5046",908,908,1043,0.148678414096916
"5047","5047",3599,3221,3189,-0.113920533481523
"5049","5049",5018,5019,4760,-0.0514149063371861
"5050","5050",2017,2017,1837,-0.0892414476945959
"12239","12239",2017,2017,1837,-0.0892414476945959
"5051","5051",5881,5477,5510,-0.0630845094371705
"5052","5052",5003,5218,3754,-0.249650209874076
"5053","5053",2157,2157,2154,-0.00139082058414465
"5055","5055",3918,3546,3729,-0.0482388973966309
"5056","5056",2349,2223,3573,0.521072796934866
"5057","5057",2966,2955,3241,0.0927174645987862
"5058","5058",2698,2369,2322,-0.139362490733877
"5059","5059",3215,3217,3387,0.0534992223950233
"5060","5060",2884,3442,2466,-0.144937586685159
"5061","5061",1324,1324,1323,-0.000755287009063444
"5062","5062",4526,5635,4922,0.0874944763588157
"5063","5063",1853,1853,1851,-0.00107933081489477
"5064","5064",3216,3099,3322,0.0329601990049751
"11106","11106",3216,3099,3322,0.0329601990049751
"5066","5066",2782,2782,2783,0.000359453630481668
"5067","5067",8187,8586,7415,-0.0942958348601441
"5068","5068",1596,1596,1598,0.0012531328320802
"5069","5069",1236,1168,1215,-0.0169902912621359
"5070","5070",1622,1621,1768,0.0900123304562269
"5071","5071",1479,1479,1766,0.194050033806626
"5072","5072",3591,3595,3439,-0.0423280423280423
"11687","11687",3591,3595,3439,-0.0423280423280423
"5073","5073",936,938,975,0.0416666666666667
"5074","5074",3798,3818,3889,0.0239599789362823
"5075","5075",2025,2029,2029,0.00197530864197531
"5077","5077",3681,3439,3410,-0.0736212985601739
"5078","5078",1621,1575,1666,0.0277606415792721
"8930","8930",1621,1575,1666,0.0277606415792721
"5079","5079",3599,3308,3333,-0.0739094192831342
"5080","5080",1836,1828,2205,0.200980392156863
"5081","5081",1914,1848,2390,0.248693834900731
"5082","5082",10235,10769,9730,-0.0493404982901808
"5083","5083",1250,1263,1050,-0.16
"5084","5084",4670,4672,4204,-0.0997858672376874
"5085","5085",1865,1617,1262,-0.323324396782842
"5086","5086",6220,6231,10639,0.710450160771704
"5087","5087",4505,4400,4308,-0.0437291897891232
"11373","11373",4505,4400,4308,-0.0437291897891232
"5088","5088",5495,5461,4644,-0.154868061874431
"5089","5089",8245,8046,7035,-0.146755609460279
"5090","5090",2050,2045,1966,-0.0409756097560976
"5091","5091",5627,5439,5471,-0.0277234760973876
"5092","5092",1681,1681,1400,-0.16716240333135
"5093","5093",2234,2237,2027,-0.0926589077887198
"5094","5094",3164,3059,2788,-0.118836915297092
"5095","5095",1673,1618,1701,0.0167364016736402
"5096","5096",1729,1741,1672,-0.032967032967033
"5097","5097",2881,2798,2964,0.0288094411662617
"5098","5098",4331,4491,4413,0.0189332717617178
"5099","5099",4652,4612,4941,0.0621238177128117
"5100","5100",5457,5457,5423,-0.00623052959501558
"5101","5101",6751,5629,6093,-0.0974670419197156
"5102","5102",1594,1593,1656,0.0388958594730238
"5464","5464",1594,1593,1656,0.0388958594730238
"13215","13215",1594,1593,1656,0.0388958594730238
"5103","5103",8070,7743,7681,-0.0482032218091698
"5104","5104",2302,2314,1361,-0.408774978279757
"5105","5105",4307,4308,4313,0.00139308103087996
"5106","5106",2339,2455,2455,0.049593843522873
"5107","5107",5833,5680,5099,-0.125835762043545
"5108","5108",2820,2171,2236,-0.20709219858156
"5109","5109",2776,2837,3162,0.139048991354467
"5110","5110",5208,4735,4596,-0.117511520737327
"5111","5111",3546,3233,3066,-0.135363790186125
"5112","5112",5078,4367,4498,-0.114218196140213
"5113","5113",4314,4064,3903,-0.0952712100139082
"5114","5114",5340,5339,5093,-0.0462546816479401
"5115","5115",1378,1180,1179,-0.144412191582003
"5116","5116",2042,2002,1896,-0.0714985308521058
"6522","6522",2042,2002,1896,-0.0714985308521058
"5117","5117",1565,1560,1561,-0.00255591054313099
"5118","5118",1838,1695,1700,-0.0750816104461371
"5119","5119",1903,1780,1717,-0.0977404098791382
"5120","5120",2207,2210,2223,0.00724966017217943
"5121","5121",5684,5684,5215,-0.082512315270936
"5122","5122",2699,2815,2815,0.0429788810670619
"5123","5123",4096,3166,3250,-0.20654296875
"5124","5124",1209,1531,773,-0.360628618693135
"5125","5125",4726,4722,3363,-0.288404570461278
"5126","5126",3697,3697,6011,0.625912902353259
"5127","5127",959,960,977,0.0187695516162669
"5128","5128",1511,1512,1521,0.00661813368630046
"5129","5129",2919,2745,2792,-0.0435080507022953
"15689","15689",2919,2745,2792,-0.0435080507022953
"5130","5130",3786,3785,4345,0.147649234020074
"5131","5131",4920,5036,5263,0.0697154471544715
"5132","5132",2142,2223,1539,-0.281512605042017
"5133","5133",2738,2878,2900,0.0591672753834916
"5134","5134",2149,2147,2162,0.00604932526756631
"5135","5135",5142,5187,4230,-0.177362893815636
"5136","5136",1071,1071,1128,0.0532212885154062
"5137","5137",2137,2136,1888,-0.116518483855873
"5138","5138",5090,5314,5732,0.126129666011788
"5139","5139",4588,4589,3910,-0.147776809067132
"5140","5140",3751,3735,3906,0.0413223140495868
"5141","5141",7434,7442,7429,-0.00067258541834813
"5142","5142",1817,1797,1716,-0.0555861309851403
"5143","5143",3297,2608,2327,-0.294206854716409
"5144","5144",4105,4784,4010,-0.023142509135201
"5145","5145",5849,5260,5431,-0.0714652077278167
"5146","5146",2425,2407,2417,-0.00329896907216495
"5147","5147",1921,2518,2153,0.120770432066632
"5148","5148",2603,2629,2625,0.00845178640030734
"5149","5149",4864,4869,4057,-0.165912828947368
"5150","5150",1789,1787,1371,-0.233650083845724
"5151","5151",2369,2369,2425,0.0236386661038413
"11810","11810",2369,2369,2425,0.0236386661038413
"5152","5152",2624,2574,2573,-0.0194359756097561
"5153","5153",3717,2987,3110,-0.163303739574926
"5154","5154",5693,5961,5037,-0.115229228877569
"5155","5155",3530,3502,4221,0.195750708215297
"5156","5156",4212,4184,4491,0.0662393162393162
"5158","5158",1692,1692,1692,0
"5159","5159",1810,1695,1642,-0.0928176795580111
"17171","17171",1810,1695,1642,-0.0928176795580111
"5160","5160",2217,2304,2206,-0.0049616599007668
"5161","5161",4507,4121,3298,-0.26824938983803
"5162","5162",4849,4843,4642,-0.0426892142709837
"5163","5163",10867,10491,9676,-0.109597865096163
"5164","5164",2323,2228,2352,0.0124838570813603
"5165","5165",4487,4665,4733,0.0548250501448629
"5166","5166",2860,2857,2830,-0.0104895104895105
"5167","5167",6767,6851,6731,-0.00531993497857248
"5168","5168",1875,1875,1553,-0.171733333333333
"15491","15491",1875,1875,1553,-0.171733333333333
"5169","5169",2425,2615,2679,0.104742268041237
"5170","5170",2902,2966,2932,0.0103376981392143
"5171","5171",2833,3128,2800,-0.0116484292269679
"5172","5172",9618,9927,9610,-0.00083177375753795
"5173","5173",4753,4960,3466,-0.270776351777825
"5174","5174",2604,3027,1694,-0.349462365591398
"5175","5175",2414,2451,2546,0.0546810273405137
"5176","5176",2250,2250,2251,0.000444444444444444
"5177","5177",7652,7873,6259,-0.182043910088866
"5178","5178",7053,6809,6910,-0.0202750602580462
"5179","5179",3221,3216,2871,-0.108661906240298
"9098","9098",3221,3216,2871,-0.108661906240298
"9599","9599",3221,3216,2871,-0.108661906240298
"5180","5180",1320,1242,1028,-0.221212121212121
"5183","5183",6484,6483,6225,-0.0399444787168415
"5184","5184",1490,1454,1449,-0.0275167785234899
"5185","5185",2423,2420,2738,0.130004127115147
"5186","5186",2377,2381,2034,-0.144299537231805
"5187","5187",3821,3821,3245,-0.150745878042397
"5188","5188",9801,10108,9844,0.00438730741761045
"5189","5189",1066,1066,1096,0.0281425891181989
"5190","5190",2906,2387,3518,0.210598761183758
"5191","5191",3309,3516,3602,0.0885463886370505
"5192","5192",1629,1629,1676,0.0288520564763659
"5193","5193",1332,1403,1403,0.0533033033033033
"5194","5194",1338,1338,1182,-0.116591928251121
"5195","5195",2158,2074,2290,0.0611677479147359
"5196","5196",2260,2264,2253,-0.00309734513274336
"5197","5197",4318,4229,3992,-0.0754979157017138
"5198","5198",5065,4450,4112,-0.188153998025666
"5199","5199",1033,895,1098,0.0629235237173282
"13913","13913",1033,895,1098,0.0629235237173282
"14404","14404",1033,895,1098,0.0629235237173282
"5200","5200",5870,5874,5890,0.00340715502555366
"5201","5201",2185,2192,2294,0.0498855835240275
"5202","5202",3777,3767,6329,0.67566851998941
"5203","5203",2461,2481,2388,-0.0296627387240959
"5204","5204",3168,3348,3102,-0.0208333333333333
"5206","5206",2386,2470,2333,-0.0222129086336966
"5207","5207",1278,1254,1202,-0.0594679186228482
"10526","10526",1278,1254,1202,-0.0594679186228482
"12599","12599",1278,1254,1202,-0.0594679186228482
"16295","16295",1278,1254,1202,-0.0594679186228482
"5209","5209",3020,3009,2408,-0.202649006622517
"5210","5210",9598,10314,8790,-0.0841842050427172
"5211","5211",4859,4833,4659,-0.0411607326610414
"5212","5212",2146,2146,1882,-0.123019571295433
"5213","5213",1663,1719,1620,-0.0258568851473241
"5215","5215",5346,4798,4662,-0.127946127946128
"5216","5216",7074,7453,7199,0.017670342097823
"5217","5217",1328,1339,1310,-0.0135542168674699
"8040","8040",1328,1339,1310,-0.0135542168674699
"5218","5218",3468,3527,3274,-0.0559400230680508
"5219","5219",3714,3712,3384,-0.0888529886914378
"5220","5220",11578,10774,9916,-0.143548108481603
"5221","5221",2856,2853,2848,-0.00280112044817927
"5222","5222",1837,1830,948,-0.483941208492107
"5223","5223",3655,3643,2499,-0.316279069767442
"5224","5224",2836,2806,2816,-0.00705218617771509
"5225","5225",3358,3191,3217,-0.0419892793329363
"5226","5226",1892,1830,1844,-0.025369978858351
"14832","14832",1892,1830,1844,-0.025369978858351
"5227","5227",747,747,748,0.00133868808567604
"17036","17036",747,747,748,0.00133868808567604
"5228","5228",3921,3622,2925,-0.254016832440704
"5229","5229",2234,2228,2111,-0.0550581915846016
"5230","5230",3833,3833,3682,-0.0393947299765197
"5231","5231",8767,8914,8175,-0.067525949583666
"5232","5232",4498,4497,4462,-0.00800355713650511
"5233","5233",2888,2950,2588,-0.10387811634349
"5234","5234",3535,3500,3601,0.0186704384724187
"5235","5235",2029,2076,1902,-0.0625924100542139
"5236","5236",7596,7320,7134,-0.0608214849921011
"5237","5237",3998,4090,3900,-0.024512256128064
"5238","5238",2963,2963,2910,-0.0178872764090449
"5239","5239",4317,4328,4373,0.0129719712763493
"5240","5240",4417,4970,3825,-0.134027620556939
"5241","5241",1116,1118,1112,-0.003584229390681
"17291","17291",1116,1118,1112,-0.003584229390681
"5242","5242",987,982,968,-0.0192502532928065
"5243","5243",2323,2327,2413,0.0387430047352561
"5244","5244",6216,5268,4903,-0.211229086229086
"5245","5245",3233,3202,3488,0.0788741107330653
"5246","5246",3840,3725,4110,0.0703125
"5247","5247",1849,1856,2270,0.22769064359113
"5248","5248",3491,3120,3158,-0.0953881409338298
"5249","5249",4043,4045,4099,0.0138511006678209
"5250","5250",1752,1763,2064,0.178082191780822
"19170","19170",1752,1763,2064,0.178082191780822
"5251","5251",2775,2604,2707,-0.0245045045045045
"5252","5252",8162,8216,7911,-0.0307522666013232
"5253","5253",3089,3036,3090,0.000323729362253156
"5254","5254",2682,2673,2709,0.0100671140939597
"5255","5255",2178,2180,2021,-0.0720844811753903
"5256","5256",5573,5754,5811,0.0427059034631258
"5257","5257",3204,3191,3353,0.0465043695380774
"6132","6132",3204,3191,3353,0.0465043695380774
"5258","5258",2410,2410,2107,-0.125726141078838
"5259","5259",3466,2574,2204,-0.364108482400462
"5260","5260",2747,2744,3050,0.110302147797597
"5261","5261",6420,6381,6677,0.0400311526479751
"5262","5262",2272,2214,2220,-0.022887323943662
"5263","5263",8892,9024,8409,-0.0543184885290148
"5264","5264",2315,2106,1968,-0.149892008639309
"11584","11584",2315,2106,1968,-0.149892008639309
"5265","5265",2968,3047,3327,0.120956873315364
"5266","5266",2025,2027,1895,-0.0641975308641975
"5267","5267",2523,2523,2963,0.17439556084027
"5268","5268",6790,7104,6143,-0.0952871870397644
"5270","5270",2608,3724,2206,-0.154141104294479
"5271","5271",2108,2107,2173,0.0308349146110057
"5272","5272",2351,2374,2309,-0.0178647384091876
"5273","5273",6047,5774,5686,-0.059699024309575
"5274","5274",1950,1950,1927,-0.0117948717948718
"5275","5275",1758,1760,986,-0.439135381114903
"14772","14772",1758,1760,986,-0.439135381114903
"5276","5276",2401,1763,1668,-0.305289462723865
"5277","5277",4290,6832,5914,0.378554778554779
"5278","5278",9042,8990,8288,-0.0833886308338863
"5279","5279",1590,1590,1590,0
"5280","5280",4871,5131,4010,-0.176760418805173
"5281","5281",4654,4812,4509,-0.0311559948431457
"5282","5282",3828,3698,3667,-0.0420585161964472
"5283","5283",5734,5745,4754,-0.170910359260551
"5284","5284",2743,2743,2984,0.0878600072912869
"11114","11114",2743,2743,2984,0.0878600072912869
"5285","5285",3112,3122,2918,-0.0623393316195373
"5286","5286",2815,2669,2678,-0.0486678507992895
"12194","12194",2815,2669,2678,-0.0486678507992895
"5287","5287",2652,2377,2400,-0.0950226244343891
"7378","7378",2652,2377,2400,-0.0950226244343891
"5288","5288",4411,4419,5593,0.26796644751757
"5290","5290",2458,2440,2400,-0.0235964198535395
"5291","5291",4375,4377,3951,-0.0969142857142857
"5292","5292",1009,999,1085,0.0753221010901883
"5293","5293",4150,4027,4107,-0.0103614457831325
"15568","15568",4150,4027,4107,-0.0103614457831325
"5294","5294",4085,3217,2982,-0.270012239902081
"6880","6880",4085,3217,2982,-0.270012239902081
"5295","5295",3872,3875,3661,-0.0544938016528926
"5296","5296",6399,6702,5285,-0.174089701515862
"5297","5297",1135,1134,1109,-0.0229074889867841
"5298","5298",1599,1599,1390,-0.130706691682301
"13920","13920",1599,1599,1390,-0.130706691682301
"5299","5299",1362,1279,1264,-0.0719530102790015
"5300","5300",1106,1108,1128,0.0198915009041591
"5301","5301",2717,2724,2697,-0.00736105999263894
"5302","5302",6342,6278,5354,-0.155786818038474
"5303","5303",2875,2792,2517,-0.124521739130435
"5304","5304",1839,1848,1961,0.0663404023926047
"5305","5305",2155,2158,3386,0.57122969837587
"5306","5306",2398,2198,2189,-0.0871559633027523
"5307","5307",2301,2505,2596,0.128205128205128
"6546","6546",2301,2505,2596,0.128205128205128
"5308","5308",2597,2599,2508,-0.0342703118983442
"5309","5309",1743,1741,1744,0.00057372346528973
"5310","5310",1684,1680,1743,0.0350356294536817
"5311","5311",9605,9833,9788,0.0190525767829256
"5312","5312",4491,6812,6807,0.515698062792251
"11490","11490",4491,6812,6807,0.515698062792251
"5313","5313",1879,1877,1877,-0.00106439595529537
"5314","5314",3085,3209,3107,0.00713128038897893
"5315","5315",5114,5117,4714,-0.0782166601486117
"5316","5316",3112,3112,3250,0.0443444730077121
"5318","5318",8783,9571,8747,-0.00409882727997267
"5319","5319",2583,2638,2581,-0.000774293457220286
"5320","5320",2549,2515,2151,-0.156139662612789
"5321","5321",2559,2225,2084,-0.185619382571317
"5322","5322",1801,1859,2266,0.258189894503054
"5323","5323",4151,4151,4178,0.00650445675740785
"5324","5324",2949,2783,2607,-0.115971515768057
"5325","5325",5671,5891,5573,-0.0172809028390055
"5326","5326",5301,5410,5373,0.0135823429541596
"5327","5327",1890,1897,1796,-0.0497354497354497
"5328","5328",2163,2163,2231,0.0314378178455848
"5329","5329",1597,1429,1434,-0.102066374452098
"5330","5330",5222,5239,4274,-0.18153963998468
"5331","5331",4026,4024,4177,0.0375062096373572
"5333","5333",1218,1200,1196,-0.0180623973727422
"5335","5335",5500,5271,4918,-0.105818181818182
"5336","5336",4246,4251,4112,-0.0315591144606689
"5337","5337",2910,3069,2716,-0.0666666666666667
"5338","5338",3420,3820,3468,0.0140350877192982
"5339","5339",5726,5567,5441,-0.0497729654208872
"5340","5340",2728,2717,1875,-0.312683284457478
"5342","5342",4377,4032,4721,0.078592643363034
"5343","5343",1528,1535,1484,-0.0287958115183246
"5344","5344",3681,3681,3364,-0.0861179027438196
"5345","5345",3450,2955,2929,-0.151014492753623
"6542","6542",3450,2955,2929,-0.151014492753623
"5346","5346",4601,4514,4615,0.0030428167789611
"5347","5347",6545,6240,5374,-0.178915202444614
"5348","5348",6147,6127,9023,0.467870505937856
"5349","5349",6439,6440,6297,-0.0220531138375524
"5350","5350",3289,3292,3284,-0.00152021891152326
"5351","5351",1280,1355,1441,0.12578125
"5352","5352",1710,1715,1689,-0.012280701754386
"5353","5353",1768,1708,1881,0.0639140271493213
"5354","5354",4087,4554,3970,-0.028627355028138
"5355","5355",2569,2870,1907,-0.257687816270923
"5356","5356",4265,4402,4490,0.0527549824150059
"5358","5358",1342,1342,1342,0
"5359","5359",3031,3144,2887,-0.04750907291323
"5360","5360",1799,1804,1846,0.0261256253474152
"5361","5361",2134,2243,2043,-0.0426429240862231
"5362","5362",2860,2849,3230,0.129370629370629
"15327","15327",2860,2849,3230,0.129370629370629
"5363","5363",6103,6745,6865,0.124856627887924
"5364","5364",4642,4642,4039,-0.129900904782421
"5365","5365",3666,3607,3884,0.0594653573376978
"5366","5366",6730,6718,9528,0.415750371471025
"5367","5367",3236,3202,3047,-0.0584054388133498
"5368","5368",2055,2009,2030,-0.0121654501216545
"5369","5369",1987,2081,1789,-0.0996477101157524
"5370","5370",5071,4930,4926,-0.0285939656872412
"5371","5371",3211,3211,3044,-0.0520087200249144
"5372","5372",6074,6089,5641,-0.0712874547250576
"5373","5373",5445,5426,5158,-0.0527089072543618
"5374","5374",2291,2296,2304,0.00567437800087298
"5375","5375",3158,3118,3239,0.025649145028499
"5376","5376",6033,6033,5545,-0.080888446875518
"5377","5377",4476,4353,4441,-0.00781948168007149
"5378","5378",1974,2284,1825,-0.0754812563323202
"9758","9758",1974,2284,1825,-0.0754812563323202
"5379","5379",5555,5224,3279,-0.40972097209721
"5380","5380",7669,7604,6874,-0.103664102229756
"15957","15957",7669,7604,6874,-0.103664102229756
"5381","5381",3300,2859,2864,-0.132121212121212
"5382","5382",1247,1247,1277,0.0240577385725742
"5383","5383",5192,6535,5130,-0.0119414483821263
"5384","5384",5056,5505,4667,-0.0769382911392405
"13895","13895",5056,5505,4667,-0.0769382911392405
"5385","5385",3520,3467,2941,-0.164488636363636
"5386","5386",2725,2704,3139,0.151926605504587
"5388","5388",7225,10227,6286,-0.129965397923875
"5389","5389",2278,2313,2347,0.0302897278314311
"10858","10858",2278,2313,2347,0.0302897278314311
"5391","5391",5582,5590,5713,0.0234682909351487
"5392","5392",4033,4586,3690,-0.085048351103397
"13686","13686",4033,4586,3690,-0.085048351103397
"5393","5393",1206,1203,1138,-0.0563847429519071
"18504","18504",1206,1203,1138,-0.0563847429519071
"5394","5394",1624,1618,1610,-0.00862068965517241
"7750","7750",1624,1618,1610,-0.00862068965517241
"5395","5395",1933,1841,1866,-0.0346611484738748
"5396","5396",2890,2859,3443,0.191349480968858
"5397","5397",5427,5365,5225,-0.0372213009028929
"5398","5398",7931,6230,6036,-0.238935821460093
"5399","5399",1412,1580,1408,-0.0028328611898017
"5400","5400",4257,4397,3541,-0.168193563542401
"5401","5401",3741,3742,3356,-0.102913659449345
"5403","5403",3817,3958,4005,0.0492533403196227
"5404","5404",6171,6342,6080,-0.0147463944255388
"5405","5405",2965,2896,2761,-0.0688026981450253
"5406","5406",4565,4575,4694,0.0282584884994524
"5409","5409",4959,4939,4881,-0.0157289776164549
"5410","5410",3461,3461,3398,-0.0182028315515747
"5411","5411",2163,2163,2161,-0.00092464170134073
"5412","5412",2806,2871,2726,-0.0285103349964362
"5413","5413",8575,8838,6243,-0.271953352769679
"5414","5414",2795,2792,2844,0.0175313059033989
"5415","5415",2295,2240,2238,-0.0248366013071895
"5416","5416",4165,4165,4473,0.0739495798319328
"5417","5417",1817,1743,1896,0.0434782608695652
"5418","5418",4066,4071,4056,-0.00245941957697983
"5419","5419",4101,4465,4298,0.0480370641306998
"5420","5420",5008,5318,4979,-0.00579073482428115
"5421","5421",2583,2562,2458,-0.0483933410762679
"5422","5422",2304,3171,3239,0.405815972222222
"5883","5883",2304,3171,3239,0.405815972222222
"5423","5423",4660,4657,4557,-0.0221030042918455
"5424","5424",4282,4284,4584,0.0705277907519851
"5425","5425",4459,4446,4240,-0.0491141511549675
"5426","5426",3729,3689,3936,0.0555108608205953
"5427","5427",6873,6813,6770,-0.0149861777971774
"5428","5428",4769,4774,4995,0.0473893898091843
"5429","5429",3363,3355,3236,-0.0377639012786203
"5430","5430",2072,2044,2019,-0.0255791505791506
"14527","14527",2072,2044,2019,-0.0255791505791506
"5431","5431",4895,4933,2698,-0.448825331971399
"5432","5432",4696,4076,3554,-0.243185689948893
"5433","5433",1393,1388,1367,-0.018664752333094
"19360","19360",1393,1388,1367,-0.018664752333094
"5434","5434",4070,3949,4873,0.197297297297297
"5435","5435",2140,2153,2436,0.138317757009346
"5436","5436",6580,7189,5621,-0.145744680851064
"5437","5437",3625,3628,3372,-0.0697931034482759
"5438","5438",5394,5405,5265,-0.0239154616240267
"5439","5439",4756,4756,4719,-0.00777964676198486
"5440","5440",3403,3461,3177,-0.066411989421099
"5441","5441",6933,7019,5722,-0.174671859224001
"5442","5442",3377,3663,2602,-0.229493633402428
"5443","5443",1786,1787,1821,0.0195968645016797
"5444","5444",9462,8646,8438,-0.108222363136758
"5445","5445",2486,2488,2506,0.0080450522928399
"5446","5446",2113,2011,1993,-0.056791292001893
"5447","5447",1624,1570,1648,0.0147783251231527
"5448","5448",3667,3587,3681,0.00381783474229616
"5449","5449",9154,8475,8555,-0.0654358750273105
"5450","5450",6182,6186,6012,-0.0274991912002588
"5451","5451",10340,10148,9021,-0.127562862669246
"5452","5452",1815,1815,1816,0.000550964187327824
"5453","5453",8085,8252,7934,-0.0186765615337044
"5454","5454",3485,3485,3136,-0.100143472022956
"5455","5455",2627,2511,2646,0.00723258469737343
"5456","5456",2171,2171,1893,-0.128051589129433
"5457","5457",3624,3457,3880,0.0706401766004415
"5458","5458",2507,2510,2549,0.0167530913442361
"5459","5459",1665,1669,1646,-0.0114114114114114
"5460","5460",2812,2991,3058,0.0874822190611664
"12661","12661",2812,2991,3058,0.0874822190611664
"14124","14124",2812,2991,3058,0.0874822190611664
"5461","5461",2582,2582,2589,0.00271107668474051
"5462","5462",3508,3884,3056,-0.12884834663626
"5463","5463",10233,10481,7953,-0.222808560539431
"5466","5466",1576,1821,1825,0.157994923857868
"5467","5467",1557,1630,1401,-0.10019267822736
"5468","5468",4100,4681,4114,0.00341463414634146
"5469","5469",8471,8487,8299,-0.0203045685279188
"5470","5470",2177,2179,2203,0.0119430408819476
"5471","5471",1439,1441,1396,-0.0298818624044475
"16329","16329",1439,1441,1396,-0.0298818624044475
"5472","5472",1804,1920,1826,0.0121951219512195
"8867","8867",1804,1920,1826,0.0121951219512195
"5473","5473",4507,4518,3896,-0.135566895939649
"5474","5474",1464,1462,1872,0.278688524590164
"5475","5475",1477,1477,1688,0.142857142857143
"5476","5476",4576,5418,5369,0.173295454545455
"5477","5477",5067,5070,5070,0.00059206631142688
"5478","5478",2854,2272,2427,-0.149614576033637
"5479","5479",3036,3035,2952,-0.0276679841897233
"5480","5480",2435,2534,2538,0.042299794661191
"5481","5481",3542,3303,4043,0.141445511010728
"5482","5482",1578,1580,1519,-0.0373891001267427
"5483","5483",1329,1532,1439,0.0827689992475546
"11710","11710",1329,1532,1439,0.0827689992475546
"11804","11804",1329,1532,1439,0.0827689992475546
"17120","17120",1329,1532,1439,0.0827689992475546
"18263","18263",1329,1532,1439,0.0827689992475546
"5484","5484",3190,2402,2481,-0.222257053291536
"5485","5485",3539,3722,3667,0.0361684091551286
"5486","5486",3738,3274,2811,-0.247993579454254
"16652","16652",3738,3274,2811,-0.247993579454254
"5487","5487",3330,3328,2969,-0.108408408408408
"5488","5488",4633,4651,4603,-0.00647528599179797
"5489","5489",2817,2680,2572,-0.0869719559815406
"19023","19023",2817,2680,2572,-0.0869719559815406
"5490","5490",8425,10340,10623,0.260890207715134
"5491","5491",1980,1919,1921,-0.0297979797979798
"5492","5492",2637,2637,2668,0.0117557830868411
"5493","5493",2884,2352,3484,0.208044382801664
"5494","5494",3559,3547,3481,-0.0219162686147794
"5495","5495",6658,6610,6723,0.00976269149894863
"5496","5496",4676,4200,4385,-0.0622326775021386
"5497","5497",4379,4514,3854,-0.119890385932861
"5498","5498",2111,2111,2701,0.279488394126007
"5499","5499",2786,2675,2718,-0.0244077530509691
"17998","17998",2786,2675,2718,-0.0244077530509691
"5500","5500",5595,5136,5018,-0.103127792672029
"5501","5501",2097,2001,1857,-0.11444921316166
"5502","5502",1162,1031,1089,-0.0628227194492255
"5503","5503",2253,3059,3128,0.388371060807812
"13754","13754",2253,3059,3128,0.388371060807812
"14386","14386",2253,3059,3128,0.388371060807812
"5504","5504",4777,4760,4922,0.030353778522085
"5505","5505",8718,8558,8554,-0.0188116540490938
"5506","5506",2224,2096,1778,-0.200539568345324
"5507","5507",9635,9679,10228,0.0615464452516866
"5508","5508",2309,2310,2305,-0.00173235166738848
"13581","13581",2309,2310,2305,-0.00173235166738848
"5509","5509",4774,4771,4233,-0.113322161709258
"5510","5510",3640,3639,2892,-0.205494505494505
"5511","5511",2868,2868,2845,-0.00801952580195258
"5512","5512",2185,2131,2157,-0.0128146453089245
"5513","5513",3243,3242,4251,0.310823311748381
"5514","5514",3649,3998,3562,-0.0238421485338449
"5515","5515",3749,3746,3434,-0.0840224059749266
"5516","5516",2835,2560,2507,-0.115696649029982
"13427","13427",2835,2560,2507,-0.115696649029982
"16219","16219",2835,2560,2507,-0.115696649029982
"5517","5517",2030,2037,2052,0.0108374384236453
"5518","5518",1664,1673,1641,-0.0138221153846154
"5519","5519",4364,4415,4478,0.0261228230980752
"5520","5520",1920,1907,1931,0.00572916666666667
"5521","5521",3055,3049,4624,0.513584288052373
"13958","13958",3055,3049,4624,0.513584288052373
"5523","5523",4804,4482,4574,-0.0478767693588676
"5524","5524",6881,7241,6883,0.000290655427990118
"5525","5525",4080,3881,4062,-0.00441176470588235
"5526","5526",2341,2561,2570,0.0978214438274242
"5527","5527",2935,2660,2668,-0.0909710391822828
"5528","5528",9785,9757,6568,-0.328768523249872
"5529","5529",5635,5734,5832,0.0349600709849157
"5530","5530",5508,5463,5914,0.0737109658678286
"5531","5531",1858,1940,2542,0.368137782561894
"5532","5532",5246,5109,4413,-0.158787647731605
"5533","5533",2577,2581,2610,0.0128055878928987
"12316","12316",2577,2581,2610,0.0128055878928987
"5534","5534",9904,9900,9610,-0.0296849757673667
"5535","5535",3467,3462,3515,0.0138448226132103
"5536","5536",2558,2666,2719,0.0629397967161845
"5537","5537",3127,3161,2623,-0.161176846818036
"5538","5538",4052,3886,3577,-0.117226061204344
"5539","5539",3867,3543,3575,-0.0755107318334626
"5540","5540",4286,4289,3999,-0.066962202519832
"5541","5541",6586,6657,5973,-0.0930762222897054
"5542","5542",9728,9317,10048,0.0328947368421053
"5543","5543",2648,1957,1905,-0.280589123867069
"5544","5544",6551,6147,6188,-0.0554113875744161
"5545","5545",1874,1546,1593,-0.149946638207044
"14614","14614",1874,1546,1593,-0.149946638207044
"5546","5546",3697,3830,3917,0.0595077089532053
"5547","5547",3786,3524,3568,-0.057580559957739
"5548","5548",3108,3107,3099,-0.0028957528957529
"5549","5549",1910,1905,1361,-0.287434554973822
"5550","5550",4080,4024,4133,0.0129901960784314
"5551","5551",1443,1439,1705,0.181566181566182
"5552","5552",2263,2066,2291,0.0123729562527618
"5553","5553",4212,5725,3900,-0.0740740740740741
"5554","5554",2329,2323,2249,-0.034349506225848
"5555","5555",1682,1696,1707,0.0148632580261593
"14777","14777",1682,1696,1707,0.0148632580261593
"5557","5557",2712,2713,2820,0.0398230088495575
"5558","5558",1425,1329,1474,0.0343859649122807
"5559","5559",5271,5133,4937,-0.0633655852779359
"5560","5560",3425,3308,3411,-0.00408759124087591
"5561","5561",3026,3449,3092,0.0218109715796431
"5562","5562",3250,3251,3279,0.00892307692307692
"5563","5563",3218,3218,1397,-0.565879428216283
"5564","5564",2961,2962,2338,-0.210401891252955
"5565","5565",2497,2497,2241,-0.10252302763316
"5566","5566",1467,1469,1555,0.059986366734833
"11570","11570",1467,1469,1555,0.059986366734833
"18942","18942",1467,1469,1555,0.059986366734833
"5567","5567",5098,5137,5121,0.00451157316594743
"5568","5568",4318,4428,4392,0.0171375636868921
"5569","5569",5431,6078,5331,-0.0184128153194623
"5570","5570",7294,6868,6621,-0.0922676172196326
"5571","5571",916,1012,885,-0.0338427947598253
"5572","5572",4650,4458,3979,-0.144301075268817
"5573","5573",2066,2066,1852,-0.103581800580833
"5574","5574",3871,3413,3753,-0.0304830793076724
"5575","5575",2025,2051,2052,0.0133333333333333
"5576","5576",1920,1957,1904,-0.00833333333333333
"13000","13000",1920,1957,1904,-0.00833333333333333
"5577","5577",5136,5126,5074,-0.0120716510903427
"5578","5578",4339,4146,3786,-0.127448720903434
"5579","5579",4277,4277,883,-0.793546878653262
"5580","5580",4194,4194,4857,0.158082975679542
"5581","5581",1629,1997,1998,0.226519337016575
"5582","5582",2883,2622,2726,-0.0544571626777662
"5583","5583",1642,1631,1674,0.0194884287454324
"5584","5584",1886,1633,1707,-0.0949098621420997
"10646","10646",1886,1633,1707,-0.0949098621420997
"11579","11579",1886,1633,1707,-0.0949098621420997
"5585","5585",3821,3821,3304,-0.135304894006805
"5586","5586",1671,1670,1692,0.0125673249551167
"5587","5587",6064,6069,6391,0.0539248021108179
"5588","5588",4040,4043,3564,-0.117821782178218
"5589","5589",5510,5232,4780,-0.132486388384755
"5590","5590",4306,4387,4078,-0.0529493729679517
"5591","5591",3432,3444,3557,0.0364219114219114
"5592","5592",4645,5202,5596,0.204736275565124
"5593","5593",8292,8264,8112,-0.0217076700434153
"5594","5594",1333,1190,1191,-0.106526631657914
"5595","5595",3253,3171,3317,0.019674146941285
"5596","5596",6924,5796,5489,-0.207250144425188
"5597","5597",3069,3218,3076,0.00228087324861518
"5598","5598",12650,12783,12800,0.0118577075098814
"5599","5599",6026,5756,5527,-0.0828078327248589
"5600","5600",2269,2284,2379,0.0484795063904804
"5601","5601",3859,3404,3271,-0.152371080590827
"5602","5602",2381,2399,1939,-0.185636287274255
"5603","5603",3125,5491,5579,0.78528
"5604","5604",9256,5925,6118,-0.339023336214347
"5605","5605",5142,4806,3404,-0.338000777907429
"5606","5606",6014,5691,5674,-0.0565347522447622
"5607","5607",1578,1587,1473,-0.0665399239543726
"5608","5608",4516,3921,4021,-0.109610274579274
"5609","5609",6239,9308,6668,0.0687610193941337
"5610","5610",2919,3183,3277,0.122644741349777
"5611","5611",2886,2898,2524,-0.125433125433125
"5612","5612",1613,1600,1074,-0.334159950402976
"7471","7471",1613,1600,1074,-0.334159950402976
"5613","5613",2859,2391,3224,0.127667016439314
"5615","5615",5819,6272,6626,0.13868362261557
"5616","5616",2569,2633,2569,0
"5617","5617",2246,2220,2102,-0.0641139804096171
"5618","5618",9830,9807,8835,-0.101220752797558
"5619","5619",1331,1331,1286,-0.033809166040571
"5620","5620",1666,1665,1616,-0.0300120048019208
"5621","5621",1742,1689,1448,-0.168771526980482
"5970","5970",1742,1689,1448,-0.168771526980482
"5622","5622",4218,4065,4015,-0.0481270744428639
"5623","5623",2292,2309,2301,0.00392670157068063
"5624","5624",2651,2582,2511,-0.0528102602791399
"18323","18323",2651,2582,2511,-0.0528102602791399
"5625","5625",3484,3707,3529,0.0129161882893226
"5626","5626",1948,1950,1909,-0.0200205338809035
"5627","5627",3188,3187,3685,0.155897114178168
"5628","5628",3244,3211,3383,0.0428483353884094
"5629","5629",4377,4413,4475,0.0223897646790039
"5630","5630",2757,2773,2778,0.00761697497279652
"5632","5632",7477,7486,7245,-0.0310284873612411
"5633","5633",3465,3762,3857,0.113131313131313
"5634","5634",2415,2591,2576,0.0666666666666667
"5635","5635",2687,2217,2150,-0.199851135094901
"5636","5636",5543,6177,5875,0.0598953635215587
"5637","5637",2075,2075,2041,-0.0163855421686747
"5638","5638",6810,6850,7327,0.0759177679882526
"5639","5639",1554,1554,1555,0.000643500643500643
"5640","5640",2507,2219,2732,0.0897487036298365
"5641","5641",2539,3317,3405,0.341079165025601
"5642","5642",4239,4405,3966,-0.0644019815994338
"5643","5643",2151,1848,1957,-0.0901906090190609
"5644","5644",3365,3868,3953,0.174739970282318
"5645","5645",1933,2097,1930,-0.00155199172271081
"5646","5646",2686,2687,2898,0.078927773641102
"5647","5647",2109,2161,2329,0.104314841156946
"5648","5648",5728,6283,7143,0.247032122905028
"7973","7973",5728,6283,7143,0.247032122905028
"5649","5649",8131,7938,8062,-0.00848604107735826
"5650","5650",2590,2592,2627,0.0142857142857143
"5651","5651",2813,2820,2875,0.0220405261286882
"5652","5652",1446,1445,2030,0.40387275242047
"5653","5653",3285,3139,3430,0.0441400304414003
"5654","5654",9480,10410,9547,0.00706751054852321
"5655","5655",1719,1789,1788,0.0401396160558464
"5656","5656",1345,1375,1169,-0.130855018587361
"5657","5657",1619,1576,1703,0.0518838789376158
"8677","8677",1619,1576,1703,0.0518838789376158
"5658","5658",2764,3092,2937,0.0625904486251809
"5659","5659",2663,2652,1930,-0.275253473526098
"5660","5660",12246,12135,10037,-0.180385431977789
"5661","5661",2733,2672,2773,0.0146359312111233
"5662","5662",5396,5407,4234,-0.215344699777613
"5663","5663",11477,11853,10140,-0.116493857279777
"5664","5664",7325,7583,6085,-0.169283276450512
"5666","5666",11705,11596,10520,-0.101238786843229
"5667","5667",972,921,2870,1.95267489711934
"5669","5669",4046,4050,3484,-0.138902619871478
"5670","5670",3688,3690,3834,0.039587852494577
"5671","5671",2320,2446,2253,-0.0288793103448276
"5672","5672",2524,2514,2323,-0.079635499207607
"7520","7520",2524,2514,2323,-0.079635499207607
"5673","5673",3791,3778,3741,-0.0131891321551042
"5674","5674",2072,2350,2137,0.0313706563706564
"10412","10412",2072,2350,2137,0.0313706563706564
"5675","5675",4213,3715,3384,-0.1967718965108
"5676","5676",3358,3369,3765,0.121203097081596
"5677","5677",1557,1620,1610,0.0340398201669878
"5678","5678",1567,1567,1491,-0.0485003190810466
"5679","5679",8468,8030,7561,-0.107109116674539
"5680","5680",4318,3018,2592,-0.399722093561834
"5681","5681",1391,1421,1421,0.0215672178289001
"12878","12878",1391,1421,1421,0.0215672178289001
"5682","5682",5241,5280,5353,0.0213699675634421
"5683","5683",2378,2964,2290,-0.0370058873002523
"5684","5684",6344,6390,6380,0.00567465321563682
"5685","5685",8233,8183,7619,-0.0745779181343374
"5686","5686",1714,1743,2120,0.236872812135356
"5687","5687",7069,10176,6763,-0.043287593719055
"5688","5688",1790,1994,1778,-0.00670391061452514
"5689","5689",7257,6421,6576,-0.093840429929723
"5690","5690",14374,14262,13691,-0.0475163489634062
"5692","5692",8195,8504,7306,-0.108480780964002
"5693","5693",5455,5292,5180,-0.0504124656278643
"5694","5694",1807,1802,1942,0.0747094631986718
"5706","5706",1807,1802,1942,0.0747094631986718
"13537","13537",1807,1802,1942,0.0747094631986718
"5695","5695",1875,1869,1782,-0.0496
"5696","5696",4591,4590,4309,-0.061424526247005
"5697","5697",3251,3253,2911,-0.104583205167641
"5698","5698",4201,4201,4033,-0.0399904784575101
"5699","5699",1527,1859,1566,0.0255402750491159
"5700","5700",4786,4179,3598,-0.248223986627664
"5701","5701",4851,5246,7322,0.509379509379509
"6987","6987",4851,5246,7322,0.509379509379509
"5702","5702",4403,4414,4007,-0.0899386781739723
"5703","5703",3803,3774,3551,-0.0662634762029976
"5705","5705",966,966,966,0
"5707","5707",2091,2093,2165,0.0353897656623625
"5708","5708",3054,3078,3082,0.0091683038637852
"5709","5709",3609,4437,3836,0.0628983097811028
"5710","5710",11014,10171,7114,-0.354094788451062
"5711","5711",3056,3076,2643,-0.135143979057592
"5712","5712",3366,3365,3371,0.00148544266191325
"5713","5713",1833,1833,2434,0.327877795962902
"5714","5714",7029,7041,6728,-0.0428225921183668
"5715","5715",4702,4823,5010,0.0655040408336878
"5716","5716",4667,4667,4250,-0.0893507606599529
"5717","5717",3816,3816,3798,-0.00471698113207547
"5718","5718",3081,3081,3363,0.0915287244401169
"5719","5719",5100,5102,4979,-0.0237254901960784
"5720","5720",3036,3175,2959,-0.0253623188405797
"5721","5721",1877,1805,2463,0.31220031965903
"5722","5722",1304,1512,1411,0.0820552147239264
"5723","5723",3584,3592,3410,-0.0485491071428571
"5724","5724",3012,3033,2918,-0.0312084993359894
"5725","5725",6403,5446,5685,-0.112134936748399
"5726","5726",2583,3794,3099,0.199767711962834
"6727","6727",2583,3794,3099,0.199767711962834
"12718","12718",2583,3794,3099,0.199767711962834
"5727","5727",3308,3268,3317,0.00272067714631197
"5728","5728",1917,1975,2297,0.198226395409494
"5729","5729",1555,1372,1377,-0.114469453376206
"5730","5730",2279,2180,2905,0.274681878016674
"5731","5731",4685,4937,3685,-0.213447171824973
"5732","5732",1838,1968,1781,-0.0310119695321001
"5733","5733",3330,3330,3200,-0.039039039039039
"5734","5734",3272,2358,3251,-0.00641809290953545
"5735","5735",6939,6913,5485,-0.20954027957919
"5736","5736",7578,7547,7403,-0.0230931644233307
"5737","5737",2653,2592,2145,-0.19148134187712
"5738","5738",769,856,938,0.219765929778934
"5739","5739",786,786,863,0.0979643765903308
"5740","5740",2142,2145,1933,-0.0975723622782446
"5741","5741",4455,4461,5207,0.168799102132435
"5742","5742",2508,2509,2465,-0.0171451355661882
"5743","5743",2941,2941,2681,-0.0884053043182591
"5744","5744",2156,2158,2170,0.00649350649350649
"5745","5745",4217,4209,3638,-0.137301399098885
"5746","5746",3452,3453,3040,-0.119351100811124
"5747","5747",4709,4838,5182,0.100445954555107
"5748","5748",2707,2719,2468,-0.0882896195049871
"5749","5749",1463,1320,1365,-0.0669856459330144
"5750","5750",10149,10847,7649,-0.246329687653956
"5751","5751",4749,4730,4694,-0.0115813855548537
"5752","5752",3061,3061,2944,-0.0382228030055537
"5753","5753",3103,2462,2538,-0.182081856268128
"7757","7757",3103,2462,2538,-0.182081856268128
"5754","5754",4630,5648,4958,0.0708423326133909
"5755","5755",2750,2754,2739,-0.004
"18512","18512",2750,2754,2739,-0.004
"5756","5756",1813,1716,1639,-0.0959735245449531
"5757","5757",6962,7823,7292,0.0474001723642631
"5758","5758",2307,2323,1840,-0.202427394885132
"5759","5759",3125,3092,3058,-0.02144
"5760","5760",1504,1509,1574,0.0465425531914894
"5761","5761",2386,2389,2388,0.000838222967309304
"5762","5762",8687,8614,6741,-0.224012892828364
"5763","5763",4968,4764,4727,-0.0485104669887279
"18535","18535",4968,4764,4727,-0.0485104669887279
"5764","5764",4393,4947,3632,-0.173230138857273
"5765","5765",5045,5266,4452,-0.117542120911794
"5766","5766",1501,1501,1440,-0.0406395736175883
"5768","5768",5642,5385,5640,-0.000354484225451967
"5769","5769",3052,3064,2922,-0.0425950196592398
"5770","5770",4367,4367,4439,0.016487291046485
"5771","5771",3941,3909,3727,-0.0543009388480081
"5772","5772",1744,1744,1859,0.0659403669724771
"5773","5773",2206,2720,2809,0.273345421577516
"5774","5774",6642,7221,6205,-0.0657934357121349
"5775","5775",5837,5243,5100,-0.126263491519616
"5777","5777",2610,2640,2610,0
"5778","5778",1881,1884,1830,-0.0271132376395534
"11099","11099",1881,1884,1830,-0.0271132376395534
"5779","5779",3481,3629,2824,-0.188738868141339
"5780","5780",3094,3119,3313,0.0707821590174531
"5782","5782",2357,2357,2349,-0.00339414509970301
"5783","5783",1056,1342,1329,0.258522727272727
"5784","5784",6098,6127,6129,0.00508363397835356
"13246","13246",6098,6127,6129,0.00508363397835356
"5785","5785",1272,1272,1598,0.256289308176101
"5786","5786",1528,1528,1567,0.0255235602094241
"11310","11310",1528,1528,1567,0.0255235602094241
"19788","19788",1528,1528,1567,0.0255235602094241
"5787","5787",7428,7423,7338,-0.0121163166397415
"5788","5788",3190,2402,2425,-0.239811912225705
"14886","14886",3190,2402,2425,-0.239811912225705
"5789","5789",4958,4958,4150,-0.162968939088342
"5790","5790",2551,2561,2873,0.126225009800078
"5791","5791",4542,4536,5198,0.144429766622633
"5792","5792",1387,1942,1363,-0.0173035328046143
"5793","5793",4678,5245,4294,-0.0820863616930312
"7322","7322",4678,5245,4294,-0.0820863616930312
"5794","5794",3576,3219,3249,-0.0914429530201342
"5795","5795",3192,3007,2910,-0.0883458646616541
"5796","5796",5091,5096,4479,-0.120212139068945
"5797","5797",9156,8524,8638,-0.0565749235474006
"5798","5798",3260,2955,3513,0.0776073619631902
"5799","5799",10458,10384,10433,-0.00239051443870721
"5800","5800",3885,3885,3473,-0.106048906048906
"5801","5801",2806,2839,2940,0.0477548111190306
"5802","5802",6531,6529,6755,0.0342979635584137
"5803","5803",3535,3607,3342,-0.0545968882602546
"6748","6748",3535,3607,3342,-0.0545968882602546
"5804","5804",3049,3047,3028,-0.00688750409970482
"5805","5805",1117,1121,1453,0.300805729632945
"5806","5806",1880,1880,1463,-0.221808510638298
"16122","16122",1880,1880,1463,-0.221808510638298
"5807","5807",1742,1742,1743,0.000574052812858783
"5808","5808",3264,3264,2847,-0.127757352941176
"5809","5809",3115,2990,3174,0.0189406099518459
"11250","11250",3115,2990,3174,0.0189406099518459
"5810","5810",2642,2885,3247,0.228993186979561
"5812","5812",2644,2701,2647,0.00113464447806354
"5813","5813",3113,3121,3036,-0.0247349823321555
"5814","5814",5604,5750,5337,-0.047644539614561
"5815","5815",2005,1812,1732,-0.136159600997506
"5816","5816",3272,3779,3267,-0.0015281173594132
"18754","18754",3272,3779,3267,-0.0015281173594132
"5817","5817",1358,1356,1391,0.024300441826215
"5818","5818",3488,3856,3876,0.111238532110092
"5819","5819",4553,4545,4034,-0.11399077531298
"5821","5821",1784,1450,1316,-0.262331838565022
"5822","5822",4479,4607,3876,-0.134628265237776
"5823","5823",1835,1930,2024,0.10299727520436
"5824","5824",3352,2383,2449,-0.269391408114558
"5825","5825",10701,10991,10456,-0.0228950565367723
"5827","5827",1549,1585,1675,0.0813428018076178
"14557","14557",1549,1585,1675,0.0813428018076178
"17044","17044",1549,1585,1675,0.0813428018076178
"5828","5828",1071,1017,1380,0.288515406162465
"9116","9116",1071,1017,1380,0.288515406162465
"10345","10345",1071,1017,1380,0.288515406162465
"5829","5829",726,726,726,0
"5830","5830",2092,1817,1761,-0.158221797323136
"14664","14664",2092,1817,1761,-0.158221797323136
"5831","5831",3700,4140,4546,0.228648648648649
"5832","5832",5323,5292,5317,-0.00112718391884276
"5833","5833",3426,3382,2875,-0.160828955049621
"5834","5834",4005,4016,2734,-0.317353308364544
"18437","18437",4005,4016,2734,-0.317353308364544
"5835","5835",5476,4716,4684,-0.144631117604091
"5836","5836",5566,6287,5336,-0.0413223140495868
"5837","5837",5222,5340,4210,-0.193795480658751
"5838","5838",3498,3501,3498,0
"5839","5839",2283,2301,2308,0.0109505037231713
"5840","5840",7735,8411,7080,-0.0846800258564964
"5841","5841",4152,4161,3778,-0.0900770712909441
"5842","5842",2755,2673,2426,-0.119419237749546
"5843","5843",2912,2914,2911,-0.000343406593406593
"5844","5844",5899,5736,5674,-0.0381420579759281
"5845","5845",6038,5926,5007,-0.170751904604174
"5846","5846",5153,3969,4085,-0.207257908014749
"5847","5847",2489,2489,1774,-0.287263961430293
"5848","5848",3715,3700,3780,0.0174966352624495
"5849","5849",3480,3480,3394,-0.0247126436781609
"5850","5850",6557,6368,5512,-0.159371663870673
"5851","5851",7247,6853,7115,-0.018214433558714
"5852","5852",1999,1999,2471,0.236118059029515
"5853","5853",4856,4856,3966,-0.1832784184514
"5854","5854",2070,2069,2319,0.120289855072464
"5855","5855",4645,3816,3471,-0.252744886975242
"5856","5856",3775,3775,6376,0.689006622516556
"5857","5857",3226,3664,3232,0.0018598884066956
"5858","5858",4378,4387,4324,-0.0123343992690726
"5859","5859",4743,4743,4744,0.000210837022981235
"5860","5860",2632,2635,2505,-0.0482522796352584
"5861","5861",6172,6012,6012,-0.0259235255994815
"5862","5862",1526,1481,1697,0.112057667103539
"5863","5863",6511,6511,5801,-0.109046229457841
"5864","5864",4429,4554,4507,0.0176111989162339
"5865","5865",5710,5724,5842,0.0231173380035026
"5866","5866",3675,3811,2228,-0.393741496598639
"5867","5867",1326,1403,1420,0.0708898944193062
"14374","14374",1326,1403,1420,0.0708898944193062
"5868","5868",2325,2492,2202,-0.0529032258064516
"5869","5869",4657,4695,4905,0.0532531672750698
"5870","5870",3673,3561,3562,-0.0302205281786006
"5871","5871",5276,4453,4381,-0.169636087945413
"5872","5872",5681,5685,5646,-0.00616088716775216
"5873","5873",3657,3634,3957,0.0820344544708778
"5874","5874",1214,1325,1350,0.112026359143328
"5875","5875",4553,5260,5237,0.150230617175489
"5876","5876",3151,3078,3058,-0.0295144398603618
"5877","5877",5196,5198,4782,-0.0796766743648961
"5878","5878",1538,1539,1500,-0.0247074122236671
"5879","5879",3113,3291,2760,-0.113395438483778
"14838","14838",3113,3291,2760,-0.113395438483778
"5880","5880",1957,2056,1936,-0.0107307102708227
"5881","5881",7080,6663,6020,-0.149717514124294
"5882","5882",5109,5493,5701,0.115873947935017
"5884","5884",9027,9084,11608,0.285920017724604
"5885","5885",1834,1855,1552,-0.153762268266085
"5886","5886",2338,3004,3032,0.296834901625321
"5888","5888",2195,2153,2662,0.212756264236902
"5889","5889",2194,2211,2326,0.0601640838650866
"5890","5890",2953,2955,2526,-0.144598713173044
"5891","5891",4268,4268,4312,0.0103092783505155
"5892","5892",3917,3917,3456,-0.117692111309676
"5893","5893",1891,1840,1376,-0.272342675832893
"13821","13821",1891,1840,1376,-0.272342675832893
"5894","5894",2168,2160,2166,-0.000922509225092251
"5895","5895",6516,6481,4814,-0.261203192142419
"5896","5896",1666,1675,2036,0.222088835534214
"5897","5897",4486,4209,3833,-0.145563976816763
"5898","5898",2297,2297,2035,-0.114061819764911
"5899","5899",7872,10473,8841,0.123094512195122
"5900","5900",2498,2482,2567,0.0276220976781425
"5901","5901",1844,1852,1832,-0.00650759219088937
"5902","5902",1703,1647,1184,-0.3047563123899
"5903","5903",2694,2693,3365,0.249072011878248
"5904","5904",3387,3382,4037,0.191910245054621
"5905","5905",3191,3190,3185,-0.00188028831087433
"12735","12735",3191,3190,3185,-0.00188028831087433
"5906","5906",2848,3010,2816,-0.0112359550561798
"5907","5907",4054,4068,3160,-0.220522940305871
"5908","5908",1349,1353,1440,0.0674573758339511
"5909","5909",2382,2382,2536,0.0646515533165407
"5910","5910",1797,2078,2202,0.225375626043406
"5911","5911",5639,8185,7071,0.253945735059408
"5912","5912",2413,2425,2407,-0.00248653128885205
"5913","5913",2497,2374,2506,0.00360432519022827
"5914","5914",9873,9999,8867,-0.101894054492049
"5915","5915",2330,2330,2564,0.100429184549356
"18406","18406",2330,2330,2564,0.100429184549356
"5916","5916",3506,3207,3176,-0.094124358243012
"19873","19873",3506,3207,3176,-0.094124358243012
"5917","5917",2560,2523,3032,0.184375
"5918","5918",2455,2455,2456,0.000407331975560081
"5919","5919",2521,2519,2519,-0.000793335977786593
"11510","11510",2521,2519,2519,-0.000793335977786593
"5920","5920",2210,2207,2055,-0.0701357466063348
"5922","5922",3047,3047,3057,0.00328191663931736
"5923","5923",2748,2757,3307,0.203420669577875
"5924","5924",2299,2515,1921,-0.164419312744672
"5925","5925",4507,4508,4047,-0.102063456844908
"5926","5926",7652,7652,7497,-0.0202561421850497
"5927","5927",5010,5244,4502,-0.101397205588822
"5928","5928",1919,1990,1990,0.0369984366857738
"11149","11149",1919,1990,1990,0.0369984366857738
"5929","5929",2160,2160,1773,-0.179166666666667
"5930","5930",1968,1882,2150,0.092479674796748
"5931","5931",3755,3635,3683,-0.0191744340878828
"5932","5932",7749,7710,5090,-0.343141050458124
"14114","14114",7749,7710,5090,-0.343141050458124
"5934","5934",6888,6854,5395,-0.216753774680604
"5935","5935",2480,2480,2542,0.025
"5936","5936",1847,1697,1833,-0.00757985923118571
"16127","16127",1847,1697,1833,-0.00757985923118571
"5937","5937",3760,3553,3350,-0.109042553191489
"5938","5938",5199,5807,4449,-0.144258511252164
"5939","5939",2537,2537,2545,0.00315333070555775
"5940","5940",3203,3203,3045,-0.0493287542928505
"5941","5941",1374,1395,1603,0.166666666666667
"5942","5942",3272,3252,3238,-0.0103911980440098
"5944","5944",2314,2387,2177,-0.0592048401037165
"5945","5945",9467,10165,7813,-0.174712158022605
"5948","5948",1547,1547,932,-0.39754363283775
"5949","5949",2935,3112,2210,-0.247018739352641
"5950","5950",1705,1711,1735,0.0175953079178886
"10964","10964",1705,1711,1735,0.0175953079178886
"5951","5951",5355,5318,2693,-0.497105508870215
"5952","5952",2748,2655,3095,0.12627365356623
"5953","5953",7262,7216,6502,-0.104654365188653
"5954","5954",3613,3632,3461,-0.0420703016883476
"5956","5956",3673,3839,3725,0.0141573645521372
"5957","5957",2878,3024,2871,-0.0024322446143155
"5958","5958",4487,4116,3846,-0.142857142857143
"5960","5960",3107,2878,1982,-0.362085613131638
"5961","5961",4782,4820,4850,0.014219991635299
"5962","5962",4273,4565,4280,0.0016381933068102
"5963","5963",8071,8299,8227,0.0193284599182257
"5964","5964",2742,2673,2724,-0.00656455142231947
"5965","5965",4977,4979,4816,-0.0323488045007032
"5967","5967",3006,2953,2950,-0.0186294078509647
"5968","5968",5612,5612,5109,-0.0896293656450463
"5969","5969",2047,2047,2047,0
"5971","5971",2485,1851,2120,-0.146881287726358
"5972","5972",1628,1581,1626,-0.00122850122850123
"5973","5973",3239,3239,5709,0.762581043531954
"5974","5974",5456,6175,5395,-0.0111803519061584
"5975","5975",2568,2520,2411,-0.0611370716510903
"5976","5976",2781,2793,3529,0.268967997123337
"5977","5977",5480,5471,9135,0.666970802919708
"5978","5978",2246,2129,2262,0.00712377560106857
"5979","5979",7477,6989,5711,-0.236190985689448
"5980","5980",4198,4170,4575,0.0898046688899476
"5981","5981",2406,2774,2622,0.0897755610972569
"5982","5982",2088,2095,1908,-0.0862068965517241
"5983","5983",4146,4155,4361,0.0518572117703811
"5984","5984",1858,1829,1604,-0.136706135629709
"13226","13226",1858,1829,1604,-0.136706135629709
"5985","5985",1800,1822,1775,-0.0138888888888889
"17216","17216",1800,1822,1775,-0.0138888888888889
"5987","5987",5209,5174,2915,-0.440391629871376
"5988","5988",1143,1143,1168,0.0218722659667542
"9882","9882",1143,1143,1168,0.0218722659667542
"12431","12431",1143,1143,1168,0.0218722659667542
"5989","5989",6343,4878,4836,-0.237584739082453
"5990","5990",2425,2492,2121,-0.125360824742268
"5991","5991",6555,6462,5992,-0.0858886346300534
"5992","5992",2998,2986,3018,0.0066711140760507
"5993","5993",6037,6669,5470,-0.0939208216001325
"5994","5994",2120,1931,1940,-0.0849056603773585
"5995","5995",4183,4201,4443,0.0621563471192924
"5996","5996",5130,4724,5008,-0.0237816764132554
"5997","5997",1925,1925,1925,0
"5998","5998",2958,3162,2972,0.00473292765382015
"5999","5999",2528,2510,2513,-0.00593354430379747
"6000","6000",1697,1696,1057,-0.37713612256924
"6001","6001",1800,1800,2051,0.139444444444444
"10354","10354",1800,1800,2051,0.139444444444444
"6002","6002",5765,6094,6120,0.0615784908933218
"6759","6759",5765,6094,6120,0.0615784908933218
"6003","6003",5150,4654,4193,-0.185825242718447
"6004","6004",2810,2735,2360,-0.160142348754448
"6005","6005",2754,2943,2724,-0.0108932461873638
"6006","6006",9600,7994,7158,-0.254375
"6007","6007",3926,4141,4080,0.0392256749872644
"6008","6008",2779,2537,1600,-0.424253328535444
"6009","6009",5790,5509,8878,0.533333333333333
"6010","6010",3629,3631,3365,-0.0727473133094516
"6011","6011",6110,5991,6014,-0.0157119476268412
"6012","6012",4487,4487,4749,0.058390907064854
"6013","6013",7583,7557,7195,-0.0511670842674403
"6014","6014",6057,6331,5174,-0.145781740135381
"6015","6015",1575,1577,1501,-0.046984126984127
"6016","6016",2776,2762,2595,-0.0652017291066282
"6017","6017",2798,3497,2089,-0.253395282344532
"6018","6018",4686,4722,4426,-0.0554844216816048
"6019","6019",4834,6487,4841,0.0014480761274307
"6020","6020",2410,2410,2257,-0.0634854771784232
"6022","6022",3877,4156,4397,0.134124322930101
"6023","6023",2766,2730,2822,0.0202458423716558
"6024","6024",8812,8774,5809,-0.340785292782569
"6025","6025",5774,5797,5806,0.0055420852095601
"6026","6026",3900,3945,3967,0.0171794871794872
"8793","8793",3900,3945,3967,0.0171794871794872
"6028","6028",5195,5181,4557,-0.122810394610202
"6029","6029",6560,7239,6055,-0.0769817073170732
"6030","6030",938,922,864,-0.0788912579957356
"6031","6031",2410,2314,1888,-0.216597510373444
"6032","6032",2915,2907,3095,0.0617495711835334
"6033","6033",4060,4085,3757,-0.0746305418719212
"6034","6034",3770,3628,3636,-0.0355437665782493
"6036","6036",2302,2302,1895,-0.176802780191138
"6037","6037",4075,4161,4260,0.045398773006135
"6038","6038",6169,6174,6196,0.00437672232128384
"6039","6039",1420,1465,1563,0.100704225352113
"6040","6040",1184,1166,1183,-0.000844594594594595
"6041","6041",2348,2320,2176,-0.0732538330494037
"6042","6042",13114,13761,11639,-0.112475217324996
"6043","6043",4937,3648,5009,0.0145837553169941
"6044","6044",5526,5683,5497,-0.00524791892870069
"6045","6045",4546,4535,4506,-0.0087989441267048
"6046","6046",1532,1607,1523,-0.00587467362924282
"8595","8595",1532,1607,1523,-0.00587467362924282
"6047","6047",3942,3942,3849,-0.0235920852359209
"6048","6048",2847,2847,2846,-0.000351246926589392
"6049","6049",4101,4162,4212,0.0270665691294806
"6050","6050",2383,2394,2345,-0.0159462861938733
"6737","6737",2383,2394,2345,-0.0159462861938733
"6051","6051",2751,2814,3170,0.152308251544893
"6053","6053",9104,9771,5848,-0.357644991212654
"6054","6054",4980,3655,2814,-0.434939759036145
"6055","6055",2534,2550,2196,-0.133385951065509
"6056","6056",3806,3812,3882,0.0199684708355229
"6057","6057",9274,10027,12644,0.363381496657322
"6058","6058",5206,4140,3788,-0.272378025355359
"7820","7820",5206,4140,3788,-0.272378025355359
"6059","6059",3623,3764,3537,-0.0237372343361855
"6060","6060",3351,3385,3624,0.081468218442256
"6061","6061",4779,3170,3436,-0.281021134128479
"6062","6062",6937,6944,4463,-0.356638316275047
"6063","6063",2136,2135,2206,0.0327715355805243
"6064","6064",1148,1148,1036,-0.0975609756097561
"18673","18673",1148,1148,1036,-0.0975609756097561
"6065","6065",3516,3320,3302,-0.0608646188850967
"6066","6066",6271,6574,5375,-0.142879923457184
"6067","6067",2904,3129,3202,0.102617079889807
"8701","8701",2904,3129,3202,0.102617079889807
"6068","6068",7693,5627,10324,0.341999220070194
"6069","6069",2463,2463,2464,0.000406008932196508
"6070","6070",1639,1643,1542,-0.0591824283099451
"14435","14435",1639,1643,1542,-0.0591824283099451
"19625","19625",1639,1643,1542,-0.0591824283099451
"6071","6071",10849,10651,10313,-0.0494054751590008
"6072","6072",2029,2035,2430,0.197634302612124
"6073","6073",3249,3155,3302,0.0163127116035703
"6074","6074",4803,4768,3881,-0.191963356235686
"6076","6076",5781,5781,6469,0.119010551807646
"6077","6077",4737,5115,5147,0.08655267046654
"6078","6078",5720,6262,4949,-0.13479020979021
"6079","6079",7697,7235,7297,-0.0519682993374042
"6080","6080",3586,3551,3480,-0.0295593976575572
"6081","6081",855,857,860,0.00584795321637427
"6082","6082",2296,2296,2373,0.0335365853658537
"6083","6083",5799,5879,6143,0.0593205725125022
"6084","6084",6431,6445,5138,-0.201057378323744
"6085","6085",5663,5685,5791,0.0226028606745541
"6086","6086",7679,7521,7759,0.0104180231801016
"6087","6087",3495,3210,3369,-0.0360515021459227
"6088","6088",2350,1807,1885,-0.197872340425532
"6089","6089",3378,3554,2305,-0.317643576080521
"6090","6090",2556,2556,2488,-0.02660406885759
"6091","6091",6215,6199,5298,-0.147546259050684
"6092","6092",658,654,654,-0.0060790273556231
"6093","6093",6372,5827,6715,0.0538292529817954
"6094","6094",2536,2539,2458,-0.0307570977917981
"6095","6095",10063,10470,6846,-0.31968597833648
"6096","6096",5408,5510,4742,-0.123150887573965
"6097","6097",2501,2501,1958,-0.217113154738105
"6098","6098",8081,8179,7325,-0.0935527781215196
"6099","6099",2855,2257,2345,-0.178633975481611
"6100","6100",3897,3906,3492,-0.103926096997691
"6101","6101",2928,2975,2797,-0.0447404371584699
"14897","14897",2928,2975,2797,-0.0447404371584699
"6102","6102",4648,4586,4004,-0.13855421686747
"6103","6103",3340,3340,3298,-0.0125748502994012
"6104","6104",2464,2906,2849,0.15625
"6105","6105",1638,1654,1616,-0.0134310134310134
"6106","6106",10108,10226,10150,0.00415512465373961
"6107","6107",1878,1812,2138,0.138445154419595
"6108","6108",10173,10176,9616,-0.0547527769586159
"6109","6109",2483,2483,2597,0.0459122029802658
"8412","8412",2483,2483,2597,0.0459122029802658
"6110","6110",2028,2125,1990,-0.0187376725838264
"6111","6111",962,962,977,0.0155925155925156
"11638","11638",962,962,977,0.0155925155925156
"14536","14536",962,962,977,0.0155925155925156
"6112","6112",2450,3248,3258,0.329795918367347
"6113","6113",1430,1510,1635,0.143356643356643
"16274","16274",1430,1510,1635,0.143356643356643
"6114","6114",2044,2018,2182,0.0675146771037182
"16995","16995",2044,2018,2182,0.0675146771037182
"6115","6115",2587,2587,2414,-0.0668728256667955
"6116","6116",1031,1027,1023,-0.00775945683802134
"6117","6117",6616,6732,6688,0.0108827085852479
"6118","6118",3818,3821,3782,-0.00942902042954426
"6119","6119",2609,2625,2470,-0.0532771176696052
"6120","6120",2887,2887,2831,-0.0193972982334603
"16116","16116",2887,2887,2831,-0.0193972982334603
"6121","6121",2835,2936,2419,-0.14673721340388
"6122","6122",1941,1938,2379,0.225656877897991
"6124","6124",4262,4263,4200,-0.014547160957297
"6125","6125",1864,1554,1565,-0.160407725321888
"6126","6126",1682,1680,1672,-0.00594530321046373
"6127","6127",2641,2463,2712,0.0268837561529724
"6128","6128",950,950,951,0.00105263157894737
"6129","6129",1674,1937,1880,0.123058542413381
"6130","6130",5110,5140,5753,0.125831702544031
"6131","6131",993,1088,1137,0.145015105740181
"6133","6133",1831,1900,2318,0.26597487711633
"6134","6134",7824,8046,6871,-0.121804703476483
"6135","6135",7588,7650,7566,-0.00289931470743279
"6136","6136",5112,5365,4974,-0.0269953051643192
"6137","6137",5266,5266,4388,-0.166729965818458
"6138","6138",2451,2483,2468,0.0069359445124439
"6139","6139",1437,1423,1361,-0.0528879610299234
"6140","6140",6181,6286,5281,-0.14560750687591
"6141","6141",1609,1609,1609,0
"14281","14281",1609,1609,1609,0
"6142","6142",2212,2212,2211,-0.000452079566003617
"6143","6143",4628,5301,4365,-0.0568280034572169
"6144","6144",4757,4573,3121,-0.343914231658608
"6145","6145",10321,10213,8974,-0.13051060943707
"6146","6146",7359,7406,7157,-0.0274493817094714
"6148","6148",5772,5772,6128,0.0616770616770617
"6149","6149",2939,2948,2808,-0.044572984008166
"6150","6150",2009,2009,2340,0.164758586361374
"13142","13142",2009,2009,2340,0.164758586361374
"6151","6151",3696,3617,3965,0.0727813852813853
"6152","6152",1698,1331,1329,-0.217314487632509
"14420","14420",1698,1331,1329,-0.217314487632509
"6153","6153",1842,1754,2162,0.173724212812161
"6154","6154",2253,2687,2295,0.018641810918775
"13732","13732",2253,2687,2295,0.018641810918775
"6155","6155",2592,2615,2660,0.0262345679012346
"6156","6156",1344,1346,1315,-0.021577380952381
"15020","15020",1344,1346,1315,-0.021577380952381
"6158","6158",1915,1854,1893,-0.0114882506527415
"6159","6159",6647,6169,5767,-0.13239055212878
"6160","6160",5306,5718,5530,0.0422163588390501
"6161","6161",2874,2875,2781,-0.0323590814196242
"6162","6162",875,875,875,0
"6163","6163",1714,1172,1423,-0.16977829638273
"6164","6164",3970,3943,3945,-0.00629722921914358
"6165","6165",5055,4848,5669,0.121463897131553
"6166","6166",2260,2259,2235,-0.0110619469026549
"6167","6167",3258,3258,3140,-0.0362185389809699
"6168","6168",2136,2460,2109,-0.0126404494382022
"6170","6170",3288,3294,3051,-0.0720802919708029
"6171","6171",2632,2632,2618,-0.00531914893617021
"6172","6172",3799,4226,3898,0.0260594893392998
"6173","6173",2627,2629,2274,-0.134373810430148
"6174","6174",3293,3293,3393,0.0303674460977832
"6176","6176",4706,4502,3607,-0.233531661708457
"6177","6177",1942,1942,2102,0.082389289392379
"6178","6178",10771,11103,10731,-0.00371367561043543
"6179","6179",2080,1651,1629,-0.216826923076923
"11168","11168",2080,1651,1629,-0.216826923076923
"6180","6180",2172,2172,2173,0.000460405156537753
"18656","18656",2172,2172,2173,0.000460405156537753
"6181","6181",1400,1399,1189,-0.150714285714286
"6182","6182",4034,4027,4037,0.000743678730788299
"6183","6183",4389,4190,3684,-0.160628844839371
"11717","11717",4389,4190,3684,-0.160628844839371
"6184","6184",3986,3988,3893,-0.023331660812845
"10783","10783",3986,3988,3893,-0.023331660812845
"6185","6185",1049,1049,1125,0.0724499523355577
"6186","6186",2036,2035,1971,-0.0319253438113949
"6187","6187",2452,2454,2383,-0.0281402936378467
"6188","6188",3344,3339,3447,0.0308014354066986
"6189","6189",3834,3853,3937,0.0268648930620762
"6190","6190",2535,2441,2638,0.0406311637080868
"6191","6191",4561,4515,4028,-0.116860337645253
"6192","6192",3718,3837,2505,-0.326250672404519
"6193","6193",1624,1670,1672,0.0295566502463054
"15598","15598",1624,1670,1672,0.0295566502463054
"6194","6194",4537,3587,3796,-0.163323782234957
"6195","6195",5555,5560,5565,0.0018001800180018
"6196","6196",6276,6257,6360,0.0133843212237094
"6197","6197",1448,1401,1367,-0.055939226519337
"6198","6198",1288,1297,1252,-0.0279503105590062
"6199","6199",12575,13005,11316,-0.100119284294235
"6200","6200",6025,5660,5844,-0.0300414937759336
"6201","6201",1854,1854,1854,0
"6202","6202",3284,3284,3278,-0.00182704019488429
"6203","6203",1801,1805,1726,-0.0416435313714603
"6204","6204",2524,2524,2598,0.0293185419968304
"12523","12523",2524,2524,2598,0.0293185419968304
"6205","6205",2850,2841,2587,-0.092280701754386
"6206","6206",2818,2338,2107,-0.252306600425834
"6207","6207",1970,2077,2162,0.0974619289340102
"6208","6208",4055,4045,4143,0.0217016029593095
"6209","6209",4756,5110,3924,-0.174936921783011
"6210","6210",5029,4888,4647,-0.0759594352754027
"6211","6211",5367,5367,4899,-0.087199552822806
"6212","6212",3564,3552,3241,-0.090628507295174
"6213","6213",3762,3974,3725,-0.00983519404572036
"6214","6214",4503,4384,4198,-0.0677326226959805
"6215","6215",1785,1866,1570,-0.120448179271709
"6216","6216",3493,4052,2907,-0.167764099627827
"6217","6217",3761,3905,3484,-0.0736506248338208
"16859","16859",3761,3905,3484,-0.0736506248338208
"6218","6218",3641,3646,3753,0.030760780005493
"6219","6219",2515,2785,2511,-0.00159045725646123
"6220","6220",1809,1892,1698,-0.0613598673300166
"6221","6221",3487,3496,4096,0.174648695153427
"6222","6222",2399,3317,3167,0.320133388912047
"6223","6223",5588,6266,6004,0.0744452397995705
"6224","6224",4336,4327,4331,-0.00115313653136531
"6225","6225",4096,4293,3491,-0.147705078125
"6226","6226",2364,2408,2117,-0.104483925549915
"6227","6227",2610,2768,2532,-0.0298850574712644
"6228","6228",6881,7068,7012,0.0190379305333527
"6229","6229",4687,4983,5069,0.0815020268828675
"6230","6230",1773,1508,1519,-0.143260011280316
"6231","6231",5832,5859,6098,0.0456104252400549
"6232","6232",5446,5416,4766,-0.124862284245318
"6233","6233",1656,1656,1448,-0.1256038647343
"6234","6234",1349,1351,1354,0.00370644922164566
"6235","6235",3248,3248,2769,-0.147475369458128
"18804","18804",3248,3248,2769,-0.147475369458128
"6236","6236",5508,5506,5593,0.0154320987654321
"6238","6238",11045,11164,11250,0.0185604345857854
"6239","6239",5256,5259,4658,-0.113774733637747
"6240","6240",2968,2968,2905,-0.0212264150943396
"6241","6241",2748,2484,2808,0.0218340611353712
"6242","6242",2001,2004,2011,0.00499750124937531
"6243","6243",2710,2710,2644,-0.0243542435424354
"6244","6244",4162,4113,3548,-0.147525228255646
"6245","6245",4034,3996,3255,-0.193108577094695
"6246","6246",1755,1753,1435,-0.182336182336182
"6247","6247",2721,2518,2464,-0.0944505696435134
"6248","6248",818,820,729,-0.10880195599022
"6249","6249",2854,2652,2746,-0.0378416257883672
"6250","6250",2202,2293,2299,0.0440508628519528
"6251","6251",3699,3835,3676,-0.00621789672884563
"6252","6252",4365,4312,4437,0.0164948453608247
"6253","6253",10332,10839,7078,-0.314943863724352
"6254","6254",1852,1860,1891,0.0210583153347732
"11366","11366",1852,1860,1891,0.0210583153347732
"15352","15352",1852,1860,1891,0.0210583153347732
"6255","6255",1670,1670,1670,0
"6256","6256",1780,1884,1902,0.0685393258426966
"6258","6258",9666,10092,9347,-0.0330022760190358
"6259","6259",1236,1236,1274,0.0307443365695793
"6260","6260",3330,3342,3480,0.045045045045045
"6261","6261",3665,3442,3839,0.0474761255115962
"6263","6263",1399,1440,1472,0.052180128663331
"6264","6264",1736,1745,1978,0.139400921658986
"6265","6265",1355,1423,1551,0.144649446494465
"6266","6266",1549,1756,1553,0.0025823111684958
"6267","6267",2180,2103,2144,-0.0165137614678899
"6268","6268",3422,3410,3415,-0.00204558737580362
"13166","13166",3422,3410,3415,-0.00204558737580362
"6270","6270",5750,5369,5005,-0.129565217391304
"6271","6271",1732,1691,1614,-0.0681293302540416
"6272","6272",2233,2477,2370,0.0613524406627855
"6273","6273",1868,1868,1844,-0.012847965738758
"6274","6274",1327,1277,1451,0.0934438583270535
"6275","6275",2284,2262,2475,0.0836252189141856
"6276","6276",2893,2838,2689,-0.070515036294504
"6277","6277",3676,3577,3542,-0.0364526659412405
"6278","6278",6516,6710,6617,0.015500306936771
"6281","6281",2713,2683,2359,-0.130482860302248
"6283","6283",9035,9012,8807,-0.025235196458218
"6284","6284",1615,1611,1687,0.0445820433436533
"6285","6285",1955,1850,1929,-0.0132992327365729
"12486","12486",1955,1850,1929,-0.0132992327365729
"6286","6286",3352,3387,3336,-0.00477326968973747
"10879","10879",3352,3387,3336,-0.00477326968973747
"6287","6287",2086,2079,2060,-0.012464046021093
"12338","12338",2086,2079,2060,-0.012464046021093
"6288","6288",5993,7579,6015,0.00367094944101452
"6289","6289",1493,1627,1567,0.0495646349631614
"6290","6290",6626,6048,6011,-0.092816178690009
"6291","6291",6149,5567,6420,0.0440722068629045
"6292","6292",3048,2975,2732,-0.103674540682415
"6293","6293",1740,1741,1734,-0.00344827586206897
"6294","6294",4284,3913,5070,0.183473389355742
"6295","6295",4135,4066,4781,0.156227327690447
"6296","6296",9186,6457,10965,0.193664271717831
"6297","6297",3786,3032,2874,-0.240887480190174
"6299","6299",1406,1406,1405,-0.000711237553342817
"6300","6300",1443,1769,1741,0.206514206514207
"6301","6301",5854,5860,6217,0.0620088828151691
"6302","6302",6319,6770,5724,-0.0941604684285488
"6303","6303",1198,1170,1170,-0.0233722871452421
"6304","6304",8990,9343,12738,0.416907675194661
"6305","6305",9148,8974,8897,-0.0274376912986445
"6306","6306",2289,2303,1791,-0.217562254259502
"6307","6307",6337,6477,4873,-0.23102414391668
"6308","6308",3356,3318,3370,0.00417163289630513
"6309","6309",2619,2634,2327,-0.111492936235204
"6310","6310",6768,6147,5147,-0.239509456264775
"6311","6311",3325,3371,2880,-0.133834586466165
"6312","6312",1657,1849,1864,0.124924562462281
"6313","6313",4277,4277,1365,-0.680851063829787
"6314","6314",2354,2375,2200,-0.0654205607476635
"6315","6315",3344,3344,3356,0.00358851674641148
"6316","6316",4377,4607,4196,-0.0413525245602011
"6317","6317",5342,5345,5070,-0.0509172594533882
"6318","6318",10668,10822,10892,0.020997375328084
"6319","6319",2993,2745,2513,-0.160374206481791
"6320","6320",1858,1590,1663,-0.104951560818084
"6321","6321",5721,6440,5627,-0.0164306939346268
"6322","6322",2694,3596,2949,0.0946547884187082
"6323","6323",1661,1666,1677,0.00963275135460566
"14120","14120",1661,1666,1677,0.00963275135460566
"6324","6324",1947,1947,2106,0.0816640986132511
"6325","6325",1517,2184,2059,0.357284113381674
"6326","6326",6669,7471,14692,1.20302893987105
"6328","6328",4459,4459,4498,0.0087463556851312
"17368","17368",4459,4459,4498,0.0087463556851312
"6330","6330",12317,14469,12322,0.000405943005602013
"6332","6332",4368,3674,2499,-0.427884615384615
"6333","6333",8964,9111,11205,0.25
"6334","6334",2784,2784,5825,1.0923132183908
"6335","6335",3365,3740,3719,0.10520059435364
"16962","16962",3365,3740,3719,0.10520059435364
"6336","6336",3477,3292,3292,-0.0532067874604544
"6337","6337",2956,2664,1807,-0.388700947225981
"6338","6338",1515,1515,1515,0
"6339","6339",4779,5846,5020,0.0504289600334798
"6340","6340",2112,1816,1783,-0.155776515151515
"6341","6341",4711,4711,4672,-0.00827849713436638
"6342","6342",9318,9839,7151,-0.23256063532947
"6343","6343",3858,3833,3656,-0.0523587350959046
"13814","13814",3858,3833,3656,-0.0523587350959046
"6344","6344",6613,6579,5029,-0.239528202026312
"6345","6345",4508,4279,4304,-0.0452528837622005
"15094","15094",4508,4279,4304,-0.0452528837622005
"6346","6346",2396,2402,2270,-0.0525876460767947
"14138","14138",2396,2402,2270,-0.0525876460767947
"6347","6347",5089,5093,4458,-0.123992925918648
"6348","6348",3509,3691,3850,0.0971786833855799
"6349","6349",3754,3984,3306,-0.11933937133724
"6350","6350",5608,5410,7343,0.309379457917261
"6351","6351",6891,6889,6380,-0.0741546945290959
"6353","6353",4341,3391,3431,-0.209629117714812
"6354","6354",3009,2994,3133,0.0412097042206713
"6355","6355",1909,2099,1832,-0.0403352540597171
"6356","6356",3493,3495,2935,-0.159748067563699
"6357","6357",4028,4336,3958,-0.0173783515392254
"6358","6358",3808,3819,3812,0.00105042016806723
"6359","6359",4906,4909,4467,-0.0894822666123115
"6360","6360",2992,2498,2292,-0.233957219251337
"6361","6361",3517,3517,3694,0.0503269832243389
"6362","6362",4569,4581,4968,0.0873276428102429
"6363","6363",6942,7891,5713,-0.177038317487756
"6364","6364",1613,1742,1546,-0.041537507749535
"6365","6365",2430,2429,2434,0.00164609053497942
"6381","6381",2430,2429,2434,0.00164609053497942
"6366","6366",3765,3666,3962,0.052324037184595
"6367","6367",4211,4429,4607,0.0940394205651864
"6368","6368",1780,1651,1649,-0.0735955056179775
"6369","6369",2380,2380,2249,-0.0550420168067227
"6370","6370",1927,1964,1900,-0.0140114167099118
"18030","18030",1927,1964,1900,-0.0140114167099118
"6371","6371",4650,4659,4353,-0.0638709677419355
"12743","12743",4650,4659,4353,-0.0638709677419355
"6372","6372",5550,5552,5366,-0.0331531531531532
"6373","6373",3935,4203,4254,0.0810673443456163
"17261","17261",3935,4203,4254,0.0810673443456163
"6374","6374",8258,8413,8774,0.0624848631629935
"6375","6375",1743,1712,2293,0.315547905909352
"6376","6376",2829,2829,2792,-0.0130788264404383
"6377","6377",558,1082,1323,1.37096774193548
"6378","6378",3491,3491,2989,-0.143798338584933
"6379","6379",7985,6606,6253,-0.216906700062617
"6382","6382",6515,6707,6724,0.03207981580967
"6383","6383",6249,6221,6200,-0.00784125460073612
"6384","6384",1977,1979,1981,0.00202326757713708
"6385","6385",4656,4664,4576,-0.0171821305841924
"6386","6386",1567,1207,1222,-0.220165922144225
"12494","12494",1567,1207,1222,-0.220165922144225
"6387","6387",3266,3266,2431,-0.255664421310472
"6389","6389",3907,3978,4417,0.13053493729204
"6390","6390",2900,2367,2936,0.0124137931034483
"6391","6391",2627,2650,2305,-0.122573277502855
"6825","6825",2627,2650,2305,-0.122573277502855
"6392","6392",930,1004,992,0.0666666666666667
"7275","7275",930,1004,992,0.0666666666666667
"6393","6393",4615,4770,4793,0.038569880823402
"6394","6394",7206,7315,7316,0.0152650568970303
"6395","6395",1904,1917,1836,-0.0357142857142857
"13101","13101",1904,1917,1836,-0.0357142857142857
"6396","6396",4911,4812,6054,0.232742822235797
"6397","6397",2273,2100,1977,-0.130224373075231
"6399","6399",2118,1929,1962,-0.0736543909348442
"6400","6400",3905,3936,3629,-0.0706786171574904
"6401","6401",756,665,528,-0.301587301587302
"6402","6402",1709,1587,1671,-0.0222352252779403
"6403","6403",8092,8095,7905,-0.023109243697479
"6404","6404",2852,2869,2122,-0.255960729312763
"6405","6405",1936,1936,1936,0
"6406","6406",2274,2276,2224,-0.0219876868953386
"6407","6407",1683,1682,1812,0.0766488413547237
"6408","6408",2880,2871,3055,0.0607638888888889
"6409","6409",4907,4511,4667,-0.0489097208070104
"6410","6410",3691,3681,3825,0.0363045245191005
"6411","6411",2949,2951,2715,-0.0793489318413021
"6412","6412",6470,6459,6142,-0.0506955177743431
"6413","6413",5225,5453,4869,-0.068133971291866
"6415","6415",2772,2771,2802,0.0108225108225108
"6417","6417",8839,8716,7270,-0.177508767960176
"6418","6418",3649,3690,3706,0.0156207180049329
"6419","6419",8777,8924,8556,-0.0251794462800501
"6420","6420",4173,3917,3908,-0.063503474718428
"6421","6421",3770,3736,2843,-0.245888594164456
"13183","13183",3770,3736,2843,-0.245888594164456
"6422","6422",4911,4635,4112,-0.162695988597027
"6423","6423",2621,2607,2508,-0.0431133155284243
"18436","18436",2621,2607,2508,-0.0431133155284243
"19529","19529",2621,2607,2508,-0.0431133155284243
"6424","6424",14665,15115,10529,-0.282032049096488
"6425","6425",5580,5701,10907,0.954659498207885
"6426","6426",3739,3201,3247,-0.131585985557636
"6427","6427",3527,3527,3595,0.019279841224837
"6428","6428",4396,4395,4163,-0.0530027297543221
"6429","6429",1697,1697,1781,0.0494991160872127
"7415","7415",1697,1697,1781,0.0494991160872127
"6430","6430",1994,1994,1735,-0.129889669007021
"6431","6431",2952,2639,2606,-0.117208672086721
"19700","19700",2952,2639,2606,-0.117208672086721
"6432","6432",1620,1644,1721,0.0623456790123457
"6433","6433",3125,3149,2945,-0.0576
"6434","6434",3189,3189,2794,-0.123863280025086
"6435","6435",12006,13045,11827,-0.0149092120606363
"6436","6436",2312,2274,2283,-0.0125432525951557
"6437","6437",6420,6967,6261,-0.0247663551401869
"6438","6438",1882,1882,1772,-0.0584484590860786
"17541","17541",1882,1882,1772,-0.0584484590860786
"6439","6439",12571,12958,11942,-0.0500357966748866
"6440","6440",1897,1900,1986,0.0469161834475488
"6441","6441",12377,12336,11738,-0.0516280197139856
"6443","6443",2999,2894,3216,0.0723574524841614
"6444","6444",4554,4559,4560,0.00131752305665349
"6445","6445",5186,4839,4792,-0.0759737755495565
"6446","6446",2408,1899,2197,-0.087624584717608
"6447","6447",3849,3895,4055,0.0535203949077682
"6448","6448",2805,2807,2813,0.00285204991087344
"6449","6449",4236,4208,3405,-0.196175637393768
"6450","6450",5872,5961,5486,-0.0657356948228883
"6451","6451",5505,5245,5512,0.00127157129881926
"6452","6452",4433,3678,3389,-0.235506429054816
"6453","6453",2483,2483,2468,-0.00604107933950866
"6454","6454",1118,1356,959,-0.14221824686941
"6455","6455",1309,1244,1219,-0.0687547746371276
"18005","18005",1309,1244,1219,-0.0687547746371276
"6456","6456",4883,5203,5042,0.0325619496211345
"6457","6457",3580,4017,3751,0.0477653631284916
"6458","6458",3580,3582,3582,0.000558659217877095
"6724","6724",3580,3582,3582,0.000558659217877095
"6459","6459",2884,2875,2977,0.032246879334258
"6460","6460",4049,4085,4037,-0.00296369473944184
"6461","6461",3992,3984,3838,-0.0385771543086172
"6462","6462",5924,4804,4945,-0.165259959486833
"6464","6464",9267,9186,7897,-0.147836408762275
"6465","6465",7676,7759,7728,0.00677436164669099
"6466","6466",2810,2810,2811,0.000355871886120996
"6467","6467",2902,2690,2228,-0.232253618194349
"6468","6468",3140,3208,3210,0.0222929936305732
"6469","6469",2800,2579,2567,-0.0832142857142857
"7013","7013",2800,2579,2567,-0.0832142857142857
"8090","8090",2800,2579,2567,-0.0832142857142857
"6470","6470",8496,8637,8978,0.0567325800376648
"6471","6471",2829,2830,1758,-0.378579003181336
"13991","13991",2829,2830,1758,-0.378579003181336
"6472","6472",5816,5702,6757,0.161795048143054
"6473","6473",1341,1362,1672,0.24683072334079
"6474","6474",3159,2761,2596,-0.178220955998734
"6475","6475",7305,7630,9902,0.355509924709103
"6476","6476",2246,2196,2201,-0.0200356188780053
"6477","6477",2406,2245,2127,-0.115960099750623
"6478","6478",3607,3483,3466,-0.039090657055725
"6479","6479",4192,4197,4395,0.048425572519084
"6480","6480",5318,5334,4811,-0.0953365927040241
"6481","6481",3329,3030,3226,-0.0309402222889757
"6482","6482",2198,2198,2195,-0.00136487716105551
"6483","6483",5204,5084,5209,0.000960799385088393
"6484","6484",2323,2322,2222,-0.0434782608695652
"11805","11805",2323,2322,2222,-0.0434782608695652
"6485","6485",11932,11932,12157,0.0188568555145826
"6486","6486",2528,2531,2275,-0.100079113924051
"6487","6487",1861,1573,1528,-0.178936055883933
"6488","6488",4055,3996,3645,-0.101109741060419
"18527","18527",4055,3996,3645,-0.101109741060419
"6489","6489",3697,3692,3811,0.0308358128212064
"6490","6490",2213,1948,2072,-0.0637144148215093
"8875","8875",2213,1948,2072,-0.0637144148215093
"6491","6491",1840,1846,1560,-0.152173913043478
"6492","6492",3197,3197,2745,-0.141382546137003
"6493","6493",2036,2236,2062,0.012770137524558
"15432","15432",2036,2236,2062,0.012770137524558
"6494","6494",5489,5486,4188,-0.23701949353252
"6495","6495",1713,1553,1458,-0.148861646234676
"18268","18268",1713,1553,1458,-0.148861646234676
"6496","6496",2993,2721,2782,-0.0704978282659539
"6497","6497",10077,9940,9409,-0.0662895703086236
"6498","6498",2355,2767,2669,0.133333333333333
"6499","6499",14353,14684,13409,-0.0657702222531875
"6500","6500",6440,6451,6352,-0.0136645962732919
"6501","6501",2269,2349,2162,-0.0471573380343764
"6502","6502",2013,2108,1919,-0.0466964729259811
"11208","11208",2013,2108,1919,-0.0466964729259811
"6503","6503",1682,1686,1494,-0.111771700356718
"6504","6504",1950,1954,2049,0.0507692307692308
"6505","6505",3074,3076,3179,0.0341574495770982
"18563","18563",3074,3076,3179,0.0341574495770982
"6506","6506",6857,6854,6447,-0.0597929123523407
"6507","6507",1381,1466,1564,0.132512671976828
"6508","6508",3912,3639,3286,-0.160020449897751
"6509","6509",6116,5773,6000,-0.0189666448659254
"6510","6510",7439,7914,7466,0.0036295200967872
"6511","6511",1431,883,649,-0.546470999301188
"6512","6512",6645,6622,4935,-0.257336343115124
"6513","6513",2880,2877,2944,0.0222222222222222
"6514","6514",2675,2899,2544,-0.0489719626168224
"6515","6515",4420,4443,4497,0.017420814479638
"6516","6516",2508,2644,2622,0.0454545454545455
"6517","6517",5462,6064,5191,-0.0496155254485536
"6518","6518",11592,11550,11116,-0.0410628019323672
"6519","6519",4181,4181,3985,-0.0468787371442239
"6520","6520",4805,4522,4834,0.00603537981269511
"6521","6521",2848,2859,2906,0.0203651685393258
"6523","6523",3554,3533,3783,0.0644344400675295
"6524","6524",1418,1417,1463,0.0317348377997179
"6525","6525",8373,7179,7223,-0.137346231935985
"6526","6526",6834,7396,6275,-0.0817968978636231
"6527","6527",4543,4087,4145,-0.087607307946291
"6528","6528",2503,2282,2263,-0.0958849380743108
"6530","6530",3302,3303,3324,0.0066626287098728
"6531","6531",1573,1778,1860,0.182453909726637
"6532","6532",748,748,961,0.28475935828877
"6533","6533",931,918,780,-0.16219119226638
"6534","6534",4001,4019,3805,-0.0489877530617346
"6535","6535",5086,5204,5399,0.0615414864333464
"6536","6536",3507,3700,3837,0.0940975192472198
"6537","6537",6859,6871,6029,-0.121008893424697
"6538","6538",4316,4124,3723,-0.137395736793327
"6539","6539",7556,7555,7442,-0.0150873478030704
"6540","6540",3159,3157,3300,0.0446343779677113
"6541","6541",6379,6261,5961,-0.0655275121492397
"6543","6543",8275,8216,6853,-0.171842900302115
"6544","6544",1907,1918,1745,-0.0849501835343471
"12871","12871",1907,1918,1745,-0.0849501835343471
"6545","6545",10042,10181,7910,-0.212308305118502
"6547","6547",7102,7239,7023,-0.0111236271472825
"6548","6548",2104,2101,1600,-0.239543726235741
"6549","6549",2970,2969,3870,0.303030303030303
"6550","6550",7164,7132,7034,-0.0181462869905081
"6551","6551",5687,5678,9688,0.703534376648497
"6552","6552",6716,6686,6012,-0.104824300178678
"6554","6554",8462,8389,7111,-0.159654927913023
"6555","6555",3621,3475,3531,-0.0248550124275062
"6556","6556",4616,4612,4659,0.00931542461005199
"6557","6557",7910,4754,5964,-0.246017699115044
"6558","6558",3943,3807,3927,-0.00405782399188435
"6559","6559",2028,2080,1965,-0.0310650887573964
"6560","6560",4097,4122,3847,-0.061020258725897
"6562","6562",4610,4778,3883,-0.157700650759219
"6563","6563",1210,1207,1209,-0.000826446280991736
"6564","6564",853,1511,1739,1.03868698710434
"11061","11061",853,1511,1739,1.03868698710434
"6565","6565",3274,3425,3236,-0.0116065974343311
"6566","6566",3705,3715,3538,-0.0450742240215924
"11297","11297",3705,3715,3538,-0.0450742240215924
"6567","6567",2349,2312,2568,0.0932311621966794
"6568","6568",4818,4827,5173,0.0736820257368203
"6569","6569",7609,7603,6517,-0.143514259429623
"6570","6570",3877,3357,3342,-0.137993293783853
"6571","6571",4981,5593,5069,0.017667135113431
"6572","6572",3391,3351,3411,0.00589796520200531
"6574","6574",2336,2309,2267,-0.0295376712328767
"6575","6575",3826,3821,3962,0.0355462624150549
"6576","6576",3940,3940,2412,-0.387817258883249
"6577","6577",2802,2633,2630,-0.0613847251962884
"6578","6578",1562,1562,2008,0.285531370038412
"6579","6579",2608,2015,1950,-0.252300613496933
"6580","6580",2357,2356,2072,-0.12091641917692
"6581","6581",2744,2747,2744,0
"18858","18858",2744,2747,2744,0
"6583","6583",4719,4813,3565,-0.244543335452426
"6584","6584",2386,2386,2371,-0.00628667225481978
"6585","6585",5129,5124,5690,0.109378046402808
"6587","6587",1986,1651,2366,0.191339375629406
"6588","6588",7160,7298,6542,-0.0863128491620112
"6589","6589",1875,1877,1934,0.0314666666666667
"6590","6590",2698,2696,2373,-0.120459599703484
"6591","6591",3662,3368,3566,-0.0262151829601311
"6592","6592",2352,2415,2191,-0.068452380952381
"10904","10904",2352,2415,2191,-0.068452380952381
"6593","6593",3363,3363,2499,-0.256913470115968
"6594","6594",2494,2492,2489,-0.00200481154771451
"6596","6596",2845,2831,2569,-0.09701230228471
"6597","6597",5372,5441,5479,0.0199180938198064
"6598","6598",3105,3084,3567,0.148792270531401
"6600","6600",2759,3226,2851,0.0333454150054368
"6601","6601",12261,12060,9537,-0.222167849278199
"6602","6602",4305,4305,3941,-0.0845528455284553
"6603","6603",2100,2094,2115,0.00714285714285714
"6604","6604",1117,1117,1002,-0.102954341987466
"6606","6606",3622,3912,3688,0.0182219768083932
"6607","6607",4343,4250,4109,-0.0538798065853097
"14979","14979",4343,4250,4109,-0.0538798065853097
"6608","6608",2302,2302,2206,-0.0417028670721112
"6610","6610",1679,1679,1661,-0.0107206670637284
"6611","6611",1334,1347,1638,0.227886056971514
"6612","6612",2825,2646,2638,-0.0661946902654867
"6613","6613",1673,1645,2096,0.252839210998207
"6614","6614",9578,9344,8635,-0.0984547922321988
"6615","6615",3451,3451,3440,-0.00318748188930745
"6616","6616",2207,2210,1761,-0.202084277299502
"6617","6617",2839,2819,2852,0.00457907713983797
"6619","6619",2907,2886,2563,-0.118335053319573
"6620","6620",4389,4413,4357,-0.00729095465937571
"6621","6621",2490,2064,2073,-0.167469879518072
"6622","6622",3746,4458,3505,-0.0643352909770422
"6623","6623",8567,10357,11672,0.362437259250613
"6624","6624",929,931,963,0.0365984930032293
"6625","6625",2726,2649,2693,-0.0121056493030081
"6626","6626",2616,3138,3381,0.29243119266055
"6627","6627",1297,1292,1283,-0.0107941403238242
"10355","10355",1297,1292,1283,-0.0107941403238242
"6628","6628",5135,5130,5836,0.1365141187926
"6629","6629",1668,1668,1459,-0.125299760191847
"6630","6630",1779,1792,2086,0.1725688589095
"6631","6631",1669,1629,1399,-0.161773517076093
"6633","6633",803,781,818,0.0186799501867995
"6634","6634",2890,2890,2352,-0.186159169550173
"6635","6635",5688,5688,5268,-0.0738396624472574
"6636","6636",1579,1476,1678,0.0626979100696643
"9577","9577",1579,1476,1678,0.0626979100696643
"6637","6637",4404,4375,4173,-0.0524523160762943
"6638","6638",4479,4468,4531,0.0116097343156955
"6639","6639",3806,3719,3682,-0.0325801366263794
"6640","6640",3914,4846,4194,0.0715380684721512
"6641","6641",2386,2214,2050,-0.140821458507963
"6642","6642",941,941,942,0.00106269925611052
"6643","6643",931,934,935,0.00429645542427497
"6644","6644",1052,1054,1060,0.00760456273764259
"6645","6645",3093,3052,3138,0.01454898157129
"6646","6646",1257,1257,1257,0
"6647","6647",3859,3827,3706,-0.039647577092511
"6648","6648",9065,9054,9285,0.02426916712631
"6649","6649",4729,4700,4048,-0.144005075068725
"6650","6650",3592,3592,3101,-0.136692650334076
"6651","6651",2646,2894,2652,0.00226757369614512
"6652","6652",1830,1831,1439,-0.213661202185792
"6653","6653",2345,2349,2013,-0.141577825159915
"6654","6654",5196,4839,4792,-0.077752117013087
"6655","6655",3286,3267,2500,-0.23919659160073
"6656","6656",6730,6673,5431,-0.193016344725111
"6657","6657",1879,1910,1773,-0.0564129856306546
"6658","6658",1971,1975,1207,-0.387620497209538
"16166","16166",1971,1975,1207,-0.387620497209538
"6659","6659",3290,3290,2814,-0.14468085106383
"6660","6660",1145,899,889,-0.223580786026201
"6661","6661",3106,2992,2976,-0.0418544752092724
"6662","6662",4237,4678,4742,0.119188104791126
"11684","11684",4237,4678,4742,0.119188104791126
"6664","6664",8561,8534,6842,-0.20079429973134
"6665","6665",8605,8715,8545,-0.00697269029633934
"6666","6666",2472,2479,2263,-0.084546925566343
"15867","15867",2472,2479,2263,-0.084546925566343
"6667","6667",2869,2761,3040,0.0596026490066225
"6668","6668",2264,2167,2167,-0.0428445229681979
"6669","6669",3255,3255,3621,0.112442396313364
"6670","6670",3520,3535,2948,-0.1625
"6671","6671",1656,1641,1646,-0.00603864734299517
"6672","6672",4887,4741,5106,0.0448127685696746
"6673","6673",5616,5626,4408,-0.215099715099715
"6674","6674",2137,2137,2055,-0.0383715489003276
"6675","6675",1534,1535,1370,-0.106910039113429
"6676","6676",4985,4837,4070,-0.183550651955868
"6677","6677",3300,3483,3482,0.0551515151515152
"6678","6678",1783,1795,1320,-0.25967470555244
"6679","6679",2476,2445,3199,0.292003231017771
"6680","6680",6371,7001,6983,0.0960602731125412
"6681","6681",10197,10368,6436,-0.368833970775718
"6682","6682",5060,4930,5023,-0.00731225296442688
"6683","6683",3185,3186,3261,0.023861852433281
"6684","6684",5603,5527,5591,-0.00214170979832233
"6685","6685",2492,2487,2297,-0.0782504012841092
"17170","17170",2492,2487,2297,-0.0782504012841092
"6686","6686",4267,4279,3230,-0.243027888446215
"6687","6687",3820,3704,3580,-0.06282722513089
"6688","6688",2773,2772,2657,-0.0418319509556437
"6689","6689",8656,8729,7652,-0.115988909426987
"6690","6690",2408,2524,2524,0.0481727574750831
"6691","6691",5770,5776,5887,0.0202772963604853
"6692","6692",4412,4808,4117,-0.0668631006346328
"6693","6693",2841,2841,2511,-0.116156282998944
"6694","6694",2633,2633,2653,0.00759589821496392
"6695","6695",3501,2922,3011,-0.139960011425307
"6696","6696",1427,1425,1373,-0.0378416257883672
"6697","6697",2724,2519,2351,-0.136930983847283
"6698","6698",3059,3065,2981,-0.0254985289310232
"6699","6699",1385,1385,1385,0
"6700","6700",2497,2523,2400,-0.038846615939127
"12267","12267",2497,2523,2400,-0.038846615939127
"6701","6701",9962,9916,9952,-0.00100381449508131
"6702","6702",2778,2760,2820,0.0151187904967603
"6703","6703",3313,3327,3032,-0.0848173860549351
"6704","6704",2765,2311,2316,-0.162386980108499
"6705","6705",2912,2914,2959,0.0161401098901099
"6706","6706",12194,13106,12611,0.0341971461374446
"6707","6707",5353,5288,5072,-0.0524939286381468
"6708","6708",3440,2749,3408,-0.00930232558139535
"16035","16035",3440,2749,3408,-0.00930232558139535
"6709","6709",4798,5249,5231,0.0902459358065861
"6710","6710",4224,4240,3849,-0.0887784090909091
"6711","6711",2723,1821,2372,-0.128901946382666
"6712","6712",4084,4072,4142,0.0142017629774731
"6713","6713",1730,1590,1593,-0.0791907514450867
"6714","6714",5429,5198,12222,1.25124332289556
"6715","6715",1977,1976,2101,0.0627212948912494
"11288","11288",1977,1976,2101,0.0627212948912494
"6716","6716",2849,2404,2635,-0.0751140751140751
"6717","6717",3980,3980,3533,-0.112311557788945
"6718","6718",4346,3821,3803,-0.124942475839853
"6719","6719",4920,4909,5147,0.0461382113821138
"6720","6720",4576,4615,4920,0.0751748251748252
"6721","6721",2078,2078,2025,-0.0255052935514918
"6722","6722",4252,4037,3573,-0.159689557855127
"6723","6723",3499,3605,3621,0.0348671048871106
"6725","6725",2063,2167,1968,-0.0460494425593795
"6726","6726",2904,2421,2527,-0.129820936639118
"12333","12333",2904,2421,2527,-0.129820936639118
"6728","6728",7154,7215,7206,0.00726866088901314
"6729","6729",2996,2967,2832,-0.054739652870494
"6730","6730",5974,6007,5501,-0.0791764312018748
"6731","6731",1830,1817,2160,0.180327868852459
"9441","9441",1830,1817,2160,0.180327868852459
"6732","6732",1583,1320,1440,-0.0903348073278585
"6733","6733",7362,7680,6593,-0.104455311056778
"6734","6734",4461,4424,3478,-0.220354180676978
"12559","12559",4461,4424,3478,-0.220354180676978
"6735","6735",2385,2330,2364,-0.00880503144654088
"6736","6736",3695,3695,3806,0.0300405953991881
"6738","6738",3128,2838,2722,-0.129795396419437
"6739","6739",1893,1893,1895,0.00105652403592182
"6740","6740",6071,6178,6446,0.0617690660517213
"6741","6741",2120,2113,2292,0.0811320754716981
"6742","6742",3146,3138,3351,0.0651621106166561
"6743","6743",3966,3798,3912,-0.0136157337367625
"6744","6744",3527,3344,3352,-0.0496172384462716
"6745","6745",3059,3673,3019,-0.013076168682576
"6746","6746",3506,3507,3626,0.0342270393610953
"6747","6747",3433,3373,3346,-0.0253422662394407
"6749","6749",2245,2192,2202,-0.0191536748329621
"18964","18964",2245,2192,2202,-0.0191536748329621
"6750","6750",4129,3918,3894,-0.0569145071445871
"6751","6751",2714,2714,2903,0.0696389093588799
"6752","6752",2088,1840,1751,-0.16139846743295
"9895","9895",2088,1840,1751,-0.16139846743295
"6753","6753",2944,2943,2164,-0.264945652173913
"9341","9341",2944,2943,2164,-0.264945652173913
"11216","11216",2944,2943,2164,-0.264945652173913
"6754","6754",4021,4021,6067,0.508828649589654
"6755","6755",1859,1847,1482,-0.202797202797203
"10427","10427",1859,1847,1482,-0.202797202797203
"10830","10830",1859,1847,1482,-0.202797202797203
"18994","18994",1859,1847,1482,-0.202797202797203
"6758","6758",3158,3153,3136,-0.00696643445218493
"6760","6760",4900,4327,3826,-0.219183673469388
"6761","6761",5198,5167,4145,-0.202577914582532
"6762","6762",2666,2496,2427,-0.0896474118529632
"7437","7437",2666,2496,2427,-0.0896474118529632
"6763","6763",1885,1885,1887,0.00106100795755968
"6764","6764",3088,2126,2418,-0.216968911917098
"6765","6765",1326,1412,1356,0.0226244343891403
"6766","6766",4186,4913,4688,0.119923554706163
"6767","6767",7482,7453,6741,-0.099037690457097
"6768","6768",1509,1468,1416,-0.0616302186878728
"6769","6769",1847,1904,1882,0.0189496480779643
"15293","15293",1847,1904,1882,0.0189496480779643
"6770","6770",5014,5001,5090,0.0151575588352613
"6771","6771",2497,2506,2744,0.0989187024429315
"13668","13668",2497,2506,2744,0.0989187024429315
"6772","6772",1978,2035,1753,-0.113751263902932
"6773","6773",2140,2287,1988,-0.0710280373831776
"6774","6774",3507,2927,2640,-0.247219846022241
"6775","6775",1890,1774,1705,-0.0978835978835979
"6776","6776",1475,1499,1478,0.00203389830508475
"16425","16425",1475,1499,1478,0.00203389830508475
"19394","19394",1475,1499,1478,0.00203389830508475
"6777","6777",2017,1879,1908,-0.0540406544372831
"9189","9189",2017,1879,1908,-0.0540406544372831
"6778","6778",5129,5223,4360,-0.149931760577111
"6779","6779",2978,2980,3132,0.0517125587642713
"6780","6780",4680,4692,5819,0.243376068376068
"6782","6782",3462,3447,3107,-0.102541883304448
"6783","6783",1829,1513,1939,0.0601421541826134
"6784","6784",3720,4296,3913,0.0518817204301075
"6785","6785",3500,3500,5235,0.495714285714286
"6786","6786",5876,6026,5018,-0.146017699115044
"6787","6787",4885,3959,3892,-0.203275332650972
"6788","6788",714,714,1258,0.761904761904762
"6789","6789",3501,3504,3871,0.105684090259926
"10488","10488",3501,3504,3871,0.105684090259926
"6790","6790",5841,5838,5378,-0.0792672487587742
"9867","9867",5841,5838,5378,-0.0792672487587742
"6791","6791",1976,1976,2061,0.0430161943319838
"11559","11559",1976,1976,2061,0.0430161943319838
"6793","6793",2914,2935,2591,-0.110844200411805
"6794","6794",3076,3016,3166,0.02925877763329
"6795","6795",2653,2655,3055,0.151526573690162
"6796","6796",2046,2058,2353,0.150048875855327
"7534","7534",2046,2058,2353,0.150048875855327
"16369","16369",2046,2058,2353,0.150048875855327
"6797","6797",2059,2428,2429,0.17969888295289
"15486","15486",2059,2428,2429,0.17969888295289
"15949","15949",2059,2428,2429,0.17969888295289
"6798","6798",1701,1701,1392,-0.181657848324515
"6799","6799",3744,3714,3567,-0.047275641025641
"10402","10402",3744,3714,3567,-0.047275641025641
"6800","6800",2147,2121,2041,-0.0493712156497438
"6801","6801",1326,1326,1328,0.00150829562594268
"6802","6802",2797,2796,2901,0.0371826957454415
"6803","6803",4052,4009,10153,1.50567620927937
"6804","6804",4023,4012,4205,0.0452398707432264
"6805","6805",1671,1625,1244,-0.255535607420706
"6806","6806",2910,2799,2666,-0.0838487972508591
"6807","6807",1530,1533,1469,-0.0398692810457516
"16806","16806",1530,1533,1469,-0.0398692810457516
"6808","6808",5197,5263,3933,-0.243217240715798
"6809","6809",2406,2464,2726,0.133000831255195
"6810","6810",7567,7245,5862,-0.225320470463856
"6811","6811",3672,3675,4888,0.331154684095861
"6812","6812",1562,1462,1261,-0.19270166453265
"19670","19670",1562,1462,1261,-0.19270166453265
"6813","6813",2068,2064,1697,-0.179400386847195
"6814","6814",9287,11902,10349,0.114353397221923
"6816","6816",4239,4067,4378,0.0327907525359755
"6817","6817",6020,6719,6052,0.0053156146179402
"6818","6818",2697,2744,2863,0.0615498702261772
"6819","6819",486,488,637,0.310699588477366
"6820","6820",3406,3469,3377,-0.0085143863769818
"6821","6821",3275,3275,3287,0.00366412213740458
"11789","11789",3275,3275,3287,0.00366412213740458
"6822","6822",4583,3832,2818,-0.385118917739472
"6823","6823",3749,3656,3630,-0.0317417978127501
"6824","6824",4982,5024,5067,0.0170614211160177
"6826","6826",6911,6848,6390,-0.075387064100709
"6827","6827",1053,832,834,-0.207977207977208
"6828","6828",1866,1866,2548,0.365487674169346
"6829","6829",2223,2203,2292,0.0310391363022942
"6830","6830",9341,9324,6981,-0.252649609249545
"6831","6831",3503,3378,3326,-0.0505281187553526
"6832","6832",737,746,2459,2.33649932157395
"6833","6833",2618,2671,2854,0.0901451489686784
"6834","6834",1915,1770,1885,-0.0156657963446475
"6835","6835",3821,3830,3722,-0.025909447788537
"6836","6836",2164,2134,2006,-0.0730129390018484
"6837","6837",3225,3416,3692,0.144806201550388
"11340","11340",3225,3416,3692,0.144806201550388
"6838","6838",1549,1552,1685,0.0877985797288573
"10991","10991",1549,1552,1685,0.0877985797288573
"6839","6839",3673,4003,4005,0.0903893275251838
"6840","6840",3117,3116,3009,-0.0346487006737247
"6841","6841",6121,6112,10092,0.648750204214998
"6842","6842",8079,8101,10651,0.318356232206956
"6843","6843",3988,3839,3994,0.00150451354062187
"6844","6844",3548,3548,3375,-0.0487598647125141
"6845","6845",2972,2972,2830,-0.0477792732166891
"6846","6846",1532,1120,1120,-0.268929503916449
"6847","6847",1970,1980,2128,0.0802030456852792
"6848","6848",3571,3571,3607,0.0100812097451694
"6849","6849",1922,2311,2165,0.126430801248699
"8456","8456",1922,2311,2165,0.126430801248699
"6850","6850",1861,1850,2395,0.286942504030091
"16966","16966",1861,1850,2395,0.286942504030091
"6852","6852",3677,3617,3552,-0.0339951047049225
"6853","6853",4160,4163,3642,-0.124519230769231
"6854","6854",2501,2870,2655,0.0615753698520592
"6855","6855",2719,2662,2687,-0.0117690327326223
"8912","8912",2719,2662,2687,-0.0117690327326223
"6856","6856",3747,3747,2747,-0.266880170803309
"6857","6857",4594,4594,4581,-0.00282977797126687
"6858","6858",3528,3093,3065,-0.131235827664399
"6860","6860",1049,1051,1102,0.0505243088655863
"6861","6861",3805,3652,3082,-0.190013140604468
"6862","6862",1271,1273,1269,-0.001573564122738
"6863","6863",3624,3638,3865,0.0665011037527594
"6864","6864",2094,2660,2089,-0.00238777459407832
"6865","6865",3548,3580,3681,0.0374859075535513
"6867","6867",6154,6154,4556,-0.259668508287293
"6868","6868",5762,5668,5720,-0.00728913571676501
"6869","6869",1189,1186,1303,0.095878889823381
"18840","18840",1189,1186,1303,0.095878889823381
"6870","6870",2726,2940,2212,-0.188554658840792
"6871","6871",1431,1336,1237,-0.135569531795947
"6872","6872",8341,8401,7390,-0.114015106102386
"6873","6873",1712,1712,2312,0.350467289719626
"8328","8328",1712,1712,2312,0.350467289719626
"9343","9343",1712,1712,2312,0.350467289719626
"19933","19933",1712,1712,2312,0.350467289719626
"6874","6874",3348,3634,3205,-0.0427120669056153
"6875","6875",9266,9758,8224,-0.112454133390891
"6876","6876",3000,2995,3008,0.00266666666666667
"6877","6877",9494,10353,7034,-0.259111017484727
"6878","6878",1712,1891,2697,0.57535046728972
"6881","6881",7925,8300,7881,-0.00555205047318612
"6882","6882",1190,1190,1183,-0.00588235294117647
"6883","6883",4512,4528,3685,-0.183289007092199
"6884","6884",3464,3464,2404,-0.306004618937644
"6885","6885",2926,2574,2688,-0.0813397129186603
"6886","6886",2420,2424,1406,-0.41900826446281
"6887","6887",3900,3973,3950,0.0128205128205128
"6888","6888",5837,5898,4569,-0.217234880931986
"19234","19234",5837,5898,4569,-0.217234880931986
"6889","6889",3693,3611,3585,-0.0292445166531275
"6890","6890",3829,3830,4031,0.0527552885870985
"6891","6891",9649,9615,9604,-0.00466369571976371
"6892","6892",1543,1520,1479,-0.0414776409591704
"6893","6893",1892,2365,2365,0.25
"6894","6894",4976,4976,4589,-0.0777733118971061
"6896","6896",3674,4476,3128,-0.148611867174741
"6897","6897",9108,8897,8190,-0.100790513833992
"6898","6898",6770,6831,6742,-0.00413589364844904
"6899","6899",4214,4215,4776,0.133364973896535
"6900","6900",4130,4203,3755,-0.0907990314769976
"6901","6901",1595,1595,1596,0.000626959247648903
"6902","6902",5436,4752,4910,-0.0967623252391464
"6903","6903",6260,6142,6036,-0.0357827476038339
"6904","6904",3665,3542,3630,-0.00954979536152797
"6905","6905",1135,1131,1140,0.00440528634361234
"6906","6906",2015,2013,1383,-0.313647642679901
"11566","11566",2015,2013,1383,-0.313647642679901
"6907","6907",3723,3733,4154,0.11576685468708
"6909","6909",3655,2964,2902,-0.206019151846785
"6910","6910",6135,5688,5631,-0.0821515892420538
"12133","12133",6135,5688,5631,-0.0821515892420538
"19073","19073",6135,5688,5631,-0.0821515892420538
"6911","6911",8220,7574,7476,-0.0905109489051095
"6912","6912",4329,4743,4149,-0.0415800415800416
"6913","6913",1539,1454,1594,0.0357374918778428
"6914","6914",6669,6903,6578,-0.01364522417154
"6915","6915",3397,3250,3213,-0.0541654400942008
"6916","6916",1844,1844,1977,0.0721258134490239
"6917","6917",3525,3443,4632,0.314042553191489
"6918","6918",10196,10347,9268,-0.0910160847391134
"6919","6919",3672,3162,3958,0.0778867102396514
"6920","6920",2352,2550,2595,0.103316326530612
"6921","6921",3308,3310,5261,0.590386940749698
"6922","6922",2585,2842,2478,-0.0413926499032882
"6923","6923",3637,3637,3688,0.0140225460544405
"6924","6924",3871,4553,3780,-0.0235081374321881
"6925","6925",957,960,928,-0.0303030303030303
"7137","7137",957,960,928,-0.0303030303030303
"6926","6926",5858,4653,4777,-0.184533970638443
"6927","6927",3128,2882,2530,-0.191176470588235
"6928","6928",4571,3215,3028,-0.337562896521549
"6929","6929",7396,7370,7362,-0.00459707950243375
"6930","6930",1378,1077,1234,-0.104499274310595
"14718","14718",1378,1077,1234,-0.104499274310595
"6931","6931",2941,2943,2895,-0.0156409384563074
"10775","10775",2941,2943,2895,-0.0156409384563074
"6932","6932",4282,4264,3096,-0.27697337692667
"6933","6933",2361,2362,3443,0.458280389665396
"11445","11445",2361,2362,3443,0.458280389665396
"6934","6934",9305,9299,7261,-0.219666845781838
"6935","6935",5219,5308,5586,0.070319984671393
"6936","6936",2471,1912,2036,-0.176042088223391
"6937","6937",2630,2534,2397,-0.0885931558935361
"6938","6938",5003,5036,4456,-0.109334399360384
"6939","6939",1394,1511,1450,0.0401721664275466
"9354","9354",1394,1511,1450,0.0401721664275466
"11609","11609",1394,1511,1450,0.0401721664275466
"17585","17585",1394,1511,1450,0.0401721664275466
"19574","19574",1394,1511,1450,0.0401721664275466
"6940","6940",8283,8838,8225,-0.0070022938548835
"6941","6941",1312,1306,1280,-0.024390243902439
"6942","6942",3117,3090,2724,-0.126082771896054
"6943","6943",2264,2125,2322,0.0256183745583039
"6944","6944",874,862,846,-0.0320366132723112
"7864","7864",874,862,846,-0.0320366132723112
"6946","6946",5266,5261,4465,-0.152107861754652
"6948","6948",4320,4314,4206,-0.0263888888888889
"6949","6949",4087,3990,3898,-0.0462441888916075
"6950","6950",2763,2760,2665,-0.0354686934491495
"6951","6951",3075,3075,3025,-0.016260162601626
"6952","6952",2460,2460,3368,0.369105691056911
"6953","6953",2953,3336,3332,0.128344056891297
"6954","6954",10582,10744,6813,-0.356170856170856
"6955","6955",2961,2823,2742,-0.0739614994934144
"6956","6956",3103,3527,2720,-0.12342893973574
"6957","6957",2484,2647,2474,-0.00402576489533011
"6958","6958",6951,6974,6920,-0.00445978995827938
"6959","6959",1699,1699,1668,-0.0182460270747499
"6960","6960",3805,3814,2743,-0.279106438896189
"6962","6962",2479,2458,1964,-0.207745058491327
"18433","18433",2479,2458,1964,-0.207745058491327
"6963","6963",4374,3841,3978,-0.0905349794238683
"6964","6964",3993,3926,3736,-0.0643626346105685
"6965","6965",6413,6384,6066,-0.054108841415874
"6966","6966",4868,5140,4470,-0.0817584223500411
"6967","6967",2187,1972,1927,-0.118884316415181
"12401","12401",2187,1972,1927,-0.118884316415181
"6968","6968",5361,5768,5312,-0.00914008580488715
"6969","6969",2540,2540,2510,-0.0118110236220472
"6970","6970",2034,1951,2054,0.00983284169124877
"6971","6971",5175,5178,5520,0.0666666666666667
"6972","6972",4703,4710,6386,0.357856687220923
"6973","6973",3741,4179,3220,-0.139267575514568
"6974","6974",2829,2733,2747,-0.0289855072463768
"14257","14257",2829,2733,2747,-0.0289855072463768
"6975","6975",2707,2847,2818,0.0410048023642409
"6976","6976",4096,4098,4593,0.121337890625
"6977","6977",6727,6604,6641,-0.0127843020663
"6978","6978",3847,4415,3619,-0.0592669612685209
"6979","6979",1689,2737,2952,0.747779751332149
"6980","6980",2790,2494,1743,-0.375268817204301
"6981","6981",8940,8614,10833,0.211744966442953
"6982","6982",2495,2483,2479,-0.00641282565130261
"6983","6983",7112,7238,6496,-0.0866141732283465
"6984","6984",3939,3937,3693,-0.0624523990860625
"6985","6985",6004,6272,5875,-0.0214856762158561
"6986","6986",3269,3574,3206,-0.019271948608137
"6988","6988",5010,5597,4775,-0.0469061876247505
"6989","6989",3535,3535,3303,-0.0656294200848656
"6990","6990",2806,2806,1712,-0.389878831076265
"6991","6991",5365,5403,5333,-0.0059645852749301
"6992","6992",3489,2822,2281,-0.346231011751218
"13072","13072",3489,2822,2281,-0.346231011751218
"6994","6994",2748,2899,2477,-0.0986171761280932
"13055","13055",2748,2899,2477,-0.0986171761280932
"13244","13244",2748,2899,2477,-0.0986171761280932
"6995","6995",4735,5543,5676,0.198732840549102
"6996","6996",2274,2277,1428,-0.372031662269129
"7277","7277",2274,2277,1428,-0.372031662269129
"19168","19168",2274,2277,1428,-0.372031662269129
"6997","6997",4907,4881,4865,-0.00855920114122682
"6998","6998",4935,5087,5029,0.019047619047619
"6999","6999",4813,4823,4975,0.0336588406399335
"7000","7000",5158,4969,2421,-0.530632027917798
"7001","7001",2195,2202,2480,0.129840546697039
"7002","7002",2910,2395,2232,-0.232989690721649
"7003","7003",2310,2382,2229,-0.0350649350649351
"7004","7004",2105,1315,1463,-0.304988123515439
"7005","7005",6537,5532,5419,-0.171026464739177
"7006","7006",1837,1836,1796,-0.0223189983669026
"7007","7007",3375,3414,2834,-0.160296296296296
"7009","7009",3359,3359,3027,-0.0988389401607621
"7010","7010",1406,1406,1873,0.332147937411095
"7011","7011",5865,5836,5985,0.020460358056266
"7012","7012",3049,3287,3430,0.124959002951787
"15858","15858",3049,3287,3430,0.124959002951787
"7014","7014",6704,6973,7020,0.0471360381861575
"7015","7015",7748,7721,7729,-0.00245224574083634
"7016","7016",1760,1760,1735,-0.0142045454545455
"7017","7017",3764,3660,3491,-0.072529224229543
"7018","7018",2714,2714,3725,0.372512896094326
"7019","7019",2840,2910,2616,-0.0788732394366197
"7020","7020",2062,2181,2081,0.00921435499515034
"7021","7021",4160,4159,4198,0.00913461538461539
"7022","7022",6411,6010,6159,-0.0393074403369209
"7023","7023",10336,10167,8951,-0.133997678018576
"7024","7024",3827,3912,3969,0.0371047818134309
"7025","7025",4262,4511,4413,0.0354293758798686
"7026","7026",2921,2921,2461,-0.15748031496063
"7027","7027",2398,2398,2170,-0.0950792326939116
"7028","7028",863,760,989,0.146002317497103
"7029","7029",2455,2450,2371,-0.0342158859470468
"7030","7030",2263,2267,2273,0.00441891294741494
"16857","16857",2263,2267,2273,0.00441891294741494
"7031","7031",2039,1914,1597,-0.216772927905836
"7032","7032",1486,1486,1757,0.182368775235532
"7033","7033",2338,2338,2056,-0.120615911035073
"7035","7035",1767,1770,1837,0.0396151669496321
"7036","7036",2033,2036,3275,0.61091982292179
"7037","7037",4126,4102,4199,0.0176926805622879
"7038","7038",4121,3909,4423,0.0732831836932783
"7039","7039",1949,1949,1526,-0.217034376603386
"7040","7040",5342,5359,4361,-0.183639086484463
"7041","7041",7858,8414,8523,0.0846271315856452
"7042","7042",1223,1223,1073,-0.122649223221586
"7043","7043",1731,1793,1766,0.0202195262853842
"7044","7044",8867,7916,7774,-0.123266042629976
"7045","7045",2078,2126,1974,-0.0500481231953802
"7915","7915",2078,2126,1974,-0.0500481231953802
"7046","7046",2022,1872,1946,-0.0375865479723047
"7047","7047",4514,4238,4683,0.037439078422685
"7048","7048",2473,2475,2563,0.0363930448847554
"7049","7049",3118,3107,3144,0.00833867864015394
"7050","7050",1043,852,921,-0.116970278044104
"7051","7051",2507,2507,2772,0.105704028719585
"7052","7052",1848,1838,1848,0
"7053","7053",2673,2673,2821,0.0553684998129443
"7055","7055",2401,2491,2281,-0.0499791753436068
"7056","7056",3171,3173,2782,-0.122674235257017
"7057","7057",8869,8733,8589,-0.0315706393054459
"7058","7058",3157,3137,3171,0.00443458980044346
"7059","7059",3245,3380,3361,0.0357473035439137
"7060","7060",8677,8667,7985,-0.0797510660366486
"7061","7061",3997,3988,4181,0.0460345258944208
"7062","7062",5697,5902,5906,0.0366859750746007
"7063","7063",6441,6318,6498,0.00884955752212389
"7064","7064",6310,6865,5683,-0.0993660855784469
"7065","7065",6326,6247,5673,-0.103224786595005
"7066","7066",2345,2202,2488,0.0609808102345416
"7067","7067",5297,5274,3677,-0.305833490655088
"7068","7068",4800,3781,4082,-0.149583333333333
"7069","7069",8400,8205,7687,-0.0848809523809524
"7070","7070",1622,1622,1616,-0.00369913686806412
"7071","7071",2313,2294,2491,0.0769563337656723
"7072","7072",3891,3969,3808,-0.021331277306605
"7073","7073",1441,1234,1235,-0.142956280360861
"7074","7074",3198,2993,2330,-0.271419637273296
"7075","7075",2843,2640,2461,-0.134365107281041
"7076","7076",4312,4522,4196,-0.0269016697588126
"7077","7077",1472,1474,1575,0.0699728260869565
"7078","7078",1760,1604,1713,-0.0267045454545455
"7079","7079",2608,2607,2091,-0.198236196319018
"7080","7080",1982,1992,1700,-0.142280524722503
"7081","7081",3044,2237,2234,-0.266097240473062
"7082","7082",5434,5242,4662,-0.142068457857932
"7083","7083",2829,2829,2853,0.00848356309650053
"7084","7084",3886,3957,3174,-0.183221821924858
"7085","7085",2879,2879,2571,-0.106981590830149
"7086","7086",853,833,923,0.082063305978898
"16603","16603",853,833,923,0.082063305978898
"7087","7087",2831,2787,2406,-0.150123631225715
"7088","7088",1903,1822,1841,-0.0325801366263794
"7089","7089",1188,1188,1813,0.526094276094276
"7090","7090",3090,3124,2929,-0.0521035598705502
"7091","7091",4783,4354,4398,-0.0804934141752039
"7092","7092",1962,1516,1667,-0.150356778797146
"7093","7093",2238,1871,2477,0.106791778373548
"11750","11750",2238,1871,2477,0.106791778373548
"7094","7094",2984,2872,2467,-0.173257372654156
"7095","7095",4133,4168,3265,-0.210016936849746
"7096","7096",2200,2200,2537,0.153181818181818
"7097","7097",2581,2351,2214,-0.142192948469585
"7098","7098",5658,6368,5534,-0.0219158713326264
"7099","7099",5162,5166,5061,-0.0195660596667958
"15596","15596",5162,5166,5061,-0.0195660596667958
"7100","7100",4478,4340,3894,-0.130415364001787
"7101","7101",5639,5938,11765,1.08636283028906
"7102","7102",2476,2574,2500,0.00969305331179321
"7103","7103",2671,2669,2401,-0.101085735679521
"7104","7104",2057,2049,2047,-0.00486144871171609
"7105","7105",2254,2257,2012,-0.107364685004437
"18578","18578",2254,2257,2012,-0.107364685004437
"7106","7106",6373,6370,6451,0.0122391338459124
"7107","7107",1314,1316,1261,-0.0403348554033486
"7108","7108",1748,1750,1758,0.005720823798627
"7109","7109",5816,5786,5555,-0.0448762035763411
"7110","7110",2915,2819,2670,-0.0840480274442539
"13702","13702",2915,2819,2670,-0.0840480274442539
"7112","7112",3246,3220,3117,-0.0397412199630314
"7113","7113",1684,1377,1842,0.0938242280285036
"7114","7114",2045,2039,1888,-0.0767726161369193
"7115","7115",1742,1741,1853,0.0637198622273249
"7116","7116",4718,4812,4803,0.0180161085205596
"7117","7117",2517,2517,2621,0.0413190305919746
"7118","7118",2519,2519,2181,-0.134180230250099
"7119","7119",5518,5526,5011,-0.0918811163465024
"7120","7120",10789,13673,11854,0.098711650755399
"7121","7121",2564,2564,1564,-0.390015600624025
"7122","7122",4438,4712,4663,0.0506985128436233
"7123","7123",1905,2117,2078,0.0908136482939633
"7124","7124",1652,1583,1787,0.0817191283292978
"7125","7125",1851,1924,2102,0.135602377093463
"12829","12829",1851,1924,2102,0.135602377093463
"7126","7126",6358,6212,5883,-0.0747090279962252
"7128","7128",6448,6266,5789,-0.10220223325062
"7129","7129",2939,2875,2963,0.00816604287172508
"7130","7130",3340,3339,3369,0.00868263473053892
"7131","7131",2279,2213,2334,0.0241333918385257
"7132","7132",2786,2689,2649,-0.0491744436468055
"8615","8615",2786,2689,2649,-0.0491744436468055
"7134","7134",2891,2713,2604,-0.099273607748184
"7135","7135",5102,4915,3703,-0.274206193649549
"7136","7136",1387,1387,1535,0.106705118961788
"7138","7138",4595,4107,4020,-0.125136017410229
"7139","7139",857,857,1204,0.4049008168028
"7140","7140",5019,5026,5105,0.0171348874277745
"7142","7142",717,720,828,0.154811715481172
"8973","8973",717,720,828,0.154811715481172
"7143","7143",3381,2896,2802,-0.171251109139308
"7144","7144",4876,4887,4720,-0.0319934372436423
"7146","7146",3246,2993,2861,-0.118607516943931
"7147","7147",2000,2063,1988,-0.006
"7786","7786",2000,2063,1988,-0.006
"7148","7148",2893,2896,2781,-0.0387141375734532
"7149","7149",10565,10871,8929,-0.154850922858495
"7150","7150",1677,1774,1680,0.00178890876565295
"7152","7152",3656,3552,3341,-0.0861597374179431
"19972","19972",3656,3552,3341,-0.0861597374179431
"7153","7153",2423,2418,2439,0.00660338423442014
"7154","7154",5619,5636,5267,-0.0626445986830397
"12238","12238",5619,5636,5267,-0.0626445986830397
"7155","7155",4761,4680,4681,-0.0168031926065953
"7156","7156",8955,9351,9007,0.00580681183696259
"7157","7157",1750,1647,1600,-0.0857142857142857
"7158","7158",3678,3689,3886,0.056552474170745
"7159","7159",4150,4156,4113,-0.00891566265060241
"7160","7160",1960,1960,1826,-0.0683673469387755
"7161","7161",6530,6643,5876,-0.100153139356815
"7162","7162",2809,2803,2672,-0.0487718049127803
"17237","17237",2809,2803,2672,-0.0487718049127803
"7163","7163",4347,4342,4254,-0.0213940648723257
"7164","7164",3738,3033,3164,-0.153558052434457
"7165","7165",3109,3109,2995,-0.0366677388227726
"7166","7166",1654,1756,1620,-0.0205562273276904
"7167","7167",1241,1241,1886,0.519742143432716
"7168","7168",6173,5876,4976,-0.193908958367082
"7169","7169",3788,3799,3794,0.00158394931362196
"7170","7170",5817,4832,5166,-0.111913357400722
"7171","7171",2454,2199,2217,-0.0965770171149144
"7172","7172",2358,2367,2608,0.106022052586938
"7173","7173",3748,3916,3763,0.00400213447171825
"7174","7174",3181,3255,3923,0.233259981138007
"7175","7175",1416,1414,1437,0.0148305084745763
"7176","7176",3982,4004,4217,0.0590155700652938
"7177","7177",3213,3206,2480,-0.228135698723934
"7178","7178",4194,3617,3597,-0.142346208869814
"7179","7179",5080,3478,2914,-0.426377952755906
"7180","7180",6951,6967,6609,-0.0492015537332758
"7181","7181",4308,4107,4403,0.0220519962859796
"7182","7182",5856,5789,6137,0.0479849726775956
"7183","7183",3157,3192,3308,0.0478302185619259
"7184","7184",5417,5347,4384,-0.190695957171866
"7185","7185",4300,6082,6062,0.409767441860465
"7186","7186",6229,6242,5844,-0.0618076737839139
"7187","7187",2650,2650,2380,-0.10188679245283
"7188","7188",3323,3293,3308,-0.00451399337947638
"7189","7189",3154,3157,3130,-0.00760938490805327
"7190","7190",5539,5473,5070,-0.0846723235241018
"7191","7191",902,909,744,-0.175166297117517
"7192","7192",1587,1702,1831,0.153749212350347
"7193","7193",4448,4085,3570,-0.197392086330935
"7195","7195",2577,2342,2008,-0.220799379123011
"7196","7196",2143,2143,2208,0.0303313112459169
"7197","7197",3976,4279,4429,0.113933601609658
"7198","7198",4211,4251,4665,0.107812871052007
"7199","7199",3782,3747,3162,-0.163934426229508
"10434","10434",3782,3747,3162,-0.163934426229508
"7200","7200",2520,2540,2546,0.0103174603174603
"7201","7201",3502,3601,3819,0.0905197030268418
"7202","7202",3289,2873,2865,-0.128914563697172
"7203","7203",1471,1331,1378,-0.0632222977566281
"7706","7706",1471,1331,1378,-0.0632222977566281
"11066","11066",1471,1331,1378,-0.0632222977566281
"7204","7204",1474,1998,1581,0.0725915875169607
"18355","18355",1474,1998,1581,0.0725915875169607
"7205","7205",8193,7921,8057,-0.01659953618943
"7206","7206",1508,1604,2041,0.353448275862069
"7207","7207",4497,3995,3154,-0.29864354013787
"7208","7208",12044,12937,9574,-0.205081368316174
"7209","7209",2835,2666,2707,-0.0451499118165785
"7210","7210",3809,3811,3984,0.0459438172748753
"7211","7211",1640,1648,2963,0.806707317073171
"11511","11511",1640,1648,2963,0.806707317073171
"7212","7212",4651,4503,4960,0.0664373253063857
"7213","7213",6823,6373,6349,-0.0694709072255606
"7214","7214",4764,4572,5121,0.0749370277078086
"14679","14679",4764,4572,5121,0.0749370277078086
"7215","7215",2255,2187,2228,-0.0119733924611973
"7217","7217",1709,1499,1997,0.168519602106495
"7218","7218",5927,6213,11141,0.879703053821495
"7219","7219",2079,2085,2048,-0.0149110149110149
"7220","7220",3499,3417,2912,-0.167762217776508
"7221","7221",5961,5958,4268,-0.284012749538668
"9480","9480",5961,5958,4268,-0.284012749538668
"7222","7222",7218,7256,5217,-0.277223607647548
"7223","7223",1046,982,1031,-0.01434034416826
"7224","7224",3968,3968,4026,0.014616935483871
"7225","7225",4738,5430,4993,0.0538201772899958
"7226","7226",2222,1946,2103,-0.0535553555355536
"18247","18247",2222,1946,2103,-0.0535553555355536
"7227","7227",9125,9083,9451,0.0357260273972603
"7228","7228",6476,5798,6222,-0.0392217418159358
"7230","7230",4752,4327,7503,0.578914141414141
"7231","7231",2079,2083,2051,-0.0134680134680135
"7232","7232",2713,3232,2445,-0.0987836343531146
"7233","7233",6269,6259,5321,-0.151220290317435
"7234","7234",2490,2490,2489,-0.000401606425702811
"7235","7235",3556,3446,3425,-0.0368391451068616
"7236","7236",2680,2587,2610,-0.0261194029850746
"7237","7237",2612,2621,2629,0.00650842266462481
"7238","7238",3963,3654,4019,0.0141307090587938
"7240","7240",2058,1999,2323,0.128765792031098
"7241","7241",1577,1435,1441,-0.0862396956246037
"7242","7242",5273,4816,5441,0.0318604210127062
"7243","7243",5647,5953,5188,-0.0812820966885072
"7244","7244",3351,3342,3507,0.0465532676812892
"7245","7245",5312,4367,4399,-0.171875
"7246","7246",2573,2576,2300,-0.106101826661485
"7247","7247",3467,3467,2420,-0.301990193250649
"7248","7248",1306,1310,1345,0.0298621745788668
"7249","7249",2920,2822,2836,-0.0287671232876712
"7251","7251",5496,5323,3906,-0.289301310043668
"7252","7252",13226,13166,12547,-0.0513382730984425
"7254","7254",2912,3194,3521,0.209134615384615
"7255","7255",2974,2807,2862,-0.0376597175521184
"7256","7256",4712,4478,3182,-0.324702886247878
"7257","7257",4501,4951,4803,0.0670962008442568
"7260","7260",9769,10290,7213,-0.261643975841949
"7261","7261",1189,1112,1171,-0.0151387720773759
"7262","7262",1644,2007,1570,-0.0450121654501217
"7263","7263",2759,2702,2708,-0.0184849583182312
"7264","7264",2979,3170,3136,0.0527022490768714
"7265","7265",6352,6233,7564,0.19080604534005
"7266","7266",1686,1687,1757,0.0421115065243179
"7267","7267",5169,5050,5365,0.0379183594505707
"7268","7268",1991,1991,1856,-0.0678051230537418
"7269","7269",2111,3443,2183,0.0341070582662245
"7270","7270",5859,5912,5755,-0.0177504693633726
"7271","7271",3965,3685,4023,0.0146279949558638
"7272","7272",4304,4302,4887,0.135455390334572
"7273","7273",1458,1458,1460,0.00137174211248285
"7274","7274",4478,4615,4659,0.0404198302813756
"7276","7276",2728,2788,2794,0.0241935483870968
"7278","7278",5589,5471,6998,0.252102343889783
"7279","7279",6113,6118,5464,-0.106167184688369
"7280","7280",2163,2065,2023,-0.0647249190938511
"7282","7282",4863,5074,4749,-0.0234423195558297
"7283","7283",2818,2813,2940,0.0432931156848829
"12078","12078",2818,2813,2940,0.0432931156848829
"7284","7284",8447,8633,8311,-0.0161003906712442
"7285","7285",3117,3087,3413,0.0949631055502085
"7286","7286",5390,5294,7300,0.354359925788497
"7287","7287",2158,2158,2158,0
"7288","7288",9657,10341,6312,-0.346380863622243
"7289","7289",1644,1841,979,-0.404501216545012
"7290","7290",4412,4397,4468,0.0126926563916591
"7291","7291",3899,3779,4105,0.0528340600153886
"7292","7292",2416,2477,2669,0.104718543046358
"11620","11620",2416,2477,2669,0.104718543046358
"7293","7293",3839,3459,3441,-0.103672831466528
"7294","7294",1715,1513,1503,-0.123615160349854
"7295","7295",5933,5988,7700,0.297825720546098
"7296","7296",1299,1244,1244,-0.0423402617397998
"7297","7297",4403,7300,6523,0.481489893254599
"7298","7298",5118,5412,4851,-0.052168815943728
"7299","7299",7081,7069,6236,-0.119333427481994
"7300","7300",5302,6107,5355,0.00999622783855149
"7301","7301",6984,6724,6781,-0.0290664375715922
"7302","7302",3621,3588,3542,-0.0218171775752555
"7303","7303",3919,3940,3755,-0.0418474100535851
"7304","7304",1880,1719,1766,-0.0606382978723404
"7305","7305",3364,3367,3791,0.126932223543401
"7306","7306",4763,4769,5123,0.0755826159983204
"7308","7308",3270,3216,3274,0.00122324159021407
"7309","7309",1133,1134,1146,0.0114739629302736
"7310","7310",2625,2605,2670,0.0171428571428571
"7311","7311",11044,11559,11611,0.0513400941687794
"7312","7312",1303,1303,1327,0.0184190330007675
"7313","7313",4445,4468,4163,-0.0634420697412823
"7314","7314",2227,2041,2038,-0.0848675348001796
"7315","7315",4672,4338,4458,-0.0458047945205479
"8613","8613",4672,4338,4458,-0.0458047945205479
"7316","7316",3624,3571,4080,0.125827814569536
"7317","7317",2724,2700,2970,0.0903083700440529
"7318","7318",1291,1272,1408,0.0906274206041828
"11833","11833",1291,1272,1408,0.0906274206041828
"7319","7319",2237,2503,2299,0.0277156906571301
"7320","7320",5138,5149,4401,-0.143441027637213
"7321","7321",2137,2166,2053,-0.0393074403369209
"8747","8747",2137,2166,2053,-0.0393074403369209
"12600","12600",2137,2166,2053,-0.0393074403369209
"18424","18424",2137,2166,2053,-0.0393074403369209
"18700","18700",2137,2166,2053,-0.0393074403369209
"7323","7323",1894,1893,1891,-0.00158394931362196
"7324","7324",1478,1470,1433,-0.030446549391069
"7325","7325",4824,4827,4604,-0.0456053067993367
"7326","7326",5733,5393,5644,-0.0155241583813012
"7327","7327",2532,2532,2659,0.0501579778830964
"7328","7328",3443,3444,3266,-0.0514086552425211
"7329","7329",1704,1704,1682,-0.0129107981220657
"7330","7330",2734,4148,4639,0.696781272860278
"7331","7331",2775,2777,2433,-0.123243243243243
"7332","7332",1699,1590,1360,-0.199529134785168
"7333","7333",1182,1182,888,-0.248730964467005
"7334","7334",2254,2202,2018,-0.104702750665484
"7335","7335",6997,8021,7700,0.100471630698871
"7336","7336",1298,1141,1209,-0.0685670261941448
"7337","7337",8707,10090,10086,0.158378316297232
"7338","7338",8152,8163,8255,0.0126349362119725
"7339","7339",7094,8085,6795,-0.0421482943332394
"7340","7340",4012,3832,3105,-0.226071784646062
"7341","7341",3863,3884,4065,0.0522909655707999
"7342","7342",6587,6317,5600,-0.149840595111583
"7343","7343",2733,2735,2838,0.0384193194291987
"7344","7344",2003,2056,1991,-0.00599101347978033
"7345","7345",1158,1158,1160,0.00172711571675302
"8154","8154",1158,1158,1160,0.00172711571675302
"7347","7347",1667,1667,1668,0.000599880023995201
"7348","7348",3208,3142,3185,-0.00716957605985037
"7349","7349",2220,2223,2536,0.142342342342342
"7350","7350",2968,2852,2794,-0.0586253369272237
"7351","7351",3344,3327,3389,0.0134569377990431
"7352","7352",2118,2118,2505,0.18271954674221
"7353","7353",2898,2898,2900,0.000690131124913734
"7354","7354",2890,2869,2679,-0.0730103806228374
"18965","18965",2890,2869,2679,-0.0730103806228374
"7355","7355",1320,1313,1354,0.0257575757575758
"7356","7356",1634,1634,1971,0.2062423500612
"7357","7357",3426,3426,3067,-0.104786923525978
"7358","7358",7514,7207,9187,0.222651051370775
"7359","7359",2197,1979,2357,0.0728265817023213
"16971","16971",2197,1979,2357,0.0728265817023213
"7360","7360",2375,2331,2523,0.0623157894736842
"7361","7361",3362,3917,2985,-0.112135633551457
"7363","7363",2902,2772,3084,0.0627153687112336
"7364","7364",3406,3214,2792,-0.180270111567821
"7365","7365",2069,2069,2139,0.0338327694538424
"7366","7366",1382,1370,1206,-0.127351664254703
"14464","14464",1382,1370,1206,-0.127351664254703
"7367","7367",1917,1919,1899,-0.00938967136150235
"7368","7368",2637,3190,3124,0.184679560106181
"7369","7369",3795,3772,3780,-0.00395256916996047
"7370","7370",4215,4090,4003,-0.0502965599051008
"7372","7372",3054,3272,3071,0.00556647020301244
"7373","7373",2500,2500,2498,-8e-04
"7374","7374",2315,2315,3511,0.516630669546436
"7375","7375",1855,1888,1701,-0.0830188679245283
"7376","7376",7876,7902,5262,-0.33189436262062
"7377","7377",3251,3241,2693,-0.171639495539834
"7379","7379",2315,2317,2263,-0.0224622030237581
"7380","7380",5743,5609,4407,-0.232631029078879
"15294","15294",5743,5609,4407,-0.232631029078879
"7381","7381",2314,2342,3321,0.435177182368194
"7382","7382",4461,4461,4718,0.0576104012553239
"7383","7383",4598,3895,3738,-0.187037842540235
"7384","7384",3289,3289,3289,0
"7385","7385",886,880,908,0.0248306997742664
"7386","7386",2334,2337,2643,0.132390745501285
"7387","7387",1925,1767,1738,-0.0971428571428571
"7388","7388",9328,7875,6372,-0.316895368782161
"7389","7389",2547,2626,2534,-0.00510404397330192
"7390","7390",3544,3535,4044,0.141083521444695
"7391","7391",2478,2478,4139,0.670298627925747
"7392","7392",5498,5448,4453,-0.190069116042197
"7393","7393",4523,4775,4157,-0.0809197435330533
"7394","7394",4048,3937,4287,0.0590415019762846
"7395","7395",3813,3933,3637,-0.046157880933648
"7396","7396",2021,2021,2565,0.269173676397823
"13063","13063",2021,2021,2565,0.269173676397823
"7397","7397",9834,10141,7553,-0.231950376245678
"7398","7398",3282,2942,5049,0.538391224862888
"7399","7399",2495,2429,2480,-0.00601202404809619
"7400","7400",4945,4702,4713,-0.0469160768452983
"7401","7401",3050,2481,2783,-0.0875409836065574
"7402","7402",3438,3222,3109,-0.095695171611402
"7403","7403",1916,1779,1767,-0.0777661795407098
"7404","7404",8402,8315,6204,-0.261604379909545
"7405","7405",1472,1495,1362,-0.0747282608695652
"7406","7406",3808,3918,3868,0.0157563025210084
"7407","7407",6441,6610,5856,-0.0908244061481136
"7408","7408",3019,3023,2680,-0.112288837363365
"7409","7409",3990,4308,2712,-0.320300751879699
"7410","7410",2029,1986,1830,-0.0980778708723509
"7411","7411",2215,1940,1979,-0.106546275395034
"13489","13489",2215,1940,1979,-0.106546275395034
"7412","7412",2276,2275,2188,-0.0386643233743409
"7413","7413",2828,3652,3599,0.272630834512023
"7414","7414",1089,1048,947,-0.130394857667585
"7416","7416",6831,8023,7772,0.13775435514566
"7418","7418",4140,3946,3656,-0.116908212560386
"7420","7420",4702,4427,4294,-0.0867715865589111
"7421","7421",6735,9897,8842,0.312843355605048
"7422","7422",9165,9129,9033,-0.0144026186579378
"7423","7423",3971,3680,3722,-0.0627046084109796
"7425","7425",5300,5853,5497,0.0371698113207547
"7426","7426",7300,5876,6169,-0.154931506849315
"7427","7427",3795,3791,3780,-0.00395256916996047
"7428","7428",1104,1065,1058,-0.0416666666666667
"12734","12734",1104,1065,1058,-0.0416666666666667
"7429","7429",3294,3292,3104,-0.0576806314511233
"7430","7430",2879,2912,3270,0.13581104550191
"13606","13606",2879,2912,3270,0.13581104550191
"7432","7432",1760,1925,1702,-0.0329545454545455
"7433","7433",2210,2242,2223,0.00588235294117647
"7434","7434",4088,3901,3876,-0.0518590998043053
"7435","7435",5392,5090,4915,-0.0884643916913947
"8887","8887",5392,5090,4915,-0.0884643916913947
"7436","7436",2713,2716,2797,0.0309620346479912
"7438","7438",6308,6122,5939,-0.0584971464806595
"7440","7440",7638,7719,7076,-0.073579471065724
"7441","7441",4866,4866,4532,-0.0686395396629675
"7442","7442",2277,2241,2380,0.0452349582784365
"7443","7443",4133,4130,4039,-0.0227437696588435
"7444","7444",3762,3979,3992,0.0611376927166401
"7445","7445",3815,3838,3300,-0.134993446920052
"7446","7446",2390,2283,2268,-0.0510460251046025
"7447","7447",3349,3349,3488,0.041504926843834
"7448","7448",7805,8389,6350,-0.186418962203716
"7449","7449",8557,8861,8617,0.0070118032020568
"7450","7450",4492,4471,4493,0.000222617987533393
"7451","7451",4009,4051,4326,0.0790720878024445
"7452","7452",2226,2701,2652,0.191374663072776
"7453","7453",2398,2065,2142,-0.10675562969141
"7454","7454",4527,4537,4008,-0.114645460569914
"7455","7455",2446,2325,2245,-0.0821749795584628
"7456","7456",1843,1738,1741,-0.0553445469343462
"14910","14910",1843,1738,1741,-0.0553445469343462
"7457","7457",1279,1279,1258,-0.016419077404222
"7459","7459",6051,6034,6552,0.082796232027764
"7460","7460",6827,6248,5545,-0.187783799619159
"7461","7461",3118,3118,3343,0.0721616420782553
"7462","7462",3320,3367,3336,0.00481927710843374
"7463","7463",2536,2642,2394,-0.055993690851735
"7464","7464",9976,10438,9662,-0.0314755412991179
"7465","7465",1525,1513,1511,-0.00918032786885246
"7466","7466",1028,1028,1397,0.358949416342412
"7467","7467",5273,5602,5395,0.0231367343068462
"7468","7468",4428,4428,3432,-0.224932249322493
"7469","7469",5073,5061,4836,-0.0467179183914843
"7470","7470",3695,3691,3493,-0.0546684709066306
"7472","7472",2501,2501,2657,0.062375049980008
"7473","7473",2512,2447,2827,0.125398089171975
"14920","14920",2512,2447,2827,0.125398089171975
"7474","7474",1307,1319,1780,0.361897475133894
"7475","7475",2776,2776,2745,-0.0111671469740634
"7476","7476",2058,2045,2337,0.135568513119534
"7477","7477",2241,2233,2283,0.0187416331994645
"7478","7478",3490,2426,2524,-0.276790830945559
"7479","7479",4025,3614,3635,-0.0968944099378882
"7480","7480",2040,2169,2169,0.0632352941176471
"7481","7481",1966,2023,1962,-0.00203458799593082
"7482","7482",2887,2944,2938,0.0176653966054728
"16927","16927",2887,2944,2938,0.0176653966054728
"7483","7483",1810,1805,1796,-0.00773480662983425
"15633","15633",1810,1805,1796,-0.00773480662983425
"7484","7484",2114,2112,2056,-0.0274361400189215
"7485","7485",4143,4134,7899,0.90658942795076
"7486","7486",5073,4252,4243,-0.16361127537946
"7487","7487",3453,3469,3185,-0.0776136692730959
"7488","7488",5140,5137,3943,-0.232879377431907
"7489","7489",3915,3873,2133,-0.455172413793103
"7490","7490",1481,1481,1462,-0.012829169480081
"7491","7491",1578,1569,1434,-0.091254752851711
"7492","7492",4585,4276,4271,-0.068484187568157
"7493","7493",1540,1558,1455,-0.0551948051948052
"7494","7494",5503,5506,5557,0.00981282936580047
"7495","7495",7254,7232,7018,-0.0325337744692583
"7497","7497",4468,5159,4313,-0.0346911369740376
"7498","7498",1967,1964,2005,0.0193187595322827
"7499","7499",4002,3997,3352,-0.162418790604698
"7500","7500",2598,2659,2694,0.0369515011547344
"7501","7501",1324,1324,1505,0.136706948640483
"7502","7502",3853,3813,3505,-0.0903192317674539
"7504","7504",4488,4488,4852,0.0811051693404635
"7505","7505",2189,2189,2271,0.0374600274097762
"17003","17003",2189,2189,2271,0.0374600274097762
"7506","7506",7593,8033,7674,0.0106677202686685
"7507","7507",3502,3502,3703,0.057395773843518
"7508","7508",6531,6540,5914,-0.0944725156943806
"7509","7509",1751,1760,1691,-0.0342661336379212
"7510","7510",13154,12527,12767,-0.0294207085297248
"7511","7511",11087,12676,9727,-0.122666185622801
"7512","7512",3478,3446,3359,-0.0342150661299597
"7513","7513",2547,2540,2677,0.0510404397330192
"7514","7514",2422,2757,2489,0.02766308835673
"7515","7515",2663,2671,2960,0.11152835148329
"7516","7516",1985,1984,1938,-0.0236775818639798
"7518","7518",3699,4292,4020,0.0867802108678021
"7519","7519",7655,7815,8043,0.0506858262573481
"7521","7521",1913,1819,1872,-0.0214323052796654
"7522","7522",3335,3073,3292,-0.0128935532233883
"7523","7523",3320,3310,2743,-0.173795180722892
"7524","7524",6222,6226,6129,-0.014946962391514
"7525","7525",1158,1061,983,-0.151122625215889
"7526","7526",1299,1275,1362,0.0484988452655889
"7527","7527",5119,5159,4602,-0.100996288337566
"7528","7528",2745,2746,1926,-0.298360655737705
"7530","7530",2037,1823,1518,-0.254786450662739
"7531","7531",1327,1739,1380,0.039939713639789
"7532","7532",6464,5354,5400,-0.16460396039604
"7533","7533",3991,3610,3481,-0.12778752192433
"7535","7535",3744,4037,3768,0.00641025641025641
"19178","19178",3744,4037,3768,0.00641025641025641
"7536","7536",4974,4974,6221,0.25070365902694
"7537","7537",4400,4244,6156,0.399090909090909
"7538","7538",3025,3224,2919,-0.0350413223140496
"7539","7539",2258,2258,1985,-0.120903454384411
"7540","7540",4034,4023,3779,-0.0632126921170054
"7541","7541",4465,3485,3424,-0.233146696528555
"7542","7542",3710,3699,3350,-0.0970350404312668
"7543","7543",3584,3588,3265,-0.0890066964285714
"7544","7544",4730,4675,4483,-0.0522198731501057
"7545","7545",4193,4299,4166,-0.00643930360124016
"7546","7546",6098,6107,5999,-0.0162348310921614
"7547","7547",3058,3118,3142,0.0274689339437541
"7548","7548",2278,2268,3010,0.321334503950834
"7549","7549",3127,3126,3128,0.000319795330988168
"7550","7550",2609,2645,2737,0.0490609428899962
"8676","8676",2609,2645,2737,0.0490609428899962
"7551","7551",1848,1853,1871,0.0124458874458874
"7552","7552",2914,2918,2921,0.00240219629375429
"7553","7553",2892,3142,3250,0.123789764868603
"7554","7554",1953,1908,1897,-0.028673835125448
"7555","7555",1875,1917,1734,-0.0752
"7556","7556",1617,1831,1845,0.14100185528757
"7557","7557",5573,4623,3929,-0.294993719720079
"15610","15610",5573,4623,3929,-0.294993719720079
"7558","7558",6802,9739,8637,0.269773596001176
"7559","7559",6800,7222,7362,0.0826470588235294
"7560","7560",3996,4008,3565,-0.107857857857858
"7561","7561",3042,2216,2202,-0.276134122287968
"7562","7562",1821,1753,1763,-0.0318506315211422
"7563","7563",1477,1477,1259,-0.147596479350034
"7564","7564",1938,1922,2256,0.164086687306502
"7565","7565",5739,5706,5621,-0.0205610733577278
"7566","7566",4680,4768,4790,0.0235042735042735
"7567","7567",1059,1059,1076,0.016052880075543
"19062","19062",1059,1059,1076,0.016052880075543
"7569","7569",4295,4200,4052,-0.0565774155995343
"7570","7570",1485,1539,1481,-0.00269360269360269
"7571","7571",2826,2731,2757,-0.024416135881104
"7572","7572",5254,5250,5541,0.0546250475827941
"7573","7573",2971,3050,3148,0.0595759003702457
"7574","7574",4660,4914,4759,0.021244635193133
"7575","7575",7365,7345,6495,-0.118126272912424
"7576","7576",2162,2161,2008,-0.0712303422756707
"17476","17476",2162,2161,2008,-0.0712303422756707
"7577","7577",1219,1222,833,-0.316652994257588
"7578","7578",4517,4464,4153,-0.0805844587115342
"7580","7580",4740,3729,3976,-0.161181434599156
"7581","7581",5662,5605,5425,-0.0418580007064641
"7582","7582",3476,3168,3788,0.0897583429228999
"7583","7583",6712,6868,6489,-0.0332240762812872
"7584","7584",2394,2587,2584,0.0793650793650794
"7585","7585",3224,4097,4070,0.262406947890819
"7586","7586",8086,8311,7554,-0.0657927281721494
"7587","7587",2711,2737,2731,0.00737735153080044
"7588","7588",8431,8398,4681,-0.444787095243743
"7590","7590",5022,5041,4217,-0.160294703305456
"7591","7591",3953,3953,2624,-0.336200354161396
"7593","7593",3946,3947,3953,0.00177394830207805
"7594","7594",3350,3528,3676,0.0973134328358209
"7595","7595",6598,7301,6745,0.0222794786298878
"7596","7596",4874,3763,3539,-0.273902338941321
"7597","7597",4646,4210,4632,-0.00301334481274214
"7598","7598",2026,1915,1991,-0.0172754195459033
"7599","7599",1505,1506,994,-0.33953488372093
"7600","7600",4778,4948,4455,-0.0676015069066555
"7601","7601",8828,9140,8579,-0.0282057091073856
"7602","7602",3509,3726,3845,0.0957537760045597
"7603","7603",2432,2425,2736,0.125
"18653","18653",2432,2425,2736,0.125
"7605","7605",12256,11354,10587,-0.13617819843342
"7606","7606",4377,4375,3971,-0.0927575965273018
"7607","7607",1952,1952,1826,-0.0645491803278689
"7608","7608",2729,2652,2629,-0.0366434591425431
"8527","8527",2729,2652,2629,-0.0366434591425431
"9085","9085",2729,2652,2629,-0.0366434591425431
"14936","14936",2729,2652,2629,-0.0366434591425431
"7609","7609",4491,4535,4666,0.0389668225339568
"7610","7610",4867,4862,4501,-0.0752003287446065
"7611","7611",3198,3212,3188,-0.00312695434646654
"7612","7612",2504,2523,2431,-0.0291533546325879
"7613","7613",1854,1854,1853,-0.000539374325782093
"7614","7614",4177,4178,4208,0.00742159444577448
"7615","7615",1976,2311,2114,0.069838056680162
"17287","17287",1976,2311,2114,0.069838056680162
"7616","7616",9257,9468,7974,-0.13859781786756
"7617","7617",1959,1998,1887,-0.0367534456355283
"7618","7618",4854,4937,5262,0.0840543881334982
"7619","7619",2904,2804,2585,-0.109848484848485
"7620","7620",3137,3074,3478,0.108702582084794
"7621","7621",4823,5064,4335,-0.101181837030894
"7622","7622",3083,2808,1959,-0.364579954589685
"7623","7623",2703,3077,3289,0.216796152423233
"7624","7624",3722,3340,3183,-0.144814615797958
"7625","7625",1020,899,958,-0.0607843137254902
"7626","7626",5502,5458,5176,-0.059251181388586
"7627","7627",6604,6895,6882,0.0420956995760145
"7628","7628",3517,3256,3154,-0.103212965595678
"7630","7630",3441,3426,3126,-0.0915431560592851
"7631","7631",2115,2115,1886,-0.108274231678487
"7632","7632",2416,2333,2499,0.0343543046357616
"7633","7633",3081,3177,3131,0.0162284972411555
"7634","7634",3655,3858,2799,-0.234199726402189
"7635","7635",3994,4023,3644,-0.0876314471707561
"7636","7636",3076,3406,3187,0.0360858257477243
"7640","7640",8806,7249,7405,-0.159096070860777
"7642","7642",2045,2045,1976,-0.0337408312958435
"10260","10260",2045,2045,1976,-0.0337408312958435
"7643","7643",3677,3627,3621,-0.0152298069078053
"7644","7644",3940,3686,3379,-0.14238578680203
"7645","7645",3198,3148,3309,0.0347091932457786
"7646","7646",2828,2770,2448,-0.134370579915134
"13939","13939",2828,2770,2448,-0.134370579915134
"7647","7647",1563,1510,1466,-0.0620601407549584
"7648","7648",2950,2809,2701,-0.084406779661017
"7649","7649",3356,3347,3086,-0.0804529201430274
"7650","7650",2461,2448,2464,0.00121901665989435
"7651","7651",4462,4455,4133,-0.0737337516808606
"7652","7652",1861,2031,1432,-0.23052122514777
"7653","7653",2729,2797,2614,-0.0421399780139245
"7654","7654",2206,1868,1901,-0.138259292837715
"10197","10197",2206,1868,1901,-0.138259292837715
"14117","14117",2206,1868,1901,-0.138259292837715
"7655","7655",3663,3665,3605,-0.0158340158340158
"7656","7656",3040,2818,2552,-0.160526315789474
"7657","7657",1176,899,979,-0.167517006802721
"7658","7658",6966,6877,6378,-0.0844099913867356
"7659","7659",4825,4826,4279,-0.113160621761658
"7660","7660",9560,9556,7662,-0.198535564853556
"7661","7661",2005,1988,1985,-0.00997506234413965
"7662","7662",5012,4982,5184,0.034317637669593
"7663","7663",2574,2566,2212,-0.140637140637141
"7664","7664",4163,4164,4169,0.00144126831611818
"7665","7665",2223,2247,2203,-0.00899685110211426
"7666","7666",5373,5388,4332,-0.193746510329425
"7667","7667",11178,11149,10836,-0.0305958132045089
"7668","7668",7261,6222,5890,-0.188816967359868
"7669","7669",5908,5932,6207,0.0506093432633717
"7670","7670",5137,4982,3967,-0.22775939264162
"17798","17798",5137,4982,3967,-0.22775939264162
"7671","7671",5955,6180,4651,-0.218975650713686
"7672","7672",8681,8722,8759,0.00898513996083401
"7673","7673",7695,7869,6244,-0.18856400259909
"7674","7674",5389,5377,4271,-0.207459640007423
"7675","7675",3294,3294,3471,0.0537340619307832
"7676","7676",1229,1231,1219,-0.0081366965012205
"7678","7678",1658,1936,1323,-0.20205066344994
"7679","7679",3439,3439,3135,-0.0883977900552486
"7680","7680",1296,1106,1115,-0.139660493827161
"7681","7681",8442,8526,8557,0.013622364368633
"7682","7682",4304,4308,3564,-0.171933085501859
"7683","7683",6905,7043,7133,0.0330195510499638
"7684","7684",5189,5031,5004,-0.0356523414916169
"7685","7685",4496,4464,5265,0.171040925266904
"7686","7686",14007,14051,12497,-0.107803241236525
"7687","7687",2942,2830,2840,-0.0346702923181509
"7688","7688",2266,2293,2281,0.00661959399823478
"7689","7689",5508,5711,5764,0.046477850399419
"7690","7690",2424,2542,2445,0.00866336633663366
"7691","7691",10573,10541,7917,-0.251205901825404
"7692","7692",4402,4123,4158,-0.0554293502953203
"7693","7693",2311,2761,2744,0.187364777152748
"12865","12865",2311,2761,2744,0.187364777152748
"7694","7694",2215,2229,2214,-0.000451467268623025
"7695","7695",7453,6832,8157,0.0944586072722394
"7696","7696",2477,2463,2434,-0.0173597093257973
"7698","7698",912,914,1038,0.138157894736842
"7700","7700",3029,3702,2737,-0.0964014526246286
"7701","7701",2449,2355,2242,-0.0845242956308697
"7702","7702",1450,1592,1338,-0.0772413793103448
"7703","7703",3261,2655,3296,0.0107329040171726
"7704","7704",9575,10094,9300,-0.0287206266318538
"7705","7705",6263,6820,7073,0.129330991537602
"7707","7707",7168,7244,6865,-0.0422712053571429
"7708","7708",3620,3311,3306,-0.0867403314917127
"7709","7709",6792,6581,6029,-0.112338044758539
"7710","7710",2683,2671,2463,-0.0819977636973537
"7711","7711",3125,2730,2602,-0.16736
"7712","7712",1338,1253,1270,-0.0508221225710015
"7713","7713",1455,1458,1558,0.0707903780068729
"9339","9339",1455,1458,1558,0.0707903780068729
"7714","7714",3797,3035,3032,-0.201474848564656
"7715","7715",5066,5073,5213,0.0290169759178839
"7716","7716",3418,3816,3198,-0.0643651258045641
"7717","7717",2841,2880,2765,-0.0267511439633932
"7718","7718",3610,3482,3464,-0.0404432132963989
"7719","7719",3126,3126,3164,0.0121561100447857
"7720","7720",1624,1625,1500,-0.0763546798029557
"7721","7721",3396,3400,3179,-0.0638987043580683
"7722","7722",2362,2181,2301,-0.0258255715495343
"7723","7723",2052,1955,2054,0.000974658869395711
"17226","17226",2052,1955,2054,0.000974658869395711
"7724","7724",1147,1147,1147,0
"17108","17108",1147,1147,1147,0
"7725","7725",2887,2887,2886,-0.000346380325597506
"7726","7726",2540,2540,2541,0.000393700787401575
"7727","7727",1612,1559,1753,0.087468982630273
"7728","7728",1226,1110,1100,-0.102773246329527
"7729","7729",5015,4686,3721,-0.2580259222333
"10147","10147",5015,4686,3721,-0.2580259222333
"7730","7730",13083,13317,12931,-0.0116181303982267
"7731","7731",6003,5704,5614,-0.0648009328668999
"7732","7732",966,962,1253,0.297101449275362
"7733","7733",5684,5688,5698,0.00246305418719212
"7734","7734",6359,6359,5081,-0.200974996068564
"7735","7735",3024,3010,2927,-0.0320767195767196
"7736","7736",5934,5985,6418,0.0815638692281766
"7737","7737",3008,3137,2876,-0.0438829787234043
"7738","7738",2755,2755,3074,0.115789473684211
"8645","8645",2755,2755,3074,0.115789473684211
"7739","7739",4536,4509,4879,0.0756172839506173
"7740","7740",1934,1945,1974,0.0206825232678387
"7741","7741",1828,1829,2096,0.146608315098468
"7742","7742",7592,7199,7723,0.0172550052687039
"7743","7743",2101,2240,2007,-0.0447405997144217
"7744","7744",2117,2117,2125,0.00377893245158243
"7745","7745",1792,1652,1653,-0.0775669642857143
"7746","7746",5029,5039,4404,-0.12427918075164
"7747","7747",4876,4817,4824,-0.0106644790812141
"7748","7748",1643,1637,1528,-0.0699939135727328
"14708","14708",1643,1637,1528,-0.0699939135727328
"7749","7749",2854,2854,2870,0.00560616678346181
"7751","7751",3001,3004,3118,0.0389870043318894
"7752","7752",3699,3581,3475,-0.0605569072722357
"7753","7753",3954,5392,3783,-0.043247344461305
"7754","7754",5327,5150,5458,0.0245917026468932
"7755","7755",977,874,865,-0.114636642784033
"10250","10250",977,874,865,-0.114636642784033
"18089","18089",977,874,865,-0.114636642784033
"19218","19218",977,874,865,-0.114636642784033
"7756","7756",3077,3137,3277,0.064998375040624
"7758","7758",2927,2926,2764,-0.0556884181756064
"7759","7759",2849,2852,4091,0.435942435942436
"7760","7760",2353,2352,2860,0.215469613259669
"7761","7761",3902,3421,2835,-0.27344951307022
"7762","7762",4443,4423,3978,-0.104659014179608
"7763","7763",1998,1784,1748,-0.125125125125125
"7764","7764",2367,2376,2378,0.00464723278411491
"7765","7765",3356,3455,3277,-0.0235399284862932
"7766","7766",1547,1446,1446,-0.0652876535229476
"7767","7767",4735,4735,3409,-0.280042238648363
"7768","7768",3176,2939,3432,0.0806045340050378
"7769","7769",1910,1906,1984,0.0387434554973822
"8696","8696",1910,1906,1984,0.0387434554973822
"7770","7770",1483,1208,1168,-0.212407282535401
"17627","17627",1483,1208,1168,-0.212407282535401
"7771","7771",1786,1897,1340,-0.249720044792833
"7772","7772",10109,10270,8889,-0.120684538530023
"7773","7773",3945,3636,5778,0.464638783269962
"7774","7774",1989,1037,2078,0.044746103569633
"7775","7775",3720,4279,3264,-0.12258064516129
"7776","7776",2566,2565,2408,-0.0615744349181606
"7777","7777",5764,6968,7027,0.21911866759195
"7778","7778",3272,3272,4148,0.267726161369193
"7779","7779",4300,4226,4223,-0.017906976744186
"7780","7780",2826,2823,2468,-0.126680820948337
"7781","7781",2425,2477,1831,-0.244948453608247
"7782","7782",3146,3094,2776,-0.117609663064209
"7783","7783",2224,2260,2356,0.0593525179856115
"7785","7785",3046,3050,2838,-0.0682862770847013
"7787","7787",1082,1081,1106,0.022181146025878
"7788","7788",2179,2219,2147,-0.0146856356126664
"7789","7789",5397,5388,6072,0.125069483046137
"7790","7790",2519,2484,2576,0.0226280269948392
"7791","7791",4469,4480,3193,-0.285522488252405
"7792","7792",3495,3495,3558,0.0180257510729614
"7793","7793",6906,7038,6449,-0.0661743411526209
"7794","7794",6573,6572,6618,0.00684618895481515
"7795","7795",1402,1404,1469,0.0477888730385164
"7796","7796",5326,5167,5760,0.0814870446864439
"7797","7797",3278,2790,2798,-0.146430750457596
"7798","7798",1648,1776,1793,0.0879854368932039
"7799","7799",2374,2362,2462,0.0370682392586352
"7800","7800",1625,1546,1550,-0.0461538461538462
"7801","7801",2450,2359,2273,-0.0722448979591837
"7802","7802",6669,6080,6764,0.0142450142450142
"7803","7803",1589,1584,1453,-0.0855884203901825
"7804","7804",6038,5968,4028,-0.332891685988738
"7805","7805",2054,2055,2103,0.0238558909444985
"15129","15129",2054,2055,2103,0.0238558909444985
"7806","7806",3312,3312,3007,-0.0920893719806763
"7807","7807",10427,10448,9035,-0.133499568428119
"7808","7808",2632,2564,2636,0.00151975683890578
"7809","7809",2247,2289,2303,0.0249221183800623
"7810","7810",4414,4127,3957,-0.103534209333937
"7811","7811",2119,2102,1850,-0.126946672958943
"7812","7812",7863,7842,7253,-0.0775785323667811
"7813","7813",5689,5838,5569,-0.0210933380207418
"7814","7814",2348,2352,2255,-0.0396081771720613
"7815","7815",2864,2384,2365,-0.174231843575419
"7816","7816",3721,3813,3839,0.0317119054017737
"7817","7817",2966,3170,2294,-0.226567768037761
"7818","7818",3142,2807,2723,-0.133354551241248
"7819","7819",5657,5626,5349,-0.0544458193388722
"7821","7821",3931,3926,3926,-0.00127194098193844
"7822","7822",1822,1818,1785,-0.0203073545554336
"7823","7823",1221,1172,1188,-0.027027027027027
"9716","9716",1221,1172,1188,-0.027027027027027
"7824","7824",1673,1748,1658,-0.00896592946802152
"8936","8936",1673,1748,1658,-0.00896592946802152
"7825","7825",964,1141,1005,0.0425311203319502
"7826","7826",957,1309,1310,0.368861024033438
"7827","7827",8300,8832,7275,-0.123493975903614
"7828","7828",3533,3296,2965,-0.160769883951316
"7829","7829",1064,1072,1094,0.0281954887218045
"7830","7830",5993,5990,10246,0.709661271483397
"7831","7831",2009,2009,1968,-0.0204081632653061
"7832","7832",2319,2319,2327,0.00344976282880552
"7833","7833",1292,1160,1194,-0.0758513931888545
"7834","7834",14678,15059,13347,-0.0906799291456602
"7835","7835",3337,3337,3276,-0.0182798921186695
"7836","7836",2411,2356,2368,-0.0178349232683534
"7837","7837",2333,2034,2664,0.141877411058723
"7838","7838",2259,2259,2393,0.0593182824258521
"7839","7839",2968,2979,2695,-0.0919811320754717
"7840","7840",2876,2871,1956,-0.319888734353268
"7842","7842",5238,5374,4598,-0.122184039709813
"7843","7843",1653,1653,1409,-0.147610405323654
"7844","7844",2174,2170,1833,-0.156853725850966
"7845","7845",5335,4860,4720,-0.115276476101218
"7846","7846",1868,1885,1683,-0.0990364025695931
"7847","7847",2175,2184,1896,-0.128275862068966
"7848","7848",2609,2604,2569,-0.0153315446531238
"7849","7849",2265,2267,2241,-0.0105960264900662
"7850","7850",3127,3233,3251,0.0396546210425328
"7851","7851",4862,5664,4998,0.027972027972028
"7852","7852",1725,1725,1757,0.0185507246376812
"7853","7853",3070,2963,2942,-0.0416938110749186
"16180","16180",3070,2963,2942,-0.0416938110749186
"7855","7855",2743,2739,2446,-0.108275610645279
"7856","7856",4761,4584,4416,-0.072463768115942
"7857","7857",3432,3465,3244,-0.0547785547785548
"7858","7858",4664,4489,3768,-0.192109777015437
"7860","7860",1546,1546,1630,0.0543337645536869
"13392","13392",1546,1546,1630,0.0543337645536869
"7861","7861",2016,2136,2909,0.442956349206349
"7862","7862",2989,3191,3213,0.0749414519906323
"7863","7863",4481,4484,3390,-0.243472439187681
"7865","7865",1714,1714,1542,-0.100350058343057
"7866","7866",4000,4017,3920,-0.02
"7867","7867",1751,1352,1393,-0.20445459737293
"7868","7868",3250,2366,2384,-0.266461538461538
"7869","7869",2507,2314,2172,-0.133625847626645
"7871","7871",5669,5786,6053,0.0677368142529547
"7872","7872",2765,2736,2824,0.0213381555153707
"7873","7873",1762,1657,1641,-0.068671963677639
"7874","7874",830,827,770,-0.072289156626506
"7876","7876",2665,2598,2312,-0.132457786116323
"7877","7877",12126,12554,9727,-0.197839353455385
"7878","7878",2305,2350,1998,-0.133188720173536
"7879","7879",4507,4503,4500,-0.00155313956068338
"7880","7880",11916,11915,11870,-0.00386035582410205
"7881","7881",4142,3870,4292,0.0362143891839691
"7883","7883",2070,2070,2120,0.0241545893719807
"7884","7884",2078,2044,1989,-0.0428296438883542
"8326","8326",2078,2044,1989,-0.0428296438883542
"7885","7885",3141,2850,2845,-0.0942375039796243
"7886","7886",3470,3476,3933,0.13342939481268
"7887","7887",2820,2726,2737,-0.0294326241134752
"7889","7889",4797,4807,4798,0.000208463623097769
"7890","7890",6226,6278,5685,-0.0868936716993254
"7891","7891",2635,2635,2564,-0.0269449715370019
"7892","7892",1491,1491,1638,0.0985915492957746
"7893","7893",2201,2193,2115,-0.0390731485688324
"7894","7894",1428,1611,1610,0.127450980392157
"7895","7895",7147,7160,6970,-0.0247656359311599
"7897","7897",4780,4936,5221,0.0922594142259414
"7898","7898",2527,2694,2644,0.0462999604273842
"7899","7899",1192,1192,1396,0.171140939597315
"7900","7900",3332,3575,3390,0.017406962785114
"7901","7901",2356,2318,2441,0.0360780984719864
"7902","7902",2491,2491,2161,-0.132476916900843
"7903","7903",2614,3318,3325,0.271996939556236
"7904","7904",3516,3528,3517,0.000284414106939704
"7905","7905",7452,7290,7028,-0.0568974771873323
"7906","7906",3684,3684,3715,0.00841476655808903
"7907","7907",4366,4377,4119,-0.0565735226752176
"7908","7908",3308,3306,3056,-0.0761789600967352
"7909","7909",1327,1090,835,-0.370761115297664
"7910","7910",2124,2121,1802,-0.151600753295669
"7911","7911",7274,6581,6542,-0.100632389331867
"7912","7912",7878,7939,8039,0.0204366590505204
"7913","7913",1486,1484,1477,-0.00605652759084791
"7914","7914",9107,9122,8128,-0.10749972548589
"7916","7916",2313,2325,2410,0.041936878512754
"7917","7917",2702,2736,1943,-0.280903034789045
"7918","7918",6319,6120,5749,-0.0902041462256686
"7919","7919",2007,2196,2242,0.117090184354758
"7921","7921",5723,5918,4838,-0.154639175257732
"7922","7922",1739,1739,1662,-0.0442783208740656
"7924","7924",1925,1925,2835,0.472727272727273
"7925","7925",6461,6429,6346,-0.0177991023061446
"7926","7926",3578,4150,4155,0.161263275572946
"7927","7927",4441,3909,3964,-0.107408241387075
"7928","7928",1313,1313,1313,0
"7930","7930",3168,3159,3047,-0.0381944444444444
"7931","7931",7120,7084,6670,-0.0632022471910112
"7932","7932",6452,6009,5895,-0.0863298202107873
"7933","7933",10876,11132,10450,-0.0391688120632585
"7934","7934",3788,3805,3992,0.0538542766631468
"7935","7935",4380,4224,4079,-0.0687214611872146
"7936","7936",4148,4095,4527,0.0913693346190935
"7937","7937",3094,3099,3247,0.0494505494505494
"7938","7938",8241,9956,8566,0.0394369615337944
"7939","7939",5678,5221,5166,-0.0901725959845016
"7940","7940",1875,1960,2110,0.125333333333333
"7941","7941",1601,1600,1570,-0.0193628981886321
"7942","7942",2783,2867,2875,0.0330578512396694
"7943","7943",4331,4005,3880,-0.104132994689448
"7944","7944",4951,4159,4216,-0.148454857604524
"7945","7945",1292,1364,1357,0.0503095975232198
"7946","7946",1420,1416,911,-0.358450704225352
"7947","7947",8776,11314,9865,0.124088422971741
"7948","7948",4813,4780,4912,0.0205692915021816
"7949","7949",5225,5223,5036,-0.0361722488038278
"7950","7950",7748,7212,7288,-0.059370160041301
"7952","7952",2941,2848,2845,-0.0326419585175111
"7953","7953",1590,1601,1686,0.060377358490566
"11899","11899",1590,1601,1686,0.060377358490566
"7954","7954",4296,4272,4893,0.138966480446927
"7955","7955",3178,3178,5662,0.781623662680931
"7956","7956",2098,2089,2090,-0.00381315538608198
"7957","7957",2455,2455,4395,0.790224032586558
"15497","15497",2455,2455,4395,0.790224032586558
"7958","7958",8057,8184,10248,0.271937445699392
"7959","7959",704,772,772,0.0965909090909091
"7960","7960",3566,3714,3333,-0.0653393157599551
"7961","7961",3530,3525,1688,-0.521813031161473
"16014","16014",3530,3525,1688,-0.521813031161473
"7962","7962",3319,3043,3083,-0.0711057547454052
"7963","7963",7496,7624,6976,-0.0693703308431163
"7964","7964",1509,3151,1509,0
"7965","7965",5759,5345,4796,-0.167216530647682
"7966","7966",2401,2384,2894,0.205331112036651
"7967","7967",1453,1536,1416,-0.0254645560908465
"7968","7968",3248,3123,3579,0.101908866995074
"7969","7969",2497,2497,2569,0.0288346015218262
"7970","7970",6227,6253,6401,0.0279428296129758
"7971","7971",3603,3532,4053,0.124895920066611
"7972","7972",5566,5563,5549,-0.00305425799496946
"7975","7975",11109,10712,10636,-0.042578089837069
"7976","7976",2615,3211,2993,0.144550669216061
"7977","7977",3652,4047,3973,0.0878970427163198
"7978","7978",4676,4850,3895,-0.167023096663815
"7979","7979",3914,3646,3646,-0.0684721512519162
"7980","7980",1744,1643,1480,-0.151376146788991
"7981","7981",12950,14114,11325,-0.125482625482625
"7983","7983",5790,5905,6136,0.0597582037996546
"7985","7985",3995,3410,3523,-0.118147684605757
"7986","7986",6213,6376,5943,-0.0434572670207629
"7987","7987",3382,3409,3404,0.0065050266114725
"7988","7988",1427,1584,2016,0.412754029432376
"7989","7989",1897,1811,1891,-0.00316288877174486
"7990","7990",2418,2250,2469,0.0210918114143921
"7991","7991",1692,1653,1566,-0.074468085106383
"17831","17831",1692,1653,1566,-0.074468085106383
"7992","7992",6305,6481,6509,0.032355273592387
"7993","7993",1251,1251,1111,-0.111910471622702
"7994","7994",1985,1985,1986,0.000503778337531486
"7995","7995",2503,2389,2448,-0.0219736316420296
"7996","7996",1870,1867,2394,0.280213903743316
"7997","7997",1456,1580,1390,-0.0453296703296703
"7998","7998",7530,8335,7491,-0.0051792828685259
"7999","7999",10501,10683,7618,-0.274545281401771
"8000","8000",5031,5018,4626,-0.0805008944543828
"8001","8001",4546,4664,4835,0.0635723713154421
"8002","8002",7728,7731,7038,-0.0892857142857143
"8003","8003",1671,1919,1552,-0.071214841412328
"8004","8004",6443,6607,5824,-0.0960732577991619
"8005","8005",4849,4924,4794,-0.0113425448546092
"8006","8006",3710,3151,3120,-0.159029649595687
"8007","8007",2951,2938,3097,0.0494747543205693
"8008","8008",9573,9622,9683,0.0114906507886765
"8009","8009",1171,1172,1356,0.15798462852263
"8010","8010",6849,6849,6884,0.00511023507081326
"8011","8011",6670,6463,6495,-0.0262368815592204
"8012","8012",2513,2460,2671,0.0628730600875448
"8014","8014",1894,1885,1785,-0.0575501583949314
"8016","8016",937,927,924,-0.0138740661686233
"10405","10405",937,927,924,-0.0138740661686233
"8017","8017",3432,3744,3369,-0.0183566433566434
"8018","8018",3001,2793,3072,0.0236587804065312
"8019","8019",4054,4046,3922,-0.0325604341391219
"8020","8020",4210,4477,5100,0.211401425178147
"8021","8021",3326,3405,3698,0.111846061334937
"8022","8022",2703,2895,2498,-0.0758416574176841
"8023","8023",3325,3420,2656,-0.201203007518797
"8024","8024",6505,6174,4028,-0.380784012298232
"8025","8025",3052,3068,3072,0.00655307994757536
"8026","8026",7709,7259,7221,-0.0633026332857699
"8027","8027",2612,2580,2441,-0.0654670750382848
"8028","8028",1677,1677,1605,-0.0429338103756708
"8029","8029",5235,5239,5482,0.0471824259789876
"8030","8030",3192,3202,3404,0.0664160401002506
"8031","8031",5214,5217,4893,-0.0615650172612198
"8032","8032",3459,3827,4899,0.416305290546401
"8033","8033",3941,3863,3619,-0.0817051509769094
"8034","8034",2757,2757,2754,-0.00108813928182807
"8035","8035",3751,3753,3550,-0.0535857104772061
"8036","8036",2160,1993,2167,0.00324074074074074
"8037","8037",2864,2691,2847,-0.00593575418994413
"8038","8038",2609,2596,2730,0.0463779225756995
"8039","8039",5420,5715,5433,0.00239852398523985
"8042","8042",953,953,1306,0.370409233997901
"8043","8043",2003,1966,1944,-0.0294558162755866
"10774","10774",2003,1966,1944,-0.0294558162755866
"8044","8044",2689,2548,2637,-0.0193380438824842
"8045","8045",2277,2276,2230,-0.020641194554238
"8046","8046",1778,1362,1514,-0.148481439820022
"8047","8047",5190,5116,4825,-0.0703275529865125
"8048","8048",3028,3047,2391,-0.210369881109643
"12190","12190",3028,3047,2391,-0.210369881109643
"8050","8050",2889,3459,2677,-0.0733817930079612
"8051","8051",3734,3734,3483,-0.0672201392608463
"8052","8052",3434,3288,3303,-0.0381479324403029
"8202","8202",3434,3288,3303,-0.0381479324403029
"8053","8053",2062,2091,2061,-0.000484966052376334
"8054","8054",3412,3412,3437,0.00732708089097304
"8055","8055",3408,3401,3344,-0.0187793427230047
"8056","8056",3474,3320,3374,-0.0287852619458837
"8057","8057",4883,4874,8421,0.724554577104239
"8058","8058",7539,7508,7461,-0.0103461997612415
"8059","8059",6418,6642,4667,-0.272826425677781
"8060","8060",2922,2922,2895,-0.00924024640657084
"8061","8061",4122,4097,3879,-0.0589519650655022
"8062","8062",4395,4800,4957,0.127872582480091
"8063","8063",3256,2839,2737,-0.159398034398034
"8064","8064",2343,2369,2526,0.0781049935979513
"18580","18580",2343,2369,2526,0.0781049935979513
"8065","8065",5618,6148,4648,-0.172659309362763
"8066","8066",2650,2637,2450,-0.0754716981132075
"16599","16599",2650,2637,2450,-0.0754716981132075
"8067","8067",1731,1729,2220,0.282495667244367
"8068","8068",3504,3649,2664,-0.23972602739726
"8069","8069",2437,2429,1695,-0.304472712351252
"8070","8070",3299,3150,2832,-0.141558047893301
"8072","8072",3030,2892,2897,-0.0438943894389439
"8073","8073",4567,4811,4869,0.0661265601051018
"8075","8075",2671,1848,1799,-0.326469487083489
"8076","8076",3390,3303,3418,0.00825958702064897
"8077","8077",2319,2319,2241,-0.0336351875808538
"8078","8078",12189,12566,10492,-0.139223890392977
"8079","8079",2858,2862,2538,-0.111966410076977
"8080","8080",1605,1605,1554,-0.0317757009345794
"8081","8081",2467,1925,2033,-0.175922172679368
"8082","8082",2156,1890,1626,-0.24582560296846
"8083","8083",2150,2068,2826,0.314418604651163
"8084","8084",3781,3784,3745,-0.00952129066384554
"8085","8085",2095,1792,1890,-0.0978520286396181
"8086","8086",1833,1927,1770,-0.0343698854337152
"8087","8087",1467,1644,1288,-0.122017723244717
"8088","8088",3625,3604,2968,-0.181241379310345
"8089","8089",5117,3883,4017,-0.214969708813758
"8091","8091",4784,3907,3713,-0.223871237458194
"8092","8092",3387,3590,3387,0
"8093","8093",6315,6138,6039,-0.0437054631828979
"8094","8094",8103,8215,7774,-0.0406022460816981
"8095","8095",2199,2199,2318,0.0541155070486585
"8097","8097",3515,3803,3475,-0.0113798008534851
"8098","8098",2308,1820,1730,-0.250433275563258
"8099","8099",2340,2340,2102,-0.101709401709402
"8100","8100",6025,6498,6663,0.105892116182573
"8101","8101",2091,2096,2167,0.0363462458153993
"8102","8102",3406,3430,3202,-0.0598943041691133
"8103","8103",7648,7021,7995,0.0453713389121339
"8104","8104",1381,1381,1383,0.00144822592324403
"8106","8106",6073,5991,5746,-0.0538448872056644
"8107","8107",1487,1540,1514,0.0181573638197714
"8108","8108",6344,6117,5862,-0.0759773013871375
"8109","8109",3874,3866,3843,-0.00800206504904491
"8111","8111",7140,7152,7431,0.0407563025210084
"8112","8112",4872,4831,4816,-0.0114942528735632
"8113","8113",4837,4457,2797,-0.421749017986355
"8114","8114",4865,4864,5487,0.127852004110997
"19433","19433",4865,4864,5487,0.127852004110997
"8115","8115",3212,3211,2941,-0.0843711083437111
"8116","8116",2173,2336,2442,0.123791992636908
"8117","8117",4067,4622,3839,-0.0560609786083108
"8118","8118",4529,4555,3931,-0.132037977478472
"8119","8119",8200,8120,7385,-0.099390243902439
"11586","11586",8200,8120,7385,-0.099390243902439
"8120","8120",3313,3382,3380,0.020223362511319
"8121","8121",3713,3731,3279,-0.116886614597361
"8122","8122",1527,1612,1427,-0.0654878847413229
"8123","8123",2243,2244,2080,-0.0726705305394561
"8124","8124",1079,1077,1086,0.00648748841519926
"8125","8125",4378,4378,4153,-0.0513933302878027
"8126","8126",2254,2259,2753,0.221384205856256
"8127","8127",3757,5228,4608,0.226510513707746
"8128","8128",7563,7330,7487,-0.0100489223852968
"8129","8129",1853,1829,1289,-0.304371289800324
"8130","8130",3845,3955,3884,0.0101430429128739
"8131","8131",6077,6038,4563,-0.249136086884976
"8132","8132",2953,2956,2762,-0.0646799864544531
"8133","8133",5871,5802,2588,-0.559189235223982
"8134","8134",4617,4542,4255,-0.0784058912713883
"8135","8135",2418,2529,2448,0.0124069478908189
"8136","8136",2033,2036,3326,0.636005902606985
"8137","8137",3132,2996,3147,0.00478927203065134
"15695","15695",3132,2996,3147,0.00478927203065134
"17519","17519",3132,2996,3147,0.00478927203065134
"8138","8138",1652,1646,1637,-0.00907990314769976
"8139","8139",8693,8356,5815,-0.331070976647878
"8140","8140",6437,6428,8832,0.372067733416188
"8141","8141",2688,2709,2610,-0.0290178571428571
"8144","8144",8389,8600,6942,-0.172487781618787
"8146","8146",2611,2587,2737,0.0482573726541555
"8147","8147",3470,3780,2935,-0.154178674351585
"8148","8148",1189,1189,1197,0.00672834314550042
"8149","8149",1988,1988,2044,0.028169014084507
"8150","8150",4491,4450,3939,-0.122912491649967
"8151","8151",1879,1874,1695,-0.097924427887174
"8152","8152",5973,6251,5895,-0.0130587644399799
"8153","8153",1177,1177,1028,-0.126593033135089
"16324","16324",1177,1177,1028,-0.126593033135089
"16923","16923",1177,1177,1028,-0.126593033135089
"8155","8155",2322,2162,2535,0.0917312661498708
"8157","8157",2916,2377,2372,-0.186556927297668
"12635","12635",2916,2377,2372,-0.186556927297668
"8158","8158",4763,4763,4039,-0.152005038841067
"8159","8159",7627,7598,7699,0.00944014684672873
"8161","8161",3792,4013,3875,0.0218881856540084
"8162","8162",846,846,837,-0.0106382978723404
"8163","8163",4043,4598,3646,-0.0981944100915162
"8164","8164",1210,1215,1145,-0.0537190082644628
"8165","8165",4043,4010,3494,-0.135790254761316
"8166","8166",4274,4221,4030,-0.0570893776321947
"8167","8167",3332,3333,3308,-0.00720288115246098
"8168","8168",5690,5660,4927,-0.134094903339192
"8169","8169",3575,3522,3782,0.0579020979020979
"8170","8170",3524,3518,3584,0.0170261066969353
"8171","8171",9754,10354,8473,-0.131330736108263
"8172","8172",1939,1900,2053,0.0587931923671996
"8173","8173",3577,3597,3799,0.0620631814369583
"8174","8174",2229,2226,2033,-0.0879318079856438
"8175","8175",2659,2660,2675,0.00601729973674314
"8176","8176",4287,3927,4170,-0.0272918124562631
"8177","8177",2360,2360,2491,0.0555084745762712
"8178","8178",2729,2638,2754,0.00916086478563576
"8179","8179",3305,3306,2976,-0.0995461422087746
"18773","18773",3305,3306,2976,-0.0995461422087746
"8180","8180",3929,3959,4067,0.035123441079155
"8181","8181",3240,3117,2891,-0.107716049382716
"8182","8182",1835,2099,1721,-0.062125340599455
"19442","19442",1835,2099,1721,-0.062125340599455
"8183","8183",1753,1836,1865,0.0638904734740445
"8184","8184",5123,5941,4522,-0.117314073784892
"8185","8185",2087,2087,1629,-0.219453761379971
"8186","8186",2816,2855,2518,-0.105823863636364
"8187","8187",1873,1867,1577,-0.158035237586759
"8188","8188",1525,1545,1339,-0.121967213114754
"8189","8189",2172,2172,2172,0
"8190","8190",1727,1727,1837,0.0636942675159236
"8191","8191",1361,1915,2338,0.717854518736223
"8192","8192",7316,7238,6208,-0.151448879168945
"8193","8193",2388,2105,2014,-0.156616415410385
"19392","19392",2388,2105,2014,-0.156616415410385
"8194","8194",2175,2175,2175,0
"8195","8195",1597,1565,1531,-0.0413274890419537
"8196","8196",3701,3856,4245,0.146987300729533
"8197","8197",4520,4495,6029,0.333849557522124
"8198","8198",2521,2521,2591,0.0277667592225307
"8199","8199",2607,2608,2604,-0.00115074798619102
"8200","8200",3298,3306,3194,-0.031534263189812
"8201","8201",8337,8576,8487,0.0179920834832674
"8203","8203",9725,9887,7855,-0.192287917737789
"8204","8204",3490,3396,3048,-0.126647564469914
"8205","8205",2455,2450,2462,0.00285132382892057
"8206","8206",1677,1536,1535,-0.0846750149075731
"8207","8207",4090,4119,4162,0.0176039119804401
"8208","8208",8550,8520,5085,-0.405263157894737
"8209","8209",7205,7132,7480,0.0381679389312977
"8210","8210",6878,6998,6917,0.00567025298051759
"8211","8211",3694,3706,3971,0.0749864645370872
"8212","8212",2225,2212,2201,-0.0107865168539326
"8213","8213",2308,2299,2360,0.0225303292894281
"8214","8214",4211,4187,4225,0.0033246259795773
"8215","8215",780,780,1073,0.375641025641026
"8216","8216",1472,1472,1538,0.0448369565217391
"8217","8217",3430,3565,3625,0.0568513119533528
"8218","8218",6354,6398,6521,0.0262826565942713
"8219","8219",4386,3817,2681,-0.388736890104879
"8220","8220",3298,3298,3858,0.169799878714372
"8221","8221",6126,6839,6265,0.0226901730329742
"8222","8222",2017,2017,2011,-0.0029747149231532
"8223","8223",3590,3590,3608,0.00501392757660167
"8224","8224",2044,2043,1945,-0.0484344422700587
"8804","8804",2044,2043,1945,-0.0484344422700587
"8225","8225",4923,4784,4815,-0.0219378427787934
"8226","8226",2397,3091,3240,0.351689612015019
"17313","17313",2397,3091,3240,0.351689612015019
"8227","8227",2963,2759,2749,-0.072224097198785
"16335","16335",2963,2759,2749,-0.072224097198785
"8228","8228",2730,2729,2389,-0.124908424908425
"8229","8229",2927,3272,2542,-0.131533993850359
"8230","8230",2196,1981,2031,-0.0751366120218579
"8965","8965",2196,1981,2031,-0.0751366120218579
"8231","8231",1456,1475,1455,-0.000686813186813187
"8232","8232",4856,4876,5099,0.0500411861614498
"8233","8233",5871,5573,5710,-0.027422926247658
"8234","8234",2714,2699,2750,0.0132645541635962
"14018","14018",2714,2699,2750,0.0132645541635962
"8235","8235",2787,2788,1821,-0.346609257265877
"17793","17793",2787,2788,1821,-0.346609257265877
"8236","8236",6578,6235,6315,-0.0399817573730617
"8237","8237",4149,3347,3462,-0.165582067968185
"8238","8238",9651,8953,8322,-0.137705937208579
"8239","8239",4118,4427,3821,-0.0721223895094706
"8240","8240",5677,6020,6430,0.132640479126299
"8241","8241",2139,2139,2284,0.0677886863020103
"8242","8242",1539,1535,1467,-0.0467836257309941
"14044","14044",1539,1535,1467,-0.0467836257309941
"8243","8243",1721,1721,1961,0.139453805926787
"16229","16229",1721,1721,1961,0.139453805926787
"8244","8244",2231,2301,2359,0.0573733751680861
"8245","8245",11849,12380,10135,-0.144653557262216
"8247","8247",4003,3986,4283,0.0699475393454909
"8248","8248",3665,3665,3742,0.0210095497953615
"8249","8249",1043,977,1065,0.0210930009587728
"8251","8251",2879,2881,2923,0.0152830844043071
"8252","8252",5357,5734,4133,-0.228486092962479
"8253","8253",3389,3325,3302,-0.0256712894659192
"17525","17525",3389,3325,3302,-0.0256712894659192
"8254","8254",3892,3891,3659,-0.0598663926002055
"13655","13655",3892,3891,3659,-0.0598663926002055
"8255","8255",2005,2021,1671,-0.166583541147132
"8256","8256",7213,7307,7193,-0.00277277138499931
"8258","8258",2454,2457,2449,-0.00203748981255094
"8259","8259",2237,2217,2326,0.0397854269110416
"8260","8260",1247,1271,1426,0.143544506816359
"8261","8261",3120,3057,3220,0.032051282051282
"8262","8262",3990,3990,6091,0.5265664160401
"8263","8263",1271,1053,1272,0.000786782061369001
"14142","14142",1271,1053,1272,0.000786782061369001
"8264","8264",2308,2306,2358,0.0216637781629116
"8543","8543",2308,2306,2358,0.0216637781629116
"8629","8629",2308,2306,2358,0.0216637781629116
"12119","12119",2308,2306,2358,0.0216637781629116
"17863","17863",2308,2306,2358,0.0216637781629116
"8265","8265",2535,2536,2478,-0.0224852071005917
"8266","8266",2534,2394,2250,-0.112075769534333
"8267","8267",5019,4959,4470,-0.109384339509863
"8268","8268",3687,3712,3714,0.00732302685109845
"8269","8269",1622,1609,1802,0.110974106041924
"8270","8270",2227,2164,2096,-0.0588235294117647
"14208","14208",2227,2164,2096,-0.0588235294117647
"8271","8271",2583,2638,2588,0.00193573364305072
"8273","8273",8480,8429,5799,-0.316155660377358
"8274","8274",5090,5116,4067,-0.20098231827112
"8275","8275",5100,5278,4528,-0.112156862745098
"8276","8276",2564,2561,2589,0.00975039001560062
"8278","8278",802,782,763,-0.0486284289276808
"8279","8279",2425,2426,1910,-0.212371134020619
"8280","8280",2803,2803,2736,-0.0239029611130931
"8281","8281",4122,4183,5178,0.256186317321689
"8282","8282",1979,2027,2056,0.0389085396664982
"8283","8283",6573,6774,4657,-0.291495511942796
"8284","8284",2705,2705,1769,-0.346025878003697
"8286","8286",5079,5080,4827,-0.0496160661547549
"8287","8287",1508,1384,1404,-0.0689655172413793
"8288","8288",6051,6429,4995,-0.174516608824988
"8289","8289",2327,2099,2115,-0.091104426299957
"8291","8291",7701,8504,7736,0.00454486430333723
"8292","8292",2891,2515,2090,-0.277066758906953
"8293","8293",3442,4335,3334,-0.031377106333527
"8294","8294",10612,10564,7580,-0.285714285714286
"8295","8295",4288,6439,5434,0.267257462686567
"8296","8296",3506,3501,3477,-0.00827153451226469
"8297","8297",4155,4710,4439,0.0683513838748496
"8298","8298",3170,3076,2706,-0.146372239747634
"8299","8299",3347,2910,2731,-0.184045413803406
"8300","8300",3437,2728,2683,-0.219377363980215
"8301","8301",1489,1683,1687,0.132975151108126
"8302","8302",3506,3470,3391,-0.0328009127210496
"8303","8303",1486,1160,1159,-0.220053835800808
"8304","8304",2038,2047,2172,0.0657507360157017
"8305","8305",3297,3297,3575,0.0843190779496512
"8307","8307",4985,4691,4570,-0.0832497492477432
"8308","8308",2735,2694,2723,-0.00438756855575868
"8309","8309",6966,6508,6071,-0.128481194372667
"8310","8310",2998,2945,2917,-0.0270180120080053
"8311","8311",5200,5233,5288,0.0169230769230769
"8312","8312",6685,5707,5576,-0.165893792071803
"8313","8313",6256,5794,6062,-0.0310102301790281
"8314","8314",2032,1742,2168,0.0669291338582677
"8315","8315",5356,5264,5431,0.0140029873039582
"8316","8316",5945,6469,5874,-0.0119428090832632
"8317","8317",3461,3461,3687,0.0652990465183473
"8318","8318",4387,4421,4271,-0.0264417597447003
"8319","8319",2696,2678,1777,-0.340875370919881
"8320","8320",2652,2651,2707,0.0207390648567119
"8321","8321",6108,5864,5868,-0.0392927308447937
"8322","8322",1211,1189,1261,0.0412881915772089
"13497","13497",1211,1189,1261,0.0412881915772089
"17748","17748",1211,1189,1261,0.0412881915772089
"8323","8323",2283,2289,2267,-0.00700832238282961
"8324","8324",1648,1640,1657,0.00546116504854369
"11001","11001",1648,1640,1657,0.00546116504854369
"8325","8325",4111,4125,2773,-0.325468255898808
"8327","8327",3485,3617,3813,0.0941176470588235
"8329","8329",3583,3561,2966,-0.172202065308401
"8330","8330",2897,2896,2834,-0.0217466344494304
"8331","8331",6049,5216,7001,0.157381385352951
"8332","8332",1171,1098,1186,0.0128095644748079
"16160","16160",1171,1098,1186,0.0128095644748079
"8334","8334",1160,972,906,-0.218965517241379
"8335","8335",4953,3798,3008,-0.392691298203109
"8336","8336",5251,5212,5253,0.000380879832412874
"8337","8337",1598,1870,1931,0.208385481852315
"8338","8338",4235,4254,3217,-0.240377804014168
"8339","8339",1421,1421,1550,0.0907811400422238
"15064","15064",1421,1421,1550,0.0907811400422238
"8340","8340",2701,2695,2440,-0.0966308774527953
"9442","9442",2701,2695,2440,-0.0966308774527953
"8341","8341",1788,1788,1759,-0.0162192393736018
"11123","11123",1788,1788,1759,-0.0162192393736018
"14927","14927",1788,1788,1759,-0.0162192393736018
"8342","8342",3644,3426,2903,-0.203347969264544
"8343","8343",12503,12533,12049,-0.03631128529153
"8344","8344",2775,2738,3073,0.107387387387387
"8345","8345",4447,4265,4264,-0.0411513379806611
"14323","14323",4447,4265,4264,-0.0411513379806611
"8346","8346",3941,3954,3529,-0.10454199441766
"12130","12130",3941,3954,3529,-0.10454199441766
"8347","8347",905,905,918,0.0143646408839779
"8349","8349",3218,2394,2438,-0.242386575512741
"8350","8350",1237,1216,1208,-0.0234438156831043
"8351","8351",4418,4670,3948,-0.106382978723404
"12754","12754",4418,4670,3948,-0.106382978723404
"8352","8352",2997,3058,4178,0.394060727394061
"8353","8353",4558,4528,4810,0.0552874067573497
"8354","8354",3928,3931,3734,-0.0493890020366599
"8355","8355",4258,4094,3428,-0.194927195866604
"8356","8356",8417,8521,9304,0.10538196507069
"8357","8357",3596,3598,3702,0.0294771968854283
"8358","8358",4251,4255,4323,0.0169371912491179
"8359","8359",4203,4219,5873,0.397335236735665
"8360","8360",3541,3557,3580,0.0110138378988986
"10926","10926",3541,3557,3580,0.0110138378988986
"8361","8361",1305,1364,1374,0.0528735632183908
"8362","8362",6307,7109,6437,0.0206120183922626
"8363","8363",8534,9241,6331,-0.258143895008203
"8365","8365",2947,3616,2970,0.00780454699694605
"8366","8366",4033,4033,4108,0.0185965782296058
"8367","8367",1449,1450,1325,-0.085576259489303
"8368","8368",2495,2487,2359,-0.0545090180360721
"8369","8369",2804,2919,2843,0.0139087018544936
"8370","8370",5210,5051,4758,-0.0867562380038388
"8371","8371",2504,2470,2418,-0.0343450479233227
"8372","8372",1977,1978,2026,0.0247850278199292
"8373","8373",1548,1548,1547,-0.000645994832041344
"8374","8374",3342,3234,3399,0.0170556552962298
"8375","8375",2281,2266,1395,-0.388426128890837
"8376","8376",2741,2690,2690,-0.0186063480481576
"14896","14896",2741,2690,2690,-0.0186063480481576
"8377","8377",6740,6557,6707,-0.00489614243323442
"8378","8378",1938,1930,1565,-0.192466460268318
"14642","14642",1938,1930,1565,-0.192466460268318
"8379","8379",7944,7790,8140,0.0246727089627392
"8380","8380",2006,1991,1422,-0.291126620139581
"8381","8381",3267,3323,3327,0.0183654729109275
"8382","8382",3530,3251,2985,-0.154390934844193
"8383","8383",604,604,608,0.00662251655629139
"8384","8384",1910,1910,1908,-0.00104712041884817
"8385","8385",4794,4665,4762,-0.0066750104297038
"8386","8386",5372,5196,5518,0.0271779597915115
"8387","8387",1238,1238,1786,0.44264943457189
"13068","13068",1238,1238,1786,0.44264943457189
"8388","8388",2566,2574,2189,-0.146921278254092
"14971","14971",2566,2574,2189,-0.146921278254092
"8389","8389",2573,2425,2430,-0.0555771472988729
"11420","11420",2573,2425,2430,-0.0555771472988729
"16810","16810",2573,2425,2430,-0.0555771472988729
"8390","8390",3663,3356,2964,-0.190827190827191
"8391","8391",2246,2241,2232,-0.006233303650935
"8392","8392",1171,1171,841,-0.281810418445773
"12243","12243",1171,1171,841,-0.281810418445773
"8393","8393",4465,4535,4345,-0.0268756998880179
"8394","8394",4267,4180,3986,-0.0658542301382705
"8395","8395",7130,7224,7985,0.119915848527349
"8396","8396",3623,3621,3192,-0.118962186033674
"8397","8397",1081,1464,1181,0.0925069380203515
"8398","8398",2510,2629,2472,-0.0151394422310757
"8399","8399",5571,4987,4595,-0.1751929635613
"8400","8400",4051,3692,3692,-0.088620093803999
"8401","8401",2625,2650,2318,-0.116952380952381
"8402","8402",1972,1965,2079,0.0542596348884381
"8403","8403",7009,7040,8542,0.21871879012698
"8404","8404",4529,4555,3943,-0.129388385957165
"8405","8405",9826,9570,8370,-0.148178302462854
"8406","8406",8206,7875,7645,-0.0683646112600536
"8407","8407",3888,3691,3695,-0.0496399176954733
"8408","8408",2647,2666,2629,-0.00680015111446921
"8409","8409",6085,7342,6002,-0.0136400986031224
"8410","8410",4634,5120,4370,-0.0569702201122141
"8411","8411",3106,3106,3180,0.0238248551191243
"8413","8413",2812,2812,2804,-0.00284495021337127
"8414","8414",3434,3229,1801,-0.475538730343623
"8415","8415",2008,1890,1834,-0.0866533864541833
"8416","8416",2268,2270,2359,0.0401234567901235
"11791","11791",2268,2270,2359,0.0401234567901235
"8417","8417",2083,2735,2067,-0.00768122899663946
"8418","8418",7636,7884,11475,0.502750130958617
"8419","8419",2633,2597,2441,-0.0729206228636536
"8420","8420",3546,3545,4877,0.375352509870276
"8421","8421",5451,4864,4948,-0.0922766464868831
"8422","8422",2690,2660,2630,-0.0223048327137546
"8423","8423",3778,4207,4334,0.14716781365802
"8424","8424",1145,1213,1193,0.0419213973799127
"8425","8425",3001,2844,3008,0.00233255581472842
"8426","8426",882,870,887,0.00566893424036281
"8427","8427",2590,2623,2541,-0.0189189189189189
"8428","8428",2596,2577,2618,0.00847457627118644
"8429","8429",8354,8485,8289,-0.00778070385444099
"8431","8431",2070,2063,2062,-0.00386473429951691
"8432","8432",3516,3427,3544,0.00796359499431172
"8433","8433",3946,3822,3882,-0.0162189559047136
"8434","8434",6322,7644,5821,-0.079247073710851
"8435","8435",5263,5261,5288,0.00475014250427513
"8436","8436",1724,1669,1543,-0.104988399071926
"10067","10067",1724,1669,1543,-0.104988399071926
"8437","8437",4455,4464,4329,-0.0282828282828283
"8438","8438",3340,3342,3445,0.031437125748503
"8439","8439",10652,10839,7773,-0.270277882087871
"8440","8440",3815,3827,3737,-0.0204456094364351
"8441","8441",4603,4657,4105,-0.108190310666956
"8442","8442",3964,3774,3799,-0.0416246215943491
"8444","8444",1483,1478,1251,-0.156439649359407
"8445","8445",2851,2542,2541,-0.108733777621887
"8446","8446",1654,1654,1651,-0.00181378476420798
"8447","8447",3308,3314,2936,-0.112454655380895
"8448","8448",2447,2448,2720,0.111565181855333
"8449","8449",2381,2451,2450,0.0289794204115918
"8450","8450",4469,4399,4073,-0.0886104273886776
"8451","8451",8195,8448,5376,-0.343990237949969
"8452","8452",4260,4439,4441,0.0424882629107981
"8453","8453",2520,2520,2510,-0.00396825396825397
"8454","8454",2866,2653,2960,0.0327983251919051
"8455","8455",5118,5671,4802,-0.0617428683079328
"8457","8457",6584,6570,6537,-0.00713851761846902
"8458","8458",5238,4648,4166,-0.204658266513937
"8459","8459",4690,4686,4449,-0.0513859275053305
"8460","8460",2946,3159,3259,0.106245756958588
"18045","18045",2946,3159,3259,0.106245756958588
"8461","8461",9722,12381,10861,0.117156963587739
"8462","8462",3169,3162,3414,0.0773114547175765
"8463","8463",1250,1250,1008,-0.1936
"13248","13248",1250,1250,1008,-0.1936
"8465","8465",4382,4383,4442,0.0136923779096303
"8466","8466",2192,2591,2650,0.208941605839416
"8467","8467",1593,1560,1559,-0.0213433772755807
"8468","8468",2083,2096,2412,0.157945271243399
"8469","8469",6696,6918,4814,-0.281063321385902
"8470","8470",2529,2527,2644,0.0454725187821273
"8471","8471",5763,5713,5470,-0.0508415755682804
"8472","8472",5568,5584,4341,-0.220366379310345
"8473","8473",8095,7816,7075,-0.126003705991353
"8474","8474",2913,2606,2819,-0.0322691383453484
"8475","8475",1062,1062,1146,0.0790960451977401
"8476","8476",10107,8467,7729,-0.235282477490848
"8478","8478",2692,2592,3093,0.148959881129272
"8479","8479",1096,1098,1533,0.398722627737226
"8480","8480",2048,2052,2014,-0.0166015625
"8481","8481",5331,5192,5093,-0.0446445319827425
"10729","10729",5331,5192,5093,-0.0446445319827425
"19993","19993",5331,5192,5093,-0.0446445319827425
"8482","8482",1520,1519,1517,-0.00197368421052632
"8483","8483",5426,5725,5340,-0.0158496129745669
"8484","8484",1625,1625,1636,0.00676923076923077
"8485","8485",2859,2859,2635,-0.0783490731024834
"8486","8486",1713,1682,1681,-0.0186806771745476
"14413","14413",1713,1682,1681,-0.0186806771745476
"8487","8487",8453,8255,8215,-0.0281556843724122
"11154","11154",8453,8255,8215,-0.0281556843724122
"8488","8488",1808,1803,1706,-0.0564159292035398
"10976","10976",1808,1803,1706,-0.0564159292035398
"13205","13205",1808,1803,1706,-0.0564159292035398
"17993","17993",1808,1803,1706,-0.0564159292035398
"18300","18300",1808,1803,1706,-0.0564159292035398
"8489","8489",3992,3992,3809,-0.0458416833667335
"8490","8490",11947,12128,8592,-0.280823637733322
"8491","8491",4866,4904,4770,-0.0197287299630086
"8492","8492",2091,2095,2123,0.0153036824485892
"8493","8493",4632,3157,3461,-0.252806563039724
"11130","11130",4632,3157,3461,-0.252806563039724
"8494","8494",2587,2568,2614,0.010436799381523
"8495","8495",2887,2887,2032,-0.296155178385868
"8496","8496",6041,6589,6463,0.0698559841085913
"8497","8497",6225,6138,5148,-0.173012048192771
"8498","8498",1066,1048,972,-0.0881801125703565
"8499","8499",5401,4078,3321,-0.385113867802259
"8500","8500",9986,10215,8332,-0.165631884638494
"8501","8501",3715,3715,3325,-0.104979811574697
"8502","8502",3893,4153,4261,0.0945286411507835
"8503","8503",9032,8804,7922,-0.122896368467671
"8504","8504",5408,5167,4258,-0.212647928994083
"8505","8505",9528,9537,8334,-0.125314861460957
"8506","8506",4007,4300,4375,0.0918392812577988
"8507","8507",8169,7488,7373,-0.0974415473130126
"8508","8508",4907,4803,4700,-0.0421846341960465
"8509","8509",4636,4714,4587,-0.0105694564279551
"11938","11938",4636,4714,4587,-0.0105694564279551
"8510","8510",1438,1437,1528,0.062586926286509
"8511","8511",1582,1582,2072,0.309734513274336
"8512","8512",2551,2551,2641,0.0352802822422579
"19460","19460",2551,2551,2641,0.0352802822422579
"8514","8514",7895,7639,7278,-0.0781507283090564
"8515","8515",1819,1864,1999,0.0989554700384827
"8519","8519",3699,3678,4017,0.0859691808596918
"8520","8520",7136,7723,6912,-0.031390134529148
"8521","8521",5291,5245,5437,0.0275940275940276
"8522","8522",3466,3476,2842,-0.180034622042701
"8523","8523",4605,4605,4967,0.0786102062975027
"8525","8525",2790,2517,2373,-0.149462365591398
"8526","8526",3897,3345,3294,-0.15473441108545
"8528","8528",3015,3075,3065,0.0165837479270315
"8529","8529",6465,6194,5272,-0.184532095901005
"8530","8530",2780,2752,2965,0.0665467625899281
"8531","8531",2229,2261,2261,0.0143562135486765
"8532","8532",1941,1938,2008,0.0345182895414735
"8533","8533",6390,5917,5637,-0.117840375586854
"8534","8534",3855,4107,4894,0.269520103761349
"8535","8535",4181,4027,3858,-0.0772542453958383
"8536","8536",1244,1244,1244,0
"10953","10953",1244,1244,1244,0
"8537","8537",2925,2748,2748,-0.0605128205128205
"8538","8538",1706,1761,1705,-0.000586166471277843
"8539","8539",3533,3466,3037,-0.140390602887065
"8540","8540",4277,4385,4477,0.0467617488894085
"8542","8542",4073,4010,4329,0.0628529339553155
"8545","8545",2139,2162,2155,0.00748013090229079
"8546","8546",5165,4160,4394,-0.149273959341723
"8547","8547",4256,4233,4576,0.075187969924812
"8548","8548",3945,3889,4001,0.0141951837769328
"8549","8549",2548,2672,2730,0.0714285714285714
"10130","10130",2548,2672,2730,0.0714285714285714
"8550","8550",3533,3533,3591,0.0164166430795358
"8551","8551",3685,3168,2980,-0.191316146540027
"8552","8552",1706,1716,1701,-0.00293083235638921
"8553","8553",4324,4441,6368,0.472710453283996
"8554","8554",10931,11297,11109,0.0162839630408929
"8555","8555",3996,6551,3968,-0.00700700700700701
"19716","19716",3996,6551,3968,-0.00700700700700701
"8558","8558",5073,5406,4729,-0.0678099743741376
"8559","8559",3230,3250,2764,-0.144272445820433
"8560","8560",2455,2455,4461,0.817107942973523
"8561","8561",3491,3087,3145,-0.099112002291607
"8562","8562",4591,4591,4592,0.000217817468961011
"8563","8563",4256,4203,4248,-0.0018796992481203
"8564","8564",1073,1040,1029,-0.0410065237651445
"8565","8565",3938,3759,3600,-0.0858303707465719
"8566","8566",2103,2577,2202,0.0470756062767475
"8567","8567",2823,2823,2947,0.0439249025859015
"8569","8569",1692,1695,1571,-0.0715130023640662
"8570","8570",2695,2697,1347,-0.500185528756957
"12660","12660",2695,2697,1347,-0.500185528756957
"8571","8571",4535,4472,4596,0.0134509371554576
"8572","8572",2676,2733,2214,-0.172645739910314
"8573","8573",3627,3627,3943,0.0871243451888613
"8574","8574",6409,6370,5069,-0.209080979872055
"8575","8575",2664,2616,2362,-0.113363363363363
"8576","8576",1904,1884,1502,-0.211134453781513
"8577","8577",9031,8769,8709,-0.0356549662274388
"8578","8578",3127,3127,3127,0
"8579","8579",2793,2662,2732,-0.0218403150733978
"8580","8580",1322,1726,1329,0.00529500756429652
"8581","8581",2625,2628,2322,-0.115428571428571
"8582","8582",5352,7899,6912,0.291479820627803
"8583","8583",3741,3100,3112,-0.168136861801657
"8584","8584",1867,1936,1946,0.0423138725227638
"8585","8585",3813,3777,3798,-0.003933910306845
"16060","16060",3813,3777,3798,-0.003933910306845
"8586","8586",1864,2030,1928,0.0343347639484979
"8587","8587",5665,5778,5629,-0.00635481023830538
"8588","8588",7188,7083,6724,-0.0645520311630495
"8589","8589",9087,8846,8722,-0.0401672719269286
"8590","8590",2846,2921,2896,0.0175685172171469
"8591","8591",2350,2284,2404,0.0229787234042553
"8592","8592",3822,4204,3096,-0.189952904238619
"8593","8593",4190,4350,4237,0.0112171837708831
"8594","8594",10330,10201,12681,0.227589545014521
"8596","8596",2223,2104,1886,-0.151596941070625
"8597","8597",1990,1949,1344,-0.324623115577889
"8598","8598",5919,5936,5738,-0.0305794897786788
"8600","8600",2478,2406,2425,-0.0213882163034705
"15577","15577",2478,2406,2425,-0.0213882163034705
"8601","8601",4706,4656,5003,0.0631109222269443
"8602","8602",973,973,970,-0.00308324768756423
"8603","8603",1378,1600,1412,0.0246734397677794
"8604","8604",2179,2174,1399,-0.357962368058743
"8605","8605",7130,6585,5209,-0.269424964936886
"8606","8606",7672,7663,7148,-0.0683003128258603
"8607","8607",1956,2379,1823,-0.0679959100204499
"8608","8608",2287,2065,2092,-0.0852645386969829
"14660","14660",2287,2065,2092,-0.0852645386969829
"8609","8609",5019,5115,5017,-0.00039848575413429
"8610","8610",5237,5138,6726,0.284323085736108
"8611","8611",4964,4454,4448,-0.103948428686543
"8612","8612",1166,1167,687,-0.410806174957118
"8614","8614",3929,3929,3772,-0.0399592771697633
"8616","8616",1132,1148,1108,-0.0212014134275618
"8617","8617",2556,2543,1812,-0.291079812206573
"8618","8618",6041,6019,6696,0.108425757324946
"8619","8619",3279,4324,2277,-0.305580969807868
"11707","11707",3279,4324,2277,-0.305580969807868
"8620","8620",3863,3876,4220,0.0924152213305721
"8621","8621",1455,1462,1463,0.00549828178694158
"8622","8622",3044,3044,3075,0.0101839684625493
"8623","8623",2638,2325,2360,-0.10538286580743
"8624","8624",7642,7631,5301,-0.306333420570531
"8625","8625",3109,3106,2972,-0.0440656159536829
"8626","8626",2625,2630,1884,-0.282285714285714
"8627","8627",3504,3492,3013,-0.140125570776256
"8628","8628",1547,1547,932,-0.39754363283775
"8630","8630",1682,2082,1697,0.0089179548156956
"8631","8631",2100,2120,2120,0.00952380952380952
"8632","8632",8043,8036,6823,-0.151684694765635
"8633","8633",3711,3978,3888,0.047696038803557
"8634","8634",3759,3759,3872,0.0300611864857675
"8635","8635",3049,2620,2503,-0.179075106592325
"8636","8636",2381,2346,2327,-0.0226795464090718
"8637","8637",3422,3791,3769,0.101402688486265
"8638","8638",3911,3892,4202,0.0744055228841728
"8639","8639",1637,1637,1489,-0.0904092852779475
"8641","8641",4750,4322,4370,-0.08
"8642","8642",3206,3206,3189,-0.00530255770430443
"9232","9232",3206,3206,3189,-0.00530255770430443
"8644","8644",4249,4250,3109,-0.26829842315839
"8646","8646",2698,2764,2743,0.0166790214974055
"8647","8647",4704,4749,4724,0.00425170068027211
"8648","8648",2525,2709,2518,-0.00277227722772277
"8649","8649",1659,1659,1720,0.0367691380349608
"8650","8650",1781,2308,2315,0.299831555306008
"8651","8651",1441,1452,1056,-0.267175572519084
"8652","8652",3597,3418,3277,-0.0889630247428413
"8653","8653",1522,1522,1767,0.160972404730618
"8654","8654",2585,2585,2317,-0.103675048355899
"8655","8655",8069,8054,8057,-0.00148717313173875
"8656","8656",3616,3596,3655,0.0107853982300885
"8657","8657",2698,2665,2588,-0.0407709414381023
"8658","8658",7745,7675,7963,0.0281471917366043
"8659","8659",2926,2843,3172,0.0840738209159262
"8660","8660",3172,3172,2527,-0.203341740226986
"8661","8661",5677,5677,5656,-0.00369913686806412
"8662","8662",3060,3080,3110,0.0163398692810458
"18081","18081",3060,3080,3110,0.0163398692810458
"8663","8663",2474,2366,2645,0.0691188358932902
"8664","8664",5048,5048,4078,-0.192155309033281
"8665","8665",5213,5202,5113,-0.0191828122002686
"8666","8666",8287,8544,8188,-0.0119464221069144
"8667","8667",1923,1919,2010,0.0452418096723869
"8668","8668",2074,2430,2048,-0.0125361620057859
"8669","8669",2679,2695,2174,-0.188503172825681
"8670","8670",3194,3143,2893,-0.0942391984971822
"8671","8671",2210,2210,2211,0.000452488687782805
"8672","8672",3299,3289,2502,-0.241588360109124
"10836","10836",3299,3289,2502,-0.241588360109124
"19776","19776",3299,3289,2502,-0.241588360109124
"8673","8673",3557,3333,3118,-0.123418611189204
"8674","8674",1655,1644,1646,-0.0054380664652568
"8675","8675",1337,1337,1376,0.0291697830964847
"13911","13911",1337,1337,1376,0.0291697830964847
"8678","8678",1763,1679,1738,-0.0141803743618832
"8679","8679",2102,2236,2098,-0.00190294957183635
"8680","8680",3695,3645,3081,-0.16617050067659
"8681","8681",1126,1132,1001,-0.11101243339254
"8682","8682",1167,1170,1207,0.0342759211653813
"8683","8683",2055,2164,1957,-0.0476885644768856
"8684","8684",4400,4411,2906,-0.339545454545455
"8685","8685",1693,1693,1702,0.00531600708800945
"8686","8686",3154,3154,2986,-0.0532656943563729
"8688","8688",4933,4936,4894,-0.00790593959051287
"8689","8689",3449,3185,3283,-0.0481298927225283
"8692","8692",4411,4414,4517,0.0240308320108819
"8693","8693",1629,1487,1514,-0.0705954573357888
"8694","8694",12976,15883,13711,0.0566430332922318
"8695","8695",3348,3323,3234,-0.0340501792114695
"8697","8697",3498,3352,3404,-0.0268724985706118
"8698","8698",2563,2263,2279,-0.110807647288334
"8700","8700",10424,9952,9793,-0.0605333844973139
"8702","8702",3860,3479,3336,-0.135751295336788
"8703","8703",3362,3387,4324,0.286139202855443
"8704","8704",2325,2325,2047,-0.119569892473118
"8705","8705",1806,1805,1814,0.0044296788482835
"8706","8706",5553,5551,4801,-0.135422294255357
"8707","8707",2396,2308,2593,0.082220367278798
"8708","8708",5003,5000,4291,-0.14231461123326
"8709","8709",4667,4703,5463,0.170559245768159
"8710","8710",7669,7634,6721,-0.123614552092841
"8711","8711",3206,3402,2999,-0.0645664379288833
"8712","8712",2933,2925,2704,-0.0780770542107058
"8713","8713",3862,4580,4347,0.12558259968928
"8714","8714",1292,1429,1294,0.00154798761609907
"8715","8715",1462,1441,1311,-0.10328317373461
"15563","15563",1462,1441,1311,-0.10328317373461
"8716","8716",4547,4858,4344,-0.0446448207609413
"8717","8717",9691,10195,9503,-0.0193994427819626
"8718","8718",10022,11275,10628,0.0604669726601477
"8719","8719",7951,7939,10406,0.308766192931707
"8720","8720",2940,3259,2701,-0.0812925170068027
"8721","8721",2234,2237,2339,0.0470008952551477
"8722","8722",1958,1961,2200,0.123595505617978
"8723","8723",7921,7880,7340,-0.0733493245802298
"8724","8724",4011,4622,3776,-0.0585888805784094
"8725","8725",4113,4193,4181,0.0165329443228787
"8727","8727",5192,5341,5660,0.0901386748844376
"8728","8728",3063,3060,2788,-0.0897812602024159
"8729","8729",7976,8938,7791,-0.0231945837512538
"8730","8730",5504,6058,5388,-0.0210755813953488
"8731","8731",5573,5641,5890,0.0568813924277768
"8732","8732",2009,2228,1688,-0.159780985564958
"8733","8733",1914,2662,2726,0.424242424242424
"8734","8734",2408,2116,2117,-0.120847176079734
"8735","8735",4090,3546,2962,-0.275794621026895
"8736","8736",3948,4074,4291,0.0868794326241135
"8737","8737",8096,8100,7323,-0.0954792490118577
"8738","8738",2680,2682,2697,0.00634328358208955
"8739","8739",3174,3178,3180,0.00189035916824197
"8740","8740",6940,6899,6432,-0.0731988472622478
"12598","12598",6940,6899,6432,-0.0731988472622478
"8741","8741",5738,5971,5840,0.0177762286510979
"8742","8742",9695,9773,9765,0.0072202166064982
"8743","8743",914,1270,876,-0.0415754923413567
"8744","8744",2725,2725,2424,-0.11045871559633
"12014","12014",2725,2725,2424,-0.11045871559633
"8745","8745",3159,3189,2765,-0.124723013611902
"8746","8746",4229,3277,3818,-0.0971860960037834
"8748","8748",4632,4244,4056,-0.124352331606218
"8749","8749",6725,6773,6540,-0.0275092936802974
"8750","8750",2221,2224,1851,-0.166591625393967
"8751","8751",3789,3447,3634,-0.0409078912641858
"8752","8752",2205,2209,2152,-0.0240362811791383
"13070","13070",2205,2209,2152,-0.0240362811791383
"8753","8753",8819,8894,8642,-0.0200703027554144
"8754","8754",4120,4143,4148,0.00679611650485437
"8755","8755",3052,3053,2986,-0.0216251638269987
"8756","8756",3882,2944,3462,-0.108191653786708
"8757","8757",4236,4916,5009,0.182483474976393
"8758","8758",6446,6257,6199,-0.0383183369531492
"8759","8759",2800,2870,2869,0.0246428571428571
"8760","8760",1572,1568,1579,0.0044529262086514
"12537","12537",1572,1568,1579,0.0044529262086514
"8761","8761",5683,5686,5165,-0.0911490409994721
"8762","8762",3825,3828,3801,-0.00627450980392157
"8763","8763",2667,2150,1979,-0.257967754030746
"8764","8764",4667,4642,4826,0.0340689950717806
"8765","8765",3180,3180,3057,-0.0386792452830189
"11023","11023",3180,3180,3057,-0.0386792452830189
"8766","8766",2061,2128,2131,0.0339640950994663
"13927","13927",2061,2128,2131,0.0339640950994663
"8767","8767",2068,2068,2198,0.062862669245648
"8768","8768",11551,9471,9341,-0.191325426370011
"8769","8769",2765,2370,2336,-0.155153707052441
"8770","8770",8006,8222,8120,0.0142393205096178
"8771","8771",9046,9129,12416,0.372540349325669
"8772","8772",7160,7161,7115,-0.00628491620111732
"8774","8774",1783,1898,1726,-0.0319685922602356
"8775","8775",2800,2580,2483,-0.113214285714286
"8776","8776",4107,3958,3771,-0.0818115412710007
"8778","8778",3311,3308,3028,-0.0854726668680157
"8779","8779",6203,6597,5413,-0.127357730130582
"8780","8780",2606,2279,2776,0.0652340752110514
"8781","8781",4299,4304,4148,-0.0351244475459409
"8783","8783",7369,7372,9978,0.354050753155109
"8784","8784",3536,3172,2920,-0.17420814479638
"8785","8785",2598,1868,2059,-0.207467282525019
"8786","8786",10020,10351,9856,-0.0163672654690619
"8787","8787",1699,1700,1749,0.0294290759270159
"8788","8788",3673,3682,3613,-0.0163354206370814
"8789","8789",2984,2836,2742,-0.0810991957104558
"8790","8790",2030,2030,1197,-0.410344827586207
"8791","8791",3194,3191,2891,-0.0948653725735755
"8792","8792",1928,1899,2427,0.258817427385892
"8794","8794",2280,2227,2272,-0.00350877192982456
"8795","8795",1931,1931,1556,-0.194199896426722
"18912","18912",1931,1931,1556,-0.194199896426722
"8796","8796",5053,5237,4122,-0.184246981990897
"8797","8797",2904,2906,2102,-0.276170798898072
"8798","8798",5668,5568,6407,0.130381086803105
"15865","15865",5668,5568,6407,0.130381086803105
"8799","8799",2577,2646,2715,0.0535506402793946
"8800","8800",8445,8454,8335,-0.0130254588513914
"8801","8801",3669,3577,3412,-0.0700463341509948
"8802","8802",1456,1456,1445,-0.00755494505494505
"8803","8803",4320,4434,4315,-0.00115740740740741
"8805","8805",2747,2769,2316,-0.156898434655988
"8806","8806",2069,2071,2087,0.00869985500241663
"18595","18595",2069,2071,2087,0.00869985500241663
"8807","8807",3682,3321,3099,-0.158337859858772
"8808","8808",4732,4851,4728,-0.00084530853761623
"8809","8809",1657,1840,1805,0.0893180446590223
"8810","8810",5602,5732,5978,0.0671188861121028
"8811","8811",3942,3884,3705,-0.0601217656012177
"12265","12265",3942,3884,3705,-0.0601217656012177
"8812","8812",6508,5893,4956,-0.238475722188076
"15013","15013",6508,5893,4956,-0.238475722188076
"8813","8813",955,955,955,0
"8814","8814",1949,1963,1949,0
"8815","8815",1171,1168,1090,-0.0691716481639624
"8816","8816",5520,5529,4360,-0.210144927536232
"8817","8817",1706,1742,1742,0.0211019929660023
"8818","8818",1402,1446,1309,-0.0663338088445078
"8819","8819",1507,1687,1673,0.110152621101526
"8820","8820",4035,3953,3677,-0.088723667905824
"8821","8821",2679,2701,2611,-0.0253826054497947
"8822","8822",3125,3680,2728,-0.12704
"8823","8823",1883,2219,2719,0.443972384492831
"13811","13811",1883,2219,2719,0.443972384492831
"8824","8824",2361,2321,2175,-0.0787801778907243
"8825","8825",5803,5774,5863,0.0103394795795278
"8826","8826",4119,4360,4609,0.118960912842923
"8827","8827",5018,4970,4815,-0.0404543642885612
"8828","8828",3346,3287,2897,-0.134190077704722
"8829","8829",4983,4994,4664,-0.0640176600441501
"8831","8831",2055,2003,2000,-0.0267639902676399
"8834","8834",3450,3004,3065,-0.111594202898551
"8835","8835",10124,10190,10280,0.0154089292769656
"8836","8836",1788,1797,1773,-0.00838926174496644
"8837","8837",8220,8174,7067,-0.140267639902676
"8838","8838",5028,4876,4426,-0.119729514717582
"8839","8839",4237,4207,3847,-0.0920462591456219
"8840","8840",6720,6607,6070,-0.0967261904761905
"8841","8841",2508,2541,2422,-0.0342902711323764
"8842","8842",2137,2089,2319,0.0851661207299953
"8843","8843",2452,1936,1717,-0.299755301794454
"8844","8844",2260,2254,1635,-0.276548672566372
"8845","8845",5294,5222,5561,0.05043445409898
"8846","8846",5046,5063,4613,-0.0858105430043599
"8847","8847",1098,1079,1231,0.121129326047359
"8848","8848",7343,8144,7807,0.0631894321122157
"8849","8849",2988,2946,2989,0.000334672021419009
"8850","8850",1539,1537,1833,0.191033138401559
"8851","8851",1995,1986,2063,0.0340852130325815
"8852","8852",2683,2816,2714,0.0115542303391726
"8853","8853",8947,9573,8570,-0.0421370291717894
"8854","8854",3462,3462,2618,-0.243789716926632
"8855","8855",1960,1946,1996,0.0183673469387755
"8856","8856",4369,4332,4161,-0.0476081483176928
"8857","8857",3717,3691,3649,-0.0182943233790691
"8858","8858",5480,4747,4398,-0.197445255474453
"8859","8859",2908,2907,2916,0.00275103163686382
"8860","8860",5033,5192,4715,-0.0631829922511425
"8861","8861",2328,2329,2164,-0.070446735395189
"8862","8862",2637,2605,2564,-0.0276829730754645
"8863","8863",1590,1590,1353,-0.149056603773585
"8864","8864",2884,2876,2932,0.0166435506241331
"12148","12148",2884,2876,2932,0.0166435506241331
"8865","8865",4261,4569,4152,-0.0255808495658296
"8866","8866",2915,2849,3103,0.0644939965694683
"8868","8868",4397,4291,4103,-0.066863770752786
"8869","8869",3011,3013,3142,0.0435071404848887
"8870","8870",1547,1374,1445,-0.0659340659340659
"8872","8872",1957,1959,1925,-0.0163515585079203
"8873","8873",2968,2549,2549,-0.141172506738544
"8874","8874",6554,6857,6350,-0.0311260299054013
"8876","8876",1299,1298,1295,-0.00307929176289453
"8877","8877",3894,3918,3850,-0.0112994350282486
"8878","8878",768,768,733,-0.0455729166666667
"8879","8879",3317,3317,3342,0.00753693096171239
"8880","8880",8880,8939,9072,0.0216216216216216
"8881","8881",2088,2132,2143,0.0263409961685824
"18775","18775",2088,2132,2143,0.0263409961685824
"8882","8882",2621,2616,2617,-0.00152613506295307
"8883","8883",2550,2447,2536,-0.00549019607843137
"8884","8884",1412,1605,1498,0.0609065155807365
"8885","8885",1957,1937,2187,0.117526826775677
"19569","19569",1957,1937,2187,0.117526826775677
"8886","8886",2684,2716,2563,-0.0450819672131148
"16000","16000",2684,2716,2563,-0.0450819672131148
"8888","8888",1771,1771,1881,0.062111801242236
"8889","8889",6048,5945,6179,0.0216600529100529
"8890","8890",2161,2161,1959,-0.0934752429430819
"8891","8891",2207,2207,2207,0
"8892","8892",8876,8819,6358,-0.283686345200541
"8893","8893",4688,5494,3788,-0.1919795221843
"8894","8894",5174,5185,5366,0.0371086200231929
"8895","8895",5707,5666,7170,0.256351848606974
"8896","8896",1831,1861,1701,-0.070999453850355
"8898","8898",3211,3143,3227,0.00498287137963251
"8899","8899",2148,2146,2165,0.00791433891992551
"8900","8900",1722,1722,2262,0.313588850174216
"8901","8901",2843,3402,2845,0.000703482237073514
"8902","8902",6841,7643,7263,0.0616868878818886
"8903","8903",3274,3779,3561,0.0876603543066585
"8904","8904",1406,1306,1292,-0.0810810810810811
"8905","8905",1786,2079,2146,0.201567749160134
"8906","8906",4057,3643,3470,-0.144688193246241
"8907","8907",8926,8943,7354,-0.176114721039659
"8908","8908",6202,6332,5409,-0.12786198000645
"8909","8909",1278,1280,1280,0.00156494522691706
"8910","8910",2115,2116,2309,0.091725768321513
"8911","8911",4301,4861,3940,-0.0839339688444548
"8913","8913",3580,3075,3034,-0.152513966480447
"8914","8914",5417,5417,5310,-0.0197526306073472
"8915","8915",6223,6223,6374,0.0242648240398522
"8916","8916",3723,3779,3024,-0.187751813053989
"8917","8917",2145,2264,2401,0.119347319347319
"8918","8918",1874,1849,1750,-0.0661686232657417
"8919","8919",1643,1720,1828,0.112598904443092
"8920","8920",1530,1530,1526,-0.00261437908496732
"8921","8921",7494,7494,7114,-0.0507072324526288
"8922","8922",4518,4499,4383,-0.0298804780876494
"8923","8923",3820,3808,3715,-0.0274869109947644
"8924","8924",4046,4037,4196,0.037073652990608
"8925","8925",5873,6033,6259,0.0657245019581134
"8926","8926",2733,2751,2782,0.0179290157336261
"14764","14764",2733,2751,2782,0.0179290157336261
"8927","8927",3957,3957,3575,-0.0965377811473338
"8928","8928",3176,3173,2905,-0.0853274559193955
"8929","8929",1331,1370,1293,-0.02854996243426
"8931","8931",3527,3390,3406,-0.0343067762971364
"8932","8932",1697,1700,1645,-0.0306423099587507
"8933","8933",5182,5191,4606,-0.111153994596681
"8934","8934",4946,4958,4819,-0.0256773150020218
"8935","8935",9281,9555,8399,-0.0950328628380562
"8937","8937",4086,4215,4357,0.0663240332843857
"8938","8938",2656,2657,2668,0.00451807228915663
"8939","8939",2204,2215,2104,-0.0453720508166969
"8940","8940",1706,1517,1800,0.0550996483001172
"8941","8941",2772,2771,2816,0.0158730158730159
"8942","8942",2974,2977,3412,0.147276395427034
"19963","19963",2974,2977,3412,0.147276395427034
"8943","8943",11315,12122,10454,-0.0760936809544852
"8944","8944",2509,3825,2438,-0.0282981267437226
"8945","8945",5273,5109,4763,-0.0967191352171439
"8946","8946",1771,1477,1508,-0.148503670242801
"8947","8947",9694,10009,11062,0.141118217454095
"8948","8948",7130,7130,8989,0.260729312762973
"8949","8949",3478,3349,3750,0.078205865439908
"8950","8950",1482,1490,2627,0.772604588394062
"8951","8951",832,831,1071,0.287259615384615
"8952","8952",11291,11466,9529,-0.156053493933221
"8953","8953",3821,5501,4819,0.261188170635959
"8954","8954",2789,2729,3072,0.101470060953747
"8955","8955",11891,12131,9012,-0.242115885964175
"8956","8956",5718,5436,5383,-0.0585869185029731
"8957","8957",5741,5856,5561,-0.0313534227486501
"8958","8958",2015,2011,1848,-0.08287841191067
"8960","8960",4506,4522,4533,0.00599201065246338
"8961","8961",2719,2750,2837,0.0433983082015447
"8962","8962",4454,4220,4053,-0.0900314324202964
"8963","8963",2639,2639,2633,-0.00227358848048503
"8964","8964",4834,4983,4855,0.0043442283822921
"8966","8966",5583,5800,5241,-0.061257388500806
"8967","8967",1461,1484,1627,0.113620807665982
"8968","8968",4243,4243,4254,0.00259250530285176
"8969","8969",4465,4764,4980,0.115341545352744
"8970","8970",1223,1232,2154,0.761242845461979
"8971","8971",2115,2170,2097,-0.00851063829787234
"9291","9291",2115,2170,2097,-0.00851063829787234
"8972","8972",4390,4947,4757,0.0835990888382688
"8974","8974",4115,4117,4752,0.154799513973269
"8975","8975",3724,3717,3158,-0.151987110633727
"8976","8976",7498,9330,7521,0.00306748466257669
"8977","8977",2770,2930,2537,-0.084115523465704
"8978","8978",6254,6144,6494,0.0383754397185801
"8979","8979",3479,3482,2799,-0.195458465076171
"8980","8980",7719,7927,7095,-0.0808394869801788
"8981","8981",2316,3373,2651,0.144645941278066
"8982","8982",7015,7046,6228,-0.112188168210976
"8983","8983",9568,9525,8837,-0.0764005016722408
"8984","8984",3820,3759,3764,-0.0146596858638743
"8985","8985",4993,4924,4716,-0.0554776687362307
"8986","8986",1440,1435,1352,-0.0611111111111111
"8987","8987",1238,1240,757,-0.388529886914378
"8989","8989",8039,8005,8039,0
"8990","8990",4126,3827,2539,-0.384634028114397
"8991","8991",3999,4899,3570,-0.107276819204801
"8992","8992",2162,2025,1779,-0.177150786308973
"8993","8993",2909,2498,2851,-0.0199381230663458
"8994","8994",3518,3433,2191,-0.377202956225128
"8995","8995",4199,4202,4201,0.000476303881876637
"8996","8996",2008,1840,1839,-0.0841633466135458
"8997","8997",1950,1950,1927,-0.0117948717948718
"8998","8998",2128,2257,2814,0.322368421052632
"8999","8999",2705,2705,2660,-0.0166358595194085
"9000","9000",4059,4048,3916,-0.035230352303523
"9001","9001",2302,2353,2455,0.0664639443961772
"9002","9002",2760,2976,2860,0.036231884057971
"9003","9003",1387,1423,1414,0.0194664744051911
"9004","9004",4716,4718,4211,-0.107082273112807
"9005","9005",4231,4218,4635,0.0954857007799575
"9006","9006",3362,3365,3305,-0.0169541939321832
"9007","9007",5208,5215,5264,0.010752688172043
"9008","9008",2411,2400,2181,-0.0953961012028204
"9009","9009",4540,5169,4496,-0.00969162995594714
"9010","9010",2195,2195,2241,0.0209567198177677
"9521","9521",2195,2195,2241,0.0209567198177677
"9011","9011",2161,2067,2103,-0.026839426191578
"9013","9013",1487,1487,1178,-0.207800941492939
"9014","9014",1313,1291,1372,0.0449352627570449
"9015","9015",1957,1894,1902,-0.028104241185488
"9016","9016",2081,2086,2065,-0.00768861124459395
"9017","9017",4884,5044,4381,-0.102989352989353
"9018","9018",1556,1310,1322,-0.150385604113111
"9019","9019",4459,4304,3416,-0.233908948194662
"9020","9020",982,994,925,-0.0580448065173116
"9021","9021",3871,3854,4002,0.0338413846551279
"9022","9022",5166,5133,3653,-0.292876500193573
"9023","9023",3420,3412,3504,0.0245614035087719
"9024","9024",1826,1821,1878,0.0284775465498357
"9025","9025",4736,4737,5006,0.0570101351351351
"9027","9027",1671,1615,1699,0.0167564332734889
"9028","9028",2892,2881,3199,0.106154910096819
"9029","9029",10047,9999,9689,-0.0356325271225241
"9030","9030",7198,7678,6865,-0.0462628507918866
"9031","9031",1159,1163,1154,-0.00431406384814495
"9032","9032",3660,3735,3423,-0.0647540983606557
"9034","9034",5960,5888,4989,-0.162919463087248
"9035","9035",3189,3145,3221,0.0100344935716526
"9036","9036",1533,1197,1573,0.0260926288323549
"9037","9037",8223,8084,8473,0.0304025294904536
"9039","9039",2734,2716,2988,0.0929041697147037
"9040","9040",8368,8558,7464,-0.108030592734226
"9041","9041",11054,11785,9398,-0.149810023520897
"9042","9042",4343,4347,4077,-0.0612479852636426
"9043","9043",876,876,965,0.101598173515982
"9044","9044",2697,2644,2763,0.0244716351501669
"9045","9045",3386,3482,3258,-0.0378027170702894
"9046","9046",7972,7974,8202,0.0288509784244857
"9047","9047",2235,2138,2680,0.19910514541387
"9048","9048",1795,1672,1849,0.03008356545961
"9049","9049",4496,4533,4367,-0.0286921708185053
"9051","9051",5432,5429,4915,-0.0951767304860088
"9052","9052",1980,1980,2256,0.139393939393939
"9053","9053",7726,8048,7564,-0.0209681594615584
"9054","9054",4141,4145,4135,-0.00144892538034291
"9055","9055",6571,6632,7156,0.0890275452746918
"9056","9056",4053,3791,3595,-0.113002714038983
"9057","9057",1114,1150,1349,0.210951526032316
"9059","9059",4912,4958,4778,-0.0272801302931596
"9060","9060",1968,1975,2191,0.113313008130081
"9061","9061",2089,2086,1938,-0.0722833891814265
"9062","9062",4083,4082,4176,0.0227773695811903
"9063","9063",2994,3790,4123,0.377087508350033
"9064","9064",3745,3740,3861,0.0309746328437917
"9065","9065",5353,5089,5076,-0.0517466841023725
"9066","9066",2117,2129,2226,0.0514879546528106
"18892","18892",2117,2129,2226,0.0514879546528106
"9067","9067",3893,3911,3530,-0.0932442846134087
"15002","15002",3893,3911,3530,-0.0932442846134087
"9068","9068",2528,2236,2147,-0.150712025316456
"18219","18219",2528,2236,2147,-0.150712025316456
"9069","9069",2362,2362,2403,0.0173581710414903
"9070","9070",6389,6021,6157,-0.0363124119580529
"9071","9071",3616,4108,3105,-0.141316371681416
"9072","9072",8105,8618,7192,-0.112646514497224
"9073","9073",8458,8736,7634,-0.0974225585244739
"9074","9074",4944,5033,4588,-0.0720064724919094
"9075","9075",3945,3665,3339,-0.15361216730038
"9076","9076",2713,2713,2730,0.0062661260597125
"9077","9077",3248,3247,3119,-0.0397167487684729
"9079","9079",3147,3295,3337,0.0603749602796314
"9080","9080",961,960,1022,0.0634755463059313
"9081","9081",3341,4668,4611,0.38012571086501
"9082","9082",4380,4386,4287,-0.0212328767123288
"9083","9083",2935,2886,2885,-0.0170357751277683
"9084","9084",3623,3289,3148,-0.131106817554513
"9086","9086",9839,11373,9758,-0.00823254395771928
"9087","9087",2745,2745,2125,-0.225865209471767
"9088","9088",3852,3211,3288,-0.146417445482866
"9089","9089",7387,7353,4267,-0.422363611750372
"9090","9090",2603,2906,2285,-0.122166730695352
"9091","9091",4498,4667,4095,-0.0895953757225433
"9092","9092",4896,5230,4735,-0.0328839869281046
"9093","9093",3327,3328,3348,0.00631199278629396
"9094","9094",3082,3228,3233,0.0489941596365996
"9095","9095",6785,6694,6801,0.0023581429624171
"9097","9097",4781,4754,5129,0.0727881196402426
"9099","9099",2394,2383,2217,-0.0739348370927318
"9100","9100",5948,5939,9443,0.58759246805649
"9102","9102",2980,2927,2801,-0.0600671140939597
"9103","9103",1418,1460,1467,0.034555712270804
"9104","9104",4466,2541,2698,-0.395879982086879
"9105","9105",3892,3768,3412,-0.123329907502569
"9106","9106",8700,8685,9103,0.0463218390804598
"9107","9107",3590,3225,6069,0.690529247910864
"9108","9108",3189,3180,3760,0.179052994669175
"9109","9109",7972,7875,7632,-0.0426492724535876
"9111","9111",5072,5049,3150,-0.378943217665615
"9112","9112",1774,1803,1604,-0.0958286358511838
"9113","9113",5401,4335,3878,-0.281984817626366
"9114","9114",6711,6294,5292,-0.211443898077783
"9115","9115",2436,2471,2324,-0.0459770114942529
"9117","9117",9137,9214,9276,0.0152128707453212
"9118","9118",1684,1687,1475,-0.124109263657957
"9119","9119",7689,7680,9620,0.251137989335414
"9120","9120",4522,4549,4544,0.00486510393631137
"9121","9121",2685,2372,2326,-0.133705772811918
"9122","9122",4066,4061,3765,-0.074028529267093
"9123","9123",1545,1553,1740,0.12621359223301
"9124","9124",1843,1815,1860,0.00922409115572436
"9125","9125",1274,1088,1124,-0.117739403453689
"9126","9126",1042,1037,1072,0.0287907869481766
"9127","9127",5069,5147,4880,-0.0372854606431249
"9128","9128",2916,2918,3394,0.163923182441701
"9129","9129",2405,2405,2159,-0.102286902286902
"9130","9130",5981,5468,6649,0.111687008861394
"9131","9131",9034,7878,6999,-0.225260128403808
"9132","9132",3938,2988,3320,-0.156932453021839
"9134","9134",3851,3733,4214,0.0942612308491301
"9135","9135",4653,4863,3911,-0.15946701053084
"9136","9136",2541,2541,2551,0.00393545848091303
"9137","9137",1742,1759,1953,0.121125143513203
"9138","9138",2436,2436,2378,-0.0238095238095238
"9139","9139",2372,2375,1949,-0.178330522765599
"9140","9140",1833,1826,1828,-0.00272776868521549
"15083","15083",1833,1826,1828,-0.00272776868521549
"9141","9141",3195,3195,2967,-0.0713615023474178
"9142","9142",4999,4942,5069,0.014002800560112
"9143","9143",4913,5188,5139,0.0460004070832485
"9144","9144",1540,1540,1527,-0.00844155844155844
"9145","9145",2792,2792,3088,0.106017191977077
"9146","9146",2631,2702,2702,0.0269859369061193
"9147","9147",6701,6692,9918,0.480077600358155
"10182","10182",6701,6692,9918,0.480077600358155
"9148","9148",7553,7519,4073,-0.460744075201907
"9149","9149",2779,2341,2410,-0.132781576106513
"9150","9150",3031,3065,3027,-0.00131969646981194
"9151","9151",513,513,513,0
"9152","9152",11775,11638,11314,-0.0391507430997877
"9153","9153",5207,5197,5044,-0.0313040138275398
"9154","9154",8937,8877,6538,-0.268434597739734
"9156","9156",2628,2676,2739,0.0422374429223744
"9157","9157",5287,5245,5251,-0.00680915452997919
"9158","9158",8612,8778,8855,0.0282164421737111
"9159","9159",3599,3715,3710,0.0308419005279244
"19213","19213",3599,3715,3710,0.0308419005279244
"9160","9160",1294,1294,1400,0.0819165378670788
"9161","9161",2335,2335,2354,0.00813704496788009
"15901","15901",2335,2335,2354,0.00813704496788009
"18867","18867",2335,2335,2354,0.00813704496788009
"9162","9162",3165,3145,2999,-0.0524486571879937
"9163","9163",4112,4065,3651,-0.112110894941634
"9164","9164",4101,3726,3287,-0.198488173616191
"9165","9165",5112,5074,5017,-0.0185837245696401
"9166","9166",4784,4747,4862,0.016304347826087
"9167","9167",2588,2575,2711,0.0475270479134467
"9168","9168",3196,3196,3206,0.00312891113892365
"9169","9169",2964,2975,3587,0.210188933873144
"9170","9170",2088,2221,1979,-0.0522030651340996
"9171","9171",3391,3394,3294,-0.0286051312297257
"9172","9172",5459,5455,5337,-0.0223484154607071
"9173","9173",3915,3939,3931,0.00408684546615581
"9174","9174",2738,2733,2453,-0.10409057706355
"9175","9175",2210,2206,2350,0.0633484162895928
"9176","9176",11286,10809,14079,0.247474747474747
"9177","9177",1607,1659,1488,-0.074051026757934
"17338","17338",1607,1659,1488,-0.074051026757934
"9178","9178",1033,895,1101,0.0658276863504356
"9179","9179",4188,3991,3976,-0.0506208213944604
"9180","9180",2685,2631,2295,-0.145251396648045
"9181","9181",6035,6751,5670,-0.0604805302402651
"9182","9182",4623,4609,4664,0.00886869997836902
"9183","9183",1876,1826,1822,-0.0287846481876333
"9184","9184",2143,2142,2003,-0.0653289780681288
"9185","9185",4018,3902,4304,0.0711796913887506
"9186","9186",3153,3130,3047,-0.0336187757691088
"9187","9187",8578,8578,12614,0.470505945441828
"9188","9188",3689,3692,5485,0.486852805638384
"9190","9190",7972,9240,9327,0.169969894631209
"9191","9191",11760,14907,13189,0.121513605442177
"9192","9192",2769,2544,2845,0.0274467316720838
"9193","9193",7599,7657,8525,0.121858139228846
"9194","9194",1229,1229,1269,0.032546786004882
"9195","9195",1284,1279,1198,-0.0669781931464174
"9196","9196",2988,2894,3070,0.0274431057563588
"9197","9197",1241,889,891,-0.282030620467365
"9199","9199",1968,1960,1995,0.013719512195122
"9200","9200",3242,2969,3279,0.0114127082048118
"9201","9201",6093,5145,4779,-0.215657311669129
"9202","9202",3470,3470,3119,-0.101152737752161
"18237","18237",3470,3470,3119,-0.101152737752161
"9203","9203",4857,5571,4752,-0.0216182828906733
"9204","9204",6749,6910,7215,0.0690472662616684
"9205","9205",2593,2596,4244,0.636714230620902
"9206","9206",6920,7188,7166,0.0355491329479769
"9208","9208",3303,3602,3819,0.15622161671208
"9209","9209",9648,10081,7450,-0.227819237147595
"9210","9210",2065,2055,2018,-0.0227602905569007
"9212","9212",3180,3373,3263,0.0261006289308176
"9213","9213",1279,1271,1348,0.053948397185301
"9214","9214",2786,2791,2487,-0.107322325915291
"9215","9215",3195,3077,2976,-0.0685446009389671
"9217","9217",3404,3414,2621,-0.230023501762632
"9218","9218",6850,6231,5901,-0.138540145985401
"9219","9219",1048,1048,1050,0.00190839694656489
"9220","9220",3817,3811,5755,0.507728582656537
"9221","9221",1329,4423,1330,0.000752445447705041
"9223","9223",5025,5192,4956,-0.0137313432835821
"9224","9224",4747,4720,4977,0.0484516536760059
"9225","9225",4320,4908,4011,-0.0715277777777778
"18537","18537",4320,4908,4011,-0.0715277777777778
"9226","9226",1901,1901,2225,0.170436612309311
"9227","9227",2845,2914,2703,-0.0499121265377856
"9228","9228",2426,2462,2309,-0.0482275350370981
"9229","9229",7822,7904,7747,-0.00958834057785733
"9230","9230",4775,4996,4444,-0.0693193717277487
"9231","9231",3465,3306,3943,0.137950937950938
"9233","9233",2434,1941,1899,-0.219802793755136
"9234","9234",3097,3097,3946,0.274136260897643
"9235","9235",5002,5188,4284,-0.143542582966813
"9236","9236",8941,9005,8977,0.00402639525780114
"9237","9237",3786,3579,3565,-0.0583729529846804
"9238","9238",4738,5075,4359,-0.0799915576192486
"9239","9239",12431,13574,13196,0.0615396991392487
"9240","9240",2155,2157,2162,0.00324825986078886
"9241","9241",7371,7226,7144,-0.0307963641296975
"9242","9242",8927,9001,8065,-0.0965609947350734
"9243","9243",4769,4760,7890,0.654434892010904
"9244","9244",8187,8237,8116,-0.00867228533040186
"9245","9245",2023,2217,2546,0.25852694018784
"9246","9246",1921,1914,1571,-0.182196772514315
"9247","9247",768,768,768,0
"9248","9248",7897,7883,7042,-0.108268962897303
"9249","9249",3465,3443,3516,0.0147186147186147
"9250","9250",4066,4030,4051,-0.00368912936546975
"9251","9251",2663,2790,2634,-0.0108899737138566
"9252","9252",9661,9662,8810,-0.0880861194493324
"9253","9253",2638,2617,2457,-0.0686125852918878
"9254","9254",3546,3629,3618,0.0203045685279188
"9255","9255",1592,1631,1713,0.0760050251256281
"9256","9256",3022,3034,3032,0.00330906684315023
"9257","9257",3602,3604,3460,-0.0394225430316491
"9258","9258",1765,1781,1804,0.0220963172804533
"9259","9259",3674,3581,3604,-0.0190528034839412
"9260","9260",4665,4671,4405,-0.0557341907824223
"9261","9261",5314,4194,3703,-0.303161460293564
"9262","9262",3634,3124,3022,-0.168409466152999
"9263","9263",2193,1940,1538,-0.298677610579115
"9264","9264",3146,3282,2191,-0.303560076287349
"19634","19634",3146,3282,2191,-0.303560076287349
"9265","9265",4570,4570,4410,-0.0350109409190372
"9266","9266",2713,2690,2686,-0.00995208256542573
"9267","9267",1614,1614,1621,0.00433705080545229
"9268","9268",3707,4184,3482,-0.0606959805772862
"9269","9269",1988,1910,2449,0.231891348088531
"9270","9270",3880,3920,3972,0.0237113402061856
"9271","9271",1595,1601,1932,0.21128526645768
"9272","9272",4930,4876,7308,0.482352941176471
"9273","9273",4349,3935,3985,-0.0836974017015406
"9274","9274",2184,2025,1795,-0.178113553113553
"9275","9275",1774,1930,1784,0.0056369785794814
"9276","9276",5826,5807,6155,0.0564709921043598
"9277","9277",2689,2805,2804,0.0427668278170324
"9278","9278",5546,5466,5557,0.00198341146772449
"9279","9279",3828,4108,3808,-0.00522466039707419
"9280","9280",2172,2253,1984,-0.0865561694290976
"9281","9281",3672,3384,3126,-0.148692810457516
"9282","9282",5798,5862,6198,0.0689893066574681
"9283","9283",876,888,889,0.0148401826484018
"9284","9284",3016,3571,2641,-0.124336870026525
"9285","9285",2867,2867,2348,-0.181025462155563
"9286","9286",3850,3828,3702,-0.0384415584415584
"9287","9287",10757,10862,10927,0.0158036627312448
"9288","9288",1802,1643,1465,-0.187014428412875
"9289","9289",7810,7819,8419,0.0779769526248399
"9290","9290",4098,4094,3934,-0.0400195217179112
"9292","9292",3049,3105,3063,0.00459166939980321
"9293","9293",4850,4796,4908,0.0119587628865979
"9294","9294",1581,1582,2463,0.557874762808349
"9295","9295",7394,7989,6624,-0.104138490668109
"9296","9296",1996,1995,1586,-0.205410821643287
"9297","9297",3886,3975,3801,-0.0218733916623778
"9298","9298",4373,4074,4231,-0.0324719871941459
"9299","9299",1547,1931,1658,0.0717517776341306
"9300","9300",5366,5540,4323,-0.1943719716735
"9301","9301",13995,12467,13039,-0.0683101107538407
"9302","9302",2924,2649,2688,-0.0807113543091655
"9303","9303",6833,7055,5323,-0.22098638957998
"9304","9304",3716,3722,3629,-0.0234122712594187
"9305","9305",6286,6152,6178,-0.0171810372255807
"9306","9306",4825,4836,3486,-0.277512953367876
"9307","9307",2429,3492,2798,0.151914368052697
"9309","9309",4088,3977,3909,-0.0437866927592955
"9310","9310",3019,3019,6210,1.0569725074528
"9311","9311",5531,5256,5096,-0.078647622491412
"9312","9312",3112,3295,3309,0.0633033419023136
"9313","9313",9437,9414,9305,-0.0139874960262795
"9314","9314",1431,1431,1800,0.257861635220126
"9315","9315",6991,6959,6561,-0.0615076526963238
"9316","9316",4508,4424,6087,0.350266193433895
"9317","9317",3212,3204,3341,0.0401618929016189
"9318","9318",3911,3869,2995,-0.234211199181795
"9319","9319",4126,4229,4599,0.11463887542414
"9320","9320",6614,5709,8927,0.349712730571515
"9321","9321",638,638,696,0.0909090909090909
"9322","9322",3479,3479,3337,-0.0408163265306122
"9323","9323",2553,2555,2605,0.0203681942812378
"9325","9325",1377,1380,1420,0.0312273057371097
"10798","10798",1377,1380,1420,0.0312273057371097
"11496","11496",1377,1380,1420,0.0312273057371097
"9326","9326",2862,2647,3051,0.0660377358490566
"9327","9327",9024,9084,11608,0.286347517730496
"9328","9328",6194,5387,5340,-0.137875363254763
"9329","9329",3915,3869,3704,-0.0538952745849298
"9330","9330",4680,4698,3818,-0.184188034188034
"9331","9331",4969,4590,2797,-0.437110082511572
"9332","9332",6024,5951,5889,-0.0224103585657371
"9333","9333",3644,3200,3213,-0.11827661909989
"9334","9334",2435,2607,1797,-0.262012320328542
"9335","9335",2136,2016,2182,0.0215355805243446
"9336","9336",4336,4268,4155,-0.0417435424354244
"9337","9337",6678,5302,5816,-0.129080563042827
"9338","9338",4181,4269,4043,-0.0330064577852188
"9340","9340",4575,4544,3630,-0.20655737704918
"16493","16493",4575,4544,3630,-0.20655737704918
"9342","9342",5687,5047,5034,-0.114823281167575
"9344","9344",4841,4297,4292,-0.113406321008056
"9345","9345",4605,4704,4399,-0.0447339847991314
"9346","9346",3871,3690,3513,-0.0924825626453113
"9347","9347",1413,1412,1443,0.0212314225053079
"9348","9348",2049,2053,1739,-0.151293313811615
"9349","9349",2464,2317,2727,0.106737012987013
"9350","9350",4846,4846,4339,-0.104622368964094
"9352","9352",2499,2496,2556,0.0228091236494598
"9355","9355",1791,1676,1672,-0.0664433277498604
"9356","9356",2947,2936,2513,-0.147268408551069
"9357","9357",2525,2525,2454,-0.0281188118811881
"9358","9358",5300,5402,5397,0.0183018867924528
"9359","9359",1625,1625,1623,-0.00123076923076923
"9980","9980",1625,1625,1623,-0.00123076923076923
"9360","9360",7744,6859,6333,-0.182205578512397
"9361","9361",5787,5781,5775,-0.00207361327112494
"9362","9362",2701,2701,2620,-0.0299888930025916
"9363","9363",2699,2631,2743,0.0163023341978511
"9364","9364",3908,4086,3950,0.0107471852610031
"9365","9365",1779,1473,1499,-0.157391793142215
"12501","12501",1779,1473,1499,-0.157391793142215
"17832","17832",1779,1473,1499,-0.157391793142215
"9366","9366",6578,6310,7459,0.133931286105199
"9367","9367",4871,4750,4999,0.0262779716690618
"9369","9369",4139,4329,4699,0.13529838125151
"9370","9370",3951,3842,3809,-0.0359402682865097
"9371","9371",5693,6254,6285,0.103987352889513
"9372","9372",3379,3337,3202,-0.0523823616454572
"9373","9373",6527,6759,6542,0.00229814616209591
"9374","9374",2940,2940,4528,0.540136054421769
"9375","9375",2263,2274,2249,-0.00618647812638091
"9376","9376",2218,2217,2334,0.0522993688007214
"9377","9377",6708,9260,7980,0.189624329159213
"9378","9378",3267,3232,3445,0.0544842363024181
"9379","9379",1358,1358,1902,0.400589101620029
"11273","11273",1358,1358,1902,0.400589101620029
"9380","9380",2862,2982,2691,-0.059748427672956
"9381","9381",10368,11374,10226,-0.013695987654321
"9382","9382",8911,8898,9311,0.0448883402536191
"9383","9383",1768,1584,1525,-0.137443438914027
"9384","9384",2839,2838,2893,0.0190207819654808
"9385","9385",6320,6327,5323,-0.157753164556962
"9386","9386",3945,3939,2975,-0.245880861850444
"9387","9387",11431,11960,8607,-0.247047502405739
"9388","9388",4796,4508,2570,-0.464136780650542
"9389","9389",7083,7087,7066,-0.0024001129464916
"9390","9390",4424,4424,5869,0.326627486437613
"9391","9391",5143,5107,4742,-0.0779700563873226
"9392","9392",1769,1770,2100,0.187111362351611
"9393","9393",2052,2052,2070,0.0087719298245614
"9394","9394",1944,1944,2083,0.0715020576131687
"9395","9395",2776,2776,2129,-0.23306916426513
"9396","9396",6953,7242,7061,0.015532863512153
"9397","9397",3346,3584,6527,0.950687387925882
"9398","9398",3376,3375,3382,0.00177725118483412
"9399","9399",1431,1381,1319,-0.0782669461914745
"9400","9400",4503,4491,3928,-0.127692649344881
"9401","9401",4590,4651,4777,0.0407407407407407
"9402","9402",3797,3797,3773,-0.00632077956281275
"9403","9403",1191,1191,1620,0.360201511335013
"9404","9404",2153,2187,2235,0.0380863910822109
"9405","9405",13136,13115,10238,-0.220615103532278
"9406","9406",6878,6904,6898,0.00290782204129107
"9407","9407",2016,2020,2065,0.0243055555555556
"9408","9408",3347,3345,2896,-0.134747535106065
"9409","9409",6514,6962,5997,-0.079367516119128
"9410","9410",5903,6063,6065,0.0274436727087921
"9411","9411",3407,2982,3118,-0.0848253595538597
"9412","9412",3155,3152,2899,-0.0811410459587956
"9413","9413",3345,2896,3336,-0.00269058295964126
"9414","9414",4638,3759,5638,0.215610176800345
"9415","9415",3985,3973,3967,-0.00451693851944793
"9416","9416",1664,1666,1571,-0.0558894230769231
"9417","9417",1610,1610,1546,-0.0397515527950311
"9418","9418",9519,10090,8756,-0.0801554785166509
"9419","9419",1940,1823,1777,-0.084020618556701
"14719","14719",1940,1823,1777,-0.084020618556701
"19393","19393",1940,1823,1777,-0.084020618556701
"19766","19766",1940,1823,1777,-0.084020618556701
"9420","9420",2207,2295,2067,-0.06343452650657
"13541","13541",2207,2295,2067,-0.06343452650657
"9421","9421",2326,2412,2178,-0.0636285468615649
"9422","9422",5596,5602,5138,-0.0818441744102931
"9423","9423",4386,3890,3831,-0.126538987688098
"9424","9424",2042,1834,1833,-0.102350636630754
"9425","9425",3031,2516,2347,-0.225668096337842
"9426","9426",1663,1296,1336,-0.196632591701744
"9427","9427",6409,6555,6331,-0.0121703853955375
"9428","9428",5347,5344,4608,-0.138208341125865
"9429","9429",3311,3363,3501,0.0573844759891272
"9430","9430",2624,3019,2686,0.0236280487804878
"9431","9431",1616,1553,1602,-0.00866336633663366
"15997","15997",1616,1553,1602,-0.00866336633663366
"9432","9432",8720,8623,8487,-0.0267201834862385
"9433","9433",2603,2580,2741,0.0530157510564733
"9434","9434",4783,4796,4727,-0.0117081329709387
"9435","9435",2974,3204,3080,0.0356422326832549
"9436","9436",6106,5704,5508,-0.0979364559449722
"9438","9438",4270,4269,4359,0.0208430913348946
"9439","9439",4047,4132,4208,0.0397825549789968
"9443","9443",5902,5886,4433,-0.248898678414097
"9444","9444",3211,3146,3021,-0.0591715976331361
"9445","9445",7564,7603,7520,-0.00581702802749868
"9446","9446",3147,3161,3163,0.00508420718144264
"9447","9447",1979,1980,1980,0.000505305709954523
"9448","9448",5927,6327,6139,0.0357685169563017
"9449","9449",6596,6397,6142,-0.0688295936931474
"9450","9450",5688,5990,6105,0.0733122362869198
"9451","9451",2003,2013,1747,-0.127808287568647
"9452","9452",2825,2825,3576,0.265840707964602
"9453","9453",3422,2945,2942,-0.140268848626534
"9454","9454",4294,4430,3190,-0.257102934326968
"9455","9455",4513,4714,4258,-0.0565034345224906
"9457","9457",1432,1508,1430,-0.00139664804469274
"9458","9458",4472,4485,4020,-0.101073345259392
"9459","9459",1656,1653,1649,-0.00422705314009662
"9460","9460",4768,4767,4697,-0.0148909395973154
"9461","9461",2700,2700,2684,-0.00592592592592593
"9462","9462",2891,2906,2785,-0.0366655136630924
"9463","9463",4533,4541,4267,-0.0586807853518641
"9464","9464",5432,5573,5660,0.0419734904270987
"9465","9465",4402,4379,4446,0.00999545661063153
"9466","9466",2290,1682,2415,0.0545851528384279
"9467","9467",3841,3566,2696,-0.298099453267378
"15121","15121",3841,3566,2696,-0.298099453267378
"9468","9468",4884,3403,4793,-0.0186322686322686
"9469","9469",2048,2048,1935,-0.05517578125
"9470","9470",3814,3814,5706,0.496067121132669
"9472","9472",2582,2584,2585,0.00116189000774593
"9475","9475",1912,1856,1952,0.0209205020920502
"9476","9476",2186,2180,1836,-0.160109789569991
"15994","15994",2186,2180,1836,-0.160109789569991
"9477","9477",3230,3245,3110,-0.0371517027863777
"9478","9478",2418,2421,2463,0.0186104218362283
"9479","9479",5367,5401,5733,0.0681945220793739
"9481","9481",8573,8705,8107,-0.0543567012714336
"9482","9482",3232,3213,3194,-0.0117574257425743
"9483","9483",3885,4065,4295,0.105534105534106
"9484","9484",2595,2955,2817,0.0855491329479769
"9485","9485",7283,7137,7206,-0.0105725662501716
"9486","9486",2593,2294,2905,0.120323949093714
"9487","9487",3667,3669,3063,-0.16471229888192
"9488","9488",3973,3975,4047,0.0186257236345331
"9489","9489",1981,1881,1629,-0.17768803634528
"9491","9491",7452,7443,10053,0.349033816425121
"9492","9492",2811,2815,2824,0.00462468872287442
"9493","9493",4722,4724,4909,0.0396018636171114
"9494","9494",3499,3615,5508,0.574164046870534
"9495","9495",795,916,812,0.0213836477987421
"9496","9496",2800,2870,2869,0.0246428571428571
"9497","9497",2487,2181,2374,-0.0454362685967029
"9498","9498",4819,5048,5006,0.0388047312720481
"9499","9499",1146,1146,1345,0.173647469458988
"9500","9500",2119,2118,1930,-0.0891930155733837
"9501","9501",1610,1216,1221,-0.241614906832298
"9502","9502",2963,2963,2949,-0.00472494093823827
"9503","9503",8665,7642,7009,-0.191113675706867
"9505","9505",2168,2167,2186,0.00830258302583026
"9661","9661",2168,2167,2186,0.00830258302583026
"19496","19496",2168,2167,2186,0.00830258302583026
"9506","9506",2631,2645,2811,0.0684150513112885
"9507","9507",3547,3604,3544,-0.000845785170566676
"9508","9508",2129,2129,1850,-0.131047440112729
"9509","9509",2670,2660,2647,-0.00861423220973783
"12915","12915",2670,2660,2647,-0.00861423220973783
"9510","9510",4277,4277,1051,-0.754267009586159
"9511","9511",7247,7256,7003,-0.0336691044570167
"9512","9512",2410,2409,2408,-0.000829875518672199
"9513","9513",4258,3471,3440,-0.192108971348051
"9514","9514",2789,2801,2075,-0.256005736823234
"9515","9515",1331,1766,1806,0.356874530428249
"9516","9516",3196,3279,3074,-0.0381727158948686
"9517","9517",4018,4010,3895,-0.0306122448979592
"9518","9518",2872,2872,2975,0.0358635097493036
"9519","9519",6831,6800,4470,-0.345630215195433
"9520","9520",985,983,979,-0.00609137055837563
"11349","11349",985,983,979,-0.00609137055837563
"9522","9522",3603,3075,3121,-0.133777407715792
"9523","9523",6228,6630,6223,-0.000802825947334618
"9524","9524",2925,2912,2933,0.00273504273504274
"17324","17324",2925,2912,2933,0.00273504273504274
"9525","9525",2569,2362,2362,-0.0805760996496691
"9526","9526",5301,5180,5277,-0.00452744765138653
"9527","9527",4141,4145,4119,-0.00531272639459068
"9528","9528",2418,2418,2501,0.0343258891645988
"9529","9529",4149,5492,3536,-0.147746444926488
"9530","9530",7188,7910,7216,0.00389538119087368
"9531","9531",4594,4606,3502,-0.237701349586417
"9532","9532",7157,7156,9123,0.274696101718597
"9534","9534",4345,4357,3564,-0.179746835443038
"9535","9535",6489,6334,5953,-0.0826013253197719
"9536","9536",3648,3614,3432,-0.0592105263157895
"9537","9537",1551,1551,1672,0.0780141843971631
"9538","9538",2837,2829,2858,0.0074021854071202
"9540","9540",2496,2726,2767,0.108573717948718
"9541","9541",4470,4471,4638,0.0375838926174497
"9542","9542",7431,7431,7769,0.0454851298613915
"9543","9543",6982,6964,6953,-0.00415353766828989
"9544","9544",1561,1562,1814,0.162075592568866
"9545","9545",2894,2901,2995,0.034899792674499
"9546","9546",3365,3380,2492,-0.259435364041605
"9547","9547",5205,4789,5098,-0.0205571565802113
"9548","9548",3247,3326,3237,-0.00307976593778873
"9549","9549",3988,3958,3793,-0.0488966900702106
"9550","9550",2546,2484,2342,-0.0801256873527101
"12141","12141",2546,2484,2342,-0.0801256873527101
"9551","9551",4331,4323,4096,-0.0542599861463865
"9552","9552",2291,2213,2220,-0.0309908336970755
"14060","14060",2291,2213,2220,-0.0309908336970755
"9553","9553",2359,2355,1869,-0.207715133531157
"19951","19951",2359,2355,1869,-0.207715133531157
"9554","9554",9523,8973,10985,0.153523049459204
"9555","9555",3393,2817,2866,-0.155319776009431
"9556","9556",2654,2656,3099,0.16767143933685
"14448","14448",2654,2656,3099,0.16767143933685
"9557","9557",1291,1286,1241,-0.0387296669248644
"15267","15267",1291,1286,1241,-0.0387296669248644
"9558","9558",2880,2906,2843,-0.0128472222222222
"9559","9559",5230,5125,5081,-0.0284894837476099
"9560","9560",1700,1743,1698,-0.00117647058823529
"9561","9561",3850,3852,3810,-0.0103896103896104
"9562","9562",3591,2898,2082,-0.420217209690894
"9563","9563",4307,4297,4311,0.000928720687253309
"9564","9564",1957,1957,2075,0.0602963719979561
"9565","9565",2106,1938,1941,-0.0783475783475783
"9566","9566",1788,1875,1860,0.0402684563758389
"9567","9567",1118,1121,1069,-0.0438282647584973
"9568","9568",3663,3665,3668,0.00136500136500137
"9569","9569",3165,3174,3208,0.0135860979462875
"9570","9570",3208,3207,2932,-0.0860349127182045
"9571","9571",2838,2755,2611,-0.0799859055673009
"9572","9572",3216,3220,2482,-0.228233830845771
"9573","9573",2105,2100,2110,0.00237529691211401
"9574","9574",4479,4426,4222,-0.0573788792141103
"9575","9575",7855,6524,8557,0.0893698281349459
"9576","9576",3043,3043,4150,0.363785737758791
"9579","9579",3933,3933,3513,-0.106788710907704
"9580","9580",6582,6633,6041,-0.0821938620480097
"9581","9581",5116,5050,5077,-0.00762314308053167
"9582","9582",3906,3874,3952,0.0117767537122376
"9583","9583",1762,1631,1390,-0.211123723041998
"9584","9584",2249,2248,2191,-0.025789239662072
"9585","9585",2737,2706,2708,-0.010595542564852
"9586","9586",2691,2688,3144,0.168338907469342
"9587","9587",1631,1631,1631,0
"9588","9588",3643,2632,2464,-0.323634367279715
"9589","9589",3015,3027,2622,-0.130348258706468
"9590","9590",2134,2113,2220,0.0402999062792877
"19627","19627",2134,2113,2220,0.0402999062792877
"9591","9591",2651,2687,2703,0.019615239532252
"15832","15832",2651,2687,2703,0.019615239532252
"9592","9592",6397,6598,6496,0.0154760043770517
"9593","9593",2009,2005,2107,0.0487804878048781
"18363","18363",2009,2005,2107,0.0487804878048781
"9594","9594",4538,4547,4517,-0.00462758924636404
"9595","9595",3619,3205,3206,-0.114119922630561
"17422","17422",3619,3205,3206,-0.114119922630561
"9596","9596",4706,4827,4650,-0.0118997025074373
"9597","9597",4468,4474,6253,0.399507609668756
"9598","9598",4170,4301,3506,-0.159232613908873
"9600","9600",7673,7576,7365,-0.0401407532907598
"9601","9601",1244,1244,1241,-0.00241157556270096
"9602","9602",2497,2219,2775,0.111333600320384
"9603","9603",2602,2584,2514,-0.0338201383551115
"16803","16803",2602,2584,2514,-0.0338201383551115
"9604","9604",2338,2527,2324,-0.00598802395209581
"9605","9605",6845,6260,6146,-0.102118334550767
"9606","9606",4997,5053,6442,0.289173504102461
"9607","9607",2475,2528,2225,-0.101010101010101
"9608","9608",5453,5598,5039,-0.0759215110948102
"9609","9609",2420,2420,2412,-0.00330578512396694
"9610","9610",2312,2567,2633,0.138840830449827
"9611","9611",5747,6098,5801,0.00939620671654776
"9612","9612",4006,4006,3213,-0.197953070394408
"9613","9613",3117,2683,2983,-0.0429900545396214
"9614","9614",2394,1952,1752,-0.268170426065163
"12561","12561",2394,1952,1752,-0.268170426065163
"9615","9615",7867,7906,7528,-0.0430913944324393
"9616","9616",4876,4716,4498,-0.0775225594749795
"9617","9617",2268,2267,2441,0.0762786596119929
"12105","12105",2268,2267,2441,0.0762786596119929
"9618","9618",2385,2156,2062,-0.135429769392034
"9619","9619",3149,3101,2769,-0.120673229596697
"9620","9620",2918,3368,3351,0.148389307745031
"9621","9621",3246,4345,3637,0.120455945779421
"9622","9622",2255,2234,2873,0.274057649667406
"9623","9623",2479,2479,2318,-0.0649455425574829
"9624","9624",4037,4048,4424,0.0958632648005945
"9625","9625",3757,3757,3281,-0.126696832579186
"9626","9626",2391,2338,2415,0.0100376411543287
"9627","9627",6069,6248,5481,-0.0968858131487889
"9628","9628",4294,4194,4933,0.148812296227294
"9629","9629",2655,2652,2191,-0.174764595103578
"9630","9630",2132,2127,2121,-0.00515947467166979
"9631","9631",2217,2139,2536,0.143888137122237
"9632","9632",5300,5262,5262,-0.00716981132075472
"9633","9633",2274,2274,2281,0.00307827616534741
"9634","9634",2243,2243,2240,-0.00133749442710655
"18207","18207",2243,2243,2240,-0.00133749442710655
"9635","9635",3599,3599,3419,-0.0500138927479856
"9636","9636",4451,4553,4601,0.0337002920691979
"9637","9637",4336,4327,4331,-0.00115313653136531
"9638","9638",1518,1219,1228,-0.191040843214756
"9639","9639",1153,1156,969,-0.159583694709454
"9640","9640",8750,9033,8116,-0.0724571428571429
"9641","9641",3988,4438,4367,0.0950351053159478
"9642","9642",5191,5751,5052,-0.026777114236178
"9643","9643",5129,5351,5192,0.0122830961201014
"9644","9644",1322,1324,1328,0.00453857791225416
"9645","9645",4460,4476,4076,-0.0860986547085202
"9646","9646",1444,1444,1152,-0.202216066481994
"9647","9647",3990,3573,3852,-0.0345864661654135
"9648","9648",4446,4453,4256,-0.0427350427350427
"9649","9649",1639,1642,1611,-0.0170835875533862
"9650","9650",1857,1675,1656,-0.108239095315024
"9731","9731",1857,1675,1656,-0.108239095315024
"9651","9651",1196,1211,939,-0.214882943143813
"9652","9652",9455,9425,11882,0.256689582231623
"9653","9653",2275,2345,2259,-0.00703296703296703
"13850","13850",2275,2345,2259,-0.00703296703296703
"9654","9654",2789,2491,2643,-0.0523485120114736
"9655","9655",2128,2146,2146,0.00845864661654135
"9656","9656",2173,2238,2310,0.063046479521399
"9657","9657",5287,6089,5463,0.0332891999243427
"9658","9658",1756,1765,1665,-0.0518223234624146
"9659","9659",5424,5615,5653,0.0422197640117994
"9660","9660",2578,2579,2015,-0.218386346004655
"9662","9662",5822,5776,5947,0.0214702851253865
"9663","9663",4303,4335,4388,0.0197536602370439
"9664","9664",4783,4866,4563,-0.0459962366715451
"9665","9665",6829,6423,5598,-0.180260653097086
"9666","9666",3935,3917,3766,-0.0429479034307497
"9667","9667",5774,5605,5977,0.0351576030481469
"9668","9668",1747,1745,1923,0.100744132799084
"15781","15781",1747,1745,1923,0.100744132799084
"9669","9669",835,835,899,0.0766467065868263
"19693","19693",835,835,899,0.0766467065868263
"9670","9670",1611,1611,1839,0.141527001862197
"18077","18077",1611,1611,1839,0.141527001862197
"9671","9671",4472,4541,4053,-0.0936940966010733
"9672","9672",8821,8785,6456,-0.268110191588255
"9673","9673",4037,3984,5262,0.303443150854595
"9674","9674",5380,5195,6115,0.136617100371747
"9675","9675",1785,1806,1460,-0.182072829131653
"9676","9676",2171,2178,2320,0.0686319668355597
"17471","17471",2171,2178,2320,0.0686319668355597
"9677","9677",5813,5843,5094,-0.12368828487872
"9678","9678",2482,2475,2476,-0.0024174053182917
"9679","9679",1794,1713,1218,-0.321070234113712
"9680","9680",2146,2230,2216,0.032618825722274
"9681","9681",3744,3755,3754,0.00267094017094017
"9682","9682",2025,2025,2028,0.00148148148148148
"9683","9683",7088,6612,7532,0.0626410835214447
"9684","9684",5258,5299,5434,0.0334728033472803
"9685","9685",7181,7257,7324,0.019913661049993
"9686","9686",6430,6908,6202,-0.0354587869362364
"9687","9687",6573,6632,6119,-0.0690704396774684
"9688","9688",2999,2999,3463,0.154718239413138
"9689","9689",5350,5351,5066,-0.0530841121495327
"9690","9690",5089,4808,4906,-0.0359599135390057
"9691","9691",6585,6715,8520,0.293849658314351
"9692","9692",3553,3553,3287,-0.0748663101604278
"9693","9693",8096,8525,8484,0.0479249011857708
"9694","9694",3030,3118,3066,0.0118811881188119
"9695","9695",1410,1432,1028,-0.270921985815603
"9696","9696",8047,8009,4928,-0.387597862557475
"9697","9697",1925,2374,1841,-0.0436363636363636
"9698","9698",2471,2472,2018,-0.183326588425739
"9699","9699",5744,5781,4784,-0.167130919220056
"9700","9700",848,859,888,0.0471698113207547
"10784","10784",848,859,888,0.0471698113207547
"9701","9701",4708,4683,4155,-0.117459643160578
"18484","18484",4708,4683,4155,-0.117459643160578
"9702","9702",3024,3024,2987,-0.0122354497354497
"9840","9840",3024,3024,2987,-0.0122354497354497
"9703","9703",3369,3388,3580,0.0626298604927278
"9704","9704",1683,1672,1600,-0.0493166963755199
"9705","9705",5446,5430,5135,-0.0571061329416085
"9706","9706",1448,1346,1382,-0.0455801104972376
"9707","9707",3410,3411,3141,-0.0788856304985337
"9708","9708",4359,4500,4318,-0.00940582702454692
"9709","9709",1302,1408,1369,0.0514592933947773
"9710","9710",2221,2221,2322,0.0454750112561909
"9711","9711",6539,6520,6642,0.0157516439822603
"9712","9712",6440,6327,6115,-0.0504658385093168
"9713","9713",2246,2246,2246,0
"9714","9714",1947,1947,1978,0.0159219311761685
"9715","9715",7175,7281,6927,-0.0345644599303136
"9717","9717",1961,1961,1963,0.00101988781234064
"9720","9720",5342,5336,5434,0.0172220142268813
"9721","9721",11656,8766,8560,-0.265614275909403
"9722","9722",3998,3907,3644,-0.088544272136068
"9723","9723",2437,2389,2429,-0.00328272466146902
"9724","9724",4251,4255,4527,0.0649258997882851
"9725","9725",1540,1540,1251,-0.187662337662338
"15186","15186",1540,1540,1251,-0.187662337662338
"9726","9726",2493,2496,2840,0.139189731247493
"9727","9727",2872,2872,2836,-0.0125348189415042
"9728","9728",2967,2807,3133,0.0559487698011459
"9729","9729",2898,3014,3014,0.0400276052449966
"9730","9730",1917,1918,3448,0.798643714136672
"9732","9732",1713,1764,1850,0.0799766491535318
"9733","9733",1397,1397,1683,0.204724409448819
"13278","13278",1397,1397,1683,0.204724409448819
"9734","9734",3280,3246,3279,-0.000304878048780488
"9735","9735",1728,1591,1766,0.0219907407407407
"9736","9736",4791,5516,4511,-0.0584429137967021
"9737","9737",4463,4462,5085,0.139368138023751
"9738","9738",2095,2041,2101,0.00286396181384248
"9739","9739",4433,4372,3789,-0.145274080757952
"9740","9740",3760,3088,3155,-0.160904255319149
"9741","9741",6074,6679,5201,-0.143727362528811
"9743","9743",4826,5326,4866,0.00828843762950684
"9744","9744",2682,2689,2684,0.000745712155108128
"9745","9745",1956,1954,1724,-0.118609406952965
"9746","9746",1705,1701,1780,0.0439882697947214
"9747","9747",4047,4069,4170,0.0303928836174944
"9748","9748",3826,3821,3779,-0.0122843700993204
"9749","9749",9512,8901,8382,-0.118797308662742
"9750","9750",5620,5348,6134,0.0914590747330961
"9751","9751",4536,4537,4328,-0.0458553791887125
"9752","9752",1748,1749,1670,-0.0446224256292906
"9753","9753",3190,2812,2820,-0.115987460815047
"9754","9754",2216,2216,1907,-0.139440433212996
"9756","9756",2075,1975,2385,0.149397590361446
"9757","9757",2216,2049,2051,-0.0744584837545126
"9759","9759",1726,1538,1576,-0.0869061413673233
"9760","9760",643,663,698,0.0855365474339036
"9761","9761",1208,1160,1181,-0.0223509933774834
"9762","9762",2714,2580,2345,-0.135961680176861
"9763","9763",4059,4037,4678,0.15250061591525
"9764","9764",8396,8598,8664,0.0319199618866127
"9765","9765",3464,3412,3622,0.0456120092378753
"9766","9766",5773,5776,5473,-0.0519660488480859
"9767","9767",4047,3951,4147,0.0247096614776378
"9768","9768",2362,2379,2481,0.050381033022862
"15864","15864",2362,2379,2481,0.050381033022862
"9769","9769",3753,3410,3518,-0.0626165734079403
"9770","9770",3977,2965,2916,-0.266784008046266
"9771","9771",2818,2829,1889,-0.329666430092264
"9772","9772",2307,2307,2321,0.00606848721283052
"9773","9773",1111,1172,1172,0.0549054905490549
"9774","9774",4578,4700,4562,-0.00349497597204019
"9775","9775",2981,2326,2397,-0.195907413619591
"15846","15846",2981,2326,2397,-0.195907413619591
"18776","18776",2981,2326,2397,-0.195907413619591
"9776","9776",2708,2708,2688,-0.00738552437223043
"9777","9777",2365,2360,2793,0.180972515856237
"13853","13853",2365,2360,2793,0.180972515856237
"9778","9778",2423,2124,2236,-0.0771770532397854
"9779","9779",2323,2531,2395,0.0309944037882049
"9780","9780",4536,5562,5543,0.22200176366843
"9781","9781",1881,1886,1886,0.0026581605528974
"9782","9782",862,862,862,0
"9783","9783",4846,4872,4878,0.00660338423442014
"9784","9784",6351,7065,4404,-0.306565895134624
"9785","9785",3526,3561,3559,0.00935904707884288
"9786","9786",4074,4027,3708,-0.0898379970544919
"9787","9787",3092,2853,2727,-0.118046571798189
"9788","9788",6787,6739,6688,-0.0145867098865478
"9789","9789",5259,5259,4543,-0.13614755656969
"9790","9790",1997,1997,2439,0.221331997996995
"14500","14500",1997,1997,2439,0.221331997996995
"9791","9791",7013,6437,5245,-0.252103236845858
"9792","9792",4692,4694,4490,-0.0430520034100597
"9793","9793",3732,3429,2912,-0.219721329046088
"9794","9794",1675,1675,1460,-0.128358208955224
"18488","18488",1675,1675,1460,-0.128358208955224
"9795","9795",4397,4552,4954,0.126677279963612
"9796","9796",5056,5054,4209,-0.167523734177215
"9797","9797",3503,2969,2687,-0.2329431915501
"9798","9798",1369,1098,1054,-0.23009495982469
"9799","9799",3177,3186,2697,-0.151085930122757
"9800","9800",2060,2071,2228,0.0815533980582524
"9801","9801",9124,9496,9462,0.0370451556334941
"9802","9802",3453,3449,3481,0.00810889081957718
"9803","9803",3216,3116,2858,-0.111318407960199
"9804","9804",1689,1685,2323,0.375370041444642
"9805","9805",9192,9255,9226,0.00369886858137511
"9806","9806",3539,4902,3493,-0.0129980220401243
"9807","9807",2642,2617,2909,0.10105980317941
"9809","9809",5978,5852,4534,-0.241552358648377
"9810","9810",3463,3306,3286,-0.0511117528154779
"9811","9811",1908,2038,1789,-0.0623689727463312
"15180","15180",1908,2038,1789,-0.0623689727463312
"9812","9812",3185,3435,3425,0.0753532182103611
"9814","9814",3193,3195,3218,0.00782962730974006
"9815","9815",3357,3864,3353,-0.0011915400655347
"18528","18528",3357,3864,3353,-0.0011915400655347
"9816","9816",3741,3741,3976,0.0628174284950548
"9817","9817",5180,5243,5176,-0.000772200772200772
"9818","9818",3402,3392,2456,-0.278071722516167
"9819","9819",3477,3474,3389,-0.0253091745757837
"9820","9820",4808,4455,4494,-0.0653078202995008
"9821","9821",4132,4170,4225,0.0225072604065828
"9823","9823",2068,2054,2177,0.0527079303675048
"9824","9824",1576,1576,1576,0
"9825","9825",1739,1238,906,-0.479010925819436
"9826","9826",3273,3168,3157,-0.0354414909868622
"9827","9827",2246,2245,1814,-0.192341941228851
"19772","19772",2246,2245,1814,-0.192341941228851
"9828","9828",5598,5590,5537,-0.010896748838871
"9829","9829",2047,2045,1884,-0.079628724963361
"9830","9830",2530,2767,2751,0.0873517786561265
"9831","9831",2117,2117,1602,-0.243268776570619
"12282","12282",2117,2117,1602,-0.243268776570619
"9832","9832",4725,5115,4708,-0.0035978835978836
"9833","9833",3436,3953,3417,-0.00552968568102445
"9834","9834",3460,3463,3282,-0.0514450867052023
"9835","9835",6437,7739,7340,0.140282740407022
"9836","9836",3708,3699,3465,-0.0655339805825243
"9837","9837",2908,2908,2686,-0.0763411279229711
"9838","9838",2732,3019,2629,-0.037701317715959
"9839","9839",2490,2486,2673,0.0734939759036145
"9841","9841",2171,2705,2456,0.131275909719024
"9842","9842",7146,6868,6434,-0.0996361600895606
"9843","9843",2048,2059,2271,0.10888671875
"9844","9844",4383,4389,4097,-0.0652521104266484
"9845","9845",2832,2825,2564,-0.0946327683615819
"9846","9846",3498,3504,3336,-0.0463121783876501
"9847","9847",4539,4539,4558,0.00418594404053756
"9848","9848",9791,10055,9996,0.0209375957512001
"9849","9849",4786,4783,4520,-0.0555787714166318
"9850","9850",2969,2797,2577,-0.132030986864264
"9851","9851",1959,1963,1967,0.00408371618172537
"9852","9852",2446,2427,2284,-0.0662305805396566
"12765","12765",2446,2427,2284,-0.0662305805396566
"14709","14709",2446,2427,2284,-0.0662305805396566
"9854","9854",2707,2710,4201,0.551902475064647
"9855","9855",2265,2267,2238,-0.0119205298013245
"9856","9856",8341,8305,8354,0.00155856611917036
"9857","9857",8140,8146,7642,-0.0611793611793612
"9858","9858",1332,1333,1368,0.027027027027027
"9859","9859",6882,6577,9592,0.393780877651845
"9860","9860",1782,1782,881,-0.505611672278339
"9861","9861",5372,4207,4101,-0.236597170513775
"9862","9862",5976,5601,5660,-0.0528781793842035
"9863","9863",4902,4901,4745,-0.0320277437780498
"9864","9864",5582,5345,6290,0.126836259405231
"9865","9865",3554,3528,3917,0.10213843556556
"9866","9866",5349,5317,4846,-0.0940362684613947
"9868","9868",1833,1602,1543,-0.158210583742499
"9869","9869",1323,1380,1526,0.153439153439153
"9870","9870",3970,3933,4101,0.0329974811083123
"16616","16616",3970,3933,4101,0.0329974811083123
"9871","9871",1482,1484,1463,-0.0128205128205128
"11795","11795",1482,1484,1463,-0.0128205128205128
"9872","9872",5657,5376,5354,-0.0535619586353191
"9873","9873",2518,2508,2178,-0.135027799841144
"9874","9874",4141,3878,4073,-0.016421154310553
"9875","9875",8785,10141,8397,-0.0441661923733637
"9876","9876",3506,3512,2839,-0.190245293782088
"9877","9877",1887,1393,1429,-0.242713301536831
"9878","9878",3977,3963,4017,0.0100578325370883
"9879","9879",828,792,784,-0.0531400966183575
"9880","9880",913,894,1100,0.204819277108434
"9881","9881",2928,3014,2825,-0.0351775956284153
"9883","9883",4032,7128,3738,-0.0729166666666667
"9884","9884",5680,5943,6263,0.102640845070423
"9885","9885",3376,3383,3260,-0.0343601895734597
"9886","9886",2014,1991,1608,-0.201588877855015
"9887","9887",4040,3090,3420,-0.153465346534653
"9888","9888",3392,3368,3399,0.00206367924528302
"9889","9889",1435,1575,1533,0.0682926829268293
"16236","16236",1435,1575,1533,0.0682926829268293
"16309","16309",1435,1575,1533,0.0682926829268293
"9890","9890",7172,7061,6275,-0.125069715560513
"9891","9891",2723,2721,2744,0.0077120822622108
"12869","12869",2723,2721,2744,0.0077120822622108
"9892","9892",938,1038,1135,0.21002132196162
"9893","9893",1568,1574,1535,-0.0210459183673469
"9894","9894",3477,3479,3704,0.0652861662352603
"9896","9896",3193,3193,3226,0.0103351080488569
"9897","9897",4034,4042,4023,-0.00272682201289043
"9898","9898",6309,6875,6835,0.0833729592645427
"9899","9899",4640,4653,4614,-0.00560344827586207
"15309","15309",4640,4653,4614,-0.00560344827586207
"9901","9901",3435,3468,3509,0.0215429403202329
"9902","9902",1523,1529,1194,-0.21602101116218
"9903","9903",3838,2938,3024,-0.212089630015633
"9904","9904",2576,2576,2643,0.0260093167701863
"9905","9905",4025,4103,4064,0.00968944099378882
"9906","9906",3944,3944,3955,0.00278904665314402
"9907","9907",2757,2487,2538,-0.0794341675734494
"9908","9908",2795,2741,2533,-0.0937388193202147
"9909","9909",3041,2935,2846,-0.0641236435383098
"9910","9910",8352,8487,6832,-0.181992337164751
"9911","9911",3975,3966,4007,0.0080503144654088
"9912","9912",2529,2533,2497,-0.0126532226176354
"9913","9913",3705,3429,2571,-0.306072874493927
"14394","14394",3705,3429,2571,-0.306072874493927
"9914","9914",5218,5048,4279,-0.179954005366041
"9915","9915",3081,3363,3144,0.0204479065238559
"9916","9916",6959,6920,5466,-0.21454231929875
"9917","9917",4493,4524,3136,-0.302025372802137
"9918","9918",7743,7322,6889,-0.11029316802273
"9919","9919",3986,3989,4262,0.0692423482187657
"9920","9920",3449,3718,3453,0.00115975645114526
"9921","9921",4251,4983,4376,0.0294048459186074
"9922","9922",1486,1315,1207,-0.187752355316285
"9923","9923",3678,3259,2816,-0.23436650353453
"9924","9924",1767,1995,2359,0.335031126202603
"9925","9925",4802,4800,4165,-0.13265306122449
"9926","9926",2618,2610,2403,-0.0821237585943468
"9927","9927",11996,11825,11967,-0.00241747249083028
"9928","9928",8765,8715,8763,-0.000228180262407302
"9929","9929",3556,3537,3204,-0.0989876265466817
"9930","9930",1291,1180,798,-0.381874515879163
"9931","9931",2154,1967,2258,0.0482822655524605
"9932","9932",8473,8484,8406,-0.00790747078956686
"9933","9933",3871,3878,3905,0.00878326013949884
"9934","9934",3357,3356,3082,-0.0819183795055109
"18788","18788",3357,3356,3082,-0.0819183795055109
"9935","9935",4654,4658,4129,-0.112806188225183
"9936","9936",1382,1384,1392,0.00723589001447178
"9937","9937",1461,911,1713,0.172484599589322
"9939","9939",1662,1662,1669,0.00421179302045728
"9940","9940",2757,2276,2499,-0.0935799782372144
"9941","9941",9372,9436,9201,-0.0182458386683739
"9942","9942",5957,5999,5580,-0.0632868893738459
"9944","9944",2676,2636,3240,0.210762331838565
"9945","9945",1377,1384,1361,-0.0116194625998548
"18191","18191",1377,1384,1361,-0.0116194625998548
"9946","9946",1252,1250,1258,0.00479233226837061
"9947","9947",2508,2363,2483,-0.00996810207336523
"9949","9949",4268,4737,4730,0.108247422680412
"9950","9950",3909,3918,4536,0.16039907904835
"9951","9951",7239,6827,7211,-0.00386793756043652
"9952","9952",3026,3155,2838,-0.062128222075347
"9953","9953",3592,3487,3930,0.094097995545657
"9954","9954",8698,6598,5979,-0.312600597838584
"11592","11592",8698,6598,5979,-0.312600597838584
"9955","9955",5059,4932,4916,-0.0282664558213086
"9956","9956",4674,4591,4677,0.000641848523748395
"9957","9957",2115,2114,2113,-0.000945626477541371
"9958","9958",3135,2829,2777,-0.114194577352472
"9959","9959",1994,1997,2050,0.0280842527582748
"9960","9960",5015,4513,2794,-0.442871385842473
"9961","9961",1294,1294,1296,0.00154559505409583
"9962","9962",1186,1196,1193,0.00590219224283305
"9963","9963",8516,7565,8085,-0.0506106153123532
"9964","9964",7422,8110,7040,-0.0514686068445163
"9965","9965",6898,7009,7193,0.0427660191359814
"9966","9966",4731,4519,3705,-0.216867469879518
"9967","9967",2411,2070,2995,0.242223143923683
"9968","9968",2285,2285,2601,0.138293216630197
"9969","9969",4502,4502,3511,-0.220124389160373
"11547","11547",4502,4502,3511,-0.220124389160373
"9970","9970",2578,2572,2486,-0.0356865787432118
"9971","9971",5978,6078,4969,-0.168785547005688
"9972","9972",8277,8830,8197,-0.00966533768273529
"9973","9973",2769,2777,2814,0.0162513542795233
"11923","11923",2769,2777,2814,0.0162513542795233
"9974","9974",1808,1742,1641,-0.0923672566371681
"9975","9975",3928,3933,3985,0.0145112016293279
"9976","9976",3512,3512,3533,0.00597949886104784
"9977","9977",2473,2448,2854,0.154063890012131
"16352","16352",2473,2448,2854,0.154063890012131
"9978","9978",3355,3355,3354,-0.00029806259314456
"9981","9981",4080,3754,3782,-0.0730392156862745
"19502","19502",4080,3754,3782,-0.0730392156862745
"9982","9982",4037,3923,4094,0.0141193955907852
"9983","9983",1148,1148,977,-0.148954703832753
"9984","9984",7706,7690,7351,-0.0460679989618479
"9985","9985",1821,1825,1756,-0.0356946732564525
"9986","9986",5658,5547,5086,-0.101095793566631
"9987","9987",5500,6054,5406,-0.0170909090909091
"9988","9988",1924,1920,1906,-0.00935550935550936
"9989","9989",3962,3872,3735,-0.0572942958101969
"9990","9990",5495,5399,6586,0.198544131028207
"12550","12550",5495,5399,6586,0.198544131028207
"9991","9991",4838,5150,5121,0.0584952459694088
"9992","9992",5304,5096,4926,-0.0712669683257919
"9993","9993",1318,1318,1318,0
"9994","9994",1516,1547,1503,-0.00857519788918206
"9995","9995",6371,6800,6060,-0.0488149427091508
"9996","9996",1396,1398,1279,-0.083810888252149
"9997","9997",6547,6559,9380,0.432717275087826
"9998","9998",2546,2557,2662,0.0455616653574234
"9999","9999",3959,7180,3857,-0.0257640818388482
"10000","10000",1592,1577,1207,-0.241834170854271
"10001","10001",2749,2604,2598,-0.0549290651145871
"10002","10002",7429,7262,7717,0.0387669942118724
"10003","10003",1492,1496,1504,0.00804289544235925
"12970","12970",1492,1496,1504,0.00804289544235925
"10004","10004",3786,3670,3781,-0.00132065504490227
"10005","10005",1174,1176,1184,0.00851788756388416
"10006","10006",2018,1951,1936,-0.0406342913776016
"10007","10007",1355,1596,1156,-0.146863468634686
"10008","10008",3835,3822,3523,-0.0813559322033898
"10009","10009",2081,2069,1814,-0.128303700144161
"10010","10010",6225,6358,5448,-0.124819277108434
"10011","10011",7510,9119,8320,0.107856191744341
"10013","10013",1550,1550,1351,-0.128387096774194
"10014","10014",6701,6713,6718,0.00253693478585286
"10016","10016",1034,1034,994,-0.0386847195357834
"10017","10017",5875,6088,5992,0.0199148936170213
"10018","10018",1198,1198,1113,-0.0709515859766277
"10019","10019",6597,6713,6533,-0.00970137941488555
"10020","10020",3674,3672,3662,-0.00326619488296135
"10021","10021",2370,2348,2295,-0.0316455696202532
"10022","10022",6622,6621,7672,0.158562367864693
"10023","10023",2143,2115,1793,-0.163322445170322
"10024","10024",10076,10652,10278,0.0200476379515681
"10025","10025",1147,1150,1159,0.010462074978204
"10026","10026",1254,1073,1072,-0.145135566188198
"10027","10027",9220,9176,7125,-0.227223427331887
"10028","10028",2323,2320,2223,-0.0430477830391735
"10029","10029",2351,2426,1998,-0.150148872820077
"10030","10030",2057,2054,2175,0.0573650947982499
"14628","14628",2057,2054,2175,0.0573650947982499
"10032","10032",4190,4183,4333,0.0341288782816229
"10033","10033",3674,3851,3303,-0.100979858464888
"10034","10034",3022,2970,2967,-0.0181998676373263
"10035","10035",2176,2180,2093,-0.0381433823529412
"10036","10036",10577,12982,10640,0.00595632031767042
"10037","10037",8107,8215,8311,0.0251634390033305
"10038","10038",3794,3990,3865,0.0187137585661571
"10039","10039",6620,6618,4174,-0.369486404833837
"10040","10040",1066,1066,845,-0.207317073170732
"10041","10041",3710,3849,3557,-0.0412398921832884
"10042","10042",3397,3394,3378,-0.00559317044450986
"10043","10043",1362,1361,1347,-0.0110132158590308
"10044","10044",2883,2856,2795,-0.0305237599722511
"10045","10045",1580,1572,1578,-0.00126582278481013
"16463","16463",1580,1572,1578,-0.00126582278481013
"19026","19026",1580,1572,1578,-0.00126582278481013
"10046","10046",1527,1527,1434,-0.0609037328094303
"10047","10047",3234,3128,3617,0.118429189857761
"10049","10049",2806,2806,1185,-0.577690662865289
"10050","10050",5361,5582,4581,-0.145495243424734
"10051","10051",2346,2344,1929,-0.177749360613811
"10052","10052",1824,1817,1443,-0.208881578947368
"10053","10053",4017,4005,3667,-0.0871296987801842
"10054","10054",1721,1724,1802,0.0470656595002905
"10055","10055",3926,3932,3378,-0.139582272032603
"10056","10056",3870,3900,4351,0.124289405684755
"10057","10057",1617,1600,1602,-0.00927643784786642
"10058","10058",2531,2778,2599,0.026866851047017
"10059","10059",1383,1383,1384,0.000723065798987708
"10060","10060",1509,1498,1733,0.148442677269715
"10061","10061",4360,3999,4159,-0.0461009174311927
"10062","10062",2682,2930,2594,-0.0328113348247576
"10063","10063",2884,2887,2574,-0.10748959778086
"10064","10064",7455,7196,6900,-0.0744466800804829
"10065","10065",4245,4626,5352,0.260777385159011
"10066","10066",4600,6051,4746,0.0317391304347826
"10068","10068",3836,3831,3966,0.0338894681960375
"10069","10069",5074,5079,5145,0.0139929050059125
"10070","10070",10248,9511,9392,-0.0835284933645589
"10071","10071",2935,2935,3037,0.0347529812606474
"10072","10072",1772,1770,1622,-0.0846501128668172
"10073","10073",8136,8268,11490,0.412241887905605
"10074","10074",1742,1842,2021,0.1601607347876
"10075","10075",3320,2201,1440,-0.566265060240964
"10076","10076",8434,7811,7732,-0.0832345269148684
"10077","10077",11870,12042,11606,-0.0222409435551811
"10078","10078",1772,1789,2030,0.145598194130926
"10079","10079",1566,1593,1636,0.0446998722860792
"10080","10080",1362,1313,1302,-0.0440528634361234
"10081","10081",2870,2830,2721,-0.0519163763066202
"10082","10082",3701,3701,3963,0.0707916779248852
"10083","10083",5790,5757,5490,-0.0518134715025907
"10084","10084",10832,10257,9399,-0.132293205317578
"10085","10085",5784,6338,5641,-0.0247233748271093
"10086","10086",2721,3075,2933,0.0779125321572951
"10087","10087",3438,3441,3082,-0.103548574752763
"16292","16292",3438,3441,3082,-0.103548574752763
"10088","10088",3399,3223,3239,-0.0470726684318917
"10089","10089",3653,3584,3658,0.00136873802354229
"10090","10090",5680,5716,5550,-0.022887323943662
"10091","10091",5089,5102,4107,-0.19296521910002
"10092","10092",3801,3723,3543,-0.0678768745067088
"10093","10093",1235,1235,1245,0.00809716599190283
"10094","10094",6474,6204,5686,-0.121717639789929
"10095","10095",2928,2931,2922,-0.00204918032786885
"10096","10096",11779,12146,10833,-0.0803124204092028
"10097","10097",3093,3042,3040,-0.0171354671839638
"10098","10098",1165,1165,1165,0
"10099","10099",2318,2590,2592,0.118205349439172
"10100","10100",3622,3643,3372,-0.0690226394257316
"10101","10101",2174,2180,2975,0.368445262189512
"10102","10102",6160,5887,5027,-0.183928571428571
"19070","19070",6160,5887,5027,-0.183928571428571
"10103","10103",9714,9838,11946,0.229771463866584
"10104","10104",3691,3685,3652,-0.010566242210783
"10105","10105",1715,1715,1738,0.0134110787172012
"10106","10106",2296,2408,2504,0.0905923344947735
"10107","10107",4074,3911,3870,-0.0500736377025037
"10109","10109",5282,5313,5430,0.0280196895115487
"10110","10110",3004,3278,3036,0.0106524633821571
"10111","10111",2676,2677,2731,0.0205530642750374
"10112","10112",3808,3629,3635,-0.0454306722689076
"10113","10113",1596,1728,1604,0.0050125313283208
"10114","10114",730,680,783,0.0726027397260274
"10115","10115",8825,9866,10749,0.218016997167139
"10116","10116",6325,6369,6501,0.0278260869565217
"10117","10117",3918,3921,3849,-0.0176110260336907
"10118","10118",4515,4533,4598,0.0183831672203765
"19757","19757",4515,4533,4598,0.0183831672203765
"10119","10119",12799,15146,13062,0.0205484803500273
"10120","10120",1894,1894,1709,-0.0976768743400211
"10121","10121",2344,1436,1441,-0.385238907849829
"10143","10143",2344,1436,1441,-0.385238907849829
"10122","10122",4546,4799,5085,0.118565772107347
"10123","10123",8124,8129,7957,-0.0205563761693747
"10124","10124",1467,1392,1368,-0.0674846625766871
"10126","10126",6668,6584,3585,-0.462357528494301
"10127","10127",3331,3676,3798,0.140198138697088
"10128","10128",2698,2485,2210,-0.180874722016308
"10129","10129",2099,2187,2178,0.0376369699857075
"13351","13351",2099,2187,2178,0.0376369699857075
"10132","10132",2323,2378,3022,0.300904003443823
"10133","10133",2039,2039,1525,-0.252084355076018
"10134","10134",2779,3012,2860,0.0291471752428931
"10135","10135",4182,4184,4125,-0.0136298421807747
"10136","10136",3232,3231,3175,-0.0176361386138614
"10137","10137",4830,4565,4602,-0.0472049689440994
"10138","10138",8538,8288,5125,-0.399742328414149
"10139","10139",4683,4827,4710,0.00576553491351698
"10140","10140",3392,5037,3756,0.107311320754717
"10141","10141",1397,1336,1386,-0.0078740157480315
"10142","10142",4504,5060,4404,-0.022202486678508
"10144","10144",3694,3632,3722,0.00757985923118571
"10145","10145",8144,8284,6779,-0.167608055009823
"10146","10146",1704,1709,1989,0.167253521126761
"10268","10268",1704,1709,1989,0.167253521126761
"10148","10148",1970,1970,2335,0.185279187817259
"10149","10149",10984,11028,11369,0.0350509832483613
"10151","10151",1523,1857,1663,0.0919238345370978
"10152","10152",2754,2717,2572,-0.0660856935366739
"10153","10153",3348,2894,2522,-0.246714456391876
"10154","10154",6646,6616,9180,0.381281974119771
"10155","10155",2234,2228,2152,-0.0367054610564011
"10156","10156",4850,4850,4664,-0.0383505154639175
"18866","18866",4850,4850,4664,-0.0383505154639175
"10157","10157",2137,2251,2440,0.141787552643893
"10158","10158",5656,5656,5516,-0.0247524752475248
"10159","10159",2114,2331,2117,0.00141911069063387
"10160","10160",4606,4606,4601,-0.00108554059921841
"10161","10161",2431,2431,2132,-0.122994652406417
"10162","10162",2315,2315,2419,0.0449244060475162
"10163","10163",10999,10997,10473,-0.0478225293208474
"10164","10164",8412,8214,8588,0.0209224916785544
"10165","10165",1015,1015,992,-0.0226600985221675
"17455","17455",1015,1015,992,-0.0226600985221675
"10166","10166",3085,3088,2985,-0.0324149108589951
"10167","10167",1582,1244,1245,-0.213021491782554
"10168","10168",2972,2970,2889,-0.0279273216689098
"10169","10169",1978,1764,1772,-0.104145601617796
"10170","10170",3617,3167,3277,-0.0940005529444291
"13077","13077",3617,3167,3277,-0.0940005529444291
"10171","10171",7058,6913,6972,-0.0121847548880703
"10172","10172",3545,3484,3430,-0.0324400564174894
"10173","10173",8292,8096,7580,-0.0858658948383985
"10174","10174",3122,3056,2322,-0.25624599615631
"10175","10175",3938,3887,3815,-0.0312341289994921
"11967","11967",3938,3887,3815,-0.0312341289994921
"10177","10177",2150,2551,2017,-0.0618604651162791
"13640","13640",2150,2551,2017,-0.0618604651162791
"10178","10178",6047,6060,10934,0.808169340168679
"10179","10179",4356,4355,4288,-0.0156106519742883
"10180","10180",1683,1684,1675,-0.0047534165181224
"10181","10181",6301,6231,6565,0.0418981114108872
"10183","10183",2401,2402,2454,0.0220741357767597
"10185","10185",3442,3455,2855,-0.170540383497966
"10186","10186",8762,8769,8086,-0.0771513353115727
"10187","10187",2112,2118,2094,-0.00852272727272727
"10188","10188",4806,4729,4232,-0.119434040782355
"10189","10189",5076,4842,4834,-0.0476753349093775
"10190","10190",1980,1976,2575,0.30050505050505
"10191","10191",1083,1083,1352,0.248384118190212
"10192","10192",1638,2089,2073,0.265567765567766
"10193","10193",820,816,1034,0.260975609756098
"10195","10195",1992,1993,2069,0.0386546184738956
"10196","10196",2071,2076,1644,-0.206180589087397
"10198","10198",1168,1171,1194,0.0222602739726027
"10199","10199",3926,3926,4088,0.0412633723892002
"10200","10200",977,979,1319,0.350051177072671
"10201","10201",1255,1055,1148,-0.0852589641434263
"10202","10202",8106,8112,6717,-0.171354552183568
"10203","10203",5228,4963,5410,0.0348125478194338
"10204","10204",3161,3144,3104,-0.018032268269535
"10205","10205",2923,2477,2471,-0.154635648306534
"10206","10206",9390,9269,7841,-0.164962726304579
"10207","10207",3408,3381,2850,-0.163732394366197
"10208","10208",5103,5032,4781,-0.0631001371742112
"10209","10209",2568,2568,2874,0.119158878504673
"10210","10210",3113,3113,2944,-0.0542884677160296
"10211","10211",9446,9515,9668,0.023502011433411
"10212","10212",4249,4628,3903,-0.0814309249235114
"10213","10213",2719,2509,2457,-0.096358955498345
"10214","10214",1696,1696,2532,0.492924528301887
"10215","10215",1717,1717,1883,0.0966802562609202
"10216","10216",2181,2177,2283,0.046767537826685
"17088","17088",2181,2177,2283,0.046767537826685
"10217","10217",4755,5324,4625,-0.0273396424815983
"10218","10218",1838,1838,1582,-0.139281828073993
"10219","10219",7888,8614,7652,-0.0299188640973631
"10220","10220",1556,1389,1174,-0.245501285347044
"10221","10221",3672,3673,3152,-0.14161220043573
"10222","10222",7498,6648,6643,-0.114030408108829
"10223","10223",2632,2595,3024,0.148936170212766
"10224","10224",1186,1187,1424,0.200674536256324
"10225","10225",5895,5996,5555,-0.0576759966072943
"10226","10226",2644,2531,2513,-0.0495461422087746
"10227","10227",2253,2032,2351,0.0434975588104749
"10228","10228",1303,1315,1316,0.00997697620874904
"10229","10229",2840,2840,2838,-0.000704225352112676
"10230","10230",3202,3204,3124,-0.0243597751405372
"10231","10231",3868,3109,3822,-0.0118924508790072
"10232","10232",4661,4659,4368,-0.0628620467710792
"10233","10233",2385,2385,2374,-0.00461215932914046
"10234","10234",4066,4767,4129,0.0154943433349729
"10235","10235",3553,3544,3485,-0.0191387559808612
"10236","10236",2432,2882,2901,0.192845394736842
"10237","10237",3961,3976,3601,-0.0908861398636708
"10238","10238",4024,4093,3264,-0.188866799204771
"10239","10239",4155,4058,5427,0.306137184115523
"10240","10240",5166,5172,4988,-0.0344560588463027
"10241","10241",4301,6835,6055,0.407812136712392
"10242","10242",1699,1494,1650,-0.0288404944084756
"10243","10243",8391,6395,6120,-0.270647121916339
"10244","10244",1648,1659,1648,0
"10245","10245",1864,1847,1846,-0.00965665236051502
"10835","10835",1864,1847,1846,-0.00965665236051502
"12974","12974",1864,1847,1846,-0.00965665236051502
"10246","10246",2140,1226,1126,-0.473831775700935
"10247","10247",3165,3234,3393,0.0720379146919431
"10248","10248",2412,1836,1877,-0.221807628524046
"10249","10249",3333,2697,2761,-0.171617161716172
"10251","10251",1658,1658,1663,0.00301568154402895
"10252","10252",2723,2472,2735,0.00440690414983474
"15369","15369",2723,2472,2735,0.00440690414983474
"10253","10253",1987,1927,1960,-0.0135883241066935
"10254","10254",1321,1322,1315,-0.00454201362604088
"10255","10255",4592,4562,4270,-0.0701219512195122
"10256","10256",4466,5521,7025,0.572995969547694
"10257","10257",3906,4018,3900,-0.00153609831029186
"10258","10258",3644,3492,3343,-0.0826015367727772
"10259","10259",2649,2649,2966,0.119667799169498
"17506","17506",2649,2649,2966,0.119667799169498
"10261","10261",2087,1974,1601,-0.232870148538572
"10262","10262",1935,2370,1985,0.0258397932816537
"10263","10263",1059,1054,1010,-0.0462700661000944
"10264","10264",5382,5382,6872,0.276848755109625
"10265","10265",3569,3562,3182,-0.108433734939759
"10266","10266",5430,5434,5320,-0.0202578268876611
"10267","10267",3750,3750,3775,0.00666666666666667
"10269","10269",4251,4927,3994,-0.0604563632086568
"10270","10270",2963,2945,2309,-0.220722240971988
"10271","10271",4143,3000,3533,-0.147236302196476
"10272","10272",2122,2122,2186,0.0301602262016965
"10273","10273",2222,2222,1047,-0.528802880288029
"10274","10274",3325,2919,2802,-0.157293233082707
"10275","10275",1881,2095,2045,0.0871876661350345
"10276","10276",5952,6040,7087,0.190692204301075
"10277","10277",3705,4006,3806,0.0272604588394062
"10278","10278",992,1024,900,-0.092741935483871
"10279","10279",3358,3267,3294,-0.0190589636688505
"10280","10280",2190,2358,2422,0.105936073059361
"10281","10281",2176,2082,2401,0.103400735294118
"10282","10282",2470,2469,2475,0.00202429149797571
"10283","10283",1592,1592,1611,0.0119346733668342
"10284","10284",4971,4937,5038,0.0134781734057534
"10285","10285",2634,2727,2581,-0.0201214882308276
"10287","10287",3836,3836,3713,-0.0320646506777894
"10288","10288",2195,2196,2139,-0.0255125284738041
"10289","10289",5898,5898,5689,-0.0354357409291285
"10290","10290",4854,6112,6122,0.261227853316852
"10291","10291",3085,2960,3075,-0.00324149108589951
"10292","10292",5020,5000,5368,0.0693227091633466
"10293","10293",4093,4096,3691,-0.0982164671390178
"10294","10294",3587,3404,3287,-0.083635349874547
"10295","10295",3077,3148,3421,0.111797205069873
"10296","10296",2504,2980,3005,0.200079872204473
"10297","10297",3580,3589,3289,-0.0812849162011173
"19509","19509",3580,3589,3289,-0.0812849162011173
"10298","10298",3012,3012,2524,-0.162018592297477
"10299","10299",2516,2513,2571,0.0218600953895072
"10300","10300",5828,5818,9881,0.695435827041867
"10301","10301",6555,5704,5062,-0.227765064836003
"10302","10302",2306,2306,2307,0.000433651344319167
"10303","10303",2149,1985,1948,-0.0935318752908329
"10304","10304",5837,5661,5900,0.010793215692993
"10305","10305",6603,6591,6500,-0.0155989701650765
"10306","10306",2574,2494,3406,0.323232323232323
"10307","10307",1438,1437,1468,0.0208623087621697
"10308","10308",2928,2862,3087,0.0543032786885246
"10309","10309",4591,4599,4432,-0.0346329775648007
"10310","10310",8868,9034,8922,0.0060893098782138
"10311","10311",3153,3174,3032,-0.0383761496986997
"16793","16793",3153,3174,3032,-0.0383761496986997
"10312","10312",3209,3657,2886,-0.100654409473356
"10313","10313",4950,4989,4577,-0.0753535353535354
"10314","10314",3208,3094,2857,-0.109413965087282
"10315","10315",5209,4832,3132,-0.398732962180841
"10316","10316",2284,1810,2048,-0.103327495621716
"10317","10317",4964,4964,4864,-0.0201450443190975
"10318","10318",3342,3711,3383,0.0122681029323758
"10319","10319",6933,6933,6837,-0.0138468195586326
"10320","10320",6096,6094,5872,-0.036745406824147
"10321","10321",6651,6613,4643,-0.301909487295144
"10322","10322",1905,1980,1789,-0.0608923884514436
"13976","13976",1905,1980,1789,-0.0608923884514436
"10323","10323",8989,8861,9438,0.0499499388141061
"10325","10325",1571,1566,1522,-0.0311903246339911
"10326","10326",2252,2252,2189,-0.0279751332149201
"10328","10328",2075,2069,1668,-0.196144578313253
"10329","10329",3285,3247,3248,-0.0112633181126332
"10330","10330",10305,10250,10446,0.0136826783114993
"10331","10331",5659,5486,5013,-0.1141544442481
"10333","10333",8090,8001,8110,0.00247218788627936
"10335","10335",6327,6299,6162,-0.0260787102892366
"10336","10336",7954,8004,7589,-0.0458888609504652
"10337","10337",3980,3991,3452,-0.132663316582915
"10339","10339",8670,8379,8450,-0.0253748558246828
"10340","10340",1255,1325,1312,0.0454183266932271
"10341","10341",5576,5576,6055,0.0859038737446198
"10342","10342",2316,2318,2293,-0.00993091537132988
"10343","10343",2541,2529,2535,-0.00236127508854782
"10344","10344",4494,4424,4219,-0.0611927013796173
"10346","10346",6883,6144,6318,-0.0820862995786721
"10347","10347",4788,5342,4406,-0.0797827903091061
"10348","10348",3440,3440,4038,0.173837209302326
"10349","10349",2691,2621,3826,0.421776291341509
"10350","10350",3210,3133,3029,-0.056386292834891
"10351","10351",2938,3054,3002,0.021783526208305
"10352","10352",7312,7215,7435,0.0168216630196937
"10353","10353",3120,3120,3069,-0.0163461538461538
"10356","10356",2024,2024,2937,0.451086956521739
"10357","10357",2866,2643,2648,-0.0760642009769714
"10358","10358",2143,2113,2108,-0.0163322445170322
"10359","10359",8047,8056,7807,-0.0298247794209022
"10360","10360",3787,5284,4300,0.135463427515184
"10361","10361",1163,1179,1335,0.147893379191745
"10362","10362",1964,1976,2079,0.0585539714867617
"10364","10364",4518,4113,4170,-0.0770252324037185
"10365","10365",1438,1725,1949,0.355354659248957
"10366","10366",1480,1480,1472,-0.00540540540540541
"10367","10367",1760,1550,1478,-0.160227272727273
"12468","12468",1760,1550,1478,-0.160227272727273
"10368","10368",2985,3468,3846,0.288442211055276
"10369","10369",5112,5605,4669,-0.0866588419405321
"10370","10370",1804,1801,1803,-0.000554323725055432
"10371","10371",4640,4632,5284,0.138793103448276
"10372","10372",3046,3049,3071,0.00820748522652659
"10373","10373",2367,2489,2548,0.0764681030840727
"10374","10374",5786,5944,5878,0.0159004493605254
"10376","10376",1409,1341,1375,-0.0241305890702626
"10377","10377",2011,2009,1893,-0.0586772749875684
"10378","10378",4416,4274,4293,-0.0278532608695652
"10379","10379",4017,4314,4401,0.0955937266616878
"10380","10380",4971,4610,4696,-0.0553208609937638
"10381","10381",2178,2178,2991,0.373278236914601
"10382","10382",3450,2958,2926,-0.151884057971014
"10383","10383",11623,11447,10249,-0.118213886260002
"10384","10384",2909,2910,2578,-0.11378480577518
"10385","10385",4236,4139,4062,-0.0410764872521246
"10386","10386",3987,3825,3273,-0.1790820165538
"10387","10387",2263,2263,1936,-0.144498453380468
"10404","10404",2263,2263,1936,-0.144498453380468
"10388","10388",4519,4190,3846,-0.148926753706572
"10389","10389",6471,6467,6221,-0.038633905115129
"10390","10390",2277,2277,2266,-0.00483091787439614
"10391","10391",6061,5952,5888,-0.0285431446955948
"10393","10393",2067,1995,1954,-0.0546686018384132
"10394","10394",3909,3736,3671,-0.060885136863648
"10395","10395",4601,3635,3493,-0.240817213649207
"10396","10396",2540,2385,2012,-0.207874015748031
"17836","17836",2540,2385,2012,-0.207874015748031
"10397","10397",4627,4494,4122,-0.109141992651826
"10398","10398",3898,3818,4065,0.0428424833247819
"10399","10399",3771,3771,2877,-0.237072394590294
"10400","10400",1618,1618,1697,0.0488257107540173
"17115","17115",1618,1618,1697,0.0488257107540173
"10401","10401",1179,1194,1284,0.089058524173028
"10403","10403",5809,5556,5593,-0.0371836804957824
"10407","10407",2551,2584,2429,-0.0478243825950608
"10408","10408",6585,6550,8698,0.3208807896735
"10410","10410",11803,12430,10531,-0.107769211217487
"10411","10411",6658,6533,6491,-0.0250826073896065
"10413","10413",1821,2160,2306,0.266337177375069
"10414","10414",3318,2951,3464,0.0440024110910187
"17699","17699",3318,2951,3464,0.0440024110910187
"10415","10415",4604,3882,3859,-0.161815812337098
"10416","10416",13448,12961,9155,-0.319229625223082
"10417","10417",5717,5621,5568,-0.0260626202553787
"10418","10418",4209,4315,4122,-0.0206699928724163
"10419","10419",1508,1517,1554,0.0305039787798408
"10420","10420",5732,5721,5036,-0.12142358688067
"10421","10421",5398,5348,4773,-0.115783623564283
"11822","11822",5398,5348,4773,-0.115783623564283
"10422","10422",2542,2447,2451,-0.0357985837922895
"12443","12443",2542,2447,2451,-0.0357985837922895
"10423","10423",2626,2493,1993,-0.241051028179741
"10424","10424",3173,3175,3877,0.221872045382918
"10425","10425",4133,4099,4088,-0.0108879748366804
"10426","10426",4967,4971,4809,-0.0318099456412321
"10428","10428",3527,3527,3329,-0.0561383612134959
"10429","10429",12246,12780,9783,-0.201126898579128
"10431","10431",2302,2085,2548,0.106863596872285
"10432","10432",3063,3059,2886,-0.0577864838393732
"10433","10433",3695,3551,3538,-0.042489851150203
"10435","10435",4851,4828,5122,0.0558647701504844
"10436","10436",6391,6391,8059,0.260992020028165
"10437","10437",2419,2418,2764,0.142620917734601
"10438","10438",4272,4277,3765,-0.118679775280899
"10440","10440",3036,2868,2837,-0.0655467720685112
"10441","10441",3447,3185,3206,-0.0699158688714824
"10443","10443",1698,1955,1958,0.153121319199058
"10444","10444",4411,4381,4363,-0.0108818861936069
"18722","18722",4411,4381,4363,-0.0108818861936069
"10445","10445",3425,2941,2640,-0.229197080291971
"10446","10446",2843,2913,2598,-0.0861765740415055
"10447","10447",3934,4179,3522,-0.104728012201322
"10448","10448",3229,3282,3520,0.0901207804273769
"10449","10449",5431,5431,5600,0.0311176578898914
"10450","10450",3653,3455,3353,-0.0821242814125376
"10451","10451",4186,4186,3972,-0.051122790253225
"10452","10452",2330,2579,2563,0.1
"10453","10453",3514,3346,3342,-0.0489470688673876
"10455","10455",1996,2074,2250,0.127254509018036
"10456","10456",8673,8443,7181,-0.172028133287213
"10457","10457",6232,6236,6085,-0.0235879332477535
"10458","10458",4268,4289,4593,0.0761480787253983
"10459","10459",2977,3873,3251,0.0920389654014108
"10460","10460",2664,2709,2528,-0.0510510510510511
"18626","18626",2664,2709,2528,-0.0510510510510511
"10461","10461",7402,7605,7682,0.0378276141583356
"10462","10462",1864,1859,1865,0.000536480686695279
"10463","10463",1671,1858,1910,0.143028126870138
"10464","10464",6866,8524,7407,0.0787940576755025
"10465","10465",2954,2959,2912,-0.014218009478673
"10466","10466",4492,5165,4230,-0.0583259127337489
"10467","10467",2111,1888,1885,-0.107058266224538
"10468","10468",4188,4042,4183,-0.00119388729703916
"10469","10469",1639,1697,2164,0.320317266625991
"10470","10470",2140,2290,2002,-0.0644859813084112
"10472","10472",1610,1610,1805,0.12111801242236
"10473","10473",2512,2432,2534,0.00875796178343949
"18052","18052",2512,2432,2534,0.00875796178343949
"10474","10474",1195,1105,1117,-0.0652719665271966
"10475","10475",3456,2921,1983,-0.426215277777778
"10476","10476",5101,5587,4729,-0.0729268770829249
"10477","10477",2384,2320,2026,-0.150167785234899
"17247","17247",2384,2320,2026,-0.150167785234899
"10478","10478",4306,3974,3984,-0.0747793776126335
"10479","10479",3858,3754,3636,-0.057542768273717
"10480","10480",2156,1861,2458,0.140074211502783
"10481","10481",3182,3193,3870,0.216216216216216
"10482","10482",3907,3909,3809,-0.0250831840286665
"10483","10483",2304,1770,1998,-0.1328125
"10484","10484",3623,3613,3701,0.0215291195142147
"10485","10485",6366,6330,4056,-0.362865221489161
"10486","10486",1692,1839,1656,-0.0212765957446809
"10487","10487",5515,5260,4708,-0.146328195829556
"10489","10489",4359,4096,3925,-0.0995641202110576
"10490","10490",1694,1694,1693,-0.000590318772136954
"13900","13900",1694,1694,1693,-0.000590318772136954
"10491","10491",4194,4139,4284,0.0214592274678112
"10492","10492",4502,4598,4602,0.022212350066637
"10493","10493",7804,7870,7789,-0.00192209123526397
"10494","10494",3023,3297,3477,0.150181938471717
"10495","10495",4219,4200,4147,-0.0170656553685708
"10496","10496",6559,6545,6501,-0.00884281140417747
"10497","10497",2040,1988,2218,0.0872549019607843
"10498","10498",11679,12198,9344,-0.199931500984673
"10499","10499",4939,4976,4952,0.00263211176351488
"10500","10500",7668,8235,5558,-0.275169535732916
"10501","10501",5049,4561,4502,-0.108338284808873
"10502","10502",2088,1936,1923,-0.0790229885057471
"10503","10503",5092,5544,4642,-0.0883739198743126
"10504","10504",3872,3917,3865,-0.00180785123966942
"10505","10505",1718,1724,1645,-0.0424912689173458
"10506","10506",1632,1878,1877,0.150122549019608
"10507","10507",1776,1776,1497,-0.157094594594595
"10508","10508",3374,3581,3770,0.117368109069354
"18072","18072",3374,3581,3770,0.117368109069354
"10509","10509",3556,3485,3248,-0.0866141732283465
"10510","10510",3436,3506,3253,-0.0532596041909197
"10511","10511",6431,6431,6379,-0.00808583424039807
"10512","10512",6460,7362,7561,0.170433436532508
"10513","10513",6257,6282,6048,-0.0334025891002078
"10514","10514",4254,4243,4026,-0.0535966149506347
"10515","10515",1765,1765,2123,0.202832861189802
"10516","10516",1989,1790,2247,0.129713423831071
"10517","10517",5121,5454,5133,0.00234329232571763
"10518","10518",1835,1797,1744,-0.049591280653951
"10519","10519",3067,3051,2859,-0.0678187153570264
"10520","10520",4973,4971,4196,-0.156243716066761
"10521","10521",3667,3755,3761,0.0256340332697028
"10522","10522",6372,6452,6701,0.0516321406151915
"10523","10523",1507,1418,1538,0.0205706702057067
"11148","11148",1507,1418,1538,0.0205706702057067
"10524","10524",4876,4968,4849,-0.00553732567678425
"10525","10525",3084,2792,2817,-0.0865758754863813
"10527","10527",6054,5982,6178,0.0204823257350512
"10528","10528",1967,1888,2163,0.099644128113879
"10529","10529",1567,1572,1776,0.133375877472878
"10530","10530",10354,9477,9486,-0.0838323353293413
"10531","10531",5882,5880,5368,-0.0873852431145869
"10532","10532",2548,2548,2701,0.0600470957613815
"10533","10533",3509,3339,3295,-0.060986035907666
"10534","10534",4191,4737,4145,-0.0109759007396803
"10535","10535",2556,2865,2710,0.0602503912363067
"10536","10536",5248,4648,4154,-0.208460365853659
"10537","10537",3659,4169,3971,0.0852691992347636
"10538","10538",3361,3360,3113,-0.0737875632252306
"10539","10539",3643,3348,3209,-0.119132583035959
"10540","10540",1297,1011,845,-0.348496530454896
"10541","10541",5871,5833,5613,-0.0439448134900358
"10543","10543",2966,2957,2852,-0.0384356035064059
"10544","10544",1696,1696,1665,-0.0182783018867925
"10545","10545",4334,4321,4778,0.102445777572681
"10546","10546",2258,2283,2280,0.00974313551815766
"10547","10547",2767,2635,2645,-0.0440910733646549
"10548","10548",3730,3735,3747,0.00455764075067024
"10549","10549",5114,5527,5122,0.00156433320297223
"10550","10550",2991,3033,2895,-0.0320962888665998
"10551","10551",853,855,829,-0.0281359906213365
"10552","10552",2798,3122,2756,-0.0150107219442459
"10553","10553",5435,5289,4444,-0.182336706531739
"10554","10554",2190,2190,1707,-0.220547945205479
"10555","10555",12032,11807,12151,0.00989029255319149
"10556","10556",5070,5260,5625,0.109467455621302
"10557","10557",1579,1579,1465,-0.0721975934135529
"10558","10558",6928,7539,4867,-0.297488452655889
"10559","10559",2176,2173,2171,-0.00229779411764706
"10560","10560",5782,5821,5739,-0.00743687305430647
"10561","10561",1364,1956,1381,0.0124633431085044
"15634","15634",1364,1956,1381,0.0124633431085044
"16863","16863",1364,1956,1381,0.0124633431085044
"19679","19679",1364,1956,1381,0.0124633431085044
"10562","10562",7079,7075,5518,-0.220511371662664
"10563","10563",1825,1825,1672,-0.0838356164383562
"10564","10564",2838,2840,3541,0.247709654686399
"10565","10565",2309,2390,2631,0.139454309224773
"10566","10566",1667,1665,1613,-0.0323935212957408
"10567","10567",2572,2040,2372,-0.0777604976671851
"10568","10568",1940,1963,1928,-0.00618556701030928
"10569","10569",2072,2110,2195,0.0593629343629344
"10570","10570",4245,4245,4184,-0.0143698468786808
"10571","10571",2932,2932,3105,0.0590040927694407
"10572","10572",5470,4808,3080,-0.436928702010969
"19737","19737",5470,4808,3080,-0.436928702010969
"10573","10573",764,624,604,-0.209424083769634
"10574","10574",2967,2963,3018,0.0171890798786653
"10575","10575",1559,1512,1821,0.168056446440026
"10576","10576",4278,4277,3860,-0.0977092099111734
"10577","10577",6238,6408,6496,0.0413594100673293
"10578","10578",1307,1306,1311,0.00306044376434583
"10579","10579",2972,2967,2707,-0.0891655450874832
"10580","10580",3953,4084,3925,-0.00708322792815583
"10581","10581",2608,1768,1844,-0.292944785276074
"10582","10582",8296,8295,6320,-0.238187078109933
"10583","10583",3057,3058,2810,-0.0807981681386981
"10584","10584",5126,4973,4226,-0.175575497463909
"10585","10585",4099,4352,4135,0.00878262990973408
"10586","10586",2764,2764,2992,0.0824891461649783
"10587","10587",1748,1678,1717,-0.0177345537757437
"10588","10588",3568,3563,3045,-0.146580717488789
"10589","10589",1563,1287,1331,-0.148432501599488
"11258","11258",1563,1287,1331,-0.148432501599488
"10590","10590",7391,7370,7144,-0.0334190231362468
"10592","10592",1388,1392,1335,-0.0381844380403458
"10593","10593",2794,2740,2758,-0.0128847530422334
"10594","10594",3291,3291,3442,0.045882710422364
"10596","10596",8331,9292,7171,-0.139238986916337
"10597","10597",1720,1720,1720,0
"10598","10598",6119,6089,5951,-0.0274554665795065
"10599","10599",1155,1165,1084,-0.0614718614718615
"10600","10600",2006,2015,2007,0.000498504486540379
"10601","10601",10883,10928,9781,-0.101258844068731
"10602","10602",10162,9785,8953,-0.118972643180476
"10603","10603",4627,5377,4814,0.0404149556948347
"10604","10604",1431,1433,1464,0.0230607966457023
"10605","10605",3435,4148,3313,-0.0355167394468704
"10606","10606",1319,1319,1031,-0.218347232752085
"10607","10607",2632,2567,2464,-0.0638297872340425
"16479","16479",2632,2567,2464,-0.0638297872340425
"10608","10608",2831,2830,3478,0.22854115153656
"10609","10609",1863,1955,1952,0.0477724100912507
"10610","10610",9522,9508,9944,0.044318420499895
"10611","10611",1637,1637,2053,0.254123396456933
"10612","10612",1795,1800,1765,-0.0167130919220056
"10613","10613",2947,2954,3084,0.0464879538513743
"10614","10614",5493,5497,4752,-0.134898962315674
"10615","10615",5916,5953,5825,-0.0153820148749155
"10616","10616",5685,5188,5137,-0.0963940193491645
"10617","10617",1239,1325,1276,0.029862792574657
"10618","10618",3912,2554,2439,-0.376533742331288
"10619","10619",4076,3693,3131,-0.231844946025515
"10620","10620",2317,2358,2366,0.0211480362537764
"10621","10621",3738,3679,3873,0.036115569823435
"10622","10622",2974,2908,3027,0.0178211163416274
"10623","10623",3996,3851,3966,-0.00750750750750751
"10624","10624",3076,3092,2762,-0.102080624187256
"10625","10625",3865,3757,3014,-0.220181112548512
"10626","10626",3221,3314,3449,0.0707854703508227
"18046","18046",3221,3314,3449,0.0707854703508227
"10627","10627",1321,1308,1226,-0.0719152157456472
"18100","18100",1321,1308,1226,-0.0719152157456472
"19841","19841",1321,1308,1226,-0.0719152157456472
"10628","10628",2082,2082,2225,0.0686839577329491
"10629","10629",6489,6952,6346,-0.0220372938819541
"10630","10630",4604,4547,4882,0.0603822762814944
"10631","10631",3937,3937,3643,-0.0746761493522987
"10632","10632",1922,1925,2150,0.118626430801249
"10633","10633",4304,4123,4034,-0.0627323420074349
"10634","10634",4413,3294,2530,-0.426693859052799
"10635","10635",4603,4561,4003,-0.130349771887899
"10636","10636",2187,1632,720,-0.670781893004115
"10637","10637",1129,1153,1196,0.0593445527015058
"10638","10638",2629,2184,2034,-0.226321795359452
"10639","10639",5312,5102,5230,-0.0154367469879518
"10640","10640",3157,3157,3528,0.117516629711752
"10641","10641",5304,5257,2728,-0.485671191553544
"10642","10642",8663,9070,6231,-0.280734156758629
"10643","10643",997,997,1551,0.555667001003009
"10644","10644",1184,1099,1249,0.0548986486486486
"10645","10645",4209,3912,3888,-0.0762651461154669
"10647","10647",1339,1333,1374,0.0261389096340553
"10648","10648",5950,5958,5662,-0.0484033613445378
"10649","10649",2568,2571,2765,0.0767133956386293
"10650","10650",5757,5748,5771,0.00243182212958138
"10651","10651",5985,5601,4133,-0.309440267335004
"10652","10652",1977,1741,1823,-0.0778958017197774
"10653","10653",1327,1327,1377,0.0376789751318764
"10654","10654",3021,3021,2945,-0.0251572327044025
"10655","10655",1161,939,1155,-0.00516795865633075
"10656","10656",2208,2335,2080,-0.0579710144927536
"10657","10657",9550,9712,8782,-0.0804188481675393
"10658","10658",4174,3721,3838,-0.0804983229516052
"10659","10659",4370,3509,3439,-0.21304347826087
"10660","10660",3359,3360,3238,-0.0360226257814826
"16468","16468",3359,3360,3238,-0.0360226257814826
"10661","10661",1231,1231,1183,-0.0389926888708367
"16776","16776",1231,1231,1183,-0.0389926888708367
"10663","10663",10246,9695,9670,-0.056217060316221
"10664","10664",7229,7237,7289,0.00829990316779637
"10665","10665",6743,6493,6391,-0.0522022838499184
"10666","10666",6457,6329,6367,-0.0139383614681741
"10667","10667",1955,1955,1911,-0.0225063938618926
"10668","10668",3073,3030,2501,-0.186137325089489
"10669","10669",2179,2485,2142,-0.0169802661771455
"10670","10670",4617,4848,4630,0.00281568117825428
"10671","10671",4460,4421,4023,-0.0979820627802691
"10672","10672",2943,2603,2352,-0.200815494393476
"10673","10673",1378,1448,1370,-0.0058055152394775
"17492","17492",1378,1448,1370,-0.0058055152394775
"19057","19057",1378,1448,1370,-0.0058055152394775
"19794","19794",1378,1448,1370,-0.0058055152394775
"10674","10674",2114,2084,2131,0.00804162724692526
"10675","10675",2017,2028,2288,0.134357957362419
"10676","10676",10374,10096,9376,-0.0962020435704646
"10677","10677",1272,1272,1290,0.0141509433962264
"10678","10678",6430,7042,7121,0.10746500777605
"10679","10679",2748,2750,2351,-0.144468704512373
"10680","10680",4718,4711,4420,-0.0631623569309029
"10681","10681",852,2494,850,-0.00234741784037559
"10682","10682",3530,4695,3262,-0.0759206798866855
"10683","10683",2981,3107,3635,0.219389466621939
"10684","10684",5407,5144,5339,-0.0125762899944516
"10685","10685",2382,2383,2427,0.0188916876574307
"10686","10686",1406,1182,1274,-0.0938833570412518
"10687","10687",2013,1880,1880,-0.0660705414803775
"17515","17515",2013,1880,1880,-0.0660705414803775
"10688","10688",7421,6103,8188,0.103355342945695
"10689","10689",1212,1210,1429,0.179042904290429
"10690","10690",5835,5799,5789,-0.0078834618680377
"10691","10691",2608,2527,2762,0.0590490797546012
"10692","10692",2193,2201,2462,0.12266301869585
"10693","10693",7228,7168,5769,-0.201853901494189
"10694","10694",2029,2016,1693,-0.165598817151306
"19532","19532",2029,2016,1693,-0.165598817151306
"10695","10695",2311,2311,2442,0.0566854175681523
"10696","10696",3693,3650,3879,0.0503655564581641
"10697","10697",2670,2667,2599,-0.0265917602996255
"10698","10698",5902,5696,5662,-0.0406641816333446
"10699","10699",5494,5528,4247,-0.226974881689115
"10700","10700",7561,7657,7854,0.0387514878984261
"10701","10701",3756,3757,4928,0.312034078807242
"10702","10702",1326,1326,1063,-0.198340874811463
"10703","10703",1918,1916,1840,-0.040667361835245
"10704","10704",7782,7785,7419,-0.0466461063993832
"10705","10705",5809,5874,5824,0.00258220003442933
"10706","10706",4011,4096,2931,-0.269259536275243
"10708","10708",936,941,1060,0.132478632478632
"10709","10709",2713,2714,2766,0.0195355694802801
"16510","16510",2713,2714,2766,0.0195355694802801
"10711","10711",2323,2333,2284,-0.0167886353852777
"10712","10712",4630,6636,6584,0.422030237580994
"10713","10713",10106,10413,7938,-0.214526024144073
"10714","10714",5126,5126,4900,-0.0440889582520484
"10715","10715",1969,1670,1681,-0.146267140680548
"10716","10716",2100,2114,2062,-0.0180952380952381
"10717","10717",5392,4706,3850,-0.285979228486647
"10718","10718",4947,4944,3040,-0.385486153224176
"10719","10719",6062,5899,5805,-0.0423952490927087
"10720","10720",4119,3972,3045,-0.260742898761835
"10721","10721",3004,2862,2589,-0.13814913448735
"10722","10722",4225,4429,3466,-0.179644970414201
"10723","10723",7684,6986,6318,-0.177771993753254
"10724","10724",1577,1852,1991,0.262523779327838
"10725","10725",7061,7196,6886,-0.0247840249256479
"10726","10726",2591,2578,2224,-0.141644152836743
"10728","10728",1585,1585,1303,-0.177917981072555
"10730","10730",1805,1700,1684,-0.0670360110803324
"10731","10731",8641,8641,8192,-0.0519615785210045
"10733","10733",2801,2830,2806,0.00178507675830061
"10734","10734",6707,6719,4978,-0.257790368271955
"10735","10735",2708,2698,2750,0.0155096011816839
"10736","10736",2526,2643,2631,0.0415676959619952
"10737","10737",2396,2401,2362,-0.0141903171953255
"18338","18338",2396,2401,2362,-0.0141903171953255
"10738","10738",3248,3201,2938,-0.0954433497536946
"14115","14115",3248,3201,2938,-0.0954433497536946
"10739","10739",3809,4097,3654,-0.0406930953006038
"10740","10740",3039,3029,3055,0.00526488976637052
"10741","10741",5104,5078,4987,-0.022923197492163
"10742","10742",3980,3975,3922,-0.014572864321608
"10743","10743",2489,2925,2764,0.110486139011651
"10744","10744",2684,2032,2276,-0.152011922503726
"10745","10745",3920,3920,3922,0.000510204081632653
"10746","10746",2020,2002,1633,-0.191584158415842
"16436","16436",2020,2002,1633,-0.191584158415842
"10747","10747",6237,6222,6230,-0.00112233445566779
"10748","10748",3860,3860,3626,-0.0606217616580311
"10749","10749",4402,4272,4125,-0.062925942753294
"10750","10750",4161,4162,3973,-0.0451814467676039
"10751","10751",2615,2615,2679,0.0244741873804971
"10752","10752",6316,6316,4533,-0.282298923369221
"10753","10753",5320,5197,2852,-0.46390977443609
"10754","10754",4609,4626,4561,-0.0104144065957908
"10755","10755",2605,2605,2521,-0.0322456813819578
"17834","17834",2605,2605,2521,-0.0322456813819578
"10756","10756",5707,5713,5826,0.0208515857718591
"10757","10757",1707,1657,1662,-0.0263620386643234
"10758","10758",2512,2442,2957,0.177149681528662
"10759","10759",3503,3316,3453,-0.0142734798743934
"10760","10760",3869,3891,3904,0.00904626518480227
"15937","15937",3869,3891,3904,0.00904626518480227
"10761","10761",1932,1932,1932,0
"10762","10762",3811,4534,3892,0.0212542639727106
"10763","10763",5241,5005,5113,-0.0244228200725052
"10764","10764",6570,9010,8829,0.343835616438356
"10765","10765",4081,4060,3857,-0.0548885077186964
"10766","10766",3122,3019,3017,-0.0336322869955157
"10767","10767",1175,1630,1285,0.0936170212765957
"10768","10768",2796,2804,2782,-0.0050071530758226
"10769","10769",4152,4157,4056,-0.023121387283237
"10770","10770",1455,1455,1237,-0.149828178694158
"10771","10771",9018,9067,8818,-0.0221778664892437
"10772","10772",2832,2972,2580,-0.0889830508474576
"10773","10773",4435,5899,5117,0.153776775648253
"10776","10776",3479,3330,2995,-0.139120436907157
"10777","10777",9032,9625,8583,-0.0497121346324181
"10778","10778",8554,8416,8241,-0.0365910685059621
"10779","10779",2973,2462,2539,-0.145980491086445
"10780","10780",4430,4430,4937,0.114446952595937
"10781","10781",1913,1940,1709,-0.106638787245165
"10782","10782",6294,6282,5321,-0.15459167461074
"10785","10785",2086,2094,2160,0.0354745925215724
"10786","10786",2577,2637,2156,-0.16336825766395
"10787","10787",1684,1686,1349,-0.198931116389549
"10789","10789",5279,5079,4921,-0.067815874218602
"10790","10790",2847,2847,2794,-0.0186160871092378
"10791","10791",2224,2230,2513,0.129946043165468
"10792","10792",2581,2435,2627,0.0178225493994576
"10793","10793",7656,8373,7478,-0.0232497387669801
"10794","10794",3133,3182,3070,-0.020108522183211
"10795","10795",2120,2081,2153,0.0155660377358491
"13986","13986",2120,2081,2153,0.0155660377358491
"14206","14206",2120,2081,2153,0.0155660377358491
"10796","10796",9893,10414,7416,-0.25037905589811
"10797","10797",3510,3510,4909,0.398575498575499
"10799","10799",2111,2110,2078,-0.0156324017053529
"10801","10801",6423,5526,5154,-0.197571228397945
"10802","10802",1773,1804,1929,0.0879864636209814
"10803","10803",3577,3141,3406,-0.0478054235392787
"10804","10804",5763,5777,4528,-0.214298108623981
"10805","10805",1585,1585,1572,-0.0082018927444795
"10806","10806",2084,2024,1978,-0.0508637236084453
"10807","10807",2258,2563,2779,0.230735163861825
"10808","10808",2159,2095,2212,0.0245484020379805
"10810","10810",9007,8900,10833,0.20273120905962
"10811","10811",1446,1440,1436,-0.00691562932226833
"10812","10812",6154,6263,8473,0.376828079298018
"10813","10813",13317,13297,12483,-0.0626267177292183
"10814","10814",1304,1302,1485,0.138803680981595
"16296","16296",1304,1302,1485,0.138803680981595
"10815","10815",3731,3732,3651,-0.0214419726614849
"10816","10816",1567,1655,1877,0.197830248883216
"10817","10817",2415,2413,2400,-0.0062111801242236
"10818","10818",4408,4462,5058,0.147459165154265
"10819","10819",5699,6506,6057,0.062818038252325
"10820","10820",1238,1195,1093,-0.117124394184168
"10821","10821",1773,1752,1576,-0.111111111111111
"10823","10823",5140,5274,5162,0.00428015564202335
"10824","10824",3764,3272,3277,-0.129383634431456
"10825","10825",3299,3318,2586,-0.216126098817824
"15973","15973",3299,3318,2586,-0.216126098817824
"10826","10826",3913,3652,3666,-0.0631229235880399
"10827","10827",5656,5841,5953,0.0525106082036775
"10828","10828",3405,3454,3528,0.0361233480176211
"10831","10831",7135,7016,8158,0.143377715487036
"10832","10832",3807,3780,5219,0.370895718413449
"10833","10833",2183,2215,2215,0.0146587265231333
"10834","10834",4368,3654,3866,-0.11492673992674
"10838","10838",5483,5543,5546,0.0114900601860295
"10839","10839",2905,2906,2894,-0.00378657487091222
"10840","10840",2875,2312,2596,-0.0970434782608696
"10841","10841",3414,3815,3889,0.139132981839484
"10842","10842",5978,5975,5031,-0.15841418534627
"10843","10843",2352,2351,2351,-0.000425170068027211
"10844","10844",7812,6686,5686,-0.272145417306708
"10845","10845",1421,1427,1170,-0.176636171710063
"10846","10846",2506,2499,2443,-0.0251396648044693
"10847","10847",2273,2967,3111,0.368675758908931
"10848","10848",10344,11045,9180,-0.112529002320186
"10849","10849",4119,3986,3833,-0.0694343287205632
"10850","10850",7566,7555,6706,-0.113666402326196
"10851","10851",1550,1550,1540,-0.00645161290322581
"15152","15152",1550,1550,1540,-0.00645161290322581
"10852","10852",2813,2812,2753,-0.0213295414148596
"10853","10853",2107,2110,2069,-0.0180351210251542
"10854","10854",3645,3797,3799,0.0422496570644719
"10855","10855",2708,2598,2969,0.0963810930576071
"10856","10856",1992,1985,1326,-0.33433734939759
"10857","10857",6917,7435,5270,-0.238109006794853
"10859","10859",11185,11201,9680,-0.13455520786768
"10862","10862",2747,2200,2360,-0.140880961048416
"10863","10863",2597,2487,2934,0.129765113592607
"10865","10865",1815,1815,1872,0.031404958677686
"10866","10866",1889,1928,2053,0.0868184224457385
"15190","15190",1889,1928,2053,0.0868184224457385
"10867","10867",1756,1754,1594,-0.092255125284738
"13769","13769",1756,1754,1594,-0.092255125284738
"10868","10868",4566,4584,3935,-0.138195356986421
"10869","10869",5172,4992,5094,-0.0150812064965197
"10870","10870",3696,3663,3455,-0.0652056277056277
"10871","10871",4713,5164,5122,0.0867812433694038
"10872","10872",4858,4784,4795,-0.0129682997118156
"10873","10873",4355,4354,2531,-0.418828932261768
"10874","10874",2822,2822,3464,0.227498228206945
"10875","10875",5343,5254,4367,-0.18266891259592
"10876","10876",1569,1628,1598,0.0184831102613129
"17980","17980",1569,1628,1598,0.0184831102613129
"10877","10877",1136,1135,1143,0.00616197183098592
"10878","10878",3327,3330,2869,-0.137661556958221
"10880","10880",5477,6047,5227,-0.0456454263282819
"10881","10881",2624,2642,2679,0.0209603658536585
"10882","10882",3653,3431,3668,0.00410621407062688
"10883","10883",5910,5716,5660,-0.0423011844331641
"10884","10884",2538,2551,2721,0.0721040189125296
"10885","10885",1806,1805,1786,-0.0110741971207087
"10886","10886",3774,4079,3139,-0.168256491785904
"10887","10887",1747,1555,1636,-0.0635374928448769
"10888","10888",2509,2504,2529,0.00797130330809087
"10889","10889",4199,4200,4368,0.0402476780185759
"10890","10890",3674,3601,3734,0.0163309744148067
"10891","10891",2528,2602,3172,0.254746835443038
"10892","10892",4308,3844,4106,-0.0468895078922934
"10893","10893",3863,3863,1236,-0.680041418586591
"10894","10894",3835,4193,3669,-0.0432855280312907
"10895","10895",2605,2305,2207,-0.15278310940499
"10896","10896",3266,2988,3100,-0.0508266993263931
"10897","10897",1987,1974,1979,-0.00402617010568697
"13247","13247",1987,1974,1979,-0.00402617010568697
"10898","10898",2828,2828,2838,0.00353606789250354
"10900","10900",3979,3979,3956,-0.00578034682080925
"10901","10901",1659,2091,1598,-0.0367691380349608
"10902","10902",6031,6263,5574,-0.0757751616647322
"10903","10903",3895,3898,3473,-0.108344030808729
"10905","10905",3401,3166,3546,0.0426345192590415
"10906","10906",3225,3107,2932,-0.0908527131782946
"10908","10908",2864,2785,2675,-0.0659916201117318
"10909","10909",1082,1082,1152,0.0646950092421442
"10910","10910",3210,3397,3114,-0.0299065420560748
"19938","19938",3210,3397,3114,-0.0299065420560748
"10911","10911",4187,3796,2919,-0.30284213040363
"10912","10912",5421,5446,5377,-0.008116583656152
"10913","10913",3330,2523,2518,-0.243843843843844
"10914","10914",2226,2226,2198,-0.0125786163522013
"11329","11329",2226,2226,2198,-0.0125786163522013
"10915","10915",8892,8855,7021,-0.210413855150697
"10916","10916",2406,2232,1966,-0.182876142975894
"10917","10917",1720,1640,1624,-0.0558139534883721
"11484","11484",1720,1640,1624,-0.0558139534883721
"10918","10918",2883,2883,3112,0.0794311481096081
"10919","10919",5145,5133,5193,0.00932944606413994
"10920","10920",7303,7116,6069,-0.168971655484048
"10921","10921",2072,2072,2039,-0.0159266409266409
"10922","10922",4806,4779,4448,-0.0744902205576363
"10923","10923",1344,1263,1314,-0.0223214285714286
"10924","10924",3795,3755,5193,0.368379446640316
"10925","10925",1251,797,922,-0.262989608313349
"10927","10927",8317,8751,8981,0.0798364794998196
"10928","10928",2692,2689,2667,-0.00928677563150074
"10929","10929",6212,5377,4999,-0.195267224726336
"10930","10930",1561,1558,1326,-0.150544522741832
"10931","10931",1981,2056,2729,0.37758707723372
"10933","10933",2699,2400,2569,-0.0481659874027418
"10934","10934",2630,2147,2262,-0.139923954372624
"10935","10935",4186,4202,4003,-0.0437171524128046
"10936","10936",3756,3756,3755,-0.000266240681576145
"10937","10937",4935,4935,4459,-0.0964539007092199
"10938","10938",6380,6711,6269,-0.0173981191222571
"10939","10939",5387,5390,5233,-0.0285873398923334
"10940","10940",4560,4455,4425,-0.0296052631578947
"10941","10941",4234,4105,4224,-0.00236183278223902
"10943","10943",5249,5372,5232,-0.00323871213564488
"10944","10944",2613,2614,2537,-0.0290853425181783
"10945","10945",3642,3633,3748,0.029104887424492
"10946","10946",1781,1781,1925,0.0808534531162268
"10947","10947",10348,10213,10704,0.0344027831465017
"10948","10948",3091,3258,2919,-0.0556454221934649
"10949","10949",5664,5649,4896,-0.135593220338983
"10950","10950",2109,2044,1782,-0.155049786628734
"18022","18022",2109,2044,1782,-0.155049786628734
"10951","10951",6237,6370,8938,0.4330607663941
"10952","10952",2803,2807,2765,-0.0135569033178737
"10954","10954",1857,1567,1614,-0.130856219709208
"10955","10955",11094,11205,7726,-0.303587524788174
"10956","10956",9412,9156,8538,-0.0928601784955376
"10957","10957",6748,6739,9088,0.346769413159455
"10958","10958",2910,2943,2993,0.0285223367697594
"10959","10959",1281,1262,1387,0.0827478532396565
"10960","10960",2673,2630,3338,0.248784137673027
"10961","10961",2771,2487,2822,0.0184049079754601
"10963","10963",3218,3277,3106,-0.0348042262274705
"10965","10965",4133,4032,4607,0.1146866682797
"10966","10966",6625,6812,9816,0.481660377358491
"10967","10967",3321,3319,3368,0.0141523637458597
"10968","10968",1559,1559,1539,-0.0128287363694676
"10969","10969",2244,2219,2117,-0.0565953654188948
"10970","10970",2171,2167,2468,0.136803316444035
"10971","10971",1486,1487,1489,0.00201884253028264
"10972","10972",3551,3688,2175,-0.387496479864827
"10973","10973",4518,4515,3253,-0.279991146525011
"10974","10974",5381,5382,5146,-0.0436721798922133
"10975","10975",2378,2378,2578,0.0841042893187553
"10977","10977",3366,3268,3377,0.00326797385620915
"12608","12608",3366,3268,3377,0.00326797385620915
"10978","10978",6952,7416,6856,-0.0138089758342923
"10979","10979",5499,5499,4583,-0.166575741043826
"10980","10980",9295,9488,9474,0.0192576654115116
"10981","10981",5589,5586,6996,0.25174449812131
"10982","10982",4042,4042,4319,0.0685304304799604
"10983","10983",3424,3424,3997,0.167348130841121
"10984","10984",2244,2128,2057,-0.0833333333333333
"10985","10985",2140,1543,1650,-0.228971962616822
"10987","10987",1461,1461,1467,0.00410677618069815
"10989","10989",2329,2405,2625,0.127093173035638
"10990","10990",5636,5645,4941,-0.123314407381121
"10992","10992",1926,2342,1912,-0.00726895119418484
"10993","10993",3792,3767,3242,-0.145042194092827
"18606","18606",3792,3767,3242,-0.145042194092827
"10994","10994",1149,1149,1248,0.0861618798955614
"10995","10995",4616,5319,4358,-0.055892547660312
"10996","10996",4588,4532,4468,-0.02615518744551
"10997","10997",10263,9218,12109,0.179869433888727
"10998","10998",6469,5563,5416,-0.162776317823466
"10999","10999",4005,3590,3079,-0.231210986267166
"11000","11000",6330,6318,6368,0.00600315955766193
"11002","11002",3405,3407,3046,-0.105433186490455
"11003","11003",2096,2087,2503,0.194179389312977
"11004","11004",1881,1927,1716,-0.087719298245614
"11005","11005",3608,3695,3464,-0.0399113082039911
"11006","11006",6772,6755,6629,-0.021116361488482
"11007","11007",1693,1697,1701,0.00472533963378618
"11008","11008",3329,3390,4480,0.345749474316612
"11009","11009",5126,5141,4191,-0.182403433476395
"11010","11010",4649,4651,4440,-0.0449559044955904
"11011","11011",2360,2322,1807,-0.234322033898305
"11012","11012",2604,2617,2048,-0.213517665130568
"11013","11013",1522,1522,1655,0.0873850197109067
"11014","11014",3161,3152,2913,-0.0784561847516609
"11015","11015",3516,3528,3517,0.000284414106939704
"11016","11016",1781,1782,1786,0.00280741156653565
"11017","11017",1932,1932,1903,-0.0150103519668737
"15928","15928",1932,1932,1903,-0.0150103519668737
"11018","11018",4817,4818,5149,0.0689225659123936
"11019","11019",2753,2817,2444,-0.112241191427534
"11020","11020",4192,4200,4002,-0.045324427480916
"11021","11021",8151,7684,7741,-0.0503005766163661
"11022","11022",4667,4630,4789,0.0261409899292908
"11024","11024",2328,2275,1863,-0.199742268041237
"11025","11025",5023,4639,5830,0.160660959585905
"11026","11026",2528,2520,2555,0.0106803797468354
"11027","11027",2043,1992,2601,0.273127753303965
"11028","11028",3645,3286,3229,-0.114128943758573
"11029","11029",4960,4963,4800,-0.032258064516129
"11030","11030",2749,2689,2651,-0.0356493270280102
"14199","14199",2749,2689,2651,-0.0356493270280102
"11031","11031",8538,8863,8488,-0.00585617240571562
"11032","11032",6953,6275,4525,-0.349201783402848
"11033","11033",3632,3054,2364,-0.349118942731278
"13383","13383",3632,3054,2364,-0.349118942731278
"11035","11035",4353,5845,5126,0.177578681369171
"11036","11036",1846,1846,1846,0
"11037","11037",2316,2326,2249,-0.0289291882556131
"11038","11038",1634,1680,1489,-0.0887392900856793
"11039","11039",2581,2448,2468,-0.0437814800464936
"13057","13057",2581,2448,2468,-0.0437814800464936
"11040","11040",2366,2354,1968,-0.16821639898563
"11041","11041",4221,4282,5278,0.250414593698176
"11042","11042",2118,2109,2393,0.129839471199245
"16477","16477",2118,2109,2393,0.129839471199245
"11043","11043",1118,1117,1056,-0.0554561717352415
"11044","11044",2630,2632,2567,-0.0239543726235741
"13951","13951",2630,2632,2567,-0.0239543726235741
"11045","11045",2640,2342,2498,-0.0537878787878788
"11046","11046",7556,8863,8841,0.17006352567496
"11047","11047",1282,1178,1059,-0.173946957878315
"11048","11048",3106,3032,3061,-0.0144880875724404
"11049","11049",3890,3897,4010,0.0308483290488432
"11050","11050",2168,2159,2101,-0.0309040590405904
"11051","11051",11500,11601,11118,-0.0332173913043478
"11052","11052",3702,3697,4058,0.0961642355483522
"11054","11054",2381,2441,2634,0.106257874842503
"11055","11055",1717,1785,1253,-0.270238788584741
"11056","11056",2933,2920,2719,-0.072962836685987
"11057","11057",4765,5038,4963,0.0415529905561385
"11058","11058",929,908,866,-0.0678148546824543
"12000","12000",929,908,866,-0.0678148546824543
"11059","11059",4805,4806,4281,-0.109053069719043
"11060","11060",8767,8858,9255,0.0556632827649139
"11062","11062",8005,8367,6267,-0.217114303560275
"11063","11063",3503,3501,3792,0.0825007136739937
"11064","11064",3117,3117,3110,-0.00224574911774142
"11065","11065",3333,3586,3595,0.0786078607860786
"11067","11067",2373,1959,1963,-0.172777075431943
"11068","11068",2845,2848,4947,0.73884007029877
"11069","11069",1661,1805,1629,-0.0192655027092113
"11070","11070",3898,4336,4290,0.100564391995895
"11071","11071",3577,3572,3464,-0.0315907184791725
"11073","11073",6457,6819,6518,0.00944711166176243
"11074","11074",3408,3408,3290,-0.0346244131455399
"11075","11075",4266,4270,3810,-0.106891701828411
"11076","11076",5291,5291,7525,0.422226422226422
"11077","11077",5237,5243,4472,-0.146075997708612
"11078","11078",3954,3400,3652,-0.0763783510369246
"11079","11079",2944,2958,3113,0.0574048913043478
"11081","11081",5268,5268,5752,0.0918754745634017
"11082","11082",1947,1945,1993,0.0236260914227016
"11083","11083",2707,2716,3043,0.124122644994459
"11084","11084",5365,5363,5082,-0.0527493010251631
"11085","11085",2600,2604,2545,-0.0211538461538462
"11087","11087",3938,3986,4104,0.0421533773489081
"11088","11088",2642,2642,2828,0.0704012112036336
"11089","11089",4186,4186,6621,0.581700907787864
"11090","11090",2615,2618,2668,0.0202676864244742
"11092","11092",4027,3974,4022,-0.00124161907126893
"11093","11093",5814,6087,5578,-0.0405916752665979
"11094","11094",4196,4166,3646,-0.131077216396568
"11095","11095",2645,2639,2558,-0.0328922495274102
"11096","11096",1272,1283,918,-0.278301886792453
"11098","11098",2942,3017,2861,-0.0275322909585316
"11100","11100",3918,3802,4493,0.146758550280755
"11101","11101",1715,1719,1465,-0.145772594752187
"11102","11102",4123,3955,3964,-0.0385641523162746
"11103","11103",3992,4015,3967,-0.0062625250501002
"11104","11104",1291,1289,1321,0.0232378001549187
"11107","11107",4254,4233,4447,0.0453690644099671
"11108","11108",1520,1546,1547,0.0177631578947368
"11109","11109",1766,1846,1779,0.00736126840317101
"11110","11110",1913,1913,1538,-0.196027182435964
"11111","11111",1966,2017,1954,-0.00610376398779247
"11112","11112",7870,7877,8042,0.0218551461245235
"11113","11113",3984,3984,4360,0.0943775100401606
"11116","11116",1729,993,1172,-0.322151532677848
"11117","11117",1588,1592,1600,0.00755667506297229
"11118","11118",2559,2523,2659,0.0390777647518562
"11119","11119",1827,1827,1678,-0.0815544608648057
"11120","11120",1258,1270,1263,0.00397456279809221
"12872","12872",1258,1270,1263,0.00397456279809221
"11121","11121",2109,2049,1999,-0.0521574205784732
"11124","11124",4211,3828,3743,-0.111137497031584
"11125","11125",5063,4885,4875,-0.0371321350977681
"11126","11126",973,973,972,-0.00102774922918808
"11127","11127",2665,2688,2882,0.0814258911819887
"11128","11128",2219,2204,1837,-0.17214961694457
"12693","12693",2219,2204,1837,-0.17214961694457
"11129","11129",2167,2588,2021,-0.0673742501153669
"11132","11132",4857,4845,4912,0.0113238624665431
"11133","11133",9023,8909,8207,-0.0904355535852821
"19052","19052",9023,8909,8207,-0.0904355535852821
"11134","11134",4059,4061,4107,0.0118255728011826
"11135","11135",1824,1794,889,-0.512609649122807
"11136","11136",2612,1985,1985,-0.240045941807044
"11137","11137",1795,1789,1400,-0.220055710306407
"18584","18584",1795,1789,1400,-0.220055710306407
"11138","11138",5085,4403,4621,-0.0912487708947886
"11139","11139",2449,2451,2098,-0.143323805634953
"11140","11140",8662,8631,5994,-0.30801200646502
"11141","11141",1367,1342,1611,0.178493050475494
"11142","11142",3235,3241,2997,-0.0735703245749614
"11143","11143",5859,5870,5881,0.00375490698071343
"11144","11144",1607,1609,1359,-0.154324828873678
"11146","11146",3193,3196,3209,0.00501096147823364
"11147","11147",6530,7099,6148,-0.0584992343032159
"11150","11150",1622,1613,2736,0.686806411837238
"11151","11151",2346,2341,2236,-0.0468883205456095
"11152","11152",3139,3091,3101,-0.0121057661675693
"11153","11153",2399,2399,2398,-0.000416840350145894
"11155","11155",3775,4086,3614,-0.0426490066225166
"11156","11156",5822,5674,8421,0.446410168327035
"11157","11157",3029,3028,2808,-0.0729613733905579
"11158","11158",1226,1196,1196,-0.0244698205546493
"11159","11159",2916,2186,2832,-0.0288065843621399
"11160","11160",3277,2941,2933,-0.104974061641745
"11161","11161",5034,5060,5083,0.00973381009137863
"11162","11162",2663,2661,2566,-0.0364250844911754
"11163","11163",3148,2831,2893,-0.0810038119440915
"11164","11164",4712,4588,4712,0
"11165","11165",7224,8011,6725,-0.0690753045404208
"11166","11166",3451,3247,3582,0.0379600115908432
"11167","11167",3642,3884,3474,-0.0461285008237232
"11169","11169",1601,1318,1433,-0.104934415990006
"11170","11170",3778,3733,2854,-0.244573848597141
"11171","11171",1058,1062,1126,0.0642722117202268
"11172","11172",1328,1944,1266,-0.0466867469879518
"11173","11173",2369,2313,2867,0.21021528070916
"11175","11175",3356,3350,3498,0.0423122765196663
"11176","11176",2309,2342,2489,0.0779558250324816
"11177","11177",2971,2964,2962,-0.00302928306967351
"11178","11178",11850,11986,11336,-0.0433755274261603
"11179","11179",3465,3292,2950,-0.148629148629149
"11180","11180",3396,3398,3499,0.0303297997644287
"11181","11181",6627,6746,6624,-0.000452693526482571
"11182","11182",1986,2001,2129,0.0720040281973817
"11183","11183",9948,8831,8627,-0.132790510655408
"11184","11184",1656,1656,1656,0
"11185","11185",1806,1753,1843,0.0204872646733112
"12036","12036",1806,1753,1843,0.0204872646733112
"11186","11186",2635,2602,2475,-0.0607210626185958
"11187","11187",5746,5926,5208,-0.0936303515489036
"11188","11188",1229,1229,1999,0.626525630593979
"11189","11189",5207,5218,5547,0.0652967159592856
"11190","11190",2868,2857,2665,-0.0707810320781032
"11191","11191",3665,3767,3170,-0.13506139154161
"11193","11193",7851,6648,6620,-0.156795312699019
"11194","11194",3403,3403,3470,0.0196885101381134
"11195","11195",3167,2955,2511,-0.207136090937796
"11196","11196",2044,2033,2054,0.00489236790606654
"11197","11197",1395,1271,1378,-0.0121863799283154
"11198","11198",6218,6490,6498,0.045030556449019
"11199","11199",3046,3048,3169,0.0403808273145108
"11200","11200",3654,3711,3999,0.0944170771756979
"11201","11201",1948,2012,1515,-0.222279260780287
"11202","11202",3893,3863,3203,-0.177241202157719
"11203","11203",2888,2769,2657,-0.0799861495844875
"11204","11204",3004,3730,2703,-0.100199733688415
"11205","11205",4592,4586,4548,-0.00958188153310104
"11206","11206",2257,2257,2341,0.0372175454142667
"11207","11207",6243,6213,3269,-0.476373538362967
"11209","11209",3681,3670,3637,-0.0119532735669655
"11211","11211",4889,5044,4872,-0.00347719370014318
"11212","11212",4147,4117,3309,-0.202073788280685
"11213","11213",2455,2455,1893,-0.228920570264766
"11214","11214",3571,3571,3599,0.00784094091290955
"11215","11215",3333,6068,3107,-0.0678067806780678
"11217","11217",5087,4284,4341,-0.146648319245135
"11218","11218",576,714,711,0.234375
"11219","11219",4064,3989,3369,-0.171013779527559
"11220","11220",3119,3493,3286,0.053542802180186
"11221","11221",3717,3512,3220,-0.133709981167608
"11222","11222",2966,2933,2908,-0.0195549561699258
"11223","11223",1108,895,890,-0.196750902527076
"15231","15231",1108,895,890,-0.196750902527076
"11224","11224",4211,4203,3704,-0.120398955117549
"11225","11225",1557,1601,1419,-0.0886319845857418
"11226","11226",9335,9335,8590,-0.0798071772897697
"11227","11227",4095,3482,3640,-0.111111111111111
"11228","11228",2507,2502,2512,0.00199441563621859
"11229","11229",1558,1558,1519,-0.0250320924261874
"11230","11230",5441,5471,5545,0.0191141334313545
"11231","11231",5721,3934,3527,-0.383499388218843
"11232","11232",1373,2340,1791,0.304442825928623
"11233","11233",3390,3390,3496,0.0312684365781711
"11234","11234",9622,9631,9195,-0.0443774683018084
"11235","11235",2106,2149,1641,-0.220797720797721
"11236","11236",1268,1284,1443,0.13801261829653
"11237","11237",1743,1743,1757,0.00803212851405622
"17488","17488",1743,1743,1757,0.00803212851405622
"11238","11238",2765,2765,2355,-0.148282097649186
"11239","11239",1112,1144,898,-0.192446043165468
"11240","11240",4587,4763,4687,0.0218007412252017
"11241","11241",8301,8054,8117,-0.0221660040958921
"11242","11242",1619,1607,1671,0.032118591723286
"11244","11244",3274,3163,3074,-0.0610873549175321
"11245","11245",4229,3914,3917,-0.0737763064554268
"11246","11246",4432,3887,4552,0.0270758122743682
"11247","11247",2018,2100,2043,0.012388503468781
"11248","11248",2785,2752,2871,0.0308797127468582
"11249","11249",3318,3280,3217,-0.0304400241109102
"11251","11251",6818,5396,4607,-0.324288647697272
"11252","11252",3111,3120,3076,-0.0112504018000643
"11253","11253",9456,9255,8418,-0.109771573604061
"11254","11254",3371,3430,4039,0.1981607831504
"11255","11255",1749,1744,1357,-0.224128073184677
"11256","11256",4442,4431,4758,0.0711391265195858
"11259","11259",2340,2340,2365,0.0106837606837607
"11260","11260",2830,2754,3134,0.107420494699647
"18613","18613",2830,2754,3134,0.107420494699647
"11261","11261",2018,1449,1658,-0.178394449950446
"11262","11262",3008,3054,3037,0.00964095744680851
"11263","11263",3826,3849,3785,-0.0107161526398327
"11264","11264",4217,4333,5887,0.396016125207493
"11265","11265",1421,1755,1382,-0.0274454609429979
"11266","11266",4102,3718,3721,-0.0928815212091663
"11267","11267",13116,13672,11756,-0.103690149435804
"11268","11268",1990,1908,1986,-0.00201005025125628
"11269","11269",2466,2454,2438,-0.0113544201135442
"11270","11270",5724,5821,5632,-0.0160726764500349
"11271","11271",2972,3060,2717,-0.0858008075370121
"11272","11272",2589,2725,2418,-0.0660486674391657
"11275","11275",2254,2254,2468,0.0949423247559893
"11276","11276",5281,5177,4791,-0.0927854572997538
"11277","11277",3464,3464,2464,-0.288683602771363
"11278","11278",787,978,827,0.0508259212198221
"11279","11279",2821,2821,2811,-0.00354484225451967
"11280","11280",5970,6261,5039,-0.155946398659967
"11281","11281",8264,8367,7064,-0.145208131655373
"11282","11282",1900,1845,1920,0.0105263157894737
"11283","11283",5863,6274,3456,-0.410540678833362
"11284","11284",3679,3724,3630,-0.0133188366403914
"11285","11285",2097,2072,2036,-0.0290891750119218
"11286","11286",6503,6393,6086,-0.0641242503459942
"11287","11287",3705,3653,3978,0.0736842105263158
"11289","11289",2769,2772,2668,-0.0364752618273745
"11290","11290",895,822,869,-0.0290502793296089
"11291","11291",1881,2072,1890,0.00478468899521531
"11715","11715",1881,2072,1890,0.00478468899521531
"11292","11292",6264,6274,5550,-0.113984674329502
"11293","11293",1642,1601,1530,-0.0682095006090134
"11294","11294",6826,5641,6366,-0.0673893934954585
"11295","11295",2843,2574,2978,0.0474850510024622
"11296","11296",6507,6273,6909,0.0617796219455971
"11298","11298",2893,2455,2511,-0.132042862080885
"11299","11299",3934,3937,4110,0.0447381799694967
"11300","11300",2153,2141,1988,-0.0766372503483511
"11301","11301",5036,5071,5223,0.0371326449563145
"11302","11302",3315,3717,3371,0.0168929110105581
"11303","11303",1178,1171,1169,-0.00764006791171477
"11304","11304",3933,4166,3958,0.00635647088736334
"11307","11307",2803,2883,2642,-0.0574384587941491
"11309","11309",7159,8643,6820,-0.0473529822600922
"11311","11311",7789,9760,10051,0.290409551932212
"11312","11312",3432,3421,3172,-0.0757575757575758
"11313","11313",1864,1764,1704,-0.0858369098712446
"11314","11314",4685,4542,4536,-0.031803628601921
"11316","11316",1207,1207,1295,0.0729080364540182
"11317","11317",5164,5390,4545,-0.119868319132455
"11318","11318",3095,3592,3702,0.196122778675283
"11319","11319",1710,1712,1738,0.016374269005848
"11320","11320",1398,1415,1263,-0.0965665236051502
"12714","12714",1398,1415,1263,-0.0965665236051502
"11321","11321",5471,5237,5237,-0.0427709742277463
"11322","11322",1163,1091,1122,-0.0352536543422184
"11323","11323",1610,1619,1405,-0.127329192546584
"11324","11324",6183,6117,6183,0
"11325","11325",2878,2541,2510,-0.127866574009729
"12688","12688",2878,2541,2510,-0.127866574009729
"11326","11326",3691,3789,3350,-0.0923868870224871
"11327","11327",2869,2860,2791,-0.027187173231091
"11328","11328",3939,3937,3791,-0.0375729880680376
"11330","11330",4837,5083,3898,-0.194128592102543
"11331","11331",3043,4226,2871,-0.0565231679263884
"11332","11332",2678,2665,5115,0.910007468259895
"11333","11333",3408,3963,3186,-0.0651408450704225
"11334","11334",5628,5511,5426,-0.0358919687277896
"11335","11335",4268,3448,3566,-0.16447985004686
"11336","11336",1297,1297,1260,-0.0285273708558211
"11338","11338",2435,2442,2530,0.0390143737166324
"11339","11339",3668,3647,3294,-0.10196292257361
"11341","11341",3397,3410,3004,-0.115690314983809
"11342","11342",2146,2469,2154,0.00372786579683131
"11343","11343",2364,2369,2539,0.0740270727580372
"11344","11344",3777,3777,3774,-0.00079428117553614
"11345","11345",4475,4459,4075,-0.0893854748603352
"11346","11346",3248,3258,3713,0.143165024630542
"11347","11347",5622,4985,4470,-0.204909284951974
"11348","11348",4376,4329,5221,0.193098720292505
"11350","11350",1289,1291,1925,0.493405740884407
"11352","11352",2744,2748,3222,0.174198250728863
"11353","11353",2085,2085,2792,0.339088729016787
"11354","11354",3327,3034,3604,0.0832581905620679
"11355","11355",2540,2543,3781,0.488582677165354
"11357","11357",2638,2639,2708,0.0265352539802881
"11358","11358",2574,2574,2733,0.0617715617715618
"11359","11359",3328,3276,3532,0.0612980769230769
"11360","11360",2523,2487,2684,0.0638129211256441
"11361","11361",8047,7654,8002,-0.00559214614141916
"11362","11362",8185,8012,8049,-0.0166157605375687
"11363","11363",7615,8464,7766,0.0198292843072882
"11364","11364",1816,1816,1739,-0.0424008810572687
"11365","11365",6660,7468,6971,0.0466966966966967
"18605","18605",6660,7468,6971,0.0466966966966967
"11367","11367",3980,3515,3371,-0.153015075376884
"11368","11368",3324,3324,2807,-0.155535499398315
"11369","11369",1588,1587,1618,0.0188916876574307
"11370","11370",2780,2310,2567,-0.0766187050359712
"11371","11371",2182,2169,2217,0.0160403299725023
"11372","11372",2547,2547,2496,-0.0200235571260306
"11374","11374",5003,4979,3435,-0.313411952828303
"11375","11375",3799,3650,3315,-0.127401947881021
"11376","11376",6636,6580,6507,-0.0194394213381555
"11377","11377",7217,7177,6113,-0.152972149092421
"11378","11378",2321,2317,2319,-0.000861697544161999
"11379","11379",4717,6193,6895,0.461734153063388
"11380","11380",1033,1033,1002,-0.0300096805421104
"11381","11381",3102,3007,2914,-0.0606060606060606
"11382","11382",4729,4969,4837,0.0228378092620004
"11383","11383",1602,1394,1375,-0.141697877652934
"11384","11384",3755,4222,3206,-0.146205059920107
"11385","11385",6664,6663,6640,-0.00360144057623049
"11386","11386",3780,3751,3897,0.030952380952381
"11387","11387",2047,2047,2028,-0.0092818759159746
"11388","11388",1717,1717,1883,0.0966802562609202
"11389","11389",4670,4070,3962,-0.151605995717345
"11390","11390",4315,4308,4305,-0.00231749710312862
"18919","18919",4315,4308,4305,-0.00231749710312862
"11391","11391",3708,3708,4002,0.0792880258899676
"11392","11392",4007,4011,4105,0.0244571999001747
"11394","11394",2320,2706,2262,-0.025
"11395","11395",1715,1496,1016,-0.407580174927114
"15576","15576",1715,1496,1016,-0.407580174927114
"11396","11396",1734,1621,1761,0.0155709342560554
"11397","11397",3402,3538,2330,-0.315108759553204
"11398","11398",4078,3530,4190,0.0274644433545856
"11399","11399",2485,2493,2800,0.126760563380282
"11400","11400",3901,3882,3767,-0.0343501666239426
"11401","11401",2738,2370,2660,-0.0284879474068663
"11402","11402",3388,3386,3669,0.082939787485242
"11403","11403",4810,4881,5000,0.0395010395010395
"11404","11404",4562,4562,4596,0.00745287154756686
"11405","11405",4380,4325,4389,0.00205479452054795
"11406","11406",3914,3914,4170,0.0654062340316812
"11407","11407",4620,4811,5530,0.196969696969697
"11408","11408",1578,1565,1538,-0.0253485424588086
"11409","11409",1170,1163,971,-0.17008547008547
"11410","11410",2378,2746,2747,0.155172413793103
"11411","11411",1707,1526,1544,-0.0954891622729936
"11412","11412",2920,2923,2694,-0.0773972602739726
"19688","19688",2920,2923,2694,-0.0773972602739726
"11413","11413",2836,2840,2633,-0.0715796897038082
"11414","11414",2908,2263,2489,-0.144085281980743
"11415","11415",2362,2317,2114,-0.104995766299746
"11416","11416",4277,4277,1588,-0.628711713818097
"11417","11417",7469,7362,7540,0.00950595795956621
"11418","11418",4468,4590,4469,0.000223813786929275
"11419","11419",5020,4070,3644,-0.274103585657371
"11421","11421",3136,3140,3241,0.0334821428571429
"11422","11422",6108,6108,5900,-0.0340537000654879
"11424","11424",1442,1552,2161,0.498613037447989
"11425","11425",5963,5940,5801,-0.0271675331209123
"11426","11426",3871,3864,3954,0.0214414879876001
"11427","11427",2934,2939,2508,-0.14519427402863
"11428","11428",3027,3032,3058,0.0102411628675256
"11429","11429",6393,7026,6208,-0.0289379008290318
"11430","11430",1639,1623,1618,-0.0128126906650397
"11431","11431",3826,3829,3862,0.00940930475692629
"11433","11433",4156,4234,4037,-0.0286333012512031
"11435","11435",3696,3497,3497,-0.0538419913419913
"11436","11436",2974,2334,2510,-0.156018829858776
"11437","11437",5140,5112,4954,-0.0361867704280156
"11438","11438",4071,4068,4008,-0.0154753131908622
"11439","11439",15041,14424,11156,-0.258293996409813
"11440","11440",3055,3222,3180,0.0409165302782324
"11441","11441",3178,2981,3162,-0.00503461296412838
"11442","11442",2538,2433,2407,-0.0516154452324665
"11443","11443",2630,2629,2411,-0.0832699619771863
"11444","11444",5299,5358,5386,0.0164181921117192
"11446","11446",1639,1639,1593,-0.0280658938377059
"11447","11447",8040,8256,6743,-0.161318407960199
"11448","11448",4541,4712,4508,-0.00726712177934376
"11449","11449",2127,2074,1894,-0.109543958627174
"16799","16799",2127,2074,1894,-0.109543958627174
"11451","11451",4081,4082,3713,-0.0901739769664298
"11452","11452",1892,1737,1712,-0.0951374207188161
"14602","14602",1892,1737,1712,-0.0951374207188161
"11453","11453",2959,2957,2622,-0.113889827644474
"11454","11454",1488,1490,1486,-0.00134408602150538
"11455","11455",3529,3342,3645,0.0328705015585152
"11456","11456",6426,6548,6202,-0.0348583877995643
"11457","11457",3473,3402,2892,-0.167290526921969
"13901","13901",3473,3402,2892,-0.167290526921969
"11458","11458",2927,2943,2353,-0.19610522719508
"11459","11459",2533,2533,2761,0.09001184366364
"11460","11460",2048,1730,1437,-0.29833984375
"11461","11461",4844,4843,3326,-0.313377374071016
"11463","11463",1882,1894,2068,0.0988310308182784
"11464","11464",1285,1268,1321,0.0280155642023346
"11465","11465",7487,7125,6677,-0.108187525043409
"11466","11466",2688,2414,2432,-0.0952380952380952
"11467","11467",3059,3059,2486,-0.187316116377901
"11468","11468",2800,3174,3140,0.121428571428571
"11469","11469",3085,3085,3079,-0.00194489465153971
"11470","11470",5915,5993,6368,0.0765849535080304
"11471","11471",1708,1708,1599,-0.0638173302107728
"11472","11472",2799,2921,2928,0.0460878885316184
"11473","11473",1397,1403,1472,0.0536864710093057
"11474","11474",5326,6043,5225,-0.0189635749155088
"11475","11475",2371,2688,2396,0.0105440742302826
"11476","11476",6840,7095,6064,-0.113450292397661
"11477","11477",3556,3549,2519,-0.291619797525309
"11478","11478",3620,3780,3616,-0.00110497237569061
"11479","11479",4790,4796,4798,0.00167014613778706
"11480","11480",2409,2415,2386,-0.0095475300954753
"11481","11481",3780,2863,2570,-0.32010582010582
"11483","11483",1522,1537,1575,0.0348226018396846
"11486","11486",6640,6492,6313,-0.0492469879518072
"11487","11487",2648,2264,2225,-0.159743202416918
"18098","18098",2648,2264,2225,-0.159743202416918
"11488","11488",4134,3895,3323,-0.196178035800677
"11489","11489",2994,2687,2772,-0.0741482965931864
"11491","11491",3429,2426,2439,-0.288713910761155
"11492","11492",3993,4003,3897,-0.0240420736288505
"11493","11493",3499,3098,3006,-0.140897399256931
"11494","11494",9393,9683,9028,-0.0388587245821356
"11495","11495",1528,1532,1490,-0.024869109947644
"11498","11498",2201,2284,2266,0.0295320308950477
"11499","11499",6576,6191,3974,-0.395681265206813
"11500","11500",2214,1777,1760,-0.205058717253839
"11501","11501",4682,4967,4848,0.0354549337889791
"11502","11502",3422,3969,3141,-0.0821157218001169
"11503","11503",4328,4328,4970,0.148336414048059
"11504","11504",1620,1622,1420,-0.123456790123457
"11505","11505",1324,1302,1474,0.113293051359517
"11506","11506",4446,4170,4491,0.0101214574898785
"11508","11508",4374,4366,4807,0.0989940557841792
"11509","11509",5282,5275,5328,0.00870882241575161
"11512","11512",4213,4213,4385,0.0408260147163541
"11513","11513",2036,2324,1553,-0.237229862475442
"11514","11514",6678,7193,6616,-0.00928421683138664
"11515","11515",2848,2829,2760,-0.0308988764044944
"11516","11516",2030,2389,2210,0.0886699507389163
"11517","11517",2122,2122,1845,-0.130537229029218
"11518","11518",1545,1358,1300,-0.158576051779935
"11519","11519",1807,1808,1935,0.0708356391809629
"11520","11520",1508,1498,1249,-0.171750663129973
"11521","11521",2741,2735,4489,0.637723458591755
"11522","11522",8852,8777,8991,0.0157026660641663
"11523","11523",1837,1837,1712,-0.0680457267283615
"11524","11524",3467,3583,3494,0.00778771271993078
"11525","11525",10361,10369,8523,-0.177396004246694
"11526","11526",5086,4879,4599,-0.0957530475815965
"11550","11550",5086,4879,4599,-0.0957530475815965
"11527","11527",3683,3499,3506,-0.0480586478414336
"11528","11528",3287,3318,3198,-0.0270763614237907
"11529","11529",3962,3793,3789,-0.0436648157496214
"11530","11530",2994,2807,2654,-0.113560454241817
"11531","11531",1693,1555,1637,-0.0330773774365032
"11532","11532",2630,2636,2599,-0.011787072243346
"11533","11533",4545,4547,4511,-0.00748074807480748
"11534","11534",3357,3310,3068,-0.0860887697348823
"13266","13266",3357,3310,3068,-0.0860887697348823
"11535","11535",3159,3216,3076,-0.0262741373852485
"11536","11536",3949,4131,4004,0.0139275766016713
"11538","11538",3627,3582,3193,-0.11965811965812
"11539","11539",12152,12140,11760,-0.032258064516129
"11540","11540",4563,4680,5196,0.138724523339908
"11541","11541",3648,3667,2402,-0.34155701754386
"11542","11542",3646,3579,3618,-0.00767964893033461
"11543","11543",10835,11450,7518,-0.30613751730503
"11544","11544",4096,3982,3942,-0.03759765625
"11545","11545",9801,9635,6056,-0.382103866952352
"11546","11546",2957,2980,2307,-0.219817382482246
"11548","11548",2232,2431,2674,0.198028673835125
"11549","11549",4370,5088,4968,0.136842105263158
"11551","11551",1872,2003,1899,0.0144230769230769
"11552","11552",2948,2952,2756,-0.0651289009497965
"11553","11553",2454,2437,2696,0.0986145069274654
"11554","11554",2163,2144,2419,0.118354137771613
"11555","11555",3193,3138,3199,0.00187911055433761
"11556","11556",5486,5195,4775,-0.129602624863288
"11557","11557",1604,1602,1996,0.244389027431421
"11558","11558",3388,3366,3023,-0.107733175914994
"11560","11560",2784,2773,2474,-0.111350574712644
"11561","11561",1299,1368,1390,0.0700538876058507
"11562","11562",8744,9401,9351,0.0694190301921317
"11563","11563",6650,6741,5892,-0.113984962406015
"11564","11564",3924,3697,3839,-0.0216615698267074
"11565","11565",1290,1290,1254,-0.027906976744186
"11567","11567",3093,3025,3010,-0.0268347882314905
"11569","11569",1154,1172,1238,0.072790294627383
"11571","11571",2702,2701,2398,-0.112509252405625
"11572","11572",2548,2392,2077,-0.184850863422292
"11573","11573",4938,4745,4404,-0.108140947752126
"11574","11574",2427,2497,2437,0.00412031314379893
"11575","11575",5353,5299,5109,-0.0455819166822343
"11576","11576",5733,5393,5644,-0.0155241583813012
"11577","11577",4199,4230,3741,-0.10907358894975
"11578","11578",4938,4462,4566,-0.0753341433778858
"11580","11580",6904,7030,6848,-0.00811123986095017
"11581","11581",4066,3821,3500,-0.139203148057059
"11583","11583",6772,6811,6451,-0.0474010632014176
"11585","11585",1774,1774,1338,-0.245772266065389
"11587","11587",4416,4634,5230,0.184329710144928
"11588","11588",4941,4957,4941,0
"11589","11589",2629,2632,2475,-0.0585774058577406
"11590","11590",4161,4108,5587,0.342706080269166
"11591","11591",1815,1757,1610,-0.112947658402204
"11593","11593",4570,4038,3513,-0.231291028446389
"11594","11594",5915,5952,10467,0.769568892645816
"11595","11595",3769,3814,3805,0.00955160520031839
"11596","11596",3488,3545,3637,0.0427178899082569
"11597","11597",2224,2224,2188,-0.0161870503597122
"11598","11598",4328,4263,3538,-0.182532347504621
"11599","11599",4377,4345,3628,-0.171121772903815
"11600","11600",1581,1607,1628,0.0297280202403542
"11601","11601",883,892,967,0.0951302378255946
"11602","11602",1278,917,901,-0.294992175273865
"11603","11603",1664,1791,1765,0.0606971153846154
"11604","11604",3552,3621,3309,-0.0684121621621622
"11605","11605",2889,2058,1632,-0.435098650051921
"11606","11606",2015,1604,1595,-0.208436724565757
"14463","14463",2015,1604,1595,-0.208436724565757
"11607","11607",3506,3231,2884,-0.177410154021677
"15467","15467",3506,3231,2884,-0.177410154021677
"11608","11608",3539,3421,3165,-0.105679570500141
"11610","11610",3716,3716,3053,-0.178417653390743
"11611","11611",1109,1106,1217,0.0973850315599639
"11612","11612",8752,9079,8733,-0.0021709323583181
"11613","11613",2189,2189,2285,0.0438556418455916
"11614","11614",4312,6527,5086,0.179499072356215
"11615","11615",4943,4863,4971,0.00566457616831883
"11616","11616",2301,2298,1890,-0.178617992177314
"11617","11617",5401,5470,4356,-0.193482688391039
"11618","11618",15064,14281,14588,-0.0315985130111524
"11621","11621",820,941,906,0.104878048780488
"11622","11622",2181,2245,2244,0.0288858321870702
"11623","11623",1982,1964,1647,-0.169021190716448
"16416","16416",1982,1964,1647,-0.169021190716448
"11624","11624",3334,3136,2982,-0.105578884223155
"11625","11625",2088,2088,2155,0.032088122605364
"11626","11626",7955,6959,8013,0.00729101194217473
"11627","11627",2666,2741,3203,0.201425356339085
"11628","11628",7158,7101,7051,-0.0149483095836826
"11629","11629",2856,3024,1761,-0.383403361344538
"11630","11630",3824,4231,3881,0.0149058577405858
"11631","11631",3311,3311,3164,-0.0443974630021142
"11632","11632",1153,1098,1081,-0.0624457935819601
"12054","12054",1153,1098,1081,-0.0624457935819601
"18288","18288",1153,1098,1081,-0.0624457935819601
"11633","11633",3644,4171,3838,0.053238199780461
"11634","11634",1382,1213,959,-0.306078147612156
"11799","11799",1382,1213,959,-0.306078147612156
"16007","16007",1382,1213,959,-0.306078147612156
"11635","11635",4521,4489,4232,-0.0639239106392391
"11636","11636",2118,2114,1655,-0.218602455146365
"16173","16173",2118,2114,1655,-0.218602455146365
"11637","11637",4857,4758,4805,-0.0107061972410953
"11639","11639",2389,2396,2423,0.0142318961908748
"11640","11640",3912,3912,4022,0.028118609406953
"11641","11641",6752,6544,7940,0.175947867298578
"11642","11642",1798,1802,1809,0.00611790878754171
"11643","11643",2029,1907,1795,-0.115327747658945
"11644","11644",5763,5802,6065,0.0524032621898317
"11645","11645",4788,4694,4266,-0.109022556390977
"11646","11646",4094,4093,5112,0.248656570591109
"11647","11647",8408,7832,7881,-0.0626784015223597
"11648","11648",2497,2485,2507,0.0040048057669203
"11649","11649",4032,4024,3515,-0.128224206349206
"11650","11650",9820,9540,9142,-0.0690427698574338
"11651","11651",6493,5420,5076,-0.218235022331742
"11652","11652",2891,2891,2910,0.00657212037357316
"11653","11653",3853,3856,3388,-0.120685180378926
"11654","11654",5573,5652,5020,-0.099228422752557
"11655","11655",2738,2736,1510,-0.448502556610665
"11657","11657",9478,8523,7086,-0.252373918548217
"11658","11658",2597,2597,2697,0.0385059684251059
"11659","11659",4303,4978,4117,-0.0432256565187079
"11660","11660",2508,2599,2802,0.117224880382775
"11661","11661",3002,2487,3812,0.269820119920053
"11662","11662",2744,2719,2834,0.032798833819242
"11663","11663",3704,3612,3128,-0.155507559395248
"11664","11664",3075,2751,2167,-0.295284552845528
"11665","11665",2323,2303,2088,-0.101162290142058
"11666","11666",3670,3649,3752,0.0223433242506812
"11667","11667",3165,3149,2500,-0.210110584518167
"11668","11668",8239,9306,8849,0.074038111421289
"11669","11669",2140,2139,2098,-0.0196261682242991
"11670","11670",1426,1459,1461,0.0245441795231417
"11705","11705",1426,1459,1461,0.0245441795231417
"11671","11671",4724,4750,4638,-0.0182049110922947
"11672","11672",1974,2188,1877,-0.0491388044579534
"11673","11673",1869,1869,1745,-0.0663456393793472
"13261","13261",1869,1869,1745,-0.0663456393793472
"11674","11674",5902,6119,5049,-0.144527278888512
"11675","11675",3712,3754,3692,-0.00538793103448276
"11676","11676",2963,2873,2580,-0.129260884238947
"11677","11677",5789,6150,5948,0.0274658835722923
"11678","11678",5447,5467,5783,0.0616853313750688
"11679","11679",2358,2358,1891,-0.1980491942324
"11680","11680",1758,1758,1822,0.0364050056882821
"11681","11681",2907,3950,1942,-0.331957344341245
"11683","11683",6855,6398,6154,-0.102261123267688
"11685","11685",2639,2113,2107,-0.20159151193634
"11686","11686",2173,2466,2793,0.285319834330419
"11688","11688",5540,5555,5160,-0.0685920577617329
"11689","11689",4597,4597,4600,0.000652599521427018
"11690","11690",3244,3095,3191,-0.0163378545006165
"11691","11691",1959,2149,1966,0.0035732516590097
"11692","11692",2726,2622,2660,-0.0242112986060161
"11693","11693",2846,3189,2750,-0.033731553056922
"11694","11694",1858,1885,1960,0.0548977395048439
"11695","11695",5061,4926,4543,-0.102351313969571
"11696","11696",5919,5966,6012,0.0157121135326913
"11697","11697",7574,7573,7455,-0.0157116451016636
"11698","11698",2108,2075,2244,0.0645161290322581
"19089","19089",2108,2075,2244,0.0645161290322581
"11699","11699",1715,1655,1799,0.0489795918367347
"11700","11700",7994,7388,7180,-0.101826369777333
"11701","11701",1674,1654,1723,0.0292712066905615
"11702","11702",2697,2699,2901,0.0756395995550612
"11703","11703",3510,2928,2944,-0.161253561253561
"11704","11704",2564,2778,2411,-0.0596723868954758
"11708","11708",2913,2864,2462,-0.154823206316512
"11709","11709",5488,5612,5410,-0.0142128279883382
"11711","11711",9052,9212,8840,-0.0234202386212992
"11712","11712",6634,6550,6680,0.0069339764847754
"11713","11713",4959,4974,4513,-0.0899374873966526
"11714","11714",4932,4941,5148,0.0437956204379562
"11716","11716",7893,8290,8211,0.040288863549981
"11718","11718",3710,3693,3583,-0.0342318059299191
"11719","11719",7604,7633,7383,-0.0290636507101526
"11720","11720",1092,1087,1298,0.188644688644689
"11721","11721",4031,4031,4256,0.0558174150334904
"11722","11722",4671,4687,4396,-0.0588739028045386
"11723","11723",3113,2914,2626,-0.156440732412464
"11724","11724",1923,1930,1915,-0.00416016640665627
"11725","11725",6507,9744,8616,0.324112494236976
"11726","11726",2428,2429,2451,0.00947281713344316
"11727","11727",4472,4678,4995,0.116949910554562
"11728","11728",3731,3266,3052,-0.181988742964353
"11729","11729",1747,1753,1711,-0.0206067544361763
"19965","19965",1747,1753,1711,-0.0206067544361763
"11730","11730",2794,2783,2801,0.00250536864710093
"11731","11731",3972,4275,3919,-0.0133434038267875
"11732","11732",4581,5733,4638,0.0124426981008513
"11733","11733",4968,4960,4346,-0.125201288244767
"11734","11734",1812,1785,1744,-0.0375275938189845
"11735","11735",6086,6088,6947,0.141472231350641
"11736","11736",2554,2680,2623,0.0270164447924824
"11737","11737",2668,1954,2020,-0.24287856071964
"11738","11738",2895,2898,2856,-0.0134715025906736
"11739","11739",2840,2577,2614,-0.0795774647887324
"11740","11740",2037,1985,2033,-0.00196367206676485
"11741","11741",1620,1620,1620,0
"11742","11742",7978,7664,7935,-0.00538982201052895
"11743","11743",2678,3402,3432,0.281553398058252
"11744","11744",3860,3863,3677,-0.0474093264248705
"11745","11745",3684,3782,3716,0.00868621064060804
"11746","11746",3524,3630,3979,0.129114642451759
"11747","11747",3400,3410,3699,0.0879411764705882
"11748","11748",4704,4702,4725,0.00446428571428571
"11749","11749",3280,3284,2849,-0.13140243902439
"11752","11752",4256,4254,4461,0.0481672932330827
"11753","11753",3256,3259,3502,0.0755528255528256
"11754","11754",11682,11691,11432,-0.0214004451292587
"11755","11755",5786,5354,5534,-0.0435534047701348
"11756","11756",4821,4625,4542,-0.0578718108276291
"11757","11757",7412,7367,7401,-0.0014840798704803
"11758","11758",1585,1585,1284,-0.189905362776025
"11759","11759",5944,5935,6281,0.0566958277254374
"11760","11760",2747,2370,2409,-0.123043319985439
"11761","11761",2263,2231,2049,-0.0945647370746796
"11762","11762",1544,1543,1565,0.0136010362694301
"11763","11763",3547,3375,3343,-0.057513391598534
"11764","11764",2509,2290,2522,0.00518134715025907
"11765","11765",2422,2245,2218,-0.0842279108175062
"11766","11766",2065,2065,2065,0
"11767","11767",3370,3370,3221,-0.0442136498516321
"11768","11768",4161,4558,3619,-0.130257149723624
"11769","11769",5450,5565,5027,-0.0776146788990826
"11770","11770",3376,3373,3168,-0.0616113744075829
"11771","11771",2771,2722,2734,-0.0133525802959221
"17190","17190",2771,2722,2734,-0.0133525802959221
"17614","17614",2771,2722,2734,-0.0133525802959221
"11772","11772",4069,4030,4053,-0.00393217006635537
"11773","11773",5924,5864,5579,-0.0582376772451047
"11774","11774",6187,7368,6828,0.103604331663165
"11775","11775",5294,5510,4471,-0.155459010200227
"11776","11776",2558,1864,2602,0.0172009382329945
"11777","11777",2248,2248,2462,0.0951957295373665
"11778","11778",6600,6241,6233,-0.0556060606060606
"11779","11779",6306,5998,3630,-0.424357754519505
"18418","18418",6306,5998,3630,-0.424357754519505
"11780","11780",4170,5962,4143,-0.00647482014388489
"11781","11781",3181,3398,3380,0.0625589437283873
"11782","11782",1999,1999,1887,-0.0560280140070035
"11783","11783",2209,1962,1958,-0.113626075147125
"11784","11784",1253,1255,1421,0.134078212290503
"11785","11785",5951,5963,5427,-0.0880524281633339
"11786","11786",2986,2198,2139,-0.283657066309444
"11787","11787",4000,3997,4061,0.01525
"11788","11788",1275,1551,1263,-0.00941176470588235
"11790","11790",2714,2865,2772,0.0213706705969049
"11792","11792",4221,4532,4164,-0.0135039090262971
"11793","11793",3725,3725,3703,-0.00590604026845638
"11794","11794",2500,2479,2485,-0.006
"11796","11796",7106,7081,4795,-0.325218125527723
"11797","11797",1719,1715,1807,0.0511925538103549
"11798","11798",2785,2976,2935,0.0538599640933573
"13653","13653",2785,2976,2935,0.0538599640933573
"11800","11800",1644,1840,1902,0.156934306569343
"11801","11801",6896,8351,6528,-0.0533642691415313
"11803","11803",6804,6813,6659,-0.0213109935332158
"11806","11806",2534,2524,2569,0.0138121546961326
"11807","11807",1493,1487,1456,-0.0247823174815807
"11808","11808",4571,4540,4139,-0.0945088602056443
"11809","11809",5012,5150,7925,0.581205107741421
"11811","11811",3147,3314,3182,0.0111217032094058
"11812","11812",2348,2548,2620,0.115843270868825
"15565","15565",2348,2548,2620,0.115843270868825
"11813","11813",1049,1055,1009,-0.0381315538608198
"11814","11814",2828,2798,2932,0.0367751060820368
"11815","11815",4064,3861,2416,-0.405511811023622
"11817","11817",3858,3796,3799,-0.0152928978745464
"12857","12857",3858,3796,3799,-0.0152928978745464
"11818","11818",1957,1959,1603,-0.180889115993868
"11819","11819",1843,1415,1413,-0.233315246880087
"11820","11820",3047,3896,2617,-0.141122415490647
"11821","11821",2772,2772,2726,-0.0165945165945166
"11823","11823",7104,7075,9340,0.314752252252252
"11824","11824",1078,1080,1062,-0.0148423005565863
"11825","11825",3502,3502,3494,-0.00228440890919475
"11827","11827",1091,1070,929,-0.148487626031164
"16222","16222",1091,1070,929,-0.148487626031164
"11828","11828",5157,5176,4992,-0.0319953461314718
"11829","11829",5480,5217,5295,-0.0337591240875912
"11830","11830",4076,4298,3168,-0.222767419038273
"12546","12546",4076,4298,3168,-0.222767419038273
"11831","11831",4041,3459,3634,-0.100717644147488
"11832","11832",1842,1877,1398,-0.241042345276873
"11834","11834",10318,10409,6420,-0.377786392711766
"11835","11835",2887,2881,2900,0.00450294423276758
"11836","11836",2718,2718,3246,0.194260485651214
"11837","11837",2526,2566,2764,0.0942201108471892
"11838","11838",984,1093,991,0.00711382113821138
"11839","11839",2917,2796,2806,-0.0380527939664038
"11840","11840",2639,2644,2377,-0.0992800303145131
"11841","11841",2351,2368,2028,-0.137388345384943
"11842","11842",2205,2457,2700,0.224489795918367
"11843","11843",4128,2980,3415,-0.172722868217054
"11844","11844",2655,2655,2655,0
"14245","14245",2655,2655,2655,0
"11845","11845",1980,1984,1989,0.00454545454545455
"11846","11846",3696,3682,3994,0.0806277056277056
"11847","11847",2560,2554,2535,-0.009765625
"11848","11848",3294,3799,3405,0.0336976320582878
"11849","11849",8136,8102,6597,-0.189159292035398
"11850","11850",12562,13060,11308,-0.0998248686514886
"11851","11851",6221,6230,6015,-0.0331136473235814
"11852","11852",2522,2522,2522,0
"18997","18997",2522,2522,2522,0
"11853","11853",3273,3273,4775,0.458906202260923
"11854","11854",3420,3420,3160,-0.0760233918128655
"11855","11855",1834,2024,1841,0.00381679389312977
"11856","11856",2266,2001,1694,-0.252427184466019
"11858","11858",2746,2747,2792,0.0167516387472688
"11859","11859",2759,2768,2679,-0.0289960130482059
"11860","11860",2811,3449,2821,0.00355745286374956
"11861","11861",6047,5177,5073,-0.16107160575492
"11862","11862",2980,2980,2911,-0.0231543624161074
"11863","11863",1167,1169,1707,0.462724935732648
"11864","11864",5315,5221,4953,-0.0681091251175917
"11865","11865",1595,1585,1700,0.0658307210031348
"11866","11866",9392,9909,6288,-0.330494037478705
"11867","11867",5365,5296,5284,-0.0150978564771668
"11868","11868",3141,3139,3054,-0.0276981852913085
"11869","11869",2357,3569,2087,-0.114552397114977
"11871","11871",2421,2064,2101,-0.132176786451879
"11872","11872",3037,3569,3185,0.0487323016134343
"11873","11873",3144,3703,2921,-0.0709287531806616
"11874","11874",3652,3637,3824,0.0470974808324206
"11875","11875",4846,4885,3747,-0.226784977300867
"11876","11876",4565,4377,3149,-0.310186199342826
"11877","11877",10037,9942,9410,-0.0624688651987646
"11878","11878",2157,2157,2008,-0.0690774223458507
"11880","11880",3999,3786,3324,-0.168792198049512
"13996","13996",3999,3786,3324,-0.168792198049512
"11881","11881",4091,4357,4535,0.108530921535077
"11882","11882",4565,5154,4257,-0.0674698795180723
"11883","11883",4407,2880,2904,-0.341048332198775
"11884","11884",2368,2417,2465,0.0409628378378378
"11885","11885",3333,3333,3692,0.107710771077108
"11887","11887",1930,1798,1678,-0.130569948186529
"19942","19942",1930,1798,1678,-0.130569948186529
"11888","11888",3759,3706,4053,0.0782122905027933
"11889","11889",2233,2157,2062,-0.0765785938199731
"16880","16880",2233,2157,2062,-0.0765785938199731
"11890","11890",2010,2312,1944,-0.0328358208955224
"11891","11891",4398,4402,3991,-0.0925420645748067
"11892","11892",5983,6065,5721,-0.0437907404312218
"11893","11893",5848,5880,5916,0.0116279069767442
"11894","11894",7944,8359,8170,0.0284491440080564
"11895","11895",2431,2441,2159,-0.111888111888112
"14583","14583",2431,2441,2159,-0.111888111888112
"11896","11896",4178,4178,4916,0.176639540449976
"11897","11897",1779,1922,2441,0.372119168071951
"11898","11898",3453,3559,2614,-0.242977121343759
"15678","15678",3453,3559,2614,-0.242977121343759
"11900","11900",1188,1191,1051,-0.115319865319865
"11901","11901",2595,2566,2147,-0.172639691714836
"11902","11902",2355,2325,2391,0.0152866242038217
"18212","18212",2355,2325,2391,0.0152866242038217
"11903","11903",6279,7725,6255,-0.00382226469182991
"11904","11904",1439,1522,1654,0.149409312022238
"14702","14702",1439,1522,1654,0.149409312022238
"19576","19576",1439,1522,1654,0.149409312022238
"11905","11905",1509,1517,1699,0.125911199469848
"11949","11949",1509,1517,1699,0.125911199469848
"11906","11906",4615,4614,4687,0.0156013001083424
"11907","11907",4492,5527,5430,0.208815672306322
"11908","11908",2155,2143,2127,-0.0129930394431555
"11909","11909",3120,3010,3379,0.0830128205128205
"11910","11910",2296,2322,2360,0.0278745644599303
"11911","11911",3999,4439,3692,-0.0767691922980745
"11912","11912",2241,2241,2263,0.00981704596162427
"11913","11913",1687,1689,1447,-0.14226437462952
"11914","11914",3250,2946,2864,-0.118769230769231
"11915","11915",5673,5406,5014,-0.116164286973383
"11916","11916",4189,3968,3270,-0.219384101217474
"11917","11917",7017,7633,6768,-0.0354852501068833
"11918","11918",1839,1853,1843,0.00217509516041327
"11919","11919",3185,3185,3221,0.0113029827315542
"11920","11920",2449,2373,2656,0.0845242956308697
"11921","11921",4454,3504,3713,-0.166367310282892
"11922","11922",2822,2483,2585,-0.0839829907866761
"11924","11924",1308,1309,1311,0.00229357798165138
"11925","11925",957,1134,1152,0.203761755485893
"11926","11926",9956,12368,10541,0.0587585375652873
"11927","11927",2168,1679,1942,-0.104243542435424
"11928","11928",3098,3023,2863,-0.0758553905745642
"11929","11929",2098,2171,2253,0.0738798856053384
"11930","11930",3056,2875,2660,-0.129581151832461
"11931","11931",2641,2642,2844,0.0768648239303294
"11932","11932",1969,1973,1993,0.0121889283900457
"11933","11933",4662,4662,4662,0
"11934","11934",3254,3257,2394,-0.264290104486785
"11935","11935",2594,2638,2499,-0.0366229760986893
"11936","11936",1903,1894,1581,-0.169206516027325
"11937","11937",1758,1762,1764,0.00341296928327645
"16066","16066",1758,1762,1764,0.00341296928327645
"11939","11939",4564,6275,4439,-0.0273882559158633
"11940","11940",2259,2298,1921,-0.14962372731297
"11941","11941",1973,1961,2518,0.276229092752154
"11942","11942",3288,3291,2860,-0.130170316301703
"11943","11943",4015,3954,3794,-0.0550435865504359
"11944","11944",5361,5357,5373,0.00223838836038053
"11945","11945",5233,5243,4676,-0.106439900630613
"11946","11946",1711,1711,1461,-0.146113383985973
"11947","11947",4425,4639,4101,-0.0732203389830508
"11948","11948",3470,3470,3469,-0.000288184438040346
"11950","11950",7549,6612,4799,-0.364286660484832
"11951","11951",3466,3469,3494,0.00807847663012118
"11952","11952",7743,7740,6984,-0.0980240216970167
"11953","11953",2076,2038,1313,-0.367533718689788
"11954","11954",3482,3095,2554,-0.266513497989661
"11955","11955",5445,5445,7693,0.412855831037649
"11956","11956",1673,1673,1673,0
"11957","11957",5412,5412,5168,-0.0450849963045085
"11958","11958",5011,4950,4151,-0.171622430652564
"11959","11959",5390,6141,6019,0.11669758812616
"11960","11960",2557,2546,2560,0.00117324990222917
"12732","12732",2557,2546,2560,0.00117324990222917
"11961","11961",1778,1759,1631,-0.0826771653543307
"11962","11962",3333,3328,2702,-0.189318931893189
"11963","11963",3297,3311,3257,-0.0121322414316045
"11964","11964",4094,4086,4089,-0.00122129946262824
"11965","11965",3756,3680,3405,-0.0934504792332268
"11966","11966",11778,12204,14227,0.207930039055867
"11969","11969",5497,5509,5463,-0.00618519192286702
"11970","11970",6288,6261,6270,-0.00286259541984733
"11971","11971",4523,4592,3714,-0.17886358611541
"11972","11972",1458,1388,2610,0.790123456790123
"11973","11973",1647,1638,1871,0.136004857316333
"11974","11974",3216,3212,3248,0.00995024875621891
"11975","11975",2879,2870,2872,-0.0024313997915943
"11976","11976",3712,3833,3737,0.00673491379310345
"11977","11977",5166,5468,7553,0.462059620596206
"11978","11978",3507,3119,3091,-0.118619903051041
"11979","11979",2799,2943,2719,-0.0285816362986781
"11980","11980",5351,5351,7700,0.438983367594842
"11981","11981",3312,3144,3182,-0.0392512077294686
"11982","11982",3387,3023,3814,0.126070268674343
"11983","11983",3529,3256,3741,0.0600736752621139
"11984","11984",3615,3496,3660,0.012448132780083
"11985","11985",3345,3383,3358,0.0038863976083707
"11987","11987",2949,2949,3098,0.0505256018989488
"11988","11988",2830,2414,2621,-0.0738515901060071
"11989","11989",6808,6960,6603,-0.0301116333725029
"11990","11990",3598,3216,3264,-0.0928293496386882
"11991","11991",3091,2872,2827,-0.0854092526690391
"11992","11992",2911,2911,3256,0.118515973892133
"11993","11993",4420,3936,3887,-0.120588235294118
"11994","11994",2902,2886,3223,0.110613370089593
"11995","11995",6296,6335,6034,-0.0416137229987294
"11996","11996",4772,5075,5120,0.0729253981559095
"11997","11997",2040,2268,2412,0.182352941176471
"11998","11998",10101,10346,8773,-0.131472131472131
"11999","11999",2902,2796,2703,-0.0685733976567884
"12001","12001",3249,3263,3319,0.0215450907971684
"12002","12002",1648,1838,1724,0.0461165048543689
"18466","18466",1648,1838,1724,0.0461165048543689
"12003","12003",6350,6481,4925,-0.224409448818898
"12005","12005",5615,5281,4794,-0.146215494211932
"12006","12006",3993,3739,3879,-0.02854996243426
"12007","12007",2021,2062,2071,0.024740227610094
"12008","12008",7127,7115,9819,0.377718535148029
"12010","12010",4927,4931,5967,0.211081794195251
"12013","12013",8223,8021,8052,-0.0207953301714703
"12015","12015",1264,1228,1233,-0.0245253164556962
"12016","12016",1982,2189,2268,0.144298688193744
"12017","12017",2828,2827,2426,-0.142149929278642
"12018","12018",1548,1548,1548,0
"12019","12019",2468,2535,2535,0.0271474878444084
"12021","12021",3511,3511,3502,-0.00256337225861578
"12022","12022",3141,3289,3002,-0.0442534224769182
"12023","12023",5643,5655,5589,-0.00956937799043062
"12024","12024",863,1327,798,-0.0753186558516802
"12025","12025",1405,1415,1398,-0.00498220640569395
"12026","12026",6816,6745,6903,0.0127640845070423
"12027","12027",1824,1913,1927,0.056469298245614
"12352","12352",1824,1913,1927,0.056469298245614
"12028","12028",8520,7761,7480,-0.122065727699531
"12029","12029",3493,3490,2893,-0.171772115659891
"12030","12030",2806,2633,2539,-0.0951532430506059
"12031","12031",8315,8304,7498,-0.0982561635598316
"12032","12032",4191,4209,4241,0.0119303268909568
"12033","12033",3322,3323,2197,-0.338651414810355
"12034","12034",2964,2964,2931,-0.0111336032388664
"12035","12035",2095,2095,1887,-0.0992840095465394
"12037","12037",8375,8629,6824,-0.185194029850746
"12038","12038",2539,2564,2463,-0.0299330445057109
"12039","12039",5008,5015,4690,-0.0634984025559105
"12040","12040",8595,8635,7644,-0.11064572425829
"12041","12041",1148,1175,1277,0.112369337979094
"12042","12042",4132,4132,4129,-0.000726040658276864
"12043","12043",2394,2257,2259,-0.056390977443609
"12044","12044",3729,3879,2849,-0.23598820058997
"12045","12045",7847,7706,7158,-0.0878042564037212
"12046","12046",1638,1517,1459,-0.109279609279609
"12047","12047",1191,1193,966,-0.188916876574307
"12048","12048",1757,1757,1769,0.00682982356289129
"12888","12888",1757,1757,1769,0.00682982356289129
"12049","12049",2700,3004,3173,0.175185185185185
"12050","12050",3271,3271,3288,0.00519718740446347
"12051","12051",4687,4547,4669,-0.00384040964369533
"12052","12052",3019,3299,3289,0.0894335872805565
"12053","12053",7022,7006,6718,-0.043292509256622
"12055","12055",4613,4338,4429,-0.0398872750921309
"12056","12056",3179,2925,2971,-0.065429380308273
"12057","12057",7511,9943,8857,0.179203834376248
"12058","12058",3038,3038,2900,-0.0454246214614878
"12060","12060",3872,3876,3981,0.028150826446281
"12061","12061",2869,2913,2936,0.0233530846985012
"19561","19561",2869,2913,2936,0.0233530846985012
"12063","12063",1935,1911,2231,0.15297157622739
"12064","12064",3962,3934,3946,-0.00403836446239273
"12065","12065",2693,2693,2620,-0.0271073152617898
"16211","16211",2693,2693,2620,-0.0271073152617898
"12066","12066",8070,8013,5453,-0.324287484510533
"12068","12068",3022,2798,2836,-0.0615486432825943
"12069","12069",5890,5157,4975,-0.1553480475382
"12071","12071",4610,4988,4989,0.0822125813449024
"12072","12072",6708,5924,5941,-0.114341085271318
"12074","12074",11588,12122,9340,-0.193993786675872
"12075","12075",4231,4219,3808,-0.0999763649255495
"16258","16258",4231,4219,3808,-0.0999763649255495
"12076","12076",6136,6102,6102,-0.00554106910039113
"12077","12077",3886,3873,3284,-0.154915079773546
"12079","12079",3904,3910,3737,-0.0427766393442623
"12080","12080",3462,3468,3269,-0.0557481224725592
"12081","12081",4349,4446,4304,-0.0103472062543113
"12082","12082",2228,2176,2224,-0.00179533213644524
"12083","12083",4782,3978,3947,-0.17461313258051
"12084","12084",2732,2568,2319,-0.151171303074671
"17923","17923",2732,2568,2319,-0.151171303074671
"18034","18034",2732,2568,2319,-0.151171303074671
"12085","12085",6846,5865,5882,-0.140812153082092
"12086","12086",3518,3523,3121,-0.112848209209778
"12087","12087",3144,3134,3069,-0.0238549618320611
"12088","12088",7423,7660,6715,-0.0953792267277381
"12089","12089",1611,1632,1606,-0.00310366232153942
"12090","12090",7316,8292,6986,-0.0451066156369601
"12091","12091",4783,3491,3826,-0.200083629521221
"12092","12092",4139,4139,4069,-0.0169122976564388
"12093","12093",2607,2585,2674,0.0257000383582662
"12094","12094",4689,4687,4513,-0.0375346555768821
"12095","12095",2008,1840,1839,-0.0841633466135458
"12096","12096",6008,6316,6044,0.00599201065246338
"12097","12097",5931,6150,6420,0.0824481537683359
"12099","12099",3512,3766,3066,-0.126993166287016
"12100","12100",1249,1249,1227,-0.0176140912730184
"12101","12101",5820,6027,5636,-0.0316151202749141
"12102","12102",2338,2339,2143,-0.083404619332763
"12103","12103",3095,3211,3152,0.0184168012924071
"12104","12104",2549,2550,2550,0.000392310710082385
"12106","12106",1082,1286,1259,0.16358595194085
"12107","12107",3187,3187,3185,-0.000627549419516787
"12108","12108",1534,1538,1320,-0.139504563233377
"12109","12109",1607,1607,1608,0.000622277535780958
"12110","12110",11704,11347,11486,-0.0186261107313739
"12111","12111",3173,3311,3228,0.0173337535455405
"12112","12112",3141,3150,3157,0.00509391913403375
"12114","12114",2740,2710,2744,0.00145985401459854
"12115","12115",12676,13173,10967,-0.134821710318713
"12116","12116",1845,1804,1802,-0.0233062330623306
"12117","12117",2595,2470,2419,-0.0678227360308285
"12118","12118",1588,1585,1919,0.208438287153652
"12120","12120",3033,2989,3141,0.0356083086053412
"12121","12121",4848,4931,4724,-0.0255775577557756
"12122","12122",2273,2253,1929,-0.151341838979322
"13031","13031",2273,2253,1929,-0.151341838979322
"12123","12123",2782,2770,2694,-0.0316319194823868
"12124","12124",2135,1794,1908,-0.10632318501171
"12125","12125",3370,3374,3026,-0.102077151335312
"12126","12126",3602,3462,3517,-0.0235980011104942
"12127","12127",6080,6086,6048,-0.00526315789473684
"12128","12128",2966,2964,2716,-0.0842886041807148
"12129","12129",3004,2984,2982,-0.00732356857523302
"12131","12131",10276,10565,9442,-0.0811599844297392
"12132","12132",2118,2121,2117,-0.000472143531633617
"12134","12134",2927,2924,1980,-0.323539460198155
"12135","12135",4759,4793,4709,-0.0105064089094348
"12136","12136",4800,4768,4889,0.0185416666666667
"12137","12137",4088,4647,3363,-0.177348336594912
"12138","12138",2199,2189,1973,-0.102773988176444
"12139","12139",2784,2807,2904,0.0431034482758621
"12140","12140",6562,6529,3731,-0.431423346540689
"12142","12142",4106,3932,3472,-0.154408183146615
"12143","12143",4527,4596,3900,-0.138502319416832
"12144","12144",6712,7265,6635,-0.0114719904648391
"12145","12145",1182,1250,1250,0.0575296108291032
"12146","12146",3634,3676,4552,0.252614199229499
"12147","12147",3627,3627,3596,-0.00854700854700855
"12149","12149",2552,2542,2221,-0.129702194357367
"12150","12150",9612,9513,7879,-0.180295464003329
"12151","12151",4196,4144,3529,-0.158960915157293
"12152","12152",2040,2021,2230,0.0931372549019608
"12153","12153",1562,1562,1363,-0.127400768245839
"12155","12155",4888,4776,4782,-0.0216857610474632
"12156","12156",4505,4804,4140,-0.0810210876803552
"12157","12157",2502,2503,2508,0.00239808153477218
"12158","12158",2237,2241,2126,-0.0496200268216361
"12159","12159",5046,5043,4524,-0.103448275862069
"12160","12160",2123,2119,2125,0.000942063118228921
"12161","12161",3640,3796,4224,0.16043956043956
"12162","12162",2267,2299,2361,0.0414644905161006
"12163","12163",4666,4661,4193,-0.101371624517788
"12164","12164",5768,5694,5815,0.00814840499306519
"12165","12165",3560,3566,3431,-0.0362359550561798
"12166","12166",2031,4955,2026,-0.00246184145741014
"12167","12167",3037,3038,2569,-0.154099440237076
"12168","12168",3607,3304,2952,-0.181591350152481
"12169","12169",4735,4735,3409,-0.280042238648363
"12171","12171",6918,6843,6744,-0.0251517779705117
"12172","12172",3824,3858,4293,0.122646443514644
"12358","12358",3824,3858,4293,0.122646443514644
"12173","12173",4664,4893,4372,-0.0626072041166381
"12174","12174",1899,1903,1878,-0.0110584518167457
"12175","12175",8044,6735,6674,-0.170313276976629
"12177","12177",3252,3272,3369,0.0359778597785978
"12179","12179",4373,4387,4150,-0.0509947404527784
"12180","12180",4867,4213,4032,-0.171563591534826
"12181","12181",2543,2966,2530,-0.00511207235548565
"12182","12182",2835,2598,2267,-0.200352733686067
"12183","12183",4352,4334,4295,-0.0130974264705882
"12184","12184",2474,2475,2017,-0.184721099434115
"12185","12185",2264,2264,2264,0
"12186","12186",1847,1888,1969,0.0660530590146183
"12187","12187",6525,6502,3709,-0.431570881226054
"12188","12188",1881,1914,1891,0.00531632110579479
"12189","12189",899,1072,843,-0.0622914349276974
"12191","12191",3670,4178,4347,0.184468664850136
"12192","12192",6179,6309,7168,0.160058261854669
"12193","12193",3161,3167,2421,-0.234103131920278
"12195","12195",1958,1958,2353,0.20173646578141
"12196","12196",4088,4148,3989,-0.0242172211350294
"12197","12197",3644,3651,2823,-0.225301866081229
"12198","12198",4890,4915,4846,-0.00899795501022495
"12199","12199",5705,5119,5764,0.01034180543383
"12200","12200",3918,3918,3908,-0.00255232261357836
"12201","12201",2334,2323,1936,-0.170522707797772
"12203","12203",5266,5291,4947,-0.0605772882643373
"12206","12206",1797,1848,1278,-0.28881469115192
"12207","12207",3534,3516,3324,-0.0594227504244482
"12208","12208",2775,2774,2449,-0.117477477477477
"12209","12209",3423,3443,3436,0.00379783815366637
"12210","12210",1519,1537,1517,-0.00131665569453588
"12211","12211",6711,6294,5292,-0.211443898077783
"12212","12212",4360,4543,4330,-0.00688073394495413
"12213","12213",2736,2677,2321,-0.151681286549708
"12214","12214",5023,5140,4822,-0.0400159267370098
"12215","12215",5954,6007,5757,-0.0330870003359086
"12216","12216",3730,4095,4165,0.116621983914209
"12218","12218",3965,4418,4981,0.256242118537201
"12219","12219",5233,5231,5808,0.109879610166253
"12220","12220",5883,6493,5331,-0.0938296787353391
"12221","12221",1922,1971,1937,0.00780437044745057
"12222","12222",3603,3412,3412,-0.0530113794060505
"12223","12223",3652,3716,3767,0.0314895947426068
"12224","12224",3022,4036,3595,0.189609530112508
"12225","12225",2750,2791,2462,-0.104727272727273
"12226","12226",2762,2800,2908,0.052860246198407
"12227","12227",2577,2648,2649,0.0279394644935972
"12228","12228",6190,6441,6531,0.0550888529886914
"12229","12229",4896,4636,4655,-0.0492238562091503
"12230","12230",2347,2405,2440,0.0396250532594802
"12231","12231",1860,1343,1277,-0.313440860215054
"15606","15606",1860,1343,1277,-0.313440860215054
"12232","12232",824,793,793,-0.037621359223301
"12233","12233",3912,3603,3628,-0.0725971370143149
"12234","12234",5598,5486,5467,-0.0234012147195427
"12235","12235",5691,5526,5050,-0.112633983482692
"12236","12236",8559,8603,8798,0.0279238228765043
"12237","12237",2740,2740,2101,-0.233211678832117
"12240","12240",1823,1823,1852,0.015907844212836
"12241","12241",6584,6284,5756,-0.125759416767922
"12242","12242",4333,4530,4147,-0.0429263789522271
"12244","12244",3812,3815,3553,-0.0679433368310598
"12245","12245",4026,4016,3794,-0.057625434674615
"12246","12246",1076,830,745,-0.307620817843866
"12247","12247",3573,3571,3233,-0.095158130422614
"12248","12248",1737,2073,1986,0.143350604490501
"12249","12249",4283,4306,4248,-0.00817184216670558
"12250","12250",5219,5231,5605,0.0739605288369419
"12251","12251",6314,6029,4864,-0.229648400380108
"12252","12252",4522,4481,5124,0.13312693498452
"12253","12253",3777,3584,3717,-0.0158856235107228
"12254","12254",1194,1192,1249,0.0460636515912898
"12255","12255",2530,2076,2400,-0.0513833992094862
"12256","12256",4328,4070,4125,-0.0469038817005545
"14400","14400",4328,4070,4125,-0.0469038817005545
"12257","12257",4105,4316,4260,0.0377588306942753
"12258","12258",4406,4156,3505,-0.204493871992737
"12259","12259",2639,2651,2450,-0.0716180371352785
"12260","12260",3670,3765,3584,-0.023433242506812
"12262","12262",1759,1872,1994,0.133598635588403
"12263","12263",3680,2894,2896,-0.21304347826087
"14334","14334",3680,2894,2896,-0.21304347826087
"12264","12264",2724,2968,1753,-0.356461086637298
"12266","12266",8134,7854,5770,-0.290631915416769
"12268","12268",2462,2471,2427,-0.0142160844841592
"12269","12269",11891,12030,9029,-0.240686233285678
"12270","12270",10011,11560,9747,-0.0263709919089002
"12271","12271",4284,4318,3897,-0.0903361344537815
"12272","12272",4112,4106,4110,-0.000486381322957198
"12273","12273",4362,4355,4335,-0.0061898211829436
"12274","12274",1211,2035,1851,0.528488852188274
"12275","12275",2294,2294,2636,0.149084568439407
"12276","12276",1303,1303,1340,0.0283960092095165
"12277","12277",6000,5743,5539,-0.0768333333333333
"12278","12278",3014,4257,2669,-0.114465826144658
"12279","12279",2609,3362,4102,0.572249904177846
"17316","17316",2609,3362,4102,0.572249904177846
"12280","12280",3576,3564,3526,-0.0139821029082774
"12283","12283",6892,6869,5728,-0.168891468369124
"12284","12284",4124,4175,2790,-0.323472356935015
"12285","12285",9312,8328,8361,-0.102126288659794
"12286","12286",8213,7418,7743,-0.0572263484719347
"12287","12287",3406,3199,3301,-0.0308279506752789
"12288","12288",5303,5447,5359,0.010560060343202
"12289","12289",2467,2457,2752,0.11552492906364
"12290","12290",3822,3800,3696,-0.032967032967033
"12291","12291",3954,3313,3389,-0.142893272635306
"12293","12293",1223,1306,1283,0.0490596892886345
"19469","19469",1223,1306,1283,0.0490596892886345
"12294","12294",3889,4106,2620,-0.326304962715351
"12295","12295",6582,6426,6874,0.0443634153752659
"12296","12296",3106,3558,2796,-0.0998068254990341
"12297","12297",3333,3160,3089,-0.0732073207320732
"12299","12299",2581,1852,1841,-0.286710577295622
"16605","16605",2581,1852,1841,-0.286710577295622
"12300","12300",1767,1708,1851,0.0475382003395586
"12301","12301",2487,2487,2511,0.00965018094089264
"12302","12302",6285,6153,5567,-0.114240254574383
"12303","12303",6202,7900,6328,0.0203160270880361
"12304","12304",6738,6730,6054,-0.101513802315227
"12305","12305",935,1018,1708,0.826737967914439
"12307","12307",3568,3463,4472,0.253363228699552
"12308","12308",2109,2110,2096,-0.00616405879563774
"12309","12309",2257,2257,2252,-0.00221533008418254
"12310","12310",6445,7148,6389,-0.008688906128782
"12311","12311",3859,4618,4074,0.055713915522156
"12312","12312",3459,3827,3807,0.100607111882047
"12313","12313",6576,7326,7861,0.195407542579075
"12314","12314",4429,4118,4073,-0.0803793181305035
"12315","12315",1506,1509,1512,0.00398406374501992
"12317","12317",3685,3570,3527,-0.042876526458616
"12318","12318",2708,2615,2665,-0.0158788774002954
"19878","19878",2708,2615,2665,-0.0158788774002954
"12319","12319",2406,2407,2646,0.0997506234413965
"12320","12320",4732,4392,4319,-0.0872781065088757
"12321","12321",4239,4408,4766,0.124321774003303
"12322","12322",4859,4921,4853,-0.00123482197983124
"12323","12323",5266,5821,4832,-0.0824154956323585
"12324","12324",4919,4925,4155,-0.155316121162838
"12325","12325",3454,2922,3194,-0.0752750434279097
"12326","12326",6009,6042,5976,-0.0054917623564653
"12327","12327",2127,1966,2280,0.0719322990126939
"12328","12328",11357,12039,8976,-0.209650435854539
"12329","12329",7039,6963,7928,0.126296348913198
"12330","12330",4523,4592,3714,-0.17886358611541
"12331","12331",2974,2974,2607,-0.123402824478816
"12332","12332",4001,4179,3896,-0.0262434391402149
"12334","12334",5493,5496,6354,0.156744948115784
"12335","12335",2781,2789,2823,0.0151024811218986
"12336","12336",5162,4699,4666,-0.0960867880666408
"12337","12337",1634,1634,1445,-0.115667074663403
"12339","12339",6931,6739,7016,0.0122637426056846
"12340","12340",2218,2164,1956,-0.118124436429216
"12341","12341",1726,1719,1313,-0.23928157589803
"12342","12342",1583,1583,1581,-0.00126342387871131
"12343","12343",12951,13403,11644,-0.100918847965408
"12344","12344",5904,5904,4827,-0.182418699186992
"12345","12345",1983,1983,1978,-0.00252143217347453
"12346","12346",2792,2673,2788,-0.00143266475644699
"12347","12347",3319,2987,3649,0.0994275384151853
"12349","12349",1184,1184,1184,0
"12350","12350",4960,5365,5522,0.113306451612903
"12351","12351",5185,5017,6560,0.265188042430087
"12353","12353",3815,3381,2100,-0.44954128440367
"12354","12354",3732,4364,3595,-0.0367095391211147
"12355","12355",3085,3088,2850,-0.0761750405186386
"12356","12356",1959,1934,1755,-0.104134762633997
"12357","12357",6200,6216,6175,-0.00403225806451613
"12359","12359",4728,4719,4422,-0.0647208121827411
"12360","12360",4436,4261,4310,-0.0284039675383228
"12362","12362",2692,5342,2895,0.075408618127786
"12363","12363",1397,1346,1377,-0.0143163922691482
"12364","12364",3963,4060,3728,-0.059298511228867
"12365","12365",6426,6043,5229,-0.186274509803922
"12366","12366",13699,13815,10113,-0.261770932184831
"12367","12367",3542,3504,3503,-0.0110107284020327
"12368","12368",3433,4090,3596,0.0474803378968832
"12369","12369",2326,2362,2819,0.21195184866724
"12370","12370",4853,4860,4846,-0.00144240675870596
"12371","12371",3347,3328,2534,-0.242904093217807
"12372","12372",6609,6182,6235,-0.0565894991678015
"12373","12373",1635,1635,1440,-0.119266055045872
"12374","12374",7024,6845,6970,-0.0076879271070615
"12375","12375",3347,2722,2740,-0.181356438601733
"12376","12376",1531,1531,1534,0.00195950359242325
"12378","12378",4424,3164,3883,-0.122287522603978
"12379","12379",2532,2149,2170,-0.142969984202212
"12380","12380",1180,1182,1166,-0.011864406779661
"19614","19614",1180,1182,1166,-0.011864406779661
"12381","12381",5298,5684,5051,-0.0466213665534164
"12382","12382",1881,1914,2011,0.0691121743753323
"12383","12383",1835,1835,1836,0.000544959128065395
"12384","12384",5003,4838,5566,0.112532480511693
"12385","12385",5118,5121,5072,-0.00898788589292692
"12386","12386",3392,3382,3167,-0.0663325471698113
"12387","12387",2337,2285,1931,-0.173727000427899
"12388","12388",3171,3171,3171,0
"12389","12389",5010,3551,4952,-0.0115768463073852
"12390","12390",3950,3678,4096,0.0369620253164557
"12391","12391",5172,5157,5268,0.0185614849187935
"12392","12392",3005,3005,3028,0.00765391014975042
"16920","16920",3005,3005,3028,0.00765391014975042
"12393","12393",3147,3138,4454,0.415316174134096
"12394","12394",2510,2563,2643,0.0529880478087649
"12395","12395",5226,5233,4905,-0.0614236509758898
"12396","12396",854,850,861,0.00819672131147541
"12397","12397",3134,3043,3082,-0.0165922144224633
"12398","12398",4401,4517,5300,0.204271756418996
"12399","12399",2904,2918,1876,-0.353994490358127
"12400","12400",4259,4469,3702,-0.130781873679267
"12402","12402",3394,3393,3225,-0.0497937536829699
"12404","12404",3871,3684,4243,0.0960991991733402
"12405","12405",3686,3495,3468,-0.059142702116115
"12406","12406",1714,1727,1679,-0.0204200700116686
"12407","12407",1565,917,901,-0.424281150159744
"18244","18244",1565,917,901,-0.424281150159744
"12408","12408",4359,4368,4095,-0.0605643496214728
"12409","12409",8618,8705,7764,-0.0990949176142957
"12410","12410",4266,4265,4015,-0.0588373183309892
"12411","12411",936,941,1046,0.117521367521368
"12413","12413",6633,6539,6093,-0.0814111261872456
"12414","12414",3297,2619,2683,-0.186229905975129
"12415","12415",2385,2503,2435,0.0209643605870021
"12416","12416",3197,3197,3385,0.0588051298091961
"12418","12418",2336,2415,2143,-0.0826198630136986
"12419","12419",2271,2274,2275,0.00176133861734919
"12420","12420",1952,1952,2085,0.0681352459016393
"12421","12421",1269,1211,1075,-0.152876280535855
"12422","12422",6060,5951,5084,-0.161056105610561
"12423","12423",3481,3496,3640,0.0456765297328354
"12424","12424",2291,2630,2128,-0.0711479703186381
"12425","12425",3569,3655,3863,0.0823760156906697
"12426","12426",7577,7740,7048,-0.0698165500857859
"12427","12427",3811,3450,3184,-0.164523747048019
"12428","12428",5314,4811,4604,-0.133609333835152
"12429","12429",1821,1536,1595,-0.124107633168589
"19701","19701",1821,1536,1595,-0.124107633168589
"12430","12430",1373,1390,1762,0.283321194464676
"12432","12432",5907,6235,6248,0.0577281191806331
"12434","12434",2095,1964,1965,-0.0620525059665871
"12435","12435",1305,1578,1570,0.203065134099617
"12436","12436",1993,2353,2265,0.13647767185148
"12437","12437",10463,10581,10551,0.00841058969702762
"12438","12438",4772,5164,4373,-0.0836127409891031
"12439","12439",6002,6173,5108,-0.148950349883372
"12440","12440",2173,2194,1701,-0.217211228716061
"16492","16492",2173,2194,1701,-0.217211228716061
"12441","12441",9864,9265,9073,-0.0801905920519059
"12442","12442",5485,5484,3758,-0.31485870556062
"12444","12444",2384,2412,3671,0.539848993288591
"12445","12445",1567,1570,2043,0.303765156349713
"12447","12447",12582,13221,12273,-0.0245588936576061
"12448","12448",3444,3416,3357,-0.0252613240418118
"12449","12449",4906,6565,4805,-0.0205870362821035
"12450","12450",1186,1196,1288,0.0860033726812816
"12451","12451",7199,6879,6470,-0.101264064453396
"12452","12452",8577,8163,8228,-0.0406902180249505
"12453","12453",3721,3631,3585,-0.0365493147003494
"12454","12454",3055,3473,3146,0.0297872340425532
"12455","12455",2038,2038,2025,-0.00637880274779195
"12457","12457",1854,1741,1074,-0.420711974110032
"12458","12458",3634,3633,3555,-0.0217391304347826
"12459","12459",4281,4293,2773,-0.352254146227517
"12460","12460",2586,2332,2583,-0.00116009280742459
"12461","12461",2853,2855,3007,0.0539782684893095
"12462","12462",2918,2919,3253,0.114804660726525
"12463","12463",1971,1790,1674,-0.150684931506849
"12464","12464",3876,4135,3994,0.0304437564499484
"13808","13808",3876,4135,3994,0.0304437564499484
"12465","12465",1310,971,895,-0.316793893129771
"15844","15844",1310,971,895,-0.316793893129771
"12466","12466",2691,2670,2678,-0.00483091787439614
"12467","12467",4049,4241,3536,-0.126697950111139
"12469","12469",2534,2534,2627,0.0367008681925809
"12470","12470",2256,2235,2186,-0.0310283687943262
"12471","12471",4273,4252,4873,0.14041656915516
"12472","12472",1162,1262,1196,0.0292598967297762
"12473","12473",4463,4443,4946,0.108223168272462
"12474","12474",2649,2211,2446,-0.076632691581729
"12475","12475",4162,4159,4216,0.0129745314752523
"12476","12476",2052,2055,2091,0.0190058479532164
"12477","12477",2035,2013,1961,-0.0363636363636364
"12478","12478",3644,3644,4209,0.155049396267838
"12479","12479",3276,4440,3537,0.0796703296703297
"12480","12480",6076,5905,6265,0.0311059907834101
"12481","12481",6790,6777,6743,-0.0069219440353461
"12482","12482",9158,9170,7587,-0.171544005241319
"12483","12483",5068,4582,4166,-0.177979479084451
"12484","12484",2232,2174,1975,-0.115143369175627
"12487","12487",4312,3996,3604,-0.164192949907236
"12488","12488",5006,5025,4322,-0.136636036755893
"12489","12489",1892,2016,2181,0.152748414376321
"12490","12490",4364,4073,4151,-0.0488084326306141
"12491","12491",4331,4289,4469,0.0318633110136227
"12492","12492",1704,1651,1791,0.051056338028169
"12493","12493",801,801,807,0.00749063670411985
"12495","12495",4496,4720,4846,0.077846975088968
"12496","12496",975,890,904,-0.0728205128205128
"12699","12699",975,890,904,-0.0728205128205128
"12497","12497",3350,2674,2674,-0.201791044776119
"12498","12498",5967,5967,6029,0.0103904809787163
"12499","12499",3350,3167,2958,-0.117014925373134
"12500","12500",4975,4888,4986,0.00221105527638191
"12502","12502",2470,2297,2296,-0.0704453441295547
"12503","12503",3785,4014,4153,0.097225891677675
"12504","12504",3613,3609,3308,-0.0844173816772765
"12505","12505",7793,7803,7120,-0.0863595534453997
"12506","12506",6670,6659,5201,-0.22023988005997
"12508","12508",3172,3158,2440,-0.230769230769231
"15288","15288",3172,3158,2440,-0.230769230769231
"12509","12509",6145,5028,4870,-0.207485760781123
"12510","12510",5727,5904,5970,0.0424305919329492
"12511","12511",5680,5680,5852,0.0302816901408451
"12512","12512",7504,7503,6773,-0.0974147121535181
"12513","12513",1878,1878,1363,-0.274227902023429
"12514","12514",3944,3974,3922,-0.00557809330628803
"12515","12515",4890,3943,4182,-0.14478527607362
"12516","12516",2763,2423,2427,-0.121606948968512
"12517","12517",10926,10917,13697,0.253615229727256
"12518","12518",3725,3717,2992,-0.196778523489933
"12519","12519",3049,3049,2592,-0.149885208265005
"12520","12520",9578,9059,7697,-0.196387554813113
"12521","12521",12280,8431,8014,-0.347394136807818
"12522","12522",4064,4025,3840,-0.0551181102362205
"12524","12524",4221,3343,3386,-0.197820421701019
"12525","12525",3096,3100,3165,0.0222868217054264
"12526","12526",2817,3300,3040,0.0791622293219737
"12527","12527",7384,7243,7086,-0.0403575297941495
"12528","12528",2330,2331,2328,-0.000858369098712446
"12529","12529",4270,4433,4590,0.0749414519906323
"12530","12530",4627,4638,3366,-0.272530797492976
"12531","12531",3096,2997,2584,-0.165374677002584
"12910","12910",3096,2997,2584,-0.165374677002584
"12532","12532",2124,2075,2197,0.0343691148775895
"12533","12533",2187,2171,2199,0.00548696844993141
"12534","12534",2399,2425,2426,0.0112546894539391
"12535","12535",4668,4493,4641,-0.0057840616966581
"12536","12536",2113,1672,1247,-0.409843823946995
"12538","12538",5253,4759,5088,-0.0314106225014278
"12539","12539",5057,5055,4062,-0.196756970535891
"12540","12540",6654,6251,4321,-0.350616170724376
"12541","12541",8568,8669,8254,-0.0366479925303455
"12542","12542",1557,1558,1582,0.0160565189466924
"12543","12543",4023,3907,3265,-0.188416604523987
"12544","12544",5183,5201,4815,-0.0710013505691684
"12545","12545",4673,4684,3316,-0.29039161138455
"12547","12547",4065,3887,4174,0.0268142681426814
"12548","12548",4111,3500,3385,-0.176599367550474
"12549","12549",5390,5487,5737,0.064378478664193
"12551","12551",1611,1590,1608,-0.00186219739292365
"12553","12553",3029,2980,3598,0.187850775833608
"12554","12554",1912,1909,1686,-0.118200836820084
"12555","12555",5651,8080,7227,0.278888692266855
"12556","12556",5752,5756,5719,-0.00573713490959666
"12557","12557",1352,1352,1352,0
"12558","12558",5445,5268,5299,-0.0268135904499541
"12560","12560",2679,2768,2734,0.0205300485255692
"12562","12562",9143,8886,8156,-0.107951438258777
"12563","12563",3682,3685,3697,0.00407387289516567
"12564","12564",3517,2826,2699,-0.23258458913847
"17457","17457",3517,2826,2699,-0.23258458913847
"12565","12565",2809,2813,2809,0
"12566","12566",4218,3099,2677,-0.36533902323376
"12567","12567",1240,1241,1248,0.00645161290322581
"12568","12568",3468,3479,2752,-0.206459054209919
"12569","12569",1874,1877,1870,-0.00213447171824973
"13155","13155",1874,1877,1870,-0.00213447171824973
"12570","12570",9637,9499,9706,0.00715990453460621
"12571","12571",2705,2705,2800,0.0351201478743068
"12574","12574",3666,3670,3400,-0.0725586470267321
"12575","12575",2192,2204,2402,0.0958029197080292
"12576","12576",4905,4488,4415,-0.0998980632008155
"12577","12577",8708,7900,7617,-0.125287092328893
"12578","12578",17279,17669,15110,-0.125528097690839
"12579","12579",2895,2901,2940,0.0155440414507772
"12580","12580",4014,4014,6781,0.689337319382162
"12581","12581",12867,12968,11508,-0.105619025413849
"12582","12582",5093,4228,3450,-0.322599646573729
"12583","12583",2891,2322,2646,-0.0847457627118644
"12584","12584",3087,3089,3520,0.140265630061548
"12585","12585",6483,6663,5477,-0.155175073268549
"12586","12586",4072,4346,3241,-0.204076620825147
"12587","12587",3453,3453,4438,0.285259194902983
"12588","12588",2993,2993,3013,0.00668225860340795
"12589","12589",3569,3568,3325,-0.0683664892126646
"12590","12590",2753,3102,2585,-0.0610243370868144
"12591","12591",3567,3679,3688,0.0339220633585646
"12592","12592",3243,3243,2860,-0.118100524205982
"12593","12593",4676,4730,4563,-0.0241659538066724
"12595","12595",2157,2115,2144,-0.00602688919796013
"12596","12596",7182,7152,5517,-0.231829573934837
"12597","12597",2198,2205,2384,0.0846223839854413
"12601","12601",7521,7575,4812,-0.360191463901077
"12602","12602",2377,2299,2202,-0.0736222128733698
"12603","12603",2577,2753,2406,-0.0663562281722934
"12604","12604",4904,4871,4115,-0.160889070146819
"12605","12605",3773,3982,3844,0.0188179167771005
"12606","12606",2701,2759,3021,0.118474639022584
"12607","12607",1157,1157,1124,-0.0285220397579948
"12609","12609",4964,4455,4606,-0.0721192586623691
"12610","12610",2487,2541,2713,0.0908725371934057
"12611","12611",2647,2637,2883,0.0891575368341519
"13959","13959",2647,2637,2883,0.0891575368341519
"14376","14376",2647,2637,2883,0.0891575368341519
"12612","12612",3030,3283,3183,0.0504950495049505
"12613","12613",1408,1425,1626,0.154829545454545
"12614","12614",3222,3215,2928,-0.0912476722532588
"12616","12616",3349,3348,3159,-0.0567333532397731
"12617","12617",4260,3880,3506,-0.176995305164319
"12618","12618",6785,6761,3754,-0.446720707442889
"12619","12619",2657,2657,2642,-0.00564546480993602
"16403","16403",2657,2657,2642,-0.00564546480993602
"12620","12620",1949,1788,2154,0.105182144689584
"12621","12621",1476,1771,1480,0.002710027100271
"12622","12622",1983,1983,2007,0.0121028744326778
"12623","12623",10382,10950,9228,-0.111153920246581
"12625","12625",4542,4473,3817,-0.15962131219727
"12626","12626",5833,5029,5202,-0.108177610149151
"12627","12627",5428,5427,5430,0.000368459837877671
"12628","12628",5400,5401,5042,-0.0662962962962963
"12629","12629",3542,3742,3666,0.0350084697910785
"12630","12630",3384,3385,3375,-0.00265957446808511
"12631","12631",2283,2249,2356,0.0319754708716601
"12633","12633",4952,4950,3727,-0.247374798061389
"12634","12634",925,1012,945,0.0216216216216216
"12636","12636",1787,1675,1714,-0.0408505875769446
"12637","12637",2404,2402,2236,-0.0698835274542429
"12638","12638",12842,13053,12892,0.00389347453667653
"12639","12639",1953,1917,1892,-0.0312339989759345
"13259","13259",1953,1917,1892,-0.0312339989759345
"12640","12640",3440,3428,2574,-0.251744186046512
"12641","12641",4420,4207,4073,-0.0785067873303167
"12642","12642",2361,2361,3248,0.375688267683185
"12643","12643",1426,1493,1341,-0.0596072931276297
"12644","12644",4092,4402,2984,-0.270772238514174
"12645","12645",1369,1369,1378,0.00657414170927684
"12646","12646",11270,9184,8612,-0.235847382431233
"12647","12647",6575,6783,5794,-0.118783269961977
"12648","12648",1809,1819,1856,0.0259812050856827
"12650","12650",2563,2572,2723,0.0624268435427234
"12651","12651",3767,3731,3949,0.0483143084682771
"12652","12652",8200,8430,7047,-0.140609756097561
"13772","13772",8200,8430,7047,-0.140609756097561
"12653","12653",1590,1590,1374,-0.135849056603774
"12655","12655",5405,5378,5370,-0.00647548566142461
"12657","12657",3037,3105,2663,-0.123147843266381
"12658","12658",1670,1496,1278,-0.234730538922156
"12659","12659",2223,2223,2095,-0.0575798470535313
"12662","12662",3114,3117,3406,0.0937700706486834
"12663","12663",2318,2280,2280,-0.0163934426229508
"12664","12664",4052,4375,3934,-0.0291214215202369
"12665","12665",3484,3311,2915,-0.163318025258324
"12666","12666",1531,1531,1532,0.000653167864141084
"12667","12667",6020,5663,6441,0.0699335548172757
"12668","12668",2986,2979,3067,0.0271265907568654
"12669","12669",2582,2577,2577,-0.00193648334624322
"12670","12670",11269,9803,8953,-0.205519566953589
"12671","12671",2142,2583,1831,-0.145191409897292
"12672","12672",1288,1283,1283,-0.00388198757763975
"12673","12673",2277,2277,2290,0.0057092665788318
"12674","12674",2972,4148,2935,-0.0124495289367429
"12675","12675",3171,3170,2695,-0.150110375275938
"12676","12676",2212,2212,2327,0.0519891500904159
"12677","12677",2663,2536,2461,-0.0758542996620353
"12678","12678",1790,1792,2068,0.155307262569832
"13340","13340",1790,1792,2068,0.155307262569832
"12679","12679",3280,3313,3082,-0.0603658536585366
"12680","12680",2279,2373,2480,0.0881965774462484
"12681","12681",1892,1929,1944,0.0274841437632135
"12682","12682",3108,2930,3045,-0.0202702702702703
"12683","12683",2093,1925,1897,-0.0936454849498328
"12684","12684",1170,1163,971,-0.17008547008547
"12686","12686",7263,7100,7471,0.0286383037312405
"12687","12687",1707,1747,1620,-0.0509666080843585
"12689","12689",1303,1293,1271,-0.0245587106676899
"15602","15602",1303,1293,1271,-0.0245587106676899
"12690","12690",980,973,1138,0.161224489795918
"12691","12691",2879,2881,2879,0
"12692","12692",1566,1362,1332,-0.149425287356322
"12694","12694",1294,1290,1272,-0.0170015455950541
"12695","12695",4358,4802,4815,0.104864616796696
"17345","17345",4358,4802,4815,0.104864616796696
"12696","12696",4271,4276,3517,-0.176539452118942
"12697","12697",3981,3981,3503,-0.120070334086913
"12698","12698",657,653,732,0.114155251141553
"14571","14571",657,653,732,0.114155251141553
"12700","12700",1360,1272,1323,-0.0272058823529412
"12701","12701",1374,1289,1512,0.100436681222707
"12702","12702",9359,9075,8407,-0.101720269259536
"12703","12703",1410,1401,1411,0.000709219858156028
"12704","12704",1548,1555,1583,0.022609819121447
"12705","12705",2064,2064,2549,0.234980620155039
"12706","12706",3541,3233,3365,-0.0497034735950297
"12707","12707",5129,4918,4690,-0.0855917332813414
"12708","12708",4112,4106,4110,-0.000486381322957198
"12709","12709",914,1093,936,0.0240700218818381
"12710","12710",5417,5417,5385,-0.0059073287797674
"12711","12711",2830,3143,2758,-0.0254416961130742
"12713","12713",4867,4767,5570,0.144442161495788
"12715","12715",2001,1797,1865,-0.0679660169915042
"12716","12716",5618,5225,5539,-0.014061943752225
"12717","12717",1975,1975,1467,-0.257215189873418
"12719","12719",6935,6848,6801,-0.0193222782984859
"12720","12720",6170,6156,6544,0.0606158833063209
"12721","12721",1623,1623,1486,-0.0844115834873691
"12722","12722",1740,1740,1759,0.0109195402298851
"13059","13059",1740,1740,1759,0.0109195402298851
"12723","12723",2441,2452,2478,0.0151577222449816
"12724","12724",1390,1413,1729,0.243884892086331
"12725","12725",2603,2274,2318,-0.109489051094891
"12726","12726",2933,3095,3093,0.0545516535969997
"12727","12727",7207,7234,6217,-0.137366449285417
"12728","12728",1497,1499,1392,-0.0701402805611222
"12729","12729",2939,2355,2400,-0.183395712827492
"12730","12730",1939,1610,1624,-0.162454873646209
"12731","12731",2565,2567,2377,-0.0732943469785575
"12733","12733",8066,8630,8324,0.0319861145549219
"12736","12736",3303,3459,3010,-0.0887072358462004
"19736","19736",3303,3459,3010,-0.0887072358462004
"12737","12737",3636,3650,3817,0.0497799779977998
"12738","12738",4285,4321,4556,0.0632438739789965
"12739","12739",2593,5558,2418,-0.0674893945237177
"12740","12740",2392,2667,2658,0.111204013377926
"12741","12741",4303,4440,3325,-0.2272832907274
"13271","13271",4303,4440,3325,-0.2272832907274
"12742","12742",2605,2605,2609,0.00153550863723608
"12744","12744",3787,3833,3426,-0.0953261156588329
"12745","12745",4743,4997,4941,0.0417457305502846
"12746","12746",5164,5152,4473,-0.133810999225407
"12747","12747",1551,1551,1937,0.248871695680206
"12748","12748",4854,4969,4926,0.0148331273176761
"12749","12749",5392,5259,5605,0.0395029673590504
"12750","12750",6548,6340,6445,-0.0157299938912645
"12751","12751",2996,2818,2819,-0.0590787716955941
"12752","12752",7757,7721,7045,-0.0917880623952559
"12753","12753",12061,12056,12131,0.00580383052814858
"12755","12755",2342,2196,2503,0.0687446626814688
"12756","12756",2046,2034,2030,-0.00782013685239492
"12757","12757",6025,5653,5645,-0.0630705394190871
"12758","12758",2762,2768,2919,0.056842867487328
"12759","12759",2681,2681,3441,0.283476314807907
"12760","12760",1459,2332,1341,-0.0808773132282385
"12762","12762",2920,2920,2951,0.0106164383561644
"12763","12763",3245,3246,3367,0.0375963020030817
"12764","12764",4095,4083,2938,-0.282539682539683
"12766","12766",1762,1763,1436,-0.185017026106697
"12767","12767",4852,4996,5060,0.0428689200329761
"12768","12768",2545,3107,2509,-0.0141453831041257
"12769","12769",1645,1645,1717,0.0437689969604863
"12770","12770",2129,2083,1987,-0.0666979802724284
"12771","12771",4333,4451,3609,-0.167089776136626
"12772","12772",3652,3417,2804,-0.232201533406353
"12773","12773",3970,3938,4033,0.0158690176322418
"12774","12774",4396,4343,4221,-0.0398089171974522
"12775","12775",4311,4635,4383,0.0167014613778706
"12776","12776",3594,3492,3472,-0.0339454646633278
"12777","12777",12404,13153,9740,-0.214769429216382
"12778","12778",1370,1303,1041,-0.24014598540146
"12779","12779",3279,3562,3372,0.0283623055809698
"12780","12780",9168,8951,9140,-0.00305410122164049
"12781","12781",2215,2256,2311,0.0433408577878104
"12782","12782",3383,3357,3518,0.0399054093999409
"12783","12783",7197,7325,7057,-0.0194525496734751
"16427","16427",7197,7325,7057,-0.0194525496734751
"12784","12784",1024,1031,811,-0.2080078125
"12785","12785",4538,4526,4396,-0.0312913177611282
"12786","12786",5601,5773,4641,-0.17139796464917
"12787","12787",2146,2013,2039,-0.0498602050326188
"12788","12788",1532,1528,1286,-0.160574412532637
"12789","12789",2554,2091,2317,-0.0927956147220047
"18989","18989",2554,2091,2317,-0.0927956147220047
"12790","12790",1496,1496,1454,-0.0280748663101604
"12791","12791",980,980,791,-0.192857142857143
"12792","12792",13306,13200,13712,0.0305125507289944
"12793","12793",4489,4560,5070,0.129427489418579
"16227","16227",4489,4560,5070,0.129427489418579
"12794","12794",3883,3895,4077,0.0499613700746845
"12795","12795",5614,5614,3555,-0.36676166726042
"12796","12796",1482,1481,1442,-0.0269905533063428
"12797","12797",1939,1939,1924,-0.00773594636410521
"17206","17206",1939,1939,1924,-0.00773594636410521
"12798","12798",4989,5285,5076,0.0174383644016837
"12799","12799",1796,1796,1796,0
"12800","12800",2941,2735,2736,-0.0697041822509351
"12801","12801",9033,8942,8963,-0.00774936344514558
"12802","12802",3157,2881,2979,-0.0563826417484954
"12803","12803",1570,1588,1555,-0.00955414012738853
"12804","12804",4029,4029,4648,0.153636137999504
"12805","12805",1041,1044,1008,-0.031700288184438
"12806","12806",4480,4395,4185,-0.0658482142857143
"12807","12807",3249,3246,2951,-0.0917205293936596
"12808","12808",2604,2604,2608,0.00153609831029186
"12809","12809",2730,2730,2820,0.032967032967033
"12810","12810",2821,2508,2613,-0.0737327188940092
"12811","12811",5384,5351,5208,-0.0326894502228826
"12813","12813",5059,5098,4745,-0.0620676022929433
"12814","12814",2255,2242,2123,-0.0585365853658537
"12815","12815",3306,3757,2352,-0.288566243194192
"12816","12816",4868,4790,5047,0.0367707477403451
"12817","12817",1995,2089,2245,0.12531328320802
"12818","12818",9274,9371,8639,-0.0684709941772698
"12819","12819",3753,3920,3586,-0.0444977351452172
"12820","12820",1775,1714,1380,-0.222535211267606
"12821","12821",13559,13524,10637,-0.215502618187182
"12822","12822",1586,1586,1599,0.00819672131147541
"12823","12823",4192,4744,4103,-0.0212309160305344
"12824","12824",4664,4221,4162,-0.107632933104631
"12825","12825",2026,2602,1987,-0.0192497532082922
"12826","12826",3133,3132,3625,0.157037982764124
"12827","12827",4173,4271,3929,-0.0584711238916846
"12828","12828",3438,3417,3560,0.0354857475276323
"12830","12830",14282,14302,12571,-0.119801148298558
"12831","12831",10538,10502,8850,-0.160182197760486
"12832","12832",2908,2901,3106,0.0680880330123796
"12833","12833",2302,2302,2056,-0.106863596872285
"12834","12834",5093,3453,3354,-0.341449047712547
"12835","12835",1100,1100,1044,-0.0509090909090909
"12836","12836",5607,5332,4799,-0.144105582307829
"12837","12837",3091,3489,3704,0.198317696538337
"12838","12838",3673,3643,3562,-0.0302205281786006
"12839","12839",4414,3996,4044,-0.0838241957408247
"12840","12840",3428,3478,3192,-0.0688448074679113
"12841","12841",5974,6055,6039,0.0108804820890526
"15540","15540",5974,6055,6039,0.0108804820890526
"12842","12842",1980,1893,1832,-0.0747474747474747
"12843","12843",1438,1554,1544,0.0737134909596662
"12844","12844",6012,4904,4842,-0.194610778443114
"12845","12845",5695,5302,5388,-0.0539069359086918
"12846","12846",1816,1816,1816,0
"12847","12847",4623,4475,4595,-0.00605667315595933
"12848","12848",5092,4504,4158,-0.183424980361351
"12849","12849",2726,2714,2791,0.0238444607483492
"12850","12850",931,934,894,-0.0397422126745435
"12851","12851",8756,8766,7383,-0.156806761078118
"12852","12852",3052,3124,2695,-0.11697247706422
"12853","12853",2643,2819,2284,-0.135830495648884
"12854","12854",6024,5999,6196,0.0285524568393094
"12856","12856",3680,3711,3338,-0.0929347826086957
"12858","12858",5050,4935,5962,0.180594059405941
"12859","12859",9908,10188,9235,-0.0679249091643117
"12861","12861",5423,5591,5557,0.0247095703485156
"12862","12862",2276,2441,2264,-0.00527240773286467
"12863","12863",2278,2197,2192,-0.0377524143985953
"12864","12864",5324,5152,4035,-0.242111194590533
"12866","12866",9060,8615,8528,-0.058719646799117
"12867","12867",4966,4623,3797,-0.235400724929521
"12868","12868",2188,1850,1972,-0.0987202925045704
"12870","12870",2027,1880,1935,-0.0453872718302911
"19735","19735",2027,1880,1935,-0.0453872718302911
"12873","12873",3971,3975,4283,0.0785696298161672
"12874","12874",3008,2999,3158,0.0498670212765957
"12875","12875",4588,4411,4458,-0.0283347863993025
"12876","12876",2446,2447,2370,-0.0310711365494685
"12877","12877",1691,1680,1679,-0.00709639266706091
"12879","12879",2520,2510,2589,0.0273809523809524
"12880","12880",1938,1938,1934,-0.00206398348813209
"12881","12881",2904,2906,2970,0.0227272727272727
"12882","12882",2978,3001,2719,-0.0869711215580927
"12883","12883",912,908,894,-0.0197368421052632
"12884","12884",8141,8654,8630,0.0600663309175777
"12885","12885",2518,2521,2521,0.00119142176330421
"12886","12886",2526,2526,2591,0.0257323832145685
"12887","12887",2469,2469,2370,-0.040097205346294
"12889","12889",2773,2817,2927,0.0555355210962856
"12890","12890",3220,3427,2593,-0.19472049689441
"12891","12891",4731,4380,4342,-0.0822236313675756
"12892","12892",4687,4494,3356,-0.283976957542138
"12893","12893",2887,2982,2849,-0.0131624523727052
"12894","12894",3914,4050,3409,-0.129024016351558
"18553","18553",3914,4050,3409,-0.129024016351558
"12895","12895",1755,1679,1466,-0.164672364672365
"15754","15754",1755,1679,1466,-0.164672364672365
"17859","17859",1755,1679,1466,-0.164672364672365
"12896","12896",5350,5355,5069,-0.0525233644859813
"12897","12897",2014,2015,1611,-0.200099304865938
"17659","17659",2014,2015,1611,-0.200099304865938
"12898","12898",4102,4099,3967,-0.0329107752315943
"12899","12899",3580,3520,3984,0.112849162011173
"12900","12900",6423,6437,5930,-0.0767554102444341
"12901","12901",4880,5067,4661,-0.0448770491803279
"12902","12902",1851,1851,1848,-0.00162074554294976
"12903","12903",9294,9288,9711,0.0448676565526146
"12904","12904",1783,1783,1833,0.0280426247896803
"12905","12905",3259,3251,3105,-0.0472537588217245
"12906","12906",6437,6153,8916,0.385117290663352
"12907","12907",1569,1569,1795,0.144040790312301
"12908","12908",3297,3022,3020,-0.0840157719138611
"12909","12909",2200,2188,2344,0.0654545454545455
"12911","12911",5038,4653,5397,0.0712584358872568
"12912","12912",3191,3151,2852,-0.1062362895644
"12913","12913",2748,2694,2897,0.0542212518195051
"12914","12914",2190,2191,2191,0.00045662100456621
"12916","12916",2092,2011,2043,-0.0234225621414914
"17379","17379",2092,2011,2043,-0.0234225621414914
"12917","12917",9933,10085,9183,-0.0755058894593778
"12918","12918",4090,4033,4033,-0.0139364303178484
"12919","12919",2007,2006,2507,0.249128051818635
"12920","12920",3933,3959,3714,-0.0556826849733028
"12921","12921",3001,2957,2957,-0.0146617794068644
"12922","12922",4631,4631,4527,-0.0224573526236234
"12923","12923",4091,4061,3276,-0.199217795160108
"12924","12924",968,962,963,-0.00516528925619835
"12925","12925",1674,1653,1451,-0.133213859020311
"12926","12926",8409,8418,8290,-0.0141515043405875
"12927","12927",5348,5285,5609,0.0488032909498878
"12928","12928",4549,4740,4781,0.0510002198285337
"12929","12929",1181,1183,1184,0.00254022015241321
"12930","12930",1734,1734,1732,-0.00115340253748558
"12931","12931",12860,13353,10314,-0.197978227060653
"12932","12932",3134,3575,2266,-0.276962348436503
"12933","12933",1393,1166,1098,-0.211773151471644
"12935","12935",2471,2466,2110,-0.146094698502631
"12936","12936",3965,4197,3805,-0.0403530895334174
"12937","12937",2744,2736,2660,-0.0306122448979592
"12938","12938",6360,6662,11394,0.791509433962264
"12939","12939",2859,2860,2421,-0.153200419727177
"12940","12940",2974,2840,2911,-0.0211835911230666
"12941","12941",3077,3077,3222,0.0471238219044524
"12942","12942",5360,5670,4958,-0.075
"12943","12943",3496,4209,3948,0.12929061784897
"12944","12944",7159,7992,6497,-0.0924710155049588
"12945","12945",2411,2423,2855,0.184155951887184
"12947","12947",2935,3112,2210,-0.247018739352641
"12948","12948",1596,1445,1430,-0.104010025062657
"12949","12949",3589,2949,3187,-0.112008916132627
"12950","12950",5650,6415,5736,0.0152212389380531
"12951","12951",3086,4823,2991,-0.0307841866493843
"12952","12952",2477,2472,2374,-0.0415825595478401
"12953","12953",3999,4001,3878,-0.0302575643910978
"12954","12954",2684,2255,2231,-0.168777943368107
"12955","12955",4310,4223,4102,-0.0482598607888631
"12956","12956",3771,3726,3416,-0.0941394855476001
"12957","12957",3952,3717,3663,-0.0731275303643725
"12959","12959",3728,3015,3096,-0.169527896995708
"12960","12960",1845,1845,1845,0
"12961","12961",1675,1677,1465,-0.125373134328358
"12962","12962",1718,1718,1539,-0.10419091967404
"12963","12963",2313,2316,2305,-0.00345871162991786
"12964","12964",3827,3798,3638,-0.0493859419911158
"12965","12965",9195,9390,9897,0.0763458401305057
"12966","12966",3859,3965,3826,-0.00855143819642394
"12967","12967",4274,4195,4145,-0.0301824988301357
"12968","12968",5243,5490,5729,0.0926950219340072
"12969","12969",2731,2731,2761,0.0109849871841816
"12971","12971",7683,7540,7651,-0.00416503969803462
"12973","12973",1809,1333,1724,-0.0469872857932559
"12975","12975",5449,5448,5316,-0.0244081482840888
"12976","12976",9522,9462,9811,0.0303507666456627
"12977","12977",2347,2413,2411,0.0272688538559864
"12978","12978",3222,2692,2528,-0.215394165114836
"12979","12979",1425,1413,1245,-0.126315789473684
"12980","12980",2973,2641,2467,-0.170198452741339
"12981","12981",2042,2049,2085,0.0210577864838394
"17321","17321",2042,2049,2085,0.0210577864838394
"19782","19782",2042,2049,2085,0.0210577864838394
"12982","12982",5589,5412,5044,-0.0975129719091072
"12983","12983",2372,2457,2137,-0.0990725126475548
"12984","12984",2174,2172,2279,0.0482980680772769
"12985","12985",2451,2451,2190,-0.106487148102815
"12986","12986",4041,3987,4105,0.0158376639445682
"12987","12987",2984,2964,2981,-0.00100536193029491
"12988","12988",4749,4749,5828,0.227205727521583
"12989","12989",1952,1952,1994,0.021516393442623
"12990","12990",1375,1393,1507,0.096
"12991","12991",4301,4026,7004,0.628458498023715
"12992","12992",6376,5250,4983,-0.218475533249686
"12994","12994",4426,4253,4478,0.0117487573429733
"12995","12995",6808,6802,6735,-0.0107226792009401
"12996","12996",4191,4076,4021,-0.0405631114292532
"12997","12997",4930,4930,3486,-0.29290060851927
"12998","12998",2112,1873,1848,-0.125
"14332","14332",2112,1873,1848,-0.125
"12999","12999",7966,7941,5796,-0.272407732864675
"13001","13001",3101,3062,3404,0.0977104159948404
"13002","13002",2049,2049,2096,0.022938018545632
"13003","13003",3088,3095,3100,0.0038860103626943
"13004","13004",5845,5857,6957,0.190248075278015
"13005","13005",6493,5492,5478,-0.156322193131064
"13006","13006",4378,4543,3952,-0.0973047053449063
"13007","13007",1441,1441,1424,-0.0117973629424011
"17468","17468",1441,1441,1424,-0.0117973629424011
"13008","13008",1896,1898,1959,0.0332278481012658
"13009","13009",3273,3268,3286,0.00397189123128628
"13010","13010",5327,5319,5301,-0.00488079594518491
"13011","13011",4778,5616,5000,0.0464629552113855
"13012","13012",7283,7527,10367,0.423451874227653
"13013","13013",1313,1313,1238,-0.0571210967250571
"17072","17072",1313,1313,1238,-0.0571210967250571
"13014","13014",2594,2598,2797,0.0782575173477255
"13015","13015",6018,6006,7193,0.195247590561648
"13016","13016",7600,7605,7610,0.00131578947368421
"13017","13017",2886,2832,2627,-0.0897435897435897
"13018","13018",7866,8528,5959,-0.242435799644038
"13019","13019",3266,3164,3077,-0.0578689528475199
"13020","13020",5131,5127,5209,0.0152017150652894
"13022","13022",2859,2876,2100,-0.265477439664218
"13023","13023",2974,2827,2733,-0.0810356422326833
"13024","13024",2060,2052,1873,-0.0907766990291262
"13025","13025",6203,7343,6527,0.0522327905852007
"13027","13027",2192,2285,2241,0.0223540145985401
"13028","13028",3794,3797,3775,-0.00500790722192936
"13029","13029",2287,2287,2686,0.174464363795365
"13032","13032",1601,1667,1778,0.110555902560899
"13033","13033",3222,3237,2978,-0.0757293606455618
"13034","13034",9700,10011,7425,-0.234536082474227
"13035","13035",3663,2960,2972,-0.188643188643189
"13036","13036",4996,5212,4211,-0.157125700560448
"13037","13037",2365,2358,2575,0.0887949260042283
"13039","13039",4343,4304,4102,-0.055491595671195
"13040","13040",5428,5267,5215,-0.039240972733972
"13041","13041",3161,3379,3421,0.0822524517557735
"13042","13042",5361,5638,6200,0.156500652863272
"13044","13044",1359,1444,1442,0.061074319352465
"13045","13045",1913,1993,1974,0.0318870883429169
"13046","13046",1189,1183,1233,0.0370058873002523
"13047","13047",5038,4863,4211,-0.164152441445018
"13048","13048",6547,6507,6375,-0.0262715747670689
"13049","13049",1834,1858,1603,-0.125954198473282
"13050","13050",2850,2308,2344,-0.177543859649123
"13051","13051",1840,1792,1806,-0.0184782608695652
"13052","13052",5638,7220,5086,-0.0979070592408656
"13054","13054",4166,3728,3709,-0.109697551608257
"13056","13056",3890,3890,3532,-0.0920308483290488
"13058","13058",2165,2165,2163,-0.00092378752886836
"13060","13060",2557,2557,2557,0
"13061","13061",1979,2045,1408,-0.288529560384032
"13062","13062",4162,3666,4028,-0.0321960595867371
"13064","13064",1870,1870,2038,0.0898395721925134
"13065","13065",6253,8141,7290,0.165840396609627
"13067","13067",2332,2336,1819,-0.219982847341338
"13069","13069",2042,2040,1960,-0.0401567091087169
"13071","13071",5184,5151,3785,-0.269868827160494
"13073","13073",7984,7159,6236,-0.218937875751503
"13074","13074",2693,2693,2675,-0.00668399554400297
"13075","13075",1713,1560,1656,-0.0332749562171629
"13076","13076",5628,4414,4497,-0.200959488272921
"13078","13078",2369,2369,2372,0.00126635711270578
"14081","14081",2369,2369,2372,0.00126635711270578
"13079","13079",10510,11054,8988,-0.144814462416746
"13080","13080",2410,2412,2355,-0.0228215767634855
"13081","13081",2804,2806,2828,0.00855920114122682
"15489","15489",2804,2806,2828,0.00855920114122682
"13082","13082",1276,1248,1277,0.000783699059561128
"13083","13083",4128,4251,3867,-0.0632267441860465
"13084","13084",2734,2738,2433,-0.110095098756401
"13085","13085",2640,2711,2669,0.0109848484848485
"13086","13086",3629,3607,3681,0.0143290162579223
"13087","13087",1559,1397,1360,-0.127645926876203
"13088","13088",3332,3331,3060,-0.0816326530612245
"13089","13089",3074,2774,2436,-0.207547169811321
"13090","13090",2599,2598,2659,0.0230858022316275
"13091","13091",11255,11359,11334,0.00701910262105731
"13092","13092",4726,4657,4601,-0.0264494286923402
"13093","13093",2269,2269,2527,0.113706478624945
"16845","16845",2269,2269,2527,0.113706478624945
"13094","13094",3221,3168,3302,0.0251474697298975
"13096","13096",3896,3922,3916,0.00513347022587269
"13097","13097",4389,5030,4494,0.0239234449760766
"13098","13098",6140,6431,6681,0.0881107491856677
"13099","13099",4400,4725,4517,0.0265909090909091
"13100","13100",6990,6906,7041,0.00729613733905579
"13102","13102",4150,3990,3844,-0.0737349397590361
"13103","13103",4895,4987,4795,-0.0204290091930541
"13104","13104",2164,2174,2481,0.146487985212569
"13105","13105",2760,2760,2329,-0.156159420289855
"13106","13106",11042,11571,7640,-0.308096359355189
"13107","13107",4114,4670,3712,-0.0977151191054934
"13108","13108",3974,4024,3974,0
"13109","13109",5501,5506,5868,0.066715142701327
"13110","13110",4218,4345,4329,0.0263157894736842
"13112","13112",3485,3497,3472,-0.00373027259684362
"13113","13113",3954,3954,3786,-0.0424886191198786
"14255","14255",3954,3954,3786,-0.0424886191198786
"18982","18982",3954,3954,3786,-0.0424886191198786
"13114","13114",1972,1972,1906,-0.0334685598377282
"13115","13115",3949,3949,2741,-0.305900227905799
"13116","13116",5142,5207,4540,-0.1170750680669
"13118","13118",2601,2575,2515,-0.0330642060745867
"13119","13119",3260,3240,3576,0.0969325153374233
"13120","13120",3988,4505,4538,0.137913741223671
"13121","13121",3042,3043,2883,-0.0522682445759369
"13123","13123",3186,3311,3493,0.0963590709353421
"13124","13124",2389,2378,2692,0.12683131017162
"13125","13125",5790,5854,5720,-0.0120898100172712
"13126","13126",4553,5106,4090,-0.10169119262025
"13127","13127",3425,3756,3700,0.0802919708029197
"13128","13128",3059,3070,2149,-0.297482837528604
"13129","13129",4326,5861,4251,-0.0173370319001387
"13130","13130",3610,3786,3808,0.0548476454293629
"13131","13131",1538,1314,1322,-0.140442132639792
"16081","16081",1538,1314,1322,-0.140442132639792
"18899","18899",1538,1314,1322,-0.140442132639792
"13132","13132",911,911,918,0.00768386388583974
"13133","13133",3850,3850,3921,0.0184415584415584
"13134","13134",2791,2791,2775,-0.00573271228950197
"13135","13135",4585,4578,3923,-0.144383860414395
"13136","13136",3299,3299,3307,0.00242497726583813
"13137","13137",5506,5539,5395,-0.0201598256447512
"13138","13138",1593,1597,1583,-0.00627746390458255
"14408","14408",1593,1597,1583,-0.00627746390458255
"13139","13139",4126,4001,4350,0.0542898691226369
"13140","13140",6171,6127,4941,-0.19931939718036
"13141","13141",5856,5280,4909,-0.161714480874317
"13143","13143",2766,2766,2713,-0.0191612436731743
"13144","13144",1684,1673,1653,-0.0184085510688836
"13145","13145",3673,3628,2781,-0.242853253471277
"13146","13146",6301,6609,6308,0.00111093477225837
"13147","13147",3819,3774,3793,-0.00680806493846557
"13148","13148",6738,6956,7264,0.0780647076283764
"13149","13149",5215,5237,5031,-0.0352828379674017
"13150","13150",3935,3959,4013,0.0198221092757306
"16673","16673",3935,3959,4013,0.0198221092757306
"13151","13151",6261,6132,6252,-0.00143747005270724
"13152","13152",1389,1391,1892,0.362131029517639
"13153","13153",4285,4115,4099,-0.0434072345390898
"13154","13154",3028,3028,3019,-0.00297225891677675
"13156","13156",6799,7333,7625,0.121488454184439
"13157","13157",1746,1726,1807,0.0349369988545246
"13158","13158",9306,9697,9806,0.0537287771330325
"13159","13159",1853,1852,1846,-0.00377765785213168
"13160","13160",2230,2251,2782,0.247533632286996
"13161","13161",2823,2827,2857,0.0120439249025859
"13162","13162",4021,4055,4055,0.00845560805769709
"13163","13163",2590,2589,2533,-0.022007722007722
"13164","13164",2908,2865,2881,-0.00928473177441541
"13165","13165",2829,2830,2310,-0.183457051961824
"13167","13167",4469,4423,4119,-0.0783172969344372
"13168","13168",1511,1511,1163,-0.230311052283256
"13169","13169",2303,2303,2614,0.13504125054277
"13170","13170",3196,4080,2977,-0.068523153942428
"13171","13171",4435,3988,3128,-0.294701240135287
"13172","13172",3134,3149,3163,0.00925335035098915
"13173","13173",3918,3898,3785,-0.0339458907605921
"13174","13174",3913,3537,2904,-0.257858420649118
"13175","13175",1898,1898,1868,-0.0158061116965227
"13176","13176",1239,1331,1286,0.0379338175948345
"13177","13177",2081,2081,2093,0.00576645843344546
"13178","13178",5831,5576,5531,-0.051449151089007
"13179","13179",4619,4634,3684,-0.202424767265642
"16561","16561",4619,4634,3684,-0.202424767265642
"13180","13180",3208,3206,3354,0.0455112219451372
"13181","13181",3467,3534,3268,-0.0573983270839342
"13182","13182",1215,1203,1687,0.388477366255144
"13184","13184",5059,5366,5227,0.0332081439019569
"13185","13185",2361,2361,2546,0.0783566285472257
"13186","13186",1618,1578,1394,-0.138442521631644
"13187","13187",6006,6046,8200,0.365301365301365
"13188","13188",2361,2387,2473,0.047437526471834
"13189","13189",1585,1534,1557,-0.0176656151419558
"13190","13190",2291,2289,2552,0.113924050632911
"13191","13191",976,1001,1002,0.0266393442622951
"13192","13192",3338,3331,3268,-0.0209706411024566
"13193","13193",3272,3304,3254,-0.00550122249388753
"13194","13194",3379,3383,3686,0.0908552826279964
"13195","13195",3087,3010,2999,-0.0285066407515387
"13196","13196",9684,9700,8529,-0.119268897149938
"13197","13197",3800,3731,3543,-0.0676315789473684
"13198","13198",5647,6854,4678,-0.171595537453515
"13199","13199",2498,2327,2102,-0.158526821457166
"17643","17643",2498,2327,2102,-0.158526821457166
"13200","13200",2615,2615,2419,-0.0749521988527725
"13201","13201",2579,2564,2626,0.0182241178751454
"13575","13575",2579,2564,2626,0.0182241178751454
"13202","13202",1352,1128,1148,-0.150887573964497
"15126","15126",1352,1128,1148,-0.150887573964497
"13203","13203",8483,9324,7285,-0.141223623718024
"13204","13204",3653,3217,3479,-0.0476320832192718
"13206","13206",2984,3205,3287,0.101541554959786
"13207","13207",2188,2153,2331,0.0653564899451554
"13208","13208",2380,2374,1677,-0.295378151260504
"13209","13209",1793,1771,1686,-0.0596765197992192
"13210","13210",4165,4432,4194,0.00696278511404562
"13211","13211",3195,3192,2926,-0.0841940532081377
"19601","19601",3195,3192,2926,-0.0841940532081377
"13212","13212",2708,2671,2545,-0.060192023633678
"13213","13213",3291,3287,3315,0.0072926162260711
"13214","13214",896,896,1054,0.176339285714286
"13216","13216",1501,1626,1575,0.0493004663557628
"17883","17883",1501,1626,1575,0.0493004663557628
"13218","13218",1893,1802,1645,-0.131008980454305
"13219","13219",3512,3515,3680,0.0478359908883827
"13220","13220",3518,3433,2191,-0.377202956225128
"13221","13221",3505,3505,3525,0.00570613409415121
"13223","13223",2124,2130,2053,-0.0334274952919021
"13225","13225",4188,4201,4230,0.0100286532951289
"13227","13227",4042,3948,3745,-0.0734784760019792
"13228","13228",5606,5614,6207,0.107206564395291
"13229","13229",3850,3850,5804,0.507532467532468
"13230","13230",1400,1218,920,-0.342857142857143
"13231","13231",3327,3308,2970,-0.107303877366997
"13232","13232",7328,7727,6646,-0.0930676855895197
"13233","13233",1302,1302,1203,-0.076036866359447
"13240","13240",1302,1302,1203,-0.076036866359447
"13234","13234",2773,2772,2743,-0.0108186080057699
"13235","13235",7070,7056,3977,-0.437482319660537
"13236","13236",7393,7400,6992,-0.0542404977681591
"13237","13237",6330,5204,4820,-0.238546603475513
"13238","13238",3410,2923,2898,-0.150146627565982
"13239","13239",7228,7073,7472,0.0337576092971776
"13241","13241",3186,3188,3379,0.0605775266792216
"13242","13242",2370,2370,2275,-0.040084388185654
"13245","13245",3978,3975,3749,-0.0575666163901458
"13249","13249",5309,5324,5034,-0.0517988321717838
"13250","13250",4604,3249,3250,-0.294092093831451
"13251","13251",1123,1218,972,-0.134461264470169
"13252","13252",2095,2272,1975,-0.0572792362768496
"13253","13253",7017,7008,5778,-0.176571184266781
"13254","13254",10869,12154,10229,-0.0588830619192198
"13255","13255",3792,3847,3523,-0.0709388185654008
"13256","13256",2686,2682,1833,-0.317572598659717
"13257","13257",4564,4568,3848,-0.156879929886065
"13258","13258",4528,4687,4071,-0.100927561837456
"13260","13260",3825,3706,3706,-0.0311111111111111
"13262","13262",6321,6321,6329,0.001265622528081
"13264","13264",1267,1267,1283,0.0126282557221784
"13265","13265",2647,2523,2634,-0.00491122024933887
"13267","13267",1957,1987,2050,0.0475217169136433
"13268","13268",9887,9872,7373,-0.254273288156165
"13269","13269",7257,7405,7327,0.00964585917045611
"13270","13270",5160,5312,4633,-0.102131782945736
"13272","13272",8104,8041,7924,-0.0222112537018756
"13273","13273",1447,1454,1481,0.0234968901174845
"16757","16757",1447,1454,1481,0.0234968901174845
"13274","13274",3125,3142,3866,0.23712
"13275","13275",8666,7530,7662,-0.11585506577429
"13276","13276",1855,1841,1939,0.0452830188679245
"13277","13277",2472,2467,2557,0.0343851132686084
"13279","13279",3369,3369,3442,0.0216681507865836
"13280","13280",2888,3206,2642,-0.0851800554016621
"13281","13281",3914,3906,3182,-0.187020950434338
"13282","13282",1863,1865,1864,0.000536768652710682
"13283","13283",1237,1237,1032,-0.165723524656427
"14307","14307",1237,1237,1032,-0.165723524656427
"13284","13284",2753,2758,3102,0.126770795495823
"13285","13285",4321,4117,3449,-0.201805137699607
"13286","13286",1669,1128,1829,0.0958657878969443
"13287","13287",2249,2249,2167,-0.0364606491774122
"13289","13289",1176,1164,1168,-0.00680272108843537
"13290","13290",3259,3261,3198,-0.0187173979748389
"18084","18084",3259,3261,3198,-0.0187173979748389
"13291","13291",5097,5066,5221,0.0243280360996665
"13292","13292",1592,1592,1593,0.000628140703517588
"13518","13518",1592,1592,1593,0.000628140703517588
"13293","13293",5208,4849,5259,0.0097926267281106
"13294","13294",2329,2029,2764,0.186775440103049
"13295","13295",1742,1692,1847,0.0602755453501722
"13296","13296",5489,6788,5310,-0.032610675897249
"13297","13297",4183,4182,4169,-0.00334688022950036
"13298","13298",8543,8853,8606,0.00737445862109329
"13300","13300",2659,2659,2663,0.00150432493418578
"13301","13301",5905,7812,7903,0.338357324301439
"13302","13302",6125,6164,6264,0.0226938775510204
"13303","13303",1337,1344,1352,0.0112191473448018
"13304","13304",3970,4068,3888,-0.0206549118387909
"13305","13305",1200,1204,1198,-0.00166666666666667
"18231","18231",1200,1204,1198,-0.00166666666666667
"13306","13306",6783,6769,6524,-0.0381836945304438
"13307","13307",3428,3427,3706,0.0810968494749125
"13308","13308",8603,9920,9828,0.142392188771359
"13309","13309",2633,2537,2702,0.0262058488416255
"13310","13310",6479,6504,6389,-0.0138910325667541
"13311","13311",6359,6107,6136,-0.0350684069822299
"13312","13312",6307,6370,6507,0.0317107975265578
"13313","13313",8802,8797,9101,0.0339695523744604
"13314","13314",903,903,1279,0.416389811738649
"13315","13315",5071,5094,4024,-0.206468152238217
"13316","13316",1925,1925,2006,0.0420779220779221
"13317","13317",3129,3165,2602,-0.168424416746564
"13318","13318",3341,3056,3218,-0.0368153247530679
"13319","13319",6593,6796,6629,0.00546033672076445
"13320","13320",2862,3000,2729,-0.046470999301188
"13321","13321",1555,1614,1555,0
"13322","13322",4971,5128,4083,-0.178636089318045
"13323","13323",3327,3327,2705,-0.186955214908326
"13324","13324",865,865,865,0
"13325","13325",2886,2904,2755,-0.0453915453915454
"13326","13326",8309,8315,7142,-0.140450114333855
"13327","13327",3605,3487,4037,0.119833564493759
"13328","13328",3195,3112,3271,0.0237871674491393
"13329","13329",3603,3604,3604,0.000277546489036914
"13330","13330",3751,3698,3572,-0.0477206078379099
"13331","13331",7422,7542,6654,-0.103476151980598
"13332","13332",3377,3331,3364,-0.00384957062481492
"13333","13333",2161,2161,2521,0.16658954187876
"13335","13335",664,664,674,0.0150602409638554
"13336","13336",8616,8583,5804,-0.326369545032498
"13337","13337",1473,1470,1549,0.0515953835709437
"13338","13338",4564,4564,4253,-0.0681419807186678
"13339","13339",3482,3484,6162,0.769672601952901
"13341","13341",4167,4135,3732,-0.104391648668107
"13342","13342",2224,2076,2129,-0.0427158273381295
"13343","13343",1827,1332,1637,-0.103995621237001
"13344","13344",2092,2113,2202,0.0525812619502868
"13345","13345",2421,2707,2464,0.0177612556794713
"13346","13346",1362,1363,1090,-0.199706314243759
"13347","13347",3294,3308,2689,-0.183667273831208
"13348","13348",3839,3824,3894,0.0143266475644699
"13349","13349",3993,3970,3969,-0.00601051840721262
"13350","13350",4917,4926,3629,-0.261948342485255
"13352","13352",6508,6217,6409,-0.0152120467117394
"13353","13353",3102,3006,2956,-0.0470664087685364
"13354","13354",3305,3271,3468,0.0493192133131619
"13355","13355",2388,2148,2145,-0.101758793969849
"13356","13356",3209,3298,3248,0.0121533187909006
"13357","13357",5983,6065,7022,0.173658699649006
"13358","13358",1303,1293,1301,-0.00153491941673062
"13359","13359",5362,5321,3416,-0.362924281984334
"13360","13360",2510,2515,2648,0.0549800796812749
"19181","19181",2510,2515,2648,0.0549800796812749
"13361","13361",4115,4100,3737,-0.0918590522478736
"13362","13362",1485,1508,1591,0.0713804713804714
"13363","13363",1905,1820,1931,0.0136482939632546
"13364","13364",1213,1275,1277,0.0527617477328937
"13365","13365",4504,4337,4588,0.0186500888099467
"13366","13366",1401,1401,1475,0.052819414703783
"13367","13367",4089,3439,3523,-0.138420151626314
"13368","13368",2290,2135,2129,-0.0703056768558952
"13369","13369",879,879,813,-0.0750853242320819
"13370","13370",8262,8341,7495,-0.0928346647300896
"13371","13371",1857,1809,1861,0.00215401184706516
"13372","13372",3995,3635,3759,-0.0590738423028786
"13373","13373",7506,7589,7631,0.0166533439914735
"13374","13374",2327,2325,2346,0.0081650193382037
"13375","13375",4585,4582,4529,-0.0122137404580153
"13376","13376",2219,2220,2729,0.229833258224425
"13377","13377",2040,2009,1952,-0.0431372549019608
"13378","13378",1343,1260,1221,-0.0908413998510797
"13379","13379",3525,3527,3001,-0.148652482269504
"13380","13380",8504,9046,7914,-0.069379115710254
"13381","13381",1387,1390,1398,0.00793078586878154
"13382","13382",2645,2633,2715,0.0264650283553875
"13384","13384",1826,1942,1829,0.00164293537787514
"13385","13385",1431,883,649,-0.546470999301188
"13386","13386",2169,2173,1885,-0.13093591516828
"18608","18608",2169,2173,1885,-0.13093591516828
"13387","13387",5205,5086,4947,-0.0495677233429395
"13389","13389",3924,3829,3852,-0.018348623853211
"13390","13390",3009,2892,2906,-0.034230641409106
"13391","13391",5093,5544,4737,-0.06989986255645
"13393","13393",5985,5453,6506,0.0870509607351713
"13394","13394",4464,4393,4424,-0.00896057347670251
"13395","13395",4504,4538,4508,0.00088809946714032
"13396","13396",3632,3641,3551,-0.0223017621145374
"13398","13398",6254,6169,4989,-0.202270546850016
"13399","13399",5415,5428,5001,-0.0764542936288089
"13400","13400",9626,9635,8739,-0.0921462705173488
"13401","13401",6108,5223,4942,-0.190897184020956
"13403","13403",1468,1468,1610,0.0967302452316076
"13404","13404",2186,2185,2240,0.0247026532479414
"13405","13405",2957,2948,3470,0.173486641866757
"13406","13406",2383,2276,2386,0.00125891733109526
"13407","13407",3365,3273,3019,-0.102823179791976
"13408","13408",3372,3096,3175,-0.0584223013048636
"13409","13409",6509,6493,5997,-0.0786603164848671
"13410","13410",4443,4254,4415,-0.00630204816565384
"13411","13411",2874,2832,2578,-0.102992345163535
"13412","13412",2166,2166,2288,0.0563250230840259
"13413","13413",2143,2164,2144,0.000466635557629491
"13415","13415",2615,2611,3845,0.470363288718929
"13416","13416",2044,2043,1945,-0.0484344422700587
"13417","13417",2595,2964,2963,0.141811175337187
"13418","13418",4506,4552,4646,0.0310696848646249
"13419","13419",3300,3302,3111,-0.0572727272727273
"13420","13420",824,940,940,0.140776699029126
"13421","13421",2450,2453,2448,-0.000816326530612245
"13422","13422",6566,6408,5514,-0.160219311605239
"13423","13423",5428,4954,3403,-0.373065585851142
"13425","13425",1251,1240,1559,0.246203037569944
"18570","18570",1251,1240,1559,0.246203037569944
"13426","13426",4451,4274,3735,-0.160862727476971
"13428","13428",11842,12692,10919,-0.0779429150481338
"13429","13429",1524,1524,1655,0.0859580052493438
"13430","13430",5548,7011,7199,0.297584715212689
"13431","13431",1888,2161,2403,0.272775423728814
"13432","13432",5265,5230,5696,0.0818613485280152
"13433","13433",11995,12130,11937,-0.00483534806169237
"13435","13435",3084,3025,2645,-0.142347600518807
"13436","13436",2148,2149,1985,-0.0758845437616387
"13437","13437",1963,1960,2318,0.180845644421803
"13438","13438",3241,3343,2941,-0.0925640234495526
"13439","13439",7720,7836,7714,-0.00077720207253886
"13440","13440",2389,2209,3249,0.359983256592717
"13441","13441",2361,2354,2547,0.0787801778907243
"13442","13442",1856,1856,1858,0.00107758620689655
"13443","13443",2457,3079,2453,-0.00162800162800163
"13444","13444",3391,3378,3431,0.0117959304040106
"13445","13445",8895,9002,9304,0.0459808881394042
"13446","13446",3629,3689,3551,-0.0214935243868834
"13447","13447",3234,5441,4778,0.477427334570192
"13448","13448",5691,5608,4425,-0.222456510279389
"13449","13449",5843,5854,5042,-0.137087112784529
"13450","13450",1929,1929,2248,0.165370658372214
"13451","13451",1862,1866,2109,0.13265306122449
"13452","13452",3961,3501,3556,-0.10224690734663
"13453","13453",2897,2813,2210,-0.237141870900932
"13454","13454",2841,2854,2491,-0.123196057726153
"13455","13455",7630,7811,7367,-0.0344692005242464
"13456","13456",2274,2018,2213,-0.0268249780123131
"13458","13458",2393,2080,2500,0.0447137484329294
"13459","13459",2747,2745,1836,-0.331634510374955
"13460","13460",7485,6896,6795,-0.0921843687374749
"13461","13461",2521,2530,2655,0.0531535105117017
"13462","13462",3437,2491,2699,-0.214722141402386
"13463","13463",4675,4659,4261,-0.0885561497326203
"18515","18515",4675,4659,4261,-0.0885561497326203
"13464","13464",9503,9486,8582,-0.0969167631274334
"13465","13465",2784,2800,2372,-0.147988505747126
"13466","13466",3911,4002,4052,0.0360521605727435
"13467","13467",5872,5854,5926,0.00919618528610354
"13469","13469",2156,2070,2184,0.012987012987013
"13470","13470",6352,6346,6243,-0.0171599496221662
"13471","13471",4954,3668,4971,0.00343157044812273
"13472","13472",3735,3432,2896,-0.224631860776439
"13473","13473",4669,4681,4453,-0.0462625829942172
"13474","13474",3416,3528,3445,0.00848946135831382
"13475","13475",8893,8952,8955,0.00697177555380636
"13476","13476",5223,5223,4736,-0.09324143212713
"13477","13477",4028,4337,3746,-0.0700099304865938
"13478","13478",2547,2617,3128,0.228111503729878
"13479","13479",4085,4088,3993,-0.0225214198286414
"13480","13480",5149,5109,5151,0.000388424936880948
"13481","13481",2140,2140,2233,0.0434579439252336
"13482","13482",2379,2549,2327,-0.0218579234972678
"13483","13483",2055,2025,2130,0.0364963503649635
"13484","13484",3313,3313,3461,0.0446725022638092
"13485","13485",4909,4912,5325,0.0847423100427786
"13486","13486",2512,2371,2899,0.15406050955414
"13487","13487",1316,1282,1247,-0.0524316109422492
"13488","13488",2445,2454,2282,-0.0666666666666667
"13490","13490",5145,5104,4533,-0.118950437317784
"13491","13491",7640,6953,5528,-0.276439790575916
"13492","13492",2457,2398,2484,0.010989010989011
"13493","13493",2051,2135,2577,0.256460263286202
"13494","13494",2238,2261,2233,-0.00223413762287757
"13495","13495",4288,4149,4292,0.000932835820895522
"13496","13496",2158,2158,2081,-0.0356811862835959
"13498","13498",3328,3365,3379,0.0153245192307692
"13499","13499",2475,2039,3377,0.364444444444444
"13500","13500",5591,7057,5336,-0.0456090144875693
"13501","13501",3772,3805,3588,-0.0487804878048781
"13502","13502",5220,4416,4316,-0.173180076628352
"13503","13503",1952,1948,1664,-0.147540983606557
"13504","13504",2835,2819,2898,0.0222222222222222
"18345","18345",2835,2819,2898,0.0222222222222222
"13505","13505",6711,6786,6167,-0.0810609447176278
"13506","13506",3415,3093,3024,-0.114494875549048
"13507","13507",3998,4245,6236,0.559779889944973
"13508","13508",6073,6078,6195,0.020088918162358
"13509","13509",1763,1764,1709,-0.0306296086216676
"13510","13510",2492,2492,2339,-0.0613964686998395
"13511","13511",1582,1630,1530,-0.0328697850821745
"13512","13512",3790,3808,3654,-0.0358839050131926
"13513","13513",2143,2162,2116,-0.0125991600559963
"13514","13514",4333,4333,4432,0.0228479113777983
"13516","13516",2616,2616,2616,0
"13517","13517",5235,5274,5715,0.0916905444126074
"13519","13519",4768,4897,4698,-0.0146812080536913
"13520","13520",1794,1873,1940,0.0813823857302118
"13521","13521",5372,4993,2543,-0.526619508562919
"13522","13522",4062,4062,3904,-0.0388970950270803
"13523","13523",3081,3029,3080,-0.000324569944823109
"13524","13524",2384,2498,2175,-0.0876677852348993
"13525","13525",1527,1517,1687,0.104780615586117
"13526","13526",2576,2580,2664,0.0341614906832298
"16063","16063",2576,2580,2664,0.0341614906832298
"13527","13527",1526,1596,2447,0.603538663171691
"13528","13528",6753,6566,6883,0.0192507033910854
"13529","13529",2868,2870,2593,-0.0958856345885635
"13530","13530",3588,3597,3444,-0.040133779264214
"13531","13531",1694,1727,1697,0.00177095631641086
"13532","13532",7902,7902,7828,-0.00936471779296381
"13533","13533",5340,5209,5355,0.00280898876404494
"13534","13534",1309,1315,1347,0.0290297937356761
"13535","13535",4819,5186,5371,0.11454658642872
"13536","13536",7091,7600,6890,-0.0283457904385841
"13538","13538",5074,4620,4678,-0.0780449349625542
"13539","13539",2739,2734,2570,-0.0617013508579774
"13540","13540",2611,2561,3294,0.261585599387208
"13542","13542",3409,2860,3521,0.0328542094455852
"13543","13543",2778,2339,2959,0.0651547876169906
"13544","13544",2135,2135,2055,-0.0374707259953162
"13545","13545",3384,3354,3456,0.0212765957446809
"13546","13546",1733,1733,1743,0.00577034045008656
"13548","13548",6404,6527,5946,-0.0715178013741412
"13549","13549",5727,5725,5167,-0.0977824340841627
"13550","13550",5589,5558,4165,-0.254786187153337
"13551","13551",6782,7300,6649,-0.0196107342966676
"13552","13552",8093,8093,7776,-0.0391696527863586
"13553","13553",6078,6284,6081,0.000493583415597236
"13554","13554",1975,1894,1904,-0.0359493670886076
"13555","13555",3105,3105,2792,-0.100805152979066
"13556","13556",4588,4574,4659,0.0154751525719268
"13557","13557",2505,2261,3613,0.442315369261477
"13558","13558",2706,2646,2643,-0.0232815964523282
"13559","13559",2028,2194,2244,0.106508875739645
"13560","13560",3638,3638,3637,-0.000274876305662452
"13561","13561",2043,2022,2030,-0.00636319138521782
"13562","13562",4075,4779,3340,-0.180368098159509
"13563","13563",1817,1816,1709,-0.0594386351128233
"13564","13564",5839,5371,5478,-0.0618256550779243
"13565","13565",4290,4286,3746,-0.126806526806527
"13566","13566",3605,3151,3409,-0.054368932038835
"13567","13567",4404,4106,3715,-0.156448683015441
"13568","13568",2891,2967,3027,0.0470425458318921
"13569","13569",3146,3433,3074,-0.0228862047043865
"13570","13570",3185,3186,2940,-0.0769230769230769
"13572","13572",7265,7274,7036,-0.0315209910529938
"13573","13573",5401,5401,5404,0.000555452693945566
"13574","13574",4390,4397,4127,-0.0599088838268793
"13576","13576",3742,2168,2187,-0.415553180117584
"13577","13577",3339,3336,3611,0.0814615154237796
"13578","13578",3906,4046,3585,-0.0821812596006144
"13579","13579",8021,7992,5180,-0.354195237501558
"13580","13580",9961,10150,10026,0.00652544925208312
"13582","13582",5169,5187,6254,0.209905204101374
"13583","13583",6934,7517,6763,-0.0246610902797808
"13584","13584",5453,4503,3800,-0.303135888501742
"13585","13585",6402,6394,6505,0.0160887222742893
"13586","13586",2193,2255,3612,0.647058823529412
"13587","13587",3371,3608,3609,0.0706021951943044
"13588","13588",2361,2501,2378,0.0072003388394748
"13589","13589",2609,2727,2723,0.0436949022614028
"13590","13590",3059,2822,2976,-0.0271330500163452
"13591","13591",3552,3527,3840,0.0810810810810811
"13592","13592",1640,1949,1209,-0.26280487804878
"13593","13593",3142,3142,3482,0.108211330362826
"13594","13594",4006,3311,3343,-0.165501747378932
"13595","13595",3839,3837,3571,-0.0698098463141443
"15465","15465",3839,3837,3571,-0.0698098463141443
"13596","13596",3377,3426,3551,0.0515250222090613
"13597","13597",4885,4920,4706,-0.0366427840327533
"13598","13598",3063,3066,3052,-0.00359125040809664
"13600","13600",1301,1262,1545,0.187548039969254
"13601","13601",5198,3891,3491,-0.328395536744902
"13602","13602",6321,6675,6447,0.0199335548172757
"13603","13603",4186,4186,4211,0.00597228858098423
"13604","13604",6018,5343,5063,-0.158690594882021
"13605","13605",4507,4518,3868,-0.141779454182383
"13607","13607",1421,1421,1434,0.0091484869809993
"13609","13609",2431,2006,2134,-0.122171945701357
"13610","13610",2086,1987,1972,-0.0546500479386385
"13611","13611",2202,2204,2166,-0.0163487738419619
"13612","13612",1271,1273,1369,0.0771046420141621
"16056","16056",1271,1273,1369,0.0771046420141621
"19418","19418",1271,1273,1369,0.0771046420141621
"13613","13613",1875,1766,1689,-0.0992
"13614","13614",1464,1451,1975,0.349043715846995
"13615","13615",1363,1366,1347,-0.0117388114453412
"14213","14213",1363,1366,1347,-0.0117388114453412
"13617","13617",4300,4282,2976,-0.307906976744186
"13618","13618",2192,2192,2192,0
"13619","13619",3585,3771,3726,0.0393305439330544
"13620","13620",2755,2751,2263,-0.178584392014519
"13621","13621",4686,4686,4967,0.0599658557405036
"13622","13622",9011,9069,8335,-0.0750194207080235
"13623","13623",2022,2022,2067,0.0222551928783383
"13624","13624",6256,6257,6216,-0.00639386189258312
"13625","13625",2420,2463,2751,0.136776859504132
"13626","13626",1562,1553,1783,0.141485275288092
"13627","13627",4484,4483,4173,-0.0693577163247101
"13628","13628",2235,2235,2036,-0.0890380313199105
"13629","13629",2841,3672,2816,-0.00879971840901091
"13630","13630",1701,1647,1767,0.0388007054673721
"13631","13631",4462,4445,4785,0.0723890632003586
"13632","13632",6460,6915,6923,0.071671826625387
"13634","13634",4002,3621,3796,-0.0514742628685657
"13635","13635",1882,2011,1928,0.024442082890542
"13637","13637",2494,2490,2566,0.028869286287089
"13638","13638",2132,2347,2385,0.118667917448405
"13641","13641",2750,2417,1971,-0.283272727272727
"13642","13642",12992,13240,11743,-0.0961360837438424
"13643","13643",4497,4324,4579,0.0182343784745386
"13644","13644",3827,3827,3849,0.00574862816827802
"13645","13645",2496,2493,2372,-0.0496794871794872
"13646","13646",3425,3153,3327,-0.0286131386861314
"13647","13647",2792,2691,2489,-0.10852435530086
"15066","15066",2792,2691,2489,-0.10852435530086
"13648","13648",2785,2785,2522,-0.0944344703770198
"13649","13649",6388,6342,3172,-0.503443957420163
"13650","13650",2502,2678,2300,-0.0807354116706635
"13651","13651",6701,8236,7706,0.149977615281301
"13652","13652",3489,3489,3481,-0.00229292060762396
"13656","13656",2673,2673,2743,0.0261878039655817
"13657","13657",7446,7415,6514,-0.125167875369326
"13658","13658",3738,3738,3410,-0.0877474585339754
"13659","13659",4557,4443,4747,0.0416940969936362
"13660","13660",1867,2043,1825,-0.0224959828602035
"13661","13661",4366,3146,3163,-0.275538250114521
"13662","13662",6976,6966,10216,0.464449541284404
"13663","13663",5764,5619,5794,0.00520471894517696
"13664","13664",1493,1318,1320,-0.115874079035499
"17335","17335",1493,1318,1320,-0.115874079035499
"13665","13665",7444,7997,6892,-0.0741536808167652
"13666","13666",5462,5324,10779,0.973452947638228
"13667","13667",2124,2117,2117,-0.00329566854990584
"13669","13669",12339,12336,11872,-0.037847475484237
"13670","13670",2609,2609,2823,0.0820237638942123
"13671","13671",2775,2778,3695,0.331531531531532
"13672","13672",3481,3426,3349,-0.0379201378914105
"13673","13673",5755,5769,5581,-0.0302345786272806
"13674","13674",2599,2596,2673,0.0284724894190073
"13675","13675",7682,7658,11264,0.466284821661026
"13676","13676",3734,3573,3639,-0.0254418853776111
"13677","13677",6378,6260,5846,-0.0834117278143619
"13678","13678",1041,1048,1087,0.0441882804995197
"16138","16138",1041,1048,1087,0.0441882804995197
"13679","13679",6922,6922,6853,-0.00996821727824328
"13680","13680",1509,1329,1581,0.047713717693837
"13681","13681",4373,4672,4569,0.0448204893665676
"13682","13682",6131,6130,6008,-0.0200619801011254
"13683","13683",3226,2780,2774,-0.140111593304402
"13684","13684",1591,1839,1833,0.152105593966059
"13685","13685",2248,2009,2095,-0.0680604982206406
"13687","13687",3114,2705,2956,-0.0507385998715479
"13688","13688",8137,8108,7995,-0.0174511490721396
"13690","13690",2605,2020,2960,0.136276391554703
"13691","13691",2743,2753,2563,-0.0656215822092599
"13692","13692",2276,2276,2140,-0.0597539543057996
"13693","13693",4615,4642,4654,0.00845070422535211
"13694","13694",1786,1795,1825,0.0218365061590146
"13695","13695",1837,1855,1821,-0.00870985302123027
"13696","13696",9951,10695,9804,-0.0147723846849563
"13697","13697",1861,1861,2455,0.319183234819989
"13698","13698",12289,12580,9551,-0.22280087883473
"13699","13699",2226,2216,2334,0.0485175202156334
"13700","13700",3046,3049,3059,0.00426789231779383
"13701","13701",6615,6747,6860,0.037037037037037
"13703","13703",6890,6902,7109,0.0317851959361393
"13704","13704",5268,5267,5240,-0.00531511009870919
"13705","13705",6238,6243,6121,-0.0187560115421609
"13706","13706",2504,2241,2032,-0.188498402555911
"13707","13707",8994,8846,9302,0.0342450522570603
"13708","13708",3778,3706,3680,-0.0259396506087877
"13709","13709",5452,5003,4414,-0.190388848129127
"13710","13710",2543,2137,2033,-0.200550530869052
"17068","17068",2543,2137,2033,-0.200550530869052
"13711","13711",1345,1350,1411,0.0490706319702602
"13712","13712",7509,6922,5912,-0.212678119589826
"13714","13714",1957,1957,1944,-0.00664282064384262
"13715","13715",3302,3223,3449,0.0445184736523319
"13716","13716",3207,3203,3197,-0.00311817898347365
"13717","13717",4510,4704,4552,0.00931263858093126
"13718","13718",2293,2316,2619,0.14217182730048
"13719","13719",3469,3504,3198,-0.0781204958201211
"13720","13720",3062,3258,2870,-0.0627041149575441
"13721","13721",10538,10468,10592,0.00512431201366483
"13722","13722",8995,8960,8867,-0.0142301278488049
"13723","13723",1975,1894,1918,-0.0288607594936709
"13724","13724",4335,4840,4120,-0.04959630911188
"13725","13725",3741,3738,3819,0.020850040096231
"13726","13726",10617,11036,10646,0.00273146839973627
"13727","13727",2813,2843,2783,-0.0106647707074298
"13728","13728",7886,8467,7493,-0.0498351509003297
"13729","13729",4093,4245,4188,0.0232103591497679
"13730","13730",3255,2723,2975,-0.0860215053763441
"13731","13731",3751,3751,3863,0.0298587043455079
"13733","13733",4749,4544,4549,-0.0421141292903769
"13734","13734",2120,2120,2045,-0.035377358490566
"13735","13735",4033,4910,5139,0.274237540292586
"13736","13736",2994,3004,3108,0.0380761523046092
"14889","14889",2994,3004,3108,0.0380761523046092
"13737","13737",2971,2685,2680,-0.0979468192527768
"13738","13738",3057,3072,2919,-0.0451422963689892
"13739","13739",3624,3632,3249,-0.103476821192053
"13740","13740",3707,3530,3560,-0.0396547073104937
"13741","13741",8331,8445,8654,0.0387708558396351
"13742","13742",3133,2987,3260,0.040536227258219
"13743","13743",2653,2453,2454,-0.0750094232943837
"13745","13745",1676,1698,1605,-0.04236276849642
"13746","13746",5098,5035,4941,-0.0307963907414672
"13747","13747",11935,12962,12332,0.0332635106828655
"13748","13748",1604,1874,1487,-0.0729426433915212
"13749","13749",5724,5999,5950,0.0394828791055206
"13751","13751",2435,2436,2401,-0.0139630390143737
"13752","13752",3270,3258,3269,-0.000305810397553517
"13753","13753",4951,4715,4602,-0.0704908099373864
"13755","13755",1713,1681,1674,-0.0227670753064799
"13756","13756",4503,4816,4919,0.0923828558738619
"13757","13757",6135,8026,7059,0.150611246943765
"13758","13758",6503,6131,5338,-0.179148085499
"13759","13759",1447,1504,1432,-0.0103662750518314
"13760","13760",9379,9917,9350,-0.0030920140739951
"13761","13761",971,971,1217,0.253347064881565
"14954","14954",971,971,1217,0.253347064881565
"13762","13762",6372,6361,4401,-0.309322033898305
"13763","13763",3851,3816,3802,-0.0127239678005713
"13764","13764",2454,2429,2260,-0.0790546047269764
"13765","13765",7017,7023,4806,-0.315091919623771
"13766","13766",810,673,585,-0.277777777777778
"13767","13767",7674,7507,7658,-0.00208496221005994
"13768","13768",2317,2317,2314,-0.00129477772982305
"13770","13770",2790,2639,2557,-0.0835125448028674
"13771","13771",3763,3985,4024,0.0693595535477013
"13774","13774",2629,2668,2789,0.0608596424496006
"13775","13775",4593,4737,4520,-0.0158937513607664
"13776","13776",4775,4484,4477,-0.0624083769633508
"13777","13777",6725,6699,6568,-0.0233457249070632
"13778","13778",6168,6322,6429,0.0423151750972763
"13779","13779",5397,5530,5446,0.00907911802853437
"13780","13780",2158,2160,2267,0.0505097312326228
"15269","15269",2158,2160,2267,0.0505097312326228
"13781","13781",2663,2655,2525,-0.0518212542245588
"13782","13782",4243,4243,4704,0.108649540419514
"13783","13783",2972,2972,3785,0.273553162853297
"13784","13784",2921,2921,2845,-0.0260184868195823
"13785","13785",2039,1740,1592,-0.21922511034821
"13786","13786",1076,1097,856,-0.204460966542751
"19540","19540",1076,1097,856,-0.204460966542751
"13787","13787",3996,2460,2471,-0.381631631631632
"13788","13788",3269,3264,3265,-0.00122361578464362
"13790","13790",3602,3506,3437,-0.0458078845086063
"13791","13791",2515,2463,2673,0.0628230616302187
"13792","13792",3071,3071,3494,0.137740149788343
"13793","13793",7714,6942,6653,-0.137542131190044
"13794","13794",3755,4327,3376,-0.100932090545939
"13795","13795",5107,5115,5048,-0.0115527707068729
"13796","13796",2272,2272,3933,0.731073943661972
"13797","13797",3013,3013,3020,0.00232326584799203
"13798","13798",3086,2685,2849,-0.076798444588464
"16259","16259",3086,2685,2849,-0.076798444588464
"13799","13799",7376,7753,8001,0.084734273318872
"13800","13800",3977,5125,3456,-0.131003268795575
"13801","13801",2262,1879,2005,-0.113616268788683
"17442","17442",2262,1879,2005,-0.113616268788683
"13802","13802",7028,6754,13577,0.931844052361981
"13803","13803",5599,5795,5707,0.0192891587783533
"13804","13804",6412,4965,5012,-0.218340611353712
"13807","13807",1812,1807,1800,-0.00662251655629139
"13809","13809",2295,2295,2308,0.00566448801742919
"13810","13810",6657,6014,5763,-0.134294727354664
"13812","13812",2127,2181,2299,0.0808650681711331
"13813","13813",871,874,1024,0.175660160734788
"16114","16114",871,874,1024,0.175660160734788
"13815","13815",3747,3747,3479,-0.0715238857752869
"13816","13816",4802,4664,4591,-0.0439400249895877
"13817","13817",7691,8025,6590,-0.14315433623716
"13818","13818",4014,4281,4125,0.0276532137518685
"13819","13819",1977,1991,2421,0.224582701062215
"13820","13820",2688,2687,2615,-0.0271577380952381
"13822","13822",1384,1398,1420,0.0260115606936416
"13823","13823",3346,3339,3357,0.00328750747160789
"13824","13824",4011,3717,3818,-0.0481176763899277
"13825","13825",2557,2545,2390,-0.0653109112240907
"13826","13826",3183,3714,2654,-0.166195413132265
"13827","13827",7627,7597,6940,-0.0900747344958699
"13828","13828",3031,3013,2488,-0.179148795776971
"13829","13829",3785,3785,3581,-0.0538969616908851
"13831","13831",6402,6408,6481,0.0123398937831928
"13832","13832",3278,3210,3245,-0.0100671140939597
"13833","13833",2522,2259,1826,-0.275971451229183
"16010","16010",2522,2259,1826,-0.275971451229183
"13834","13834",2451,2509,2494,0.0175438596491228
"13836","13836",1366,1585,1764,0.291361639824305
"13837","13837",3517,3517,3079,-0.124537958487347
"13838","13838",7308,7101,6177,-0.154761904761905
"13839","13839",2458,2461,2487,0.0117982099267697
"13840","13840",2001,1515,1497,-0.251874062968516
"13841","13841",4616,4520,4262,-0.0766897746967071
"13842","13842",4605,4338,3383,-0.265363735070575
"13843","13843",3087,3023,3356,0.0871396177518626
"13844","13844",4580,4296,3758,-0.179475982532751
"13845","13845",4587,4535,4614,0.00588620013080445
"13846","13846",6953,6921,6606,-0.0499065151733065
"13847","13847",3727,3086,3840,0.030319291655487
"13848","13848",4571,4545,4216,-0.0776635309560271
"13849","13849",2044,2245,1728,-0.154598825831703
"13851","13851",1569,1564,1560,-0.00573613766730402
"13852","13852",3335,3330,3283,-0.015592203898051
"13854","13854",5196,5084,4566,-0.121247113163972
"13855","13855",5877,7189,6753,0.149055640632976
"13856","13856",7524,7643,7572,0.00637958532695375
"13857","13857",2419,2454,2287,-0.0545680033071517
"13858","13858",10071,9814,13608,0.351206434316354
"13859","13859",9138,9221,9249,0.0121470781352594
"13860","13860",3809,3780,4473,0.174323969545813
"13861","13861",1976,2009,1758,-0.110323886639676
"13862","13862",3100,3099,3098,-0.000645161290322581
"13863","13863",3918,4062,3934,0.00408371618172537
"13864","13864",3343,3146,2887,-0.136404427161232
"17758","17758",3343,3146,2887,-0.136404427161232
"13865","13865",3659,3555,3880,0.0603990161246242
"13866","13866",8037,8929,7938,-0.0123180291153415
"13867","13867",7182,7159,7025,-0.0218602060707324
"13868","13868",2709,2709,3178,0.17312661498708
"13869","13869",1305,1305,1132,-0.132567049808429
"13870","13870",4335,2810,2829,-0.347404844290657
"13871","13871",1924,1904,2167,0.126299376299376
"13872","13872",3634,3625,4366,0.201430930104568
"13873","13873",1720,1720,2538,0.475581395348837
"13874","13874",2780,2783,2731,-0.0176258992805755
"13875","13875",1095,1094,1104,0.00821917808219178
"13876","13876",1980,1975,1831,-0.0752525252525253
"13877","13877",5541,5115,5166,-0.0676773145641581
"13878","13878",5412,5546,5555,0.0264227642276423
"13879","13879",2638,2396,1548,-0.413191811978772
"13880","13880",2973,2879,3468,0.166498486377397
"13881","13881",2706,2739,2627,-0.0291943828529194
"13882","13882",5217,5204,8114,0.555299980831896
"13883","13883",5462,5432,5201,-0.04778469425119
"13884","13884",1683,1683,1705,0.0130718954248366
"13885","13885",2505,2510,2279,-0.0902195608782435
"13886","13886",1347,1348,887,-0.341499628804751
"13887","13887",2256,2204,2224,-0.0141843971631206
"13888","13888",4656,4649,5409,0.161726804123711
"13889","13889",5505,5290,5913,0.0741144414168937
"13890","13890",3282,3282,3249,-0.010054844606947
"13891","13891",3252,3252,3035,-0.0667281672816728
"13892","13892",2009,2009,2128,0.0592334494773519
"13893","13893",5910,5791,4984,-0.15668358714044
"13894","13894",3733,3792,3808,0.0200910795606751
"13896","13896",13032,14707,11647,-0.106276856967465
"13897","13897",4050,5511,5582,0.378271604938272
"13899","13899",8140,8129,7313,-0.101597051597052
"16560","16560",8140,8129,7313,-0.101597051597052
"13902","13902",2291,2291,3368,0.470100392841554
"13903","13903",3976,4092,3411,-0.142102615694165
"13904","13904",5804,5740,5995,0.032908339076499
"13905","13905",2522,2525,2946,0.16812053925456
"13906","13906",4708,4313,4406,-0.0641461342395922
"13907","13907",1318,1282,1326,0.00606980273141123
"17414","17414",1318,1282,1326,0.00606980273141123
"13908","13908",2910,2615,2349,-0.192783505154639
"13909","13909",7570,7642,7173,-0.052443857331572
"13910","13910",2041,2041,2193,0.0744732974032337
"13912","13912",3710,3702,3573,-0.0369272237196765
"13914","13914",3171,2947,2885,-0.0901923683380637
"13915","13915",1138,1125,1221,0.0729349736379613
"13916","13916",4778,5025,4873,0.0198827961490163
"13917","13917",5224,4951,5279,0.0105283307810107
"13918","13918",2141,2142,1879,-0.122372723026623
"13919","13919",2695,2695,4701,0.744341372912801
"13921","13921",1888,1875,1914,0.013771186440678
"13922","13922",1848,1852,1675,-0.0936147186147186
"13923","13923",1014,1103,1619,0.596646942800789
"19759","19759",1014,1103,1619,0.596646942800789
"13924","13924",2801,2544,3634,0.297393787932881
"13925","13925",1978,1702,1564,-0.209302325581395
"13926","13926",3646,2952,2721,-0.253702687877126
"13928","13928",8551,8702,8185,-0.0428020114606479
"13929","13929",1989,1995,1756,-0.117144293614882
"13930","13930",8667,8691,8784,0.0134994807892004
"13931","13931",5131,5132,4879,-0.0491132332878581
"13932","13932",5779,5219,6142,0.0628136355770895
"13934","13934",6160,6159,6158,-0.000324675324675325
"13935","13935",7563,7544,7920,0.0472034906783023
"13936","13936",3147,1847,1581,-0.497616777883699
"13937","13937",4066,3570,3607,-0.112887358583374
"13938","13938",2073,2072,1901,-0.0829715388326097
"13940","13940",1358,1222,1207,-0.11119293078056
"19637","19637",1358,1222,1207,-0.11119293078056
"13941","13941",3937,3937,3866,-0.0180340360680721
"13942","13942",1447,2399,1665,0.150656530753283
"18993","18993",1447,2399,1665,0.150656530753283
"13943","13943",4538,4349,4078,-0.101366240634641
"13944","13944",3377,2790,2883,-0.146283683742967
"13945","13945",1775,1775,1958,0.103098591549296
"13946","13946",4204,4205,4232,0.00666032350142721
"13947","13947",8701,8960,9312,0.0702218135846454
"13948","13948",2476,2689,2484,0.00323101777059774
"13949","13949",1418,1411,1501,0.0585331452750353
"13950","13950",2550,2535,2822,0.106666666666667
"13952","13952",4725,4668,4340,-0.0814814814814815
"13953","13953",6001,6011,5112,-0.148141976337277
"13954","13954",2585,2587,2589,0.00154738878143133
"13955","13955",1282,1134,1131,-0.117784711388456
"13956","13956",2893,2872,3117,0.0774282751469063
"13957","13957",877,1105,1032,0.176738882554162
"13960","13960",5051,5021,3925,-0.222926153236983
"13961","13961",4216,4067,3854,-0.0858633776091082
"13962","13962",1731,1751,1362,-0.21317157712305
"13963","13963",5283,5264,5223,-0.0113571834185122
"13964","13964",4121,4343,5919,0.436301868478525
"13965","13965",2440,2316,2002,-0.179508196721311
"13966","13966",3172,3123,3076,-0.0302648171500631
"13967","13967",3575,3589,2672,-0.252587412587413
"13968","13968",2489,1971,1918,-0.22940940136601
"13969","13969",2611,2533,2257,-0.135580237456913
"13970","13970",5142,5142,5048,-0.0182808245818748
"13971","13971",2641,2635,2587,-0.0204468004543733
"13972","13972",4052,4022,3645,-0.100444225074038
"13973","13973",2334,2029,2100,-0.10025706940874
"13974","13974",9023,9436,9249,0.0250471018508257
"13975","13975",4412,4285,4419,0.00158658204895739
"13977","13977",638,637,689,0.0799373040752351
"13978","13978",2286,2288,2280,-0.0026246719160105
"13979","13979",4059,4059,4286,0.0559251047055925
"13980","13980",6038,6037,5478,-0.0927459423650215
"13981","13981",2490,2492,2100,-0.156626506024096
"13982","13982",4629,4550,4750,0.0261395549794772
"13983","13983",2377,2323,2381,0.0016827934371056
"15623","15623",2377,2323,2381,0.0016827934371056
"13984","13984",2332,2473,2453,0.0518867924528302
"13985","13985",2084,1859,1629,-0.218330134357006
"13987","13987",2378,3048,2296,-0.0344827586206897
"13988","13988",1815,2111,1925,0.0606060606060606
"13989","13989",4404,4399,4304,-0.0227066303360581
"13990","13990",7060,9550,8612,0.219830028328612
"13992","13992",3562,3564,3564,0.000561482313307131
"13993","13993",2646,2648,2590,-0.0211640211640212
"13994","13994",3807,3807,2898,-0.238770685579196
"13995","13995",2523,3694,3791,0.502576298057868
"13997","13997",4110,4207,7983,0.942335766423358
"13998","13998",7065,8661,7208,0.0202406227883935
"13999","13999",6985,6786,6928,-0.00816034359341446
"14000","14000",3049,3057,2745,-0.0997048212528698
"14001","14001",1980,2170,1839,-0.0712121212121212
"14002","14002",5356,4225,4024,-0.248693054518297
"14004","14004",2949,3090,3148,0.067480501865039
"14006","14006",6195,6023,5827,-0.0594027441485069
"14007","14007",2874,2642,2415,-0.159707724425887
"14008","14008",2616,2634,2617,0.000382262996941896
"14009","14009",1224,1216,1337,0.0923202614379085
"14010","14010",1039,1039,1318,0.268527430221367
"14011","14011",933,933,925,-0.00857449088960343
"14012","14012",4588,4592,3885,-0.153225806451613
"14013","14013",2443,2308,2248,-0.0798198935734752
"14014","14014",2142,2146,2160,0.00840336134453781
"14015","14015",1367,1367,989,-0.276517922457937
"14016","14016",5349,5324,5690,0.0637502336885399
"14017","14017",2468,2448,2766,0.120745542949757
"14019","14019",5605,4966,4389,-0.216949152542373
"14020","14020",2332,2343,1372,-0.411663807890223
"14021","14021",4534,4531,4363,-0.0377150419056021
"14022","14022",2944,3087,3147,0.0689538043478261
"14023","14023",2373,2400,1935,-0.184576485461441
"14024","14024",9844,10042,9872,0.00284437220642015
"14025","14025",1553,1553,1406,-0.0946555054732775
"14026","14026",1279,1428,1327,0.037529319781079
"14027","14027",2798,2801,2784,-0.0050035739814153
"14028","14028",11713,11012,10889,-0.0703491846666097
"14029","14029",3195,3070,3235,0.0125195618153365
"14030","14030",5632,5592,4319,-0.233132102272727
"14031","14031",5206,5287,4928,-0.0533999231655782
"14032","14032",9677,9789,8853,-0.085150356515449
"14033","14033",2104,2167,1642,-0.21958174904943
"14034","14034",1956,1957,2119,0.0833333333333333
"14035","14035",1738,1650,1762,0.0138089758342923
"14036","14036",2909,2414,2412,-0.170849089034032
"14037","14037",1631,1631,1631,0
"14038","14038",5610,5609,5602,-0.00142602495543672
"14039","14039",6450,6647,6605,0.024031007751938
"14040","14040",1170,1244,1094,-0.064957264957265
"14041","14041",3075,3290,2778,-0.0965853658536585
"14042","14042",2408,2411,2754,0.143687707641196
"14045","14045",1396,1396,1444,0.0343839541547278
"14046","14046",8852,8758,7803,-0.118504292815183
"14047","14047",791,892,885,0.118836915297092
"14048","14048",1829,1826,1866,0.0202296336796063
"14049","14049",3005,2988,3060,0.0183028286189684
"17965","17965",3005,2988,3060,0.0183028286189684
"14050","14050",2174,2161,2201,0.0124195032198712
"14051","14051",2109,2103,2113,0.00189663347558084
"14052","14052",1738,2044,1395,-0.197353279631761
"14053","14053",5605,5610,5125,-0.0856378233719893
"14054","14054",2770,2773,2807,0.0133574007220217
"14055","14055",1767,1767,1819,0.0294284097340125
"14056","14056",4877,4498,3756,-0.22985441870002
"14057","14057",2232,2237,1676,-0.24910394265233
"14058","14058",1941,1983,1613,-0.16898505924781
"14059","14059",5483,4036,4029,-0.265183293817253
"14061","14061",2170,2170,2182,0.00552995391705069
"14062","14062",3747,3747,2747,-0.266880170803309
"14063","14063",849,852,857,0.0094228504122497
"14064","14064",2020,2023,2057,0.0183168316831683
"14065","14065",1696,1690,1576,-0.0707547169811321
"14066","14066",2002,1942,1972,-0.014985014985015
"17723","17723",2002,1942,1972,-0.014985014985015
"14067","14067",5645,5845,5802,0.0278122232063773
"14068","14068",4465,3588,3194,-0.284658454647256
"14069","14069",2185,2194,1931,-0.116247139588101
"14070","14070",482,482,482,0
"14071","14071",5926,5825,6291,0.0615929800877489
"14072","14072",10447,10439,9433,-0.0970613573274624
"14073","14073",1793,1931,1928,0.075292805354155
"14074","14074",2268,2255,2124,-0.0634920634920635
"14075","14075",6228,6792,6322,0.0150931278098908
"14076","14076",1734,1734,1734,0
"14077","14077",2566,2566,2406,-0.0623538581449727
"14078","14078",4511,2181,2462,-0.454223010418976
"14079","14079",1300,1290,1302,0.00153846153846154
"14080","14080",2859,2799,2801,-0.0202868135711787
"14082","14082",3339,3114,3530,0.0572027553159629
"14083","14083",3091,3085,3332,0.0779682950501456
"14084","14084",2250,2250,2259,0.004
"14085","14085",11444,11511,11471,0.00235931492485145
"14086","14086",2877,3186,2725,-0.0528328119568995
"14087","14087",2584,2584,2585,0.000386996904024768
"14088","14088",1652,1652,1660,0.00484261501210654
"14089","14089",2328,2324,2458,0.0558419243986254
"14090","14090",3086,3086,2969,-0.0379131561892417
"14092","14092",7907,8336,8492,0.0739850765144808
"14093","14093",5583,5581,4848,-0.131649650725416
"14094","14094",11182,10926,8908,-0.203362546950456
"14095","14095",10861,10718,10113,-0.0688702697725808
"14096","14096",2377,2376,2191,-0.0782498948254102
"14097","14097",2453,2483,2468,0.00611496127191194
"14098","14098",1388,1387,1743,0.255763688760807
"18808","18808",1388,1387,1743,0.255763688760807
"14099","14099",2416,2139,2395,-0.00869205298013245
"14100","14100",2466,2469,2281,-0.0750202757502028
"14101","14101",3926,3689,3514,-0.104941416199694
"14102","14102",4840,3936,3789,-0.217148760330579
"14103","14103",7088,7097,6942,-0.0205981941309255
"14104","14104",3106,2580,2546,-0.180296200901481
"14105","14105",2066,1995,1900,-0.0803484995159729
"14106","14106",2083,2083,2086,0.0014402304368699
"18117","18117",2083,2083,2086,0.0014402304368699
"14107","14107",8393,8353,8820,0.0508757297748123
"14108","14108",3387,3268,3426,0.0115146147032772
"14109","14109",2347,1901,1800,-0.233063485300383
"14110","14110",4906,4906,4914,0.00163065633917652
"14111","14111",1476,1721,2025,0.371951219512195
"14112","14112",1943,1943,1906,-0.0190427174472465
"14113","14113",6600,7315,6483,-0.0177272727272727
"14116","14116",4512,4691,4950,0.0970744680851064
"14118","14118",3796,3792,3767,-0.00763962065331928
"14119","14119",6220,6940,6586,0.0588424437299035
"14121","14121",3095,3164,2844,-0.0810985460420032
"14122","14122",2222,2235,1949,-0.122862286228623
"14123","14123",4759,4759,7601,0.597184282412272
"14125","14125",3068,3289,3331,0.0857235984354628
"14127","14127",2172,2182,2271,0.0455801104972376
"14128","14128",1572,1535,1599,0.017175572519084
"14129","14129",2268,2374,2295,0.0119047619047619
"14130","14130",1855,1860,1810,-0.0242587601078167
"14131","14131",2669,2675,2668,-0.000374672161858374
"14132","14132",4528,4537,4952,0.0936395759717314
"14133","14133",516,515,520,0.00775193798449612
"14134","14134",2711,2939,2821,0.0405754334194024
"14135","14135",2619,2616,2256,-0.138602520045819
"14136","14136",8371,8133,9297,0.110619997610799
"14137","14137",2416,2439,2272,-0.0596026490066225
"14139","14139",2448,2452,2483,0.014297385620915
"14141","14141",3447,3399,3488,0.0118944009283435
"14143","14143",3483,3471,3478,-0.00143554407120299
"14144","14144",3044,2988,2952,-0.0302233902759527
"14145","14145",4921,4870,4343,-0.117455801666328
"14146","14146",4823,7144,7143,0.481028405556707
"18213","18213",4823,7144,7143,0.481028405556707
"14147","14147",4536,4531,4563,0.00595238095238095
"14148","14148",4637,4602,4917,0.0603838688807419
"14149","14149",1555,1299,1355,-0.128617363344051
"14150","14150",8034,8022,7511,-0.0650983320886234
"14151","14151",1718,1386,1849,0.0762514551804424
"14152","14152",2594,2677,2577,-0.00655358519660756
"14153","14153",7742,7744,7290,-0.0583828468096099
"14154","14154",4122,4925,3574,-0.132945172246482
"14155","14155",5790,6425,6054,0.0455958549222798
"14156","14156",3040,3353,2802,-0.0782894736842105
"14157","14157",1451,1833,1837,0.266023432115782
"14158","14158",3390,3356,3703,0.092330383480826
"14159","14159",9284,9723,8720,-0.0607496768634209
"14160","14160",3324,3411,3046,-0.0836341756919374
"14162","14162",3636,3611,3938,0.0830583058305831
"14163","14163",4493,4659,4532,0.00868016915201424
"14164","14164",1157,1157,1043,-0.0985306828003457
"14165","14165",2165,2103,1585,-0.267898383371824
"14166","14166",3345,3637,2685,-0.197309417040359
"14167","14167",1582,1582,1613,0.0195954487989886
"14168","14168",1325,1324,1324,-0.000754716981132075
"14169","14169",1772,1609,1559,-0.12020316027088
"14170","14170",3278,3278,3276,-0.00061012812690665
"14171","14171",4328,4773,4702,0.0864140480591497
"14172","14172",4623,4394,4406,-0.0469392169586848
"14173","14173",6888,8989,9000,0.306620209059233
"14174","14174",1754,1716,1813,0.0336374002280502
"14175","14175",4547,4548,4248,-0.0657576424015835
"14176","14176",3901,3900,5149,0.319917969751346
"14177","14177",364,364,655,0.799450549450549
"14178","14178",934,1009,1003,0.0738758029978587
"14179","14179",2259,2593,2128,-0.0579902611775122
"14180","14180",3379,3379,3587,0.0615566735720627
"14181","14181",2404,2351,2562,0.0657237936772047
"14182","14182",11899,10101,8584,-0.278594839902513
"14184","14184",4079,4081,4086,0.00171610688894337
"14185","14185",3596,3841,3737,0.039210233592881
"14187","14187",8932,8944,8679,-0.0283251231527094
"14188","14188",1274,1105,1101,-0.135792778649922
"14189","14189",4040,3842,3706,-0.0826732673267327
"14190","14190",2914,2247,2463,-0.154770075497598
"14191","14191",2560,2561,2404,-0.0609375
"14192","14192",3412,3400,2718,-0.203399765533411
"14193","14193",4692,4689,4343,-0.074381926683717
"14194","14194",3941,3699,3703,-0.0603907637655417
"14195","14195",1235,1238,1145,-0.0728744939271255
"14196","14196",1993,1752,1729,-0.132463622679378
"14197","14197",1913,1993,1784,-0.0674333507579718
"14198","14198",6353,6352,4359,-0.313867464190146
"14200","14200",3839,3720,3837,-0.000520969002344361
"14201","14201",7597,8340,7529,-0.00895090167171252
"14203","14203",3973,2618,2551,-0.357915932544677
"14204","14204",3033,3064,2985,-0.0158259149357072
"14205","14205",3935,3936,3676,-0.0658195679796696
"14207","14207",5698,5749,5744,0.00807300807300807
"14209","14209",3320,3505,6953,1.09427710843374
"14210","14210",5688,5689,5520,-0.029535864978903
"14211","14211",2404,2515,2184,-0.0915141430948419
"14212","14212",4621,4870,4135,-0.105172040683835
"14214","14214",3777,4477,4171,0.10431559438708
"14215","14215",7071,7068,6978,-0.0131523122613492
"14216","14216",2179,2668,2336,0.0720513997246443
"14217","14217",8612,8299,7175,-0.166860195076637
"14219","14219",858,848,869,0.0128205128205128
"14220","14220",3925,3919,4107,0.0463694267515924
"19373","19373",3925,3919,4107,0.0463694267515924
"14221","14221",931,790,785,-0.156820622986037
"14222","14222",3293,3563,3486,0.0586091709687215
"14223","14223",3549,3593,3662,0.031839954916878
"14224","14224",2857,2805,2540,-0.110955547777389
"14225","14225",3763,3157,3228,-0.142173797501993
"14226","14226",2897,2778,2619,-0.0959613393165343
"14227","14227",3691,3734,3671,-0.00541858574911948
"14228","14228",4649,4650,4577,-0.0154872015487202
"14229","14229",4326,4204,3849,-0.110263522884882
"19060","19060",4326,4204,3849,-0.110263522884882
"14230","14230",4239,4247,4910,0.158292050011795
"14231","14231",4620,4347,4869,0.0538961038961039
"14232","14232",7857,7804,7790,-0.00852742777141403
"14233","14233",4415,4528,4657,0.0548131370328426
"14234","14234",4352,4352,4444,0.0211397058823529
"14235","14235",2326,2512,2441,0.0494411006018917
"14236","14236",5960,5957,6667,0.118624161073826
"14237","14237",3514,3502,3586,0.0204894706886739
"14238","14238",2503,2503,2432,-0.0283659608469836
"14239","14239",1424,1422,1101,-0.226825842696629
"14240","14240",4451,4349,4263,-0.0422376993933947
"14241","14241",5144,5705,5553,0.0795101088646967
"14242","14242",5622,5660,5319,-0.0538954108858058
"14243","14243",2438,2236,1703,-0.301476620180476
"14244","14244",2487,2322,2283,-0.0820265379975875
"14246","14246",5446,5437,8820,0.619537275064267
"14247","14247",2335,2456,2179,-0.0668094218415418
"14248","14248",3140,3139,2859,-0.0894904458598726
"14249","14249",2436,2538,2116,-0.13136288998358
"14250","14250",8889,9142,5210,-0.413882326470919
"14251","14251",3195,3208,2710,-0.151799687010955
"14252","14252",5425,5452,4621,-0.148202764976959
"14253","14253",4768,4767,4271,-0.104236577181208
"14254","14254",4171,4162,8185,0.962359146487653
"14256","14256",2415,2464,2333,-0.0339544513457557
"14258","14258",3879,3850,3737,-0.0366073730342872
"15195","15195",3879,3850,3737,-0.0366073730342872
"14259","14259",3600,3600,3655,0.0152777777777778
"14260","14260",4026,4025,3906,-0.029806259314456
"14261","14261",4429,4661,4369,-0.0135470760894107
"14262","14262",3242,3194,2504,-0.227637260950031
"14263","14263",4813,4368,4385,-0.0889258258882194
"14265","14265",7289,6894,6782,-0.0695568665111812
"14266","14266",3793,3758,4105,0.0822567888215133
"14267","14267",3619,3276,3723,0.0287372202265819
"14268","14268",3447,3521,3550,0.0298810559907166
"14791","14791",3447,3521,3550,0.0298810559907166
"14269","14269",2589,2551,2602,0.00502124372344535
"14270","14270",3756,3740,3687,-0.018370607028754
"14271","14271",1373,1190,1179,-0.141296431172615
"14272","14272",6627,6970,5009,-0.244152708616267
"14273","14273",3338,3354,3115,-0.066806470940683
"14274","14274",1981,2978,1989,0.00403836446239273
"14275","14275",5679,6249,4998,-0.119915478077126
"14276","14276",4345,4334,4231,-0.0262370540851554
"14277","14277",5539,5500,8876,0.602455316844196
"14278","14278",2929,3141,3023,0.0320928644588597
"14279","14279",2157,2157,2019,-0.0639777468706537
"14280","14280",2756,2749,2487,-0.0976052249637155
"14282","14282",5741,5745,4687,-0.18359170876154
"14283","14283",9546,9889,9498,-0.00502828409805154
"14284","14284",1791,1794,1782,-0.0050251256281407
"14286","14286",4843,5758,4971,0.0264298988230436
"14287","14287",5273,5297,5042,-0.0438080788924711
"14288","14288",2234,2240,2248,0.0062667860340197
"14289","14289",4269,4567,4647,0.0885453267744202
"14290","14290",5188,5410,4848,-0.0655358519660756
"14291","14291",3496,3496,3630,0.0383295194508009
"14292","14292",2281,2280,2305,0.0105217010083297
"14294","14294",1649,1649,1800,0.0915706488781079
"14295","14295",9401,9445,9635,0.0248909690458462
"14296","14296",3174,3025,3183,0.00283553875236295
"14297","14297",2688,2668,2941,0.0941220238095238
"14298","14298",2124,2122,2335,0.0993408662900188
"14299","14299",4472,4483,3199,-0.284660107334526
"14300","14300",10330,11401,9868,-0.0447241045498548
"14301","14301",3265,3279,3633,0.11271056661562
"14302","14302",9805,10568,8557,-0.127281998980112
"14303","14303",4657,4504,4365,-0.0627013098561306
"14304","14304",9091,9049,6273,-0.309976900230998
"14305","14305",3601,3833,3894,0.0813662871424604
"14306","14306",4546,4525,4209,-0.0741311042674879
"14308","14308",3271,3331,3369,0.0299602568022012
"14309","14309",3757,3928,4392,0.169017833377695
"14310","14310",4066,4056,2959,-0.272257747171668
"14312","14312",4335,3967,4164,-0.0394463667820069
"14313","14313",2158,2158,2160,0.00092678405931418
"14314","14314",2634,2649,2900,0.100987091875475
"14315","14315",5914,5923,4462,-0.245519107203247
"14316","14316",2408,2484,2233,-0.0726744186046512
"14317","14317",4154,4180,3946,-0.0500722195474242
"14318","14318",3454,3451,2916,-0.155761436016213
"14319","14319",3479,3301,3272,-0.0594998562805404
"14320","14320",7062,6950,6990,-0.0101954120645709
"14321","14321",1026,1026,1049,0.0224171539961014
"14322","14322",3966,3815,3964,-0.000504286434694907
"14325","14325",7775,8372,7672,-0.0132475884244373
"14326","14326",4516,5070,4164,-0.0779450841452613
"14327","14327",2838,2856,1944,-0.315010570824524
"14328","14328",5999,5848,6417,0.0696782797132856
"14329","14329",4544,4544,4498,-0.0101232394366197
"14330","14330",5019,5022,4953,-0.0131500298864316
"14331","14331",10033,10574,7442,-0.258247782318349
"14333","14333",3665,3354,3299,-0.0998635743519782
"14335","14335",5982,5553,4695,-0.215145436308927
"14336","14336",3345,3362,3163,-0.0544095665171898
"14337","14337",2730,3062,2474,-0.0937728937728938
"14338","14338",2718,2876,2834,0.0426784400294334
"14339","14339",1720,1719,1866,0.0848837209302326
"14340","14340",3530,3335,3253,-0.0784702549575071
"14341","14341",4431,4424,3883,-0.123674114195441
"14342","14342",1572,1646,1924,0.223918575063613
"14343","14343",3394,3382,3330,-0.018856806128462
"14344","14344",2276,2341,2252,-0.0105448154657293
"16625","16625",2276,2341,2252,-0.0105448154657293
"14345","14345",1302,1301,1301,-0.000768049155145929
"14346","14346",2391,2391,2364,-0.0112923462986198
"14347","14347",3584,2890,3051,-0.148716517857143
"14348","14348",5330,5540,4588,-0.13921200750469
"14349","14349",3692,3804,3333,-0.097237269772481
"15685","15685",3692,3804,3333,-0.097237269772481
"14350","14350",2788,2247,2627,-0.0577474892395983
"15679","15679",2788,2247,2627,-0.0577474892395983
"14351","14351",3590,3246,3370,-0.0612813370473538
"14352","14352",7066,7175,4732,-0.330314180583074
"14353","14353",7379,7363,6034,-0.182274020870037
"14354","14354",2107,2120,2120,0.00616990982439487
"14355","14355",3077,3077,3097,0.0064998375040624
"14356","14356",5647,5627,5737,0.0159376660173543
"14357","14357",2931,2950,2376,-0.18935516888434
"14358","14358",7084,7202,7055,-0.00409373235460192
"14359","14359",2922,2882,2926,0.00136892539356605
"14360","14360",3805,3047,3059,-0.196057818659658
"14361","14361",3827,3827,3223,-0.157825973347269
"14362","14362",1821,1850,1955,0.0735859417902252
"14363","14363",1184,1157,1303,0.100506756756757
"17895","17895",1184,1157,1303,0.100506756756757
"14364","14364",5718,4597,4140,-0.275970619097587
"14365","14365",10695,11882,10992,0.0277699859747546
"14366","14366",5168,5157,4822,-0.0669504643962848
"14367","14367",3592,3085,3140,-0.125835189309577
"14368","14368",3639,3617,4526,0.243748282495191
"19519","19519",3639,3617,4526,0.243748282495191
"14369","14369",8725,8671,5286,-0.394154727793696
"14370","14370",5321,5357,5511,0.03570757376433
"14372","14372",3464,3464,2670,-0.229214780600462
"14373","14373",1428,1329,1397,-0.0217086834733894
"14375","14375",1412,1419,1420,0.0056657223796034
"14377","14377",2800,2883,2807,0.0025
"14378","14378",1394,1303,1310,-0.0602582496413199
"15622","15622",1394,1303,1310,-0.0602582496413199
"14379","14379",1709,1709,1918,0.122293739028672
"14380","14380",2509,2489,2616,0.0426464726982862
"14381","14381",2512,2512,2215,-0.118232484076433
"14382","14382",1705,1708,1533,-0.100879765395894
"14383","14383",2745,2745,2746,0.000364298724954463
"14384","14384",1888,1745,2025,0.0725635593220339
"14385","14385",4906,4827,5045,0.028332653893192
"14388","14388",2434,2425,2197,-0.0973705834018077
"14389","14389",3434,3450,2607,-0.240827023878858
"14391","14391",1478,1478,1491,0.0087956698240866
"14392","14392",2055,2055,1799,-0.124574209245742
"14393","14393",1689,1689,1714,0.014801657785672
"14395","14395",3616,3613,3604,-0.00331858407079646
"14396","14396",3755,3755,3749,-0.00159786950732357
"14397","14397",1757,1757,1538,-0.124644280022766
"17755","17755",1757,1757,1538,-0.124644280022766
"14398","14398",6788,6681,6135,-0.0961991750147319
"14399","14399",11728,12050,10649,-0.0920020463847203
"14401","14401",3473,2354,1891,-0.455513964871869
"14402","14402",5365,5331,5459,0.0175209692451072
"14403","14403",2858,2853,1927,-0.325752274317705
"14405","14405",2421,2422,1952,-0.193721602643536
"14406","14406",3672,3470,3140,-0.144880174291939
"14407","14407",3321,2915,2808,-0.154471544715447
"14409","14409",8084,8140,8242,0.0195447798119743
"14410","14410",4719,5224,5672,0.201949565585929
"14414","14414",2403,2406,2339,-0.0266333749479817
"14415","14415",1832,1836,1824,-0.00436681222707424
"14416","14416",4639,4639,4116,-0.112739814615219
"14417","14417",940,919,1009,0.0734042553191489
"14418","14418",2725,2362,2450,-0.100917431192661
"14419","14419",2226,2215,2189,-0.0166217430368374
"14421","14421",2122,2145,1809,-0.147502356267672
"16130","16130",2122,2145,1809,-0.147502356267672
"14422","14422",3066,3470,3139,0.0238095238095238
"14423","14423",3139,2995,2767,-0.118509079324626
"14425","14425",3855,3755,3675,-0.0466926070038911
"14426","14426",5466,4755,4213,-0.229235272594219
"14427","14427",3673,3543,3350,-0.0879390144296216
"14428","14428",2510,2509,2974,0.184860557768924
"14429","14429",4213,4149,4444,0.0548302872062663
"14430","14430",3498,3240,3463,-0.0100057175528874
"14431","14431",5310,5212,5735,0.0800376647834275
"14432","14432",3896,3906,4275,0.0972792607802875
"14433","14433",9803,10043,9964,0.0164235438131184
"14434","14434",7917,7993,8159,0.0305671340154099
"14437","14437",3326,3104,3054,-0.0817799158147925
"14438","14438",2543,2604,3870,0.521824616594573
"15620","15620",2543,2604,3870,0.521824616594573
"14439","14439",1684,1684,1607,-0.0457244655581948
"14440","14440",4824,4850,4903,0.0163764510779436
"14441","14441",9122,9177,8936,-0.020390265292699
"14442","14442",6149,5769,2750,-0.552772808586762
"14443","14443",1986,1986,1987,0.000503524672708963
"14444","14444",4777,5111,5035,0.0540087921289512
"14445","14445",6608,7156,6797,0.0286016949152542
"14446","14446",3663,3622,2996,-0.182091182091182
"14447","14447",1628,1628,1613,-0.00921375921375921
"19752","19752",1628,1628,1613,-0.00921375921375921
"14449","14449",2630,2612,1905,-0.275665399239544
"14450","14450",3592,3803,3584,-0.0022271714922049
"14451","14451",1428,1355,1304,-0.0868347338935574
"14452","14452",4290,4324,4285,-0.00116550116550117
"17323","17323",4290,4324,4285,-0.00116550116550117
"14453","14453",3896,4292,3519,-0.0967659137577002
"14454","14454",6449,6365,6587,0.0213986664599163
"14456","14456",6668,6631,6448,-0.0329934013197361
"14457","14457",1015,1015,1023,0.00788177339901478
"14458","14458",1740,1601,1712,-0.0160919540229885
"14460","14460",4910,4922,4262,-0.131975560081466
"14462","14462",6685,6667,6789,0.0155572176514585
"14466","14466",4630,4820,4138,-0.106263498920086
"14467","14467",2309,2309,2304,-0.0021654395842356
"14468","14468",5278,5263,5467,0.0358090185676393
"14469","14469",1300,1300,1314,0.0107692307692308
"14470","14470",3964,3968,4146,0.0459132189707366
"14471","14471",2407,2407,2007,-0.166181969256336
"14472","14472",3746,3755,3468,-0.0742124933262146
"14473","14473",1280,1280,1067,-0.16640625
"14474","14474",4844,4844,3228,-0.333608587943848
"14475","14475",3698,3565,3568,-0.0351541373715522
"14476","14476",2648,2688,2680,0.0120845921450151
"14477","14477",1721,1722,1993,0.158047646717025
"14478","14478",3572,3566,3262,-0.0867861142217245
"14479","14479",4058,4009,3872,-0.0458353868900936
"14480","14480",2541,2541,2551,0.00393545848091303
"14481","14481",2390,2531,2346,-0.0184100418410042
"14482","14482",3444,3452,3717,0.0792682926829268
"14483","14483",2884,3299,3499,0.213245492371706
"14484","14484",4323,4290,4388,0.0150358547305112
"14485","14485",5434,5470,4927,-0.0933014354066986
"14486","14486",7016,5579,5617,-0.199401368301026
"14487","14487",833,825,787,-0.0552220888355342
"14488","14488",4914,4552,4810,-0.0211640211640212
"14489","14489",2219,1875,2787,0.25597115817936
"14490","14490",3813,4505,3196,-0.161814843954891
"14491","14491",2282,2282,2067,-0.0942156003505697
"14492","14492",3274,3347,4015,0.226328649969456
"14493","14493",1230,4252,1225,-0.0040650406504065
"14494","14494",1832,1836,2015,0.0998908296943231
"14495","14495",5395,5277,5411,0.00296570898980538
"14496","14496",4759,4958,4594,-0.0346711494011347
"14497","14497",4480,4920,3673,-0.180133928571429
"14498","14498",2966,2966,2738,-0.0768712070128119
"14499","14499",4233,3668,3144,-0.257264351523742
"14501","14501",2840,2980,2638,-0.0711267605633803
"14502","14502",3360,3353,3358,-0.000595238095238095
"14503","14503",2981,2981,3009,0.00939282120093928
"14504","14504",8157,7579,10064,0.233786931469903
"14505","14505",2710,2761,2816,0.0391143911439114
"14506","14506",2076,2076,2076,0
"14507","14507",7792,7759,4666,-0.401180698151951
"14509","14509",1306,1328,1303,-0.00229709035222052
"14510","14510",3713,3704,3779,0.0177753837866954
"14511","14511",4995,4996,4468,-0.105505505505506
"14512","14512",2589,2330,1931,-0.254152182309772
"14513","14513",6334,6725,5898,-0.0688348594884749
"14514","14514",2417,2461,2169,-0.102606537029375
"14515","14515",1471,1494,1483,0.00815771583956492
"14516","14516",4884,5779,5017,0.0272317772317772
"14517","14517",4128,4075,3867,-0.0632267441860465
"14518","14518",2418,2407,2472,0.0223325062034739
"14519","14519",1522,1523,1700,0.116951379763469
"18564","18564",1522,1523,1700,0.116951379763469
"14520","14520",5685,6029,6236,0.0969217238346526
"14521","14521",3535,3564,3399,-0.0384724186704385
"14522","14522",3710,3531,3513,-0.053099730458221
"14523","14523",3489,3487,3428,-0.0174835196331327
"14524","14524",3834,3832,3652,-0.0474700052164841
"14525","14525",2387,2387,2146,-0.100963552576456
"14526","14526",6539,6863,5832,-0.108120507722893
"14528","14528",1858,2087,2854,0.536060279870829
"14529","14529",4053,4886,4009,-0.0108561559338761
"14530","14530",4986,4948,4712,-0.0549538708383474
"14531","14531",2720,2670,2905,0.0680147058823529
"14532","14532",2311,2181,1930,-0.16486369536997
"14534","14534",1429,1428,1422,-0.00489853044086774
"14535","14535",1554,1361,1627,0.046975546975547
"14538","14538",5088,5078,5096,0.00157232704402516
"14539","14539",1919,2456,1659,-0.13548723293382
"14540","14540",4599,4696,4877,0.0604479234616221
"14541","14541",5353,5493,5531,0.0332523818419578
"14542","14542",1107,1248,1247,0.12646793134598
"14543","14543",7169,7168,6616,-0.077137676105454
"14544","14544",3365,3369,3300,-0.0193164933135215
"14545","14545",6650,7028,6574,-0.0114285714285714
"14546","14546",1015,1015,1049,0.0334975369458128
"14547","14547",3269,3281,3528,0.0792291220556745
"14548","14548",1326,1326,1325,-0.000754147812971342
"14549","14549",2456,2461,2548,0.0374592833876222
"14550","14550",5083,4410,5175,0.0180995475113122
"14551","14551",3535,3863,3999,0.131258840169731
"14552","14552",9736,9745,8581,-0.118631881676253
"14553","14553",4586,4591,4596,0.00218054949847362
"14554","14554",790,786,760,-0.0379746835443038
"14555","14555",2065,1967,1968,-0.0469733656174334
"14556","14556",6175,5900,5453,-0.116923076923077
"14558","14558",7062,7032,6812,-0.0354007363353158
"14559","14559",7126,6345,5977,-0.161240527645243
"14560","14560",463,463,461,-0.00431965442764579
"14561","14561",2282,1588,1519,-0.334355828220859
"14562","14562",3241,2969,2972,-0.0829990743597655
"14563","14563",3418,3428,3614,0.0573434757167934
"14564","14564",5691,5416,3390,-0.404322614654718
"14565","14565",2329,2322,2201,-0.0549592099613568
"14566","14566",4891,4535,4442,-0.0918012676344306
"14567","14567",5387,5397,5594,0.0384258399851494
"14568","14568",1151,1155,955,-0.170286707211121
"14569","14569",1763,1739,1373,-0.221213840045377
"14570","14570",5140,5152,5079,-0.0118677042801556
"14572","14572",4888,4194,4380,-0.10392798690671
"14573","14573",12294,12021,11246,-0.0852448348788027
"14574","14574",3526,3559,3447,-0.0224049914917754
"14575","14575",3144,3111,2646,-0.158396946564885
"14576","14576",7365,7369,7374,0.00122199592668024
"14577","14577",3044,3770,3011,-0.0108409986859396
"14578","14578",3152,3213,3023,-0.0409263959390863
"14579","14579",3703,3498,3067,-0.17175263300027
"14580","14580",3583,3594,4025,0.123360312587217
"14581","14581",2047,2046,2141,0.0459208597948217
"14582","14582",1837,1857,1821,-0.00870985302123027
"14584","14584",6799,6790,9387,0.380644212384174
"14585","14585",3836,3817,3589,-0.0643899895724713
"14586","14586",1078,1085,1079,0.000927643784786642
"14587","14587",4938,4938,4390,-0.110976103685703
"14588","14588",3702,3652,4192,0.132360886007563
"14589","14589",6477,6504,6467,-0.00154392465647676
"14590","14590",1482,1367,1363,-0.0802968960863698
"14591","14591",1881,1429,1408,-0.251461988304094
"14592","14592",1391,1387,1118,-0.196261682242991
"18906","18906",1391,1387,1118,-0.196261682242991
"14593","14593",3507,3501,4140,0.180496150556031
"14594","14594",5138,5220,6713,0.306539509536785
"14595","14595",1486,1518,1652,0.111709286675639
"14596","14596",10320,9580,8925,-0.135174418604651
"14597","14597",3995,3995,3270,-0.181476846057572
"14598","14598",3606,3613,3845,0.0662784248474764
"14599","14599",1898,1898,1935,0.0194942044257113
"14600","14600",5914,5812,5387,-0.089110585052418
"14601","14601",4068,4050,6114,0.502949852507375
"14603","14603",3383,3487,3803,0.124150162577594
"14604","14604",3258,3258,3084,-0.0534069981583794
"14605","14605",2646,2534,2136,-0.192743764172336
"14607","14607",2925,3050,2943,0.00615384615384615
"14608","14608",5028,5037,5041,0.00258552108194113
"14609","14609",5202,5207,5932,0.140330642060746
"14610","14610",1962,1969,1785,-0.0902140672782875
"14611","14611",2722,2732,3201,0.175973548861132
"14613","14613",1548,1341,1356,-0.124031007751938
"14615","14615",2429,2463,2244,-0.07616303005352
"14616","14616",1584,1584,1322,-0.16540404040404
"14617","14617",2315,2315,1955,-0.155507559395248
"14618","14618",6001,5994,8368,0.394434260956507
"14619","14619",3143,3037,3063,-0.0254533884823417
"14620","14620",7943,7930,8139,0.0246758151831802
"14621","14621",2088,2175,2184,0.0459770114942529
"14622","14622",4588,4315,3868,-0.15693112467306
"14623","14623",2604,3068,3068,0.178187403993856
"14624","14624",1664,1663,1746,0.0492788461538462
"14625","14625",6421,6488,6433,0.00186886777760473
"14626","14626",3557,3558,2708,-0.238684284509418
"14627","14627",5410,5424,5302,-0.0199630314232902
"15215","15215",5410,5424,5302,-0.0199630314232902
"14630","14630",3197,3197,3406,0.0653737879261808
"14631","14631",3377,3765,3782,0.11992893100385
"14632","14632",4689,4997,4158,-0.113243761996161
"14633","14633",1554,1591,1484,-0.045045045045045
"14634","14634",915,906,880,-0.0382513661202186
"14635","14635",3042,3034,3040,-0.000657462195923734
"14636","14636",2100,2124,2053,-0.0223809523809524
"14637","14637",3434,3064,3229,-0.0596971461852068
"14638","14638",7571,7541,4574,-0.39585259542993
"14639","14639",1373,1373,1371,-0.00145666423889294
"14640","14640",7936,7875,8087,0.0190272177419355
"14641","14641",2744,2684,3278,0.194606413994169
"14643","14643",2591,2289,2292,-0.115399459668082
"14644","14644",4707,4708,4671,-0.00764818355640535
"14645","14645",2832,2378,2439,-0.138771186440678
"14646","14646",1274,1274,2045,0.605180533751962
"15879","15879",1274,1274,2045,0.605180533751962
"14647","14647",5609,5369,5084,-0.0935995721162418
"14648","14648",2464,2460,2126,-0.137175324675325
"14649","14649",6576,6719,6852,0.041970802919708
"14650","14650",1715,1596,1794,0.046064139941691
"14651","14651",2125,2148,2156,0.0145882352941176
"14652","14652",2690,2684,2552,-0.0513011152416357
"14653","14653",6202,6099,6993,0.127539503386005
"14654","14654",4277,4277,787,-0.815992518120178
"14655","14655",7592,7594,7315,-0.0364857744994731
"14656","14656",3786,3265,3285,-0.132329635499208
"14657","14657",863,863,863,0
"14658","14658",4408,4713,3978,-0.0975499092558984
"14659","14659",2531,2418,1846,-0.270644014223627
"14661","14661",3874,2924,3038,-0.215797625193598
"14662","14662",4055,3741,3834,-0.0545006165228113
"18327","18327",4055,3741,3834,-0.0545006165228113
"14663","14663",5408,5181,5351,-0.0105399408284024
"14665","14665",1576,1592,1532,-0.0279187817258883
"17953","17953",1576,1592,1532,-0.0279187817258883
"14666","14666",2449,2533,2688,0.0975908534095549
"14667","14667",1213,1377,1281,0.0560593569661995
"14668","14668",3068,3176,3193,0.0407431551499348
"14669","14669",6146,6283,11560,0.880898145135047
"14670","14670",6063,6062,5418,-0.106382978723404
"14671","14671",4565,4524,4529,-0.00788608981380066
"14672","14672",1498,1498,1642,0.096128170894526
"14673","14673",2027,1936,1911,-0.0572274296990627
"14675","14675",2478,2477,1915,-0.227199354317998
"14676","14676",3577,3137,2733,-0.23595191501258
"14678","14678",3061,3057,3074,0.00424697811172819
"14680","14680",5984,5977,5916,-0.0113636363636364
"14681","14681",10086,10654,9883,-0.020126908586159
"14682","14682",3544,3544,4062,0.146162528216704
"14683","14683",2803,3109,2735,-0.0242597217267214
"14684","14684",4784,4783,4785,0.000209030100334448
"14685","14685",2537,2538,2201,-0.132439889633425
"14686","14686",2675,2146,2173,-0.187663551401869
"14687","14687",1797,1788,1936,0.0773511407902059
"14688","14688",2624,2768,2835,0.0804115853658537
"14689","14689",4568,4543,4206,-0.0792469352014011
"14690","14690",2777,2724,2409,-0.132517104789341
"16500","16500",2777,2724,2409,-0.132517104789341
"14691","14691",1457,1459,1416,-0.028140013726836
"14692","14692",4535,4533,4670,0.0297684674751929
"14693","14693",2593,2593,2657,0.024681835711531
"14694","14694",1598,1598,1535,-0.039424280350438
"14695","14695",8050,8185,8057,0.000869565217391304
"14696","14696",4901,4715,3109,-0.365639665374413
"14697","14697",6097,6105,5780,-0.0519927833360669
"14698","14698",5117,5246,6880,0.34453781512605
"14699","14699",8525,10014,8314,-0.0247507331378299
"14700","14700",3233,3011,3071,-0.0501082585833591
"14701","14701",2350,2358,2634,0.120851063829787
"14703","14703",1617,1598,2000,0.236858379715523
"14704","14704",1640,1482,1332,-0.18780487804878
"14705","14705",6114,5638,5849,-0.0433431468760222
"14706","14706",5193,5055,5138,-0.0105911804352012
"14707","14707",2046,1675,1689,-0.174486803519062
"14710","14710",1015,1023,941,-0.0729064039408867
"14711","14711",2470,2467,2475,0.00202429149797571
"14712","14712",1160,1130,1133,-0.0232758620689655
"14713","14713",1008,1008,1026,0.0178571428571429
"14714","14714",2952,2677,2377,-0.194783197831978
"14715","14715",2956,2956,2987,0.0104871447902571
"14716","14716",1646,1617,1613,-0.020048602673147
"14717","14717",2892,3728,3051,0.0549792531120332
"14720","14720",3392,3568,3510,0.0347877358490566
"14721","14721",5211,5421,5183,-0.00537324889656496
"14722","14722",3478,3471,3612,0.0385278895917194
"14723","14723",3235,2963,3455,0.0680061823802164
"14724","14724",2182,2178,1936,-0.112740604949588
"14725","14725",1349,1895,878,-0.349147516679021
"14726","14726",4181,4712,4534,0.0844295623056685
"14727","14727",6680,6680,13164,0.970658682634731
"14728","14728",2490,2491,2362,-0.0514056224899598
"14729","14729",3936,3903,3925,-0.00279471544715447
"14730","14730",2861,2539,2575,-0.0999650471862985
"14731","14731",2127,2133,1887,-0.112834978843441
"14732","14732",3364,4120,3925,0.166765755053508
"14733","14733",8203,8206,7739,-0.0565646714616604
"14734","14734",3023,3325,3543,0.172014555077737
"14735","14735",1687,1681,1447,-0.14226437462952
"14736","14736",3524,3524,3525,0.000283768444948922
"14737","14737",1062,1204,1047,-0.0141242937853107
"14738","14738",3678,2728,2697,-0.266721044045677
"14741","14741",3734,3235,2886,-0.22710230316015
"14742","14742",4017,4458,3938,-0.0196664177246702
"14743","14743",5346,5409,4435,-0.170407781518893
"14744","14744",2918,2921,3205,0.0983550376970528
"14745","14745",3164,3164,1946,-0.384955752212389
"14747","14747",5909,6185,5583,-0.0551700795396852
"14748","14748",1438,1554,1544,0.0737134909596662
"14749","14749",2446,2447,2042,-0.16516762060507
"14750","14750",3620,3565,6285,0.736187845303867
"14751","14751",3251,3239,3319,0.0209166410335281
"14752","14752",10859,10868,9978,-0.0811308591951377
"14753","14753",2389,2413,2795,0.169945583926329
"14754","14754",2419,2070,1958,-0.190574617610583
"14755","14755",7220,7259,7244,0.00332409972299169
"14756","14756",4832,4820,4641,-0.0395281456953642
"14757","14757",1097,1038,1085,-0.0109389243391067
"14758","14758",2126,2109,2115,-0.00517403574788335
"14759","14759",4843,5151,5178,0.0691720008259343
"14760","14760",4950,4950,4652,-0.0602020202020202
"14761","14761",4382,4321,4129,-0.0577361935189411
"14762","14762",4487,4487,3376,-0.247604189881881
"14763","14763",1146,1146,1146,0
"14765","14765",1915,1914,1581,-0.174412532637076
"14766","14766",5323,5323,5487,0.030809693781702
"14767","14767",3580,3527,3463,-0.0326815642458101
"14768","14768",2899,2663,2852,-0.016212487064505
"14769","14769",3769,3957,3389,-0.100822499336694
"14770","14770",5415,5403,5518,0.0190212373037858
"14771","14771",4549,4549,4049,-0.10991426687184
"16140","16140",4549,4549,4049,-0.10991426687184
"14773","14773",2811,2716,2543,-0.0953397367484881
"14774","14774",5432,5331,4958,-0.087260677466863
"14775","14775",3443,3444,3491,0.0139413302352599
"14778","14778",3883,3883,3780,-0.0265258820499614
"14779","14779",5343,4761,4514,-0.15515627924387
"14781","14781",2892,2892,2891,-0.000345781466113416
"14782","14782",3026,2976,2975,-0.0168539325842697
"14783","14783",3847,4065,4060,0.0553678190798024
"14784","14784",1262,1250,1049,-0.16877971473851
"14785","14785",2836,2836,2836,0
"14786","14786",3916,3916,3879,-0.00944841675178754
"14787","14787",5285,5236,4672,-0.115988647114475
"14788","14788",1829,1891,1611,-0.119190814652816
"14789","14789",4184,4184,3184,-0.239005736137667
"14790","14790",5191,5194,4937,-0.048930841841649
"14792","14792",3536,3428,3811,0.0777714932126697
"14793","14793",10564,11073,10336,-0.0215827338129496
"14794","14794",8044,8015,8087,0.00534559920437593
"14795","14795",2587,2697,3255,0.258214147661384
"14796","14796",6133,5640,3977,-0.35154084461112
"14797","14797",888,867,1045,0.176801801801802
"14798","14798",2371,2531,2324,-0.0198228595529313
"14799","14799",4526,4339,4338,-0.0415377817057004
"17618","17618",4526,4339,4338,-0.0415377817057004
"14800","14800",14916,15138,14413,-0.0337221775274873
"14801","14801",6100,6105,5979,-0.0198360655737705
"14802","14802",2646,2647,2846,0.0755857898715042
"14803","14803",8671,8826,7787,-0.101949025487256
"14804","14804",3914,3912,3935,0.00536535513541134
"14805","14805",2682,2676,2417,-0.098806860551827
"14806","14806",9048,9276,9234,0.0205570291777188
"14807","14807",5740,5849,5618,-0.0212543554006969
"14808","14808",5272,5261,5301,0.00550075872534143
"14810","14810",11019,10994,7643,-0.306379889282149
"14811","14811",1852,2098,2434,0.314254859611231
"14812","14812",2429,2395,2843,0.170440510498147
"14813","14813",2708,2267,2283,-0.156942392909897
"14814","14814",4936,4933,3992,-0.191247974068071
"14815","14815",865,887,1159,0.339884393063584
"14816","14816",6704,7262,6282,-0.0629474940334129
"14817","14817",3569,3572,3578,0.00252171476604091
"14818","14818",1428,1323,1484,0.0392156862745098
"14819","14819",1812,1812,1800,-0.00662251655629139
"14820","14820",7284,7286,7336,0.0071389346512905
"14821","14821",5158,5117,5079,-0.0153160139588988
"14822","14822",3116,3116,2872,-0.0783055198973042
"14823","14823",3546,3557,3488,-0.0163564579808235
"14824","14824",1812,1843,1857,0.0248344370860927
"14825","14825",3939,3457,3002,-0.237877633917238
"14826","14826",2729,2733,2265,-0.1700256504214
"14827","14827",1942,1970,1872,-0.0360453141091658
"14828","14828",3076,2019,2605,-0.153120936280884
"14829","14829",5113,5077,3332,-0.348327791902992
"14830","14830",3437,3568,3481,0.0128018620890311
"14831","14831",2447,2395,2186,-0.106661217817736
"14833","14833",4205,4144,4149,-0.0133174791914388
"14834","14834",9378,9353,8585,-0.0845596075922372
"14835","14835",6191,6421,6026,-0.0266515910192214
"14836","14836",1778,1730,1945,0.09392575928009
"14837","14837",3204,3036,3070,-0.0418227215980025
"14839","14839",1587,1448,1647,0.0378071833648393
"14841","14841",4259,4290,3850,-0.0960319323784926
"14842","14842",3352,3452,3401,0.014618138424821
"14843","14843",2364,2390,2567,0.0858714043993232
"14844","14844",3576,3646,3617,0.0114653243847875
"14845","14845",3490,3377,3419,-0.0203438395415473
"14846","14846",4155,3820,3919,-0.0567990373044525
"14847","14847",3424,3424,3498,0.0216121495327103
"14848","14848",1967,2177,2154,0.0950686324351805
"14849","14849",2999,2905,3110,0.0370123374458153
"14850","14850",1974,2247,2243,0.136271529888551
"15346","15346",1974,2247,2243,0.136271529888551
"14852","14852",2762,2686,2119,-0.232802317161477
"14853","14853",5246,5530,5676,0.0819672131147541
"14854","14854",4746,4107,4067,-0.14306784660767
"14855","14855",4796,4950,4782,-0.00291909924937448
"14856","14856",4760,5055,4741,-0.00399159663865546
"14857","14857",2495,2387,2367,-0.0513026052104208
"14858","14858",2107,2090,2086,-0.00996677740863787
"14859","14859",1619,1619,1619,0
"14860","14860",6371,5864,5583,-0.123685449693926
"14861","14861",2568,2568,2566,-0.000778816199376947
"14862","14862",1846,1849,1461,-0.208559046587216
"14863","14863",3310,3632,3258,-0.0157099697885196
"14864","14864",2942,2691,2171,-0.262066621346023
"14865","14865",2102,2156,2653,0.262131303520457
"14866","14866",5768,6097,5862,0.0162968099861304
"14867","14867",4328,4632,4186,-0.0328096118299445
"14868","14868",6602,7278,6552,-0.00757346258709482
"14869","14869",2493,3581,3130,0.255515443241075
"14870","14870",4447,4825,3980,-0.105014616595458
"14871","14871",3355,3395,2838,-0.154098360655738
"14872","14872",5216,5135,4747,-0.0899156441717791
"14874","14874",9714,9830,7794,-0.197652872143298
"14875","14875",1335,1282,1319,-0.0119850187265918
"14876","14876",3514,3434,3605,0.0258964143426295
"14877","14877",3361,3264,3541,0.0535554894376674
"14878","14878",2334,2332,2672,0.144815766923736
"14879","14879",1395,1709,1031,-0.260931899641577
"14880","14880",1499,1515,1375,-0.0827218145430287
"14881","14881",2084,2078,1997,-0.041746641074856
"14882","14882",2568,2354,1968,-0.233644859813084
"14883","14883",3801,3778,3471,-0.0868192580899763
"14884","14884",3779,3480,3537,-0.0640381053188674
"14885","14885",5455,5455,4362,-0.200366636113657
"14887","14887",4399,3914,4148,-0.0570584223687202
"14888","14888",1935,2706,1453,-0.249095607235142
"14890","14890",1887,1887,2037,0.0794912559618442
"14891","14891",2276,2276,2287,0.00483304042179262
"14892","14892",2197,2206,1977,-0.100136549840692
"14893","14893",3251,3250,4003,0.231313442017841
"14894","14894",3265,3310,3107,-0.0483920367534456
"14895","14895",901,840,798,-0.114317425083241
"14898","14898",4267,4263,3375,-0.209046168268104
"14899","14899",8870,8849,7968,-0.101691093573844
"14900","14900",3557,3596,3575,0.00506044419454597
"14901","14901",993,990,993,0
"14902","14902",4039,3433,3932,-0.0264917058677891
"14903","14903",5771,5238,5227,-0.0942644255761566
"14905","14905",3890,3893,3496,-0.101285347043702
"14906","14906",1390,1217,1227,-0.11726618705036
"14907","14907",10287,10613,10359,0.00699912510936133
"14908","14908",4037,4215,4225,0.0465692345801338
"14909","14909",5324,5033,5066,-0.0484598046581518
"14911","14911",9413,9401,11215,0.191437373844683
"14912","14912",2911,2787,2834,-0.0264513912744761
"14913","14913",5230,5588,5015,-0.0411089866156788
"14914","14914",2321,2614,2428,0.046100818612667
"14915","14915",3475,3480,3503,0.00805755395683453
"14916","14916",3462,3854,3788,0.0941652224147891
"14917","14917",3260,3269,3548,0.0883435582822086
"14918","14918",3502,3503,3501,-0.000285551113649343
"14919","14919",4778,5230,4537,-0.0504395144411888
"14921","14921",4870,5167,5007,0.0281314168377823
"14922","14922",2015,1417,1421,-0.294789081885856
"14923","14923",4324,4327,4473,0.0344588344125809
"14924","14924",1436,1438,2145,0.493732590529248
"14925","14925",2408,2370,2361,-0.0195182724252492
"14926","14926",8682,8722,8641,-0.00472241419027874
"14928","14928",5113,5103,7565,0.479561901036573
"14929","14929",11714,11791,10882,-0.0710261225883558
"14930","14930",3973,3581,3487,-0.122325698464636
"14931","14931",13453,13610,13591,0.0102579350330781
"14932","14932",1730,1722,1630,-0.0578034682080925
"14933","14933",4013,3775,6504,0.620732618988288
"14934","14934",4145,3681,3763,-0.0921592279855247
"14937","14937",7175,6989,6204,-0.135331010452962
"14938","14938",1558,1410,1612,0.0346598202824134
"14939","14939",2493,2492,2005,-0.195748094665062
"18044","18044",2493,2492,2005,-0.195748094665062
"14940","14940",6921,6906,7260,0.0489813610749892
"14941","14941",6221,5933,4646,-0.253174730750683
"14942","14942",3899,3810,3702,-0.050525775839959
"14943","14943",5311,6847,6278,0.182074938806251
"14944","14944",2193,2270,2105,-0.0401276789785682
"14945","14945",1355,1426,1519,0.121033210332103
"14946","14946",2700,2725,2722,0.00814814814814815
"14947","14947",2453,2467,2513,0.0244598450876478
"14948","14948",2701,2701,2691,-0.00370233246945576
"14949","14949",1692,1688,1830,0.0815602836879433
"14950","14950",4258,4263,3290,-0.227336777829967
"14951","14951",7183,7192,7081,-0.0142001949046359
"14953","14953",6655,6553,6531,-0.0186326070623591
"14955","14955",5268,5268,4622,-0.122627182991648
"14956","14956",2190,2214,2292,0.0465753424657534
"14957","14957",1523,1555,1491,-0.0210111621799081
"14958","14958",1075,1328,1141,0.0613953488372093
"14959","14959",3354,3007,2986,-0.109719737626714
"14960","14960",4655,4728,4432,-0.047905477980666
"14961","14961",3128,3229,3154,0.00831202046035806
"14962","14962",3418,3156,2993,-0.124341720304271
"14964","14964",3592,3571,4100,0.141425389755011
"14965","14965",2552,3267,2551,-0.000391849529780564
"14966","14966",4552,4631,4180,-0.0817223198594025
"14967","14967",3190,3134,3357,0.0523510971786834
"14968","14968",1699,1587,1608,-0.0535609181871689
"14969","14969",3157,3344,3140,-0.00538485904339563
"14970","14970",1825,2017,2237,0.225753424657534
"14973","14973",2987,2727,2797,-0.0636089722129227
"14974","14974",1838,1838,1894,0.0304678998911861
"14975","14975",3457,3219,3434,-0.00665316748625976
"14976","14976",1508,1502,1503,-0.00331564986737401
"14977","14977",5439,5379,5123,-0.0580989152417724
"14980","14980",4280,4396,6339,0.48107476635514
"14981","14981",1702,1989,1269,-0.254406580493537
"17580","17580",1702,1989,1269,-0.254406580493537
"14982","14982",3350,3655,4007,0.196119402985075
"14983","14983",4482,4339,4073,-0.0912539045069166
"14984","14984",3570,3567,3725,0.0434173669467787
"14985","14985",9254,9567,9361,0.0115625675383618
"14986","14986",1808,1690,1541,-0.147676991150442
"14987","14987",1800,1792,1904,0.0577777777777778
"14988","14988",965,908,961,-0.00414507772020725
"14990","14990",6261,6274,6383,0.0194857051589203
"14991","14991",3691,3695,3202,-0.132484421565971
"14992","14992",7069,7120,5910,-0.163955297779035
"14993","14993",2403,2104,2034,-0.153558052434457
"14994","14994",1883,1883,1922,0.0207116303770579
"19309","19309",1883,1883,1922,0.0207116303770579
"14995","14995",2806,3123,2232,-0.20456165359943
"17047","17047",2806,3123,2232,-0.20456165359943
"14996","14996",4134,4018,5344,0.292694726656991
"14997","14997",2557,2574,3386,0.324208056315995
"15034","15034",2557,2574,3386,0.324208056315995
"14998","14998",8467,8554,8289,-0.0210227943781741
"14999","14999",4382,4455,5115,0.167275216795984
"15000","15000",4345,4821,4727,0.0879171461449942
"15001","15001",9252,9330,8688,-0.0609597924773022
"15003","15003",1634,1632,1129,-0.30905752753978
"16067","16067",1634,1632,1129,-0.30905752753978
"15004","15004",4799,4682,4504,-0.061471139820796
"15005","15005",3040,3040,2830,-0.0690789473684211
"15006","15006",5057,5063,4577,-0.0949179355349021
"15007","15007",2271,2274,1618,-0.287538529282255
"15008","15008",4584,6589,5833,0.272469458987784
"15009","15009",4071,4036,4044,-0.00663227708179808
"15010","15010",2236,2236,2579,0.153398926654741
"15011","15011",1494,1494,1428,-0.0441767068273092
"15012","15012",2868,3698,2660,-0.0725244072524407
"15014","15014",1739,1549,1558,-0.104082806210466
"16902","16902",1739,1549,1558,-0.104082806210466
"15016","15016",4594,4732,4600,0.00130605137135394
"15017","15017",4814,4817,4876,0.012879102617366
"15018","15018",5492,5480,5516,0.00436999271667881
"15019","15019",5981,5708,6137,0.0260825948837987
"15021","15021",1599,1357,1398,-0.125703564727955
"18667","18667",1599,1357,1398,-0.125703564727955
"15022","15022",1893,1891,1985,0.0486001056524036
"15023","15023",10973,10920,8496,-0.225735897202224
"15024","15024",2298,2129,2311,0.00565709312445605
"15025","15025",4105,3548,3549,-0.135444579780755
"15026","15026",5785,5325,5250,-0.0924805531547105
"15027","15027",3087,3354,3357,0.0874635568513119
"15028","15028",2696,2556,2638,-0.021513353115727
"15029","15029",2148,2169,1915,-0.108472998137803
"15030","15030",3013,3013,4008,0.330235645536011
"15031","15031",7272,8854,7115,-0.0215896589658966
"15032","15032",6195,5858,3980,-0.357546408393866
"15033","15033",1529,1558,1738,0.136690647482014
"15035","15035",4128,4128,4110,-0.00436046511627907
"15036","15036",5890,5365,5260,-0.106960950764007
"15037","15037",1684,1377,1676,-0.00475059382422803
"15038","15038",2919,2927,3098,0.0613223706748887
"15039","15039",3049,3246,1974,-0.352574614627747
"15040","15040",1202,1199,1285,0.0690515806988353
"15041","15041",4504,4443,4296,-0.0461811722912966
"15042","15042",1502,1502,1502,0
"15043","15043",3814,3818,3864,0.0131095962244363
"15044","15044",4867,5015,5406,0.110745839326074
"15045","15045",5278,5633,5516,0.0450928381962865
"15046","15046",6069,6652,6676,0.100016477179107
"15047","15047",6719,6683,6346,-0.0555142134246168
"15048","15048",1483,1344,1355,-0.0863115306810519
"15049","15049",2037,2037,2034,-0.00147275405007364
"15050","15050",2184,2230,1991,-0.0883699633699634
"15051","15051",2223,1883,1616,-0.273054430949168
"15052","15052",4721,4702,3637,-0.229612370260538
"15054","15054",2010,2010,2063,0.0263681592039801
"15055","15055",5282,5223,4872,-0.0776221128360469
"15056","15056",3498,3743,3428,-0.0200114351057747
"15057","15057",2658,2689,2863,0.0771256583897667
"15058","15058",4037,3944,3863,-0.0431013128560813
"15059","15059",3440,3629,3420,-0.00581395348837209
"15060","15060",4529,4529,4406,-0.0271583130933981
"15061","15061",919,916,749,-0.184983677910773
"15062","15062",3170,3122,3154,-0.00504731861198738
"15063","15063",3213,3194,3355,0.0441954559601618
"15065","15065",2475,2443,3782,0.528080808080808
"15067","15067",3170,3191,3458,0.0908517350157729
"15069","15069",2520,2537,2407,-0.0448412698412698
"15070","15070",2783,2784,2829,0.0165289256198347
"15071","15071",4723,4928,4170,-0.117086597501588
"15072","15072",1033,1030,1040,0.00677637947725073
"15073","15073",5247,5744,4738,-0.0970078139889461
"15074","15074",953,953,1527,0.602308499475341
"15075","15075",8583,9831,9100,0.0602353489455901
"15076","15076",2198,2198,2737,0.245222929936306
"15077","15077",4810,4840,4779,-0.00644490644490645
"15078","15078",7176,8217,5939,-0.172380156075808
"15079","15079",1470,1470,1256,-0.145578231292517
"15080","15080",5948,5370,4669,-0.215030262273033
"15081","15081",8974,9035,9133,0.0177178515712057
"15082","15082",6598,6468,5150,-0.219460442558351
"15084","15084",3880,3761,3902,0.0056701030927835
"15085","15085",3481,3430,3414,-0.0192473427176099
"15086","15086",907,908,1213,0.337375964718853
"15087","15087",3714,3717,3405,-0.0831987075928918
"15088","15088",1876,1876,1985,0.0581023454157783
"15089","15089",5184,5468,4157,-0.198109567901235
"15090","15090",3532,3542,3189,-0.0971121177802945
"15091","15091",5033,5590,4725,-0.0611961057023644
"15092","15092",7410,7080,6155,-0.169365721997301
"15093","15093",3394,3407,2903,-0.144667059516794
"15095","15095",6732,6606,6513,-0.0325311942959002
"15096","15096",2913,2853,2462,-0.154823206316512
"15097","15097",1623,1810,1807,0.113370301910043
"15098","15098",3085,3085,3084,-0.000324149108589951
"15099","15099",1428,1428,1573,0.101540616246499
"15100","15100",8688,8506,7628,-0.122007366482505
"15101","15101",5224,5916,5923,0.133805513016845
"15102","15102",4306,4306,4326,0.00464468183929401
"15103","15103",6018,5927,6122,0.0172814888667331
"15105","15105",1989,1989,1978,-0.00553041729512318
"15106","15106",2097,2274,2259,0.0772532188841202
"15107","15107",3375,3369,3381,0.00177777777777778
"15108","15108",344,344,344,0
"15109","15109",6345,6347,6405,0.00945626477541371
"15110","15110",1233,1222,1578,0.279805352798054
"17815","17815",1233,1222,1578,0.279805352798054
"15111","15111",7075,5825,5356,-0.242968197879859
"15112","15112",3819,3664,2594,-0.32076459806232
"15113","15113",4940,4925,5183,0.0491902834008097
"15114","15114",3352,3352,3374,0.00656324582338902
"15115","15115",4681,4671,4209,-0.100833155308695
"15117","15117",3978,3771,3997,0.00477626948215184
"15118","15118",2365,2377,2333,-0.0135306553911205
"15119","15119",3013,3028,3011,-0.000663790242283438
"15120","15120",7060,7195,6907,-0.021671388101983
"15122","15122",5559,5493,5517,-0.00755531570426336
"15123","15123",1872,1873,1589,-0.151175213675214
"15124","15124",2223,2261,2256,0.0148448043184885
"15125","15125",2054,2053,2026,-0.0136319376825706
"15127","15127",3378,3378,3036,-0.101243339253996
"15128","15128",3345,3346,2957,-0.115994020926756
"15130","15130",2574,2577,2730,0.0606060606060606
"15131","15131",5342,5172,5080,-0.049045301385249
"15132","15132",2919,2824,2823,-0.0328879753340185
"15133","15133",4020,4015,3964,-0.0139303482587065
"15134","15134",2123,2120,2137,0.00659444182760245
"15135","15135",3566,3367,3283,-0.0793606281547953
"15136","15136",2641,2647,2584,-0.0215827338129496
"15137","15137",1484,1472,1566,0.055256064690027
"15138","15138",1218,1170,1214,-0.00328407224958949
"15139","15139",4510,4519,4053,-0.101330376940133
"15140","15140",1946,1881,1856,-0.0462487153134635
"15141","15141",1712,1712,1712,0
"15142","15142",4085,4086,3849,-0.0577723378212974
"15143","15143",3909,3909,3231,-0.17344589409056
"15145","15145",7679,7666,7520,-0.0207058210704519
"15147","15147",3491,3217,2334,-0.331423660842166
"15148","15148",1963,1983,2052,0.0453387671930718
"15149","15149",1575,1586,1559,-0.0101587301587302
"15150","15150",4368,4368,4550,0.0416666666666667
"15151","15151",2137,2317,2289,0.071127749181095
"15153","15153",2508,2523,2157,-0.139952153110048
"15154","15154",4259,4259,4276,0.00399154731157549
"15155","15155",5504,5801,5841,0.0612281976744186
"15156","15156",1457,1462,1472,0.0102951269732327
"15157","15157",3410,3410,2140,-0.372434017595308
"15158","15158",3283,3200,3366,0.0252817544928419
"15159","15159",3075,3079,2901,-0.0565853658536585
"15160","15160",3408,3264,3469,0.0178990610328639
"15161","15161",1898,1869,1916,0.00948366701791359
"15162","15162",4050,4192,4109,0.0145679012345679
"15163","15163",2236,2236,2235,-0.000447227191413238
"15164","15164",850,850,979,0.151764705882353
"15165","15165",5035,4695,4543,-0.0977159880834161
"15166","15166",2041,2052,1945,-0.0470357667809897
"18472","18472",2041,2052,1945,-0.0470357667809897
"19302","19302",2041,2052,1945,-0.0470357667809897
"15167","15167",6860,6858,5998,-0.125655976676385
"15168","15168",4374,3706,3724,-0.148605395518976
"15169","15169",2188,2188,3086,0.410420475319927
"15170","15170",5344,5389,3310,-0.38061377245509
"15171","15171",3186,3111,3209,0.00721908349026993
"15172","15172",3206,3206,3009,-0.061447286338116
"15173","15173",4626,4526,4823,0.0425853869433636
"15174","15174",1219,1218,1327,0.088597210828548
"15175","15175",3055,3052,3018,-0.0121112929623568
"15176","15176",1481,1500,1497,0.0108035111411209
"15177","15177",1411,1411,1608,0.139617292700213
"15178","15178",3905,3886,3973,0.0174135723431498
"15179","15179",1127,1044,999,-0.11357586512866
"15181","15181",2954,3064,2796,-0.0534867975626269
"15182","15182",5079,5166,5135,0.0110257924788344
"15183","15183",5616,5549,5398,-0.0388176638176638
"15184","15184",3019,2811,1541,-0.489566081483935
"15185","15185",7076,6935,5607,-0.2076031656303
"15187","15187",5788,6119,5377,-0.0710089841050449
"15188","15188",1885,1885,1682,-0.107692307692308
"15189","15189",3243,4046,3682,0.135368485969781
"15191","15191",5192,4994,4734,-0.0882126348228043
"15192","15192",8141,9596,8252,0.0136346886131925
"15193","15193",3382,3377,3199,-0.0541099940863394
"15194","15194",4806,4742,4904,0.0203911776945485
"15196","15196",5080,5071,7540,0.484251968503937
"15197","15197",4059,3715,3750,-0.0761271249076127
"15198","15198",11062,9821,10485,-0.0521605496293618
"15199","15199",1877,1722,1761,-0.0618007458710709
"17478","17478",1877,1722,1761,-0.0618007458710709
"15200","15200",4442,4330,4012,-0.0968032417829806
"15201","15201",5119,5123,4802,-0.0619261574526275
"15202","15202",1581,1346,1352,-0.144845034788109
"15203","15203",5682,5666,5861,0.0315029919042591
"15204","15204",2225,2225,1120,-0.496629213483146
"15205","15205",2751,2751,2660,-0.0330788804071247
"15206","15206",4033,4033,4045,0.00297545251673692
"15207","15207",2812,2824,3323,0.18172119487909
"15208","15208",2002,1985,2373,0.185314685314685
"15209","15209",5276,5279,5019,-0.0487111448066717
"15210","15210",2287,2425,2580,0.128115435067774
"15211","15211",6525,6527,6430,-0.0145593869731801
"15212","15212",3058,3174,3185,0.0415304120340092
"15213","15213",5585,5117,5175,-0.0734109221128021
"15214","15214",2627,2562,2730,0.0392082223068139
"15216","15216",5155,5465,5165,0.00193986420950533
"15217","15217",2173,2295,2366,0.0888173032673723
"15218","15218",10923,11233,9634,-0.118007873294882
"15219","15219",2621,2735,2705,0.0320488363220145
"15221","15221",2113,2116,1427,-0.324656885944155
"18880","18880",2113,2116,1427,-0.324656885944155
"15222","15222",4932,4930,4941,0.00182481751824818
"15223","15223",6462,6594,8915,0.379603837821108
"15224","15224",4698,4626,4658,-0.00851426138782461
"15225","15225",8245,8263,8291,0.00557913887204366
"15226","15226",2967,3431,2907,-0.0202224469160768
"15227","15227",1598,1611,1577,-0.0131414267834793
"15228","15228",3792,4074,3621,-0.0450949367088608
"15229","15229",6280,6312,5332,-0.150955414012739
"15230","15230",2079,2082,2083,0.00192400192400192
"15232","15232",1948,2034,1959,0.00564681724845996
"15233","15233",4802,4768,4942,0.0291545189504373
"15234","15234",8075,7996,7810,-0.0328173374613003
"15235","15235",3608,3546,3319,-0.08009977827051
"15236","15236",3159,2636,2622,-0.169990503323837
"15237","15237",2910,3278,3279,0.12680412371134
"15238","15238",4816,4727,4262,-0.115033222591362
"15239","15239",3681,3607,3619,-0.0168432491170877
"15240","15240",3368,3230,2658,-0.210807600950119
"15241","15241",2294,2294,3628,0.58151700087184
"15242","15242",4188,4232,3508,-0.162368672397326
"15243","15243",3534,3530,3240,-0.0831918505942275
"15244","15244",2360,2845,2950,0.25
"15245","15245",1671,1800,1678,0.00418910831837223
"15246","15246",2047,1321,1380,-0.325842696629214
"15247","15247",5461,5160,5328,-0.0243545138253067
"15248","15248",3710,3505,4662,0.256603773584906
"15249","15249",1345,1320,1187,-0.117472118959108
"15250","15250",2489,2833,2551,0.0249096022498996
"15251","15251",2025,1992,1996,-0.014320987654321
"15252","15252",2023,2334,2411,0.191794364804745
"15253","15253",2075,1969,2036,-0.0187951807228916
"15254","15254",5046,4995,5326,0.0554894966309948
"15255","15255",5723,5472,3787,-0.338284116721999
"15256","15256",2722,2742,1791,-0.342027920646583
"15257","15257",6105,9198,5954,-0.0247338247338247
"15259","15259",9272,9104,9397,0.013481449525453
"15260","15260",2090,3100,2466,0.179904306220096
"15261","15261",798,798,865,0.0839598997493734
"15262","15262",2329,2176,1273,-0.453413482181194
"15263","15263",3333,3543,3481,0.0444044404440444
"15264","15264",4660,4685,4795,0.0289699570815451
"15265","15265",2230,2356,2435,0.0919282511210762
"15266","15266",2697,2702,2641,-0.0207638116425658
"15268","15268",6878,6925,7199,0.0466705437627217
"15270","15270",10830,15693,13151,0.214312096029548
"15271","15271",4390,4404,4121,-0.0612756264236902
"15272","15272",4300,4455,4567,0.062093023255814
"15273","15273",3705,4005,4221,0.139271255060729
"15274","15274",1359,1359,1392,0.0242825607064018
"15275","15275",3326,3324,2998,-0.0986169573060734
"19996","19996",3326,3324,2998,-0.0986169573060734
"15276","15276",1230,1230,1230,0
"15277","15277",5397,5340,5208,-0.0350194552529183
"15278","15278",1877,1867,1418,-0.24453915823122
"15279","15279",2405,2406,2430,0.0103950103950104
"15281","15281",7007,7046,5821,-0.169259312116455
"15282","15282",2924,2233,2759,-0.0564295485636115
"15283","15283",1343,1255,1392,0.0364854802680566
"15284","15284",4038,3383,4045,0.00173353145121347
"15285","15285",3312,3247,3196,-0.035024154589372
"15286","15286",1998,2102,2662,0.332332332332332
"15287","15287",2701,2706,2711,0.00370233246945576
"15289","15289",1523,1958,1557,0.0223243598161523
"15290","15290",6437,6425,6186,-0.0389933198695044
"15291","15291",5836,5485,5515,-0.0550034270047978
"15292","15292",3506,3370,3539,0.0094124358243012
"15295","15295",11093,11234,7761,-0.300369602451997
"15296","15296",10256,10045,10003,-0.0246684867394696
"15297","15297",2239,2254,2540,0.134435015631979
"17683","17683",2239,2254,2540,0.134435015631979
"15298","15298",6210,6096,6099,-0.0178743961352657
"15299","15299",4441,4557,6667,0.50123845980635
"15300","15300",2509,2509,2509,0
"15301","15301",2557,2459,2029,-0.206491982792335
"15302","15302",2438,2441,2206,-0.0951599671862182
"15303","15303",5246,5971,5698,0.0861608844834159
"15304","15304",3910,3831,3717,-0.0493606138107417
"15305","15305",8820,9333,8587,-0.0264172335600907
"15306","15306",5012,4891,5507,0.0987629688747007
"15307","15307",4286,3981,3710,-0.134391040597294
"15308","15308",4526,4526,4851,0.0718073353954927
"15310","15310",2818,2818,2801,-0.00603264726756565
"15311","15311",5040,5219,3881,-0.229960317460317
"15312","15312",1935,1790,1957,0.0113695090439276
"15314","15314",2758,2668,2803,0.0163161711385062
"15315","15315",6966,6617,6748,-0.0312948607522251
"15316","15316",1441,1452,1449,0.00555170020818876
"15318","15318",2958,2948,2860,-0.033130493576741
"15319","15319",4885,4887,4617,-0.0548618219037871
"15320","15320",2110,2110,1991,-0.0563981042654028
"15321","15321",7674,7729,7583,-0.0118582225697159
"15322","15322",4886,4574,4959,0.0149406467458043
"15323","15323",3339,3570,3057,-0.0844564240790656
"15324","15324",4213,4174,4151,-0.0147163541419416
"15325","15325",2431,2433,2037,-0.16207322089675
"15326","15326",579,579,697,0.203799654576857
"15328","15328",3915,4311,3533,-0.09757343550447
"15329","15329",2603,2602,2688,0.0326546292739147
"15330","15330",1213,1213,1307,0.0774938169826875
"15331","15331",3554,3658,3584,0.0084411930219471
"15332","15332",3413,3175,2844,-0.166715499560504
"15333","15333",1311,1308,1317,0.0045766590389016
"15334","15334",3495,3579,2923,-0.163662374821173
"15335","15335",12940,12756,12818,-0.00942812982998454
"15336","15336",3860,3864,3869,0.00233160621761658
"15337","15337",4040,4040,4197,0.0388613861386139
"15338","15338",2296,2371,2501,0.0892857142857143
"15339","15339",6786,6472,5496,-0.190097259062776
"15341","15341",1762,1824,1854,0.0522133938706016
"15342","15342",4409,4409,4126,-0.0641868904513495
"15343","15343",3131,2950,3029,-0.0325774512935164
"15344","15344",3375,3087,2905,-0.139259259259259
"15345","15345",1054,1054,1053,-0.00094876660341556
"15347","15347",2104,2117,2054,-0.0237642585551331
"15348","15348",1654,1653,1642,-0.00725513905683192
"15349","15349",2207,2268,2460,0.114635251472587
"15350","15350",720,720,721,0.00138888888888889
"15351","15351",12211,12426,9825,-0.19539759233478
"15353","15353",2507,2168,2203,-0.12126047068209
"15354","15354",6450,6321,6505,0.00852713178294574
"15355","15355",1476,1463,1972,0.336043360433604
"15356","15356",2738,2876,2618,-0.043827611395179
"15357","15357",8395,8691,8429,0.00405002977963073
"15358","15358",2553,2500,4400,0.72346259302781
"15359","15359",1439,1434,1213,-0.157053509381515
"15360","15360",2742,2751,1825,-0.334427425237053
"15362","15362",767,767,782,0.0195567144719687
"17311","17311",767,767,782,0.0195567144719687
"15363","15363",7328,7106,7148,-0.0245633187772926
"15364","15364",2470,2461,2469,-0.000404858299595142
"15365","15365",2204,2204,2236,0.014519056261343
"15366","15366",4342,4743,4442,0.0230308613542146
"15367","15367",4165,4169,4365,0.0480192076830732
"15368","15368",3538,3541,3107,-0.121820237422272
"15370","15370",2293,2760,3450,0.504579153946795
"15371","15371",2557,2565,2385,-0.067266327727806
"15372","15372",3421,3407,3015,-0.118678748903829
"15373","15373",12116,12228,11487,-0.0519148233740508
"15374","15374",1402,1517,1416,0.00998573466476462
"15375","15375",4432,4556,4454,0.00496389891696751
"15376","15376",5900,6039,5614,-0.0484745762711864
"15377","15377",6243,6202,4474,-0.283357360243473
"15378","15378",4319,4200,4254,-0.0150497800416763
"15379","15379",11434,11212,11648,0.0187161098478223
"15380","15380",8344,8914,8013,-0.0396692233940556
"15381","15381",3072,3060,2919,-0.0498046875
"15382","15382",1939,1938,1871,-0.0350696235172769
"19412","19412",1939,1938,1871,-0.0350696235172769
"15383","15383",3684,3684,3313,-0.100705754614549
"15384","15384",3137,3148,2797,-0.108383806184252
"15385","15385",2697,2695,2423,-0.101594364108268
"15386","15386",2861,3229,3250,0.135966445298847
"15387","15387",7083,7199,6866,-0.0306367358463928
"15388","15388",4721,4721,4643,-0.0165219233213302
"15389","15389",3081,3015,2999,-0.026614735475495
"15390","15390",1816,1756,1462,-0.194933920704846
"15391","15391",3932,3951,4037,0.0267039674465921
"15392","15392",2770,2799,2396,-0.135018050541516
"15393","15393",5544,6093,5934,0.0703463203463204
"15394","15394",6227,6232,5662,-0.0907339007547776
"15395","15395",8595,8589,11008,0.280744618964514
"15396","15396",2628,2722,2697,0.0262557077625571
"15397","15397",1987,1986,1929,-0.0291897332662305
"15398","15398",9047,9221,7181,-0.206256217530673
"15399","15399",11706,16976,14873,0.270545019648044
"15400","15400",3791,3097,3208,-0.153785280928515
"15401","15401",4725,5281,4413,-0.066031746031746
"15402","15402",973,1133,1419,0.458376156217883
"15403","15403",3645,3698,3443,-0.0554183813443073
"15404","15404",5077,4915,5052,-0.00492416781563916
"16956","16956",5077,4915,5052,-0.00492416781563916
"15405","15405",3742,3686,3598,-0.0384820951362908
"15406","15406",1705,1702,1521,-0.10791788856305
"15407","15407",4296,4317,3824,-0.109869646182495
"15408","15408",3412,3426,3401,-0.00322391559202814
"15409","15409",2388,2340,2389,0.000418760469011725
"15410","15410",4463,4346,4246,-0.0486220031369034
"15411","15411",4203,3632,4203,0
"15412","15412",3309,3198,3491,0.0550015110305228
"15413","15413",5066,5407,5247,0.0357283853138571
"15414","15414",3504,3529,3550,0.0131278538812785
"15415","15415",2992,2988,3994,0.334893048128342
"15416","15416",6284,5999,8762,0.394334818586887
"15417","15417",1141,1145,1292,0.132340052585451
"15418","15418",3931,3932,3944,0.00330704655303994
"15419","15419",3408,3460,3407,-0.000293427230046948
"15420","15420",1605,1594,1595,-0.00623052959501558
"15422","15422",4987,4993,4588,-0.080008020854221
"15423","15423",2274,2095,2099,-0.0769569041336851
"15424","15424",1674,1535,1394,-0.16726403823178
"17858","17858",1674,1535,1394,-0.16726403823178
"15425","15425",5891,8828,7412,0.258190460023765
"15426","15426",2792,2784,2375,-0.149355300859599
"15427","15427",2386,2288,2395,0.00377200335289187
"15428","15428",2898,2898,2720,-0.0614216701173223
"15429","15429",4489,4491,4585,0.0213856092670973
"15430","15430",1703,1838,1762,0.0346447445684087
"15431","15431",2687,2690,2450,-0.0882024562709341
"15433","15433",3115,3115,2125,-0.317817014446228
"15434","15434",1908,2192,2277,0.193396226415094
"15435","15435",1417,1409,1355,-0.0437544107268878
"15436","15436",895,895,1255,0.402234636871508
"15437","15437",1088,1116,1252,0.150735294117647
"15438","15438",2099,2049,2221,0.0581229156741305
"15439","15439",1633,1628,1716,0.0508266993263931
"15440","15440",2360,2352,2260,-0.0423728813559322
"15441","15441",3005,3005,3114,0.0362728785357737
"15442","15442",3029,2637,2830,-0.0656982502476065
"15443","15443",10115,10606,8921,-0.118042511122096
"15444","15444",9683,11164,10261,0.0596922441392131
"15445","15445",1876,1876,1921,0.0239872068230277
"15446","15446",3714,3720,3570,-0.0387722132471729
"15447","15447",3191,3188,3479,0.090253838921968
"15448","15448",4691,4455,4319,-0.0793007887444042
"15449","15449",6883,7409,6191,-0.100537556298126
"15450","15450",6387,5729,6608,0.0346015343666823
"15451","15451",2503,2501,1985,-0.206951658010388
"15452","15452",1226,1187,1212,-0.0114192495921697
"15453","15453",1539,1539,1539,0
"15454","15454",2765,2743,2642,-0.0444846292947559
"15455","15455",9429,9490,9625,0.0207869339272457
"15456","15456",7361,7858,7639,0.0377666077978536
"15457","15457",2125,2125,2315,0.0894117647058824
"15458","15458",2326,2320,2416,0.0386930352536543
"15459","15459",1930,1724,1867,-0.0326424870466321
"19006","19006",1930,1724,1867,-0.0326424870466321
"15460","15460",2988,2686,2108,-0.294511378848728
"15461","15461",7029,7107,6302,-0.103428652724427
"15462","15462",3248,3360,2873,-0.115455665024631
"15463","15463",3387,3387,5048,0.490404487747269
"15464","15464",3608,3895,3997,0.107815964523282
"15466","15466",4717,4719,4186,-0.112571549713801
"15468","15468",2719,2413,2266,-0.166605369621184
"17486","17486",2719,2413,2266,-0.166605369621184
"15469","15469",4445,4812,4887,0.099437570303712
"15470","15470",4208,4265,4368,0.0380228136882129
"15471","15471",2388,2398,2450,0.025963149078727
"15472","15472",5951,5918,5455,-0.083347336582087
"15473","15473",4186,3333,2973,-0.289775441949355
"15474","15474",2595,2663,2490,-0.0404624277456647
"18579","18579",2595,2663,2490,-0.0404624277456647
"15475","15475",3755,3448,3533,-0.059121171770972
"15476","15476",2136,1442,1423,-0.333801498127341
"15477","15477",3575,3545,3077,-0.139300699300699
"15478","15478",3571,3443,3478,-0.026043125175021
"16685","16685",3571,3443,3478,-0.026043125175021
"15479","15479",2130,2149,1615,-0.241784037558685
"15480","15480",6497,5540,5077,-0.218562413421579
"15481","15481",6603,8097,7321,0.108738452218688
"15482","15482",4262,4451,3980,-0.0661661191928672
"15483","15483",5375,5597,4656,-0.133767441860465
"15484","15484",2516,2511,2401,-0.0457074721780604
"15485","15485",4015,3971,3374,-0.159651307596513
"15487","15487",3200,3202,3258,0.018125
"15488","15488",2518,2634,2634,0.0460683081810961
"16553","16553",2518,2634,2634,0.0460683081810961
"15490","15490",4951,4966,5130,0.0361543122601495
"15492","15492",5237,5161,5352,0.0219591369104449
"15493","15493",5039,4442,4448,-0.117285175630085
"15494","15494",3754,3754,3589,-0.0439531166755461
"15495","15495",5094,5109,4788,-0.0600706713780919
"15496","15496",4453,4891,4861,0.0916236245227936
"15498","15498",5014,4930,4861,-0.0305145592341444
"15499","15499",2029,1998,2303,0.13504189255791
"15500","15500",3422,3418,3399,-0.00672121566335476
"15501","15501",931,927,959,0.0300751879699248
"15502","15502",7001,6702,5696,-0.186401942579631
"15503","15503",5730,5733,5857,0.0221640488656195
"15504","15504",3006,3025,2569,-0.145375914836993
"16666","16666",3006,3025,2569,-0.145375914836993
"15505","15505",1580,1713,1471,-0.0689873417721519
"15506","15506",2597,2611,2988,0.150558336542164
"15507","15507",4763,4756,4677,-0.0180558471551543
"15508","15508",9718,9552,8963,-0.0776908828977156
"15509","15509",4623,5050,4745,0.0263897901795371
"15510","15510",4906,5100,5007,0.0205870362821035
"15511","15511",3440,3444,3979,0.156686046511628
"15512","15512",2024,2003,2167,0.0706521739130435
"15513","15513",1125,1123,997,-0.113777777777778
"15514","15514",1170,982,959,-0.18034188034188
"15515","15515",7192,7181,6312,-0.122358175750834
"15516","15516",4131,4060,4001,-0.0314693778746066
"15517","15517",3697,3713,3475,-0.0600486881255072
"15518","15518",5184,4174,4297,-0.171103395061728
"15519","15519",1983,1857,1928,-0.0277357539082199
"15520","15520",2689,2069,2096,-0.220528077352176
"15521","15521",5884,5828,6298,0.0703602991162475
"15522","15522",2741,2648,2420,-0.117110543597227
"15523","15523",2429,2190,2553,0.0510498147385755
"15524","15524",2660,2613,2724,0.0240601503759399
"15526","15526",5812,6281,5481,-0.0569511355815554
"15527","15527",2870,3659,2823,-0.0163763066202091
"15528","15528",4291,4337,4530,0.0556979725005826
"15529","15529",6954,7125,7001,0.00675870002876043
"15530","15530",3174,3189,2866,-0.0970384373030876
"15532","15532",3167,2824,2872,-0.0931480896747711
"15533","15533",4579,4126,3889,-0.15068792312732
"15534","15534",4628,4526,4253,-0.081028522039758
"15535","15535",3298,3290,2928,-0.112189205579139
"15536","15536",1652,1647,635,-0.615617433414044
"15537","15537",1430,1431,1473,0.0300699300699301
"15538","15538",2856,2837,2522,-0.116946778711485
"15539","15539",2291,2291,2394,0.0449585333915321
"15541","15541",2612,2606,2929,0.121362940275651
"15542","15542",3768,4747,5851,0.552813163481953
"15544","15544",6051,6078,5224,-0.136671624524872
"15545","15545",1108,1108,1108,0
"15546","15546",4991,4658,4576,-0.0831496694049289
"15547","15547",3461,3461,3467,0.00173360300491188
"15548","15548",1235,1235,1245,0.00809716599190283
"15549","15549",4948,4965,4389,-0.112974939369442
"15550","15550",2107,2110,2115,0.003796867584243
"15551","15551",5622,5634,4957,-0.118285307719673
"15552","15552",1412,1411,1578,0.117563739376771
"19287","19287",1412,1411,1578,0.117563739376771
"15553","15553",4398,4066,4151,-0.0561618917689859
"15554","15554",3200,3180,2999,-0.0628125
"15555","15555",4761,4701,4445,-0.0663726107960513
"15556","15556",3125,3110,2549,-0.18432
"15557","15557",5024,5066,4955,-0.013734076433121
"15558","15558",3561,3574,3810,0.0699241786015164
"15559","15559",2769,1638,1681,-0.392921632358252
"15560","15560",4440,4862,4460,0.0045045045045045
"15561","15561",2264,2268,2199,-0.0287102473498233
"15562","15562",3550,3538,3125,-0.119718309859155
"15564","15564",6836,6546,6534,-0.0441778818022235
"15566","15566",5964,5943,4977,-0.165492957746479
"15567","15567",4851,4930,4782,-0.0142238713667285
"15569","15569",3566,3565,3506,-0.0168255748738082
"15570","15570",7573,7387,6981,-0.0781724547735376
"15571","15571",1606,1606,1641,0.0217932752179328
"15572","15572",6022,6093,5087,-0.155264031883095
"15574","15574",4251,4251,4261,0.00235238767348859
"15575","15575",1804,1827,1732,-0.0399113082039911
"15578","15578",4522,7449,6970,0.541353383458647
"15579","15579",9103,9223,9141,0.00417444798418104
"15580","15580",1912,1817,1762,-0.0784518828451883
"15581","15581",12511,12870,11991,-0.0415634241867157
"15582","15582",2690,2433,2434,-0.0951672862453532
"15583","15583",4614,3920,4399,-0.0465973125270915
"15584","15584",3771,3839,3795,0.00636435958631663
"15585","15585",2436,2436,2436,0
"15586","15586",6023,5800,4557,-0.243400298854391
"15587","15587",3604,3687,3676,0.0199778024417314
"15588","15588",3498,3310,3887,0.111206403659234
"15589","15589",5848,5946,6149,0.0514705882352941
"15590","15590",3563,3663,3664,0.0283468986808869
"15591","15591",3128,2710,3354,0.0722506393861893
"15592","15592",3143,3122,2585,-0.177537384664333
"15593","15593",2731,2589,2707,-0.00878798974734529
"16152","16152",2731,2589,2707,-0.00878798974734529
"15594","15594",2205,2201,2457,0.114285714285714
"15595","15595",4024,3966,3945,-0.0196322067594433
"15597","15597",1901,1901,1899,-0.00105207785376118
"15599","15599",5681,5215,5136,-0.0959338144692836
"15600","15600",2370,2370,2136,-0.0987341772151899
"15601","15601",4848,5114,4781,-0.0138201320132013
"15603","15603",5910,5944,6030,0.0203045685279188
"15604","15604",2299,2739,2850,0.239669421487603
"15605","15605",1377,1716,1317,-0.0435729847494553
"15607","15607",1921,1921,2195,0.14263404476835
"15608","15608",1099,1003,1163,0.0582347588717015
"15609","15609",12722,12694,12315,-0.0319918251847194
"15611","15611",4129,3856,4055,-0.0179220150157423
"15612","15612",6335,6199,5922,-0.0651933701657459
"15613","15613",2528,2368,2430,-0.0387658227848101
"15614","15614",6774,6836,6796,0.00324771183938589
"15615","15615",7334,7789,7874,0.0736296700299973
"15616","15616",2792,2883,2799,0.00250716332378224
"15617","15617",4094,4274,4097,0.000732779677576942
"15618","15618",1016,1019,985,-0.030511811023622
"15619","15619",8190,8223,7061,-0.137851037851038
"15621","15621",2464,2142,2386,-0.0316558441558442
"15624","15624",3022,3033,3464,0.14626075446724
"15625","15625",4384,4389,4423,0.00889598540145985
"15626","15626",6067,6047,5697,-0.0609856601285644
"15627","15627",3619,3478,3051,-0.156949433545178
"15628","15628",4662,4286,4565,-0.0208065208065208
"15629","15629",5528,6445,6496,0.175108538350217
"15630","15630",3269,3116,3297,0.00856531049250535
"15808","15808",3269,3116,3297,0.00856531049250535
"15631","15631",10942,11842,10714,-0.0208371412904405
"15632","15632",3859,4016,3679,-0.0466442083441306
"15635","15635",3606,3606,3672,0.0183028286189684
"15636","15636",2171,2208,2494,0.148779364348227
"15638","15638",5879,5339,3613,-0.385439700629359
"15639","15639",4519,4520,4159,-0.0796636423987608
"15640","15640",4338,4340,4620,0.0650069156293223
"15641","15641",3596,3617,3787,0.0531145717463849
"15642","15642",2798,2527,2371,-0.152609006433167
"15644","15644",5517,5518,5757,0.0435019032082654
"15645","15645",1805,1722,1889,0.0465373961218837
"15646","15646",2677,2947,2716,0.0145685468808368
"15647","15647",3057,3090,2941,-0.0379456983971214
"15648","15648",3366,3445,3737,0.110219845513963
"15649","15649",2856,2517,2551,-0.106792717086835
"15650","15650",2220,2156,2153,-0.0301801801801802
"15651","15651",3625,3428,3399,-0.0623448275862069
"15652","15652",4409,4218,4225,-0.0417328192333863
"15653","15653",4591,3494,3272,-0.287301241559573
"15654","15654",8012,8658,6719,-0.161382925611583
"15655","15655",6609,6819,6645,0.00544711756695415
"15657","15657",2888,3322,2520,-0.127423822714681
"15658","15658",2801,2926,2933,0.047126026419136
"15659","15659",6028,6038,5874,-0.0255474452554745
"15660","15660",1693,1696,1844,0.0891907855877141
"15661","15661",1111,1106,1070,-0.0369036903690369
"15662","15662",9048,9751,10045,0.110190097259063
"15663","15663",2541,2527,2368,-0.0680834317197954
"15664","15664",3757,3757,3737,-0.00532339632685653
"15665","15665",5876,5702,5589,-0.0488427501701838
"15666","15666",2521,2495,2481,-0.0158667195557319
"15667","15667",8564,9379,6810,-0.204810836057917
"15668","15668",4370,4289,4382,0.00274599542334096
"15669","15669",11557,11573,10320,-0.107034697585879
"15670","15670",3125,3122,3429,0.09728
"15671","15671",5523,5526,5704,0.0327720441788883
"15672","15672",3392,3449,3446,0.0159198113207547
"15673","15673",7707,7655,4573,-0.406643311275464
"15674","15674",3510,3625,3487,-0.00655270655270655
"15675","15675",4176,3798,2886,-0.308908045977011
"15676","15676",4354,4386,3761,-0.136196600826826
"15677","15677",3045,3039,3039,-0.00197044334975369
"15680","15680",5028,5033,5048,0.00397772474144789
"15681","15681",2120,2348,2330,0.0990566037735849
"15683","15683",6471,6608,7054,0.0900942667284809
"15684","15684",3232,3232,3231,-0.000309405940594059
"15686","15686",6160,5625,4889,-0.206331168831169
"15687","15687",4039,4039,6140,0.520178261946026
"15688","15688",6022,6093,5087,-0.155264031883095
"15690","15690",920,950,1051,0.142391304347826
"15691","15691",1979,1979,1992,0.00656897422940879
"15692","15692",2849,2936,3320,0.165321165321165
"15693","15693",1733,1736,1598,-0.0778995960761685
"15694","15694",5915,5607,8202,0.386644125105664
"15696","15696",4794,4800,4152,-0.133917396745932
"15697","15697",3653,3138,4431,0.212975636463181
"15698","15698",11278,10725,9899,-0.122273452739847
"15699","15699",2384,2247,2286,-0.0411073825503356
"15700","15700",4936,4810,4900,-0.00729335494327391
"17344","17344",4936,4810,4900,-0.00729335494327391
"15701","15701",4241,4028,3800,-0.103984909219524
"15702","15702",5298,5627,5653,0.0670064175160438
"15703","15703",1715,1717,1563,-0.0886297376093294
"15705","15705",920,1500,958,0.041304347826087
"15706","15706",2679,2811,2631,-0.0179171332586786
"15707","15707",1352,1351,1154,-0.146449704142012
"15708","15708",3216,3431,3329,0.035136815920398
"15709","15709",838,838,910,0.0859188544152745
"15710","15710",1114,1114,1114,0
"15711","15711",3248,3173,3157,-0.0280172413793103
"15712","15712",3163,3162,3449,0.0904204868795447
"15713","15713",2133,2075,2074,-0.0276605719643694
"15714","15714",1929,1950,2176,0.128045619491965
"15715","15715",3388,3457,3278,-0.0324675324675325
"15716","15716",6124,5784,5583,-0.0883409536250816
"15717","15717",7284,7355,7394,0.0151015925315761
"15718","15718",1431,1341,1326,-0.0733752620545073
"15719","15719",4985,4991,5585,0.120361083249749
"15720","15720",5761,4389,4087,-0.290574553028988
"15721","15721",2567,2438,2255,-0.121542656797818
"15722","15722",2761,2696,2724,-0.0134009416877943
"15724","15724",7343,7348,9078,0.236279449816151
"15725","15725",6643,6631,10344,0.557127803703146
"15726","15726",3889,3473,3418,-0.121110825404988
"15727","15727",5300,5262,5262,-0.00716981132075472
"15728","15728",4881,4788,5106,0.0460971112476951
"15729","15729",7175,6762,7068,-0.0149128919860627
"15730","15730",6031,5838,3547,-0.411871994694081
"15731","15731",453,564,567,0.251655629139073
"15732","15732",5048,5105,5177,0.025554675118859
"15733","15733",2211,2682,2395,0.0832202623247399
"15736","15736",2331,3418,2606,0.117975117975118
"15737","15737",3156,3199,3026,-0.041191381495564
"15738","15738",2600,2031,2182,-0.160769230769231
"15739","15739",3361,3391,2842,-0.154418327878608
"15740","15740",1540,1545,1362,-0.115584415584416
"15741","15741",2510,2510,2556,0.0183266932270916
"15742","15742",2958,2247,2016,-0.318458417849899
"15743","15743",1608,1496,1824,0.134328358208955
"15744","15744",2874,2873,2898,0.00835073068893528
"15746","15746",3589,3695,3781,0.053496795764837
"15747","15747",6888,6881,6084,-0.116724738675958
"15748","15748",5856,6078,4091,-0.301400273224044
"15749","15749",1835,1846,1366,-0.25558583106267
"15750","15750",3529,3508,3605,0.0215358458486823
"18249","18249",3529,3508,3605,0.0215358458486823
"15751","15751",2413,2772,2635,0.0920016576875259
"15752","15752",7061,8415,8019,0.135674833592975
"15755","15755",4731,4767,5084,0.0746142464595223
"15757","15757",3496,3501,3051,-0.127288329519451
"15758","15758",4013,3796,3795,-0.0543234487914279
"15759","15759",1890,2023,2083,0.102116402116402
"15760","15760",4897,4900,4929,0.00653461302838473
"15761","15761",3015,2938,2942,-0.024212271973466
"15762","15762",3000,3000,2765,-0.0783333333333333
"15763","15763",1158,1220,1306,0.127806563039724
"15764","15764",2793,2595,2694,-0.0354457572502685
"15765","15765",1661,1601,1424,-0.142685129440096
"15766","15766",4090,4063,4040,-0.0122249388753056
"15767","15767",3224,3175,2773,-0.139888337468983
"15768","15768",6164,6318,6155,-0.00146009085009734
"15769","15769",3042,3047,2495,-0.179815910585141
"15770","15770",1472,1951,2181,0.481657608695652
"15771","15771",5793,5796,5564,-0.0395304678059727
"15772","15772",2009,2032,2024,0.00746640119462419
"15773","15773",4421,4394,4163,-0.0583578375933047
"15774","15774",3876,4395,4684,0.208462332301342
"15775","15775",4194,4508,4297,0.0245588936576061
"15777","15777",2711,2781,2794,0.0306160088528218
"15778","15778",1299,1416,1391,0.0708237105465743
"15779","15779",2744,2770,2780,0.0131195335276968
"15780","15780",2771,2753,2373,-0.143630458318297
"15782","15782",2814,2763,2419,-0.140369580668088
"15783","15783",2602,2572,2643,0.0157571099154497
"15784","15784",3187,3012,3172,-0.0047066206463759
"15785","15785",4373,4672,4889,0.117996798536474
"15786","15786",1787,1792,1475,-0.174594292109681
"15787","15787",3618,3665,3324,-0.0812603648424544
"15788","15788",5939,5901,5967,0.00471459841724196
"15789","15789",6397,6344,7233,0.130686259183992
"15790","15790",7666,7696,8640,0.127054526480564
"15791","15791",3526,3530,2938,-0.166761202495746
"15792","15792",2114,2120,1620,-0.23368022705771
"15793","15793",2292,2293,2712,0.183246073298429
"15794","15794",4547,4547,4406,-0.0310094567846932
"15795","15795",3114,2640,2317,-0.255940912010276
"15796","15796",2957,2860,2780,-0.0598579641528576
"15797","15797",8329,9794,8095,-0.0280946091967823
"15798","15798",5416,5336,5313,-0.0190177252584934
"15799","15799",1996,1996,1857,-0.0696392785571142
"15800","15800",2979,2979,3059,0.0268546492111447
"15801","15801",3064,3025,2814,-0.0815926892950392
"15802","15802",1868,1868,2040,0.0920770877944325
"15803","15803",4116,4036,4190,0.0179786200194363
"15804","15804",1182,1125,1257,0.0634517766497462
"15805","15805",3415,3403,3138,-0.081112737920937
"15806","15806",9874,10059,9869,-0.000506380392951185
"15807","15807",2435,2435,3643,0.496098562628337
"15809","15809",2136,1621,1561,-0.269194756554307
"15810","15810",1864,1718,1665,-0.106759656652361
"15811","15811",8734,8379,7946,-0.0902221204488207
"15812","15812",5879,5558,4577,-0.22146623575438
"15813","15813",2476,2483,2268,-0.0840064620355412
"15814","15814",1860,1863,1881,0.0112903225806452
"15815","15815",2660,2628,2819,0.0597744360902256
"15816","15816",2704,2700,2168,-0.198224852071006
"15817","15817",1910,1911,1993,0.043455497382199
"15818","15818",3459,3827,3828,0.106678230702515
"15820","15820",8991,8981,11239,0.250027805583361
"15821","15821",3621,3621,3786,0.0455675227837614
"15823","15823",8444,8404,8983,0.0638323069635244
"15824","15824",3279,3301,3410,0.0399512046355596
"15825","15825",2060,2085,2051,-0.00436893203883495
"15826","15826",6952,7207,6076,-0.126006904487917
"15827","15827",1739,1697,1720,-0.0109258194364577
"15828","15828",1132,1145,1197,0.0574204946996466
"15829","15829",4474,4184,4055,-0.0936522127849799
"15830","15830",2975,2549,2638,-0.11327731092437
"15831","15831",2917,2917,2549,-0.126157010627357
"15833","15833",2189,2186,2007,-0.0831429876656007
"19211","19211",2189,2186,2007,-0.0831429876656007
"15834","15834",3818,3660,3051,-0.200890518596124
"15835","15835",4698,3089,2531,-0.461260110685398
"15836","15836",1800,1800,2051,0.139444444444444
"15931","15931",1800,1800,2051,0.139444444444444
"15837","15837",2075,2089,2338,0.126746987951807
"15838","15838",1046,1046,1060,0.0133843212237094
"15839","15839",3004,2884,2936,-0.0226364846870839
"15841","15841",2449,2488,1994,-0.18579011841568
"15842","15842",3710,3476,3280,-0.115902964959569
"15843","15843",5588,5124,5148,-0.078740157480315
"15845","15845",5854,5855,6218,0.0621797061838059
"15847","15847",4940,5390,3889,-0.212753036437247
"15848","15848",848,848,850,0.00235849056603774
"15849","15849",1999,2453,2469,0.23511755877939
"15850","15850",1947,1946,1958,0.00564971751412429
"15851","15851",3655,3148,3527,-0.0350205198358413
"15852","15852",4585,4505,4890,0.0665212649945474
"15853","15853",1435,1439,1460,0.0174216027874564
"15854","15854",1605,1606,1551,-0.0336448598130841
"15855","15855",1177,1178,987,-0.16142735768904
"15856","15856",4915,4857,4354,-0.114140386571719
"15857","15857",9053,8527,7862,-0.131558599359328
"15859","15859",3531,3557,3511,-0.00566411781365052
"15860","15860",5436,5371,5395,-0.00754231052244297
"15861","15861",4282,4702,4583,0.0702942550210182
"15862","15862",13557,14094,11092,-0.181824887511986
"15863","15863",3860,3871,2864,-0.258031088082902
"15866","15866",1631,1696,1531,-0.0613120784794605
"15868","15868",10610,10277,9936,-0.0635249764373233
"15869","15869",3319,3035,2802,-0.15576981018379
"15870","15870",8423,8448,7866,-0.0661284577941351
"15871","15871",4544,4466,4420,-0.0272887323943662
"15872","15872",7588,7417,5545,-0.269240906694781
"15874","15874",2130,2125,2030,-0.0469483568075117
"15875","15875",4780,4213,4416,-0.0761506276150628
"15876","15876",7440,8178,7503,0.00846774193548387
"15877","15877",4964,5258,5053,0.0179290894439968
"15878","15878",8793,9107,8157,-0.0723302627089731
"15880","15880",3467,3465,3456,-0.00317277184886069
"15881","15881",8920,8937,9024,0.0116591928251121
"15882","15882",2955,2965,3078,0.0416243654822335
"15883","15883",6908,6952,7084,0.0254777070063694
"15884","15884",1732,1729,1690,-0.0242494226327945
"15885","15885",4727,4453,3680,-0.221493547704675
"15886","15886",2002,2004,1996,-0.002997002997003
"15887","15887",2915,2916,2325,-0.202401372212693
"15888","15888",3591,3496,3621,0.00835421888053467
"15889","15889",3927,3927,3935,0.00203717850776674
"15890","15890",6240,5882,5720,-0.0833333333333333
"15891","15891",4300,4391,4259,-0.00953488372093023
"15892","15892",2376,2377,2384,0.00336700336700337
"15893","15893",2601,1788,1666,-0.359477124183007
"15894","15894",4156,3860,3677,-0.115255052935515
"15895","15895",8226,8550,8292,0.00802334062727936
"15896","15896",3697,3740,3633,-0.0173113335136597
"15897","15897",1503,1228,1172,-0.22022621423819
"15898","15898",2803,2774,2552,-0.0895469140206921
"15899","15899",2163,2148,1901,-0.121128062875636
"15900","15900",7251,7240,7337,0.0118604330437181
"15902","15902",4611,4610,5366,0.163738885274344
"15903","15903",6005,6122,5881,-0.0206494587843464
"15904","15904",2372,2424,2588,0.0910623946037099
"16045","16045",2372,2424,2588,0.0910623946037099
"15905","15905",5675,4961,4928,-0.131629955947137
"15906","15906",4060,4056,3232,-0.203940886699507
"15907","15907",3144,3136,3193,0.0155852417302799
"15908","15908",2146,2028,1966,-0.0838769804287046
"15909","15909",4838,4838,6884,0.422902025630426
"15910","15910",1587,1683,1480,-0.0674228103339635
"15911","15911",5254,5387,8232,0.566806242862581
"15912","15912",5573,6155,4532,-0.186793468508882
"15913","15913",7397,7386,5695,-0.230093281059889
"15914","15914",5058,5058,4897,-0.0318307631474891
"15915","15915",3650,3465,3637,-0.00356164383561644
"15916","15916",4178,4173,4094,-0.0201053135471517
"15917","15917",2045,2045,1204,-0.411246943765281
"15918","15918",2748,2674,2909,0.0585880640465793
"15919","15919",4788,4768,4781,-0.00146198830409357
"15921","15921",3495,3512,3483,-0.00343347639484979
"15923","15923",3734,3868,3717,-0.00455275843599357
"15924","15924",2804,2804,2902,0.0349500713266762
"15925","15925",1209,1211,1238,0.0239867659222498
"15926","15926",10333,10736,10649,0.0305816316655376
"15927","15927",6557,6575,7630,0.163641909409791
"15929","15929",2721,2737,2755,0.0124954061006983
"15930","15930",1263,1306,1241,-0.0174188440221694
"15932","15932",2935,2901,2584,-0.119591141396934
"15933","15933",2709,3007,2437,-0.100406053894426
"15934","15934",2059,2059,2104,0.0218552695483244
"16471","16471",2059,2059,2104,0.0218552695483244
"15935","15935",5252,5199,4988,-0.0502665651180503
"15936","15936",2783,2487,2453,-0.118577075098814
"15938","15938",2611,2528,2701,0.0344695518958254
"15939","15939",2710,2705,2730,0.00738007380073801
"15940","15940",8819,9133,11381,0.29050912801905
"15941","15941",4250,3798,3886,-0.0856470588235294
"15942","15942",2660,2660,2651,-0.00338345864661654
"15943","15943",6054,6040,5455,-0.0989428477039974
"15944","15944",3738,3772,3703,-0.00936329588014981
"15945","15945",3811,3793,3870,0.0154815009183941
"15946","15946",4076,4069,4028,-0.0117762512266928
"15947","15947",3771,3751,3549,-0.0588703261734288
"15948","15948",3556,2956,3516,-0.0112485939257593
"15950","15950",2432,2447,2445,0.00534539473684211
"15951","15951",1675,1675,1675,0
"15952","15952",4915,4233,3935,-0.199389623601221
"15953","15953",2572,2577,2624,0.0202177293934681
"15954","15954",2265,2373,2264,-0.000441501103752759
"15955","15955",2411,2380,2344,-0.027789299046039
"15956","15956",4709,5077,5078,0.078360586111701
"15958","15958",9331,9633,9589,0.0276497695852535
"15959","15959",2447,2601,2664,0.0886800163465468
"15960","15960",2924,2914,2937,0.00444596443228454
"15961","15961",4597,4426,3810,-0.171198607787688
"15963","15963",2686,2669,2786,0.0372300819061802
"15964","15964",1442,1442,1401,-0.0284327323162275
"15965","15965",3969,3741,3727,-0.0609725371630134
"15966","15966",2986,3102,2664,-0.107836570663094
"15967","15967",3374,3187,3490,0.034380557202134
"15968","15968",2543,2410,2913,0.145497443963822
"15969","15969",2591,2702,2195,-0.152836742570436
"15970","15970",1907,1914,1642,-0.138961719979025
"15971","15971",1196,1081,1062,-0.112040133779264
"15972","15972",7519,7340,6671,-0.112780954914217
"15974","15974",4501,5006,4814,0.0695401021995112
"15975","15975",5277,5444,5609,0.0629145347735456
"15976","15976",3144,3183,3238,0.0298982188295165
"15977","15977",6736,6482,6030,-0.104809976247031
"15978","15978",4165,4298,3571,-0.142617046818727
"15979","15979",2164,2160,1839,-0.150184842883549
"15981","15981",1769,1723,1704,-0.036743923120407
"15982","15982",3112,3042,3004,-0.0347043701799486
"15983","15983",8562,8486,8701,0.0162345246437748
"15984","15984",2570,2568,2492,-0.0303501945525292
"15985","15985",3076,3073,3267,0.0620936280884265
"15986","15986",2029,2025,1772,-0.12666338097585
"17048","17048",2029,2025,1772,-0.12666338097585
"15987","15987",1922,1855,1886,-0.0187304890738814
"15988","15988",1713,1714,1216,-0.290134267367192
"15989","15989",1991,2415,2453,0.232044198895028
"15990","15990",4491,4466,4565,0.0164773992429303
"15991","15991",6570,8485,8705,0.324961948249619
"15992","15992",4119,3508,3521,-0.145180869142996
"15993","15993",3251,3066,3117,-0.0412180867425408
"15995","15995",2149,2396,3520,0.637971149371801
"15996","15996",605,605,952,0.573553719008264
"15998","15998",3655,3742,3320,-0.0916552667578659
"15999","15999",10094,10369,9390,-0.0697444026154151
"16001","16001",1114,1098,1162,0.0430879712746858
"16003","16003",2531,2520,1769,-0.301066772026867
"16004","16004",8004,6700,7488,-0.0644677661169415
"16005","16005",4362,4362,3995,-0.0841357175607519
"16006","16006",2368,2342,2968,0.253378378378378
"16008","16008",6561,6537,6553,-0.00121932632220698
"16009","16009",3980,3769,4097,0.0293969849246231
"16011","16011",2582,2582,2589,0.00271107668474051
"16012","16012",3113,2965,2793,-0.102794731769997
"17945","17945",3113,2965,2793,-0.102794731769997
"16013","16013",8618,8584,7807,-0.0941053608725922
"16015","16015",2288,2290,2004,-0.124125874125874
"16016","16016",3240,3258,2997,-0.075
"16017","16017",7624,7203,7490,-0.0175760755508919
"16018","16018",4476,4466,4292,-0.0411081322609473
"16019","16019",6275,6407,6266,-0.00143426294820717
"16020","16020",3100,3113,2710,-0.125806451612903
"16021","16021",11480,10014,9981,-0.130574912891986
"16022","16022",4221,4276,4226,0.00118455342335939
"16023","16023",1511,1503,1507,-0.00264725347452019
"16024","16024",5958,5902,5798,-0.0268546492111447
"16025","16025",6330,9972,6609,0.0440758293838863
"16026","16026",5137,5160,4472,-0.129452988125365
"16027","16027",4796,4817,4545,-0.0523352793994996
"16028","16028",1311,1300,1344,0.0251716247139588
"16029","16029",1354,1296,1087,-0.197193500738552
"16030","16030",2739,2699,1884,-0.312157721796276
"16033","16033",4530,4313,4371,-0.0350993377483444
"16034","16034",6484,6422,5200,-0.198025909932141
"16036","16036",7979,7933,7967,-0.00150394786314074
"16640","16640",7979,7933,7967,-0.00150394786314074
"16037","16037",1351,1349,1662,0.23019985196151
"16038","16038",2938,2945,2986,0.0163376446562287
"16040","16040",3061,3020,2975,-0.0280953936622019
"16041","16041",3045,3045,2992,-0.0174055829228243
"16042","16042",4465,4474,4405,-0.013437849944009
"16044","16044",2552,2508,2529,-0.00901253918495298
"16046","16046",2611,2631,3449,0.320949827652241
"16047","16047",3316,3591,3161,-0.0467430639324487
"16048","16048",5569,5709,5754,0.0332196085473155
"16049","16049",5111,5095,2757,-0.460575229896302
"16250","16250",5111,5095,2757,-0.460575229896302
"16050","16050",2742,2742,2482,-0.0948212983223924
"19818","19818",2742,2742,2482,-0.0948212983223924
"16051","16051",7624,7762,7507,-0.0153462749213012
"16052","16052",3796,3800,3788,-0.00210748155953635
"16053","16053",3797,3800,3823,0.00684751119304714
"16054","16054",1796,1796,1232,-0.314031180400891
"16055","16055",1717,976,827,-0.518345952242283
"16057","16057",3003,3003,4943,0.646020646020646
"16058","16058",8522,9092,7802,-0.0844872095752171
"16059","16059",2270,2273,2232,-0.0167400881057269
"16061","16061",6308,6393,6400,0.0145846544071021
"16062","16062",8613,9010,8988,0.0435388366422849
"16064","16064",2819,3204,3002,0.0649166371053565
"16065","16065",6663,7732,7012,0.0523788083445895
"16068","16068",6323,6553,5515,-0.127787442669619
"16069","16069",2743,2766,3736,0.362012395187751
"16070","16070",3447,3449,4191,0.215839860748477
"16071","16071",2152,2167,2371,0.101765799256506
"16072","16072",1786,1788,1952,0.0929451287793953
"16073","16073",5364,5370,5088,-0.0514541387024608
"16074","16074",2205,2201,2144,-0.0276643990929705
"16075","16075",2750,2862,2977,0.0825454545454545
"16076","16076",4690,4983,5697,0.214712153518124
"16077","16077",5309,5322,5269,-0.00753437558862309
"16078","16078",4009,4368,4315,0.0763282614118234
"16079","16079",2023,2136,2136,0.0558576371725161
"16080","16080",2895,2663,2437,-0.158203799654577
"16082","16082",1508,1513,1541,0.0218832891246684
"16083","16083",1780,1778,1820,0.0224719101123595
"16084","16084",2207,2734,2402,0.0883552333484368
"16086","16086",5585,4638,4344,-0.222202327663384
"16087","16087",3701,3181,3407,-0.0794379897325047
"16088","16088",6229,6537,6093,-0.0218333600899021
"16089","16089",2123,2121,1820,-0.142722562411682
"16090","16090",1780,1565,1591,-0.106179775280899
"18682","18682",1780,1565,1591,-0.106179775280899
"16091","16091",1804,1799,1717,-0.0482261640798226
"16092","16092",2740,2704,2357,-0.13978102189781
"16093","16093",939,839,1068,0.137380191693291
"16094","16094",2595,2609,2909,0.121001926782274
"16095","16095",2168,2168,1925,-0.112084870848708
"16096","16096",2611,2755,2381,-0.088088854844887
"16097","16097",3095,3075,3064,-0.010016155088853
"16098","16098",3541,3529,3755,0.0604349053939565
"16099","16099",2302,2302,2312,0.00434404865334492
"16100","16100",1321,1312,1492,0.129447388342165
"16101","16101",5983,5844,6056,0.0122012368377068
"16102","16102",1737,1733,1442,-0.169833045480714
"16103","16103",4414,4565,3305,-0.251246035342093
"16104","16104",6885,7445,6807,-0.0113289760348584
"16105","16105",2623,2645,2687,0.024399542508578
"16106","16106",5683,4565,4491,-0.209748372338554
"16107","16107",14478,13857,10850,-0.250587097665423
"16108","16108",4314,4444,3783,-0.123087621696801
"16109","16109",2468,2448,2444,-0.00972447325769854
"16110","16110",1956,1886,2138,0.0930470347648262
"16111","16111",3146,3146,3080,-0.020979020979021
"16112","16112",2357,2150,2133,-0.0950360627916843
"16113","16113",4907,4986,5336,0.0874261259425311
"16115","16115",4462,4465,3676,-0.176154190945764
"16117","16117",2072,4900,2066,-0.0028957528957529
"16118","16118",1776,1779,1802,0.0146396396396396
"16119","16119",6388,6358,4262,-0.332811521603006
"16120","16120",1675,1675,1652,-0.0137313432835821
"16121","16121",3527,3527,3540,0.00368585199886589
"16123","16123",6580,5905,6191,-0.0591185410334346
"16124","16124",6442,6678,7220,0.12076994722136
"16125","16125",8065,8046,8160,0.0117792932424055
"16126","16126",3205,3199,3131,-0.0230889235569423
"16128","16128",9959,10170,9451,-0.0510091374636008
"16129","16129",2598,2391,2518,-0.0307929176289453
"16131","16131",3214,3214,3201,-0.00404480398257623
"16132","16132",2616,2564,2523,-0.0355504587155963
"16133","16133",5039,4341,2612,-0.481643183171264
"16134","16134",2017,1899,1985,-0.0158651462568171
"16135","16135",2505,2515,2497,-0.0031936127744511
"16136","16136",6189,6180,6247,0.00937146550331233
"16137","16137",1383,1383,1112,-0.195950831525669
"16139","16139",2907,2750,3092,0.0636394908840729
"16141","16141",1567,1531,1711,0.0918953414167198
"16142","16142",4923,4879,4292,-0.128173877716839
"16143","16143",4187,4355,4366,0.0427513732983043
"16144","16144",2365,2484,2342,-0.00972515856236787
"16145","16145",3190,3138,3202,0.00376175548589342
"16146","16146",1590,1590,1589,-0.000628930817610063
"16147","16147",2827,2775,3090,0.0930314821365405
"16148","16148",1224,1224,1133,-0.0743464052287582
"16150","16150",2680,2672,3056,0.140298507462687
"18816","18816",2680,2672,3056,0.140298507462687
"16151","16151",4860,4885,3939,-0.189506172839506
"16153","16153",3945,3723,3747,-0.0501901140684411
"16154","16154",3453,3451,4629,0.340573414422242
"16156","16156",2361,2361,2439,0.0330368487928844
"16157","16157",2830,2832,2639,-0.0674911660777385
"16158","16158",1048,1046,989,-0.0562977099236641
"16159","16159",3303,3041,3239,-0.0193763245534363
"16161","16161",3241,3243,3353,0.0345572354211663
"16162","16162",6075,5649,5578,-0.0818106995884774
"16163","16163",5222,4739,4853,-0.070662581386442
"16164","16164",1598,1598,1560,-0.0237797246558198
"16165","16165",4398,4391,4068,-0.0750341064120055
"16167","16167",2573,2241,2333,-0.0932763311309755
"16168","16168",1903,1903,1902,-0.000525486074619023
"16169","16169",1441,1500,1543,0.0707841776544067
"16170","16170",2249,2240,2964,0.317919075144509
"16171","16171",3123,3324,2368,-0.241754723022735
"16172","16172",5731,5680,5774,0.00750305356831269
"16174","16174",1289,1291,1477,0.145849495733126
"16175","16175",6802,6852,6718,-0.0123493090267568
"16176","16176",3476,3559,3289,-0.0537974683544304
"16177","16177",5006,4782,5157,0.0301638034358769
"16178","16178",1444,1447,1480,0.0249307479224377
"16179","16179",1518,1485,1468,-0.0329380764163373
"16181","16181",3394,3397,3319,-0.0220978196817914
"16182","16182",2600,2589,1962,-0.245384615384615
"16183","16183",3568,2714,2650,-0.257286995515695
"16184","16184",7232,7230,7275,0.00594579646017699
"16186","16186",2312,2315,2098,-0.092560553633218
"16187","16187",11602,11730,11581,-0.00181003275297363
"16188","16188",3415,3292,2872,-0.15900439238653
"16189","16189",3703,4671,3485,-0.0588711855252498
"16190","16190",6532,7100,5700,-0.127372933251684
"16191","16191",2936,2598,2627,-0.105245231607629
"18379","18379",2936,2598,2627,-0.105245231607629
"16192","16192",2769,2773,2768,-0.000361141206211629
"16193","16193",2617,2275,2058,-0.213603362628964
"16194","16194",2168,2170,2108,-0.0276752767527675
"16195","16195",3192,3192,3193,0.00031328320802005
"16196","16196",1339,1342,1715,0.280806572068708
"16197","16197",6752,6752,6683,-0.0102191943127962
"16198","16198",3050,2481,2805,-0.080327868852459
"16199","16199",1953,2034,2037,0.043010752688172
"16200","16200",2681,1981,1829,-0.317791868705707
"16201","16201",2616,2851,3141,0.200688073394495
"16202","16202",3731,3730,3482,-0.0667381399088716
"16203","16203",2792,2823,2540,-0.0902578796561605
"16204","16204",4785,4810,4502,-0.0591431556948798
"16205","16205",3146,3152,2980,-0.05276541640178
"16206","16206",1561,1561,2107,0.349775784753363
"16207","16207",1716,1719,1704,-0.00699300699300699
"16208","16208",7889,7760,5349,-0.321967296235264
"16209","16209",2658,2614,2661,0.00112866817155756
"16210","16210",2448,2356,2255,-0.0788398692810457
"16212","16212",2026,2030,2024,-0.000987166831194472
"16213","16213",6414,6743,1804,-0.718740255690677
"16214","16214",5190,5016,5206,0.00308285163776493
"16215","16215",4123,4118,4150,0.00654862963861266
"16216","16216",3623,3613,3107,-0.142423406017113
"16217","16217",1171,1099,1131,-0.0341588385994876
"16218","16218",4567,4537,4164,-0.0882417341799869
"16221","16221",7202,6472,5752,-0.201332963065815
"16223","16223",3334,3349,3341,0.0020995800839832
"16224","16224",5056,4829,5088,0.00632911392405063
"16226","16226",3642,3645,4060,0.114772103239978
"16228","16228",2088,1803,1736,-0.168582375478927
"16231","16231",5531,6240,6014,0.087325980835292
"16232","16232",2939,2946,3333,0.13405920381082
"16233","16233",4243,4248,2807,-0.338439783172284
"16234","16234",3198,3198,3202,0.00125078173858662
"16235","16235",1606,1601,1563,-0.026774595267746
"16237","16237",1320,1321,1241,-0.0598484848484848
"16238","16238",2300,2300,2375,0.0326086956521739
"16239","16239",2159,1976,2414,0.118110236220472
"16241","16241",2651,2661,2598,-0.019992455677103
"16242","16242",3441,3432,3816,0.108979947689625
"16243","16243",2001,1954,897,-0.551724137931034
"16244","16244",4599,4613,3953,-0.14046531854751
"16245","16245",1430,1430,1165,-0.185314685314685
"16246","16246",2288,2190,2134,-0.0673076923076923
"16247","16247",2216,1947,1978,-0.107400722021661
"16248","16248",11888,12033,11122,-0.0644347240915209
"16249","16249",5185,5385,4280,-0.174541947926712
"16251","16251",2448,2448,2417,-0.0126633986928105
"16252","16252",5161,5956,5349,0.0364270490215075
"16253","16253",3443,3443,3237,-0.0598315422596573
"16254","16254",2933,2936,4097,0.396863279918172
"16255","16255",3766,3759,3878,0.0297397769516729
"16256","16256",8722,7637,7691,-0.118206833295116
"16257","16257",7855,7829,8379,0.0667091024824952
"16262","16262",5548,5514,5331,-0.0391131939437635
"16263","16263",5310,5301,8672,0.633145009416196
"16265","16265",3697,3651,3370,-0.0884500946713552
"16266","16266",3258,3207,2886,-0.114180478821363
"16267","16267",1855,1805,1814,-0.0221024258760108
"16268","16268",3234,2853,2905,-0.101731601731602
"16269","16269",2793,2761,2532,-0.0934479054779807
"16270","16270",3245,3253,3605,0.110939907550077
"16271","16271",7128,7018,7316,0.026374859708193
"16272","16272",3458,3457,3195,-0.0760555234239445
"16273","16273",3840,3362,3336,-0.13125
"16275","16275",2376,2295,2339,-0.0155723905723906
"16541","16541",2376,2295,2339,-0.0155723905723906
"16276","16276",3533,4236,2928,-0.171242570053779
"16277","16277",6429,6585,5677,-0.116969979779126
"16278","16278",6542,6504,5134,-0.215224701926017
"16279","16279",3566,3566,3273,-0.0821648906337633
"16280","16280",884,884,888,0.00452488687782805
"16281","16281",2136,2116,2136,0
"16282","16282",14912,15030,12102,-0.188438841201717
"16283","16283",5683,5682,5594,-0.0156607425655464
"16284","16284",3938,3938,4063,0.031742001015744
"16285","16285",3408,3457,2946,-0.13556338028169
"16286","16286",3175,3450,3307,0.0415748031496063
"16287","16287",1530,1530,1524,-0.00392156862745098
"16288","16288",3645,4091,3904,0.0710562414266118
"16289","16289",3967,3810,3008,-0.241744391227628
"16290","16290",4433,4452,4293,-0.0315813219039026
"16291","16291",5898,5690,5442,-0.0773143438453713
"16293","16293",2764,2931,2728,-0.0130246020260492
"16294","16294",4263,4126,3842,-0.0987567440769411
"16298","16298",1700,1700,1700,0
"16299","16299",9820,10691,9858,0.00386965376782077
"16300","16300",3137,3123,3160,0.00733184571246414
"16301","16301",2475,2475,3676,0.485252525252525
"16302","16302",2368,2368,2282,-0.0363175675675676
"16303","16303",3299,3301,3540,0.0730524401333738
"16306","16306",2337,2342,2344,0.00299529311082585
"16307","16307",4120,3807,3720,-0.0970873786407767
"16308","16308",4023,3706,3629,-0.0979368630375342
"16310","16310",4820,4511,3951,-0.180290456431535
"16311","16311",2894,2687,2635,-0.0894955079474775
"16312","16312",2033,2034,2899,0.425971470732907
"16313","16313",2268,2265,2316,0.0211640211640212
"16314","16314",2539,2350,2358,-0.0712879086254431
"16315","16315",3030,3031,3032,0.00066006600660066
"16316","16316",5650,5623,4983,-0.118053097345133
"16317","16317",2923,2926,1610,-0.449196031474512
"16318","16318",1801,1760,1775,-0.0144364242087729
"16319","16319",2688,2941,2770,0.0305059523809524
"16320","16320",5195,5177,5066,-0.0248315688161694
"16321","16321",6244,6369,5007,-0.198110185778347
"16322","16322",4196,4169,3309,-0.21139180171592
"16325","16325",4691,4691,4850,0.033894691963334
"16326","16326",2534,2852,2284,-0.0986582478295185
"16327","16327",3534,3529,3768,0.066213921901528
"16328","16328",2247,1716,2448,0.0894526034712951
"16330","16330",3306,3283,4291,0.29794313369631
"16331","16331",4648,4473,3829,-0.176204819277108
"16333","16333",5218,5137,4733,-0.092947489459563
"16334","16334",2693,2705,2762,0.0256219829186781
"16336","16336",5047,5049,4710,-0.0667723400039627
"16339","16339",3568,3568,3570,0.000560538116591928
"16340","16340",2613,4209,2245,-0.140834290088021
"16341","16341",5757,7843,7751,0.346360951884662
"16342","16342",11016,10547,14711,0.335421205519245
"16343","16343",4770,4770,4658,-0.0234800838574423
"16344","16344",3288,3282,3169,-0.0361922141119221
"16345","16345",8334,6909,6671,-0.199544036477082
"16346","16346",2608,2599,2502,-0.0406441717791411
"16347","16347",2808,2810,2324,-0.172364672364672
"16348","16348",2179,2174,2174,-0.00229463056447912
"16349","16349",2828,2903,2453,-0.132602545968883
"16350","16350",3089,3027,3383,0.095176432502428
"16351","16351",1821,1701,1546,-0.151015925315761
"16353","16353",8267,8233,5586,-0.324301439458086
"16354","16354",2728,2278,2536,-0.0703812316715543
"16355","16355",7398,7348,7049,-0.0471749121384158
"16356","16356",6269,5840,5768,-0.0799170521614293
"16359","16359",1595,1554,1836,0.151097178683386
"17629","17629",1595,1554,1836,0.151097178683386
"16360","16360",2111,2118,1812,-0.141639033633349
"16361","16361",1891,1778,1165,-0.383923849814913
"16362","16362",5666,5660,5701,0.00617719731733145
"16363","16363",3351,2544,2541,-0.241718889883617
"16364","16364",1950,2101,1920,-0.0153846153846154
"16365","16365",2260,2262,2291,0.013716814159292
"16366","16366",5152,4266,4289,-0.167507763975155
"16367","16367",4699,3751,4296,-0.0857629282826133
"16368","16368",2059,2068,2055,-0.00194269062651773
"16370","16370",5528,5582,5407,-0.0218885672937771
"16372","16372",3575,3536,3525,-0.013986013986014
"16373","16373",2406,2407,2599,0.0802161263507897
"16374","16374",2641,2634,2395,-0.0931465354032563
"16375","16375",1938,1930,1655,-0.146026831785346
"16376","16376",1309,1411,1527,0.166539343009931
"16377","16377",2858,2860,2521,-0.117914625612316
"16378","16378",2828,2820,2830,0.000707213578500707
"16379","16379",2956,2938,3121,0.0558186738836265
"16380","16380",1327,1327,1207,-0.0904295403165034
"16381","16381",887,887,887,0
"16382","16382",3454,2831,2823,-0.182686740011581
"16383","16383",5014,5067,5117,0.0205424810530515
"16384","16384",2919,2464,2462,-0.156560465912984
"16385","16385",1131,1015,1123,-0.00707338638373121
"16386","16386",4314,4318,4344,0.00695410292072323
"16387","16387",1228,1239,1011,-0.17671009771987
"16388","16388",3594,3585,4063,0.130495269894268
"16389","16389",5610,5609,5859,0.0443850267379679
"16390","16390",4361,3645,3725,-0.145838110525109
"16391","16391",2664,2582,2477,-0.0701951951951952
"16392","16392",2312,2295,1884,-0.185121107266436
"16393","16393",4542,3250,3858,-0.150594451783355
"16394","16394",3159,3089,2753,-0.12852168407724
"16395","16395",5863,6154,5495,-0.062766501790892
"16396","16396",3473,3473,3311,-0.0466455513964872
"16397","16397",6593,5879,7708,0.169118762323677
"16398","16398",2290,2285,2256,-0.0148471615720524
"16399","16399",1973,1973,1715,-0.130765331981754
"16400","16400",6104,6220,6076,-0.00458715596330275
"16401","16401",3644,3634,3311,-0.0913830954994512
"16402","16402",5214,5214,5181,-0.00632911392405063
"16405","16405",7215,7392,7097,-0.0163548163548164
"16406","16406",2855,2891,2387,-0.163922942206655
"16407","16407",1556,1531,1502,-0.0347043701799486
"16408","16408",7959,7622,4661,-0.414373665033296
"16410","16410",1325,1050,1183,-0.107169811320755
"18295","18295",1325,1050,1183,-0.107169811320755
"16411","16411",2951,3703,4172,0.413758048119282
"16412","16412",7930,8081,7543,-0.0488020176544767
"16413","16413",5217,5224,5073,-0.0276020701552616
"16414","16414",2692,2692,2554,-0.0512630014858841
"16415","16415",2133,2142,2035,-0.0459446788560713
"16417","16417",3418,3240,2784,-0.185488589818607
"16418","16418",2037,2042,1964,-0.0358370152184585
"16419","16419",1833,2044,1859,0.0141843971631206
"16420","16420",2689,2940,2795,0.0394198586835255
"16421","16421",2287,2586,1831,-0.19938784433756
"16422","16422",2182,1869,1687,-0.22685609532539
"16423","16423",1608,1268,1297,-0.193407960199005
"16424","16424",1965,1965,1958,-0.00356234096692112
"16426","16426",1720,1721,2224,0.293023255813953
"16428","16428",2954,2953,2657,-0.10054163845633
"16429","16429",3722,3485,3154,-0.15260612573885
"16430","16430",4215,4626,4488,0.0647686832740214
"16431","16431",2464,2380,2816,0.142857142857143
"16432","16432",3675,4157,3640,-0.00952380952380952
"16433","16433",3365,2900,2694,-0.199405646359584
"16434","16434",1302,1301,999,-0.232718894009217
"16435","16435",2608,2598,2418,-0.0728527607361963
"17661","17661",2608,2598,2418,-0.0728527607361963
"16437","16437",3157,3144,3265,0.0342096927462781
"16438","16438",3109,3117,2890,-0.0704406561595368
"16439","16439",3101,3995,3197,0.0309577555627217
"16440","16440",6687,6669,6807,0.0179452669358457
"16441","16441",5463,5002,3843,-0.296540362438221
"16442","16442",6173,6184,4913,-0.204114693017982
"16443","16443",2099,2101,2106,0.00333492139113864
"16444","16444",4907,5569,4617,-0.0590992459751376
"16445","16445",837,840,853,0.019115890083632
"16446","16446",5338,5321,5096,-0.0453353315848632
"16447","16447",3244,3360,3354,0.0339087546239211
"16448","16448",3210,3210,2631,-0.180373831775701
"16449","16449",3119,2903,3069,-0.0160307790958641
"16450","16450",3921,3802,3722,-0.0507523590920683
"16451","16451",1502,1717,1218,-0.189081225033289
"16452","16452",4017,4077,3812,-0.0510331092855365
"16453","16453",4805,4737,4958,0.0318418314255983
"16454","16454",5978,5599,3551,-0.40598862495818
"16455","16455",2122,2260,2046,-0.0358152686145146
"16456","16456",6222,6232,6201,-0.00337512054001929
"16457","16457",3713,3705,3648,-0.0175060597899273
"16458","16458",1077,1071,1098,0.0194986072423398
"16459","16459",1839,1966,1869,0.0163132137030995
"16460","16460",2680,2680,2800,0.0447761194029851
"16461","16461",6133,7914,7849,0.279797815098647
"16462","16462",2793,2790,2816,0.00823487289652703
"16464","16464",10791,10899,13466,0.24789176165323
"16465","16465",4958,4707,4581,-0.0760387252924566
"16466","16466",6680,6378,6347,-0.0498502994011976
"16467","16467",5223,5256,5111,-0.0214436147807773
"16469","16469",1890,2263,1830,-0.0317460317460317
"16470","16470",2013,2029,1937,-0.0377545951316443
"16472","16472",1127,887,1039,-0.0780834072759539
"16473","16473",2313,2764,2826,0.221789883268482
"16474","16474",2620,2623,2715,0.0362595419847328
"16475","16475",5170,5070,5925,0.146034816247582
"16476","16476",1476,1372,1924,0.303523035230352
"16478","16478",4162,4179,3782,-0.0913022585295531
"16480","16480",2006,1967,2126,0.0598205383848455
"16481","16481",3759,3472,3831,0.0191540303272147
"16482","16482",1659,1659,1621,-0.0229053646775166
"16483","16483",4046,4043,3173,-0.215768660405339
"16485","16485",5815,5768,5991,0.0302665520206363
"16486","16486",3525,3528,3609,0.0238297872340426
"16487","16487",13157,14011,13489,0.0252337158926807
"16488","16488",7543,7698,6567,-0.129391488797561
"16489","16489",3449,2961,2979,-0.136271383009568
"16490","16490",2916,2914,2820,-0.0329218106995885
"16491","16491",2705,2705,2651,-0.0199630314232902
"16494","16494",8366,8311,7687,-0.0811618455653837
"16495","16495",4630,4630,6076,0.312311015118791
"16496","16496",6853,7162,6044,-0.118050488837006
"16497","16497",2110,2082,2000,-0.0521327014218009
"16498","16498",2125,1693,1686,-0.206588235294118
"16499","16499",2471,2471,2442,-0.0117361392148928
"16501","16501",2063,2133,2146,0.0402326708676684
"16502","16502",4234,4127,3961,-0.0644780349551252
"16503","16503",2139,2081,2082,-0.0266479663394109
"17968","17968",2139,2081,2082,-0.0266479663394109
"16504","16504",2463,2446,2442,-0.00852618757612668
"16505","16505",8564,8530,6266,-0.268332554880897
"16506","16506",897,1064,1218,0.357859531772575
"16507","16507",4456,4323,4397,-0.0132405745062837
"16508","16508",2820,2795,2683,-0.0485815602836879
"16509","16509",3095,3092,3063,-0.0103392568659128
"19144","19144",3095,3092,3063,-0.0103392568659128
"16511","16511",6877,6157,5769,-0.1611167660317
"16512","16512",7196,7019,7342,0.0202890494719289
"16513","16513",3890,3891,3861,-0.00745501285347044
"16514","16514",5489,5565,5625,0.0247768263800328
"16515","16515",1763,1744,1800,0.0209869540555871
"16516","16516",5242,5200,5091,-0.0288057993132392
"16517","16517",2017,2017,2343,0.161626177491324
"16518","16518",3657,3731,3497,-0.0437517090511348
"16519","16519",10599,10592,13562,0.279554674969337
"16520","16520",12569,12406,12342,-0.0180603071047816
"16521","16521",3499,3300,3012,-0.139182623606745
"16522","16522",5535,5635,5909,0.0675700090334237
"16523","16523",2680,2533,2537,-0.0533582089552239
"16524","16524",1389,1485,1771,0.275017998560115
"16525","16525",11665,11618,11438,-0.0194599228461209
"16526","16526",4036,3932,3771,-0.0656590683845392
"16527","16527",2342,2338,2469,0.0542271562766866
"16528","16528",2994,2982,2803,-0.0637942551770207
"16529","16529",3500,3477,3403,-0.0277142857142857
"16530","16530",3461,3462,3512,0.0147356255417509
"16531","16531",2422,2422,1841,-0.239884393063584
"16532","16532",5535,5386,5521,-0.0025293586269196
"16533","16533",10911,11177,10331,-0.0531573641279443
"16534","16534",3455,3455,4735,0.370477568740955
"16535","16535",6362,6463,6308,-0.00848789688777114
"16536","16536",2839,2844,2968,0.0454385346953153
"16537","16537",3725,3392,3477,-0.0665771812080537
"16538","16538",6245,6073,6198,-0.00752602081665332
"16539","16539",4402,4403,4457,0.0124943207632894
"16540","16540",4188,4207,4207,0.00453677172874881
"16542","16542",3393,3185,3131,-0.0772178013557324
"16543","16543",4584,4616,4590,0.00130890052356021
"16544","16544",2132,2124,2150,0.00844277673545966
"16545","16545",1079,854,1065,-0.0129749768303985
"16546","16546",5800,5658,5189,-0.105344827586207
"16547","16547",1761,1761,1860,0.0562180579216354
"16548","16548",5830,5878,5845,0.00257289879931389
"16549","16549",4649,4857,4763,0.0245214024521402
"16550","16550",1783,1783,1873,0.0504767246214246
"16551","16551",2794,2793,2804,0.00357909806728704
"16552","16552",4629,4945,4665,0.00777705767984446
"16554","16554",2619,2413,1846,-0.295150820924017
"16555","16555",2705,2143,2175,-0.195933456561922
"16556","16556",2569,2723,2746,0.0688984040482678
"16557","16557",3457,3031,3052,-0.117153601388487
"16558","16558",2268,2079,2089,-0.0789241622574956
"16559","16559",2314,2293,2581,0.115384615384615
"16562","16562",1851,1858,1925,0.0399783900594273
"16563","16563",1782,1916,2068,0.160493827160494
"16564","16564",14654,14730,14538,-0.00791592739183841
"16565","16565",1293,1289,1505,0.163959783449343
"16566","16566",2029,2039,1916,-0.0556924593395761
"16567","16567",2891,2352,1946,-0.326876513317191
"16568","16568",5271,5268,4946,-0.0616581293872131
"16569","16569",6187,5997,2872,-0.535800872797802
"16570","16570",5681,5682,6159,0.0841401161767295
"16571","16571",1771,1812,1812,0.0231507622811971
"16572","16572",3702,3561,3773,0.0191788222582388
"16573","16573",3231,3231,3232,0.000309501702259362
"16574","16574",3968,3918,3354,-0.154737903225806
"16575","16575",8390,7255,7291,-0.130989272943981
"16576","16576",2271,2267,2531,0.114487010127697
"16577","16577",2658,2844,2736,0.0293453724604966
"16578","16578",1066,1065,866,-0.187617260787992
"16579","16579",4180,4421,4439,0.0619617224880383
"16580","16580",8542,8740,8693,0.0176773589323343
"16581","16581",3078,3082,2795,-0.0919428200129954
"16582","16582",2330,2174,2206,-0.0532188841201717
"16583","16583",2791,2685,2657,-0.048011465424579
"16584","16584",3318,3408,2945,-0.112417118746233
"16586","16586",4482,4007,3923,-0.124721106648817
"16587","16587",2052,2040,2064,0.00584795321637427
"16589","16589",1658,1672,1357,-0.181544028950543
"16590","16590",5394,5393,7247,0.343529847979236
"16591","16591",4114,4236,4586,0.1147301895965
"16592","16592",3031,3049,3108,0.0254041570438799
"16593","16593",3575,3584,2956,-0.173146853146853
"16594","16594",2907,2885,2620,-0.0987272101823185
"16595","16595",2219,2148,2256,0.0166741775574583
"16596","16596",2296,2300,2272,-0.0104529616724739
"16598","16598",4677,4896,4562,-0.0245884113748129
"16600","16600",3427,3390,3459,0.0093376130726583
"16601","16601",2210,2209,2209,-0.000452488687782805
"16602","16602",2614,2614,2616,0.000765110941086458
"16604","16604",2243,2243,2795,0.246098974587606
"16607","16607",1745,1778,1933,0.107736389684814
"16608","16608",3208,2685,2376,-0.259351620947631
"16609","16609",4982,4995,5049,0.0134484142914492
"16611","16611",3211,3508,3105,-0.0330115228900654
"16612","16612",3886,3883,3895,0.00231600617601647
"16613","16613",2074,2143,2079,0.00241080038572806
"16614","16614",2888,3211,3514,0.216759002770083
"16615","16615",1556,1558,1476,-0.051413881748072
"16617","16617",1360,1306,1506,0.107352941176471
"16618","16618",3644,4175,3486,-0.0433589462129528
"16619","16619",5132,4905,4940,-0.0374123148869836
"16620","16620",4763,4537,4494,-0.0564770102876338
"16621","16621",1830,1771,2027,0.107650273224044
"16622","16622",6454,6796,6431,-0.00356368143786799
"16623","16623",3702,3710,3761,0.0159373311723393
"16624","16624",3344,3346,3247,-0.0290071770334928
"16626","16626",10578,10592,9405,-0.110890527509926
"16627","16627",5309,5157,5608,0.0563194575249576
"16628","16628",6300,6340,6203,-0.0153968253968254
"16630","16630",2414,2410,2462,0.019884009942005
"16631","16631",5533,6243,5787,0.0459063799024038
"16633","16633",3543,3424,2430,-0.314140558848434
"16634","16634",2329,2329,1866,-0.198797767282095
"16635","16635",1917,1917,1985,0.03547209181012
"16636","16636",4086,4150,4181,0.0232501223690651
"16638","16638",2943,2791,2675,-0.091063540604825
"16639","16639",893,893,894,0.00111982082866741
"16641","16641",2532,2633,2496,-0.014218009478673
"16745","16745",2532,2633,2496,-0.014218009478673
"16642","16642",4004,4165,4007,0.000749250749250749
"16643","16643",3659,3189,3076,-0.15933315113419
"16644","16644",4880,4865,5140,0.0532786885245902
"16645","16645",2193,2193,2239,0.0209758321933425
"16647","16647",2047,1808,1593,-0.221787982413288
"16648","16648",4895,5209,3922,-0.198774259448417
"16649","16649",4891,6520,4929,0.00776937231649969
"16650","16650",1828,1828,1681,-0.0804157549234136
"16651","16651",4767,5444,3650,-0.234319278372142
"16653","16653",2846,2854,2392,-0.159522136331694
"16654","16654",1850,1832,2065,0.116216216216216
"16656","16656",4347,4355,5529,0.271911663216011
"16657","16657",10534,10841,9552,-0.0932219479779761
"16658","16658",3567,3571,3683,0.032520325203252
"16660","16660",2005,2014,1956,-0.0244389027431421
"16662","16662",3097,3064,2888,-0.0674846625766871
"16663","16663",5415,5140,5199,-0.0398891966759003
"16664","16664",5343,5456,6084,0.138686131386861
"16665","16665",4404,4404,4224,-0.0408719346049046
"16667","16667",2016,1801,2018,0.000992063492063492
"16668","16668",3628,3282,3064,-0.155457552370452
"16669","16669",1394,1245,1232,-0.116212338593974
"16670","16670",2945,2647,2718,-0.0770797962648557
"16671","16671",4737,4738,4654,-0.0175216381676166
"16672","16672",3984,3917,4583,0.15035140562249
"16674","16674",4577,4579,4083,-0.107930959143544
"16675","16675",2543,2546,2627,0.033031852143138
"16676","16676",1938,1500,1296,-0.331269349845201
"16677","16677",7573,8186,7402,-0.0225802191997887
"16678","16678",4275,4468,4582,0.071812865497076
"16679","16679",2983,2939,2976,-0.00234663090848139
"16680","16680",3096,3095,2641,-0.146963824289406
"16682","16682",2581,2560,2600,0.00736148779542813
"16683","16683",2041,2041,2207,0.0813326800587947
"16684","16684",1622,1617,1646,0.0147965474722565
"16686","16686",2072,2008,1984,-0.0424710424710425
"16687","16687",2851,2830,3095,0.0855840056120659
"16688","16688",1717,1717,2191,0.276062900407688
"16689","16689",3148,3103,3171,0.00730622617534943
"16690","16690",3268,2916,3040,-0.0697674418604651
"16691","16691",2726,2715,2784,0.0212765957446809
"16692","16692",3180,3561,2752,-0.134591194968553
"16693","16693",1412,1412,1414,0.00141643059490085
"16694","16694",1074,1074,836,-0.221601489757914
"16695","16695",5785,5786,5669,-0.0200518582541054
"16697","16697",3838,4080,4100,0.068264721208963
"16698","16698",4007,3961,4016,0.00224606937858747
"16699","16699",2502,2501,2471,-0.0123900879296563
"16700","16700",2377,2378,1885,-0.206983592763988
"16701","16701",2438,2438,2432,-0.00246103363412633
"16702","16702",2774,2802,5013,0.807137707281903
"16703","16703",4687,4687,4809,0.0260294431406017
"16704","16704",4886,4958,4739,-0.0300859598853868
"16705","16705",4655,4546,4372,-0.0607948442534909
"16706","16706",2017,2019,1992,-0.0123946455131383
"16707","16707",3078,3060,3122,0.0142949967511371
"16708","16708",2209,2141,2173,-0.0162969669533726
"16709","16709",1806,1778,1657,-0.0825027685492802
"16710","16710",2268,2280,2160,-0.0476190476190476
"16711","16711",4485,4609,3134,-0.301226309921962
"16712","16712",6029,6114,5832,-0.0326754022225908
"16713","16713",4825,4169,3896,-0.192538860103627
"16714","16714",7131,6531,6522,-0.085401766933109
"16715","16715",7804,7980,6488,-0.168631471040492
"16716","16716",4743,4595,4697,-0.00969850305713683
"16718","16718",4097,4095,3714,-0.0934830363680742
"16719","16719",2838,2838,2802,-0.0126849894291755
"16720","16720",13479,13461,13918,0.0325691816900364
"16722","16722",2540,2540,2484,-0.0220472440944882
"16724","16724",5187,6080,6034,0.163292847503374
"16725","16725",1918,1919,1667,-0.130865484880083
"16726","16726",3278,3043,2716,-0.171446003660769
"16728","16728",4499,4605,4536,0.00822404978884196
"16729","16729",1370,1369,1402,0.0233576642335766
"16730","16730",1641,2259,2438,0.485679463741621
"16731","16731",4911,4911,4782,-0.0262675626145388
"16732","16732",4582,4494,4645,0.0137494543867307
"16733","16733",1960,1960,2510,0.280612244897959
"16735","16735",2258,2295,2293,0.0155004428697963
"16736","16736",2534,2534,2746,0.0836621941594317
"16737","16737",4282,4254,3663,-0.144558617468473
"16738","16738",836,836,931,0.113636363636364
"16739","16739",2569,2686,2749,0.0700661736084079
"16740","16740",1015,1015,1587,0.563546798029557
"16741","16741",1939,1917,2008,0.035585353274884
"16742","16742",8809,8820,7524,-0.145873538426609
"16743","16743",8115,7846,6583,-0.188786198398028
"16744","16744",4061,4411,4216,0.0381679389312977
"16746","16746",3649,4361,4332,0.187174568374897
"16747","16747",5908,6126,4960,-0.160460392687881
"16748","16748",923,871,871,-0.0563380281690141
"16749","16749",2941,2874,2884,-0.0193811628697722
"16750","16750",3308,3308,3403,0.0287182587666264
"16751","16751",3002,4770,4072,0.356429047301799
"16753","16753",5488,5761,5349,-0.0253279883381924
"16754","16754",4045,4036,4447,0.0993819530284302
"16755","16755",2952,3152,2983,0.0105013550135501
"16756","16756",794,777,973,0.22544080604534
"16758","16758",6625,6363,6526,-0.0149433962264151
"16759","16759",1344,1344,1172,-0.12797619047619
"16760","16760",2675,2673,2471,-0.0762616822429907
"16761","16761",990,990,930,-0.0606060606060606
"16762","16762",3062,3073,3081,0.0062050947093403
"16763","16763",2977,2971,2986,0.00302317769566678
"16764","16764",3714,3715,3594,-0.0323101777059774
"16765","16765",1870,1954,1846,-0.0128342245989305
"19276","19276",1870,1954,1846,-0.0128342245989305
"16766","16766",2506,2505,2818,0.124501197126895
"16767","16767",4373,4413,3930,-0.101303453007089
"16768","16768",2606,2508,2458,-0.056792018419033
"16769","16769",2405,2237,2228,-0.0735966735966736
"16770","16770",4381,3996,4237,-0.0328692079433919
"16771","16771",6246,5140,5202,-0.167146974063401
"16772","16772",4981,5177,5208,0.0455731780766914
"16773","16773",11394,11617,11602,0.0182552220466912
"16774","16774",7694,7623,7791,0.0126072264101898
"16775","16775",3056,3180,2930,-0.0412303664921466
"16777","16777",1372,1375,1412,0.0291545189504373
"16778","16778",4945,5119,4767,-0.0359959555106168
"16779","16779",4857,4757,6038,0.243154210417953
"16780","16780",3822,3825,3365,-0.119570905285191
"16781","16781",4029,4571,3811,-0.0541077190369819
"16782","16782",1436,1439,1448,0.00835654596100279
"16783","16783",3278,3267,3125,-0.0466748017083588
"16784","16784",2209,2203,2339,0.0588501584427343
"16785","16785",1972,1964,1944,-0.0141987829614604
"16786","16786",2456,2432,2428,-0.011400651465798
"16787","16787",1764,1785,1811,0.0266439909297052
"16788","16788",4243,4562,3316,-0.218477492340325
"16789","16789",2952,2648,1975,-0.330962059620596
"16790","16790",3434,3430,3425,-0.00262085032032615
"16791","16791",4676,4928,3926,-0.160393498716852
"16792","16792",3533,3479,3451,-0.0232097367676196
"16794","16794",8065,7648,7624,-0.0546807191568506
"16795","16795",4029,4741,3953,-0.0188632414991313
"16796","16796",8603,8572,6831,-0.205974660002325
"16797","16797",7640,8448,7846,0.0269633507853403
"16798","16798",3317,3317,3436,0.035875791377751
"16800","16800",4181,4180,3699,-0.115283425017938
"16801","16801",5468,5587,5400,-0.0124359912216533
"16804","16804",2540,2069,1727,-0.32007874015748
"16805","16805",3731,3894,2821,-0.24390243902439
"16807","16807",8449,8211,7312,-0.134572138714641
"16808","16808",2629,2629,2501,-0.0486877139596805
"16809","16809",5836,5443,4702,-0.194311172035641
"16811","16811",3466,3741,3382,-0.0242354298903635
"16812","16812",9187,9784,5859,-0.362251006857516
"16813","16813",3267,3268,3119,-0.0453014998469544
"16814","16814",1772,1793,2211,0.247742663656885
"16815","16815",3593,3585,3507,-0.0239354300027832
"16816","16816",7899,7906,6510,-0.175845043676415
"16817","16817",1998,1998,1900,-0.049049049049049
"16818","16818",2537,2507,1735,-0.316121403232164
"18151","18151",2537,2507,1735,-0.316121403232164
"16819","16819",2967,2878,3187,0.0741489720256151
"16820","16820",3080,2502,2403,-0.219805194805195
"16821","16821",1748,1745,1762,0.0080091533180778
"16822","16822",2461,2558,2684,0.0906135717188135
"16823","16823",2505,4242,2571,0.0263473053892216
"16824","16824",2048,2084,2088,0.01953125
"16825","16825",2441,2447,2042,-0.163457599344531
"16826","16826",2002,2002,2006,0.001998001998002
"16827","16827",7565,7497,7505,-0.00793126239259749
"16828","16828",2392,2470,2355,-0.0154682274247492
"16829","16829",2560,2283,2822,0.10234375
"16830","16830",1910,1910,1914,0.00209424083769634
"16831","16831",1913,1913,2008,0.0496602195504443
"16832","16832",11320,11638,10103,-0.107508833922261
"16833","16833",1585,1585,1591,0.00378548895899054
"16834","16834",3834,3838,3954,0.0312989045383412
"16835","16835",3836,3714,3748,-0.0229405630865485
"16837","16837",1874,1875,1937,0.0336179295624333
"16838","16838",5092,5415,4978,-0.0223880597014925
"16839","16839",6307,6274,3532,-0.439987315680989
"16840","16840",7905,7441,9690,0.225806451612903
"16841","16841",3929,3970,3960,0.00789004835836091
"16842","16842",2885,2885,2978,0.0322357019064125
"16843","16843",3388,3822,3292,-0.0283353010625738
"16844","16844",3392,3409,2821,-0.168337264150943
"16846","16846",2138,2155,1696,-0.206735266604303
"16847","16847",2441,2370,1827,-0.251536255632937
"16848","16848",2202,2216,2434,0.10535876475931
"16849","16849",7943,8054,8258,0.0396575601158253
"16850","16850",3306,3288,2943,-0.109800362976407
"16851","16851",2210,3946,2277,0.030316742081448
"16852","16852",1785,1789,1834,0.0274509803921569
"16853","16853",2018,1825,1775,-0.120416253716551
"16854","16854",3185,3184,3267,0.02574568288854
"16855","16855",4515,4478,2828,-0.373643410852713
"16856","16856",2229,2229,1483,-0.334679228353522
"16858","16858",3611,3373,3101,-0.141235114926613
"16860","16860",1797,1797,1785,-0.00667779632721202
"16861","16861",4158,4153,4491,0.0800865800865801
"16862","16862",6702,6711,5845,-0.127872276932259
"16864","16864",4885,4885,5375,0.100307062436029
"16865","16865",5305,5266,6446,0.215080113100848
"16866","16866",4377,4503,4621,0.0557459447109893
"16867","16867",1756,1623,1568,-0.107061503416856
"16868","16868",2178,2181,3152,0.447199265381084
"16869","16869",3389,3388,3200,-0.055768663322514
"16870","16870",2980,2980,3466,0.163087248322148
"16871","16871",6283,6016,5099,-0.188445010345376
"16872","16872",4937,4916,5154,0.0439538181081629
"16873","16873",5496,5493,4537,-0.174490538573508
"16874","16874",2363,2351,2103,-0.110029623360135
"16875","16875",4000,4004,3880,-0.03
"16876","16876",7380,7381,7050,-0.0447154471544715
"16877","16877",5082,6884,5964,0.173553719008264
"16878","16878",6944,7752,7509,0.0813652073732719
"16879","16879",1949,1995,1971,0.0112878399179066
"16881","16881",3133,3162,2461,-0.214490903287584
"16882","16882",4143,3746,4132,-0.00265508085928071
"16884","16884",5420,5251,6980,0.287822878228782
"16885","16885",5317,4367,4053,-0.23772804212902
"16886","16886",3915,3860,3488,-0.109067688378033
"16887","16887",4799,6219,5524,0.15107314023755
"16888","16888",3200,3058,2932,-0.08375
"16889","16889",5867,6029,5274,-0.101073802624851
"16890","16890",2215,2229,2214,-0.000451467268623025
"16891","16891",1991,1991,1337,-0.328478151682572
"16892","16892",3752,3668,3631,-0.0322494669509595
"16893","16893",2713,2715,2249,-0.171028381865094
"16894","16894",1793,1671,1728,-0.0362520914668154
"16895","16895",4205,4503,4947,0.176456599286564
"16896","16896",5513,5521,4961,-0.100126972610194
"16897","16897",1106,1108,1112,0.0054249547920434
"16898","16898",3064,2585,2603,-0.150456919060052
"16899","16899",4240,4236,3305,-0.220518867924528
"16900","16900",2234,2234,2742,0.227394807520143
"16901","16901",2533,2733,2626,0.0367153572838531
"16903","16903",11196,11500,11620,0.0378706680957485
"16904","16904",3427,3400,3738,0.0907499270498979
"16905","16905",5098,5053,5342,0.047861906630051
"16906","16906",2190,2376,2541,0.16027397260274
"16907","16907",3463,3463,2481,-0.283569159688132
"16908","16908",1121,1183,1184,0.056199821587868
"16909","16909",3172,3289,3070,-0.032156368221942
"16910","16910",9794,10092,8678,-0.113947314682459
"16911","16911",1804,2008,2133,0.182372505543237
"16912","16912",9565,9610,6816,-0.287401986408782
"16913","16913",6649,6677,5946,-0.105730184990224
"16914","16914",6759,6949,6697,-0.00917295457907974
"16915","16915",2634,2640,2607,-0.010250569476082
"16916","16916",2022,2021,2085,0.0311572700296736
"16917","16917",4241,4358,3832,-0.0964395189813723
"16918","16918",2974,2978,2781,-0.0648957632817754
"16919","16919",3636,3303,3388,-0.0682068206820682
"16921","16921",2302,2301,2278,-0.0104257167680278
"16922","16922",2560,2677,2678,0.04609375
"16924","16924",7139,6731,4464,-0.374702339263202
"16925","16925",5371,5528,5499,0.0238316886985664
"16926","16926",3062,3088,2795,-0.0871979098628348
"16928","16928",3433,3497,3271,-0.0471890474803379
"16929","16929",2146,2146,1853,-0.136533084808947
"16930","16930",1312,1317,1312,0
"16931","16931",4046,4247,3231,-0.201433514582304
"16932","16932",11314,11317,11145,-0.0149372458900477
"16933","16933",5513,5074,3880,-0.296208960638491
"18554","18554",5513,5074,3880,-0.296208960638491
"16934","16934",3166,3171,3276,0.034744156664561
"16935","16935",2268,2270,2354,0.0379188712522046
"16936","16936",1547,1554,1860,0.202327084680026
"16937","16937",11919,12107,12689,0.064602735128786
"16938","16938",909,909,905,-0.0044004400440044
"16939","16939",2119,1865,1845,-0.12930627654554
"16940","16940",4818,5254,5072,0.0527189705271897
"16941","16941",1181,1108,1108,-0.0618120237087214
"16942","16942",5018,4733,5363,0.0687524910322838
"16943","16943",3394,3386,3062,-0.0978196817913966
"16944","16944",2478,2414,2409,-0.0278450363196126
"16945","16945",7339,7470,7282,-0.00776672571194986
"16946","16946",2511,2510,2067,-0.176821983273596
"16947","16947",4784,4693,3463,-0.276128762541806
"16948","16948",11747,11809,11789,0.00357538094832723
"16949","16949",1341,1341,1210,-0.0976882923191648
"16950","16950",2052,2052,2046,-0.00292397660818713
"16951","16951",3826,3645,3725,-0.0263983272347099
"16952","16952",2669,2670,2045,-0.233795428999625
"16953","16953",7685,7660,7450,-0.0305790500975927
"16955","16955",6048,6211,6128,0.0132275132275132
"16957","16957",1703,1709,2050,0.203758073987082
"16958","16958",1875,1877,2372,0.265066666666667
"16959","16959",5502,5297,5044,-0.0832424572882588
"16960","16960",6712,6452,5482,-0.183253873659118
"16961","16961",3102,3080,2759,-0.110573823339781
"16963","16963",2232,2136,2138,-0.0421146953405018
"16964","16964",2607,2335,3044,0.167625623321826
"16965","16965",7493,7318,9581,0.278660082743894
"16967","16967",7162,7284,6321,-0.117425300195476
"16968","16968",7662,7636,8026,0.0475071782824328
"16969","16969",4591,4821,4957,0.0797211936397299
"16970","16970",8578,8536,8904,0.0380041967824668
"16972","16972",2904,2816,3124,0.0757575757575758
"16973","16973",1968,1968,2152,0.0934959349593496
"16974","16974",1843,2107,1216,-0.34020618556701
"16975","16975",2863,2863,2885,0.00768424729304925
"16976","16976",3256,3252,3385,0.0396191646191646
"17019","17019",3256,3252,3385,0.0396191646191646
"16977","16977",3603,3602,3386,-0.0602275881210103
"16978","16978",5862,6380,5595,-0.0455475946775844
"16979","16979",7006,7009,6860,-0.0208392806166143
"16980","16980",4294,4308,4068,-0.0526315789473684
"16981","16981",3251,2661,2891,-0.110735158412796
"16982","16982",4551,4895,5062,0.112283014722039
"16983","16983",9585,9556,7666,-0.200208659363589
"16984","16984",4488,4323,4461,-0.00601604278074866
"16985","16985",1929,1971,1918,-0.00570243649559357
"16986","16986",9188,8040,6713,-0.26937309534175
"16987","16987",2997,3020,3393,0.132132132132132
"16988","16988",1410,1395,1326,-0.0595744680851064
"16989","16989",5451,5628,5494,0.0078884608328747
"16990","16990",4722,4670,4673,-0.0103769589157137
"16991","16991",2185,2187,2843,0.301144164759725
"16992","16992",6695,6661,5231,-0.218670649738611
"16993","16993",12601,13016,12872,0.0215062296643124
"16994","16994",1184,1208,1362,0.150337837837838
"17241","17241",1184,1208,1362,0.150337837837838
"16996","16996",2182,2183,1877,-0.139780018331806
"16997","16997",2619,2619,2631,0.00458190148911798
"16998","16998",2806,2807,2607,-0.0709194583036351
"16999","16999",3891,5447,5353,0.3757388846055
"17000","17000",917,917,914,-0.00327153762268266
"17001","17001",2816,2629,2779,-0.0131392045454545
"17002","17002",5640,5628,5324,-0.0560283687943262
"17004","17004",2992,2990,2939,-0.0177139037433155
"17005","17005",8713,8609,8460,-0.0290370710432687
"17006","17006",2724,2724,2216,-0.186490455212922
"17008","17008",2337,2337,2332,-0.00213949507916132
"17009","17009",4647,4922,4665,0.00387346675274371
"17010","17010",4064,4047,4233,0.0415846456692913
"17011","17011",12463,12628,11812,-0.052234614458798
"17012","17012",5665,5620,4885,-0.137687555163283
"17013","17013",3169,3171,3088,-0.0255601136005049
"17014","17014",6012,6185,6276,0.0439121756487026
"17015","17015",1785,2516,1653,-0.0739495798319328
"17016","17016",823,830,866,0.0522478736330498
"17017","17017",3375,3363,3366,-0.00266666666666667
"17018","17018",5147,5125,4979,-0.0326403730328347
"17020","17020",3018,3022,3185,0.0553346587143804
"17021","17021",1618,1615,1640,0.0135970333745365
"17022","17022",1391,1380,1380,-0.00790797987059669
"17023","17023",2869,2570,2348,-0.181596375043569
"18975","18975",2869,2570,2348,-0.181596375043569
"17025","17025",2618,2613,2599,-0.00725744843391902
"17026","17026",2421,2414,2937,0.213135068153656
"17027","17027",2547,2499,2485,-0.0243423635649784
"17028","17028",1905,1750,1838,-0.0351706036745407
"17029","17029",11994,11954,11564,-0.0358512589628147
"17030","17030",4449,4456,4224,-0.0505731625084289
"17031","17031",3367,3314,4111,0.220968220968221
"17032","17032",4054,4298,3793,-0.0643808584114455
"17033","17033",8278,8230,8791,0.0619714906982363
"17034","17034",2954,3322,3161,0.0700744752877454
"17035","17035",2328,2369,2225,-0.0442439862542955
"17037","17037",4453,4453,4220,-0.0523242757691444
"17038","17038",2815,2815,2474,-0.12113676731794
"17039","17039",1447,1260,965,-0.333102971665515
"17040","17040",1273,1073,1074,-0.156323644933229
"17041","17041",3474,3750,3107,-0.105641911341393
"17042","17042",2648,2213,2964,0.119335347432024
"18240","18240",2648,2213,2964,0.119335347432024
"17043","17043",4455,4362,4447,-0.00179573512906846
"17045","17045",3963,5375,4803,0.211960635881908
"17046","17046",2111,2093,2088,-0.0108953102794884
"17049","17049",6222,6174,8421,0.353423336547734
"17050","17050",2133,2133,2208,0.0351617440225035
"17051","17051",5122,5127,5130,0.00156188988676298
"17052","17052",2291,2287,1897,-0.171977302487997
"17053","17053",7245,10109,6603,-0.0886128364389234
"17054","17054",1702,1892,1725,0.0135135135135135
"17056","17056",1743,1744,1446,-0.17039586919105
"17057","17057",7070,7087,6895,-0.0247524752475248
"17058","17058",2021,2021,2025,0.00197921820880752
"17060","17060",3364,3328,3413,0.0145659928656361
"17061","17061",4418,4418,4236,-0.041195110909914
"17062","17062",3320,3340,3303,-0.00512048192771084
"17063","17063",3685,3345,3031,-0.177476255088195
"17064","17064",2774,2652,2548,-0.0814708002883922
"17065","17065",3302,3302,3109,-0.0584494245911569
"17066","17066",4506,4506,6288,0.395472703062583
"17067","17067",2717,2651,2665,-0.0191387559808612
"17069","17069",7991,8011,8423,0.0540608184207233
"17070","17070",2441,2441,2496,0.0225317492830807
"17071","17071",5242,5007,4801,-0.0841281953452881
"17074","17074",3720,3326,3551,-0.0454301075268817
"17075","17075",3333,3068,3329,-0.0012001200120012
"17076","17076",2773,2728,2577,-0.0706815723043635
"17078","17078",7299,7414,7144,-0.0212357857240718
"17079","17079",10977,10925,10789,-0.0171267195044183
"17080","17080",3569,3381,3757,0.052675819557299
"17081","17081",2299,2314,2597,0.129621574597651
"17082","17082",3292,3262,3507,0.0653098420413123
"17083","17083",2185,2193,2294,0.0498855835240275
"17084","17084",1796,2236,2565,0.428173719376392
"17085","17085",3218,2943,2982,-0.0733374766935985
"17086","17086",11820,11809,11717,-0.00871404399323181
"17089","17089",853,1105,861,0.00937866354044549
"17090","17090",3792,3656,3472,-0.0843881856540084
"17091","17091",11392,11631,11631,0.0209796348314607
"17092","17092",11745,12948,10929,-0.0694763729246488
"17093","17093",1546,1551,1536,-0.00646830530401035
"18287","18287",1546,1551,1536,-0.00646830530401035
"17094","17094",3023,3022,2869,-0.0509427720807145
"18223","18223",3023,3022,2869,-0.0509427720807145
"17095","17095",3656,3635,2944,-0.194748358862144
"17096","17096",2083,2071,2088,0.00240038406144983
"17097","17097",2493,2512,2524,0.0124348174889691
"17098","17098",1602,1602,1610,0.00499375780274657
"17099","17099",3375,3366,1999,-0.407703703703704
"17100","17100",7960,7945,7344,-0.0773869346733668
"17102","17102",2769,2826,2623,-0.0527266161068978
"17103","17103",5939,5930,5693,-0.0414211146657687
"17104","17104",2196,2099,2108,-0.0400728597449909
"17106","17106",2372,2063,2069,-0.127740303541315
"17107","17107",5230,5242,4434,-0.152198852772467
"17109","17109",6149,6155,5499,-0.105708245243129
"17110","17110",8500,8303,7598,-0.106117647058824
"17111","17111",1537,1537,2005,0.304489264801561
"17112","17112",5814,5941,5921,0.0184038527691778
"17113","17113",3732,4019,3705,-0.00723472668810289
"17114","17114",1968,1341,1341,-0.31859756097561
"17116","17116",7713,7922,10624,0.377414754310904
"17117","17117",1349,1352,1678,0.243884358784285
"17118","17118",1328,1277,1283,-0.0338855421686747
"17119","17119",9902,10226,9179,-0.0730155524136538
"17121","17121",2946,2987,2849,-0.0329260013577733
"17122","17122",3983,4117,3639,-0.0863670600050213
"17123","17123",2567,2681,2871,0.118426178418387
"17125","17125",1790,1790,1627,-0.0910614525139665
"17126","17126",2154,1381,1382,-0.358402971216342
"17127","17127",14925,15521,13256,-0.111825795644891
"17128","17128",2759,2765,2693,-0.0239217107647698
"17129","17129",4497,4108,4114,-0.0851678897042473
"17130","17130",6326,6794,6793,0.0738223205817262
"17131","17131",7327,7116,7025,-0.041217415040262
"17132","17132",3528,3528,3184,-0.0975056689342404
"17133","17133",5073,4878,3784,-0.254090281884487
"17134","17134",9374,9198,9292,-0.00874759974397269
"17136","17136",1865,1963,1986,0.0648793565683646
"17137","17137",6517,6111,5887,-0.0966702470461869
"17138","17138",8266,8282,8894,0.075973868860392
"17139","17139",3484,3401,3341,-0.041044776119403
"17140","17140",1838,1838,1940,0.0554951033732318
"17141","17141",1601,1676,1519,-0.0512179887570269
"17142","17142",4801,4864,4617,-0.0383253488856488
"17143","17143",5204,5153,5101,-0.0197924673328209
"17144","17144",3162,3258,2411,-0.237507906388362
"17145","17145",754,757,789,0.0464190981432361
"17147","17147",1203,1203,1384,0.15045719035744
"17149","17149",2284,2978,2382,0.042907180385289
"17150","17150",2009,2006,2047,0.0189148830263813
"17151","17151",2370,3227,3123,0.317721518987342
"17152","17152",1194,1280,989,-0.171691792294807
"18442","18442",1194,1280,989,-0.171691792294807
"17153","17153",3753,3758,3778,0.00666133759658939
"17154","17154",3225,2799,2508,-0.222325581395349
"17155","17155",6323,6881,4377,-0.307765301281037
"17156","17156",7073,7199,7017,-0.00791743248974975
"17157","17157",2444,2375,2884,0.180032733224223
"17158","17158",4622,4666,4488,-0.0289917784508871
"17159","17159",2059,1789,1903,-0.0757649344341914
"17161","17161",1058,1058,1180,0.11531190926276
"17162","17162",2730,2726,2445,-0.104395604395604
"17163","17163",4311,3482,3316,-0.230804917652517
"17164","17164",4195,4205,3949,-0.0586412395709178
"17165","17165",1107,1113,1115,0.00722673893405601
"17166","17166",2622,2643,3226,0.230358504958047
"17167","17167",8904,9057,8263,-0.0719901168014376
"17168","17168",7936,7846,6898,-0.130796370967742
"17169","17169",1497,1500,1827,0.220440881763527
"17172","17172",2357,2198,2286,-0.0301230377598642
"17173","17173",2778,2811,2959,0.0651547876169906
"17174","17174",4208,5535,5479,0.302043726235741
"17175","17175",1813,1814,1819,0.00330943188086045
"17176","17176",1528,1536,1643,0.075261780104712
"17177","17177",2312,2345,2419,0.046280276816609
"17178","17178",2982,3146,2788,-0.0650570087189806
"17179","17179",3296,3283,3444,0.0449029126213592
"17180","17180",2463,2475,2407,-0.0227365002030045
"17181","17181",2048,2046,1977,-0.03466796875
"17182","17182",2141,2144,2189,0.0224194301728164
"17183","17183",1494,1494,1475,-0.0127175368139224
"17184","17184",5895,5805,6231,0.0569974554707379
"17185","17185",4928,4930,5435,0.102881493506494
"17186","17186",2904,3065,3028,0.0426997245179063
"17187","17187",2247,2247,2080,-0.0743213173119715
"17188","17188",1986,1946,1948,-0.0191339375629406
"17189","17189",1171,865,975,-0.167378309137489
"17191","17191",5859,6011,5070,-0.134664618535586
"17192","17192",3156,3167,3840,0.216730038022814
"17193","17193",4687,3868,3833,-0.182206101984212
"17194","17194",3310,3862,3174,-0.0410876132930514
"17195","17195",12915,12916,12354,-0.0434378629500581
"17196","17196",2671,2177,2407,-0.0988393859977536
"17197","17197",3070,2977,3103,0.0107491856677524
"17198","17198",5911,5846,6134,0.0377262730502453
"17199","17199",5290,5308,5268,-0.00415879017013232
"17200","17200",940,940,814,-0.134042553191489
"17201","17201",2075,2087,1778,-0.143132530120482
"17202","17202",5593,5437,4571,-0.182728410513141
"17203","17203",3882,4195,4013,0.0337454920144256
"17204","17204",2601,2907,2753,0.0584390618992695
"17205","17205",2490,2493,2493,0.00120481927710843
"17207","17207",2505,2505,2413,-0.0367265469061876
"17208","17208",1745,1241,1282,-0.265329512893983
"17209","17209",5325,5526,5362,0.00694835680751174
"17210","17210",3603,3718,3659,0.0155426033860672
"17211","17211",3895,3879,3387,-0.130423620025674
"17212","17212",6298,7184,5441,-0.136074944426802
"17213","17213",2548,2418,1969,-0.22723704866562
"17214","17214",5043,5118,5187,0.0285544318857823
"17215","17215",3305,3116,3268,-0.0111951588502269
"17217","17217",2803,3133,2851,0.0171245094541563
"17218","17218",2956,2930,3148,0.0649526387009472
"17219","17219",1608,1633,1659,0.0317164179104478
"17220","17220",7261,6983,7247,-0.00192810907588486
"17221","17221",3391,3330,3457,0.0194632851666175
"17222","17222",3748,3748,4567,0.218516542155816
"17223","17223",1645,1648,1653,0.00486322188449848
"17224","17224",1862,1862,1253,-0.327067669172932
"17227","17227",4922,4897,5065,0.0290532303941487
"17229","17229",2384,2385,2248,-0.0570469798657718
"17230","17230",6384,6024,6322,-0.00971177944862155
"17231","17231",4470,4638,4359,-0.0248322147651007
"17234","17234",6228,6074,6173,-0.0088310854206808
"17235","17235",2016,2042,2038,0.0109126984126984
"17236","17236",5416,5532,5588,0.0317577548005908
"17238","17238",2385,2186,2186,-0.0834381551362683
"17239","17239",2514,2395,2761,0.0982498011137629
"17240","17240",1120,1123,1174,0.0482142857142857
"17242","17242",5374,4571,4830,-0.101228135467064
"17244","17244",8049,8037,11057,0.373711020002485
"17245","17245",2700,2123,2256,-0.164444444444444
"17246","17246",2488,2467,2371,-0.0470257234726688
"17248","17248",3657,3362,3395,-0.0716434235712333
"17249","17249",1763,1721,1897,0.0760068065796937
"17250","17250",1748,1762,1542,-0.117848970251716
"17251","17251",2780,2781,2799,0.00683453237410072
"17252","17252",3634,3625,3322,-0.0858558062740782
"17253","17253",7369,7365,7772,0.0546885601845569
"17255","17255",1464,1458,1518,0.0368852459016393
"17256","17256",2327,2325,2342,0.00644606789858186
"17257","17257",2394,2331,1606,-0.329156223893066
"17258","17258",1900,1894,1894,-0.00315789473684211
"17259","17259",4506,5060,4020,-0.107856191744341
"17260","17260",2318,2314,2324,0.00258843830888697
"17263","17263",4161,4474,4443,0.0677721701514059
"17264","17264",3711,3711,3854,0.0385340878469415
"17265","17265",2899,2919,2673,-0.0779579165229389
"17266","17266",1404,1265,1050,-0.252136752136752
"17267","17267",1816,1816,1987,0.0941629955947137
"17269","17269",4451,5628,5239,0.177038867670186
"17270","17270",2702,2722,3211,0.188378978534419
"17271","17271",2586,2586,3934,0.521268368136118
"17272","17272",1513,1507,1528,0.00991407799074686
"17273","17273",5168,5864,5406,0.0460526315789474
"17274","17274",11638,12707,9451,-0.187918886406599
"17275","17275",3695,3699,3312,-0.103653585926928
"17276","17276",1758,1758,1786,0.0159271899886234
"17277","17277",4357,4182,4267,-0.0206564149644251
"17278","17278",4070,4070,3795,-0.0675675675675676
"17279","17279",3608,3588,3755,0.0407427937915743
"17280","17280",4699,4699,3900,-0.170036177910194
"17281","17281",1694,1698,1735,0.0242030696576151
"17282","17282",2801,2726,2502,-0.106747590146376
"17283","17283",6603,6459,5567,-0.156898379524459
"17284","17284",5072,5266,4402,-0.132097791798107
"19967","19967",5072,5266,4402,-0.132097791798107
"17285","17285",4139,3073,3001,-0.274945639043247
"17286","17286",3756,3756,2756,-0.266240681576145
"17288","17288",1845,1845,1849,0.0021680216802168
"17289","17289",4294,3446,3571,-0.168374476013041
"17290","17290",4688,4794,4528,-0.0341296928327645
"17292","17292",6876,7040,4635,-0.325916230366492
"17293","17293",5724,5323,5197,-0.0920684835779175
"17294","17294",9160,7639,9568,0.0445414847161572
"17295","17295",3091,3096,2761,-0.106761565836299
"17296","17296",5645,5456,3309,-0.413817537643933
"17297","17297",2693,2717,2671,-0.00816932788711474
"17298","17298",1302,1250,1201,-0.0775729646697389
"19229","19229",1302,1250,1201,-0.0775729646697389
"17299","17299",3446,2907,2127,-0.382762623331399
"17300","17300",1773,1775,1604,-0.0953186689227298
"17301","17301",6667,6655,8718,0.307634618269087
"17302","17302",2461,2558,2632,0.0694839496139781
"17303","17303",7493,7709,10821,0.44414787134659
"17304","17304",3974,4090,6996,0.760442878711626
"17305","17305",3828,3929,4356,0.137931034482759
"17306","17306",1354,1354,1355,0.000738552437223043
"17307","17307",4428,4599,4603,0.0395212285456188
"17308","17308",3176,2986,2995,-0.0569899244332494
"17309","17309",5280,5280,7207,0.364962121212121
"17310","17310",3773,3976,3295,-0.126689636893719
"17312","17312",12345,12856,12761,0.033697853381936
"17314","17314",6554,7014,6320,-0.0357033872444309
"17315","17315",1480,1480,1458,-0.0148648648648649
"17317","17317",4718,4723,4337,-0.0807545570156846
"17318","17318",3801,3781,3836,0.00920810313075507
"17319","17319",1695,1914,1994,0.176401179941003
"17320","17320",3610,3679,3720,0.0304709141274238
"17322","17322",6068,6220,5272,-0.131179960448253
"17325","17325",8181,8201,7889,-0.0356924581347024
"17327","17327",10222,10238,9683,-0.0527294071610252
"17328","17328",5825,5825,5989,0.0281545064377682
"17329","17329",2671,2867,2841,0.0636465743167353
"17330","17330",1436,1436,1377,-0.0410863509749304
"17331","17331",7746,5830,8427,0.0879163439194423
"17332","17332",2131,2113,1855,-0.129516658845612
"17333","17333",3808,3808,3800,-0.00210084033613445
"17334","17334",3094,3077,3028,-0.0213316095669037
"17336","17336",2371,2387,2563,0.0809784900885702
"17337","17337",1901,1916,1744,-0.0825881115202525
"17339","17339",5599,5549,4985,-0.109662439721379
"17340","17340",6294,5798,4112,-0.34667937718462
"17341","17341",4410,3865,4595,0.0419501133786848
"17343","17343",8290,7759,7715,-0.0693606755126659
"17346","17346",7196,6550,5604,-0.221234018899389
"17347","17347",4897,4904,5249,0.071880743312232
"17348","17348",8955,8911,9208,0.0282523729759911
"17349","17349",4098,4102,4121,0.00561249389946315
"17350","17350",4609,4446,4183,-0.0924278585376437
"17351","17351",2671,2671,1686,-0.368775739423437
"17352","17352",2200,2068,2011,-0.0859090909090909
"17353","17353",3622,3603,3263,-0.0991165102153506
"17354","17354",5790,5880,4994,-0.137478411053541
"17355","17355",7541,7547,7267,-0.0363347036202095
"17356","17356",2314,2314,2166,-0.0639585133967156
"17357","17357",6336,5951,5723,-0.0967487373737374
"17358","17358",583,590,1874,2.21440823327616
"17359","17359",3779,3774,3870,0.0240804445620535
"17360","17360",4920,4952,3854,-0.216666666666667
"17361","17361",1891,2280,2278,0.204653622421999
"17362","17362",2363,2321,2121,-0.102412187896741
"17363","17363",8372,8256,5620,-0.328714763497372
"17364","17364",3203,3182,3204,0.000312207305650952
"17365","17365",8569,8203,8287,-0.0329093243085541
"17366","17366",8814,12138,10477,0.188677104606308
"17367","17367",961,1006,955,-0.00624349635796046
"17369","17369",3854,3869,4010,0.0404774260508563
"17370","17370",3674,3172,3346,-0.0892759934676102
"17371","17371",2972,2876,3050,0.0262449528936743
"17372","17372",2570,2573,2629,0.0229571984435798
"17373","17373",1680,1659,1478,-0.120238095238095
"17374","17374",5443,5545,5608,0.0303141649825464
"17376","17376",5258,5345,5532,0.0521110688474705
"17377","17377",2676,2932,3116,0.164424514200299
"17378","17378",1911,1911,1988,0.0402930402930403
"17380","17380",9701,8859,8331,-0.141222554375838
"17381","17381",2222,2469,2470,0.111611161116112
"17382","17382",5252,5534,4812,-0.0837776085300838
"17383","17383",1378,1327,1155,-0.161828737300435
"17384","17384",10560,10776,9147,-0.133806818181818
"17385","17385",6429,6436,6022,-0.0633068906517343
"17386","17386",10192,10194,9585,-0.0595565149136578
"17387","17387",2998,2998,2997,-0.000333555703802535
"17388","17388",2398,2379,2208,-0.079232693911593
"17389","17389",2614,2614,2618,0.00153022188217292
"17390","17390",4124,4133,4773,0.15737148399612
"17391","17391",2677,2992,2680,0.00112065745237206
"17392","17392",2997,2958,3114,0.039039039039039
"17393","17393",1900,2611,2621,0.379473684210526
"17394","17394",2597,2464,1940,-0.252984212552946
"17395","17395",3158,3268,3639,0.15231158961368
"17396","17396",1377,1377,1555,0.129266521423384
"17397","17397",3521,3745,3819,0.084635046861687
"17398","17398",5653,5597,5011,-0.113568016982133
"17399","17399",4323,4300,4667,0.0795743696507055
"17400","17400",5404,5302,4677,-0.134529977794226
"17401","17401",1752,1752,1389,-0.207191780821918
"17402","17402",4632,4684,4440,-0.0414507772020725
"17403","17403",1465,1465,1382,-0.0566552901023891
"17404","17404",1704,1692,1642,-0.0363849765258216
"17405","17405",3918,3920,3464,-0.115875446656457
"17406","17406",2486,2486,2545,0.0237329042638777
"17407","17407",7788,7811,6751,-0.133153569594248
"17408","17408",1987,1987,1987,0
"17409","17409",4212,4218,3564,-0.153846153846154
"17410","17410",2628,2164,2124,-0.191780821917808
"17411","17411",7581,7634,7564,-0.00224244822582773
"17412","17412",3190,3188,2294,-0.280877742946708
"17413","17413",2964,2968,2964,0
"17415","17415",2639,2755,2596,-0.0162940507768094
"17416","17416",2400,2347,2894,0.205833333333333
"17418","17418",2964,2956,2595,-0.124493927125506
"17419","17419",6089,6065,3884,-0.362128428313352
"17420","17420",2995,2997,2818,-0.0590984974958264
"17421","17421",2487,2487,2560,0.0293526336952151
"17423","17423",2313,1979,1962,-0.151750972762646
"17424","17424",2244,2349,2402,0.0704099821746881
"17425","17425",1753,1808,1496,-0.146605818596691
"17426","17426",6182,6202,5663,-0.0839534131349078
"17427","17427",3251,2920,2926,-0.0999692402337742
"17428","17428",4697,4549,4759,0.0131999148392591
"17429","17429",2610,2595,2597,-0.00498084291187739
"17430","17430",3444,3247,3230,-0.062137049941928
"17432","17432",2608,2514,2872,0.101226993865031
"17433","17433",4205,4252,4357,0.0361474435196195
"18518","18518",4205,4252,4357,0.0361474435196195
"17434","17434",5466,5450,5465,-0.000182949140139041
"17435","17435",9589,9739,9463,-0.0131400563145271
"17436","17436",2129,2088,1998,-0.0615312353217473
"17437","17437",1791,1476,1291,-0.279173646007817
"17438","17438",2741,2741,3258,0.188617292958774
"17439","17439",1971,1971,1980,0.0045662100456621
"17440","17440",1297,1301,1445,0.114109483423285
"17441","17441",1945,1945,1601,-0.176863753213368
"17444","17444",3839,3773,3839,0
"17445","17445",5051,4846,4073,-0.193625024747575
"17446","17446",2399,2399,2835,0.18174239266361
"17447","17447",3384,3490,3479,0.0280732860520095
"17448","17448",3605,3656,3679,0.0205270457697642
"17449","17449",3445,4149,3307,-0.0400580551523948
"17450","17450",5418,4468,4248,-0.215946843853821
"19720","19720",5418,4468,4248,-0.215946843853821
"17451","17451",1797,2731,1664,-0.0740122426265999
"17452","17452",4394,4364,5154,0.172963131543013
"17453","17453",2992,2876,2661,-0.110628342245989
"17454","17454",3021,3248,3129,0.0357497517378352
"17456","17456",1995,1998,2023,0.0140350877192982
"17458","17458",3995,3898,3884,-0.0277847309136421
"17459","17459",4181,3940,3676,-0.120784501315475
"17460","17460",4108,4114,3979,-0.0314021421616358
"17461","17461",5508,5455,3721,-0.32443718228032
"17462","17462",1703,1909,1389,-0.184380504991192
"17463","17463",5857,6412,3738,-0.361789311934437
"17464","17464",3468,3005,3324,-0.041522491349481
"17465","17465",2226,2230,2299,0.0327942497753819
"17466","17466",4140,3966,4019,-0.0292270531400966
"17467","17467",5861,5770,6204,0.0585224364442928
"17469","17469",2245,2980,3001,0.336748329621381
"17470","17470",3672,3672,3667,-0.00136165577342048
"17472","17472",2038,2001,2011,-0.0132482826300294
"17473","17473",2631,2692,2517,-0.0433295324971494
"17474","17474",2919,2787,2308,-0.209318259677972
"17475","17475",4494,4495,4526,0.00712060525144637
"17477","17477",2466,2458,2374,-0.0373073803730738
"17479","17479",3596,3617,3824,0.0634037819799778
"18025","18025",3596,3617,3824,0.0634037819799778
"17480","17480",2972,2826,2890,-0.0275908479138627
"17481","17481",995,995,994,-0.00100502512562814
"17482","17482",2558,2655,2404,-0.0602032838154808
"17483","17483",2856,4166,4213,0.475140056022409
"17484","17484",4086,3922,3736,-0.0856583455702398
"17485","17485",2369,2162,2534,0.0696496411988181
"17487","17487",7658,7993,7500,-0.0206320188038652
"17489","17489",7805,7769,5593,-0.283408071748879
"17490","17490",3227,3230,3320,0.0288193368453672
"17491","17491",2536,2990,2548,0.00473186119873817
"17493","17493",3894,3465,3259,-0.163071391884951
"17494","17494",3749,4459,3865,0.0309415844225127
"17495","17495",2627,2618,2438,-0.071945184621241
"17496","17496",3182,3176,3699,0.16247642991829
"17497","17497",1905,2211,1780,-0.0656167979002625
"18276","18276",1905,2211,1780,-0.0656167979002625
"17498","17498",1218,1218,1122,-0.0788177339901478
"17499","17499",4800,4836,3503,-0.270208333333333
"17500","17500",2957,2959,2950,-0.00236726411903957
"17501","17501",4325,4286,5071,0.172485549132948
"18539","18539",4325,4286,5071,0.172485549132948
"17502","17502",4356,4355,4332,-0.00550964187327824
"17503","17503",1971,1974,1212,-0.385083713850837
"17504","17504",6529,6783,5743,-0.120385970286414
"17505","17505",3507,3514,3162,-0.0983746792130026
"17507","17507",2653,2453,2454,-0.0750094232943837
"17508","17508",5444,5896,5127,-0.0582292432035268
"17509","17509",4390,4444,4701,0.0708428246013667
"17510","17510",7435,7447,7842,0.0547410894418292
"17511","17511",1871,1868,1838,-0.0176376269374666
"17512","17512",3258,3258,3390,0.0405156537753223
"17513","17513",2508,2508,2509,0.000398724082934609
"17514","17514",3854,4126,3336,-0.134405812143228
"17516","17516",5650,5182,5521,-0.0228318584070796
"17518","17518",3878,3415,3406,-0.121712222795255
"17520","17520",2817,2821,2801,-0.00567980120695776
"17521","17521",951,1030,1093,0.14931650893796
"17522","17522",4399,4796,3716,-0.155262559672653
"17523","17523",1651,1651,1703,0.031496062992126
"17524","17524",6471,5714,5033,-0.222222222222222
"17526","17526",8158,8266,7937,-0.027089973032606
"17527","17527",3009,3018,2295,-0.23728813559322
"17528","17528",6593,6578,6673,0.0121340816016988
"17529","17529",5105,5107,5180,0.0146914789422135
"17530","17530",2456,2184,2425,-0.0126221498371336
"17531","17531",2421,2281,2309,-0.0462618752581578
"17532","17532",3600,3691,4510,0.252777777777778
"17533","17533",3816,3815,3481,-0.0877882599580713
"17534","17534",4234,4166,4203,-0.00732168162494095
"17535","17535",4489,4403,4059,-0.0957897081755402
"17536","17536",4983,4975,4886,-0.0194661850290989
"17537","17537",3716,4015,3910,0.0522066738428418
"17538","17538",2584,2098,1877,-0.273606811145511
"17539","17539",1066,1066,1053,-0.0121951219512195
"17540","17540",2816,2516,2394,-0.149857954545455
"17542","17542",5880,5580,5573,-0.0522108843537415
"17543","17543",4159,4238,4283,0.0298148593411878
"17544","17544",3146,2607,2423,-0.229815638906548
"17545","17545",5490,5786,5859,0.0672131147540984
"17546","17546",4901,5061,4805,-0.0195878392164864
"17547","17547",5235,5146,5105,-0.0248328557784145
"17548","17548",2583,2576,1950,-0.245063879210221
"17549","17549",2096,1977,1807,-0.137881679389313
"17550","17550",1797,1896,1896,0.0550918196994992
"17551","17551",3966,3966,4002,0.00907715582450832
"17552","17552",1402,1402,1407,0.00356633380884451
"17553","17553",2241,2006,2320,0.035252119589469
"17554","17554",1079,1050,1176,0.0898980537534754
"17555","17555",4501,4550,4432,-0.0153299266829593
"17556","17556",8433,8155,8215,-0.0258508241432468
"17557","17557",5899,6047,5573,-0.0552636040006781
"17558","17558",4896,4918,3699,-0.244485294117647
"17559","17559",2804,2766,2586,-0.0777460770328103
"17560","17560",9706,12915,11348,0.16917370698537
"17561","17561",1991,1778,1781,-0.105474635861376
"17562","17562",5837,5898,4271,-0.268288504368683
"17563","17563",1288,1327,1449,0.125
"17564","17564",9324,9312,11125,0.193157443157443
"17565","17565",6906,6891,5529,-0.199391833188532
"17566","17566",4610,4688,4598,-0.00260303687635575
"17567","17567",6371,6355,5706,-0.104379218333072
"17568","17568",4088,4084,3034,-0.257827788649706
"17569","17569",5727,5189,4091,-0.285664396717304
"17570","17570",3648,3781,3328,-0.087719298245614
"17571","17571",1181,1146,1279,0.0829805249788315
"17572","17572",2598,2678,2730,0.0508083140877598
"17573","17573",2204,2208,2173,-0.014065335753176
"17574","17574",1018,1350,1059,0.0402750491159136
"17575","17575",5405,4930,5140,-0.0490286771507863
"17576","17576",8027,7956,8191,0.0204310452223745
"17577","17577",1839,1396,2090,0.136487221315933
"17578","17578",8395,8396,8130,-0.0315664085765337
"17579","17579",4416,4972,4734,0.0720108695652174
"17581","17581",2654,2758,2819,0.0621703089675961
"17582","17582",6838,6829,9412,0.376425855513308
"17583","17583",1401,2200,2206,0.574589578872234
"17586","17586",4042,3729,3710,-0.0821375556655121
"17587","17587",3707,3706,3694,-0.00350687887779876
"17588","17588",3586,3586,3622,0.0100390407138873
"17589","17589",1949,1953,2059,0.0564391995895331
"17590","17590",5022,5022,3898,-0.223815213062525
"17591","17591",4733,4352,3044,-0.356856116627932
"17592","17592",5681,5741,5766,0.0149621545502552
"17593","17593",4257,4691,3826,-0.101245008221752
"17594","17594",5139,5100,4260,-0.171044950379451
"17595","17595",1672,1673,1619,-0.0316985645933014
"17596","17596",2709,2697,2395,-0.115909929863418
"17597","17597",6677,6677,6123,-0.0829713943387749
"17598","17598",2187,2182,2184,-0.00137174211248285
"18661","18661",2187,2182,2184,-0.00137174211248285
"17599","17599",3056,3049,2447,-0.199280104712042
"17600","17600",4761,4132,4258,-0.105650073513968
"17601","17601",3318,3320,3187,-0.0394816154309825
"17602","17602",2385,2384,2388,0.00125786163522013
"17603","17603",2887,2892,2680,-0.0717007273986838
"17604","17604",4545,4544,4511,-0.00748074807480748
"17605","17605",907,907,709,-0.218302094818082
"17606","17606",2827,2782,2879,0.0183940573045631
"17607","17607",2291,2205,2316,0.0109122653862942
"17608","17608",3534,3823,3830,0.0837577815506508
"17609","17609",4360,4360,4593,0.0534403669724771
"17610","17610",1754,1679,1675,-0.0450399087799316
"17611","17611",5953,5340,5298,-0.110028557030069
"17612","17612",4155,4162,2897,-0.302767749699158
"17613","17613",1859,2060,1718,-0.0758472296933835
"17615","17615",9357,9366,9477,0.0128246232766912
"17616","17616",8873,9368,9302,0.0483489237011157
"17617","17617",1431,1431,1431,0
"17619","17619",6734,6702,3756,-0.442233442233442
"17620","17620",1957,1957,1957,0
"17622","17622",1916,1913,1805,-0.0579331941544885
"17623","17623",4286,4271,4476,0.0443303779748017
"17624","17624",1967,2014,2032,0.0330452465683782
"17625","17625",2687,2704,2133,-0.206177893561593
"17626","17626",3931,3676,3774,-0.039938946832867
"17628","17628",2503,2125,1822,-0.272073511785857
"17630","17630",3758,4354,4152,0.104843001596594
"17631","17631",3337,2597,2565,-0.231345519928079
"17632","17632",1740,1523,1588,-0.0873563218390805
"17633","17633",4311,4293,3435,-0.203201113430759
"17634","17634",8619,8610,8468,-0.0175194338090266
"17635","17635",5990,5967,3750,-0.373956594323873
"17636","17636",6482,6341,6385,-0.0149645171243443
"17637","17637",8277,8283,7629,-0.0782892352301559
"17638","17638",2578,2578,2334,-0.0946470131885182
"17639","17639",1998,1818,1837,-0.0805805805805806
"17640","17640",2217,2180,2234,0.0076680198466396
"17641","17641",3559,3560,3500,-0.0165776903624614
"17642","17642",1844,1526,1511,-0.18058568329718
"17644","17644",3324,3324,3324,0
"17645","17645",3773,3697,4046,0.0723562152133581
"17646","17646",2204,2207,2385,0.0821234119782214
"17647","17647",5045,5354,4431,-0.121704658077304
"17648","17648",2819,2834,2921,0.0361830436324938
"17649","17649",2534,2538,1784,-0.295974743488556
"17650","17650",1469,1469,1558,0.0605854322668482
"19474","19474",1469,1469,1558,0.0605854322668482
"17651","17651",6457,6205,6336,-0.0187393526405451
"17652","17652",2726,2580,2598,-0.0469552457813646
"17653","17653",1611,1619,1619,0.00496585971446307
"17654","17654",4277,4277,1324,-0.690437222352116
"17655","17655",9899,10295,8719,-0.119203959995959
"17656","17656",10867,11496,10484,-0.0352443176589675
"17657","17657",3070,2964,3043,-0.00879478827361563
"17658","17658",2174,2174,2176,0.000919963201471941
"17660","17660",1636,1635,1546,-0.0550122249388753
"17662","17662",3778,3740,3663,-0.0304393859184754
"17663","17663",4702,4731,4888,0.0395576350489154
"17664","17664",5840,6640,6423,0.0998287671232877
"17665","17665",5809,5785,6049,0.0413152005508693
"17666","17666",5917,5813,5046,-0.147202974480311
"17667","17667",4486,4494,5669,0.263709317877842
"17668","17668",2117,2271,2308,0.0902220122815305
"17669","17669",3063,2701,2883,-0.0587659157688541
"17670","17670",4503,4496,4192,-0.0690650677326227
"17671","17671",2066,1909,2130,0.0309777347531462
"17672","17672",2287,2287,2040,-0.108001749016178
"17673","17673",4451,4553,4775,0.0727926308694675
"17674","17674",2311,2256,2389,0.033751622674167
"17675","17675",10390,10721,10382,-0.000769971126082772
"17676","17676",1910,1910,1902,-0.00418848167539267
"17677","17677",4091,3935,4099,0.00195551209973112
"17678","17678",3914,4107,3521,-0.100408788962698
"17679","17679",1203,1209,1207,0.00332502078137988
"17680","17680",588,826,1309,1.22619047619048
"17681","17681",1786,1775,1798,0.00671892497200448
"17682","17682",6849,6885,6780,-0.0100744634253176
"17684","17684",2757,2750,2396,-0.130939426913312
"17685","17685",1317,1332,1307,-0.00759301442672741
"17686","17686",1937,1937,1988,0.0263293753226639
"17687","17687",9793,9857,8643,-0.117430817931175
"17688","17688",3706,3430,3884,0.0480302212628171
"17689","17689",2697,2712,3553,0.317389692250649
"17690","17690",4441,4477,4954,0.115514523755911
"17691","17691",1308,1309,1311,0.00229357798165138
"17692","17692",5002,4688,4306,-0.139144342263095
"17693","17693",4537,4004,5562,0.225920211593564
"17694","17694",3562,3579,3499,-0.0176866928691746
"17695","17695",5998,6449,5684,-0.0523507835945315
"17697","17697",4940,4456,3889,-0.212753036437247
"17698","17698",2756,3169,3018,0.0950653120464441
"17700","17700",1699,1867,2028,0.193643319599765
"17701","17701",2146,1781,1533,-0.285647716682199
"17702","17702",5611,5606,5459,-0.0270896453395117
"17703","17703",6602,6802,6237,-0.0552862768857922
"17704","17704",3285,3280,2833,-0.137595129375951
"17706","17706",1545,1540,1689,0.0932038834951456
"17707","17707",10707,11220,10638,-0.00644438217988232
"17708","17708",3269,3257,3314,0.0137656775772407
"17709","17709",4481,4468,3674,-0.180093729078331
"17710","17710",2045,2045,2045,0
"17711","17711",2711,2091,2118,-0.218738472888233
"18686","18686",2711,2091,2118,-0.218738472888233
"17712","17712",1940,1943,1696,-0.125773195876289
"17713","17713",3156,3156,3026,-0.041191381495564
"17714","17714",2013,1821,1857,-0.0774962742175857
"17715","17715",1339,1339,1338,-0.000746825989544436
"17716","17716",3464,3464,1423,-0.589203233256351
"17717","17717",8559,8745,8903,0.0401916111695291
"17718","17718",2021,1541,1577,-0.219693221177635
"17719","17719",2500,2502,2211,-0.1156
"17720","17720",2486,2486,2474,-0.00482703137570394
"17721","17721",3837,3831,3339,-0.129788897576231
"17722","17722",2967,3012,2606,-0.121671722278396
"17724","17724",5298,5610,5465,0.031521328803322
"17725","17725",3639,3643,3649,0.00274800769442154
"17726","17726",2714,2722,2798,0.0309506263817244
"17727","17727",2666,2672,2753,0.0326331582895724
"17728","17728",7810,7459,7069,-0.0948783610755442
"17729","17729",2472,2472,1526,-0.382686084142395
"17730","17730",1876,2030,1760,-0.0618336886993603
"17731","17731",2398,2534,2603,0.085487906588824
"17732","17732",6802,6894,6742,-0.00882093501911203
"17733","17733",1727,1668,1446,-0.162709901563405
"17734","17734",1478,1489,1414,-0.0433017591339648
"17736","17736",4750,4737,4226,-0.110315789473684
"17737","17737",1121,1121,1031,-0.08028545941124
"17738","17738",1007,1007,847,-0.15888778550149
"17739","17739",2297,2301,2306,0.00391815411406182
"17740","17740",2929,3237,2835,-0.0320928644588597
"17741","17741",2920,2855,2873,-0.0160958904109589
"17742","17742",4192,4183,4128,-0.0152671755725191
"17743","17743",1540,1538,1302,-0.154545454545455
"17744","17744",2176,2485,2066,-0.0505514705882353
"17745","17745",4196,4166,3646,-0.131077216396568
"17746","17746",3058,3258,3157,0.0323741007194245
"17747","17747",2983,2983,2291,-0.231981226952732
"17749","17749",3236,2596,2611,-0.193139678615575
"17750","17750",5803,5818,5142,-0.113906600034465
"17751","17751",6831,6760,6822,-0.00131752305665349
"17752","17752",9122,9131,8782,-0.037272527954396
"17753","17753",2218,2245,2238,0.00901713255184851
"17754","17754",2651,2655,2234,-0.157299132402867
"17756","17756",10750,10877,11579,0.0771162790697674
"17757","17757",3078,3073,2590,-0.158544509421702
"17759","17759",1332,1332,1200,-0.0990990990990991
"17760","17760",10228,10760,10420,0.0187719984356668
"17761","17761",6709,6679,6616,-0.0138619764495454
"17762","17762",5664,5611,4770,-0.157838983050847
"17764","17764",4637,4579,4328,-0.0666379124433901
"17765","17765",4818,4814,4632,-0.0386052303860523
"17766","17766",1080,1080,973,-0.0990740740740741
"17767","17767",2836,2838,2806,-0.0105782792665726
"17768","17768",2749,2753,2402,-0.126227719170607
"17769","17769",1260,1207,1000,-0.206349206349206
"17770","17770",2869,2815,2900,0.0108051585918438
"17771","17771",6775,6772,6147,-0.0926937269372694
"17772","17772",1885,1890,1930,0.0238726790450928
"17773","17773",3935,4103,3589,-0.0879288437102922
"17774","17774",1455,1455,1533,0.0536082474226804
"17775","17775",3602,3484,3145,-0.126873958911716
"17776","17776",5462,5489,5955,0.0902599780300256
"17777","17777",1045,1211,1458,0.395215311004785
"17778","17778",1809,1809,2516,0.390823659480376
"17779","17779",2587,2345,2200,-0.149594124468496
"17780","17780",2263,2267,2168,-0.0419796730004419
"17781","17781",3176,3176,3320,0.0453400503778338
"17782","17782",6178,6171,6182,0.000647458724506313
"17783","17783",7745,7292,7087,-0.0849580374435119
"17784","17784",3303,3288,3282,-0.00635785649409628
"17785","17785",2109,1979,2055,-0.0256045519203414
"17786","17786",4889,5079,4854,-0.00715892820617713
"17787","17787",3612,3612,3774,0.0448504983388704
"17788","17788",3395,3151,3171,-0.065979381443299
"17789","17789",6280,6326,6222,-0.00923566878980892
"17790","17790",1324,1369,1380,0.0422960725075529
"17791","17791",3814,3708,4231,0.109334032511799
"17792","17792",1882,2061,2167,0.151434643995749
"17794","17794",2722,2444,2432,-0.106539309331374
"17795","17795",3380,3010,3261,-0.035207100591716
"17796","17796",9495,9606,9503,0.000842548709847288
"17797","17797",1027,1159,1172,0.141187925998053
"17799","17799",2612,2613,2190,-0.16156202143951
"17800","17800",2074,1584,1575,-0.240597878495661
"17801","17801",8004,8194,7339,-0.0830834582708646
"17802","17802",1109,1908,1911,0.723174030658251
"17803","17803",10318,11138,10090,-0.0220973056793952
"17804","17804",1313,1262,1240,-0.0555978674790556
"17805","17805",2883,2883,3481,0.207422823447797
"17806","17806",3033,3027,3010,-0.00758325090669304
"17807","17807",3457,3460,3388,-0.0199595024587793
"17808","17808",4015,4047,3976,-0.00971357409713574
"17809","17809",3085,3085,2130,-0.309562398703404
"17810","17810",2420,1925,1942,-0.197520661157025
"17811","17811",2540,2444,2477,-0.0248031496062992
"17812","17812",3223,3294,3471,0.0769469438411418
"17813","17813",3502,3502,5777,0.649628783552256
"17814","17814",4743,4743,4510,-0.0491250263546279
"17816","17816",6726,6704,6644,-0.0121914956883735
"17817","17817",3689,3689,3803,0.0309026836541068
"17818","17818",2686,2683,2709,0.00856291883842144
"17819","17819",9315,8828,9897,0.0624798711755234
"17820","17820",5569,5287,4819,-0.134674088705333
"17821","17821",2656,2655,2300,-0.134036144578313
"17822","17822",3663,3261,3985,0.0879060879060879
"17823","17823",1010,1011,1042,0.0316831683168317
"17824","17824",7930,7949,7729,-0.0253467843631778
"17825","17825",4900,5064,4897,-0.000612244897959184
"17826","17826",5184,5187,5001,-0.0353009259259259
"17827","17827",8325,7371,6961,-0.163843843843844
"17828","17828",3220,3951,3069,-0.0468944099378882
"17829","17829",3238,3028,3120,-0.0364422483014206
"17830","17830",2507,2507,2433,-0.0295173514160351
"17833","17833",5301,5301,5198,-0.0194302961705339
"17835","17835",3276,3275,3182,-0.0286935286935287
"17837","17837",2134,2134,2130,-0.00187441424554827
"17838","17838",4566,4790,4028,-0.117827420061323
"17839","17839",3715,3183,4532,0.219919246298789
"17840","17840",7660,7566,7312,-0.0454308093994778
"17841","17841",3739,3728,3830,0.0243380583043595
"17843","17843",6116,5677,9915,0.621157619359058
"17844","17844",2000,2003,2157,0.0785
"17845","17845",4279,4281,4020,-0.0605281607852302
"17846","17846",2356,1911,1840,-0.219015280135823
"17847","17847",5206,5215,4978,-0.0437956204379562
"17848","17848",2004,2004,2114,0.0548902195608782
"17849","17849",8754,7521,6876,-0.2145305003427
"17850","17850",2217,2217,2217,0
"17851","17851",3337,3279,3126,-0.0632304465088403
"17852","17852",4163,3663,4105,-0.0139322603891424
"17853","17853",2661,2576,2457,-0.076662908680947
"17854","17854",3258,3368,3707,0.137814610190301
"17855","17855",4025,4095,4002,-0.00571428571428571
"17856","17856",4482,4537,3982,-0.111557340473003
"17857","17857",10530,10489,9827,-0.0667616334283001
"17860","17860",2888,2897,2475,-0.143005540166205
"17861","17861",4913,4860,6637,0.350905760227967
"17862","17862",1744,1749,1790,0.0263761467889908
"17864","17864",4956,4844,4857,-0.0199757869249395
"17866","17866",4815,5167,4869,0.011214953271028
"17867","17867",11490,11844,10620,-0.0757180156657963
"17868","17868",1530,1924,2010,0.313725490196078
"17869","17869",3150,3142,3105,-0.0142857142857143
"17870","17870",17599,18231,14461,-0.178305585544633
"17871","17871",1403,1403,1453,0.0356379187455453
"17872","17872",823,833,2140,1.60024301336574
"17873","17873",2595,2688,2199,-0.152601156069364
"17874","17874",2931,2934,3301,0.126236779256227
"17875","17875",3002,3002,3089,0.0289806795469687
"17876","17876",10270,10595,9073,-0.116553067185979
"17877","17877",3283,2655,2942,-0.103868413036857
"17878","17878",7227,7351,7207,-0.002767400027674
"17879","17879",2952,3114,2756,-0.0663956639566396
"17880","17880",6971,6967,6003,-0.138860995553005
"17881","17881",5888,6421,5822,-0.0112092391304348
"17882","17882",3449,3702,3638,0.0547984923166135
"17884","17884",4314,4309,4284,-0.00695410292072323
"17886","17886",8792,8872,9095,0.0344631483166515
"17887","17887",3760,3718,3720,-0.0106382978723404
"17888","17888",4524,4274,3628,-0.198054818744474
"17889","17889",3085,3033,3192,0.0346839546191248
"17890","17890",3313,3260,3922,0.183821309990945
"17891","17891",2792,2824,2842,0.0179083094555874
"17892","17892",3686,3121,3029,-0.178241996744438
"17893","17893",3958,4014,4378,0.10611419909045
"17894","17894",14494,14968,13598,-0.061818683593211
"17896","17896",6870,6783,6638,-0.0337700145560408
"17897","17897",4865,5216,4419,-0.0916752312435766
"17898","17898",3952,3132,3794,-0.0399797570850202
"17899","17899",2335,3008,2012,-0.138329764453961
"17900","17900",3666,3674,3718,0.0141843971631206
"17901","17901",3417,3129,3394,-0.00673105062920691
"17902","17902",10830,10806,6877,-0.365004616805171
"17903","17903",1789,1789,2520,0.40860816098379
"17904","17904",2870,2964,2539,-0.115331010452962
"17905","17905",1899,1899,2019,0.0631911532385466
"17906","17906",3451,3526,3103,-0.100840336134454
"17907","17907",3227,3156,3017,-0.0650759219088937
"17908","17908",4274,3930,4333,0.013804398689752
"17909","17909",2577,2578,2678,0.0391928599146294
"17910","17910",2125,2221,2099,-0.0122352941176471
"17911","17911",2194,2089,2228,0.0154968094804011
"17912","17912",3554,3236,3177,-0.106077658975802
"17913","17913",5094,5105,4270,-0.161758932076953
"17914","17914",2724,4114,2368,-0.130690161527166
"17915","17915",3510,3510,3277,-0.0663817663817664
"17916","17916",5538,6078,5160,-0.0682556879739978
"17917","17917",1898,1895,2016,0.0621707060063224
"17918","17918",2992,2992,2299,-0.231617647058824
"17919","17919",3219,3119,3074,-0.045045045045045
"17920","17920",3599,3544,3567,-0.00889135871075299
"17921","17921",4972,4963,4908,-0.0128720836685438
"17922","17922",2699,2822,2841,0.0526120785476102
"17924","17924",4885,4862,4795,-0.0184237461617195
"17925","17925",7061,7252,7207,0.0206769579379691
"17926","17926",4737,4708,4158,-0.122229259024699
"17927","17927",4563,4453,4676,0.024764409379794
"17928","17928",3509,3509,3457,-0.0148190367626104
"17929","17929",2758,4189,2515,-0.0881073241479333
"17930","17930",1005,982,843,-0.161194029850746
"17931","17931",2804,2719,2693,-0.039586305278174
"17932","17932",4880,4891,3619,-0.258401639344262
"17934","17934",2562,2418,2538,-0.00936768149882904
"17935","17935",4880,4673,3725,-0.236680327868852
"17936","17936",3070,3485,3496,0.138762214983713
"17937","17937",1826,1823,1408,-0.228915662650602
"17938","17938",3436,3314,3360,-0.0221187427240978
"17939","17939",2042,2515,2456,0.202742409402547
"17940","17940",2120,2106,2285,0.0778301886792453
"17941","17941",2847,2841,2538,-0.108535300316122
"17942","17942",1689,1608,1722,0.019538188277087
"17943","17943",2074,1473,1484,-0.284474445515911
"17944","17944",2102,2098,1831,-0.128924833491912
"17946","17946",4519,4531,4389,-0.0287674264217747
"17947","17947",1642,1642,1724,0.0499390986601705
"17948","17948",2105,1940,1916,-0.0897862232779097
"17949","17949",4932,4932,5341,0.0829278183292782
"17950","17950",4100,4170,4338,0.0580487804878049
"17951","17951",10096,10057,12513,0.239401743264659
"17952","17952",9714,9845,9159,-0.0571340333539222
"17954","17954",5261,5374,5230,-0.00589241589051511
"17955","17955",2911,2911,2996,0.0291995877705256
"17956","17956",1284,1285,1504,0.171339563862928
"17957","17957",4123,4123,7183,0.742178025709435
"17958","17958",5842,5933,5629,-0.0364601163984937
"17959","17959",7101,7179,7450,0.0491480073229123
"17960","17960",2697,2613,2632,-0.0241008527994067
"17961","17961",1302,1293,1250,-0.0399385560675883
"17962","17962",1929,1950,2168,0.123898392949715
"17963","17963",4929,4970,4612,-0.0643132481233516
"17964","17964",4027,4028,3493,-0.132604916811522
"17966","17966",5930,6498,5595,-0.0564924114671164
"17967","17967",2129,2263,2156,0.0126820103334899
"17969","17969",4070,3949,4986,0.225061425061425
"17971","17971",2043,2316,2254,0.103279490944689
"17972","17972",2707,2700,2665,-0.0155153306243074
"17973","17973",1697,2430,1609,-0.0518562168532705
"17974","17974",3236,3261,2743,-0.152348578491965
"17975","17975",4026,4180,3971,-0.0136612021857923
"17976","17976",9634,9165,14833,0.539651235208636
"17977","17977",6893,6941,7174,0.0407659944871609
"17978","17978",4180,3905,3716,-0.111004784688995
"17979","17979",5085,5050,4636,-0.088298918387414
"17981","17981",10374,10360,9304,-0.103142471563524
"17982","17982",4045,4080,4469,0.104820766378245
"17983","17983",3532,3165,3131,-0.113533408833522
"17984","17984",2424,2476,2441,0.00701320132013201
"17985","17985",4560,4560,4341,-0.0480263157894737
"17986","17986",3924,5486,3846,-0.0198776758409786
"17987","17987",2853,2854,2203,-0.227830354013319
"18198","18198",2853,2854,2203,-0.227830354013319
"17988","17988",8391,8352,6209,-0.260040519604338
"17989","17989",4703,4710,4089,-0.130554964916011
"17990","17990",1627,1619,1598,-0.0178242163491088
"17991","17991",1933,1933,1957,0.0124159337816865
"17992","17992",1830,1827,1754,-0.0415300546448087
"17994","17994",3132,3864,3449,0.101213282247765
"17995","17995",3620,3520,2726,-0.246961325966851
"17996","17996",7788,8570,7818,0.00385208012326656
"17997","17997",3776,3776,3647,-0.0341631355932203
"17999","17999",3921,3903,3763,-0.0402958428972201
"18001","18001",3752,4046,3006,-0.198827292110874
"18002","18002",3485,3576,2964,-0.149497847919656
"18003","18003",7409,7125,6490,-0.124038331758672
"18004","18004",4292,5396,4494,0.0470643056849953
"18006","18006",2779,2779,4440,0.597697013314142
"18007","18007",3960,4090,4025,0.0164141414141414
"18008","18008",1306,1222,1225,-0.0620214395099541
"18009","18009",4156,4150,4162,0.0014436958614052
"18010","18010",3570,3552,3545,-0.00700280112044818
"18011","18011",5379,5046,4415,-0.179215467559026
"18012","18012",2758,2758,2840,0.0297316896301668
"18013","18013",7080,6924,6607,-0.0668079096045198
"18014","18014",4199,4268,4360,0.0383424624910693
"18015","18015",2336,2185,2336,0
"18016","18016",1913,2102,2020,0.0559330893883952
"18017","18017",5267,5256,5107,-0.0303778241883425
"18018","18018",5249,5173,4233,-0.193560678224424
"18019","18019",2635,2277,2640,0.00189753320683112
"18020","18020",6586,6415,6302,-0.0431217734588521
"18021","18021",10704,10654,2485,-0.76784379671151
"18023","18023",2834,2908,2732,-0.0359915314043754
"18024","18024",3457,3520,3661,0.0590107029216083
"18026","18026",3503,3485,3444,-0.0168427062517842
"18027","18027",8256,8243,7691,-0.0684350775193798
"18029","18029",4687,4734,4646,-0.00874759974397269
"18031","18031",1679,1685,1644,-0.0208457415128052
"18033","18033",1031,1032,1229,0.192046556741028
"18035","18035",3198,4737,4019,0.256722951844903
"18036","18036",3400,3400,3447,0.0138235294117647
"18037","18037",2291,2291,1942,-0.152335224792667
"18038","18038",2404,2394,2183,-0.0919301164725458
"18039","18039",2989,2989,2728,-0.0873201739712278
"18040","18040",7194,7074,5673,-0.211426188490409
"18041","18041",2194,1918,1956,-0.108477666362808
"19991","19991",2194,1918,1956,-0.108477666362808
"18042","18042",3351,2887,2572,-0.232467920023873
"18043","18043",4506,4670,3595,-0.202174877940524
"18047","18047",4752,4741,4809,0.0119949494949495
"18048","18048",3433,3439,3233,-0.0582580833090591
"18049","18049",1148,1128,1269,0.105400696864111
"18050","18050",1852,1852,1969,0.0631749460043197
"18051","18051",539,442,441,-0.181818181818182
"18053","18053",1441,1205,847,-0.412213740458015
"18054","18054",3829,3926,3713,-0.0302951162183338
"18055","18055",1788,1788,1788,0
"18056","18056",1681,1715,1819,0.082093991671624
"18057","18057",1959,2136,2126,0.0852475752935171
"18058","18058",1040,871,862,-0.171153846153846
"18059","18059",5783,5710,5758,-0.00432301573577728
"18060","18060",2635,2708,3381,0.283111954459203
"18061","18061",3405,3405,4308,0.265198237885463
"18062","18062",9111,9380,9775,0.0728789375480189
"18063","18063",3221,3221,3259,0.0117975783918038
"18064","18064",8918,9228,8986,0.0076250280331913
"18065","18065",1442,1442,1432,-0.00693481276005548
"18066","18066",5710,5214,4604,-0.19369527145359
"18067","18067",13538,13659,9715,-0.282390308760526
"18068","18068",4850,5579,6745,0.390721649484536
"18069","18069",3496,3942,3987,0.140446224256293
"18070","18070",2913,2876,4228,0.451424648129077
"18071","18071",5518,5581,4234,-0.232693004711852
"18073","18073",3442,3446,3522,0.0232423009877978
"18074","18074",2128,2128,2064,-0.0300751879699248
"18075","18075",8676,8699,7665,-0.116528354080221
"18076","18076",4853,4862,4430,-0.087162579847517
"18078","18078",6896,8144,6440,-0.0661252900232019
"18079","18079",2800,2819,2709,-0.0325
"18080","18080",2901,2904,3101,0.0689417442261289
"18082","18082",6086,4764,4532,-0.255340124876766
"18083","18083",2189,2188,2631,0.201918684330745
"18085","18085",1830,2021,1849,0.0103825136612022
"18086","18086",5140,5096,4914,-0.0439688715953307
"18087","18087",8936,9290,9066,0.0145478961504029
"18088","18088",1247,1250,993,-0.203688853247795
"18090","18090",1742,1426,1321,-0.241676234213548
"18091","18091",8592,9398,7173,-0.165153631284916
"18092","18092",2574,2581,2024,-0.213675213675214
"18093","18093",2667,2782,2730,0.0236220472440945
"18094","18094",3830,3830,3600,-0.0600522193211488
"18095","18095",2940,2940,3202,0.0891156462585034
"18096","18096",6020,6011,10024,0.665116279069767
"18099","18099",2485,2277,2388,-0.0390342052313883
"18101","18101",4679,4607,4504,-0.0374011540927549
"18102","18102",2349,2319,2304,-0.0191570881226054
"18103","18103",1020,967,1111,0.0892156862745098
"18104","18104",4628,5183,4319,-0.0667675021607606
"18105","18105",5635,5633,5339,-0.0525288376220053
"18107","18107",4349,4538,4487,0.0317314325132214
"18108","18108",4141,4142,4207,0.015938179183772
"18109","18109",7504,8011,7753,0.033182302771855
"18110","18110",4825,4825,4817,-0.0016580310880829
"18111","18111",5439,5411,5164,-0.0505607648464791
"18113","18113",2233,2392,2179,-0.0241827138378863
"18114","18114",7959,7961,6530,-0.179545168991079
"18115","18115",2782,2831,2887,0.0377426312005751
"18118","18118",4583,4468,3940,-0.140301112808204
"18119","18119",3720,3718,3575,-0.0389784946236559
"18120","18120",6607,6606,6864,0.0388981383381262
"18121","18121",2398,2395,2477,0.0329441201000834
"18122","18122",8878,8866,10958,0.234287001576932
"18123","18123",3652,2916,3030,-0.170317634173056
"18124","18124",6139,5878,5816,-0.0526144323179671
"18125","18125",4249,4298,4418,0.0397740644857614
"18126","18126",1815,1765,1541,-0.150964187327824
"18127","18127",3263,3263,2730,-0.163346613545817
"18128","18128",896,871,1088,0.214285714285714
"18129","18129",2584,2584,2603,0.00735294117647059
"18130","18130",3174,3174,3194,0.00630119722747322
"18131","18131",4518,4551,4391,-0.0281097830898628
"18132","18132",2571,2554,2690,0.0462854920264489
"18133","18133",2976,2976,3033,0.0191532258064516
"18134","18134",1997,1607,1658,-0.169754631947922
"18135","18135",1373,1368,1370,-0.0021849963583394
"19457","19457",1373,1368,1370,-0.0021849963583394
"18136","18136",2334,2331,1991,-0.146958011996572
"18137","18137",3363,3363,2853,-0.151650312221231
"18139","18139",2312,2567,2633,0.138840830449827
"18140","18140",1092,1092,1101,0.00824175824175824
"18141","18141",4570,4823,4483,-0.0190371991247265
"18142","18142",3954,3582,4244,0.073343449671219
"18143","18143",3429,3425,3463,0.00991542723826188
"18144","18144",1810,1810,1789,-0.0116022099447514
"18145","18145",4382,6597,5065,0.155864901871292
"18146","18146",2821,2792,3260,0.155618574973414
"18147","18147",3839,3945,3337,-0.130763219588434
"18148","18148",4000,4003,3645,-0.08875
"18150","18150",2535,2557,2518,-0.00670611439842209
"18153","18153",3476,3575,3624,0.0425776754890679
"18154","18154",7340,6082,6138,-0.163760217983651
"18155","18155",3687,3686,4260,0.155410903173312
"18156","18156",2399,2310,2381,-0.00750312630262609
"18157","18157",2131,2083,1973,-0.0741435945565462
"18158","18158",1861,1861,2239,0.203116603976357
"18159","18159",6362,6443,6430,0.0106884627475637
"18160","18160",2738,2343,2211,-0.192476260043828
"18161","18161",4034,4034,3727,-0.0761031234506693
"18162","18162",3036,2983,2761,-0.0905797101449275
"18163","18163",3244,3690,2983,-0.0804562268803946
"18164","18164",5524,4495,4486,-0.187907313540912
"18165","18165",10941,10667,10654,-0.0262316058861164
"18166","18166",3082,2974,2499,-0.189162881245944
"18167","18167",1420,1859,1561,0.0992957746478873
"18168","18168",12861,12601,10899,-0.152554233729881
"18169","18169",9243,9252,9072,-0.0185004868549172
"18170","18170",2887,2888,3098,0.0730862487010738
"18171","18171",1162,1165,1238,0.0654044750430293
"18172","18172",1980,1534,1549,-0.217676767676768
"18173","18173",3508,3491,3508,0
"18174","18174",1297,1493,1343,0.0354664610639938
"18175","18175",4301,3560,3625,-0.157172750523134
"18176","18176",2523,2718,2779,0.101466508125248
"18177","18177",3299,3307,2862,-0.132464383146408
"18178","18178",3900,3882,3965,0.0166666666666667
"18179","18179",4184,4183,3569,-0.146988527724665
"18180","18180",5874,6018,5273,-0.102315287708546
"18182","18182",6177,5860,5444,-0.118666019103124
"18183","18183",3040,3159,3215,0.0575657894736842
"18184","18184",2994,2854,2955,-0.0130260521042084
"18185","18185",2076,1613,1832,-0.117533718689788
"18186","18186",12462,12442,12874,0.0330605039319531
"18187","18187",2268,2317,2935,0.294091710758377
"18188","18188",2115,2100,1940,-0.08274231678487
"18189","18189",1596,1664,1664,0.0426065162907268
"18190","18190",5904,6939,6888,0.166666666666667
"18192","18192",3949,4033,3721,-0.0577361357305647
"18193","18193",1763,1841,1613,-0.0850822461712989
"18194","18194",2455,2455,1665,-0.321792260692464
"18195","18195",3272,3179,3257,-0.00458435207823961
"18196","18196",4973,4981,4542,-0.0866680072390911
"18197","18197",4382,4416,4099,-0.0645823824737563
"18199","18199",7683,8127,7793,0.014317323961994
"18201","18201",1436,1491,1689,0.176183844011142
"18202","18202",3663,3671,3343,-0.0873600873600874
"18203","18203",3225,3230,3738,0.15906976744186
"18204","18204",2977,2894,3060,0.0278804165267047
"18205","18205",2903,2460,2260,-0.221495005167069
"18206","18206",4767,4676,4413,-0.0742605412208936
"18208","18208",2301,2304,2345,0.0191221208170361
"18209","18209",3982,6303,5642,0.41687594173782
"18210","18210",9752,9747,9848,0.00984413453650533
"18211","18211",10144,11579,10419,0.0271096214511041
"18214","18214",3989,3934,3976,-0.00325896214590123
"18215","18215",2768,2768,2600,-0.0606936416184971
"18216","18216",4032,4461,4338,0.0758928571428571
"18218","18218",1177,1177,1225,0.0407816482582838
"18220","18220",3930,3348,3502,-0.108905852417303
"18221","18221",5631,5735,6180,0.0974960042621204
"18222","18222",3042,2828,3049,0.00230111768573307
"18224","18224",6787,6852,6841,0.00795638721084426
"18225","18225",4196,4030,3905,-0.0693517635843661
"18226","18226",3293,3457,3172,-0.0367446097783176
"18227","18227",1780,1780,1881,0.0567415730337079
"18228","18228",3645,3915,3133,-0.140466392318244
"18229","18229",2910,2858,3108,0.0680412371134021
"18230","18230",3597,3597,2702,-0.248818459827634
"18232","18232",1219,1219,1214,-0.00410172272354389
"18234","18234",2134,2137,2115,-0.00890346766635427
"18235","18235",2616,2618,2654,0.014525993883792
"18238","18238",6615,6524,4832,-0.269538926681784
"18239","18239",4323,4318,4336,0.00300717094610224
"18241","18241",3238,2277,2226,-0.312538604076591
"18242","18242",5792,5797,4463,-0.229454419889503
"18243","18243",956,957,963,0.00732217573221757
"18245","18245",3403,2719,2815,-0.172788715838966
"18246","18246",4100,3863,4151,0.0124390243902439
"18248","18248",4061,3894,3905,-0.0384141836985964
"18250","18250",1631,1631,1672,0.0251379521765788
"18251","18251",3382,3067,3867,0.143406268480189
"18252","18252",6227,6053,7029,0.128793961779348
"18253","18253",4399,4430,4031,-0.0836553762218686
"18254","18254",3232,3235,2670,-0.173886138613861
"18255","18255",5625,4826,4799,-0.146844444444444
"18256","18256",3742,2792,2884,-0.229289150187066
"18257","18257",2923,2947,2897,-0.00889497092028738
"18258","18258",2800,3038,5999,1.1425
"18259","18259",2424,2435,2524,0.0412541254125413
"18260","18260",3719,4505,3832,0.0303845119655821
"18261","18261",1868,1989,1970,0.0546038543897216
"18262","18262",3591,3880,2949,-0.178780284043442
"18264","18264",7141,7070,7297,0.021845679876768
"18266","18266",1891,1878,1948,0.0301427815970386
"18267","18267",6052,6052,5211,-0.138962326503635
"18269","18269",5165,5239,5218,0.0102613746369797
"18270","18270",2753,2750,3005,0.0915365056302216
"18271","18271",3565,3566,3581,0.00448807854137447
"18272","18272",2191,2195,2127,-0.0292104062072113
"18273","18273",2312,2312,2352,0.0173010380622837
"19746","19746",2312,2312,2352,0.0173010380622837
"18274","18274",3499,3520,3293,-0.0588739639897113
"18275","18275",1614,1896,1889,0.170384138785626
"18277","18277",877,877,877,0
"18278","18278",2803,2490,2512,-0.103817338565822
"18853","18853",2803,2490,2512,-0.103817338565822
"18279","18279",2617,2354,2117,-0.19105846388995
"18280","18280",3971,3659,3329,-0.161672122890959
"18281","18281",4382,3794,4446,0.0146052031036057
"18282","18282",1372,1510,1635,0.191690962099125
"18283","18283",2869,2815,2933,0.0223074241896131
"18284","18284",2116,2122,2119,0.00141776937618147
"18285","18285",5231,5333,5564,0.0636589562225196
"18286","18286",2948,2948,2965,0.00576662143826323
"18289","18289",1666,1705,1706,0.0240096038415366
"18290","18290",1021,1075,1140,0.116552399608227
"18291","18291",2648,2650,2512,-0.0513595166163142
"18292","18292",2907,2910,2664,-0.0835913312693498
"18293","18293",598,490,490,-0.180602006688963
"18294","18294",1227,1216,1214,-0.0105949470252649
"18296","18296",1996,1950,1899,-0.0485971943887776
"18297","18297",5135,5074,4954,-0.0352482960077897
"18299","18299",2707,2873,2352,-0.131141485038788
"18301","18301",3630,3630,3223,-0.112121212121212
"18302","18302",6472,6631,5508,-0.148949320148331
"18303","18303",5413,5393,5419,0.00110844263809348
"18304","18304",2112,2363,2313,0.0951704545454545
"18305","18305",3749,3751,3951,0.0538810349426514
"18306","18306",1822,1888,1922,0.0548847420417124
"18307","18307",6325,6337,5456,-0.137391304347826
"18308","18308",1357,1265,1163,-0.142962417096536
"18309","18309",4067,5507,4211,0.0354069338578805
"18310","18310",6589,6517,6290,-0.0453786614053726
"18311","18311",2481,2215,2865,0.154776299879081
"18312","18312",2097,2082,2153,0.0267048164043872
"18313","18313",3602,3572,3827,0.0624652970571904
"18314","18314",8929,8576,8301,-0.0703326240340464
"18315","18315",3730,3727,3500,-0.0616621983914209
"18316","18316",4176,4188,3573,-0.144396551724138
"18317","18317",2985,2940,3051,0.0221105527638191
"18318","18318",6538,5816,5789,-0.114561027837259
"18319","18319",2665,2906,2914,0.0934333958724203
"18320","18320",8889,9232,13274,0.493306333670829
"18321","18321",4700,4607,4613,-0.0185106382978723
"18324","18324",2182,2177,1838,-0.157653528872594
"18325","18325",6818,6905,6802,-0.00234672924611323
"18326","18326",2054,1525,1853,-0.0978578383641675
"18328","18328",2395,2413,3566,0.488935281837161
"18329","18329",7066,5693,5717,-0.190914237192188
"18330","18330",6023,5888,5585,-0.0727212352648182
"18331","18331",2992,2980,2976,-0.0053475935828877
"18332","18332",6290,6628,6247,-0.0068362480127186
"18333","18333",2436,3326,2344,-0.0377668308702791
"18334","18334",8416,8397,9685,0.150784220532319
"18335","18335",3118,3119,2990,-0.0410519563822963
"18336","18336",8379,8498,8215,-0.0195727413772527
"18337","18337",5308,5375,4284,-0.192916352675207
"18339","18339",3578,3201,3245,-0.0930687534935718
"18341","18341",2958,3104,2589,-0.12474645030426
"18828","18828",2958,3104,2589,-0.12474645030426
"18342","18342",7576,7571,7100,-0.0628299894403379
"18343","18343",4941,5511,5374,0.0876340821696013
"18344","18344",2361,2611,2365,0.00169419737399407
"18346","18346",2149,2146,2375,0.105165193113076
"18347","18347",2046,2045,1516,-0.259042033235582
"18348","18348",1981,1840,1914,-0.0338213023725391
"18349","18349",2890,2871,2855,-0.0121107266435986
"18350","18350",4730,4546,3934,-0.168287526427061
"18351","18351",6766,6898,8330,0.231155778894472
"18352","18352",4130,4117,4325,0.0472154963680387
"18353","18353",7532,7795,8181,0.0861656930430165
"18354","18354",3819,3825,3882,0.016496465043205
"18356","18356",3858,3857,3882,0.00622083981337481
"18357","18357",5223,5202,5244,0.00402067777139575
"18358","18358",2417,2437,2333,-0.0347538270583368
"18359","18359",2040,2115,2410,0.181372549019608
"18360","18360",2136,2136,2032,-0.048689138576779
"18361","18361",4781,4743,4922,0.0294917381300983
"18364","18364",4865,4853,2921,-0.399588900308325
"18365","18365",10656,10594,8302,-0.220908408408408
"18366","18366",4096,4650,3970,-0.03076171875
"18367","18367",1538,1557,1545,0.00455136540962289
"18368","18368",2856,2228,2118,-0.258403361344538
"18369","18369",2137,2214,2227,0.042115114646701
"18370","18370",5706,5411,5661,-0.00788643533123028
"18371","18371",4723,4173,3654,-0.226339191192039
"18372","18372",5091,5271,5292,0.0394814378314673
"18373","18373",3196,3212,3239,0.0134543178973717
"18374","18374",3896,3844,3961,0.0166837782340862
"18375","18375",7551,7562,6346,-0.159581512382466
"18376","18376",4200,4507,4276,0.0180952380952381
"18377","18377",3967,4068,4403,0.109906730526846
"18380","18380",8359,8333,4573,-0.452924991027635
"18382","18382",2100,1824,1580,-0.247619047619048
"18383","18383",2832,2829,2817,-0.00529661016949153
"18384","18384",2625,2641,2521,-0.0396190476190476
"18385","18385",7041,7360,5947,-0.155375656866922
"18386","18386",4253,4194,4193,-0.0141076886903362
"18387","18387",3838,3951,3942,0.0270974465867639
"18388","18388",823,831,831,0.00972053462940462
"18389","18389",3875,3878,4644,0.198451612903226
"18390","18390",8418,8258,8311,-0.0127108576859111
"18391","18391",3967,3928,3203,-0.192588858079153
"18392","18392",3628,4349,3776,0.0407938257993385
"18393","18393",7403,10336,9263,0.251249493448602
"18394","18394",4321,4309,4226,-0.0219856514695672
"18395","18395",6636,6716,6492,-0.0216998191681736
"18396","18396",7853,7868,7715,-0.0175729020756399
"18397","18397",5791,5796,5739,-0.00897945087204283
"18398","18398",2739,2739,2766,0.00985761226725082
"18399","18399",1948,1948,1896,-0.026694045174538
"18400","18400",7237,7208,5867,-0.189304960619041
"18401","18401",5959,5970,5155,-0.134921966772948
"18402","18402",2547,2547,2178,-0.144876325088339
"18403","18403",2957,2975,3012,0.0185999323638823
"18404","18404",2808,2812,2641,-0.0594729344729345
"18405","18405",4274,4288,4417,0.0334581188582124
"18407","18407",6110,6029,6227,0.0191489361702128
"18408","18408",10573,10524,8958,-0.152747564551215
"18409","18409",5484,5627,4731,-0.137308533916849
"18410","18410",9414,9344,9816,0.0427023581899299
"18411","18411",3747,3893,3432,-0.0840672538030424
"18412","18412",6858,6595,6215,-0.0937591134441528
"18413","18413",1498,1725,1942,0.296395193591455
"18414","18414",2988,2990,3014,0.00870147255689424
"18415","18415",3126,3188,3159,0.0105566218809981
"18416","18416",1963,1946,1847,-0.0590932246561386
"18417","18417",2269,2269,2028,-0.106214191273689
"18419","18419",2390,2382,2507,0.0489539748953975
"18420","18420",2882,2756,2935,0.0183900069396253
"18421","18421",2365,2287,2282,-0.0350951374207188
"18422","18422",1748,1776,1587,-0.0921052631578947
"18423","18423",3668,3666,3487,-0.0493456924754635
"18425","18425",3052,3229,3253,0.0658584534731324
"18426","18426",1936,1936,1936,0
"18427","18427",3361,3361,2823,-0.16007140731925
"18428","18428",3308,2876,2901,-0.123035066505441
"18429","18429",4246,4233,5057,0.191003297220914
"18430","18430",2814,2814,2781,-0.011727078891258
"18431","18431",6956,7108,6670,-0.0411155836687752
"18432","18432",2907,2912,2801,-0.0364637082903337
"18434","18434",2662,2673,2684,0.00826446280991736
"18435","18435",3263,2931,3615,0.107876187557462
"18438","18438",3122,3121,3069,-0.0169762972453555
"18440","18440",1557,1557,1556,-0.000642260757867694
"18441","18441",5500,5006,4988,-0.0930909090909091
"18443","18443",1457,1531,1535,0.0535346602608099
"18444","18444",7210,7090,6126,-0.150346740638003
"18445","18445",1539,1532,1717,0.115659519168291
"18446","18446",2072,2072,1573,-0.240830115830116
"18447","18447",3435,3260,3606,0.0497816593886463
"18448","18448",1496,1448,1367,-0.0862299465240642
"18824","18824",1496,1448,1367,-0.0862299465240642
"18449","18449",2150,2159,2354,0.0948837209302326
"18800","18800",2150,2159,2354,0.0948837209302326
"18450","18450",7065,6890,6331,-0.103892427459306
"18451","18451",2311,2311,1988,-0.139766334919948
"18452","18452",3607,3587,3750,0.0396451344607707
"18453","18453",3495,4003,3489,-0.00171673819742489
"18454","18454",2958,2997,3017,0.0199459093982421
"19332","19332",2958,2997,3017,0.0199459093982421
"18455","18455",5055,5057,5085,0.00593471810089021
"18456","18456",3619,3619,3581,-0.0105001381597126
"18457","18457",4223,4218,3994,-0.0542268529481411
"18458","18458",6646,7448,13644,1.05296418898586
"18459","18459",4158,4160,4205,0.0113035113035113
"18460","18460",8060,8031,7467,-0.0735732009925558
"18461","18461",3109,3109,3137,0.0090061112898038
"18462","18462",4501,4421,4483,-0.00399911130859809
"18463","18463",2056,2070,2007,-0.0238326848249027
"18464","18464",502,502,639,0.272908366533865
"18465","18465",8785,8635,8546,-0.0272054638588503
"18467","18467",4188,4516,4286,0.0234001910219675
"18468","18468",6936,7618,6875,-0.00879469434832757
"18469","18469",5104,5074,4854,-0.0489811912225705
"18470","18470",1535,1541,1482,-0.0345276872964169
"18471","18471",2707,2734,2680,-0.00997414111562616
"18473","18473",2393,2461,2056,-0.140827413288759
"18474","18474",9565,9530,7190,-0.248301097752222
"18475","18475",8003,8155,7934,-0.00862176683743596
"18476","18476",4498,4516,5241,0.165184526456203
"18478","18478",1903,1902,1838,-0.0341565948502365
"19180","19180",1903,1902,1838,-0.0341565948502365
"18479","18479",3730,3735,3586,-0.0386058981233244
"18480","18480",7763,7821,8017,0.0327193095452789
"18481","18481",3514,3422,3773,0.0737051792828685
"18482","18482",1429,1429,1858,0.300209937018894
"18483","18483",6252,6870,6837,0.0935700575815739
"18485","18485",1918,1912,3795,0.978623566214807
"18486","18486",2735,2429,3024,0.105667276051188
"18487","18487",2885,3001,2909,0.00831889081455806
"18489","18489",3470,3452,3445,-0.00720461095100865
"18492","18492",2329,2638,1987,-0.1468441391155
"18493","18493",8041,7902,7234,-0.100360651660241
"18494","18494",2556,2547,2525,-0.0121283255086072
"18495","18495",4546,4502,4391,-0.0340959084909811
"18496","18496",4859,4910,5258,0.0821156616587775
"18498","18498",1620,1610,1837,0.133950617283951
"18499","18499",3773,3772,3705,-0.0180227935329976
"18500","18500",3961,4517,3564,-0.100227215349659
"18501","18501",3394,3393,3513,0.035061873895109
"18503","18503",1697,1534,1564,-0.0783736004714202
"19081","19081",1697,1534,1564,-0.0783736004714202
"18505","18505",1922,1922,1906,-0.00832466181061394
"18506","18506",2311,2319,2514,0.0878407615750757
"18507","18507",7826,6693,8207,0.0486838742652696
"18508","18508",4482,4454,3782,-0.156180276662204
"18509","18509",4892,5941,3928,-0.197056418642682
"18510","18510",3279,3277,3039,-0.0731930466605673
"18511","18511",1707,1707,1707,0
"18513","18513",1431,1431,1361,-0.0489168413696716
"18516","18516",2609,2440,2459,-0.0574932924492143
"19859","19859",2609,2440,2459,-0.0574932924492143
"18517","18517",4066,3671,3689,-0.0927201180521397
"18519","18519",8972,8015,7153,-0.202741863575568
"18520","18520",2684,2702,2703,0.00707898658718331
"18521","18521",2669,2669,2720,0.0191082802547771
"18522","18522",5078,5076,4660,-0.082315872390705
"18523","18523",4923,5003,5072,0.0302660979077798
"18524","18524",926,926,1207,0.303455723542117
"18525","18525",622,624,560,-0.0996784565916399
"18526","18526",9988,12368,11342,0.135562675210252
"18529","18529",2411,2411,2395,-0.00663625051845707
"18530","18530",6174,6279,5975,-0.0322319403952057
"18532","18532",2454,2180,2534,0.032599837000815
"18533","18533",2537,2538,2233,-0.119826566811194
"18534","18534",4985,4943,4999,0.00280842527582748
"18538","18538",816,1113,1086,0.330882352941176
"18540","18540",9646,9727,9584,-0.00642753472942152
"18541","18541",884,902,902,0.0203619909502262
"18542","18542",1949,1963,1871,-0.0400205233453053
"19232","19232",1949,1963,1871,-0.0400205233453053
"18543","18543",2411,2411,2203,-0.0862712567399419
"18544","18544",1296,1280,1194,-0.0787037037037037
"18545","18545",4655,4655,4669,0.00300751879699248
"18546","18546",5765,6322,5457,-0.0534258456201214
"18547","18547",1517,1523,1449,-0.044825313117996
"18548","18548",5565,4872,4873,-0.124348607367475
"18549","18549",3909,3898,3300,-0.155794320798158
"18550","18550",4101,3708,4169,0.016581321628871
"18551","18551",1166,1162,1074,-0.0789022298456261
"18552","18552",8787,8837,10161,0.156367360874018
"18555","18555",4069,4373,3819,-0.0614401572868027
"18556","18556",2467,1925,2116,-0.142278070531009
"18557","18557",1685,1680,1385,-0.178041543026706
"18558","18558",8035,8670,8157,0.0151835718730554
"18559","18559",4624,4709,4558,-0.0142733564013841
"18560","18560",4768,4759,4955,0.0392197986577181
"18561","18561",2583,2781,2924,0.132017034456059
"18562","18562",3530,3640,4027,0.140793201133144
"18565","18565",5368,5132,5440,0.0134128166915052
"18566","18566",2078,2078,2594,0.248315688161694
"18567","18567",4585,4584,5081,0.108178844056707
"18568","18568",6466,6613,5779,-0.106248066811011
"18569","18569",4257,3943,3409,-0.199201315480385
"18571","18571",3318,3295,3091,-0.068414707655214
"18572","18572",9861,9790,8542,-0.133759253625393
"18573","18573",2074,2074,1967,-0.0515911282545805
"18575","18575",3235,3300,2968,-0.0825347758887172
"18576","18576",2324,1961,1991,-0.14328743545611
"18577","18577",5732,5732,5885,0.0266922540125611
"18581","18581",2289,2289,2222,-0.0292704237658366
"18582","18582",2491,2491,2527,0.0144520272982738
"18583","18583",1415,2081,2109,0.490459363957597
"18585","18585",1884,2306,2365,0.255307855626327
"18586","18586",1405,1117,859,-0.388612099644128
"18587","18587",4882,4882,5089,0.0424006554690701
"18588","18588",7745,7469,7130,-0.079406068431246
"18589","18589",5398,4601,4824,-0.106335679881438
"18590","18590",1259,1259,1229,-0.0238284352660842
"18591","18591",2946,2950,2767,-0.0607603530210455
"18594","18594",3936,4007,3112,-0.209349593495935
"18596","18596",3937,3956,3709,-0.0579121158242316
"18597","18597",2306,2306,2162,-0.0624457935819601
"18598","18598",5440,5440,5472,0.00588235294117647
"18599","18599",2630,2529,2534,-0.0365019011406844
"18600","18600",1804,1604,1605,-0.110310421286031
"18601","18601",4041,4390,4407,0.0905716406829993
"18603","18603",4155,4186,4082,-0.0175691937424789
"18604","18604",4037,3937,3685,-0.0871934604904632
"18607","18607",1614,2139,1761,0.0910780669144981
"18609","18609",2946,2792,2668,-0.0943652410047522
"18610","18610",1445,1649,1697,0.17439446366782
"18611","18611",2476,2485,2614,0.055735056542811
"18612","18612",3192,2992,3084,-0.0338345864661654
"18614","18614",2049,2067,1899,-0.0732064421669107
"18615","18615",2436,2436,2641,0.0841543513957307
"18616","18616",3716,3716,3644,-0.0193756727664155
"18617","18617",5001,5008,4796,-0.0409918016396721
"18618","18618",3920,3761,4074,0.0392857142857143
"18620","18620",7289,7044,7149,-0.0192070242831664
"18621","18621",4769,4463,4365,-0.0847137764730551
"18622","18622",5113,5109,4999,-0.0222961079601017
"18623","18623",5046,5040,4310,-0.145858105430044
"18624","18624",3157,3237,3056,-0.0319923978460564
"18625","18625",2171,2177,2179,0.00368493781667434
"18627","18627",2157,1912,1910,-0.114510894761242
"18628","18628",6430,6322,6408,-0.00342146189735614
"18629","18629",2797,2557,2161,-0.2273864855202
"18630","18630",7672,7103,6968,-0.091762252346194
"18631","18631",5959,5855,5901,-0.00973317670750126
"18632","18632",1508,1519,1251,-0.170424403183024
"18633","18633",1206,1203,1138,-0.0563847429519071
"18634","18634",2144,2290,2075,-0.0321828358208955
"18635","18635",2088,1558,1792,-0.14176245210728
"18636","18636",3078,2970,2974,-0.0337881741390513
"18637","18637",3053,3295,3167,0.0373403209957419
"18639","18639",5485,8740,5234,-0.0457611668185962
"18640","18640",2965,2852,2554,-0.138617200674536
"18641","18641",2197,2194,2186,-0.00500682749203459
"18642","18642",1232,1234,1446,0.173701298701299
"18643","18643",2361,2671,2460,0.0419313850063532
"18644","18644",2921,2924,3020,0.0338925025676138
"18645","18645",2084,2014,2012,-0.0345489443378119
"18646","18646",2409,2508,2226,-0.0759651307596513
"18647","18647",2005,2114,2023,0.00897755610972569
"18648","18648",2625,2630,2423,-0.076952380952381
"18649","18649",1657,1657,1564,-0.056125528062764
"18650","18650",10672,10992,10745,0.00684032983508246
"18651","18651",6142,5551,4833,-0.213122761315532
"18652","18652",8852,8829,6667,-0.246836873023046
"18654","18654",6302,6276,4760,-0.244684227229451
"18655","18655",9732,9891,8685,-0.107583230579531
"18657","18657",2666,2666,2352,-0.117779444861215
"18659","18659",2643,2643,2577,-0.0249716231555051
"18660","18660",12930,13442,11748,-0.091415313225058
"18662","18662",4746,4702,4163,-0.122840286557101
"18663","18663",2882,2882,1888,-0.344899375433727
"18664","18664",2549,2597,2855,0.12004707728521
"18665","18665",3457,3565,3615,0.0457043679490888
"18666","18666",1467,1611,1557,0.0613496932515337
"18668","18668",6908,6907,7079,0.0247539085118703
"18669","18669",4620,4206,4003,-0.133549783549784
"18671","18671",7835,6530,6521,-0.167708998085514
"18672","18672",2975,3045,3303,0.110252100840336
"18674","18674",4021,3969,4072,0.0126834120865456
"18675","18675",1727,2154,1803,0.0440069484655472
"18676","18676",3452,3726,3610,0.0457705677867903
"18677","18677",4782,4898,5106,0.067754077791719
"18678","18678",2711,2756,2816,0.0387310955367023
"18679","18679",13231,16692,14281,0.0793590809462626
"18680","18680",6534,6507,6069,-0.0711662075298439
"18681","18681",6739,6891,5954,-0.116486125537914
"18683","18683",3261,3212,3278,0.005213124808341
"18684","18684",2029,2035,2464,0.214391325776244
"18685","18685",3112,3107,3126,0.0044987146529563
"18687","18687",7183,7199,6383,-0.111374077683419
"18688","18688",5517,5509,4403,-0.201921334058365
"18689","18689",2189,2163,2425,0.107811786203746
"18690","18690",2108,2108,1779,-0.15607210626186
"18691","18691",2614,2587,2424,-0.0726855394032135
"18692","18692",2618,2357,2387,-0.0882352941176471
"18693","18693",2990,2991,2783,-0.0692307692307692
"18694","18694",2060,2313,1996,-0.0310679611650485
"18695","18695",2371,1912,1948,-0.178405735976381
"18697","18697",1242,1249,1182,-0.0483091787439614
"19843","19843",1242,1249,1182,-0.0483091787439614
"18698","18698",7127,6978,6565,-0.078855058229269
"18699","18699",1708,1708,1763,0.0322014051522248
"18701","18701",1804,1656,1710,-0.0521064301552106
"18702","18702",2591,2591,2658,0.0258587417985334
"18703","18703",10005,12169,10635,0.0629685157421289
"18704","18704",3646,3446,3436,-0.0575973669775096
"18705","18705",2817,2817,2731,-0.0305289314873979
"18707","18707",4235,4215,4366,0.0309327036599764
"18708","18708",6077,6068,5923,-0.0253414513740332
"18709","18709",1992,1699,1556,-0.218875502008032
"18710","18710",3384,3384,3448,0.0189125295508274
"18711","18711",4807,4330,4082,-0.150821718327439
"18712","18712",5316,5196,5534,0.0410082768999248
"18713","18713",2220,2249,2406,0.0837837837837838
"18714","18714",2462,2461,2458,-0.0016246953696182
"18715","18715",4296,4291,4329,0.00768156424581006
"18716","18716",7196,7129,7340,0.0200111172873819
"18717","18717",1405,1288,1224,-0.128825622775801
"19141","19141",1405,1288,1224,-0.128825622775801
"18718","18718",4535,4135,3074,-0.322160970231533
"18719","18719",2023,2028,2106,0.0410281759762729
"18720","18720",2513,2540,2485,-0.011142061281337
"18721","18721",8882,7657,7050,-0.206259851384823
"18723","18723",6001,6076,6065,0.0106648891851358
"18724","18724",3404,3399,3161,-0.0713866039952996
"18725","18725",8702,8712,7775,-0.106527235118364
"18727","18727",3249,4945,3253,0.00123114804555248
"18729","18729",3318,3164,3315,-0.000904159132007233
"18730","18730",5694,5698,5046,-0.113804004214963
"18731","18731",2753,2753,2793,0.0145296040682891
"18732","18732",3978,3980,4513,0.134489693313223
"18733","18733",6627,7145,6284,-0.051757959861174
"18734","18734",6039,5856,5572,-0.0773306838880609
"18735","18735",1234,1230,1545,0.252025931928687
"18736","18736",5174,5236,4316,-0.165829145728643
"18737","18737",2067,2070,2077,0.00483792936623125
"18738","18738",3645,3842,3601,-0.0120713305898491
"18739","18739",4684,4770,4767,0.0177198975234842
"18740","18740",10273,10415,10114,-0.0154774652000389
"18741","18741",6143,6170,6310,0.0271854142926909
"18742","18742",3888,3713,3845,-0.011059670781893
"18743","18743",5779,5779,6162,0.0662744419449732
"18745","18745",2594,2677,3093,0.19236700077101
"18746","18746",4156,4112,4057,-0.0238209817131858
"18747","18747",4262,4364,4946,0.160488033786954
"18748","18748",4015,4010,4097,0.0204234122042341
"18749","18749",8736,8756,7580,-0.132326007326007
"18750","18750",2909,2906,3218,0.10622206943967
"18751","18751",1037,1241,973,-0.0617164898746384
"18752","18752",6398,6398,6330,-0.010628321350422
"18753","18753",3338,3307,3313,-0.00748951467944877
"18755","18755",6204,6208,5906,-0.048033526756931
"18756","18756",15347,15729,14900,-0.029126213592233
"18757","18757",1021,1005,1166,0.142017629774731
"18758","18758",1028,1029,1063,0.0340466926070039
"18759","18759",4877,4866,4773,-0.0213245847857289
"18760","18760",2832,2988,2785,-0.0165960451977401
"18761","18761",5125,4657,4353,-0.150634146341463
"18763","18763",9102,9069,9345,0.0266974291364535
"18764","18764",4120,4079,3943,-0.0429611650485437
"18765","18765",3237,3025,2686,-0.170219338894038
"18766","18766",4142,4143,3602,-0.130371801062289
"18767","18767",6417,5684,5769,-0.100981767180926
"18768","18768",3098,2750,2567,-0.171400903808909
"18769","18769",6830,6463,6483,-0.050805270863836
"18770","18770",10153,11122,11267,0.109721264650842
"18771","18771",5924,5568,5958,0.00573936529372046
"18772","18772",4190,4737,4299,0.0260143198090692
"18774","18774",3886,3672,2925,-0.247297992794647
"18777","18777",5035,4944,4362,-0.133664349553128
"18778","18778",2753,2753,3094,0.123864874682165
"18779","18779",5459,5148,4845,-0.112474812236673
"18780","18780",6095,6068,5808,-0.0470877768662838
"18781","18781",5382,5362,7355,0.366592344853214
"18782","18782",2589,2489,2556,-0.0127462340672074
"18783","18783",1678,1675,1654,-0.0143027413587604
"18784","18784",5544,5530,4714,-0.1497113997114
"18785","18785",6031,6125,4945,-0.18006964019234
"18786","18786",6435,6339,5862,-0.089044289044289
"18787","18787",4178,4342,3803,-0.0897558640497846
"18789","18789",2059,2061,1871,-0.0913064594463332
"18790","18790",8889,8813,8412,-0.0536618292271347
"18791","18791",2661,2657,2574,-0.0326944757609921
"18792","18792",1969,1969,1889,-0.0406297613001524
"18793","18793",4085,4079,4079,-0.001468788249694
"18794","18794",1882,1882,1930,0.0255047821466525
"18795","18795",1795,1797,1797,0.0011142061281337
"18796","18796",5590,5579,7658,0.36994633273703
"18797","18797",1527,1612,2407,0.576293385723641
"18798","18798",5968,5948,5418,-0.0921581769436997
"18799","18799",1826,1826,1828,0.00109529025191676
"18802","18802",3491,3115,3112,-0.108564881122887
"18803","18803",5611,5616,6482,0.155230796649439
"18806","18806",7494,7762,7541,0.00627168401387777
"18807","18807",3001,2984,2989,-0.00399866711096301
"18809","18809",4469,3784,3888,-0.130006712911166
"18810","18810",1960,3003,2285,0.165816326530612
"18811","18811",3699,3629,3760,0.0164909434982428
"18812","18812",5526,5601,5531,0.00090481360839667
"18813","18813",5649,4641,4089,-0.276155071694105
"18814","18814",4165,3725,4019,-0.0350540216086435
"18815","18815",2438,2408,2442,0.00164068908941756
"18817","18817",2954,2924,3179,0.0761679079214624
"18818","18818",3852,3852,3854,0.000519210799584631
"18819","18819",953,1017,1017,0.0671563483735572
"18820","18820",2676,2676,2684,0.00298953662182362
"18821","18821",1237,1242,1248,0.00889248181083266
"18822","18822",5768,5768,6201,0.0750693481276005
"18823","18823",3440,3345,5616,0.632558139534884
"18825","18825",5141,5148,4875,-0.0517409064384361
"18826","18826",4507,4506,4558,0.0113157310849789
"18827","18827",3771,3486,2812,-0.254309201803235
"18829","18829",8592,8952,8405,-0.0217644320297952
"18830","18830",5642,5620,4942,-0.124069478908189
"18831","18831",4136,3511,3949,-0.0452127659574468
"18832","18832",4282,4292,3726,-0.129845866417562
"18833","18833",2165,2165,2130,-0.0161662817551963
"18834","18834",4500,4502,4595,0.0211111111111111
"18835","18835",2140,2150,2004,-0.0635514018691589
"18836","18836",2796,2862,2796,0
"18837","18837",3417,3283,3223,-0.0567749487854843
"18838","18838",3220,3353,3331,0.034472049689441
"18839","18839",6846,7143,6581,-0.0387087350277534
"18841","18841",7052,6877,6236,-0.115711854792967
"18842","18842",5332,5145,5106,-0.0423855963990998
"18843","18843",3100,3100,3084,-0.00516129032258065
"18844","18844",7388,7325,7619,0.031266919328641
"18845","18845",2891,2616,2806,-0.0294015911449325
"18846","18846",1853,1673,1845,-0.00431732325957906
"18847","18847",4650,4449,4915,0.056989247311828
"18848","18848",3006,3202,2572,-0.144377910844977
"18849","18849",2912,2908,2632,-0.0961538461538462
"18851","18851",7358,7845,7492,0.0182114705082903
"18852","18852",1995,1994,1919,-0.0380952380952381
"18854","18854",1259,984,765,-0.392374900714853
"18855","18855",2922,3018,2968,0.0157426420260096
"18856","18856",3047,3061,3058,0.0036101083032491
"18857","18857",1068,1068,995,-0.0683520599250936
"18859","18859",3338,2326,2221,-0.334631515877771
"18860","18860",1898,2172,2172,0.14436248682824
"18861","18861",2934,2598,2349,-0.199386503067485
"18862","18862",5302,5293,5251,-0.00961901169370049
"18863","18863",5513,5718,5722,0.0379103936150916
"18864","18864",4381,4381,3757,-0.142433234421365
"18865","18865",5188,6097,5139,-0.00944487278334618
"18868","18868",1352,1352,1354,0.0014792899408284
"18869","18869",6988,6703,10141,0.451202060675444
"18870","18870",3912,3789,3826,-0.0219836400817996
"18871","18871",7091,6723,7182,0.0128331688055281
"18872","18872",1726,1698,1896,0.0984936268829664
"18873","18873",1517,1516,1237,-0.18457481872116
"18874","18874",2882,2882,2923,0.0142262317834837
"18875","18875",3073,3068,4183,0.36121054344289
"18876","18876",1450,1386,1423,-0.0186206896551724
"18877","18877",1652,1622,1682,0.0181598062953995
"18878","18878",2464,3639,3604,0.462662337662338
"18879","18879",3369,4335,4001,0.187592757494806
"18881","18881",3756,3756,2756,-0.266240681576145
"18882","18882",10187,10203,9505,-0.0669480710709728
"18883","18883",4122,4131,3498,-0.151382823871907
"18884","18884",3005,1723,3401,0.131780366056572
"18885","18885",5844,5434,6402,0.095482546201232
"18886","18886",1017,1014,1007,-0.00983284169124877
"18887","18887",6794,7105,6558,-0.0347365322343244
"18888","18888",5438,5578,4158,-0.235380654652446
"18889","18889",6623,6637,6148,-0.0717197644571946
"18890","18890",4568,3871,4374,-0.0424693520140105
"18891","18891",3437,3437,3369,-0.0197846959557754
"18893","18893",2709,2103,2461,-0.091546696197859
"18894","18894",5489,5514,5920,0.0785206777190745
"18895","18895",3217,3075,2967,-0.0777121541809139
"18896","18896",3651,3660,3733,0.022459600109559
"18897","18897",2853,2918,2556,-0.10410094637224
"18898","18898",1847,2043,1552,-0.159718462371413
"18900","18900",3767,3711,4183,0.110432705070348
"18901","18901",2181,2181,2485,0.139385602934434
"18902","18902",2983,2983,3627,0.215890043580288
"18903","18903",6349,6454,6150,-0.0313435186643566
"18904","18904",6497,6457,5711,-0.120978913344621
"18905","18905",3452,3177,3216,-0.0683661645422943
"18907","18907",7899,7868,7277,-0.0787441448284593
"18908","18908",1604,1627,1632,0.0174563591022444
"18909","18909",2683,2629,2421,-0.097651882221394
"18910","18910",4993,5032,4325,-0.133787302223112
"18911","18911",5058,5077,6677,0.320086990905496
"18913","18913",2475,2522,2386,-0.035959595959596
"18914","18914",1247,1247,1110,-0.109863672814755
"18915","18915",1023,992,1047,0.0234604105571848
"18917","18917",5295,7616,7616,0.43833805476865
"18918","18918",2955,2973,2569,-0.130626057529611
"18920","18920",4880,5189,4871,-0.00184426229508197
"18921","18921",4363,4354,4405,0.00962640385056154
"18922","18922",2697,2655,2423,-0.101594364108268
"18923","18923",7858,8377,7563,-0.0375413591244591
"18924","18924",2185,2174,2408,0.102059496567506
"18925","18925",797,902,860,0.0790464240903388
"18926","18926",3102,3007,2914,-0.0606060606060606
"18927","18927",4964,4972,5079,0.0231668009669621
"18928","18928",3236,3225,3203,-0.0101977750309023
"18929","18929",5343,5393,4847,-0.092831742466779
"18930","18930",4985,4191,4043,-0.188966900702106
"18931","18931",2702,2989,2801,0.036639526276832
"18932","18932",1915,2053,2033,0.0616187989556136
"18933","18933",3272,3272,3268,-0.00122249388753056
"18934","18934",2063,2048,2060,-0.00145419292292777
"18935","18935",5565,5556,8247,0.481940700808625
"18936","18936",8224,8185,8226,0.000243190661478599
"18937","18937",9725,9728,9082,-0.0661182519280206
"18938","18938",9740,9556,9581,-0.0163244353182752
"18939","18939",986,978,1010,0.0243407707910751
"19660","19660",986,978,1010,0.0243407707910751
"18940","18940",2897,2908,2924,0.00931998619261305
"18941","18941",8285,8184,8320,0.00422450211225106
"18943","18943",5817,5821,5675,-0.024411208526732
"18945","18945",10695,10713,10242,-0.0423562412342216
"18946","18946",1924,1894,2087,0.0847193347193347
"18947","18947",5213,5179,5279,0.0126606560521772
"18948","18948",5891,5334,4488,-0.238159904939739
"18949","18949",6015,5864,5865,-0.0249376558603491
"18950","18950",4480,4340,4134,-0.0772321428571429
"18951","18951",6327,6486,6387,0.00948316737790422
"18952","18952",3718,3719,3763,0.0121032813340506
"18953","18953",3451,3355,3342,-0.0315850478122283
"18955","18955",4773,4688,4383,-0.0817096165933375
"18956","18956",7872,7635,5816,-0.261178861788618
"18957","18957",3394,3706,2653,-0.218326458456099
"18959","18959",1680,1701,1652,-0.0166666666666667
"18960","18960",1878,1877,1982,0.0553780617678381
"18961","18961",2667,2399,2281,-0.144731908511436
"18962","18962",8980,9251,8514,-0.0518930957683742
"18963","18963",1931,1932,1933,0.00103573278094252
"18966","18966",3196,3193,3075,-0.0378598247809762
"18969","18969",1621,1614,1613,-0.00493522516964837
"18970","18970",6415,6221,6267,-0.0230709275136399
"18971","18971",1717,1717,1717,0
"18972","18972",3375,3402,1361,-0.596740740740741
"18973","18973",2808,2799,2899,0.0324074074074074
"18974","18974",6913,6882,4910,-0.289743960653841
"18976","18976",2219,2440,2211,-0.00360522757999099
"18977","18977",1657,1658,1648,-0.00543150271575136
"18978","18978",2324,2332,2033,-0.125215146299484
"18979","18979",2604,2605,2611,0.00268817204301075
"18980","18980",2586,2310,2331,-0.0986078886310905
"18981","18981",1441,1436,1434,-0.00485773768216516
"18984","18984",4612,4578,4713,0.021899392888118
"18985","18985",10964,11671,10923,-0.00373951112732579
"18987","18987",1149,1158,1035,-0.0992167101827676
"18988","18988",3309,3214,3307,-0.000604412209126624
"18990","18990",3366,3366,2926,-0.130718954248366
"18991","18991",1697,1691,2633,0.551561579257513
"18992","18992",3664,2675,2865,-0.21806768558952
"18995","18995",7229,7452,6958,-0.037487895974547
"18996","18996",2187,2091,2094,-0.0425240054869684
"18998","18998",7194,7274,7265,0.00986933555740895
"18999","18999",1226,1226,1227,0.000815660685154976
"19000","19000",6055,6294,5758,-0.0490503715937242
"19001","19001",4610,4608,3991,-0.134273318872017
"19002","19002",1776,1801,1681,-0.053490990990991
"19003","19003",2925,2925,2982,0.0194871794871795
"19004","19004",9896,10214,8722,-0.118633791430881
"19005","19005",2718,2706,2693,-0.00919793966151582
"19007","19007",3177,3177,3457,0.0881334592382751
"19008","19008",1764,1785,1655,-0.0617913832199547
"19009","19009",4032,4042,3600,-0.107142857142857
"19010","19010",5879,5924,6038,0.0270454158870556
"19011","19011",2378,2746,2747,0.155172413793103
"19012","19012",2865,2995,2832,-0.0115183246073298
"19013","19013",2775,2786,2618,-0.0565765765765766
"19014","19014",3950,3962,4252,0.0764556962025316
"19015","19015",2205,2203,2218,0.00589569160997732
"19016","19016",3605,2829,2820,-0.217753120665742
"19017","19017",5910,6234,10165,0.719966159052453
"19018","19018",1869,1819,1705,-0.0877474585339754
"19019","19019",2245,2245,1930,-0.140311804008909
"19020","19020",10658,10345,9271,-0.13013698630137
"19021","19021",8654,8671,8546,-0.0124797781372776
"19022","19022",2630,2635,2038,-0.225095057034221
"19024","19024",2419,2418,3080,0.273253410500207
"19025","19025",4277,4277,883,-0.793546878653262
"19027","19027",6376,8817,8901,0.396016311166876
"19028","19028",2571,2566,2590,0.0073901205756515
"19029","19029",3918,3911,3847,-0.0181214905564063
"19030","19030",4786,4501,3830,-0.199749268700376
"19032","19032",4578,4570,4569,-0.00196592398427261
"19033","19033",6396,6441,6623,0.0354909318323952
"19034","19034",1758,1747,1827,0.0392491467576792
"19035","19035",7360,7203,6690,-0.0910326086956522
"19036","19036",3748,3767,3617,-0.0349519743863394
"19037","19037",3828,3591,3260,-0.148380355276907
"19038","19038",4112,4101,4073,-0.00948443579766537
"19039","19039",2193,1981,1877,-0.144094847241222
"19040","19040",4131,4071,3985,-0.0353425320745582
"19041","19041",3711,3626,3187,-0.141201832390191
"19042","19042",8894,8868,8628,-0.0299078030132674
"19043","19043",2609,2505,2558,-0.0195477194327328
"19044","19044",2245,2244,2012,-0.103786191536748
"19045","19045",2619,2849,2870,0.0958381061473845
"19047","19047",1493,1502,1484,-0.00602813127930342
"19048","19048",4007,4052,4087,0.0199650611429998
"19049","19049",4367,4360,4597,0.0526677352873826
"19050","19050",3413,3298,3561,0.0433636097275125
"19051","19051",4833,5215,5854,0.211255948686116
"19053","19053",2005,2656,1982,-0.0114713216957606
"19054","19054",5165,4215,6709,0.298935140367861
"19056","19056",2926,2758,2738,-0.0642515379357485
"19058","19058",2329,2551,2281,-0.0206097037355088
"19059","19059",12088,12077,12229,0.0116644606221046
"19061","19061",4839,4793,4856,0.00351312254598057
"19063","19063",3657,3732,3740,0.0226961990702762
"19103","19103",3657,3732,3740,0.0226961990702762
"19064","19064",4393,4442,3926,-0.106305486000455
"19065","19065",8608,8647,8453,-0.0180065055762082
"19066","19066",5318,4920,4514,-0.151184655885671
"19067","19067",4243,3982,3977,-0.0626914918689606
"19068","19068",4133,3921,4619,0.117590128236148
"19069","19069",2572,4214,2391,-0.0703732503888025
"19071","19071",9612,10828,9128,-0.0503537245110279
"19072","19072",1757,1818,1853,0.0546385885031303
"19074","19074",4607,4330,4392,-0.0466681137399609
"19075","19075",2908,3062,3060,0.0522696011004127
"19076","19076",1059,1002,1002,-0.0538243626062323
"19077","19077",1631,1507,1425,-0.126302881667689
"19078","19078",2968,2959,3242,0.0923180592991914
"19079","19079",5696,5670,7059,0.239290730337079
"19080","19080",4136,4041,4045,-0.0220019342359768
"19082","19082",8915,9327,7175,-0.195176668536175
"19083","19083",2134,2186,1539,-0.278819119025305
"19084","19084",3020,3055,3065,0.0149006622516556
"19085","19085",4085,4142,3987,-0.0239902080783354
"19086","19086",3186,3185,3029,-0.049278091650973
"19087","19087",3308,3307,3593,0.0861547762998791
"19090","19090",2595,2577,1815,-0.300578034682081
"19091","19091",2681,2681,2679,-0.000745990302126072
"19092","19092",1052,1279,1604,0.524714828897338
"19093","19093",4017,3836,3193,-0.205128205128205
"19094","19094",3593,3543,3541,-0.0144725855830782
"19095","19095",2101,2096,1822,-0.132793907663018
"19096","19096",3163,2720,2819,-0.108757508694278
"19097","19097",1303,1303,1336,0.0253261703760553
"19099","19099",5400,5537,10304,0.908148148148148
"19101","19101",1435,1436,1627,0.133797909407666
"19102","19102",8127,8127,8166,0.00479881875230712
"19104","19104",2558,2560,2515,-0.0168100078186083
"19105","19105",1754,1758,1810,0.031927023945268
"19106","19106",2360,2365,2252,-0.0457627118644068
"19107","19107",2509,2515,2359,-0.0597847748106815
"19108","19108",4154,4299,3617,-0.129272989889263
"19109","19109",4388,4469,4098,-0.0660893345487694
"19110","19110",4470,4477,5026,0.124384787472036
"19111","19111",2107,2107,2814,0.335548172757475
"19112","19112",2647,2516,2509,-0.0521344918775973
"19113","19113",3324,3260,3119,-0.0616726835138387
"19114","19114",1386,1371,1349,-0.0266955266955267
"19116","19116",2407,2695,2087,-0.132945575405069
"19118","19118",3092,2887,3014,-0.0252263906856404
"19119","19119",4756,4618,4520,-0.0496215306980656
"19120","19120",2050,2050,1755,-0.14390243902439
"19121","19121",3521,3420,3253,-0.0761147401306447
"19122","19122",4000,3692,6210,0.5525
"19123","19123",4996,5281,5220,0.044835868694956
"19124","19124",2831,2715,3050,0.0773578240904274
"19125","19125",1724,1650,1960,0.136890951276102
"19126","19126",1956,1998,1943,-0.00664621676891616
"19127","19127",1375,1709,1226,-0.108363636363636
"19128","19128",6375,6372,5554,-0.12878431372549
"19129","19129",6473,6578,6674,0.0310520624131006
"19130","19130",3017,3065,3132,0.0381173351010938
"19131","19131",2218,2465,2467,0.112263300270514
"19132","19132",3702,3860,3692,-0.00270124257158293
"19133","19133",6406,6392,3308,-0.483609116453325
"19134","19134",6751,9061,8098,0.199525996148719
"19135","19135",4735,4619,4356,-0.0800422386483633
"19136","19136",4621,4601,4345,-0.0597273317463752
"19137","19137",1707,1517,1500,-0.121265377855888
"19138","19138",3355,3302,2978,-0.112369597615499
"19139","19139",5217,5157,5237,0.00383362085489745
"19140","19140",2227,2258,2585,0.160754378087113
"19142","19142",3232,3235,3202,-0.00928217821782178
"19145","19145",5005,4908,4782,-0.0445554445554446
"19146","19146",4275,4257,4255,-0.00467836257309942
"19147","19147",1892,1929,1884,-0.00422832980972516
"19148","19148",3450,3458,3434,-0.00463768115942029
"19149","19149",1698,1401,1528,-0.100117785630153
"19150","19150",1679,1679,1667,-0.00714711137581894
"19151","19151",4582,4564,3756,-0.18027062418158
"19152","19152",4177,4309,4625,0.107254010055063
"19153","19153",5760,5818,5434,-0.0565972222222222
"19154","19154",2650,2654,1901,-0.282641509433962
"19156","19156",2945,2711,2863,-0.0278438030560272
"19157","19157",2598,2504,2282,-0.121632024634334
"19158","19158",5117,5253,4709,-0.079734219269103
"19159","19159",1568,1604,1490,-0.0497448979591837
"19160","19160",3151,3151,3014,-0.0434782608695652
"19161","19161",3512,3507,3916,0.11503416856492
"19162","19162",5152,5137,4923,-0.0444487577639752
"19163","19163",2923,2931,2791,-0.0451590831337667
"19164","19164",3070,3239,3597,0.171661237785016
"19166","19166",2254,2279,2081,-0.0767524401064774
"19167","19167",3598,4148,3647,0.0136186770428016
"19169","19169",1089,1081,1275,0.170798898071625
"19171","19171",1712,1712,1710,-0.00116822429906542
"19172","19172",3805,3793,4144,0.0890932982917214
"19173","19173",6098,6098,5662,-0.0714988520826501
"19174","19174",3759,3756,3450,-0.0822027134876297
"19175","19175",1965,1965,1879,-0.043765903307888
"19176","19176",4994,5987,5295,0.0602723267921506
"19177","19177",4996,4978,4988,-0.00160128102481986
"19179","19179",5737,5770,4660,-0.187728778107025
"19182","19182",5556,5125,4748,-0.145428365730742
"19183","19183",2993,2895,1982,-0.337788172402272
"19184","19184",5063,5067,5093,0.00592534070709066
"19185","19185",5264,5437,5561,0.0564209726443769
"19186","19186",1295,1295,1390,0.0733590733590734
"19187","19187",3648,3615,3439,-0.0572916666666667
"19188","19188",1608,1600,1383,-0.139925373134328
"19189","19189",1968,1338,2039,0.0360772357723577
"19190","19190",3038,2817,2730,-0.101382488479263
"19191","19191",2522,2415,2482,-0.0158604282315623
"19192","19192",3455,3416,2954,-0.145007235890014
"19193","19193",5702,5783,5356,-0.0606804629954402
"19194","19194",3285,3278,3428,0.043531202435312
"19195","19195",2698,3296,2716,0.00667160859896219
"19196","19196",5233,4874,5553,0.0611503917446971
"19197","19197",1157,1063,1103,-0.0466724286949006
"19198","19198",2335,2395,2292,-0.0184154175588865
"19199","19199",6479,6252,6457,-0.0033955857385399
"19200","19200",5646,5648,5392,-0.044987601842012
"19201","19201",4160,4396,4516,0.0855769230769231
"19202","19202",2423,2426,2841,0.172513413124226
"19203","19203",2058,2047,2303,0.119047619047619
"19204","19204",4043,4044,2502,-0.381152609448429
"19205","19205",2645,2646,2165,-0.181474480151229
"19206","19206",5389,5252,5071,-0.0590090925960289
"19207","19207",2910,2910,2648,-0.0900343642611684
"19208","19208",1722,1643,1682,-0.0232288037166086
"19209","19209",2064,2061,1473,-0.286337209302326
"19210","19210",4779,6375,4672,-0.0223896212596778
"19212","19212",5003,5325,5384,0.0761543074155507
"19214","19214",4108,3576,5994,0.459104186952288
"19215","19215",6041,6019,5620,-0.069690448601225
"19216","19216",1762,1765,2217,0.258229284903519
"19217","19217",2766,2689,2734,-0.0115690527838033
"19219","19219",1729,1729,1729,0
"19220","19220",4393,4375,4117,-0.06282722513089
"19221","19221",3141,3259,3220,0.0251512257242916
"19222","19222",2078,2078,2399,0.154475457170356
"19223","19223",2894,2894,2993,0.0342087076710435
"19224","19224",1787,1787,1415,-0.208170117515389
"19225","19225",2779,2910,2652,-0.0456998920474991
"19226","19226",1616,1452,1499,-0.0724009900990099
"19227","19227",2402,2062,2739,0.14029975020816
"19228","19228",3250,2797,2725,-0.161538461538462
"19230","19230",2068,2071,2031,-0.0178916827852998
"19231","19231",3770,4015,3569,-0.053315649867374
"19233","19233",1695,1696,1977,0.166371681415929
"19235","19235",2830,2811,2558,-0.096113074204947
"19236","19236",2274,2275,2064,-0.0923482849604222
"19238","19238",3053,3056,3089,0.0117916803144448
"19239","19239",6264,6187,6542,0.0443805874840358
"19240","19240",8397,8354,7993,-0.0481124211027748
"19241","19241",3249,2713,3806,0.171437365343183
"19242","19242",809,807,1083,0.338689740420272
"19243","19243",4672,3643,4075,-0.127782534246575
"19244","19244",6075,6019,6140,0.0106995884773663
"19245","19245",2376,2333,2489,0.0475589225589226
"19246","19246",3406,3368,3404,-0.000587199060481503
"19247","19247",4563,5254,5493,0.203813280736358
"19248","19248",7534,7380,6779,-0.100212370586674
"19249","19249",4069,4071,4235,0.040796264438437
"19250","19250",3959,3961,4249,0.0732508209143723
"19251","19251",2474,2429,2328,-0.0590137429264349
"19252","19252",3587,3113,3317,-0.0752718148870923
"19253","19253",3765,3643,3705,-0.0159362549800797
"19254","19254",5230,5243,5098,-0.0252390057361377
"19255","19255",1700,1697,1694,-0.00352941176470588
"19256","19256",2082,2004,2148,0.031700288184438
"19257","19257",4811,4774,4749,-0.0128871336520474
"19258","19258",6579,6562,4473,-0.320109439124487
"19259","19259",3446,3437,6874,0.994776552524666
"19260","19260",3391,3406,3097,-0.086700088469478
"19261","19261",2656,2626,2355,-0.113328313253012
"19262","19262",3175,3028,3273,0.0308661417322835
"19263","19263",4886,5233,5054,0.0343839541547278
"19264","19264",2969,3199,3055,0.0289659818120579
"19265","19265",1584,1587,1522,-0.0391414141414141
"19266","19266",1734,1694,1510,-0.129181084198385
"19267","19267",11469,11858,11901,0.0376667538582265
"19268","19268",4080,4003,4050,-0.00735294117647059
"19269","19269",3702,3717,4479,0.209886547811994
"19270","19270",15593,15922,14200,-0.0893349579939716
"19271","19271",3413,3403,3077,-0.0984471139759742
"19272","19272",2166,2160,2144,-0.0101569713758079
"19273","19273",2489,2489,2426,-0.0253113700281237
"19274","19274",5058,5058,4897,-0.0318307631474891
"19275","19275",4150,4140,4202,0.0125301204819277
"19277","19277",10231,10909,8777,-0.142117095103118
"19279","19279",2592,2592,2475,-0.0451388888888889
"19280","19280",5918,5909,9208,0.555931057789794
"19281","19281",2162,2305,2286,0.0573543015726179
"19282","19282",3893,3893,4444,0.1415360904187
"19284","19284",2505,2502,2110,-0.157684630738523
"19285","19285",2497,2501,3039,0.21706047256708
"19286","19286",7256,8232,6368,-0.122381477398015
"19288","19288",3332,3029,2691,-0.192376950780312
"19289","19289",3659,3497,3727,0.0185843126537305
"19290","19290",3983,4456,3467,-0.129550590007532
"19291","19291",3009,2946,2829,-0.0598205383848455
"19293","19293",1305,1304,951,-0.271264367816092
"19294","19294",8521,8506,8272,-0.0292219223095881
"19295","19295",6456,6679,5624,-0.128872366790582
"19296","19296",1920,1586,2064,0.075
"19297","19297",3230,3232,3250,0.00619195046439629
"19298","19298",3803,3839,3390,-0.108598474888246
"19300","19300",2706,1963,2058,-0.239467849223947
"19301","19301",2345,2347,2466,0.0515991471215352
"19303","19303",3269,5926,3246,-0.00703579076170083
"19304","19304",8265,8000,8175,-0.0108892921960073
"19305","19305",2412,2795,2758,0.143449419568823
"19307","19307",3814,3665,3593,-0.0579444153120084
"19308","19308",3260,4314,2768,-0.150920245398773
"19310","19310",1233,1234,1248,0.0121654501216545
"19311","19311",2225,2182,2069,-0.0701123595505618
"19312","19312",1112,1112,642,-0.422661870503597
"19313","19313",3456,3423,2636,-0.237268518518519
"19314","19314",2174,1818,2216,0.0193192272309108
"19316","19316",3158,3218,1928,-0.38948701709943
"19317","19317",7461,6304,5737,-0.23106822141804
"19318","19318",1705,1683,1780,0.0439882697947214
"19319","19319",3105,3129,2984,-0.0389694041867955
"19320","19320",3665,3665,3675,0.00272851296043656
"19321","19321",5139,4543,4100,-0.202179412337031
"19322","19322",2500,2447,2658,0.0632
"19323","19323",1023,1022,895,-0.125122189638319
"19324","19324",3359,2912,2796,-0.167609407561774
"19325","19325",3314,3443,3345,0.00935425467712734
"19326","19326",2814,2817,2760,-0.0191897654584222
"19327","19327",4505,4505,4598,0.0206437291897891
"19328","19328",3119,3119,3336,0.06957358127605
"19329","19329",2094,1886,1670,-0.202483285577841
"19330","19330",1454,1523,1670,0.148555708390646
"19331","19331",1336,1336,1336,0
"19333","19333",2657,2650,2237,-0.158073014678209
"19334","19334",3384,3384,3215,-0.0499408983451537
"19335","19335",1829,1744,1757,-0.0393657736468015
"19336","19336",8149,8081,8017,-0.0161983065406798
"19337","19337",1816,2184,2186,0.20374449339207
"19338","19338",1643,1643,1643,0
"19339","19339",3611,4652,2935,-0.187205760177236
"19340","19340",3847,3916,2652,-0.310631661034572
"19341","19341",1328,1317,1278,-0.0376506024096386
"19342","19342",10020,10429,10265,0.0244510978043912
"19343","19343",6085,5683,5056,-0.169104354971241
"19344","19344",1417,1417,1418,0.000705716302046577
"19345","19345",1407,1406,3965,1.818052594172
"19346","19346",2427,2427,2136,-0.119901112484549
"19347","19347",5209,4304,4095,-0.213860625839892
"19348","19348",1509,1653,1736,0.150430748840292
"19349","19349",3805,3678,3500,-0.0801576872536137
"19351","19351",1540,1540,1909,0.23961038961039
"19352","19352",4144,4260,4260,0.027992277992278
"19353","19353",2397,2364,2806,0.170629954109303
"19354","19354",1946,1949,1980,0.0174717368961973
"19355","19355",3223,3364,3632,0.126900403350915
"19356","19356",1432,1432,1421,-0.00768156424581006
"19357","19357",3074,3074,3077,0.000975927130774236
"19358","19358",6893,6796,6182,-0.10314812128246
"19359","19359",1916,1909,2211,0.153966597077244
"19361","19361",1648,1617,1608,-0.0242718446601942
"19363","19363",4277,4576,3848,-0.100303951367781
"19364","19364",956,954,938,-0.0188284518828452
"19365","19365",2721,2717,3036,0.115766262403528
"19366","19366",9831,10053,10073,0.0246160105787814
"19367","19367",2802,2926,2805,0.00107066381156317
"19368","19368",2541,2489,2614,0.0287288469106651
"19369","19369",4065,4067,3423,-0.157933579335793
"19370","19370",4975,4975,4361,-0.123417085427136
"19371","19371",4250,4126,3898,-0.0828235294117647
"19372","19372",2583,2491,3064,0.186217576461479
"19374","19374",2227,2209,1974,-0.113605747642568
"19375","19375",4148,2589,2367,-0.429363548698168
"19376","19376",3761,3761,3891,0.0345652751927679
"19377","19377",4527,4839,3497,-0.227523746410426
"19378","19378",4729,4729,4878,0.0315077183336858
"19379","19379",988,1054,986,-0.00202429149797571
"19380","19380",9901,9773,9671,-0.0232299767700232
"19381","19381",2107,2103,1655,-0.214523018509729
"19382","19382",3729,3180,3878,0.0399570930544382
"19383","19383",2893,2895,2915,0.00760456273764259
"19384","19384",4144,3649,3654,-0.118243243243243
"19385","19385",2556,2557,2561,0.00195618153364632
"19386","19386",1972,1983,1513,-0.232758620689655
"19387","19387",4132,4157,4151,0.00459825750242014
"19388","19388",1466,1466,1492,0.0177353342428377
"19389","19389",6212,6302,5686,-0.0846748229233741
"19390","19390",3362,3562,2589,-0.229922665080309
"19391","19391",4731,4940,4003,-0.153878672585077
"19395","19395",3835,3796,3739,-0.0250325945241199
"19396","19396",2828,2828,2883,0.0194483734087694
"19397","19397",5811,5820,5838,0.00464636035105834
"19398","19398",8196,8204,7058,-0.138848218643241
"19399","19399",3190,3190,3137,-0.0166144200626959
"19400","19400",4001,4316,4102,0.0252436890777306
"19401","19401",7423,7473,7546,0.0165701198976155
"19402","19402",1847,1847,1618,-0.123984840281538
"19403","19403",8522,8500,6552,-0.231166392865525
"19404","19404",3744,3266,3087,-0.175480769230769
"19405","19405",1595,1611,1963,0.230721003134796
"19406","19406",9224,9778,5822,-0.368820468343452
"19407","19407",3153,3036,2193,-0.304471931493815
"19408","19408",3027,3279,3446,0.138420878757846
"19409","19409",3761,3761,4000,0.0635469290082425
"19410","19410",1385,1387,1044,-0.246209386281588
"19411","19411",7147,7077,7048,-0.0138519658598013
"19413","19413",2794,2787,2830,0.0128847530422334
"19414","19414",4130,4127,3783,-0.0840193704600484
"19415","19415",10092,10210,10298,0.0204122076892588
"19416","19416",1777,1779,1782,0.0028137310073157
"19417","19417",1850,1850,1658,-0.103783783783784
"19419","19419",3698,3735,3305,-0.106273661438615
"19420","19420",2828,2135,1728,-0.388967468175389
"19421","19421",2391,2701,2178,-0.0890840652446675
"19422","19422",3017,2998,2790,-0.0752403049386808
"19423","19423",7102,7069,7000,-0.0143621515066179
"19424","19424",4042,4110,4106,0.0158337456704602
"19425","19425",1287,1227,1180,-0.0831390831390831
"19426","19426",3781,3785,3584,-0.0521026183549326
"19427","19427",10071,9606,8317,-0.174163439578989
"19428","19428",5295,5821,5890,0.112370160528801
"19429","19429",6623,6150,6135,-0.0736826211686547
"19430","19430",2782,5084,2523,-0.093098490294752
"19431","19431",1960,1963,2067,0.0545918367346939
"19432","19432",6162,6194,6174,0.00194741966893866
"19434","19434",4030,4833,4319,0.071712158808933
"19435","19435",5199,5152,2975,-0.427774572033083
"19436","19436",1350,1298,1537,0.138518518518519
"19437","19437",2119,2047,2094,-0.0117980179329873
"19438","19438",2265,2227,2208,-0.0251655629139073
"19439","19439",7547,7908,7982,0.0576387968729296
"19440","19440",4188,4497,4161,-0.00644699140401146
"19441","19441",1739,1740,2704,0.554916618746406
"19444","19444",3100,3100,3098,-0.000645161290322581
"19445","19445",4743,4315,4364,-0.0799072317098883
"19446","19446",2196,2196,1979,-0.098816029143898
"19447","19447",1415,1425,1534,0.0840989399293286
"19448","19448",2550,2294,2406,-0.0564705882352941
"19449","19449",2406,2399,2339,-0.0278470490440565
"19450","19450",6574,6823,8290,0.261028293276544
"19451","19451",3546,3549,3273,-0.0769881556683587
"19452","19452",5053,4676,4280,-0.152978428656244
"19453","19453",2908,2815,2820,-0.0302613480055021
"19454","19454",1258,1089,1095,-0.129570747217806
"19455","19455",1027,1027,1058,0.0301850048685492
"19456","19456",5522,5558,5313,-0.0378486055776892
"19458","19458",3074,2981,2459,-0.200065061808718
"19459","19459",3889,3802,3418,-0.121110825404988
"19461","19461",2872,3261,3060,0.0654596100278552
"19462","19462",5265,5236,5381,0.0220322886989554
"19463","19463",2725,2705,2623,-0.0374311926605505
"19464","19464",1469,1495,1516,0.0319945541184479
"19465","19465",5268,5462,4815,-0.0859908883826879
"19466","19466",2737,2651,2764,0.00986481549141396
"19467","19467",2491,2397,2319,-0.0690485748695303
"19468","19468",4456,4218,4415,-0.00920107719928187
"19471","19471",4949,4133,4051,-0.181450798141039
"19472","19472",1631,1621,1608,-0.0141017780502759
"19473","19473",3224,3223,3179,-0.0139578163771712
"19475","19475",2629,2664,2045,-0.222137694941042
"19476","19476",2878,2895,3705,0.287352328005559
"19477","19477",1387,1439,1413,0.0187454938716655
"19478","19478",2721,2721,2706,-0.00551267916207277
"19479","19479",14682,14648,14133,-0.0373927257866776
"19480","19480",1420,1471,1381,-0.0274647887323944
"19481","19481",1433,1433,1119,-0.219120725750174
"19482","19482",3937,3942,3862,-0.0190500381000762
"19483","19483",5038,5050,4937,-0.0200476379515681
"19484","19484",8158,8615,8697,0.0660701152243197
"19485","19485",3756,4659,3868,0.0298189563365282
"19486","19486",3963,3381,3406,-0.140550088316932
"19487","19487",2639,2589,2534,-0.0397877984084881
"19488","19488",5513,5606,7139,0.29493923453655
"19489","19489",3427,3427,3653,0.0659468923256493
"19490","19490",2804,3361,2543,-0.0930813124108417
"19491","19491",5604,5851,4899,-0.125802997858672
"19492","19492",4549,4560,4229,-0.0703451307979776
"19493","19493",3360,3366,3397,0.0110119047619048
"19494","19494",5408,5155,5486,0.0144230769230769
"19495","19495",1563,2100,1866,0.193857965451056
"19497","19497",5231,5315,5248,0.00324985662397247
"19498","19498",1937,1667,1288,-0.335054207537429
"19499","19499",6787,6792,7185,0.0586415205540003
"19500","19500",3250,3250,2882,-0.113230769230769
"19501","19501",2410,2411,3194,0.325311203319502
"19503","19503",1442,1450,1454,0.00832177531206657
"19504","19504",2849,2849,3522,0.236223236223236
"19505","19505",3232,3246,3220,-0.00371287128712871
"19506","19506",7018,7446,7300,0.0401823881447706
"19507","19507",3330,3323,3330,0
"19508","19508",1429,1495,1068,-0.252624212736179
"19510","19510",2316,2316,2348,0.0138169257340242
"19511","19511",7578,7436,7380,-0.0261282660332542
"19512","19512",5581,5384,5728,0.0263393657050708
"19513","19513",2136,2136,1802,-0.156367041198502
"19514","19514",5471,5519,5715,0.0445987936391884
"19515","19515",2993,2872,2986,-0.00233879051119278
"19516","19516",1617,1810,1807,0.117501546072975
"19517","19517",2803,2974,3032,0.0816981805208705
"19518","19518",2235,2067,1996,-0.106935123042506
"19521","19521",5378,5734,6054,0.125697285236147
"19522","19522",5395,5729,5888,0.0913809082483781
"19523","19523",2193,1978,2001,-0.0875512995896033
"19524","19524",1587,1587,1600,0.00819155639571519
"19525","19525",1718,1718,1639,-0.0459837019790454
"19526","19526",9244,9378,8574,-0.0724794461272177
"19527","19527",8644,8691,8618,-0.0030078667283665
"19528","19528",10707,11133,8376,-0.217708041468198
"19530","19530",8627,8668,7888,-0.0856612959313782
"19531","19531",10614,11394,10670,0.00527605049934049
"19533","19533",2196,2198,2767,0.260018214936248
"19534","19534",2869,2711,2407,-0.16103171836877
"19535","19535",8693,7746,7894,-0.0919130334752099
"19536","19536",1290,1292,1204,-0.0666666666666667
"19537","19537",2105,1892,1565,-0.256532066508314
"19538","19538",3160,3236,2898,-0.0829113924050633
"19539","19539",1598,1560,1691,0.05819774718398
"19541","19541",3125,3125,2745,-0.1216
"19542","19542",7042,7021,8424,0.196251065038341
"19543","19543",7789,6350,6422,-0.175503915778662
"19544","19544",2340,2340,2162,-0.0760683760683761
"19545","19545",3416,3057,3367,-0.014344262295082
"19546","19546",4170,4074,4486,0.075779376498801
"19547","19547",3459,3611,3349,-0.0318010985834056
"19548","19548",1764,1693,1659,-0.0595238095238095
"19549","19549",2124,1889,2009,-0.0541431261770245
"19550","19550",5084,5010,4440,-0.126671911880409
"19551","19551",1587,1584,1535,-0.0327662255828607
"19552","19552",3198,3206,3238,0.0125078173858662
"19553","19553",3853,3855,4349,0.128730859070854
"19555","19555",3691,3760,2575,-0.302357084800867
"19556","19556",2413,1854,2688,0.113966017405719
"19557","19557",3287,3221,3001,-0.0870094310921813
"19558","19558",9139,8706,11258,0.231863442389758
"19559","19559",7640,7601,4917,-0.356413612565445
"19560","19560",3621,3813,4060,0.12123722728528
"19562","19562",6092,5658,4945,-0.18827971109652
"19563","19563",8701,9123,7242,-0.167681875646477
"19564","19564",2665,2645,3298,0.237523452157598
"19565","19565",3431,3702,4270,0.24453512095599
"19566","19566",3068,2579,2595,-0.154172099087353
"19567","19567",3596,3530,3407,-0.0525583982202447
"19568","19568",4059,4061,4058,-0.000246366100024637
"19570","19570",5359,5264,5117,-0.0451576786713939
"19571","19571",2779,2733,2927,0.0532565671104714
"19572","19572",4148,4146,8395,1.02386692381871
"19573","19573",1677,1687,1952,0.163983303518187
"19575","19575",3718,3521,3691,-0.00726196880043034
"19578","19578",2702,2705,2651,-0.0188749074759437
"19579","19579",6931,6832,8492,0.225220025970278
"19580","19580",3671,2606,2808,-0.235085807681831
"19581","19581",2078,2078,1622,-0.21944177093359
"19582","19582",3943,4012,3079,-0.219122495561755
"19583","19583",5871,5841,4694,-0.200476920456481
"19584","19584",3784,3637,3667,-0.0309196617336152
"19585","19585",3634,3606,3611,-0.00632911392405063
"19586","19586",2976,2816,1898,-0.362231182795699
"19587","19587",4021,3478,4281,0.0646605322059189
"19588","19588",4653,4619,3994,-0.141629056522674
"19589","19589",5042,5125,4909,-0.0263784212614042
"19590","19590",11871,11994,11403,-0.0394238059135709
"19592","19592",2580,2545,2287,-0.113565891472868
"19593","19593",3649,3550,3619,-0.00822143052891203
"19594","19594",3171,3176,2556,-0.193945127719962
"19595","19595",3726,3708,2652,-0.288244766505636
"19596","19596",4197,4192,4184,-0.00309745055992376
"19597","19597",3701,3693,3593,-0.029181302350716
"19598","19598",1312,1422,1468,0.11890243902439
"19599","19599",7602,7569,6262,-0.17626940278874
"19600","19600",3782,3688,3342,-0.116340560549974
"19602","19602",3454,3359,3255,-0.0576143601621309
"19603","19603",6142,6142,6028,-0.0185607294041029
"19604","19604",3548,3551,3238,-0.0873731679819617
"19605","19605",3956,3933,3921,-0.00884732052578362
"19606","19606",7390,7401,6042,-0.182408660351827
"19607","19607",6254,6254,6425,0.0273425007994883
"19608","19608",1163,1124,1097,-0.056749785038693
"19609","19609",3956,3894,4152,0.0495449949443883
"19610","19610",1757,1759,1804,0.0267501422879909
"19611","19611",4430,3830,3672,-0.171106094808126
"19612","19612",6844,6825,6298,-0.0797779076563413
"19613","19613",3571,3559,3536,-0.00980117614113694
"19615","19615",2182,2182,2202,0.00916590284142988
"19616","19616",3747,3740,4324,0.153989858553509
"19619","19619",1690,1690,1684,-0.00355029585798817
"19620","19620",2847,2847,2629,-0.0765718299964875
"19621","19621",7392,6974,6417,-0.131899350649351
"19622","19622",3002,3226,2855,-0.0489673550966023
"19623","19623",2084,2210,2122,0.0182341650671785
"19624","19624",5432,5639,5149,-0.0520986745213549
"19626","19626",3712,3621,3727,0.00404094827586207
"19628","19628",2316,2316,2000,-0.136442141623489
"19629","19629",1237,1396,1295,0.0468876313662086
"19630","19630",7811,7789,7346,-0.0595314300345666
"19631","19631",3406,3409,2794,-0.17968291250734
"19632","19632",1928,1829,1813,-0.0596473029045643
"19633","19633",2113,1930,1910,-0.0960719356365357
"19635","19635",4435,4436,3724,-0.160315670800451
"19636","19636",4123,4126,3852,-0.0657288382245937
"19638","19638",4009,3770,3984,-0.00623596906959341
"19639","19639",2839,2842,2844,0.0017611835153223
"19640","19640",2206,2130,2021,-0.0838621940163191
"19641","19641",4275,5767,5741,0.342923976608187
"19642","19642",2928,2930,2931,0.00102459016393443
"19643","19643",6353,6344,4465,-0.297182433495986
"19644","19644",3057,2708,2636,-0.13771671573438
"19645","19645",717,944,1438,1.00557880055788
"19646","19646",3306,2966,3154,-0.0459770114942529
"19647","19647",4006,4008,4174,0.0419370943584623
"19648","19648",7439,7751,7005,-0.058341174889098
"19649","19649",4150,4210,4272,0.0293975903614458
"19650","19650",3104,3243,2959,-0.0467139175257732
"19651","19651",3569,3569,3949,0.106472401232838
"19652","19652",4785,4950,5015,0.0480668756530825
"19653","19653",2077,2080,1958,-0.0572941742898411
"19654","19654",5286,5248,4932,-0.0669693530079455
"19655","19655",1726,1736,1601,-0.0724217844727694
"19656","19656",1859,1847,1482,-0.202797202797203
"19657","19657",3472,3452,3352,-0.0345622119815668
"19658","19658",1612,1168,1149,-0.287220843672457
"19659","19659",2521,2521,2545,0.00952003173343911
"19661","19661",7566,7568,7974,0.0539254559873117
"19662","19662",1228,1228,1237,0.00732899022801303
"19663","19663",1162,1162,969,-0.166092943201377
"19664","19664",1279,1283,961,-0.248631743549648
"19665","19665",3139,3087,3502,0.115641924179675
"19666","19666",2753,2753,3124,0.134762077733382
"19667","19667",2695,2695,4635,0.719851576994434
"19668","19668",1772,2116,1819,0.0265237020316027
"19669","19669",1663,1296,1336,-0.196632591701744
"19671","19671",2723,2727,2591,-0.0484759456481822
"19672","19672",2053,2053,2045,-0.00389673648319532
"19673","19673",1986,1986,1997,0.00553877139979859
"19674","19674",2582,2579,2646,0.0247869868319132
"19675","19675",1909,1913,1956,0.0246202200104767
"19676","19676",6295,6323,6733,0.0695790309769658
"19677","19677",7286,7352,6884,-0.0551743068899259
"19678","19678",1265,1279,1301,0.0284584980237154
"19680","19680",2092,1816,1855,-0.113288718929254
"19681","19681",5116,5073,3679,-0.280883502736513
"19682","19682",7206,7429,6950,-0.035525950596725
"19683","19683",1937,1929,1819,-0.0609189468249871
"19684","19684",2209,2050,1949,-0.117700316885469
"19685","19685",1658,1669,1504,-0.0928829915560917
"19686","19686",3697,3722,3351,-0.0935893968082229
"19687","19687",5472,5240,5062,-0.0749269005847953
"19689","19689",2881,2885,2914,0.011454356126345
"19690","19690",5158,5157,5310,0.029468786351299
"19691","19691",1059,1061,832,-0.214353163361662
"19694","19694",4350,4486,4577,0.052183908045977
"19695","19695",4510,4510,4358,-0.0337028824833703
"19696","19696",5671,5691,5567,-0.0183389172985364
"19697","19697",1876,1542,1678,-0.105543710021322
"19698","19698",3196,3168,2785,-0.128598247809762
"19699","19699",2890,2876,2480,-0.141868512110727
"19702","19702",2807,2911,2849,0.0149625935162095
"19703","19703",3353,3309,3150,-0.0605427974947808
"19704","19704",2305,2305,1816,-0.212147505422993
"19705","19705",8546,8503,7807,-0.0864732038380529
"19706","19706",3739,4139,3613,-0.0336988499598823
"19707","19707",2851,2868,2572,-0.0978603998596984
"19708","19708",3192,3171,3324,0.0413533834586466
"19709","19709",3994,3890,3610,-0.0961442163244867
"19710","19710",3250,3244,4207,0.294461538461538
"19711","19711",6303,6306,6206,-0.0153894970648897
"19713","19713",1747,1758,1860,0.0646823125357756
"19714","19714",2805,2784,2878,0.0260249554367201
"19715","19715",3267,2856,2877,-0.119375573921028
"19717","19717",1553,1474,1632,0.0508692852543464
"19718","19718",3190,3478,3629,0.137617554858934
"19719","19719",1961,1951,2282,0.163691993880673
"19721","19721",5333,5270,5197,-0.0255015938496156
"19722","19722",4195,3855,3820,-0.0893921334922527
"19723","19723",2887,2805,2854,-0.0114305507447177
"19725","19725",3307,3424,5383,0.627759298457817
"19726","19726",1787,1930,1846,0.0330162283156128
"19727","19727",2190,2190,2190,0
"19728","19728",5146,6031,5325,0.0347842984842596
"19729","19729",6203,5849,5899,-0.0490085442527809
"19730","19730",2839,2909,3018,0.0630503698485382
"19731","19731",2584,1795,1682,-0.349071207430341
"19732","19732",11471,11411,12281,0.0706128497951356
"19733","19733",2529,2555,2557,0.011071569790431
"19734","19734",2380,2383,2406,0.0109243697478992
"19738","19738",1435,1295,1287,-0.103135888501742
"19739","19739",3708,3720,3765,0.0153721682847896
"19740","19740",1987,2741,1972,-0.00754906894816306
"19741","19741",4231,4165,4615,0.0907586858898606
"19742","19742",5252,5182,5074,-0.0338918507235339
"19743","19743",5723,5734,5213,-0.0891141009959811
"19744","19744",4234,3722,3198,-0.244685876239962
"19745","19745",2045,2045,2067,0.0107579462102689
"19747","19747",3061,3156,2928,-0.0434498529892192
"19748","19748",7495,7379,6953,-0.0723148765843896
"19749","19749",3930,3653,3677,-0.0643765903307888
"19750","19750",2612,2609,2960,0.13323124042879
"19751","19751",3422,3562,3562,0.0409117475160725
"19754","19754",5808,6175,5216,-0.101928374655647
"19755","19755",2103,2113,2141,0.0180694246314788
"19756","19756",2921,3152,3075,0.0527216706607326
"19758","19758",2407,3028,2480,0.0303282093892813
"19761","19761",5425,5428,4999,-0.0785253456221198
"19762","19762",3132,3142,2893,-0.076309067688378
"19763","19763",1342,1284,1283,-0.0439642324888227
"19767","19767",4871,4805,5035,0.0336686512009854
"19768","19768",1952,1907,1693,-0.132684426229508
"19769","19769",3428,3406,3764,0.0980163360560093
"19770","19770",3784,3754,3808,0.00634249471458774
"19771","19771",4789,4862,4871,0.0171225725621215
"19773","19773",4411,4470,4538,0.0287916572205849
"19774","19774",9735,10006,10489,0.077452491011813
"19775","19775",2426,4146,2366,-0.0247320692497939
"19777","19777",10274,7665,7443,-0.275549931866848
"19778","19778",1951,1946,1789,-0.0830343413634034
"19779","19779",3904,3904,3834,-0.0179303278688525
"19780","19780",7789,9370,8362,0.0735652843754012
"19781","19781",1409,1394,1461,0.0369056068133428
"19783","19783",5015,4877,5042,0.00538384845463609
"19784","19784",3099,3168,3275,0.0567925137141013
"19785","19785",1111,1115,1111,0
"19786","19786",1901,1583,1274,-0.329826407154129
"19787","19787",4740,4930,4894,0.0324894514767932
"19789","19789",1527,1571,1580,0.0347085789129011
"19790","19790",4532,4281,4308,-0.0494263018534863
"19791","19791",3344,3553,2794,-0.164473684210526
"19792","19792",6296,5802,4157,-0.339739517153748
"19793","19793",2277,2358,2454,0.077733860342556
"19795","19795",3101,2981,3031,-0.0225733634311512
"19796","19796",1842,1969,2011,0.0917480998914224
"19797","19797",1939,1918,1888,-0.0263022176379577
"19798","19798",5879,7461,5707,-0.0292566763054941
"19799","19799",6034,6440,5328,-0.117003646005966
"19800","19800",4887,4849,3361,-0.312257008389605
"19802","19802",1738,1743,1660,-0.0448791714614499
"19803","19803",10939,10646,9929,-0.0923301947161532
"19804","19804",2917,2917,3243,0.111758656153582
"19805","19805",6648,6312,6453,-0.0293321299638989
"19806","19806",4267,4271,3839,-0.100304663698149
"19807","19807",2152,2150,2352,0.0929368029739777
"19808","19808",5064,5073,4536,-0.104265402843602
"19809","19809",2494,2489,2490,-0.00160384923817161
"19810","19810",12307,11806,10478,-0.148614609571788
"19811","19811",6194,6190,7172,0.157894736842105
"19812","19812",2595,2595,2595,0
"19813","19813",4533,4234,3824,-0.156408559452901
"19814","19814",1986,1985,2258,0.136958710976838
"19815","19815",5783,6351,5396,-0.0669202835898323
"19816","19816",3396,3361,3567,0.0503533568904594
"19817","19817",2137,2137,2194,0.0266729059429106
"19819","19819",5092,5086,5358,0.0522388059701493
"19820","19820",5311,5436,5097,-0.0402937299943513
"19821","19821",2316,2306,2649,0.143782383419689
"19822","19822",2539,2645,3012,0.186293816463174
"19823","19823",11554,11430,11302,-0.0218106283538169
"19824","19824",1523,1523,1467,-0.0367695338148391
"19825","19825",2366,2114,2660,0.124260355029586
"19826","19826",1846,1846,1688,-0.085590465872156
"19827","19827",3018,3018,2305,-0.236249171636846
"19828","19828",2969,3804,2579,-0.131357359380263
"19829","19829",1812,1772,2087,0.151766004415011
"19830","19830",1747,1875,1851,0.0595306239267315
"19831","19831",11115,10960,10027,-0.0978857399910032
"19832","19832",4810,4175,3670,-0.237006237006237
"19833","19833",6831,6624,5693,-0.166593470941297
"19834","19834",1533,1533,1532,-0.000652315720808871
"19835","19835",4987,4860,7082,0.420092239823541
"19836","19836",2122,2110,1970,-0.0716305372290292
"19837","19837",1519,1530,1508,-0.00724160631994733
"19838","19838",2741,2745,2564,-0.0645749726377235
"19839","19839",7851,7716,7124,-0.0925996688319959
"19840","19840",6410,6133,5638,-0.120436817472699
"19842","19842",2800,2923,3063,0.0939285714285714
"19844","19844",5295,5119,5218,-0.0145420207743154
"19845","19845",2901,2900,3075,0.0599793174767322
"19846","19846",1756,1551,1667,-0.0506833712984055
"19847","19847",3347,3326,3221,-0.037645652823424
"19848","19848",10039,9974,10244,0.0204203605936846
"19849","19849",1773,1774,1557,-0.121827411167513
"19851","19851",7607,6650,8172,0.0742736952806625
"19852","19852",2235,2234,4624,1.06890380313199
"19853","19853",1835,1755,1758,-0.0419618528610354
"19855","19855",3413,3413,3499,0.025197773220041
"19856","19856",5724,6056,4954,-0.134521313766597
"19857","19857",4517,4524,3855,-0.146557449634713
"19858","19858",2139,2139,2133,-0.00280504908835905
"19861","19861",2783,2733,2730,-0.0190441969098096
"19862","19862",4417,4053,4704,0.0649762282091918
"19863","19863",4536,4544,3276,-0.277777777777778
"19864","19864",2906,2195,2432,-0.163110805230557
"19865","19865",8257,8433,5072,-0.385733317185418
"19866","19866",7769,7770,7597,-0.0221392714635088
"19867","19867",2467,2467,2411,-0.0226996351844345
"19868","19868",4418,4456,4524,0.0239927569035763
"19869","19869",1593,1297,2139,0.342749529190207
"19870","19870",4470,4407,3231,-0.277181208053691
"19871","19871",2570,2573,3006,0.169649805447471
"19872","19872",4494,4565,4741,0.0549621717846017
"19874","19874",2571,2298,3035,0.1804745235317
"19875","19875",3906,3802,3648,-0.0660522273425499
"19876","19876",1876,1865,1359,-0.275586353944563
"19877","19877",4693,4590,4574,-0.0253569145535905
"19879","19879",2159,2161,1869,-0.134321445113478
"19880","19880",4297,4775,4678,0.0886665115196649
"19881","19881",2585,2659,3331,0.288588007736944
"19882","19882",1486,1484,1648,0.109017496635262
"19883","19883",1915,1915,1915,0
"19885","19885",2694,2682,2249,-0.165181885671863
"19886","19886",4120,4839,3576,-0.132038834951456
"19887","19887",2349,2349,2380,0.0131971051511281
"19888","19888",2785,4291,2617,-0.0603231597845601
"19889","19889",3153,3145,3109,-0.0139549635267999
"19890","19890",2985,3046,4680,0.5678391959799
"19891","19891",2293,2263,2256,-0.0161360662887048
"19892","19892",4548,4532,3502,-0.229991204925242
"19893","19893",3236,3354,3331,0.0293572311495674
"19894","19894",4382,4210,4627,0.0559105431309904
"19895","19895",3264,3263,3210,-0.0165441176470588
"19896","19896",4600,4704,4793,0.0419565217391304
"19897","19897",3049,3515,3448,0.130862577894392
"19899","19899",4831,5004,5001,0.0351894017801697
"19901","19901",2818,2816,3167,0.123846699787083
"19902","19902",2150,1992,1958,-0.0893023255813954
"19903","19903",4051,3869,3124,-0.228832387064922
"19904","19904",6796,7288,5946,-0.125073572689818
"19905","19905",921,914,925,0.00434310532030402
"19906","19906",4933,4626,3469,-0.296776809243868
"19907","19907",8332,8337,7567,-0.0918146903504561
"19908","19908",9087,9119,8510,-0.0634973038406515
"19909","19909",2917,4986,2971,0.01851217003771
"19910","19910",3450,3450,3330,-0.0347826086956522
"19911","19911",5727,5585,5628,-0.0172865374541645
"19912","19912",1828,1941,1738,-0.0492341356673961
"19913","19913",3398,3450,3276,-0.0359034726309594
"19914","19914",1999,1999,1974,-0.0125062531265633
"19915","19915",923,921,863,-0.0650054171180932
"19916","19916",6155,5395,5710,-0.0722989439480097
"19917","19917",3256,3293,3419,0.0500614250614251
"19918","19918",6790,7592,7289,0.0734904270986745
"19919","19919",2911,2913,2994,0.0285125386465132
"19920","19920",2850,2850,2661,-0.0663157894736842
"19922","19922",4916,4881,4802,-0.0231895850284784
"19923","19923",3862,3753,3525,-0.087260486794407
"19925","19925",1639,1499,1239,-0.24405125076266
"19926","19926",3203,5474,4735,0.478301592257259
"19927","19927",5150,5116,4965,-0.0359223300970874
"19928","19928",10335,10919,10147,-0.0181906144170295
"19929","19929",1681,1681,1616,-0.0386674598453302
"19930","19930",2573,2573,2571,-0.000777302759424796
"19931","19931",2822,2826,2618,-0.072289156626506
"19932","19932",1791,1625,1523,-0.14963707426019
"19935","19935",5089,5273,5158,0.0135586559245431
"19936","19936",3612,3610,3732,0.0332225913621262
"19937","19937",2947,3203,3342,0.134034611469291
"19939","19939",5271,5413,5375,0.0197306014039082
"19940","19940",8767,8787,6988,-0.202920041063077
"19943","19943",5916,5735,5383,-0.0900946585530764
"19944","19944",10318,10305,9755,-0.0545648381469277
"19945","19945",4357,3537,3655,-0.161120036722515
"19946","19946",7424,7242,9582,0.290678879310345
"19947","19947",6665,5223,5120,-0.231807951987997
"19948","19948",2337,2527,2477,0.0599058622165169
"19950","19950",1415,1343,1404,-0.00777385159010601
"19952","19952",3388,3449,3667,0.0823494687131051
"19953","19953",1625,1645,1646,0.0129230769230769
"19954","19954",2992,2988,2986,-0.00200534759358289
"19955","19955",6240,7592,6104,-0.0217948717948718
"19956","19956",3144,3185,3195,0.0162213740458015
"19957","19957",4028,3949,3701,-0.0811817279046673
"19958","19958",2703,2717,2382,-0.118756936736959
"19959","19959",2484,2484,2544,0.0241545893719807
"19960","19960",4472,4870,3920,-0.123434704830054
"19961","19961",6257,7475,5710,-0.0874220872622663
"19962","19962",3798,3102,3061,-0.194049499736704
"19964","19964",2804,2804,2902,0.0349500713266762
"19966","19966",2150,1509,2087,-0.0293023255813953
"19971","19971",1845,1832,1400,-0.241192411924119
"19973","19973",7537,7338,7336,-0.0266684357171288
"19974","19974",2686,2687,3458,0.287416232315711
"19975","19975",4630,3970,3948,-0.147300215982721
"19976","19976",8156,8217,7934,-0.0272192251103482
"19977","19977",3199,3198,3910,0.222256955298531
"19978","19978",3585,3594,3201,-0.107112970711297
"19979","19979",8542,8413,8272,-0.0316085225942402
"19980","19980",4803,4955,4355,-0.0932750364355611
"19981","19981",1752,1753,1637,-0.0656392694063927
"19982","19982",3052,2999,3210,0.0517693315858453
"19983","19983",5249,4606,5238,-0.00209563726424081
"19984","19984",6511,6701,6800,0.0443864229765013
"19985","19985",5939,5954,4639,-0.218892069371948
"19986","19986",1903,1916,2061,0.0830267997898056
"19987","19987",6100,6958,6191,0.0149180327868852
"19989","19989",1698,1697,2501,0.472909305064782
"19990","19990",7336,7217,6952,-0.0523446019629226
"19992","19992",1612,1606,1933,0.199131513647643
"19994","19994",8362,12103,10285,0.229968906960057
"19995","19995",4534,4574,4076,-0.101014556682841
"19997","19997",4308,4409,4549,0.0559424326833798
"19998","19998",2177,2177,1833,-0.158015617822692
"19999","19999",13090,13298,10408,-0.20488922841864
"20000","20000",2108,1925,1914,-0.0920303605313093
